tree
version=v4
num_class=1
num_tree_per_iteration=1
label_index=0
max_feature_idx=62
feature_names=Column_0 Column_1 Column_2 Column_3 Column_4 Column_5 Column_6 Column_7 Column_8 Column_9 Column_10 Column_11 Column_12 Column_13 Column_14 Column_15 Column_16 Column_17 Column_18 Column_19 Column_20 Column_21 Column_22 Column_23 Column_24 Column_25 Column_26 Column_27 Column_28 Column_29 Column_30 Column_31 Column_32 Column_33 Column_34 Column_35 Column_36 Column_37 Column_38 Column_39 Column_40 Column_41 Column_42 Column_43 Column_44 Column_45 Column_46 Column_47 Column_48 Column_49 Column_50 Column_51 Column_52 Column_53 Column_54 Column_55 Column_56 Column_57 Column_58 Column_59 Column_60 Column_61 Column_62
feature_infos=[-1.5:1.1378061983681889] [-0.65436659059380786:0.37818332788968589] [-0.91595253556856981:0.4727476562641445] [-0.6949436220004751:0.53554563964440327] [-0.41830715622796216:0.15287291393796099] [-0.62006089892967842:0.29326098727623578] [-1.2927303156792858:1.1859622320639676] [-0.57191221708296891:0.4450620246031094] [-0.76853110734661767:0.55628704271161178] [-0.56583777340716568:0.59755225284959013] [-0.29669085200381418:0.26629245430087212] [-0.55346769970560217:0.34177885370524153] [-4.91816062656134:3.7402130172069703] [0.69314718055994529:3.1780538303479458] [0.00018502514930423655:0.86983897412056044] [1:5] [0:5] [0:5] [0:1] [0:1] [-0.80578266874488313:0.76961512276859589] [0:1] [-0.68938184897695531:0.76961512276859589] [-3:2.1784027801996824] [0:24] [-2.3614184803726799:3.1176690778084382] [-75.649192810058594:16.799999237060547] [-77.407508850097656:14.32053279876709] [-113.28507995605469:13.934700965881348] [-65.764854431152344:82.94964599609375] [-216.87321472167969:32.5] [-67.799999237060547:237.32306671142578] [0:1] [-24.34213415781657:16.799999237060547] [-89.101097106933594:32.5] [-70.730913675257142:15.425550371408463] [-22.543879124940716:15.343613442964852] [-69.293544291953253:31.116615288425237] [0:1] [0:10] [0:9] [0:4] [0:6] [0:3] [1:12] [0:1] [2:1073] [2:13] [0:4] [0:3] [0:1] [0:1] [0:6.8359153177762106] [0:1] [0:1] [0:1] [-376.66642659300305:767.87290174073712] [0:14] [0:1] [-1.9870405153582997:4.0737801120379951] [-0.65236505429244473:0.99690377818022735] [0:1] [-2.068471261869778:3.4507250821578657]
tree_sizes=915 912 911 921 921 919 920 922 922 922 921 924 919 918 922 923 919 921 915 916 928 920 924 923 917 926 922 924 924 921 923 922 925 926 926 922 919 916 922 933 924 921 924 924 922 929 934 929 924 934 933 934 933 926 924 928 931 927 927 928 936 930 936 930 927 937 923 931 932 922 923 931 932 930 940 925 928 929 925 931 922 934 930 933 922 927 924 922 935 929 936 920 934 932 921 927 933 930 928 934 930 928 930 930 926 934 930 929 921 929 934 931 930 933 931 928 921 931 938 923 931 923 928 925 929 937 917 937 926 929 934 928 926 927 922 931 933 927 926 922 925 925 925 926 927 929 926 921 931 930 931 937 929 925 927 930 929 920 920 932 928 925 932 929 930 923 919 929 923 922 928 929 926 928 922 928 928 935 931 923 933 927 928 924 930 928 932 928 917 932 924 932 927 923 918 925 931 932 931 925 922 920 930 924 923 926 931 915 920 926 919 923 925 927 927 917 920 928 936 927 924 933 939 925 931 932 919 927 928 935 926 918 930 919 926 922 927 922 922 920 928 923 923 928 933 931 936 933 923 926 924 933 922 921 921 932 926 930 918 923 919 918 924 926 930 918 927 931 928 919 922 933 916 921 924 926 924 928 924 926 933 929 925 930 929 921 925 923 932 925 927 932 920 926 924 918 927 928 924 933 931 923 933 928 921 921 929 916 924 926 922 930 926 935 927 928 932 927 932 926 926 939 929 933 920 920 923 927 917 929 930 931 915 920 924 923 921 926 930 923 924 923 928 919 928 930 921 927 922 922 927 927 930 923 923 933 935 926 926 925 917 927 928 934 909 920 921 924 933 929 926 926 935 925 916 925 915 928 921 918 923 914 934 912 931 923 922 920 926 918 929 925 922 927 928 923 917 924 931 933

Tree=0
num_leaves=7
num_cat=0
split_feature=6 7 6 3 2 31
split_gain=11.3265 5.59773 1.86191 1.79824 0.988303 1.1017
threshold=0.21227061126140492 -0.01494515381067313 0.37550304012559343 -0.23163124171140265 -0.1165915880840432 7.9265663623809823
decision_type=2 2 2 2 2 8
left_child=1 -1 -2 -3 -5 -6
right_child=2 3 -4 4 5 -7
leaf_value=-0.0030684191575331031 0.0032866573487938789 -0.0022892609003347881 0.0082459110949231057 -0.00034162933870297645 0.00068050777014538584 0.0033900352683355192
leaf_weight=683.86630246530694 262.92855479870923 200.07249424763722 97.895328739337856 452.34608132645371 479.04128998698434 182.14030077474308
leaf_count=9830 2777 2875 1155 5034 4642 2494
internal_value=1.24239e-06 -0.000888571 0.00481824 0.000260877 0.000735369 0.00146631
internal_weight=2358.29 1997.47 360.824 1313.6 1113.53 661.182
internal_count=28807 24875 3932 15045 12170 7136
is_linear=0
shrinkage=0.03


Tree=1
num_leaves=7
num_cat=0
split_feature=6 7 6 9 8 20
split_gain=10.2139 4.49581 2.43473 1.93099 1.4936 0.922743
threshold=0.14691952287557722 -0.024296339439500818 0.3546491200014939 0.019194131823035285 0.19451386883150792 0.002904704351366368
decision_type=2 2 2 2 2 2
left_child=1 5 -2 4 -3 -1
right_child=2 3 -4 -5 -6 -7
leaf_value=-0.0041116925619847731 0.0023230908859777728 -0.0014934675769754143 0.0071083411052489283 0.0012116261671280474 0.0049435446528402066 -0.0014626495128620687
leaf_weight=393.4534535579005 454.03131402755389 633.32173893472645 118.63232193581644 544.94774715712992 24.534235115745105 189.54034702625358
leaf_count=5696 4850 7871 1403 5871 318 2887
internal_value=-3.21112e-05 -0.0011518 0.00341938 -9.70226e-05 -0.00118298 -0.00328964
internal_weight=2358.46 1785.8 572.664 1202.8 657.856 582.994
internal_count=28896 22643 6253 14060 8189 8583
is_linear=0
shrinkage=0.03


Tree=2
num_leaves=7
num_cat=0
split_feature=6 7 6 3 11 8
split_gain=9.58224 4.60191 1.93939 1.76295 1.12209 0.890209
threshold=0.14928644469166485 -0.022306093146754181 0.2839333464133148 -0.23579367695300846 0.10397286393941381 -0.036144091457412424
decision_type=2 2 2 2 2 2
left_child=1 -1 -2 -3 -5 -4
right_child=2 3 5 4 -6 -7
leaf_value=-0.0031919926974621972 0.0019515719425476957 -0.0026614020071643579 0.001230735831383045 0.00022715886970972956 0.0040849511285817241 0.006563641612692836
leaf_weight=598.49463904552977 356.1986434252467 177.13663767455728 39.787663871305995 948.56717954069609 63.223268834990449 167.3904520921642
leaf_count=8750 3809 2584 553 10599 686 1784
internal_value=7.10355e-06 -0.00107014 0.00338393 1.56929e-05 0.000505838 0.00564331
internal_weight=2350.8 1787.42 563.377 1188.93 1011.79 207.178
internal_count=28765 22619 6146 13869 11285 2337
is_linear=0
shrinkage=0.03


Tree=3
num_leaves=7
num_cat=0
split_feature=7 6 9 0 8 9
split_gain=8.88117 4.79651 1.82818 1.25792 1.03807 0.827111
threshold=-0.001962479975728917 0.27765657233332547 0.018497631410088426 -0.0025924371080919824 0.19451386883150792 -0.002457598009771272
decision_type=2 2 2 2 2 2
left_child=3 2 4 5 -2 -1
right_child=1 -3 -4 -5 -6 -7
leaf_value=-0.0042775406984000616 -0.00065093524783591938 0.005552555430777633 0.0019094380718537496 -0.0005245198731874364 0.0041505056778448381 -0.001991063365441843
leaf_weight=285.60147919200244 641.51637388963718 206.36807199503528 595.26075114615378 243.41789297419018 33.274963821517304 340.28172641221317
leaf_count=4624 7777 2237 6117 3136 403 4380
internal_value=7.56391e-06 0.00142128 0.000711866 -0.00238235 -0.000357017 -0.00308528
internal_weight=2345.72 1476.42 1270.05 869.301 674.791 625.883
internal_count=28674 16534 14297 12140 8180 9004
is_linear=0
shrinkage=0.03


Tree=4
num_leaves=7
num_cat=0
split_feature=0 0 9 9 23 52
split_gain=8.92538 3.96513 1.43391 1.26749 1.21739 0.976813
threshold=-0.014630576427836715 0.20294491771908416 0.019194131823035285 0.021400386569896155 0.54126911160559965 2.8062982233521478
decision_type=2 2 2 2 2 2
left_child=3 2 4 5 -2 -1
right_child=1 -3 -4 -5 -6 -7
leaf_value=-0.00032125800869963194 -0.00069834091272462698 0.0046067989301483642 0.0017331101067697091 -0.0010027473023539685 0.0048331630847143359 -0.0038098132995576972
leaf_weight=87.604369173990563 586.01236540850368 269.93480073651881 539.48886687419144 388.81885173346382 28.147741033521015 461.46379262997652
leaf_count=1377 7368 3026 5697 4612 300 6403
internal_value=-9.16635e-05 0.00140214 0.000619155 -0.00234992 -0.000371452 -0.00326891
internal_weight=2361.47 1423.58 1153.65 937.887 614.16 549.068
internal_count=28783 16391 13365 12392 7668 7780
is_linear=0
shrinkage=0.03


Tree=5
num_leaves=7
num_cat=0
split_feature=0 6 9 9 11 2
split_gain=8.66558 4.33291 1.77986 1.34197 1.01356 1.01139
threshold=-0.027407768367919357 0.2839333464133148 0.013738134376805588 -0.0031661544633715395 0.042479012333180931 -0.13655511993217193
decision_type=2 2 2 2 2 2
left_child=3 2 5 -1 -5 -2
right_child=1 -3 -4 4 -6 -7
leaf_value=-0.0035820970985138787 -0.002001357920347563 0.0052634377608793519 0.0018820195848056023 -0.0019753664007008441 0.0011179031260278253 0.00047813225495696589
leaf_weight=398.18910670190235 214.05636437819339 215.31281233014306 610.48635961159016 372.96847817927483 119.6397672854946 428.38391827291343
leaf_count=5957 3022 2387 6442 4543 1415 5036
internal_value=1.73592e-05 0.00143067 0.000735558 -0.00230213 -0.00121681 -0.000366028
internal_weight=2359.04 1468.24 1252.93 890.797 492.608 642.44
internal_count=28802 16887 14500 11915 5958 8058
is_linear=0
shrinkage=0.03


Tree=6
num_leaves=7
num_cat=0
split_feature=7 0 3 7 7 2
split_gain=8.59274 4.44404 1.99365 0.98819 0.977779 0.899359
threshold=-0.0029402134438834184 0.14422841370059833 -0.23163124171140265 0.11546825991610156 -0.094205255515775813 0.026380084200262725
decision_type=2 2 2 2 2 2
left_child=4 2 -2 -3 -1 -4
right_child=1 3 5 -5 -6 -7
leaf_value=-0.0040612032397305464 -0.0023529451502090465 0.0028855815774100181 0.00071241260587491181 0.0063162078572765916 -0.0016789853036442591 0.0036340681132441817
leaf_weight=209.90229557012208 175.47987114818534 236.12461242504651 870.71070179247181 133.31005981197814 640.43810426951677 97.848013049602741
leaf_count=3779 2547 2503 9402 1395 8110 1086
internal_value=8.98037e-05 0.00144297 0.000505124 0.00425736 -0.00230739 0.00104169
internal_weight=2363.81 1513.47 1144.04 369.435 850.34 968.559
internal_count=28822 16933 13035 3898 11889 10488
is_linear=0
shrinkage=0.03


Tree=7
num_leaves=7
num_cat=0
split_feature=7 6 2 14 9 9
split_gain=8.23279 4.02172 1.42431 1.12621 1.41579 0.897751
threshold=-1.0000000180025095e-35 0.22513068989428381 -0.13655511993217193 0.41689216548846814 0.054620536116935417 -0.00082418610306141105
decision_type=2 2 2 2 2 2
left_child=5 2 -2 4 -4 -1
right_child=1 -3 3 -5 -6 -7
leaf_value=-0.0032855960722441551 -0.00094047161986713734 0.0043525392550479176 0.00068097624010410285 -0.0029777933893307177 0.0035360208752228269 -0.0013381704787928208
leaf_weight=410.83836025581695 380.38105068536242 310.20413866848685 515.91902541363379 43.444162905216217 218.49893380049616 480.0168095928675
leaf_count=6433 4699 3258 5915 179 2325 6017
internal_value=-2.06914e-06 0.00137545 0.000547683 0.0012781 0.00156648 -0.00226277
internal_weight=2359.3 1468.45 1158.24 777.862 734.418 890.855
internal_count=28826 16376 13118 8419 8240 12450
is_linear=0
shrinkage=0.03


Tree=8
num_leaves=7
num_cat=0
split_feature=6 1 6 5 3 5
split_gain=7.54603 3.26033 1.7626 0.894786 0.820168 0.816745
threshold=0.14691952287557722 -0.01182816317343637 0.37550304012559343 0.00068336099121080543 -0.23579367695300846 0.0027459000353494182
decision_type=2 2 2 2 2 2
left_child=1 3 -2 -1 -3 -6
right_child=2 4 -4 -5 5 -7
leaf_value=-0.0027589842213759084 0.0020493152882278347 -0.0018792638901333962 0.0062942082341116883 -0.00017060518141416513 0.00010225753570993783 0.0024271782051772254
leaf_weight=709.21864761963661 479.99576635594713 128.87274598664953 104.21642509583035 145.96626770950388 609.8079391491774 165.38150338135893
leaf_count=9959 5122 1930 1199 1849 7055 1683
internal_value=-2.5401e-05 -0.00100768 0.00289973 -0.00232427 0.000249528 0.000622859
internal_weight=2343.46 1759.25 584.212 855.185 904.062 775.189
internal_count=28797 22476 6321 11808 10668 8738
is_linear=0
shrinkage=0.03


Tree=9
num_leaves=7
num_cat=0
split_feature=7 7 3 22 14 3
split_gain=6.9413 2.17709 1.2465 0.971885 0.806692 0.776714
threshold=0.0057023914885689121 0.11546825991610156 -0.051712593298061986 -0.01895770224706678 0.41689216548846814 -0.26014946038126202
decision_type=2 2 2 2 2 2
left_child=2 3 5 -2 -5 -1
right_child=1 -3 -4 4 -6 -7
leaf_value=-0.0043641069445641495 -0.00047048256819489726 0.0040977909728960801 0.00027745000466329389 0.0017401639678284431 -0.0022671255402454782 -0.0018502850651517897
leaf_weight=131.94871389784385 321.24816840345738 226.0571716153645 210.35478277498623 690.18468985304935 39.901824027299881 718.43488008587155
leaf_count=2286 3849 2244 2492 7752 164 9806
internal_value=4.52054e-06 0.00148888 -0.00178022 0.000894587 0.00149348 -0.00228653
internal_weight=2338.13 1277.39 1060.74 1051.33 730.087 850.384
internal_count=28593 14009 14584 11765 7916 12092
is_linear=0
shrinkage=0.03


Tree=10
num_leaves=7
num_cat=0
split_feature=7 7 2 9 7 22
split_gain=6.63324 2.31387 1.57228 1.31727 0.908068 0.822185
threshold=0.047088257852324976 -0.024296339439500818 -0.16575749757538991 0.049828790338510925 0.14447376871703269 0.11688548963342192
decision_type=2 2 2 2 2 2
left_child=1 5 -2 -3 -4 -1
right_child=2 3 4 -5 -6 -7
leaf_value=-0.0028826415830017441 -0.00036809060620649555 -0.00088512391555618103 0.0024152375412825147 0.0014196538635642328 0.0054975486379348773 0.00043880183689064435
leaf_weight=533.97074084063934 147.20116083353059 681.76416523091029 478.62858334602788 319.564411231142 109.12941694800975 73.724447618995328
leaf_count=7858 1817 8535 4766 3449 1079 1200
internal_value=4.30954e-05 -0.00103505 0.00238565 -0.000142812 0.00306993 -0.00247911
internal_weight=2343.98 1609.02 734.959 1001.33 587.758 607.695
internal_count=28704 21042 7662 11984 5845 9058
is_linear=0
shrinkage=0.03


Tree=11
num_leaves=7
num_cat=0
split_feature=0 6 8 1 2 23
split_gain=6.83765 3.19809 1.18822 0.97242 0.955927 0.792485
threshold=-0.014630576427836715 0.2839333464133148 -0.062003409775181824 -0.064998097854841549 -0.094184929927932828 0.28884852485858731
decision_type=2 2 2 2 2 2
left_child=3 2 -2 -1 -3 -4
right_child=1 4 5 -5 -6 -7
leaf_value=-0.0029544345039692562 -0.0014745491680325483 0.0022862728537664302 0.00073331537201374794 -0.00099700366227070398 0.0065441023583746238 0.0032353813594142391
leaf_weight=476.11001959617715 189.09407946991269 109.34666670346633 899.6308399727568 459.71391291249893 104.63525571388891 122.57805118395481
leaf_count=7303 2779 1224 10076 5199 1139 1207
internal_value=-3.33304e-05 0.00127184 0.000657014 -0.00201357 0.00456753 0.00106179
internal_weight=2361.11 1425.28 1211.3 935.824 213.982 1022.21
internal_count=28927 16425 14062 12502 2363 11283
is_linear=0
shrinkage=0.03


Tree=12
num_leaves=7
num_cat=0
split_feature=0 6 2 7 9 2
split_gain=6.2947 2.43143 1.17809 1.17585 1.09189 0.776536
threshold=-0.029467195393857944 0.27765657233332547 -0.13655511993217193 -0.024296339439500818 0.053452922039767745 -0.11763271990540462
decision_type=2 2 2 2 2 2
left_child=3 2 -2 -1 -4 -3
right_child=1 5 4 -5 -6 -7
leaf_value=-0.003038933269319641 -0.00067248058579131946 0.0014855403990281784 0.00051214038246288104 -0.00082241785981240919 0.0028312692571609531 0.005273797745430046
leaf_weight=470.62200263558771 413.10411143820966 87.347113784344401 568.44693497894332 408.46297588248854 263.47185053146677 140.45867819260457
leaf_count=7288 5269 1021 6479 4585 2695 1475
internal_value=-3.41413e-05 0.0011627 0.000626275 -0.00202987 0.00127152 0.00394482
internal_weight=2351.91 1472.83 1245.02 879.085 831.919 227.806
internal_count=28812 16939 14443 11873 9174 2496
is_linear=0
shrinkage=0.03


Tree=13
num_leaves=7
num_cat=0
split_feature=0 9 8 8 6 28
split_gain=5.28536 2.84214 1.44716 1.28074 1.03425 0.962935
threshold=0.14112463417121626 0.012879116896649135 0.13679565192452739 0.048540128218400418 0.37550304012559343 -2.9210505485534664
decision_type=2 2 2 2 2 10
left_child=1 2 -1 5 -2 -3
right_child=4 3 -4 -5 -6 -7
leaf_value=-0.0021523092614514523 0.0020307524917203648 0.0020933140675252438 0.0016917876667236994 0.0020097966835408198 0.0055228058968892612 -0.0008628436755108704
leaf_weight=909.53148983430583 313.38069938123226 112.78982430498581 90.123706069687614 318.95851795407361 102.65921401168453 508.34684361360269
leaf_count=12558 3368 1634 1147 3352 1169 5615
internal_value=-2.532e-05 -0.000686654 -0.00179242 0.000495661 0.00300183 -0.000301384
internal_weight=2355.79 1939.75 999.655 940.095 416.04 621.137
internal_count=28843 24306 13705 10601 4537 7249
is_linear=0
shrinkage=0.03


Tree=14
num_leaves=7
num_cat=0
split_feature=0 7 8 9 6 37
split_gain=5.93863 2.41025 1.43124 1.35871 1.19627 0.840404
threshold=0.083214486280649383 -0.041692553839618902 0.13126429684588323 0.019194131823035285 0.34516502136248206 6.5249114593697923
decision_type=2 2 2 2 2 8
left_child=1 -1 3 -3 -2 -5
right_child=4 2 -4 5 -6 -7
leaf_value=-0.0028416538993795439 0.0016928500747529431 -0.0016093728526112632 0.0022976852238444016 -0.00015107993520573269 0.0049304031444573322 0.0028097724824443599
leaf_weight=449.02565055796003 459.85208455281099 631.99601615569554 155.83221023611259 430.50387625177973 131.06520355326938 97.624549447791651
leaf_count=7065 4826 8037 1845 4610 1457 1028
internal_value=-9.71411e-05 -0.000969431 -0.000313986 -0.000681433 0.00248104 0.000438277
internal_weight=2355.9 1764.98 1315.96 1160.12 590.917 528.128
internal_count=28868 22585 15520 13675 6283 5638
is_linear=0
shrinkage=0.03


Tree=15
num_leaves=7
num_cat=0
split_feature=6 7 6 8 22 52
split_gain=5.32284 2.49261 1.21206 1.04357 0.913478 0.885104
threshold=0.14691952287557722 -0.022306093146754181 0.42817872027309073 0.16713640384014392 0.0068122318305574936 2.8062982233521478
decision_type=2 2 2 2 2 2
left_child=1 4 -2 5 -1 -3
right_child=2 3 -4 -5 -6 -7
leaf_value=-0.0031493599494203479 0.0019237979016681586 0.0016741501863806038 0.0060337582649731148 0.0031480720068642735 -0.00057246224266986492 -0.00060160511874551576
leaf_weight=400.79141176157282 520.90322599821957 174.18765342672123 68.248272250115406 78.918595164490398 184.61980053718435 926.32347696524812
leaf_count=5905 5555 2197 758 943 2878 10582
internal_value=4.79367e-05 -0.000777624 0.00249266 2.10041e-05 -0.00235995 -0.000229569
internal_weight=2353.99 1764.84 589.151 1179.43 585.411 1100.51
internal_count=28818 22505 6313 13722 8783 12779
is_linear=0
shrinkage=0.03


Tree=16
num_leaves=7
num_cat=0
split_feature=0 7 8 7 22 15
split_gain=4.81896 2.22187 1.20513 1.12905 0.944434 0.7736
threshold=0.083214486280649383 -0.024296339439500818 0.13126429684588323 0.11761119629030022 0.15006018664226201 1.5000000000000002
decision_type=2 2 2 2 2 2
left_child=1 4 5 -2 -1 -3
right_child=3 2 -4 -5 -6 -7
leaf_value=-0.0027110337038910338 0.001483815756732949 -6.5379693288536889e-05 0.0024331369423834289 0.0044437293205749125 0.0012686600532791665 -0.0023682228235127343
leaf_weight=504.99218270092388 425.02793579836725 922.57857653714018 145.30159081477905 159.94575674284715 54.06959898333298 143.19399513665121
leaf_count=7532 4644 10654 1720 1614 867 1727
internal_value=1.68772e-05 -0.000764424 -3.75892e-05 0.00235421 -0.00231061 -0.000393921
internal_weight=2355.11 1770.14 1211.07 584.974 559.062 1065.77
internal_count=28758 22500 14101 6258 8399 12381
is_linear=0
shrinkage=0.03


Tree=17
num_leaves=7
num_cat=0
split_feature=6 6 9 31 9 11
split_gain=5.39787 1.88483 1.47688 1.35069 0.962938 0.713329
threshold=-0.014368036262475412 0.3546491200014939 0.023160264872641351 7.317712515592576 0.011293716450440224 0.036884205039575034
decision_type=2 2 2 8 2 2
left_child=4 2 -2 -4 -1 -6
right_child=1 -3 3 -5 5 -7
leaf_value=-0.0029008025770122423 -0.00015643280853333308 0.0044093042755259547 0.00085985532171282215 0.0039181656311633919 -0.0015696036264733597 0.0012480996392500831
leaf_weight=434.96607367756951 779.18857507460052 127.25049005303299 439.09446032927372 179.69371482852148 297.92404368176358 101.26624733462813
leaf_count=6680 9491 1403 3994 2379 3683 1245
internal_value=-1.01605e-05 0.00104944 0.000714467 0.00179617 -0.00193709 -0.000841778
internal_weight=2359.38 1525.23 1397.98 618.788 834.156 399.19
internal_count=28875 17267 15864 6373 11608 4928
is_linear=0
shrinkage=0.03


Tree=18
num_leaves=7
num_cat=0
split_feature=1 6 31 6 5 3
split_gain=4.85331 1.95047 1.12982 1.04293 0.829673 0.823302
threshold=0.024322012077402141 -0.012751227613536238 7.317712515592576 0.3546491200014939 0.027608387302277302 -0.20798927901881123
decision_type=2 2 8 2 2 2
left_child=1 4 -3 -2 -1 -4
right_child=3 2 5 -5 -6 -7
leaf_value=-0.0022349956215652485 0.0016921955071974477 -0.00063999204359866183 -0.0013027649408405601 0.0049893889070925304 0.0009215728089972616 0.002188079749652037
leaf_weight=695.74412374608801 482.2348418738693 653.38748817017768 70.16415920300642 102.09573794569587 78.384382894961163 273.72945815778803
leaf_count=9972 4713 6851 1406 1086 999 3797
internal_value=-4.99237e-06 -0.000788172 9.11612e-05 0.00234255 -0.0019077 0.00145916
internal_weight=2355.74 1771.41 997.281 584.331 774.129 343.894
internal_count=28824 23025 12054 5799 10971 5203
is_linear=0
shrinkage=0.03


Tree=19
num_leaves=7
num_cat=0
split_feature=6 2 3 6 7 3
split_gain=4.73709 1.64845 1.34769 1.07278 0.71869 0.55944
threshold=0.033596478484694277 -0.11543308796091928 -0.15660684235148939 0.2839333464133148 -0.022306093146754181 -0.20593627706126608
decision_type=2 2 2 2 2 2
left_child=2 5 -1 -3 -4 -2
right_child=1 3 4 -5 -6 -7
leaf_value=-0.002514573736081003 -0.0016732427243122433 0.0016505797641831539 -0.0015893996211821886 0.0046709807811177251 0.00033341427943808896 0.00060258967291152484
leaf_weight=501.14470707831788 119.14840008330066 520.64593672967749 292.48785516322823 131.39905984702636 408.40187917285948 383.15207091125194
leaf_count=7526 1736 5498 3988 1366 4524 4202
internal_value=-2.93383e-05 0.00133737 -0.00134203 0.00232061 -0.000480064 4.06261e-05
internal_weight=2356.38 1154.35 1202.03 652.045 700.89 502.3
internal_count=28840 12802 16038 6864 8512 5938
is_linear=0
shrinkage=0.03


Tree=20
num_leaves=7
num_cat=0
split_feature=7 0 52 9 9 2
split_gain=4.32308 1.99936 1.22805 1.00227 0.66322 0.646359
threshold=-0.001962479975728917 0.1573830308231722 2.8062982233521478 0.022246164335343505 -0.00082418610306141105 -0.11225556738757382
decision_type=2 2 2 2 2 2
left_child=4 2 -2 5 -1 -4
right_child=1 -3 3 -5 -6 -7
leaf_value=-0.0025685256681925728 0.0025603961907406485 0.0029439827797299927 -0.0021103210171516838 0.00097270773735296781 -0.00086841194794727529 -7.3363285652263896e-06
leaf_weight=394.57919349495205 182.8051028237096 348.43177127299714 227.16946381851449 445.67611821956234 454.13763253259822 295.48236451228149
leaf_count=6322 2242 3599 2874 4504 5861 3390
internal_value=1.99868e-05 0.000986622 0.000373904 -6.08233e-05 -0.00167952 -0.000943853
internal_weight=2348.28 1499.56 1151.13 968.328 848.717 522.652
internal_count=28792 16609 13010 10768 12183 6264
is_linear=0
shrinkage=0.03


Tree=21
num_leaves=7
num_cat=0
split_feature=0 8 23 22 0 0
split_gain=3.96976 1.60534 1.01778 1.06217 0.838669 0.728504
threshold=-0.0025924371080919824 0.095559704429779041 0.22107084876638886 0.0028713686994363903 0.14112463417121626 0.33995153777885462
decision_type=2 2 2 2 2 2
left_child=2 4 3 -1 -2 -3
right_child=1 5 -4 -5 -6 -7
leaf_value=-0.0026048344356780799 2.4527186564877789e-06 0.0022887910422016329 0.00081135047584902356 -0.00027197573478794721 0.0018240718972827969 0.0067507797386635654
leaf_weight=535.5904648683063 785.27139795356197 268.18733770909603 148.04769818810746 262.79980058388901 310.24062503228197 33.00993579661008
leaf_count=7196 9266 3017 1847 3667 3341 382
internal_value=6.20531e-05 0.00107567 -0.0014294 -0.00184981 0.000530155 0.00297902
internal_weight=2343.15 1396.71 946.438 798.39 1095.51 301.197
internal_count=28716 16006 12710 10863 12607 3399
is_linear=0
shrinkage=0.03


Tree=22
num_leaves=7
num_cat=0
split_feature=7 3 2 3 15 34
split_gain=3.47273 1.55748 1.06726 0.79486 0.712363 0.679441
threshold=0.063548897146648478 -0.051712593298061986 -0.1142561060306924 -0.22930691976793957 1.5000000000000002 -4.1450734933217364
decision_type=2 2 2 2 2 10
left_child=1 2 -1 -2 -4 -3
right_child=3 5 4 -5 -6 -7
leaf_value=-0.0019005002964987124 -0.00064154817081312724 0.0033928872238156464 8.1962732832635692e-05 0.0024309506528245994 -0.002827085348964105 0.00033766150103021065
leaf_weight=737.4017377125856 84.913529331301106 78.851847949496005 627.28256462112768 493.01366736509954 76.089671210793313 259.65668820071733
leaf_count=10647 1071 1198 7501 4715 1010 2615
internal_value=-2.41465e-05 -0.000681318 -0.00111085 0.00197628 -0.000267952 0.00112628
internal_weight=2357.21 1779.28 1440.77 577.927 703.372 338.509
internal_count=28757 22971 19158 5786 8511 3813
is_linear=0
shrinkage=0.03


Tree=23
num_leaves=7
num_cat=0
split_feature=0 0 5 2 28 4
split_gain=3.68522 1.75376 1.0693 0.94091 0.907595 0.862235
threshold=-0.0025924371080919824 0.17888490667936299 0.0017932553426122143 -0.18451070515272663 -3.6651935577392574 -0.17982887452836147
decision_type=2 2 2 2 10 2
left_child=2 3 -1 -2 5 -5
right_child=1 -3 -4 4 -6 -7
leaf_value=-0.0017871281817185163 -0.0015507446214053507 0.0029733078066317767 0.00077564252504303639 -0.001762583855360434 0.00036715070939461809 0.0034968937206582618
leaf_weight=780.94091593808844 162.54305001080502 328.62227373779751 173.80236778932158 27.242201145389117 715.29019430512562 159.04170688625891
leaf_count=10716 2481 3557 2070 409 7385 2063
internal_value=0.000110321 0.00109146 -0.00131739 0.000488028 0.000868574 0.00267713
internal_weight=2347.48 1392.74 954.743 1064.12 901.574 186.284
internal_count=28681 15895 12786 12338 9857 2472
is_linear=0
shrinkage=0.03


Tree=24
num_leaves=7
num_cat=0
split_feature=6 7 3 14 6 31
split_gain=3.44914 1.71756 1.09303 0.785529 0.766484 0.718164
threshold=0.14691952287557722 -0.010409175482358155 -0.23799404904616359 0.33211752674945078 0.37550304012559343 7.9265663623809823
decision_type=2 2 2 2 2 8
left_child=1 -1 -3 5 -2 -4
right_child=4 2 3 -5 -6 -7
leaf_value=-0.0018251533539505227 0.0014015484985203477 -0.002169178237963081 0.00017540982093802816 -0.0018479324059753018 0.004170893486797742 0.0020553173553314649
leaf_weight=686.95958316265023 479.63673661413486 154.82711205389933 556.09173605500837 105.3724175915122 107.76086974411737 264.08579282817664
leaf_count=10131 5050 2259 5982 444 1191 3831
internal_value=-1.16246e-06 -0.000664008 8.4275e-05 0.000480392 0.00197091 0.00079818
internal_weight=2354.73 1767.34 1080.38 925.55 587.398 820.178
internal_count=28888 22647 12516 10257 6241 9813
is_linear=0
shrinkage=0.03


Tree=25
num_leaves=7
num_cat=0
split_feature=6 52 3 23 8 27
split_gain=3.49966 1.64056 1.50902 1.15583 1.05554 0.723252
threshold=0.15460027514352406 2.8062982233521478 -0.25472989118893463 -0.26931642933927419 0.097192998330246375 -0.50121590495109547
decision_type=2 2 2 2 2 10
left_child=1 -1 -3 -4 -2 -5
right_child=4 2 3 5 -6 -7
leaf_value=0.0013908508782018709 0.001182980177458994 -0.0035193756871271091 -0.0024881363591538865 0.00097370928331706969 0.0040912344708173903 -0.00074052701364111433
leaf_weight=283.18789592981921 418.22683342761593 186.79023252954357 249.59853457350982 300.47231885768997 151.0286529842997 765.67140449490398
leaf_count=3912 4406 3028 3413 4065 1559 8410
internal_value=-1.58229e-05 -0.000669821 -0.00106483 -0.000692452 0.00201188 -0.000252843
internal_weight=2354.98 1785.72 1502.53 1315.74 569.255 1066.14
internal_count=28793 22828 18916 15888 5965 12475
is_linear=0
shrinkage=0.03


Tree=26
num_leaves=7
num_cat=0
split_feature=6 1 20 6 18 4
split_gain=2.88313 1.60601 0.916168 0.848001 0.638673 0.707384
threshold=0.14691952287557722 -0.012945396903549381 -0.10552002898408182 0.37550304012559343 1.0000000180025095e-35 -0.19516478577889998
decision_type=2 2 2 2 2 2
left_child=1 2 -1 -2 5 -3
right_child=3 4 -4 -5 -6 -7
leaf_value=-0.0040905609180029879 0.0011634286609784694 -0.002081355467683984 -0.0011873419186930437 0.004061668722007335 -0.0022966841727714116 0.00072954981936418329
leaf_weight=106.65297772304621 485.96794668558869 80.123764665157069 733.24727011655341 106.6216720197699 73.995960011612624 773.18824989823042
leaf_count=1657 5064 1077 10077 1167 680 9137
internal_value=-4.98269e-05 -0.00065765 -0.00159979 0.00174364 0.00020365 0.000444561
internal_weight=2359.8 1767.21 839.9 592.59 927.308 853.312
internal_count=28859 22628 11734 6231 10894 10214
is_linear=0
shrinkage=0.03


Tree=27
num_leaves=7
num_cat=0
split_feature=0 6 9 31 9 2
split_gain=2.85295 1.29753 0.975434 1.06901 0.816429 0.777936
threshold=-0.029467195393857944 0.39977843176276384 0.013738134376805588 5.1086501479148874 -0.0031661544633715395 -0.11543308796091928
decision_type=2 2 2 8 2 2
left_child=4 2 5 -4 -1 -2
right_child=1 -3 3 -5 -6 -7
leaf_value=-0.002451738406260335 -0.0014252495797813527 0.0040969085187699374 0.00027755594596227257 0.0026612936602109041 -0.00058731466134469116 0.00055819089540045091
leaf_weight=379.30042553477688 298.1993978183018 86.701336974627338 401.50881717127049 286.17807425107458 481.22689145078766 412.30677592684515
leaf_count=5892 3990 966 3510 3620 5957 4897
internal_value=-6.27874e-05 0.000732545 0.00049631 0.00129346 -0.00142783 -0.000282486
internal_weight=2345.42 1484.89 1398.19 687.687 860.527 710.506
internal_count=28832 16983 16017 7130 11849 8887
is_linear=0
shrinkage=0.03


Tree=28
num_leaves=7
num_cat=0
split_feature=6 0 3 7 8 5
split_gain=2.94185 1.58212 1.16326 0.882841 0.869142 0.721599
threshold=-0.012751227613536238 0.38578905081195047 -0.046920834667263316 -0.094205255515775813 0.095559704429779041 0.025887583191324347
decision_type=2 2 2 2 2 2
left_child=3 2 4 -1 -2 -5
right_child=1 -3 -4 5 -6 -7
leaf_value=-0.0033667167447824159 -0.00037298082921830331 0.004939833696953575 0.0022065192907757569 -0.001362257150628553 0.0015568688843778482 0.0014618186766692288
leaf_weight=171.95785570220323 918.50565871142317 65.506673089403193 272.94782975132694 575.02250930445734 261.44958575788769 86.195377923781052
leaf_count=3301 10689 776 2810 7389 2860 950
internal_value=-8.27049e-05 0.00070244 0.000478929 -0.00150494 6.41172e-05 -0.000977821
internal_weight=2351.59 1518.41 1452.9 833.176 1179.96 661.218
internal_count=28775 17135 16359 11640 13549 8339
is_linear=0
shrinkage=0.03


Tree=29
num_leaves=7
num_cat=0
split_feature=7 6 9 52 8 20
split_gain=2.79163 1.53364 1.02759 0.80953 0.74255 0.707875
threshold=-0.022306093146754181 0.21227061126140492 0.10712654825184205 3.0368918406528054 0.19451386883150792 -0.11351986632622683
decision_type=2 2 2 2 2 2
left_child=5 2 3 -2 -5 -1
right_child=1 -3 -4 4 -6 -7
leaf_value=-0.0041769405952392005 0.0013011805677795685 0.0023845823312344579 0.0021238336572443088 -0.00076334806443743375 0.0028926863273301831 -0.0012160382649689535
leaf_weight=77.906236357521266 263.71147225570166 365.10010127103305 205.12477060605306 861.51345070850221 43.300274329725653 536.91124858395779
leaf_count=1287 3118 3708 2171 9957 494 8067
internal_value=6.94556e-05 0.00068415 0.000218227 -0.000131469 -0.000558679 -0.00165207
internal_weight=2353.57 1738.75 1373.65 1168.53 904.814 614.817
internal_count=28802 19448 15740 13569 10451 9354
is_linear=0
shrinkage=0.03


Tree=30
num_leaves=7
num_cat=0
split_feature=1 9 11 56 0 34
split_gain=2.97192 1.33536 0.873303 0.846365 0.787276 0.72252
threshold=0.023221575138359898 0.019971665516506028 0.039900740460618693 -10.052009047710678 0.41755904922386428 -7.9173260629177085
decision_type=2 2 2 2 2 10
left_child=1 3 5 -1 -2 -3
right_child=4 2 -4 -5 -6 -7
leaf_value=-0.00039868434331263093 0.0014240659258799679 0.0020247395323003533 0.0019782235668319927 -0.0021807619334487547 0.0052436401329486433 -0.00074811061081178913
leaf_weight=443.32019216453773 545.02215872949455 91.343128150765551 192.72450348746497 526.8445072931645 45.867570242466172 505.29262621625094
leaf_count=6611 5339 1317 2204 7193 501 5623
internal_value=-2.00779e-05 -0.000639002 0.000276136 -0.00137881 0.00180289 -0.000297217
internal_weight=2350.41 1759.52 789.36 970.165 590.89 596.636
internal_count=28788 22948 9144 13804 5840 6940
is_linear=0
shrinkage=0.03


Tree=31
num_leaves=7
num_cat=0
split_feature=7 5 2 3 12 3
split_gain=2.30504 1.07952 0.968559 0.762144 0.73571 0.556769
threshold=0.047088257852324976 0.0055287629911352281 -0.16575749757538991 -0.056960461322563376 1.2577383168645806 -0.036903327311502164
decision_type=2 2 2 2 2 2
left_child=1 3 -2 -1 -4 -3
right_child=2 5 4 -5 -6 -7
leaf_value=-0.0013346339458266379 -0.0007611496486302356 0.00045182407416390037 0.0026454757399049346 0.00040992344813186384 0.0004384736189128926 0.0040208603074921405
leaf_weight=1058.0063078384264 147.8838379959343 226.93879661729443 397.31604083435377 280.59157277451595 210.91114013642073 38.485407899483107
leaf_count=14775 1801 2753 4831 3256 1064 414
internal_value=2.10814e-05 -0.000622215 0.00137609 -0.000968619 0.00189964 0.00109652
internal_weight=2360.13 1604.02 756.111 1338.6 608.227 265.424
internal_count=28894 21198 7696 18031 5895 3167
is_linear=0
shrinkage=0.03


Tree=32
num_leaves=7
num_cat=0
split_feature=0 0 11 3 31 4
split_gain=2.17572 0.908917 0.774451 0.688075 0.703748 0.945712
threshold=-0.014630576427836715 0.19877137083195787 0.044593093684218661 -0.23163124171140265 7.1152036786079416 -0.17982887452836147
decision_type=2 2 2 2 8 2
left_child=2 3 -1 -2 -5 -6
right_child=1 -3 -4 4 5 -7
leaf_value=-0.0016516295732314301 -0.0013991137964080927 0.0021605302509578733 0.00042065834481988984 1.7711543384459201e-05 -0.0018153080138463011 0.0023846865395995482
leaf_weight=713.41529402387096 174.00598893890856 284.32001485707588 204.71014185014064 642.51412037468981 50.273266693198821 278.48572329734452
leaf_count=9700 2584 3072 2726 6244 752 3693
internal_value=-5.76666e-05 0.000672779 -0.00119003 0.000287935 0.000601352 0.0017078
internal_weight=2347.72 1429.6 918.125 1145.28 971.273 328.759
internal_count=28771 16345 12426 13273 10689 4445
is_linear=0
shrinkage=0.03


Tree=33
num_leaves=7
num_cat=0
split_feature=1 34 0 2 9 23
split_gain=2.28269 1.34163 0.849409 0.724222 0.703661 0.573671
threshold=0.0035984911791562724 -8.2285973876714689 0.0089314059507624739 -0.11850547258345376 -0.018018464067829792 0.63266730773961444
decision_type=2 10 2 2 2 2
left_child=1 3 4 -1 -3 -2
right_child=5 2 -4 -5 -6 -7
leaf_value=-0.0002754445568189679 0.0010590261888100163 -0.0023066984825544502 0.00070019315904770827 0.0027800584077177191 -0.0007377160661547629 0.0036217995737134875
leaf_weight=132.4181168411742 678.73000999770011 407.18401042485493 216.89843729222775 133.90010095466278 711.3583839572384 82.404036014835583
leaf_count=2444 6700 5961 2503 1982 8411 891
internal_value=3.76215e-05 -0.000604793 -0.000992688 0.00130582 -0.00132425 0.00137985
internal_weight=2362.89 1601.76 1335.44 266.318 1118.54 761.134
internal_count=28892 21301 16875 4426 14372 7591
is_linear=0
shrinkage=0.03


Tree=34
num_leaves=7
num_cat=0
split_feature=0 3 7 15 28 36
split_gain=2.095 1.25653 0.991516 0.754951 0.842189 0.668869
threshold=0.1601787610190519 -0.051712593298061986 -0.088231144514677701 1.5000000000000002 -1.5459287166595457 -2.0058977279372301
decision_type=2 2 2 2 10 10
left_child=1 2 -1 4 -4 -3
right_child=-2 5 3 -5 -6 -7
leaf_value=-0.0026911661442159153 0.002050209721578245 0.0036675004736211347 0.0011213013461624044 -0.0023215630327801579 -0.00063588217590390217 0.00053701417739770649
leaf_weight=191.2363503468514 379.86156100092921 68.650069156195968 321.70437313044386 158.47608958400087 935.9356771823077 302.86929904407589
leaf_count=3622 4012 832 4901 2043 10154 3260
internal_value=3.94772e-05 -0.000354868 -0.000718614 -0.000435232 -0.000181095 0.00119644
internal_weight=2358.73 1978.87 1607.35 1416.12 1257.64 371.519
internal_count=28824 24812 20720 17098 15055 4092
is_linear=0
shrinkage=0.03


Tree=35
num_leaves=7
num_cat=0
split_feature=6 2 52 3 22 8
split_gain=2.68489 1.52693 0.763548 0.650896 0.619573 0.614308
threshold=0.21227061126140492 -0.13253653980876137 1.0000000180025095e-35 -0.32870714367688664 0.029384385066503229 0.22276390062649312
decision_type=2 2 2 2 2 2
left_child=1 2 -1 -3 -2 -5
right_child=4 3 -4 5 -6 -7
leaf_value=0.00075973545110657472 0.0015382294983466614 -0.002857335579213356 -0.0018183799248591311 0.00025140990232168245 0.0044376715190335521 0.0035658469501281456
leaf_weight=115.74340859852964 300.79263903095853 47.780545863963198 684.81719762596185 1077.032246189774 84.219731155259069 42.937021549441852
leaf_count=1862 3096 694 9568 12221 892 484
internal_value=1.06775e-05 -0.000440251 -0.00144087 0.00025214 0.00226876 0.00040891
internal_weight=2353.32 1968.31 800.561 1167.75 385.012 1119.97
internal_count=28817 24829 11430 13399 3988 12705
is_linear=0
shrinkage=0.03


Tree=36
num_leaves=7
num_cat=0
split_feature=2 6 9 0 14 28
split_gain=2.01295 1.26767 1.05224 0.868328 0.728147 0.644423
threshold=-0.10929014770470145 1.0000000180025095e-35 0.021400386569896155 0.43448084034578766 0.41689216548846814 2.7218599319458012
decision_type=2 2 2 2 2 8
left_child=2 -2 -1 4 5 -3
right_child=1 3 -4 -5 -6 -7
leaf_value=-0.0016857212946189226 -0.00036766441934221652 0.0010678472283592744 0.00013795957959780605 0.0059940030880962286 -0.0023314809940780503 0.0033268201654390135
leaf_weight=647.85279539739713 466.56692819655291 527.44949471970904 499.57664282864425 29.58958848399925 36.831914737820625 142.07141802093247
leaf_count=9466 5788 5831 5772 318 152 1505
internal_value=-2.51345e-06 0.000851724 -0.000897381 0.00161935 0.00135498 0.0015891
internal_weight=2349.94 1202.51 1147.43 735.942 706.353 669.521
internal_count=28832 13594 15238 7806 7488 7336
is_linear=0
shrinkage=0.03


Tree=37
num_leaves=7
num_cat=0
split_feature=7 3 14 8 3 6
split_gain=2.10155 1.30382 1.21261 1.0999 0.661599 0.564343
threshold=-0.013141696447616433 -0.24017652027570083 0.41689216548846814 0.10313157407296163 -0.051712593298061986 0.24714019867514064
decision_type=2 2 2 2 2 2
left_child=-1 -2 3 4 -3 -5
right_child=1 2 -4 5 -6 -7
leaf_value=-0.0013935639211395533 -0.0015014433268571502 0.0002396607558979536 -0.002526226305173622 0.0018814330210512786 0.0019820087647411753 0.0051436380405375532
leaf_weight=697.63081965126912 227.95831147168064 809.9151178203465 78.183666400611401 213.75882538332371 250.31984318076866 62.410271027125418
leaf_count=10342 3243 9097 322 2343 2655 642
internal_value=-2.5651e-05 0.000560253 0.000900699 0.00111846 0.000665702 0.00277262
internal_weight=2340.18 1642.55 1414.59 1336.4 1060.23 276.169
internal_count=28644 18302 15059 14737 11752 2985
is_linear=0
shrinkage=0.03


Tree=38
num_leaves=7
num_cat=0
split_feature=6 6 20 31 23 30
split_gain=1.88886 0.947836 0.715628 0.695952 0.602587 0.582385
threshold=-0.014368036262475412 0.42817872027309073 -0.15702012805683677 7.317712515592576 0.23944426103619113 2.2075163125991826
decision_type=2 2 2 8 2 8
left_child=4 2 5 -4 -1 -2
right_child=1 -3 3 -5 -6 -7
leaf_value=-0.001425446788614297 -0.0025595883000052006 0.0038053218982668996 0.00030341586274302412 0.0018653211536941675 0.00092571652254891347 0.0007621253231696628
leaf_weight=709.18259122289601 106.95935299945995 72.218985366402194 934.03057649795664 346.85565225302707 106.57092256599572 73.788192042033188
leaf_count=10043 1497 765 9066 5013 1421 898
internal_value=4.75496e-05 0.000666801 0.000486924 0.000737543 -0.0011108 -0.00123467
internal_weight=2349.61 1533.85 1461.63 1280.89 815.754 180.748
internal_count=28703 17239 16474 14079 11464 2395
is_linear=0
shrinkage=0.03


Tree=39
num_leaves=7
num_cat=0
split_feature=1 37 20 2 9 52
split_gain=1.86808 1.18734 0.890873 0.743279 0.600704 0.585941
threshold=0.0035984911791562724 -2.6498647006591414 -0.14949389857316112 -0.12081888764433853 0.032635136624518356 1.0000000180025095e-35
decision_type=2 10 2 2 2 2
left_child=1 3 -3 -1 -2 -4
right_child=4 2 5 -5 -6 -7
leaf_value=-0.00044581433927751694 0.00054364032900911191 -0.003243191708878775 0.00099299616392224395 0.0022176765601844279 0.0022753644474807068 -0.00098298820729313206
leaf_weight=177.8645020648255 457.65595486320672 132.36431874617119 149.24404145561857 184.19708147356869 297.15596597001422 937.05836477893172
leaf_count=3457 4834 1749 1938 2938 2670 11078
internal_value=2.79291e-05 -0.000557996 -0.00100477 0.000932409 0.00124623 -0.000704932
internal_weight=2335.54 1580.73 1218.67 362.062 754.812 1086.3
internal_count=28664 21160 14765 6395 7504 13016
is_linear=0
shrinkage=0.03


Tree=40
num_leaves=7
num_cat=0
split_feature=1 8 52 30 10 5
split_gain=1.65041 1.16842 1.0738 0.728388 0.700954 0.687811
threshold=0.023221575138359898 0.2329794676934813 2.8062982233521478 -5.2573676109313956 -0.062668632259193613 0.00068336099121080543
decision_type=2 2 2 10 2 2
left_child=1 2 -1 4 -4 -5
right_child=-2 -3 3 5 -6 -7
leaf_value=0.0011240140867046192 0.0013464989501068448 0.0045330305341816203 -0.0023937342033314591 -0.0016552368316650691 0.00077268749891053819 0.00038836477432704984
leaf_weight=272.29709113939316 606.41415077348938 31.350260766514111 67.296326982614119 870.31044790602755 329.33754680532729 174.18985117139528
leaf_count=3876 5933 372 1247 10379 5146 1846
internal_value=1.1153e-05 -0.000457987 -0.000575079 -0.00090165 0.00018979 -0.00131398
internal_weight=2351.2 1744.78 1713.43 1441.13 396.634 1044.5
internal_count=28799 22866 22494 18618 6393 12225
is_linear=0
shrinkage=0.03


Tree=41
num_leaves=7
num_cat=0
split_feature=0 15 0 28 4 23
split_gain=1.72146 0.967056 0.716188 0.661919 0.743464 0.679912
threshold=-0.029467195393857944 1.5000000000000002 0.41755904922386428 3.9395006895065312 -0.098222960652091143 0.28231260672688802
decision_type=2 2 2 8 2 2
left_child=-1 2 3 5 -5 -2
right_child=1 -3 -4 4 -6 -7
leaf_value=-0.0010639933054272723 9.8354729773193414e-05 -0.0014135502179528313 0.0041553916199453351 0.00058064157668828904 0.004201081970736484 0.0021745151105028141
leaf_weight=864.59188009265927 902.97386363445548 177.58698310874752 48.380392279097578 115.21555613901 87.42147580429446 158.68677416059654
leaf_count=11916 10272 2116 550 1403 1009 1631
internal_value=-6.14918e-06 0.000610571 0.000893023 0.000736553 0.00226668 0.000426074
internal_weight=2354.86 1490.27 1312.68 1264.3 202.637 1061.66
internal_count=28897 16981 14865 14315 2412 11903
is_linear=0
shrinkage=0.03


Tree=42
num_leaves=7
num_cat=0
split_feature=0 2 34 52 7 10
split_gain=1.91121 1.07096 0.902482 0.845892 0.638677 0.608891
threshold=0.14112463417121626 -0.11959522346948258 -7.7673374439279232 2.8062982233521478 0.11546825991610156 -0.062668632259193613
decision_type=2 2 10 2 2 2
left_child=1 3 5 -1 -2 -3
right_child=4 2 -4 -5 -6 -7
leaf_value=0.00089377074788982646 0.00093781448876269528 -0.0015589772585718877 -8.5684452678677937e-05 -0.0015375839172099774 0.0033745982241459626 0.003176622687409052
leaf_weight=148.45269053243101 288.76418306509731 23.472797897440614 893.23941198454122 743.12223767818068 145.3530657144147 124.41845083798398
leaf_count=2216 3143 387 9792 10072 1427 1825
internal_value=3.59686e-05 -0.000370076 0.000282952 -0.00112733 0.00181132 0.00237387
internal_weight=2366.82 1932.71 1041.13 891.575 434.117 147.891
internal_count=28862 24292 12004 12288 4570 2212
is_linear=0
shrinkage=0.03


Tree=43
num_leaves=7
num_cat=0
split_feature=0 8 9 22 26 6
split_gain=1.74466 0.983812 0.929574 0.660594 0.550648 0.544506
threshold=0.035709513836648894 0.24367011894370341 -0.0016082998577582328 0.015929875260226375 -7.423064947128295 0.42817872027309073
decision_type=2 2 2 2 10 2
left_child=1 2 -1 5 -4 -2
right_child=3 -3 4 -5 -6 -7
leaf_value=-0.0014627284613493432 0.00035745873350291217 0.0045448089833398653 0.001795708049091755 0.0027058936071371405 -0.000298181279851592 0.0033631865037715867
leaf_weight=677.10470937904029 522.45657261580345 23.835157168039586 122.18780575087294 188.41169122006977 770.09643965214491 51.016722652071621
leaf_count=10059 5393 289 1457 1989 9047 550
internal_value=3.63239e-05 -0.000528006 -0.000633338 0.00120798 5.27611e-06 0.000677909
internal_weight=2355.11 1593.22 1569.39 761.885 892.284 573.473
internal_count=28784 20852 20563 7932 10504 5943
is_linear=0
shrinkage=0.03


Tree=44
num_leaves=7
num_cat=0
split_feature=7 8 0 52 22 22
split_gain=1.80382 1.13977 0.881878 0.73416 0.607963 0.527072
threshold=-0.023158007009433903 0.12165802386662701 0.14112463417121626 3.0368918406528054 0.12146480188728123 -0.0023332370144698851
decision_type=2 2 2 2 2 2
left_child=4 2 3 -2 -1 -3
right_child=1 5 -4 -5 -6 -7
leaf_value=-0.001705942053544057 0.0011860930988853147 0.00039974409004805327 0.0015571142995088967 -0.0006060696850058785 0.0011007641226401465 0.00313814355455396
leaf_weight=528.01827546174172 256.93930608619121 98.027541235031094 321.94704248191556 889.32719267366338 72.786306753579993 186.73872951627709
leaf_count=8045 2998 1153 3233 10219 1180 1963
internal_value=5.17464e-05 0.000538303 0.000195127 -0.000197567 -0.00135346 0.00224102
internal_weight=2353.78 1752.98 1468.21 1146.27 600.805 284.766
internal_count=28791 19566 16450 13217 9225 3116
is_linear=0
shrinkage=0.03


Tree=45
num_leaves=7
num_cat=0
split_feature=1 11 20 3 15 28
split_gain=1.52821 0.82073 0.733472 0.575222 0.522148 0.54663
threshold=-0.01182816317343637 0.037777189969819207 -0.037212069704631222 -0.25472989118893463 1.5000000000000002 -1.0018556118011472
decision_type=2 2 2 2 2 10
left_child=3 4 -3 -1 5 -2
right_child=1 2 -4 -5 -6 -7
leaf_value=-0.0027211546146835922 0.0015746020872386868 -0.00021596433910844602 0.002626870783870491 -0.00059336853239822852 -0.0014819750410890681 -2.6809268761311217e-05
leaf_weight=124.99131865004892 267.37499138395651 112.76644409287837 273.22244414608576 820.50997706982889 133.55810177628882 621.00540995137999
leaf_count=2268 3753 1321 2864 10880 1595 6107
internal_value=2.72628e-05 0.000652053 0.00181186 -0.000900188 0.00020068 0.000467328
internal_weight=2353.43 1407.93 385.989 945.501 1021.94 888.38
internal_count=28788 15640 4185 13148 11455 9860
is_linear=0
shrinkage=0.03


Tree=46
num_leaves=7
num_cat=0
split_feature=0 34 5 20 2 20
split_gain=1.61239 1.11401 0.891769 0.777817 0.620518 0.597735
threshold=0.0089314059507624739 -8.0792526404062901 0.00068336099121080543 -0.041598362336024895 -0.12081888764433853 0.15982359406972871
decision_type=2 10 2 2 2 2
left_child=1 4 5 -2 -1 -3
right_child=3 2 -4 -5 -6 -7
leaf_value=-0.00036236907389916616 -0.00050613682880195504 -0.0015344795102210829 0.00077364471604577203 0.0015796243139932027 0.0025109115876410979 0.00098886202533029132
leaf_weight=121.38399216791731 208.45611732781981 926.21788659048616 218.07518929115031 639.94264223560458 136.73408860707423 86.115979635738768
leaf_count=2259 2359 11930 2478 6559 2023 1184
internal_value=3.05978e-05 -0.00056341 -0.000939297 0.00106722 0.00119659 -0.00131225
internal_weight=2336.93 1488.53 1230.41 848.399 258.118 1012.33
internal_count=28792 19874 15592 8918 4282 13114
is_linear=0
shrinkage=0.03


Tree=47
num_leaves=7
num_cat=0
split_feature=2 6 34 3 22 7
split_gain=1.4048 1.07829 0.753659 0.703734 0.607467 0.484273
threshold=-0.1165915880840432 0.37550304012559343 -8.5808756649494153 -0.24634530830360155 -0.14753389486810836 -0.050483975330457391
decision_type=2 2 10 2 2 2
left_child=3 2 -2 -1 -4 -5
right_child=1 -3 4 5 -6 -7
leaf_value=-0.0025256361594621127 0.0023867809652169049 0.0040084956422791881 -0.0018259531912597001 -0.0016987373346884866 0.00038730113853896225 -8.3136535847424942e-05
leaf_weight=172.52465486945584 142.43146721052472 70.447429464955349 116.46403598520556 210.52459045991418 942.65704911679495 692.40673958108528
leaf_count=2991 2120 707 1379 3481 10119 7877
internal_value=-2.95481e-05 0.000643012 0.000414236 -0.000823617 0.000129123 -0.000474306
internal_weight=2347.46 1272 1201.55 1075.46 1059.12 902.931
internal_count=28674 14325 13618 14349 11498 11358
is_linear=0
shrinkage=0.03


Tree=48
num_leaves=7
num_cat=0
split_feature=6 58 14 9 15 55
split_gain=1.52742 0.904779 0.92644 0.997858 0.632297 0.694924
threshold=-0.028794057698837819 0.29285714285714287 0.41689216548846814 0.071290258527144088 1.5000000000000002 1.0000000180025095e-35
decision_type=2 2 2 2 2 2
left_child=-1 2 3 4 5 -2
right_child=1 -3 -4 -5 -6 -7
leaf_value=-0.00098330421347096069 -0.00010890903259457 0.0030020052831761911 -0.0026843787744828367 0.0019981594106523019 -0.0017619764989621777 0.001653528712544376
leaf_weight=744.33009562180087 662.72380626702216 125.39320258356747 71.424771644175053 340.80830363987479 126.12079800589709 278.5289955289918
leaf_count=10703 7964 1229 294 3588 1624 3358
internal_value=0.000131857 0.000651908 0.000433926 0.000609904 0.000152207 0.000424519
internal_weight=2349.33 1605 1479.61 1408.18 1067.37 941.253
internal_count=28760 18057 16828 16534 12946 11322
is_linear=0
shrinkage=0.03


Tree=49
num_leaves=7
num_cat=0
split_feature=0 22 23 5 15 2
split_gain=1.47645 0.814803 0.68955 0.588421 0.533808 0.541254
threshold=-0.0025924371080919824 -0.12587689503365776 0.5295405301742796 0.0017932553426122143 1.5000000000000002 -0.18451070515272663
decision_type=2 2 2 2 2 2
left_child=1 -1 4 -3 5 -2
right_child=2 3 -4 -5 -6 -7
leaf_value=-0.0033094656474294019 -0.00078764301232247505 -0.00092982107429620206 0.0031108402455836408 0.0010542136183957173 -0.0011477968659323458 0.00097018081214398201
leaf_weight=99.865141827292973 179.82428083766717 686.29083814568003 86.208406675956212 157.92469218501355 152.37382830178831 976.33140889104106
leaf_count=1514 2661 9460 921 1846 1869 10369
internal_value=3.67549e-05 -0.000874132 0.000655156 -0.000550678 0.000471005 0.000692366
internal_weight=2338.82 944.081 1394.74 844.216 1308.53 1156.16
internal_count=28640 12820 15820 11306 14899 13030
is_linear=0
shrinkage=0.03


Tree=50
num_leaves=7
num_cat=0
split_feature=0 3 52 23 3 34
split_gain=1.39009 0.939065 0.702227 0.635032 0.65651 0.55027
threshold=0.14772161302620671 -0.051712593298061986 1.0000000180025095e-35 -0.3644040733724892 -0.24816425061319755 -2.9125622212886806
decision_type=2 2 2 2 2 10
left_child=1 2 -1 -4 -5 -3
right_child=-2 5 3 4 -6 -7
leaf_value=0.0008724888355279123 0.0015630779617585816 0.0026524275808268122 -0.0023618163258933744 -0.0022199390374520417 -0.00028968995177584448 0.00020172863680861751
leaf_weight=222.63345244701486 410.45204366854159 113.29061946648289 219.2369750214857 181.67915637575788 943.63422436072142 254.59940956742503
leaf_count=3205 4305 1591 3277 2796 11072 2446
internal_value=-1.11389e-06 -0.000339228 -0.000659543 -0.000917788 -0.000618133 0.00100663
internal_weight=2345.53 1935.07 1567.18 1344.55 1125.31 367.89
internal_count=28692 24387 20350 17145 13868 4037
is_linear=0
shrinkage=0.03


Tree=51
num_leaves=7
num_cat=0
split_feature=52 3 1 37 58 14
split_gain=1.15579 1.04087 0.794878 0.663255 0.641041 0.542448
threshold=1.0000000180025095e-35 -0.25250546061850243 0.077057259861105495 -3.2546620775876494 0.29285714285714287 0.48849821440016178
decision_type=2 2 2 10 2 2
left_child=-1 -2 3 -3 5 -5
right_child=1 2 -4 4 -6 -7
leaf_value=0.0017192064788000049 -0.0019661468313181382 0.0011272177223149923 0.0018074625418314867 -0.00053901534880120981 0.0015513048281041472 -0.0041115426159185741
leaf_weight=329.11904428777052 244.79066320785205 287.86098329073866 202.28078082483262 1117.4446463948407 120.94815876026405 29.965401098132133
leaf_count=4416 3858 4442 1944 12623 1256 125
internal_value=9.93057e-05 -0.000174044 8.51314e-05 -0.000148852 -0.000445015 -0.000667032
internal_weight=2332.41 2003.29 1758.5 1556.22 1268.36 1147.41
internal_count=28664 24248 20390 18446 14004 12748
is_linear=0
shrinkage=0.03


Tree=52
num_leaves=7
num_cat=0
split_feature=1 52 14 2 22 5
split_gain=1.47282 1.06737 0.939949 0.699358 0.669978 0.603113
threshold=-0.012945396903549381 1.0000000180025095e-35 0.345072640167506 -0.14267494573029263 -0.12587689503365776 0.0017932553426122143
decision_type=2 2 2 2 2 2
left_child=4 -2 3 -3 -1 -6
right_child=1 2 -4 -5 5 -7
leaf_value=-0.0030554569239615017 0.0026798593371172934 -0.00059152657226559276 -0.0020850022614441431 0.0010873763994053058 -0.00092254412896047497 0.0011307977512833461
leaf_weight=99.620093621488195 196.20982876594644 302.29210038532619 119.15191723406315 790.62318523449358 688.69276994136453 148.8831839497434
leaf_count=1584 2368 3883 497 8947 9628 1843
internal_value=7.18885e-05 0.000683351 0.000340871 0.000621852 -0.000844439 -0.000548517
internal_weight=2345.47 1408.28 1212.07 1092.92 937.196 837.576
internal_count=28750 15695 13327 12830 13055 11471
is_linear=0
shrinkage=0.03


Tree=53
num_leaves=7
num_cat=0
split_feature=2 0 11 52 0 4
split_gain=1.32701 0.903188 0.727008 0.683468 0.572466 0.483674
threshold=-0.11959522346948258 0.43448084034578766 0.042479012333180931 2.8062982233521478 0.085836453219240508 -0.058061546135887508
decision_type=2 2 2 2 2 2
left_child=3 2 -2 -1 5 -5
right_child=1 -3 -4 4 -6 -7
leaf_value=0.00086502295496517238 8.6402319332792553e-06 0.0049255008842307765 0.0015626449446787031 -0.0019635672860379891 0.00033083906530895961 -3.4143259357572977e-05
leaf_weight=176.08008189551765 889.12277485636878 32.758274047140731 379.764895671251 528.84717514785007 182.14337693015113 149.79925020234077
leaf_count=2537 10095 350 4198 7473 2045 1973
internal_value=-4.91714e-06 0.00063084 0.00048232 -0.000801424 -0.00114833 -0.00154436
internal_weight=2338.52 1301.65 1268.89 1036.87 860.79 678.646
internal_count=28671 14643 14293 14028 11491 9446
is_linear=0
shrinkage=0.03


Tree=54
num_leaves=7
num_cat=0
split_feature=8 7 52 9 3 0
split_gain=1.23891 0.736935 0.630002 0.569955 0.51243 0.499583
threshold=0.097192998330246375 -0.090108007783338176 3.2580117037813596 0.13214681248255802 -0.23579367695300846 0.19077150499653314
decision_type=2 2 2 2 2 2
left_child=1 -1 -3 5 -4 -2
right_child=3 2 4 -5 -6 -7
leaf_value=-0.0020314094898250504 0.00038507230422031114 0.0008383661784732556 -0.0018270382913617206 0.0040033110425809577 -0.00020940204984602921 0.0030399197386561604
leaf_weight=199.07213227613829 321.57267856739054 429.47358295242884 201.77071190113202 55.35792570549529 1072.1241784351005 70.825641774485121
leaf_count=3826 3694 5064 2917 568 12056 778
internal_value=-1.47244e-05 -0.000350224 -0.000143035 0.00138727 -0.000477852 0.000927894
internal_weight=2350.2 1902.44 1703.37 447.756 1273.89 392.398
internal_count=28903 23863 20037 5040 14973 4472
is_linear=0
shrinkage=0.03


Tree=55
num_leaves=7
num_cat=0
split_feature=52 1 37 0 5 2
split_gain=1.473 1.04794 0.808438 0.522888 0.519621 0.415846
threshold=1.0000000180025095e-35 0.024322012077402141 -2.6498647006591414 0.41755904922386428 1.0000000180025095e-35 -0.12081888764433853
decision_type=2 2 10 2 2 2
left_child=-1 2 5 -3 -4 -2
right_child=1 3 4 -5 -6 -7
leaf_value=0.0019183158565678042 -0.00044403941944539142 0.0006042246397201114 -0.0012839455440868943 0.0038032698533367751 0.00035510961751992803 0.001625068521710129
leaf_weight=326.14102259260835 158.23484164488036 472.25770560128149 965.38292464063852 41.851411051029572 207.31843345295056 176.34826494459412
leaf_count=4336 2965 4565 11553 449 2209 2681
internal_value=7.90574e-05 -0.00022568 -0.000624168 0.000932243 -0.000993629 0.000662034
internal_weight=2347.53 2021.39 1507.28 514.109 1172.7 334.583
internal_count=28758 24422 19408 5014 13762 5646
is_linear=0
shrinkage=0.03


Tree=56
num_leaves=7
num_cat=0
split_feature=2 23 34 52 20 58
split_gain=1.38005 0.729212 0.681282 0.606427 0.482868 0.473137
threshold=-0.11763271990540462 0.245586642064929 -9.9325851599375401 1.0000000180025095e-35 0.0043307098246635764 0.41428571428571431
decision_type=2 2 10 2 2 2
left_child=3 2 -2 -1 -5 -4
right_child=1 -3 5 4 -6 -7
leaf_value=0.0009631528864120257 0.0023223976944529586 0.0022525620797060409 -7.8851706976988299e-05 -0.0014904751179279177 -9.2888238150080849e-07 0.0027769036588943178
leaf_weight=152.85121070969035 131.4342070636485 219.04975499361171 891.3019433223817 627.43757273076335 282.76691748137819 45.435361042560544
leaf_count=2300 1868 2289 9871 8238 3748 450
internal_value=5.66792e-05 0.000714824 0.000381513 -0.000739483 -0.00103277 8.75316e-05
internal_weight=2350.28 1287.22 1068.17 1063.06 910.204 936.737
internal_count=28764 14478 12189 14286 11986 10321
is_linear=0
shrinkage=0.03


Tree=57
num_leaves=7
num_cat=0
split_feature=23 2 6 11 14 20
split_gain=1.34689 1.10052 0.816128 0.77245 0.68537 0.63164
threshold=0.63266730773961444 -0.1142561060306924 0.38622876974382253 0.060170914686573783 0.27548671182333734 0.021860985921721681
decision_type=2 2 2 2 2 2
left_child=1 5 3 4 -3 -1
right_child=-2 2 -4 -5 -6 -7
leaf_value=-0.0013062726708813993 0.0034081994798477442 0.00025414574527434772 0.0036693352318143361 0.0017600604919959543 -0.0018396577618194467 0.00033741372430849638
leaf_weight=774.64263533128542 88.993795005517313 740.67294775354094 57.199546478310367 234.29737566888798 163.22234683483839 282.69597620010609
leaf_count=10391 1048 9596 562 2588 723 3879
internal_value=-1.70686e-05 -0.000166848 0.000455177 0.000263099 -0.000139939 -0.000867764
internal_weight=2341.72 2252.73 1195.39 1138.19 903.895 1057.34
internal_count=28787 27739 13469 12907 10319 14270
is_linear=0
shrinkage=0.03


Tree=58
num_leaves=7
num_cat=0
split_feature=6 22 7 58 31 4
split_gain=1.00121 0.716913 0.57438 0.566407 0.552494 0.792638
threshold=0.27765657233332547 -0.14994107937907061 -0.094205255515775813 0.63333333333333341 4.6672953963279733 -0.10720244249852172
decision_type=2 2 2 2 8 2
left_child=1 -1 -3 4 -4 -6
right_child=-2 2 3 -5 5 -7
leaf_value=-0.0018206116855183979 0.0018055526049622927 -0.00158367705379357 -0.00042272593453287935 0.0036739403826336219 -0.00027154531474828141 0.0016627509409546171
leaf_weight=214.08227173530031 236.12152010260615 181.62188262376003 930.66235387464985 30.049715266388375 389.69034426525468 358.87833480849804
leaf_count=3039 2452 3441 8889 286 5649 4972
internal_value=-5.41531e-06 -0.000216133 -2.58564e-05 0.00014792 6.34468e-05 0.000665489
internal_weight=2341.11 2104.98 1890.9 1709.28 1679.23 748.569
internal_count=28728 26276 23237 19796 19510 10621
is_linear=0
shrinkage=0.03


Tree=59
num_leaves=7
num_cat=0
split_feature=52 3 8 23 9 0
split_gain=1.16478 0.998438 0.746499 0.514488 0.511143 0.416857
threshold=1.0000000180025095e-35 -0.25472989118893463 0.066524318372966032 -0.26931642933927419 0.12908096951106515 0.19877137083195787
decision_type=2 2 2 2 2 2
left_child=-1 -2 3 -3 5 -4
right_child=1 2 4 -5 -6 -7
leaf_value=0.0016305798476935012 -0.0020486156545420943 -0.0015696816742939959 9.1962382987000605e-05 -9.0565532913549997e-05 0.0032049306718793841 0.0024753721995442058
leaf_weight=331.61466939022648 237.43107773523661 256.23561756662093 351.45170236026752 1039.1150367180817 68.180916060460731 71.570095413713716
leaf_count=4371 3805 3564 3801 11878 716 720
internal_value=9.69763e-06 -0.000262583 -1.5139e-05 -0.000392936 0.00096911 0.000543059
internal_weight=2355.6 2023.98 1786.55 1295.35 491.203 423.022
internal_count=28855 24484 20679 15442 5237 4521
is_linear=0
shrinkage=0.03


Tree=60
num_leaves=7
num_cat=0
split_feature=52 58 0 23 34 14
split_gain=1.05052 0.900243 0.833904 0.474398 0.469588 0.559162
threshold=1.0000000180025095e-35 0.13392857142857145 -0.019616444365638138 0.18724602542621951 -2.8756752585371332 0.24053669836165584
decision_type=2 2 2 2 10 2
left_child=-1 2 -2 4 5 -4
right_child=1 -3 3 -5 -6 -7
leaf_value=0.0015097708116740124 -0.0014985233113918228 0.0010194991419381402 0.00099261571245865508 0.0013346421193580198 -0.0009160720772681658 -0.0020474903787130816
leaf_weight=328.56607346524834 582.69892329184222 372.25911593646742 300.47591087361798 165.61227052664617 544.59045926120598 56.372895903885365
leaf_count=4383 7969 4260 4787 1688 5435 264
internal_value=-3.75684e-05 -0.000295196 -0.000596206 -9.41273e-05 -0.000368384 0.000469636
internal_weight=2350.58 2022.01 1649.75 1067.05 901.439 356.849
internal_count=28786 24403 20143 12174 10486 5051
is_linear=0
shrinkage=0.03


Tree=61
num_leaves=7
num_cat=0
split_feature=7 11 58 14 3 8
split_gain=0.975772 0.829981 0.658223 0.655304 0.737369 0.422212
threshold=-0.090108007783338176 0.037777189969819207 0.41428571428571431 0.41689216548846814 -0.051712593298061986 0.039960297262566211
decision_type=2 2 2 2 2 2
left_child=-1 2 3 4 -2 -6
right_child=1 -3 -4 -5 5 -7
leaf_value=-0.0019907049135551658 -0.0006087095367599732 0.001047986423882889 0.0023867562282552045 -0.0030060927464891632 0.00026688538459239034 0.0026810752041958557
leaf_weight=215.23294832438114 1126.0381832369021 576.15790502491291 69.598014629504178 73.048972398042679 202.46726824820507 88.018463920278009
leaf_count=4083 14035 6616 676 300 2219 946
internal_value=-0.00011259 8.51131e-05 -0.000275107 -0.000414565 -0.000260786 0.00106328
internal_weight=2350.56 2135.33 1559.17 1489.57 1416.52 290.486
internal_count=28875 24792 18176 17500 17200 3165
is_linear=0
shrinkage=0.03


Tree=62
num_leaves=7
num_cat=0
split_feature=3 11 2 16 37 6
split_gain=1.07306 0.799472 0.616275 0.470737 0.479436 0.461733
threshold=-0.051712593298061986 0.037777189969819207 -0.11763271990540462 1.0000000180025095e-35 -5.3254536892287421 0.13276541570502465
decision_type=2 2 2 2 10 2
left_child=1 3 -3 4 -1 -2
right_child=5 2 -4 -5 -6 -7
leaf_value=0.0010717518968261027 0.00068404972463431864 -0.00077961343816949241 0.0013663277937338652 -0.0021301358389465416 -0.00071129017541999282 0.0028733637681039102
leaf_weight=146.32538037287304 328.57521950433147 172.67613281408558 351.61971615673974 172.94769167961203 1064.2836046150478 112.81193197838729
leaf_count=2492 3681 2471 3960 2310 12796 1067
internal_value=-2.12479e-05 -0.000330898 0.000658201 -0.000707749 -0.00048876 0.00129487
internal_weight=2349.24 1907.85 524.296 1383.56 1210.61 441.387
internal_count=28777 24029 6431 17598 15288 4748
is_linear=0
shrinkage=0.03


Tree=63
num_leaves=7
num_cat=0
split_feature=52 3 8 23 20 62
split_gain=1.15189 0.911778 0.701687 0.540058 0.424487 0.380746
threshold=1.0000000180025095e-35 -0.25731931751365689 0.12878882651712154 0.076101497263130438 -0.20438770886034899 0.033657797352752143
decision_type=2 2 2 2 2 2
left_child=4 -2 3 -3 -1 -4
right_child=1 2 5 -5 -6 -7
leaf_value=-0.0019439478307334902 -0.0020071309037300064 -0.0005784898672441263 0.00044113175080805081 0.00073310292027718195 0.0018762532241783554 0.0029817639913723927
leaf_weight=20.494787979696412 233.86253136611776 1205.7699238407658 132.46009446470998 358.82727787707699 313.13218423037324 83.58611627999926
leaf_count=370 3654 14524 1399 3855 4057 899
internal_value=-1.42033e-05 -0.000286732 -5.08347e-05 -0.000274942 0.00159184 0.0015125
internal_weight=2348.13 2014.51 1780.64 1564.6 333.627 216.046
internal_count=28758 24331 20677 18379 4427 2298
is_linear=0
shrinkage=0.03


Tree=64
num_leaves=7
num_cat=0
split_feature=9 23 22 31 10 0
split_gain=0.964699 0.723967 0.727553 0.515492 0.574175 0.489558
threshold=0.013738134376805588 0.5295405301742796 -0.14994107937907061 4.4331994056701669 0.023756581415817133 0.28852317233266728
decision_type=2 2 2 8 2 2
left_child=1 2 -1 5 -5 -2
right_child=3 -3 -4 4 -6 -7
leaf_value=-0.0025071187806379267 -0.00030501413938101535 0.002149439824235429 -0.00050951498330750907 0.00038829521178958753 0.0024259846996944143 0.0025242372492994222
leaf_weight=190.97800809729961 583.34001820825506 67.069980557571398 942.21941939518729 309.23863675518078 203.73209780766047 50.674341740552336
leaf_count=2825 5241 832 12656 4284 2542 410
internal_value=-8.85521e-05 -0.000680336 -0.000865157 0.000531251 0.0012285 -4.31988e-05
internal_weight=2347.25 1200.27 1133.2 1146.99 512.971 634.014
internal_count=28790 16313 15481 12477 6826 5651
is_linear=0
shrinkage=0.03


Tree=65
num_leaves=7
num_cat=0
split_feature=52 3 23 18 27 5
split_gain=1.07025 0.704885 0.625493 0.503941 0.487099 0.452794
threshold=1.0000000180025095e-35 -0.25062622129855111 0.28231260672688802 1.0000000180025095e-35 3.8562264442443852 -0.067125878448276069
decision_type=2 2 2 2 8 2
left_child=-1 -2 3 4 -3 -6
right_child=1 2 -4 -5 5 -7
leaf_value=0.0015687824175795409 -0.0017000894671110648 -0.00031800712090577186 0.0013440662924415515 -0.0021170911857556021 -0.00079956531763439808 0.0023199782467104423
leaf_weight=327.41845730339992 254.49553828593343 1241.0369605087035 242.67531416960992 111.96768811321817 55.919493390712887 118.82614512590226
leaf_count=4395 3992 14730 2587 1027 662 1453
internal_value=3.97655e-06 -0.00025551 -3.94715e-05 -0.000266551 -0.000106378 0.00133246
internal_weight=2352.34 2024.92 1770.43 1527.75 1415.78 174.746
internal_count=28846 24451 20459 17872 16845 2115
is_linear=0
shrinkage=0.03


Tree=66
num_leaves=7
num_cat=0
split_feature=1 50 14 6 11 0
split_gain=0.875513 0.739952 0.435366 0.45177 0.554775 0.415179
threshold=0.0035984911791562724 0.2678571428571429 0.23159760399237694 -0.015994793591747391 -0.023495993178304708 0.01168934372995706
decision_type=2 2 2 2 2 2
left_child=1 5 3 4 -3 -1
right_child=-2 2 -4 -5 -6 -7
leaf_value=-0.00088422677808125123 0.00085148338473360684 -0.0036312368183840267 -0.0009319244059540785 0.0027667699330072354 0.0018310517568913599 0.00049612361474203246
leaf_weight=1119.4005076911126 770.67581548987073 18.620410380477551 61.055428072810173 126.30041918670759 30.705597130930983 230.51488584151957
leaf_count=15622 7603 292 286 1735 564 2771
internal_value=2.82653e-05 -0.000374434 0.00114115 0.00187322 -0.000495456 -0.0006466
internal_weight=2357.27 1586.6 236.682 175.626 49.326 1349.92
internal_count=28873 21270 2877 2591 856 18393
is_linear=0
shrinkage=0.03


Tree=67
num_leaves=7
num_cat=0
split_feature=23 28 8 22 9 52
split_gain=0.883422 0.789569 0.677283 0.619142 0.589749 0.443554
threshold=0.3959110758455277 -4.3191335201263419 0.16713640384014392 0.0068122318305574936 0.023160264872641351 4.8021460650767809
decision_type=2 10 2 2 2 2
left_child=1 2 4 5 -1 -3
right_child=-2 3 -4 -5 -6 -7
leaf_value=-0.00056320960687264345 0.0017444349405536595 -0.00039160916045134363 0.0057413686013650369 0.00041031787169819339 0.0022362839774437687 -0.0015612248039866094
leaf_weight=138.92412061293726 219.79920836325618 883.15263154861168 17.706569150148425 544.42319185181987 116.56026499200379 433.36755461347639
leaf_count=2547 2412 10596 282 6518 1569 4955
internal_value=-2.34274e-05 -0.00021279 0.00126495 -0.000435328 0.000750135 -0.000785486
internal_weight=2353.93 2134.13 273.191 1860.94 255.484 1316.52
internal_count=28879 26467 4398 22069 4116 15551
is_linear=0
shrinkage=0.03


Tree=68
num_leaves=7
num_cat=0
split_feature=0 3 16 28 14 28
split_gain=0.935369 0.677193 0.539931 0.552436 0.664286 0.487449
threshold=0.20294491771908416 -0.051712593298061986 1.0000000180025095e-35 -2.4311805963516231 0.22803613086365929 2.6716356277465825
decision_type=2 2 2 10 2 8
left_child=1 2 3 4 -1 -2
right_child=5 -3 -4 -5 -6 -7
leaf_value=0.0015701581228644273 0.00088104719131354935 0.0008727132914568824 -0.0019767298084902157 -0.00058593144217056485 -0.0020050283688428194 0.0039197302300230724
leaf_weight=226.07666191339376 232.69981486411416 385.64629389884067 188.88868800038472 1201.1851663137786 49.249399647116661 53.064034555340186
leaf_count=4386 2544 4189 2583 14259 237 476
internal_value=-1.90173e-05 -0.000245338 -0.000507902 -0.000307963 0.000882783 0.00155876
internal_weight=2336.81 2051.05 1665.4 1476.51 275.326 285.764
internal_count=28674 25654 21465 18882 4623 3020
is_linear=0
shrinkage=0.03


Tree=69
num_leaves=7
num_cat=0
split_feature=52 2 0 0 37 60
split_gain=0.923672 0.80095 0.64392 0.480748 0.435453 0.554211
threshold=1.0000000180025095e-35 -0.1142561060306924 0.48279492640917049 0.110171864593498 -2.7075147438832001 0.18687961179370077
decision_type=2 2 2 2 10 2
left_child=-1 3 4 -2 -3 -6
right_child=1 2 -4 -5 5 -7
leaf_value=0.0014665504650383447 -0.0011907554399722981 0.0014311212975967223 0.0047529405783454434 0.000556117927217487 -0.0002944383935971849 0.0026072999119579527
leaf_weight=333.02988586667925 746.73466589054442 201.42144374549389 18.890167788660619 168.18465184402885 812.97515774914064 53.84302528668195
leaf_count=4408 10255 2989 208 1894 8409 460
internal_value=2.7761e-05 -0.000217673 0.000331798 -0.000867096 0.000210261 -8.65146e-05
internal_weight=2335.08 2002.05 1087.13 914.919 1068.24 866.818
internal_count=28623 24215 12066 12149 11858 8869
is_linear=0
shrinkage=0.03


Tree=70
num_leaves=7
num_cat=0
split_feature=6 31 9 0 2 58
split_gain=0.895212 0.605127 0.741631 0.536104 0.488344 0.468239
threshold=-0.017821057127724183 7.317712515592576 0.018497631410088426 0.38578905081195047 -0.072541302182733955 0.11805555555555557
decision_type=2 8 2 2 2 2
left_child=5 3 4 -2 -3 -1
right_child=1 2 -4 -5 -6 -7
leaf_value=-0.0011942051872100921 -0.00010184225243698321 -0.00079631619365257221 0.0025940337227221329 0.002704979244701419 0.0019680466024669173 0.00049546325098463577
leaf_weight=601.8251425344788 1043.4831504023168 155.61642193436273 214.11685006984044 55.029318508924916 78.201209276594454 188.3125774351065
leaf_count=8738 10296 2555 2757 560 1276 2548
internal_value=2.5268e-05 0.000444398 0.0013606 6.18972e-05 0.000171034 -0.000790349
internal_weight=2336.58 1546.45 447.934 1098.51 233.818 790.138
internal_count=28730 17444 6588 10856 3831 11286
is_linear=0
shrinkage=0.03


Tree=71
num_leaves=7
num_cat=0
split_feature=23 3 58 16 0 14
split_gain=0.801938 0.703279 0.619911 0.575262 0.674858 0.44682
threshold=0.23944426103619113 -0.046920834667263316 0.63333333333333341 1.0000000180025095e-35 -0.029467195393857944 0.41689216548846814
decision_type=2 2 2 2 2 2
left_child=1 2 3 4 -1 -3
right_child=-2 5 -4 -5 -6 -7
leaf_value=-0.0012180506750944513 0.0012713041888875877 0.0011793561122962341 0.0033487793360155037 -0.0021670606541323426 0.00012418529619664137 -0.0026795865650034428
leaf_weight=537.93514927905926 361.78227104566758 354.07920985846431 26.71125151636079 177.49872646422591 872.0531245151069 19.802127331495285
leaf_count=7737 3948 3924 290 2470 10296 82
internal_value=-8.08859e-06 -0.000246104 -0.000517953 -0.00060357 -0.000392873 0.000910494
internal_weight=2349.86 1988.08 1614.2 1587.49 1409.99 373.881
internal_count=28747 24799 20793 20503 18033 4006
is_linear=0
shrinkage=0.03


Tree=72
num_leaves=7
num_cat=0
split_feature=52 58 22 34 14 0
split_gain=0.861545 0.616283 0.501227 0.49166 0.456394 0.455172
threshold=1.0000000180025095e-35 0.13392857142857145 -0.10586774687016971 -8.0792526404062901 0.23159760399237694 0.041254490373235371
decision_type=2 2 2 10 2 2
left_child=2 3 -1 4 -2 -5
right_child=1 -3 -4 5 -6 -7
leaf_value=-0.0012763365973209131 0.0012961903229681152 0.00082358333418943374 0.0018430452309076877 -0.0011012678335750262 -0.0018264313171230521 5.0498351938036924e-05
leaf_weight=47.697435196052538 204.6169778110343 376.00340910202067 284.10612414733623 939.33161193755222 43.169325590133667 456.43433878434007
leaf_count=735 3649 4277 3661 11642 206 4590
internal_value=-2.30902e-05 -0.000257659 0.00137041 -0.000508505 0.00070242 -0.000726945
internal_weight=2351.36 2019.56 331.804 1643.55 247.786 1395.77
internal_count=28760 24364 4396 20087 3855 16232
is_linear=0
shrinkage=0.03


Tree=73
num_leaves=7
num_cat=0
split_feature=11 0 60 3 52 9
split_gain=0.861246 0.638787 0.665129 0.479582 0.400639 0.353654
threshold=0.037777189969819207 -0.014630576427836715 0.17097218128958128 -0.25062622129855111 2.8062982233521478 0.018497631410088426
decision_type=2 2 2 2 2 2
left_child=1 4 5 -2 -1 -3
right_child=3 2 -4 -5 -6 -7
leaf_value=0.00065700321343278856 -0.0013577076007490212 -0.0005739421013709079 0.0030841661010078286 0.0012524621373756675 -0.0013414131285060141 0.00054792779288841023
leaf_weight=100.81608694602619 62.913197599293198 525.61180442260229 55.136189358541742 566.35790570187964 565.53170715158922 469.16105913853971
leaf_count=1562 1055 6645 473 6466 7710 4882
internal_value=3.38263e-05 -0.000314665 0.000147207 0.000974347 -0.00103382 -4.46514e-05
internal_weight=2345.53 1716.26 1049.91 629.271 666.348 994.773
internal_count=28793 21272 12000 7521 9272 11527
is_linear=0
shrinkage=0.03


Tree=74
num_leaves=7
num_cat=0
split_feature=23 3 58 16 6 28
split_gain=0.892251 0.775182 0.588134 0.497903 0.584984 0.644544
threshold=0.55430253330967216 -0.051712593298061986 0.080128205128205135 1.0000000180025095e-35 -0.089505658049024439 -1.7099879980087278
decision_type=2 2 2 2 2 10
left_child=1 2 3 4 -1 -6
right_child=-2 -3 -4 -5 5 -7
leaf_value=-0.0016884701751447187 0.0024382505525321436 0.0010092275169637872 0.00062909768222489107 -0.0022282373183074599 0.0011580081106250647 -0.00057589609411327675
leaf_weight=269.20139487760025 118.81108513197978 424.47148879116867 383.24846584102488 156.63924311762094 249.60829947388265 742.3402891822625
leaf_count=4313 1359 4519 4587 2190 3712 8049
internal_value=1.0436e-05 -0.000129503 -0.000401971 -0.000683137 -0.000475211 -0.000132383
internal_weight=2344.32 2225.51 1801.04 1417.79 1261.15 991.949
internal_count=28729 27370 22851 18264 16074 11761
is_linear=0
shrinkage=0.03


Tree=75
num_leaves=7
num_cat=0
split_feature=23 3 31 6 4 50
split_gain=0.871122 0.747469 0.615553 0.509773 0.407082 0.384469
threshold=0.63266730773961444 -0.25250546061850243 4.4331994056701669 0.21227061126140492 -0.10720244249852172 0.2678571428571429
decision_type=2 2 8 2 2 2
left_child=1 -1 3 -3 -4 -6
right_child=-2 2 4 -5 5 -7
leaf_value=-0.0015093930700157692 0.0027195675314105189 -0.00065806137069515278 0.00010630676131792967 0.00099323447372620731 0.00089530324747396251 0.0031817088899358868
leaf_weight=275.06923695642035 95.221943675511284 882.99258648313116 484.22425784700317 197.99159542936832 344.82570999560994 76.783964187838137
leaf_count=4463 1068 8624 7184 1655 4909 913
internal_value=5.11824e-05 -7.26285e-05 0.00013285 -0.000349281 0.000705736 0.00137578
internal_weight=2357.11 2261.89 1986.82 1080.98 905.834 421.61
internal_count=28816 27748 23285 10279 13006 5822
is_linear=0
shrinkage=0.03


Tree=76
num_leaves=7
num_cat=0
split_feature=9 22 0 10 31 12
split_gain=0.819411 0.612464 0.524543 0.457512 0.474254 0.47173
threshold=0.12087151259819821 -0.0046300411566976138 -0.12496615630940837 0.022885867796679695 7.317712515592576 0.60288453771219863
decision_type=2 2 2 2 8 2
left_child=1 -1 -3 5 -5 -4
right_child=-2 2 3 4 -6 -7
leaf_value=-0.00084202428383286197 0.0016078391991804371 -0.00077498054362912022 0.0010458762190953097 0.0006481638592697569 0.0029298944074004204 -0.00061940602130344422
leaf_weight=735.82390586673864 258.59090997645399 339.26299017971905 248.5408702378918 273.73454097734066 112.36980247753672 365.44858055561781
leaf_count=9643 2851 5050 4600 2662 1538 2321
internal_value=4.84095e-05 -0.000152692 0.000229451 0.000574485 0.00136943 6.06527e-05
internal_weight=2333.77 2075.18 1339.36 1000.09 386.104 613.989
internal_count=28665 25814 16171 11121 4200 6921
is_linear=0
shrinkage=0.03


Tree=77
num_leaves=7
num_cat=0
split_feature=6 23 22 52 8 10
split_gain=0.792109 0.60398 0.469839 0.458547 0.449431 0.423434
threshold=0.2839333464133148 0.5697097528173759 -0.13947509509629011 1.0000000180025095e-35 0.05290562082932028 0.020682742952423991
decision_type=2 2 2 2 2 2
left_child=1 2 -1 -4 -3 -5
right_child=-2 4 3 5 -6 -7
leaf_value=-0.0015185706252737047 0.0016778501769156261 0.00013576865238524097 0.0010585913143403691 -0.00067300190161169785 0.0041553414824987821 0.0003415041018845819
leaf_weight=223.77025750663597 229.68794533133041 51.812620352953672 257.85713647602824 956.22902950498974 39.742803222296061 592.38785960008681
leaf_count=3215 2360 631 3409 11892 431 6867
internal_value=4.28753e-05 -0.000141153 -0.000252912 -8.86359e-05 0.00211796 -0.000285225
internal_weight=2351.49 2121.8 2030.24 1806.47 91.5554 1548.62
internal_count=28805 26445 25383 22168 1062 18759
is_linear=0
shrinkage=0.03


Tree=78
num_leaves=7
num_cat=0
split_feature=8 23 22 62 14 15
split_gain=0.757995 0.526554 0.484308 0.447102 0.59198 0.417263
threshold=0.10709798895843668 -0.3644040733724892 -0.21672504541864115 0.019797019231353481 0.35873047504608735 1.5000000000000002
decision_type=2 2 2 2 2 2
left_child=1 -1 -3 4 -2 -4
right_child=3 2 5 -5 -6 -7
leaf_value=-0.0013734694002453067 0.00084765481015916023 -0.0021589807043000155 0.00027616369804998409 0.0023426977836326027 -0.0035116882561545852 -0.0011544605817568074
leaf_weight=308.0491124438413 209.82922909778426 81.653019737830618 1356.8672855705372 160.2068084521452 22.194390207529068 201.98116981773637
leaf_count=4684 2488 1152 15994 1786 92 2518
internal_value=-1.27306e-05 -0.000256288 -3.94558e-05 0.00117352 0.000302791 8.46195e-05
internal_weight=2340.78 1948.55 1640.5 392.23 232.024 1558.85
internal_count=28714 24348 19664 4366 2580 18512
is_linear=0
shrinkage=0.03


Tree=79
num_leaves=7
num_cat=0
split_feature=52 0 3 7 8 34
split_gain=0.789366 0.801428 0.554132 0.470751 0.433204 0.436762
threshold=1.0000000180025095e-35 1.0000000180025095e-35 -0.25472989118893463 0.20705046928887574 0.20767892022120624 -8.2285973876714689
decision_type=2 2 2 2 2 8
left_child=-1 2 -2 -3 5 -4
right_child=1 3 4 -5 -6 -7
leaf_value=0.0012554344208107148 -0.0023924925592079945 0.0002882507388221045 0.0020961832774645216 0.0037576171078885115 0.0024251249018540024 -0.00076381006655693831
leaf_weight=330.98467491671909 155.43795542928274 733.13269139791373 40.945480407346622 27.140101531404071 33.629474787332583 1020.4569461657957
leaf_count=4378 2717 7572 987 267 380 12455
internal_value=-8.01257e-05 -0.000305095 -0.00076978 0.000459275 -0.000519872 -0.000634946
internal_weight=2341.73 2010.74 1250.47 760.273 1095.03 1061.4
internal_count=28756 24378 16539 7839 13822 13442
is_linear=0
shrinkage=0.03


Tree=80
num_leaves=7
num_cat=0
split_feature=20 2 11 31 11 39
split_gain=0.836678 0.628416 0.594257 0.452244 0.430852 0.382165
threshold=0.027021915818558954 -0.11959522346948258 -0.035556885450098837 4.4331994056701669 0.12597660222346763 3.5000000000000004
decision_type=2 2 2 8 2 2
left_child=1 -1 5 -4 -3 -2
right_child=2 4 3 -5 -6 -7
leaf_value=-0.0009497500549154581 -0.0028869909677795378 2.7308238769557609e-05 0.00056629287395238901 0.0024899616692507947 0.0026120151014376904 0.00035134014208818031
leaf_weight=768.79709806269966 38.638121242402121 941.32774600878474 234.25568172562635 211.06464078894351 51.87297511997167 95.191080225049518
leaf_count=10444 440 10545 2285 3214 553 1223
internal_value=1.41346e-05 -0.000311553 0.000993471 0.0015127 0.000186994 -0.000719325
internal_weight=2341.15 1762 579.15 445.32 993.201 133.829
internal_count=28704 21542 7162 5499 11098 1663
is_linear=0
shrinkage=0.03


Tree=81
num_leaves=7
num_cat=0
split_feature=8 3 23 16 62 23
split_gain=0.8652 0.707317 0.62253 0.556093 0.494753 0.432323
threshold=0.10909419113538356 -0.25250546061850243 0.0052643126762589318 1.0000000180025095e-35 0.019797019231353481 -0.35795994858886909
decision_type=2 2 2 2 2 2
left_child=1 -1 3 5 -2 -3
right_child=4 2 -4 -5 -6 -7
leaf_value=-0.0017643866043513495 0.00032530031391532613 -0.0012450658668025248 0.00087047630103286706 -0.0019850189649374605 0.0024927663157436309 0.00016869093803411654
leaf_weight=240.13254405735643 223.28562329689157 241.66784546809504 464.47059107106179 162.89004377136007 159.35366696157143 851.80834388213407
leaf_count=3954 2503 3399 5004 2131 1756 9965
internal_value=-1.75993e-05 -0.000273707 -5.67e-05 -0.000403638 0.00126846 -0.000152213
internal_weight=2343.61 1960.97 1720.84 1256.37 382.639 1093.48
internal_count=28712 24453 20499 15495 4259 13364
is_linear=0
shrinkage=0.03


Tree=82
num_leaves=7
num_cat=0
split_feature=58 9 12 62 23 30
split_gain=0.84914 0.663766 0.673327 0.489867 0.459401 0.414321
threshold=0.41428571428571431 0.020636780320319899 1.318617435464837 -0.73469572064517297 0.49735514361762773 -12.052121639251707
decision_type=2 2 2 2 2 10
left_child=1 3 5 -1 -5 -3
right_child=-2 2 -4 4 -6 -7
leaf_value=0.0023325214939048529 0.0024386089444426644 0.0026596812527235111 -0.00077042013613601388 -0.00085608139186883021 0.0014490802212375345 0.00062720205811471279
leaf_weight=40.350673911569174 113.68550863338169 98.047227934992407 282.33997056633234 1109.4507585124811 74.678046370798256 625.87119766001706
leaf_count=550 1208 1523 1418 15245 915 7977
internal_value=1.88561e-05 -0.000114795 0.000453592 -0.000581777 -0.000699787 0.000934969
internal_weight=2344.42 2230.74 1006.26 1224.48 1184.13 723.918
internal_count=28836 27628 10918 16710 16160 9500
is_linear=0
shrinkage=0.03


Tree=83
num_leaves=7
num_cat=0
split_feature=22 7 52 58 11 62
split_gain=0.676705 0.596319 0.626845 0.415452 0.351826 0.330467
threshold=-0.14994107937907061 -0.094205255515775813 1.0000000180025095e-35 0.080128205128205135 0.10148435400770055 -0.66014270228082594
decision_type=2 2 2 2 2 2
left_child=-1 -2 -3 4 5 -4
right_child=1 2 3 -5 -6 -7
leaf_value=-0.0015175715411808177 -0.0014506984299919 0.0016011363440484063 0.0016808250995851235 0.00098910805463669409 0.0016836705653880562 -0.00040526713549640105
leaf_weight=232.06034725517384 179.73007019161014 279.01041462211288 62.738272859714925 350.80738010414643 77.316038312739693 1175.1648348869057
leaf_count=3333 3472 3391 699 3706 796 13486
internal_value=-1.43648e-05 0.00015615 0.000311291 8.70159e-05 -0.000159247 -0.00028692
internal_weight=2356.83 2124.77 1945.04 1666.03 1315.22 1237.9
internal_count=28883 25550 22078 18687 14981 14185
is_linear=0
shrinkage=0.03


Tree=84
num_leaves=7
num_cat=0
split_feature=14 52 12 11 23 37
split_gain=0.708432 0.726207 0.52259 0.488402 0.483707 0.426932
threshold=0.41689216548846814 2.8062982233521478 2.1174690952512654 0.13550375812923518 0.70660438095425315 -5.3254536892287421
decision_type=2 2 2 2 2 10
left_child=1 -1 -2 4 5 -3
right_child=2 3 -4 -5 -6 -7
leaf_value=0.0013944506069761035 -0.0041957383429187143 0.00096069886459032247 -0.0001758513690469163 0.002903388981659441 0.0025715205586243888 -0.00039289053108085395
leaf_weight=368.50466776813846 48.702684983611107 232.64553597591294 59.545868039131165 39.212550610071048 48.040341049694689 1548.5006240391813
leaf_count=4926 200 3746 246 433 594 18664
internal_value=7.73621e-05 0.00019615 -0.00218633 -4.63564e-05 -0.000125033 -0.000211714
internal_weight=2345.15 2236.9 108.249 1868.4 1829.19 1781.15
internal_count=28809 28363 446 23437 23004 22410
is_linear=0
shrinkage=0.03


Tree=85
num_leaves=7
num_cat=0
split_feature=3 6 11 31 4 30
split_gain=0.747299 0.710664 0.618628 0.546959 0.381494 0.32254
threshold=-0.25062622129855111 0.39977843176276384 0.036884205039575034 7.2514057457447061 -0.18486912855769569 -4.4509689807891837
decision_type=2 2 2 8 2 10
left_child=-1 2 5 -4 -5 -2
right_child=1 -3 3 4 -6 -7
leaf_value=-0.0014087240612509083 0.00045241954264788774 0.0027853316484404895 0.00030079677549381861 -0.00069138056795093965 0.0030004869312795475 -0.00053589004267802411
leaf_weight=290.38168779725675 407.52093050836993 80.960833084885962 390.45739014033461 26.713148210168583 129.46694479224971 1029.1959249412175
leaf_count=4721 5963 813 3950 460 1872 11072
internal_value=-1.02578e-05 0.000192304 7.30137e-05 0.000922579 0.00236542 -0.000254369
internal_weight=2354.7 2064.32 1983.35 546.637 156.18 1436.72
internal_count=28851 24130 23317 6282 2332 17035
is_linear=0
shrinkage=0.03


Tree=86
num_leaves=7
num_cat=0
split_feature=23 22 8 23 60 56
split_gain=0.549297 0.494713 0.460051 0.349966 0.326962 0.352799
threshold=0.70660438095425315 -0.13947509509629011 0.10909419113538356 -0.35795994858886909 0.032161528582207798 -28.592189536938275
decision_type=2 2 2 2 2 2
left_child=1 -1 3 -3 5 -4
right_child=-2 2 4 -5 -6 -7
leaf_value=-0.0012606666582655375 0.0025245078372222495 -0.0010130660854292216 0.0023534826373272089 0.00012496960289509239 0.0036930264009034253 8.3652705286139784e-05
leaf_weight=250.15697898724466 68.436187570099719 282.48803645209409 78.575152117758989 1434.2832208291948 31.032450869039167 205.1549396723276
leaf_count=3547 794 4161 964 16819 253 2217
internal_value=5.60206e-05 -2.87112e-05 0.00012842 -6.70721e-05 0.0011639 0.000770974
internal_weight=2350.13 2281.69 2031.53 1716.77 314.763 283.73
internal_count=28755 27961 24414 20980 3434 3181
is_linear=0
shrinkage=0.03


Tree=87
num_leaves=7
num_cat=0
split_feature=58 3 11 14 39 8
split_gain=0.767828 0.71827 0.632233 0.413681 0.418509 0.380379
threshold=0.41428571428571431 -0.046920834667263316 0.11183518731411267 0.41689216548846814 6.5000000000000009 0.19451386883150792
decision_type=2 2 2 2 2 2
left_child=1 2 5 4 -3 -1
right_child=-2 3 -4 -5 -6 -7
leaf_value=-0.0006070571168487306 0.0023285958586640658 0.0020035290764874188 0.001847122948899695 -0.0021769828858353652 -1.4315662510490085e-05 0.0015026341863901055
leaf_weight=1669.143267707128 111.20709719450679 239.01147866918473 98.809287947020493 25.34240635484457 146.96013881577528 71.254130271117901
leaf_count=21448 1185 2615 1079 105 1669 825
internal_value=2.40364e-06 -0.000122335 -0.000376516 0.000996205 0.00125427 -0.000512593
internal_weight=2361.73 2250.52 1839.21 411.314 385.972 1740.4
internal_count=28926 27741 23352 4389 4284 22273
is_linear=0
shrinkage=0.03


Tree=88
num_leaves=7
num_cat=0
split_feature=1 62 43 3 15 0
split_gain=0.707434 0.498628 0.487165 0.445098 0.516109 0.418517
threshold=0.0035984911791562724 -0.73469572064517297 1.5000000000000002 -0.044557529404134488 1.5000000000000002 -0.0025924371080919824
decision_type=2 2 2 2 2 2
left_child=1 -1 3 4 5 -3
right_child=-2 2 -4 -5 -6 -7
leaf_value=0.0025130152116872263 0.00069879887884213192 -0.0011721266845652789 0.0020338625378230621 0.00047832653801618705 -0.0025281596361870374 1.2649545930514566e-05
leaf_weight=41.347816253313795 774.62305432761787 562.38021979277255 56.042998802382499 270.8975392151624 136.70666784510831 504.76786285004346
leaf_count=574 7640 8258 469 3145 2082 6678
internal_value=-3.78798e-05 -0.000402977 -0.000497539 -0.000606787 -0.000852893 -0.000616805
internal_weight=2346.77 1572.14 1530.8 1474.75 1203.85 1067.15
internal_count=28846 21206 20632 20163 17018 14936
is_linear=0
shrinkage=0.03


Tree=89
num_leaves=7
num_cat=0
split_feature=3 11 39 8 62 22
split_gain=0.687814 0.575776 0.533157 0.485785 0.428739 0.452701
threshold=-0.051712593298061986 0.12258119489816656 5.5000000000000009 0.034245441236398826 -0.73469572064517297 -0.14482112377365025
decision_type=2 2 2 2 2 2
left_child=1 4 -2 -4 -1 -6
right_child=2 -3 3 -5 5 -7
leaf_value=0.0019636511000198772 0.002056533439423241 0.0021080132596494679 -0.0010452016748426641 0.0016639159839983279 -0.0016966871551250364 -0.00028797743496057599
leaf_weight=57.465275334776379 214.93208021018654 77.052645252668299 143.77877234877087 87.238552458002232 228.01775548583828 1546.7567744393309
leaf_count=722 2162 841 1633 942 3281 19273
internal_value=-3.06602e-05 -0.000279356 0.00101688 4.42687e-06 -0.000390652 -0.000477457
internal_weight=2355.24 1909.29 445.949 231.017 1832.24 1774.77
internal_count=28854 24117 4737 2575 23276 22554
is_linear=0
shrinkage=0.03


Tree=90
num_leaves=7
num_cat=0
split_feature=5 14 14 8 55 10
split_gain=0.683135 0.489889 0.477828 0.460256 0.432632 0.380054
threshold=1.0000000180025095e-35 0.41689216548846814 0.27548671182333734 0.13126429684588323 1.0000000180025095e-35 0.0096249510942473613
decision_type=2 2 2 2 2 2
left_child=1 3 -2 4 5 -1
right_child=2 -3 -4 -5 -6 -7
leaf_value=-0.0011345514510080488 0.0014119854784955855 -0.0023837312427362829 -0.00085873180830456136 0.0012742917478717815 0.00041950167357265194 -1.6187439157565245e-05
leaf_weight=619.1597856641165 404.66708649869543 84.088606521487236 97.18869560956955 171.1185686061508 484.46704868182132 484.26663360270322
leaf_count=8402 4974 346 427 2060 6329 6217
internal_value=-6.11977e-06 -0.000274065 0.000964056 -0.000160308 -0.000321915 -0.000648283
internal_weight=2344.96 1843.1 501.856 1759.01 1587.89 1103.43
internal_count=28755 23354 5401 23008 20948 14619
is_linear=0
shrinkage=0.03


Tree=91
num_leaves=7
num_cat=0
split_feature=0 9 56 28 8 59
split_gain=0.661773 0.484569 0.516742 0.487182 0.444275 0.3823
threshold=0.20645121607200714 0.10712654825184205 -9.3157212395070896 -1.427475571632385 0.095559704429779041 0.1530707886637804
decision_type=2 2 2 10 2 2
left_child=1 2 3 -1 -2 -4
right_child=4 -3 5 -5 -6 -7
leaf_value=0.0014579376555189216 0.00052014614161347212 0.00092544469187030116 -0.0011185674284872344 -0.00023556573461045569 0.0030814636225809434 0.00044360406542153533
leaf_weight=191.69636022817576 202.48027270880993 289.49008137179771 793.85352538933512 623.5434917602106 80.6821528604778 165.2828628681018
leaf_count=3453 2145 3197 9824 7387 831 1972
internal_value=-4.01885e-06 -0.0001926 -0.000379174 0.000175488 0.00133017 -0.000847567
internal_weight=2347.03 2063.87 1774.38 815.24 283.162 959.136
internal_count=28809 25833 22636 10840 2976 11796
is_linear=0
shrinkage=0.03


Tree=92
num_leaves=7
num_cat=0
split_feature=58 14 52 3 28 20
split_gain=0.910043 0.82551 0.690496 0.493133 0.37144 0.483706
threshold=0.41428571428571431 0.41689216548846814 1.0000000180025095e-35 -0.25062622129855111 2.5612220764160161 0.0069645060326647837
decision_type=2 2 2 2 8 2
left_child=1 2 -1 -4 5 -5
right_child=-2 -3 3 4 -6 -7
leaf_value=0.0013760019222933456 0.0025865312186255152 -0.0025079949640500802 -0.0014263499205440615 -0.00062931368040853642 0.00088601884481329162 0.00060767463529232406
leaf_weight=301.18272901591263 112.82347862949246 108.00631874799728 227.99800784949912 820.53990763914771 350.38737747969572 423.38914361986099
leaf_count=4095 1201 445 3764 10024 3666 5483
internal_value=7.23972e-05 -6.56881e-05 6.97067e-05 -0.000152522 3.73988e-05 -0.000206798
internal_weight=2344.33 2231.5 2123.5 1822.31 1594.32 1243.93
internal_count=28678 27477 27032 22937 19173 15507
is_linear=0
shrinkage=0.03


Tree=93
num_leaves=7
num_cat=0
split_feature=23 14 8 52 3 11
split_gain=0.726994 0.675033 0.619368 0.494462 0.395311 0.460158
threshold=0.70660438095425315 0.41689216548846814 0.13423551067915176 3.0368918406528054 -0.24634530830360155 -0.01727974781316409
decision_type=2 2 2 2 2 2
left_child=1 2 3 -1 -5 -6
right_child=-2 -3 -4 4 5 -7
leaf_value=0.00077003394248470578 0.0029602569704734933 -0.0022522199067328496 0.0014971932366690029 -0.0015375344128476323 -0.00098736530046258627 0.00022830473190432797
leaf_weight=444.47927385175717 65.268568730156403 107.38836425542831 237.22113137811539 209.13608724699588 399.76776478340616 878.12735676960438
leaf_count=5699 766 442 2767 3443 4803 10832
internal_value=5.94441e-05 -3.63228e-05 8.32348e-05 -9.72395e-05 -0.000359883 -0.000156711
internal_weight=2341.39 2276.12 2168.73 1931.51 1487.03 1277.9
internal_count=28752 27986 27544 24777 19078 15635
is_linear=0
shrinkage=0.03


Tree=94
num_leaves=7
num_cat=0
split_feature=0 22 60 56 15 30
split_gain=0.652392 0.436914 0.422174 0.341699 0.423634 0.394524
threshold=0.48279492640917049 -0.13947509509629011 0.21441039601189188 -20.435086985509148 1.5000000000000002 -2.8047913312911983
decision_type=2 2 2 2 2 10
left_child=1 -1 3 4 5 -3
right_child=-2 2 -4 -5 -6 -7
leaf_value=-0.0011895283023152078 0.0038555960415675764 0.0018273643849980147 0.0018756762577606554 -0.0002935593761188342 -0.0011492288325184368 0.00024384778174688988
leaf_weight=254.83501110109501 29.304824071645271 216.57539338673814 104.41162285662722 1266.2006298814085 106.34711037535453 387.52739111142
leaf_count=3623 337 3439 983 14935 1396 4233
internal_value=2.26237e-05 -4.16931e-05 0.000103881 1.31974e-06 0.000523649 0.000832063
internal_weight=2365.2 2335.9 2081.06 1976.65 710.45 604.103
internal_count=28946 28609 24986 24003 9068 7672
is_linear=0
shrinkage=0.03


Tree=95
num_leaves=7
num_cat=0
split_feature=11 22 58 30 15 30
split_gain=0.677473 0.547138 0.53439 0.477879 0.466271 0.411636
threshold=0.037777189969819207 -0.01895770224706678 0.41428571428571431 -4.4509689807891837 1.5000000000000002 -1.9141423702239988
decision_type=2 2 2 10 2 10
left_child=2 -2 3 4 -1 -4
right_child=1 -3 5 -5 -6 -7
leaf_value=0.00072922399113136869 -0.00056647218588932069 0.0013575044675098297 -0.0007697468288450736 -0.0007793062610239903 -0.0018908303516569562 0.0032894298428420865
leaf_weight=404.54360668933077 180.50587896772777 450.51379709510366 30.111508201400284 1171.0563275329187 61.944002069474664 52.51800677657593
leaf_count=6299 2308 5214 376 13085 1039 484
internal_value=-2.6316e-05 0.000806891 -0.000334863 -0.000457738 0.000348931 0.00188679
internal_weight=2351.19 631.02 1720.17 1637.54 466.488 82.6295
internal_count=28805 7522 21283 20423 7338 860
is_linear=0
shrinkage=0.03


Tree=96
num_leaves=7
num_cat=0
split_feature=3 16 6 34 6 12
split_gain=0.647053 0.574142 0.512372 0.433051 0.467071 0.491765
threshold=-0.051712593298061986 1.0000000180025095e-35 -0.083539169941794736 -2.9497316032648082 0.11261580879641354 1.2204660015486282
decision_type=2 2 2 10 2 2
left_child=1 2 -1 -2 5 -5
right_child=3 -3 -4 4 -6 -7
leaf_value=-0.0010694732155173586 0.0023234637219619139 -0.0017678783276662642 0.00015099927583260545 0.00055294682344207171 0.0019963227075825447 -0.0022954769612417263
leaf_weight=396.12314049107954 129.68892295437399 210.6246267639217 1294.5895257407101 148.99643263826147 91.301415101857856 73.587496057152748
leaf_count=6248 1814 2857 14941 1804 738 368
internal_value=-8.68599e-05 -0.000328243 -0.000139557 0.000932231 0.000303421 -0.000446964
internal_weight=2344.91 1901.34 1690.71 443.574 313.885 222.584
internal_count=28770 24046 21189 4724 2910 2172
is_linear=0
shrinkage=0.03


Tree=97
num_leaves=7
num_cat=0
split_feature=11 14 2 50 34 4
split_gain=0.616211 0.460143 0.455687 0.519922 0.387874 0.46967
threshold=0.036884205039575034 0.41689216548846814 -0.11763271990540462 0.2678571428571429 -8.0792526404062901 -0.099112848645099061
decision_type=2 2 2 2 10 2
left_child=1 4 -2 -4 5 -1
right_child=2 -3 3 -5 -6 -7
leaf_value=-0.00029237849964793667 -0.00032446389763399484 -0.0023610741005755213 0.00088232370990066328 0.0038119010486436394 -0.00035871150879609326 0.0024079223652252839
leaf_weight=120.65040818793932 214.36412801608094 81.734158828854561 365.74410136241931 56.652852279949002 1416.0005840606755 98.292978280893294
leaf_count=2177 2962 336 4039 613 17145 1518
internal_value=3.06828e-06 -0.000292789 0.00079288 0.00135432 -0.000175666 0.000972126
internal_weight=2353.44 1716.68 636.761 422.397 1634.94 218.943
internal_count=28790 21176 7614 4652 20840 3695
is_linear=0
shrinkage=0.03


Tree=98
num_leaves=7
num_cat=0
split_feature=14 2 27 9 20 28
split_gain=0.603978 0.630575 0.496963 0.463339 0.398841 0.440288
threshold=0.41689216548846814 -0.13253653980876137 0.23626502603292468 0.12087151259819821 0.0057110803358832738 3.3297342061996464
decision_type=2 2 10 2 2 8
left_child=1 4 -2 -3 5 -1
right_child=2 3 -4 -5 -6 -7
leaf_value=-0.0013227821792769435 -0.0038663121839398553 0.0002576691549956504 4.0465786181471906e-05 0.0019240876786831009 0.00040496139240721519 0.00076886883566900657
leaf_weight=514.82598380561103 55.9732656031847 1188.8653506047413 52.353552177548409 162.70624237071024 266.40728498727549 102.56288022565423
leaf_count=7529 230 13882 216 1716 3874 1309
internal_value=-4.54976e-05 6.47834e-05 -0.00213434 0.000470936 -0.000554657 -0.000968593
internal_weight=2343.69 2235.37 108.327 1351.57 883.796 617.389
internal_count=28756 28310 446 15598 12712 8838
is_linear=0
shrinkage=0.03


Tree=99
num_leaves=7
num_cat=0
split_feature=52 3 4 31 2 26
split_gain=0.544701 0.518382 0.429934 0.331257 0.443912 0.294575
threshold=1.0000000180025095e-35 -0.32870714367688664 -0.056997793747386651 5.1998121142387399 -0.11850547258345376 -6.9871046543121329
decision_type=2 2 2 8 2 10
left_child=-1 -2 3 -3 -5 -4
right_child=1 2 5 4 -6 -7
leaf_value=0.0011166422239930675 -0.0021313682467242116 -0.00071444040840981128 0.0026299538552838325 -0.00062730217787937523 0.0010229979396810785 0.00040308771424831614
leaf_weight=327.95370750266011 106.04819068824872 830.60184027667856 51.646681865560822 277.19480233697686 290.58933594956761 450.89333247540344
leaf_count=4363 1705 8304 614 4632 3956 5195
internal_value=2.01488e-06 -0.000184756 -6.55741e-05 -0.000335998 0.000220401 0.000678793
internal_weight=2334.93 2006.97 1900.93 1398.39 567.784 502.54
internal_count=28769 24406 22701 16892 8588 5809
is_linear=0
shrinkage=0.03


Tree=100
num_leaves=7
num_cat=0
split_feature=23 3 62 39 7 56
split_gain=0.647167 0.431682 0.391237 0.380092 0.335958 0.326653
threshold=0.63266730773961444 -0.051712593298061986 0.094833299963864928 5.5000000000000009 0.13233925515131092 10.454084045122462
decision_type=2 2 2 2 2 2
left_child=1 2 5 -3 -4 -1
right_child=-2 3 4 -5 -6 -7
leaf_value=-8.9109383482103118e-05 0.0024400420743524703 0.0017544381111737348 0.00027955363650893723 -1.1682185193909341e-06 0.0031011419575570497 -0.0010535788871735552
leaf_weight=823.21875364726293 93.19291924891877 205.42570080590667 471.59727656887844 228.91038367355941 31.613753994577564 505.09837520256406
leaf_count=10810 1051 2100 5956 2517 291 6142
internal_value=0.000116589 1.07256e-05 -0.000191831 0.000849969 0.000513789 -0.000460985
internal_weight=2359.06 2265.86 1831.53 434.336 503.211 1328.32
internal_count=28867 27816 23199 4617 6247 16952
is_linear=0
shrinkage=0.03


Tree=101
num_leaves=7
num_cat=0
split_feature=52 58 62 28 10 12
split_gain=0.652424 0.560143 0.450225 0.427255 0.392595 0.358028
threshold=2.8062982233521478 0.13392857142857145 -0.60022689879507773 2.4232290983200078 0.0050490274196404459 1.6165267330761022
decision_type=2 2 2 8 2 2
left_child=3 2 -2 5 -4 -1
right_child=1 -3 4 -5 -6 -7
leaf_value=0.00091845086258156782 0.0013435600847499689 0.00081559964419487265 -0.0010762436365462811 0.0028808242839576366 -0.00010237260562823664 -0.0020295243526012485
leaf_weight=264.29998146061553 104.9326492434484 364.43891006549529 769.8194010782754 83.936720056575723 717.77453498993418 33.297218501567841
leaf_count=3839 1241 4168 9784 956 8518 154
internal_value=-8.21597e-06 -0.000230796 -0.000473852 0.00111018 -0.000610165 0.000533354
internal_weight=2338.5 1956.97 1592.53 381.534 1487.59 297.597
internal_count=28660 23711 19543 4949 18302 3993
is_linear=0
shrinkage=0.03


Tree=102
num_leaves=7
num_cat=0
split_feature=58 14 15 20 8 22
split_gain=0.602856 0.567306 0.508117 0.511429 0.468692 0.443299
threshold=0.58571428571428574 0.35873047504608735 1.5000000000000002 -0.05196540318948608 0.2329794676934813 0.13686238694239514
decision_type=2 2 2 2 2 2
left_child=1 2 4 -4 5 -1
right_child=-2 -3 3 -5 -6 -7
leaf_value=-7.0134906611436006e-05 0.0030316913726453716 -0.0017062033615319562 -0.0032347067122397255 -0.00034871913825273336 0.0027082658468151966 0.0015142015984294702
leaf_weight=1644.4500756973139 45.077761214983184 181.91039243340492 70.117647839157144 187.56495462282328 53.357104916969547 165.87004655977944
leaf_count=21194 464 759 1044 2430 622 2228
internal_value=-7.06661e-05 -0.000144226 -2.90701e-06 -0.00122553 0.000171778 8.25503e-05
internal_weight=2348.35 2303.27 2121.36 257.683 1863.68 1810.32
internal_count=28741 28277 27518 3474 24044 23422
is_linear=0
shrinkage=0.03


Tree=103
num_leaves=7
num_cat=0
split_feature=8 58 0 16 14 0
split_gain=0.686372 0.570487 0.520711 0.418454 0.41699 0.374543
threshold=0.17085839015698912 0.41428571428571431 -0.034071216906238037 1.0000000180025095e-35 0.48849821440016178 0.016501576405401262
decision_type=2 2 2 2 2 2
left_child=1 2 -1 4 -4 -5
right_child=-2 -3 3 5 -6 -7
leaf_value=-0.00086157192295140833 0.0018558151491440435 0.0019498771318744162 0.00042877457712282494 -0.0026422250996218349 -0.0026054426215528469 0.0001345015048540515
leaf_weight=752.25484991252597 159.67580429901136 103.27063644438749 1133.6519921007566 77.220097901590634 32.3913349583745 85.81631165210274
leaf_count=10690 1775 1117 13042 1039 136 949
internal_value=1.75707e-05 -0.000124633 -0.000236397 0.000121242 0.00032305 -0.00125735
internal_weight=2344.28 2184.61 2081.33 1329.08 1166.04 163.036
internal_count=28748 26973 25856 15166 13178 1988
is_linear=0
shrinkage=0.03


Tree=104
num_leaves=7
num_cat=0
split_feature=52 2 15 6 30 4
split_gain=0.665891 0.46309 0.365731 0.357138 0.320398 0.329368
threshold=1.0000000180025095e-35 -0.1165915880840432 1.5000000000000002 0.46827315413226533 4.9179546833038339 -0.18486912855769569
decision_type=2 2 2 2 8 2
left_child=2 -2 -1 4 -3 -6
right_child=1 3 -4 -5 5 -7
leaf_value=0.0016091418370084158 -0.00075194572336145793 -0.00017432572735738094 -0.00093130183723421365 0.0029811892876096349 -0.0017777075854808729 0.0016991848969620056
leaf_weight=277.69922368222615 913.19144261817564 903.67630190297496 55.082660568761639 28.906398917781189 20.542782270931639 150.62004621850792
leaf_count=3603 12145 10204 755 284 244 1570
internal_value=-4.93769e-05 -0.000255979 0.00117374 0.00015743 5.47083e-05 0.0012068
internal_weight=2349.72 2016.94 332.782 1103.75 1074.84 171.163
internal_count=28805 24447 4358 12302 12018 1814
is_linear=0
shrinkage=0.03


Tree=105
num_leaves=7
num_cat=0
split_feature=22 0 7 17 5 14
split_gain=0.453402 0.421862 0.352357 0.388971 0.33007 0.551464
threshold=-0.043829988067582155 0.19877137083195787 -0.044303396562669434 1.0000000180025095e-35 0.0027459000353494182 0.27548671182333734
decision_type=2 2 2 2 2 2
left_child=2 4 -1 -4 -2 -6
right_child=1 -3 3 -5 5 -7
leaf_value=-0.0021640789419485368 -6.9163297336137077e-05 0.0015275976224717923 7.4006693477734204e-05 -0.0023676931499179757 0.0016402964610100291 -0.0012734381628690214
leaf_weight=99.283759853773518 1226.4264044068113 222.82315330306301 417.64639225439169 58.222046568873338 250.16735862888163 67.325014248490334
leaf_count=1775 15527 2270 5104 763 3035 297
internal_value=9.86647e-05 0.000336812 -0.000626126 -0.000267316 0.000156229 0.00100241
internal_weight=2341.89 1766.74 575.152 475.868 1543.92 317.492
internal_count=28771 21129 7642 5867 18859 3332
is_linear=0
shrinkage=0.03


Tree=106
num_leaves=7
num_cat=0
split_feature=0 23 52 58 59 59
split_gain=0.669768 0.568163 0.409922 0.424574 0.578052 0.45798
threshold=0.43448084034578766 0.5295405301742796 3.0368918406528054 0.13392857142857145 0.52276310695489536 -0.33001016257305993
decision_type=2 2 2 2 2 2
left_child=1 2 -1 5 -5 -4
right_child=-2 -3 3 4 -6 -7
leaf_value=0.00056460205418921799 0.0032294341439520978 0.0017853508703982108 0.00052393318795421488 0.0021308589896336205 -0.00046161609349272553 -0.00088971271880620496
leaf_weight=486.68655079425662 46.475939842377556 128.68265859861276 244.30441960215103 118.9440504598897 186.76352603925625 1140.8788441470533
leaf_count=6049 511 1453 2899 1351 2178 14381
internal_value=1.53726e-06 -7.71732e-05 -0.000194896 -0.000415536 0.000582604 -0.00063842
internal_weight=2352.74 2306.26 2177.58 1690.89 305.708 1385.18
internal_count=28822 28311 26858 20809 3529 17280
is_linear=0
shrinkage=0.03


Tree=107
num_leaves=7
num_cat=0
split_feature=52 3 10 46 34 15
split_gain=0.565559 0.42126 0.337102 0.348316 0.313479 0.271799
threshold=1.0000000180025095e-35 -0.25472989118893463 0.022179878599017561 34.500000000000007 -1.3973665634791053 1.5000000000000002
decision_type=2 2 2 8 10 2
left_child=5 -2 -3 -4 -5 -1
right_child=1 2 3 4 -6 -7
leaf_value=0.001449952890051611 -0.0013991515665284977 -0.00040074223124096327 0.0016102325306173448 0.0008300120922776163 -0.00060075952186708337 -0.00074930466139036772
leaf_weight=281.12049067925545 234.79693734311149 1085.6914942591102 162.8334520640783 245.69755388128397 289.03445608890615 54.678893153031822
leaf_count=3633 3745 12942 1796 3199 2721 759
internal_value=-4.10621e-05 -0.0002321 -7.1492e-05 0.000439375 5.98171e-05 0.00108053
internal_weight=2353.85 2018.05 1783.26 697.565 534.732 335.799
internal_count=28795 24403 20658 7716 5920 4392
is_linear=0
shrinkage=0.03


Tree=108
num_leaves=7
num_cat=0
split_feature=11 0 45 60 62 30
split_gain=0.529879 0.43614 0.347873 0.3268 0.341995 0.328189
threshold=0.037777189969819207 0.48279492640917049 0.19090909090909094 0.17097218128958128 -0.73469572064517297 -1.3401787281036375
decision_type=2 2 8 2 2 10
left_child=1 3 -2 4 -1 -5
right_child=2 -3 -4 5 -6 -7
leaf_value=0.0018191810150290384 0.0019459848493363827 0.0033141210190147739 0.00032820640294921766 -0.0011220794732752627 -0.00052098233682654476 0.0023403556329336414
leaf_weight=48.690118725120556 150.9844693976338 20.079894679307472 487.982372948376 29.046624916838482 1543.3366849104641 66.89624593174085
leaf_count=602 1439 214 6115 311 19515 597
internal_value=4.26848e-06 -0.000271618 0.000734574 -0.000333541 -0.000438503 0.00128514
internal_weight=2347.02 1708.05 638.967 1687.97 1592.03 95.9429
internal_count=28793 21239 7554 21025 20117 908
is_linear=0
shrinkage=0.03


Tree=109
num_leaves=7
num_cat=0
split_feature=2 0 28 25 26 5
split_gain=0.547626 0.545843 0.42632 0.545072 0.404992 0.382557
threshold=-0.11959522346948258 0.43448084034578766 2.7748541831970219 -0.073437087043652552 2.297033548355103 -0.049658299540449168
decision_type=2 2 8 2 10 2
left_child=-1 2 3 -2 5 -4
right_child=1 -3 4 -5 -6 -7
leaf_value=-0.00055445741790757829 0.00091585538527374144 0.0036000495250260766 -0.00025270581299691836 -0.00051542081065652264 -0.0016529626918511187 0.0024778726928136093
leaf_weight=1029.2054556584335 354.82999055180699 35.361244286992587 60.605900125578046 686.93577785047819 28.109890894033015 163.19487896631472
leaf_count=14029 4087 362 626 7824 235 1684
internal_value=-3.78585e-05 0.000363348 0.000247941 -2.38491e-05 0.00132991 0.00175924
internal_weight=2358.24 1329.04 1293.68 1041.77 251.911 223.801
internal_count=28847 14818 14456 11911 2545 2310
is_linear=0
shrinkage=0.03


Tree=110
num_leaves=7
num_cat=0
split_feature=52 58 59 7 57 6
split_gain=0.483667 0.448541 0.40799 0.419914 0.339007 0.391973
threshold=3.2080875396860176 0.13392857142857145 -0.34914738941696299 -0.055168674384197799 2.5000000000000004 -0.075462881593925515
decision_type=2 2 2 2 2 2
left_child=4 2 -2 -4 5 -1
right_child=1 -3 3 -5 -6 -7
leaf_value=-0.00057671072438682388 0.00070323356516075765 0.0008140217671896761 -0.0019121680441694089 -0.00037378167721781471 -0.00011280637361792438 0.0019314892842006146
leaf_weight=65.491537635563873 247.41416858421871 333.37424502296199 179.99873083492275 1055.9063481764751 202.1989790048101 265.28123105346458
leaf_count=1034 2953 3818 3065 12309 2418 3101
internal_value=6.90942e-05 -0.000164882 -0.000388868 -0.000611383 0.000854977 0.00143253
internal_weight=2349.67 1816.69 1483.32 1235.91 532.972 330.773
internal_count=28698 22145 18327 15374 6553 4135
is_linear=0
shrinkage=0.03


Tree=111
num_leaves=7
num_cat=0
split_feature=7 58 56 9 23 28
split_gain=0.702584 0.526036 0.438959 0.448958 0.293082 0.32268
threshold=-0.090108007783338176 1.0000000180025095e-35 -9.6720651431972708 0.13514666287402408 0.5295405301742796 -0.31907255947589869
decision_type=2 2 2 2 2 10
left_child=-1 2 4 -4 5 -2
right_child=1 -3 3 -5 -6 -7
leaf_value=-0.0015675761913250632 0.0011513917893014849 0.0011331955777243376 -0.00068012118062722217 0.0014621581787972575 0.0026310749427055006 -0.00013582095466218409
leaf_weight=207.65446894275374 266.94573124081944 440.10321741944063 834.54168060369557 88.860120690893382 44.302555313392077 472.50460059440229
leaf_count=4021 4146 4761 9528 935 502 4954
internal_value=5.71845e-05 0.000220848 -1.95839e-05 -0.000460511 0.000499164 0.000338033
internal_weight=2354.91 2147.26 1707.15 923.402 783.753 739.45
internal_count=28847 24826 20065 10463 9602 9100
is_linear=0
shrinkage=0.03


Tree=112
num_leaves=7
num_cat=0
split_feature=8 0 4 29 35 31
split_gain=0.51145 0.404339 0.472235 0.386667 0.335766 0.317706
threshold=0.14912159471432224 0.0089314059507624739 -0.075553342295960543 -6.3591339588165274 -5.1125392629341642 0.57946330308914196
decision_type=2 2 2 10 10 8
left_child=1 2 5 -2 -4 -1
right_child=3 -3 4 -5 -6 -7
leaf_value=-0.0019526113160965156 0.0031519764080151324 0.00042122836422456332 0.0020969235285395252 0.00049374336610654357 -2.6886411400677092e-05 -0.00054584370393663951
leaf_weight=174.45945387217216 63.108752255415311 748.8277262019401 70.845967126777396 165.88310747369542 389.64672429593338 737.63142712233821
leaf_count=1595 778 7819 883 1719 4983 10991
internal_value=1.16222e-05 -0.000135987 -0.00044083 0.00132757 0.000337482 -0.00083318
internal_weight=2350.4 2121.41 1372.58 228.992 460.493 912.091
internal_count=28768 26271 18452 2497 5866 12586
is_linear=0
shrinkage=0.03


Tree=113
num_leaves=7
num_cat=0
split_feature=52 58 59 59 37 9
split_gain=0.474749 0.519544 0.439387 0.395941 0.389787 0.364636
threshold=1.0000000180025095e-35 0.13392857142857145 -0.56188065029161427 0.32623618366889351 2.0465014027345378 0.10101592621756332
decision_type=2 2 2 2 10 2
left_child=-1 2 -2 -3 5 -4
right_child=1 3 4 -5 -6 -7
leaf_value=0.0010709482017496994 0.0011990914235305166 0.002671564679348439 -0.00040872014538538434 0.00033573790789993342 -0.0011581821290456385 0.0011265526981591549
leaf_weight=335.53054687022814 138.84621039690683 75.332676909223665 819.34865355971851 294.64699953128002 530.70836431952193 157.45943804725539
leaf_count=4420 1583 860 11739 3371 4971 1906
internal_value=4.32794e-05 -0.000132172 -0.000361079 0.000869134 -0.00051173 -0.000152329
internal_weight=2351.87 2016.34 1646.36 369.98 1507.52 976.808
internal_count=28850 24430 20199 4231 18616 13645
is_linear=0
shrinkage=0.03


Tree=114
num_leaves=7
num_cat=0
split_feature=58 2 28 60 10 10
split_gain=0.538634 0.459168 0.424349 0.333871 0.335927 0.318142
threshold=0.58571428571428574 -0.11959522346948258 -3.6651935577392574 -0.071900626709346632 -0.011815127174431379 0.0044275771433031292
decision_type=2 2 10 2 2 2
left_child=1 3 -3 4 -1 -5
right_child=-2 2 -4 5 -6 -7
leaf_value=0.0022092500392591786 0.002964470365507533 0.0016628312137343976 7.930451100433795e-05 -0.0013133959277284917 -0.00053059949664698513 -0.00016345365042373203
leaf_weight=63.958126953570172 43.526620809745509 166.20161888191069 1131.7945089905697 457.57579249228002 81.772438503918238 409.2873559408763
leaf_count=650 444 2423 12114 6898 809 5527
internal_value=-1.08825e-05 -7.9465e-05 0.000293229 -0.0005554 0.000736513 -0.000778509
internal_weight=2354.12 2310.59 1298 1012.59 145.731 866.863
internal_count=28865 28421 14537 13884 1459 12425
is_linear=0
shrinkage=0.03


Tree=115
num_leaves=7
num_cat=0
split_feature=14 12 28 7 20 62
split_gain=0.444115 0.515034 0.467072 0.469542 0.439986 0.453196
threshold=0.41689216548846814 2.1174690952512654 2.8379127979278569 -0.0029402134438834184 0.048743844151554173 -0.73469572064517297
decision_type=2 2 8 2 2 2
left_child=2 -2 4 -4 5 -1
right_child=1 -3 3 -5 -6 -7
leaf_value=0.0022316043545242662 -0.003656915456920865 0.00026469176586505974 -0.00059724824345557166 0.0016213404543459038 0.0008017550699428444 -0.0004251658413186671
leaf_weight=50.437342184595764 51.398922465741634 56.738109543919563 111.82504890335258 306.32574413251132 395.13826017756946 1384.6457552473876
leaf_count=636 211 235 1375 3329 5240 17865
internal_value=4.22498e-05 -0.00175107 0.000135872 0.00102794 -7.24162e-05 -0.000316995
internal_weight=2356.51 108.137 2248.37 418.151 1830.22 1435.08
internal_count=28891 446 28445 4704 23741 18501
is_linear=0
shrinkage=0.03


Tree=116
num_leaves=7
num_cat=0
split_feature=0 22 11 28 3 44
split_gain=0.545451 0.459371 0.368071 0.342769 0.402422 0.464525
threshold=0.41755904922386428 -0.13947509509629011 0.12258119489816656 3.4088362455368046 -0.046920834667263316 10.500000000000002
decision_type=2 2 2 8 2 8
left_child=1 -1 3 -3 -5 -6
right_child=-2 2 -4 4 5 -7
leaf_value=-0.0012624171630293514 0.0027409543481597878 -0.00016737351663843211 0.0019935915968858128 0.0003188684607715542 0.00027133696191389967 0.0052456400218138331
leaf_weight=245.70151244220324 54.159768685785821 1671.003636000547 77.168752448982559 239.08591229445301 33.361213267315179 26.819002929376438
leaf_count=3514 600 20528 831 2770 310 260
internal_value=1.26462e-05 -6.34126e-05 8.59096e-05 1.50226e-06 0.000919371 0.00291969
internal_weight=2347.3 2293.14 2047.44 1970.27 299.266 60.1802
internal_count=28813 28213 24699 23868 3340 570
is_linear=0
shrinkage=0.03


Tree=117
num_leaves=7
num_cat=0
split_feature=52 59 58 2 59 57
split_gain=0.460531 0.36685 0.470597 0.55614 0.38452 0.31209
threshold=3.2080875396860176 -0.32458400115835018 0.13392857142857145 -0.18716430759949818 0.50218205573750907 2.5000000000000004
decision_type=2 2 2 2 2 2
left_child=-1 -2 3 -3 -4 -5
right_child=1 2 4 5 -6 -7
leaf_value=0.00084912406758585145 0.00084024846904292671 -0.0019212974892366759 0.0019815909086222713 -6.3392739320124061e-05 -0.00010087245623372912 -0.0015379343294935812
leaf_weight=529.08787647206918 275.97638162208023 223.35220472372021 115.17475718108471 847.65601372305537 217.6576783467608 142.61999813429429
leaf_count=6463 3274 3999 1319 9682 2501 1563
internal_value=7.86343e-05 -0.000148467 -0.000329174 -0.000602657 0.000656533 -0.000289009
internal_weight=2351.52 1822.44 1546.46 1213.63 332.832 990.276
internal_count=28801 22338 19064 15244 3820 11245
is_linear=0
shrinkage=0.03


Tree=118
num_leaves=7
num_cat=0
split_feature=6 23 30 22 16 23
split_gain=0.495383 0.404597 0.330244 0.319046 0.309701 0.303139
threshold=0.37550304012559343 0.70660438095425315 -4.4509689807891837 0.13371565403070701 1.0000000180025095e-35 -0.26931642933927419
decision_type=2 2 10 2 2 2
left_child=1 2 4 5 -1 -4
right_child=-2 -3 3 -5 -6 -7
leaf_value=0.00062767159850429083 0.0018079475771142781 0.0021260837253758665 -0.0014226133076129484 0.00087623892754021585 -0.0013393661957371641 -0.00034026431918385454
leaf_weight=552.87322386488086 115.73748022693326 59.605621473107021 286.88279918691842 143.5271025118418 73.095332933182362 1131.8311179275042
leaf_count=8467 1201 683 3628 1647 1234 11998
internal_value=-2.48694e-05 -0.000126829 -0.000197589 -0.00043018 0.000380529 -0.000567555
internal_weight=2363.55 2247.82 2188.21 1562.24 625.969 1418.71
internal_count=28858 27657 26974 17273 9701 15626
is_linear=0
shrinkage=0.03


Tree=119
num_leaves=7
num_cat=0
split_feature=28 23 7 25 4 30
split_gain=0.508159 0.64138 0.395109 0.408332 0.452225 0.473921
threshold=2.8379127979278569 0.15144486806786786 -0.001962479975728917 0.11122591358499574 -0.17982887452836147 3.3316689729690556
decision_type=8 2 2 2 2 8
left_child=1 -1 -2 4 -4 -6
right_child=2 -3 3 -5 5 -7
leaf_value=-0.00048079250311331475 -0.00050519070025704265 0.00085560904276604419 -0.0018197092189536023 0.0034444506376531559 -0.00085476174974320849 0.0021723741711583903
leaf_weight=1504.0317317487497 122.32911435462302 401.28100430761697 38.835997554589994 63.776324344798923 57.350761700421572 163.9530401652446
leaf_count=19544 1453 4450 491 523 474 1829
internal_value=1.80741e-05 -0.000196333 0.000917757 0.00145418 0.000856797 0.00138486
internal_weight=2351.56 1905.31 446.245 323.916 260.14 221.304
internal_count=28764 23994 4770 3317 2794 2303
is_linear=0
shrinkage=0.03


Tree=120
num_leaves=7
num_cat=0
split_feature=52 3 62 14 59 9
split_gain=0.415817 0.296094 0.283914 0.31047 0.294888 0.322108
threshold=3.2080875396860176 -0.24634530830360155 0.094833299963864928 0.41689216548846814 -0.32458400115835018 0.08135335829880784
decision_type=2 2 2 2 2 2
left_child=-1 -2 3 4 5 -3
right_child=1 2 -4 -5 -6 -7
leaf_value=0.00075273138198277622 -0.0011293101333808583 0.00010747491859047149 0.00061742954605197172 -0.002370136270464316 -0.00042224241472636352 0.002619126512573846
leaf_weight=531.51612166460836 251.06663395720534 176.85982042434625 422.86622040710063 50.880362898111343 855.53668104880489 52.530051061825361
leaf_count=6531 4022 2178 4841 210 10392 556
internal_value=2.30307e-05 -0.000194239 -3.73818e-05 -0.000284432 -0.000165864 0.000768023
internal_weight=2341.26 1809.74 1558.67 1135.81 1084.93 229.39
internal_count=28730 22199 18177 13336 13126 2734
is_linear=0
shrinkage=0.03


Tree=121
num_leaves=7
num_cat=0
split_feature=10 56 34 12 2 0
split_gain=0.613427 0.57527 0.490677 0.35213 0.351931 0.292151
threshold=0.022179878599017561 10.454084045122462 -5.0942989389101649 1.2414931050258817 -0.12081888764433853 0.1601787610190519
decision_type=2 2 10 2 2 2
left_child=1 -1 -2 -3 -4 -6
right_child=2 3 4 -5 5 -7
leaf_value=7.843354746700081e-05 0.0019278345949250719 -0.00061505583974356016 -0.00054411890812685953 -0.0022979948757832127 0.0003270495339332863 0.0021374162774619302
leaf_weight=922.46071289092652 190.67740330852394 366.57377256033942 292.6502223428688 158.75896092504263 323.04363311536144 98.948188152397051
leaf_count=11772 2998 5551 3434 839 3318 884
internal_value=7.48995e-06 -0.000374734 0.000616161 -0.00115708 0.000244413 0.000791194
internal_weight=2353.11 1447.79 905.319 525.333 714.642 421.992
internal_count=28796 18162 10634 6390 7636 4202
is_linear=0
shrinkage=0.03


Tree=122
num_leaves=7
num_cat=0
split_feature=52 10 0 22 57 31
split_gain=0.546618 0.387368 0.601483 0.344601 0.315665 0.311539
threshold=1.0000000180025095e-35 -0.020171574783181181 0.041254490373235371 -0.10586774687016971 2.5000000000000004 -3.3356852307915683
decision_type=2 2 2 2 2 8
left_child=3 2 -2 -1 -5 -3
right_child=1 5 -4 4 -6 -7
leaf_value=-0.0010796792768218502 -0.0012996570444987001 0.0022936526987525699 0.00055778620287698496 0.0022388898034239237 0.00017429358160621009 2.0978050547845869e-05
leaf_weight=48.021369943453465 508.15440932504134 46.78841991093941 218.30251346432487 177.50475896845455 106.2046940299042 1236.048699247709
leaf_count=743 7060 383 2324 2313 1317 14618
internal_value=-5.221e-06 -0.000192982 -0.000741495 0.00110441 0.00149827 0.000120969
internal_weight=2341.02 2009.29 726.457 331.731 283.709 1282.84
internal_count=28758 24385 9384 4373 3630 15001
is_linear=0
shrinkage=0.03


Tree=123
num_leaves=7
num_cat=0
split_feature=22 11 57 3 6 28
split_gain=0.526235 0.367924 0.321545 0.301372 0.282703 0.333854
threshold=-0.052655719437425842 0.037777189969819207 6.5000000000000009 -0.056960461322563376 0.21227061126140492 2.8886320590972905
decision_type=2 2 2 2 2 8
left_child=2 4 3 -1 -2 -6
right_child=1 -3 -4 -5 5 -7
leaf_value=-0.0012455875966066283 -0.0002389087672116892 0.00090735250549643567 0.0011895014312239653 0.0019374785926235519 0.00034487207719694206 0.0033546761635804751
leaf_weight=473.48508374032099 1109.9528541195905 490.33672794423182 54.761807144852355 19.614655492361635 172.37472224823432 31.973738915286958
leaf_count=6304 13813 5673 769 197 1752 268
internal_value=-3.28853e-05 0.000214985 -0.000838579 -0.00108298 -4.82234e-05 0.000950342
internal_weight=2352.5 1804.64 547.862 493.1 1314.3 204.348
internal_count=28776 21506 7270 6501 15833 2020
is_linear=0
shrinkage=0.03


Tree=124
num_leaves=7
num_cat=0
split_feature=58 52 62 37 47 12
split_gain=0.399289 0.432626 0.38533 0.371819 0.36365 0.344093
threshold=1.0000000180025095e-35 2.9510034708054627 0.42928756314100397 -1.2043984705316164 7.5000000000000009 1.9682099722782922
decision_type=2 2 2 10 8 2
left_child=1 5 -2 4 -3 -1
right_child=2 3 -4 -5 -6 -7
leaf_value=0.00094674917783619627 0.0016979061873956857 -0.00083302229831317754 2.5525283979974065e-05 -0.00073603948073009795 0.00090275363233324778 -0.0022945117631572136
leaf_weight=358.11637246952159 211.79701925172412 159.44661664994783 281.90278538802522 1024.5443829749129 294.75144756748341 22.582599505782127
leaf_count=4737 2434 2547 3227 11111 4689 98
internal_value=1.28182e-05 -0.000189228 0.000762441 -0.000421499 0.000288589 0.000700674
internal_weight=2353.14 1859.44 493.7 1478.74 454.198 380.699
internal_count=28843 23182 5661 18347 7236 4835
is_linear=0
shrinkage=0.03


Tree=125
num_leaves=7
num_cat=0
split_feature=8 9 31 6 25 22
split_gain=0.435642 0.339704 0.394087 0.359673 0.335762 0.287987
threshold=0.14912159471432224 0.019971665516506028 3.2106152176856999 -0.11093770186472625 -0.33693554365987444 -1.0000000180025095e-35
decision_type=2 2 8 2 2 2
left_child=1 4 -3 -4 -1 -2
right_child=5 2 3 -5 -6 -7
leaf_value=0.00068893207625355909 -0.00026916565181790898 -0.00039663946891843545 -0.00071713564907767836 0.0011897376787033107 -0.00070279429993938959 0.0019385185501863134
leaf_weight=176.84183567532455 76.286164375866065 432.09828820393886 104.43391941458685 429.60052427052869 981.90484825492604 150.24279642707552
leaf_count=2668 905 3692 1709 5065 13193 1547
internal_value=-6.5149e-06 -0.000141831 0.000272085 0.000810509 -0.000486319 0.00121511
internal_weight=2351.41 2124.88 966.133 534.034 1158.75 226.529
internal_count=28779 26327 10466 6774 15861 2452
is_linear=0
shrinkage=0.03


Tree=126
num_leaves=7
num_cat=0
split_feature=14 2 20 12 28 7
split_gain=0.58291 0.48198 0.518171 0.403862 0.396089 0.414181
threshold=0.27548671182333734 -0.15926819525278893 0.01929491636444387 2.1174690952512654 1.9440463185310366 0.044557549209247926
decision_type=2 2 2 2 8 2
left_child=1 2 -1 -2 -3 -6
right_child=3 4 -4 -5 5 -7
leaf_value=-0.0010383759749340088 -0.00150700462736148 0.0002453507102264049 0.00096953470211878377 0.00064519119057531728 0.00062423901608634771 0.0027073004894712848
leaf_weight=400.88069311049185 303.49388945102692 1009.6454094364744 152.079007499211 98.287759840488434 252.22397090948652 127.38908368605189
leaf_count=6863 1363 13138 2625 419 2967 1278
internal_value=4.83164e-05 0.000264472 -0.000478733 -0.000977631 0.000561594 0.00137481
internal_weight=2344 1942.22 552.96 401.782 1389.26 379.613
internal_count=28653 26871 9488 1782 17383 4245
is_linear=0
shrinkage=0.03


Tree=127
num_leaves=7
num_cat=0
split_feature=2 14 11 52 23 60
split_gain=0.412301 0.504118 0.355594 0.344175 0.295364 0.287304
threshold=-0.20597774980308578 0.41689216548846814 0.10148435400770055 1.0000000180025095e-35 0.23944426103619113 -0.0089016731868836237
decision_type=2 2 2 2 2 2
left_child=-1 2 3 5 -5 -2
right_child=1 -3 -4 4 -6 -7
leaf_value=-0.00096282008497194731 -0.00027258719803989294 -0.0018047139895226406 0.001700014906399388 -0.00018954001127902226 0.00094392212323994606 0.0019230316562715841
leaf_weight=337.29059130413225 76.590396719053388 101.66588161885738 134.67767681740224 1310.5201428476284 235.3589450318832 153.02273395759403
leaf_count=6208 783 419 1466 15401 2538 2001
internal_value=-7.94631e-06 0.000156112 0.000269329 0.000151892 -1.20136e-05 0.00120984
internal_weight=2349.13 2011.84 1910.17 1775.49 1545.88 229.613
internal_count=28816 22608 22189 20723 17939 2784
is_linear=0
shrinkage=0.03


Tree=128
num_leaves=7
num_cat=0
split_feature=52 15 28 10 24 14
split_gain=0.456257 0.319434 0.321704 0.380631 0.297209 0.2753
threshold=1.0000000180025095e-35 1.5000000000000002 -2.9210505485534664 -0.005423383416651704 2.5000000000000004 0.41689216548846814
decision_type=2 2 8 2 2 2
left_child=5 2 3 -2 -3 -1
right_child=1 4 -4 -5 -6 -7
leaf_value=0.001267651023561904 -0.00033561951586682213 -0.0021289637928703893 -9.8529036878593053e-05 0.0028850543706301136 4.6719642714146733e-05 -0.0019742069961842593
leaf_weight=320.18123519484652 56.818678953975905 118.9881939283805 1677.1391700645618 63.102326776526752 99.815916607214604 16.587504282593727
leaf_count=4351 1143 1569 19161 1250 1235 68
internal_value=5.0296e-05 -0.000122039 1.23108e-05 0.00145072 -0.00117778 0.00105565
internal_weight=2352.63 2015.86 1797.06 119.921 218.804 336.769
internal_count=28777 24358 21554 2393 2804 4419
is_linear=0
shrinkage=0.03


Tree=129
num_leaves=7
num_cat=0
split_feature=6 23 17 56 8 9
split_gain=0.486995 0.387596 0.35992 0.257606 0.3491 0.317879
threshold=0.46827315413226533 0.28231260672688802 1.0000000180025095e-35 -9.3157212395070896 -0.18469840596175646 0.2057325971065567
decision_type=2 2 2 2 2 2
left_child=1 2 3 4 -1 -5
right_child=-2 -3 -4 5 -6 -7
leaf_value=-0.0025571805769451922 0.0025093411476137181 0.00083097117386221554 -0.0013723681452479691 -0.00057254647849198578 0.00039056310268254288 0.0024208387512788527
leaf_weight=28.03808987303637 53.795879670302384 304.79763378589996 237.82078444914077 938.12901616677118 753.01199931788142 23.309070356830489
leaf_count=754 537 3348 3140 11260 9305 281
internal_value=-7.65915e-05 -0.000148138 -0.000302254 -0.000149204 0.000253756 -0.000475802
internal_weight=2338.9 2285.11 1980.31 1742.49 781.05 961.438
internal_count=28625 28088 24740 21600 10059 11541
is_linear=0
shrinkage=0.03


Tree=130
num_leaves=7
num_cat=0
split_feature=8 22 52 12 59 9
split_gain=0.359534 0.285589 0.300407 0.358249 0.356739 0.315432
threshold=0.14912159471432224 -0.14994107937907061 1.0000000180025095e-35 1.6165267330761022 -0.54455380264574416 -0.026057932286914071
decision_type=2 2 2 2 2 2
left_child=1 -1 3 5 -4 -3
right_child=-2 2 4 -5 -6 -7
leaf_value=-0.0010653339447741067 0.0011970672452209709 -0.00030638351999303189 0.001440755111166137 -0.0014961263435366574 -0.00020034590904629087 0.0020723064333704189
leaf_weight=207.54170193654136 226.83357067508041 66.446545897983015 119.27259290678194 36.535487167537212 1525.1808997281332 169.11657303612446
leaf_count=3008 2454 1179 1415 168 18402 2200
internal_value=8.83439e-05 -3.51119e-05 8.14006e-05 0.000985966 -7.33276e-05 0.00141618
internal_weight=2350.93 2124.09 1916.55 272.099 1644.45 235.563
internal_count=28826 26372 23364 3547 19817 3379
is_linear=0
shrinkage=0.03


Tree=131
num_leaves=7
num_cat=0
split_feature=14 34 28 4 6 62
split_gain=0.479803 0.48332 0.48189 0.434798 0.417877 0.53382
threshold=0.26379370872489721 -7.7673374439279232 2.8886320590972905 -0.16871999166941506 0.04920222477883162 -0.60022689879507773
decision_type=2 10 10 2 2 2
left_child=1 3 -2 -1 5 -3
right_child=2 4 -4 -5 -6 -7
leaf_value=-0.00079834835978803134 -0.0013670907145923762 0.0023399593963640457 0.0011553417944087947 0.0018841731738306173 0.00048542282690084495 -0.00066601957047416032
leaf_weight=64.899991410697112 372.58576988428831 46.995923882583156 74.913386151194572 220.69663181265059 713.50245076909778 842.78556825744454
leaf_count=1405 1684 702 333 3748 8509 12303
internal_value=-5.68742e-05 0.000153499 -0.000928801 0.0012682 -5.16953e-05 -0.00048301
internal_weight=2336.38 1888.88 447.499 285.597 1603.28 889.781
internal_count=28684 26667 2017 5153 21514 13005
is_linear=0
shrinkage=0.03


Tree=132
num_leaves=7
num_cat=0
split_feature=58 11 3 37 17 46
split_gain=0.416037 0.355309 0.27685 0.344615 0.26544 0.262439
threshold=0.58571428571428574 0.10148435400770055 -0.051712593298061986 2.114674252080214 1.5000000000000002 8.5000000000000018
decision_type=2 2 2 10 2 10
left_child=1 2 4 -4 -1 -3
right_child=-2 5 3 -5 -6 -7
leaf_value=-0.00015435497236704432 0.0026793537704102809 -0.00025497973191407824 0.0012336621444101227 -0.0005340189442498615 -0.0017373574213340288 0.0022823578564068431
leaf_weight=1634.4480369852972 44.229362769750878 53.982026648067404 267.05517367826542 147.48749234178104 91.474908716394566 93.464669833425432
leaf_count=20737 444 612 3237 1207 1443 1018
internal_value=8.22722e-05 2.06246e-05 -8.01853e-05 0.000606985 -0.00024778 0.00139621
internal_weight=2332.14 2287.91 2140.47 414.543 1725.92 147.447
internal_count=28698 28254 26624 4444 22180 1630
is_linear=0
shrinkage=0.03


Tree=133
num_leaves=7
num_cat=0
split_feature=58 8 62 24 6 43
split_gain=0.398487 0.397862 0.37275 0.34142 0.305734 0.30288
threshold=0.41428571428571431 0.24367011894370341 -0.73469572064517297 7.5000000000000009 -0.028794057698837819 1.5000000000000002
decision_type=2 2 2 2 2 2
left_child=1 2 -1 4 5 -4
right_child=-2 -3 3 -5 -6 -7
leaf_value=0.0019192385792162522 0.0016974880813828603 0.0023936731867176247 -0.0010071935501115797 0.0011423163750178148 -4.4699368957479823e-05 0.0018612544898128614
leaf_weight=68.417517970956396 114.29629765573191 48.524611728586024 573.11915776897513 151.04416847100947 1360.2677807141736 26.106626140885055
leaf_count=833 1202 548 8567 1994 15355 230
internal_value=4.43007e-05 -4.77351e-05 -0.000112791 -0.000187404 -0.000295183 -0.000853723
internal_weight=2341.78 2227.48 2178.96 2110.54 1959.49 599.226
internal_count=28729 27527 26979 26146 24152 8797
is_linear=0
shrinkage=0.03


Tree=134
num_leaves=7
num_cat=0
split_feature=58 37 46 22 23 12
split_gain=0.387685 0.353945 0.3218 0.32102 0.369577 0.355741
threshold=0.58571428571428574 -4.7619861558390149 11.500000000000002 0.11225720182233831 -0.19920255137976103 1.3610199849070617
decision_type=2 10 8 2 2 2
left_child=1 2 -1 4 -3 -5
right_child=-2 3 -4 5 -6 -7
leaf_value=-0.0013451297374893034 0.0024951906149130931 -0.001127312327425755 0.0012300116305633641 0.0014099716006699635 -0.00010629635223342197 -0.0012460215878891559
leaf_weight=43.027527140046004 44.734441382723162 409.19997308935854 276.19218818767695 184.53576658852398 1346.40389255638 50.725727342069149
leaf_count=581 450 5385 4663 2591 14942 253
internal_value=-3.64537e-07 -5.9237e-05 0.000852594 -0.000208972 -0.000349314 0.000809847
internal_weight=2354.82 2310.09 319.22 1990.87 1755.6 235.261
internal_count=28865 28415 5244 23171 20327 2844
is_linear=0
shrinkage=0.03


Tree=135
num_leaves=7
num_cat=0
split_feature=58 7 15 23 37 12
split_gain=0.500731 0.375103 0.453392 0.417169 0.370331 0.459098
threshold=0.58571428571428574 -0.090108007783338176 1.5000000000000002 1.0000000180025095e-35 -4.7619861558390149 1.0457632566964621
decision_type=2 2 2 2 10 2
left_child=1 -1 4 -4 5 -3
right_child=-2 2 3 -5 -6 -7
leaf_value=-0.0013204055437050991 0.0027723686148398846 0.0019524121566453006 -0.0019606426608106578 0.00065406152365256212 -1.2408047373416554e-05 -0.00074611279445031321
leaf_weight=203.57970053629833 45.054415943683125 186.3273387941008 171.94692553690402 72.797531609772705 1592.9752243378025 73.560720846056938
leaf_count=3937 459 3562 2268 779 17266 424
internal_value=-5.55472e-05 -0.00012267 -7.12589e-07 -0.00118777 0.00016162 0.00118926
internal_weight=2346.24 2301.19 2097.61 244.744 1852.86 259.888
internal_count=28695 28236 24299 3047 21252 3986
is_linear=0
shrinkage=0.03


Tree=136
num_leaves=7
num_cat=0
split_feature=23 0 20 26 0 28
split_gain=0.502736 0.421548 0.389017 0.227812 0.261852 0.300248
threshold=0.63266730773961444 0.43448084034578766 -0.22164365295673197 -7.423064947128295 -0.0025924371080919824 2.5612220764160161
decision_type=2 2 2 8 2 8
left_child=1 2 -1 -4 -5 -6
right_child=-2 -3 3 4 5 -7
leaf_value=-0.0017097737856730029 0.0021125507312483079 0.0025861136111519833 0.0024603772211789668 -0.00044988809653837101 -4.4207040606037066e-05 0.0010378077488299941
leaf_weight=119.47290806329693 90.976683567045256 43.291786694142502 22.937139854824636 864.65213096859225 906.01839131166344 299.36705441947561
leaf_count=1854 1043 465 387 11753 10176 3133
internal_value=4.15319e-05 -5.095e-05 -0.000113955 -1.51636e-05 -5.42906e-05 0.000230848
internal_weight=2346.72 2255.74 2212.45 2092.97 2070.04 1205.39
internal_count=28811 27768 27303 25449 25062 13309
is_linear=0
shrinkage=0.03


Tree=137
num_leaves=7
num_cat=0
split_feature=52 14 0 62 28 14
split_gain=0.391669 0.450278 0.352912 0.309329 0.340542 0.368083
threshold=3.0368918406528054 0.41689216548846814 1.0000000180025095e-35 -0.20536366794444297 2.6187661886215214 0.05597931875462956
decision_type=2 2 2 2 8 2
left_child=1 3 -2 -1 5 -5
right_child=2 -3 -4 4 -6 -7
leaf_value=-0.00030407082693786669 -0.0004634045273148528 -0.0023365496049762078 0.00039314736818319042 -0.0015440948111763665 0.0029942208932643246 0.0013007009058110257
leaf_weight=119.18583446621778 1129.6993742786872 29.581993401050568 688.7570270888682 39.755415159947006 85.714139894698747 253.55922492593527
leaf_count=1458 15223 121 7107 1709 1019 2154
internal_value=7.10364e-05 0.000782465 -0.000138602 0.00100999 0.00142039 0.000876926
internal_weight=2346.25 527.797 1818.46 498.215 379.029 293.315
internal_count=28791 6461 22330 6340 4882 3863
is_linear=0
shrinkage=0.03


Tree=138
num_leaves=7
num_cat=0
split_feature=11 22 2 4 37 34
split_gain=0.400535 0.316804 0.426723 0.390126 0.338595 0.294245
threshold=0.036884205039575034 0.075887035860499066 -0.11763271990540462 -0.20014580565796922 3.8602677793759441 -1.4297700412571428
decision_type=2 2 2 2 8 10
left_child=-1 2 -2 -4 5 -5
right_child=1 -3 3 4 -6 -7
leaf_value=-0.00023780626602833106 -0.00082657098117404283 0.0021896049020699126 -0.0017356649520702324 0.0016226132247280467 0.0026828758041322486 -0.00041046501033062453
leaf_weight=1717.6943027225498 179.04455393718672 90.325879516778514 35.77073402289534 115.91791096210363 94.265930842608213 123.92647118878085
leaf_count=21340 2426 1118 464 1511 848 1181
internal_value=9.26335e-07 0.000636193 0.000345976 0.000920377 0.00124692 0.000597748
internal_weight=2356.95 639.251 548.926 369.881 334.11 239.844
internal_count=28888 7548 6430 4004 3540 2692
is_linear=0
shrinkage=0.03


Tree=139
num_leaves=7
num_cat=0
split_feature=58 62 2 24 8 56
split_gain=0.359787 0.338884 0.328108 0.41179 0.276891 0.269668
threshold=0.41428571428571431 -0.73469572064517297 -0.20597774980308578 3.5000000000000004 0.24367011894370341 -42.888851197173288
decision_type=2 2 2 2 2 2
left_child=1 -1 3 -3 -4 -5
right_child=-2 2 4 5 -6 -7
leaf_value=0.0017758506737369998 0.0015335189087784709 -0.0019559011896565872 -0.00010035187507560855 0.0021412842272161407 0.002068280166713391 -0.00064287956729060659
leaf_weight=71.871555516321678 115.06803766870871 182.19318619943806 1806.2855622733478 35.260674346936867 44.583752201433526 92.233815435582073
leaf_count=854 1202 3505 20416 649 503 1663
internal_value=-3.2622e-05 -0.000119826 -0.000190777 -0.0010783 -3.728e-05 0.00022686
internal_weight=2347.5 2232.43 2160.56 309.688 1850.87 127.494
internal_count=28792 27590 26736 5817 20919 2312
is_linear=0
shrinkage=0.03


Tree=140
num_leaves=7
num_cat=0
split_feature=15 24 22 60 7 8
split_gain=0.386126 0.444202 0.315811 0.303116 0.298866 0.295209
threshold=1.5000000000000002 2.5000000000000004 -0.13947509509629011 -0.082204497798358991 -0.018532532441409792 0.2329794676934813
decision_type=2 2 2 2 2 2
left_child=2 3 4 -2 -1 -4
right_child=1 -3 5 -5 -6 -7
leaf_value=-0.0027207500434496515 0.001297130764909161 0.00026759826891627756 0.00019061175862257449 -0.0025475567767762673 -0.0002573477266709966 0.0023310029886458956
leaf_weight=50.828407052380498 14.965238674543796 125.19785171671538 1802.106125146398 133.75237136549549 172.68402273900574 50.069216921401676
leaf_count=914 146 1564 21495 1869 2247 535
internal_value=-1.04837e-05 -0.00104839 0.000130853 -0.00210332 -0.000910068 0.000260679
internal_weight=2349.6 273.915 2075.69 148.718 223.512 1852.18
internal_count=28770 3579 25191 2015 3161 22030
is_linear=0
shrinkage=0.03


Tree=141
num_leaves=7
num_cat=0
split_feature=0 14 8 34 14 22
split_gain=0.37839 0.344334 0.277972 0.249741 0.246759 0.233192
threshold=0.20645121607200714 0.41689216548846814 0.2329794676934813 -7.6141787668069192 0.024616897938901591 0.041689049965885003
decision_type=2 2 2 10 2 2
left_child=1 2 4 -2 -1 -5
right_child=3 -3 -4 5 -6 -7
leaf_value=-0.0018677571487680578 0.0035481954159848794 -0.0018252734558368532 0.0020920830541257588 0.00020844086956472185 -4.1100984868290765e-05 0.002354333528248652
leaf_weight=59.035095287763397 21.853935773659032 93.26614037156105 43.188969528418966 213.48230695072562 1871.5551581140608 48.786571318807546
leaf_count=5153 377 384 497 2093 19745 479
internal_value=6.15046e-06 -0.000136486 -4.78878e-05 0.00101322 -0.000106295 0.000679424
internal_weight=2351.17 2067.05 1973.78 284.123 1930.59 262.269
internal_count=28728 25779 25395 2949 24898 2572
is_linear=0
shrinkage=0.03


Tree=142
num_leaves=7
num_cat=0
split_feature=9 31 4 6 23 37
split_gain=0.329458 0.338824 0.387949 0.348045 0.31183 0.30415
threshold=0.013738134376805588 4.4331994056701669 -0.21363968138540093 -0.10786197002230929 0.5295405301742796 0.67549418361374647
decision_type=2 8 2 2 2 8
left_child=4 -2 -3 -4 5 -1
right_child=1 2 3 -5 -6 -7
leaf_value=0.00013316032617159142 -0.00011433401355096822 -0.0015869172917787895 -0.00048768468519773037 0.0015415156981870961 0.0014944071275628655 -0.00086646799134499752
leaf_weight=446.78943895522389 631.35345160152065 42.362007073272252 88.929026103171054 389.29457572981482 67.573413058678852 688.50132389267674
leaf_count=7730 5605 663 1498 4676 815 7809
internal_value=-7.45371e-06 0.00035359 0.000912536 0.00116191 -0.000353277 -0.00047534
internal_weight=2354.8 1151.94 520.586 478.224 1202.86 1135.29
internal_count=28796 12442 6837 6174 16354 15539
is_linear=0
shrinkage=0.03


Tree=143
num_leaves=7
num_cat=0
split_feature=0 9 56 2 14 9
split_gain=0.35968 0.33063 0.332236 0.298712 0.256018 0.262801
threshold=0.43448084034578766 0.2057325971065567 -9.6720651431972708 -0.36413221554646275 0.32191777671708721 0.056701597368830479
decision_type=2 2 2 2 2 2
left_child=1 2 3 -1 5 -4
right_child=-2 -3 4 -5 -6 -7
leaf_value=-0.002354233475757697 0.0023227922227005023 0.0020938693109324477 -0.00055648726562281675 0.00037435149708279586 -0.0015863803593293769 0.00050186642112387374
leaf_weight=27.536726328486111 48.959675860212883 53.009541962877847 785.92426200781483 1018.0205230632564 145.2088633030653 278.66904094652273
leaf_count=768 522 654 10677 12406 620 3168
internal_value=8.90747e-06 -4.99766e-05 -0.000109386 0.000280867 -0.000446194 -0.000277359
internal_weight=2357.33 2308.37 2255.36 1045.56 1209.8 1064.59
internal_count=28815 28293 27639 13174 14465 13845
is_linear=0
shrinkage=0.03


Tree=144
num_leaves=7
num_cat=0
split_feature=0 58 14 30 8 52
split_gain=0.480685 0.388279 0.460274 0.327849 0.325079 0.29358
threshold=0.41755904922386428 0.41428571428571431 0.41689216548846814 -4.4509689807891837 0.16713640384014392 3.0368918406528054
decision_type=2 2 2 10 2 2
left_child=1 2 3 4 -1 -5
right_child=-2 -3 -4 5 -6 -7
leaf_value=0.00031604945073802454 0.0025585326111044102 0.0015891652182544449 -0.0020386968891441949 0.00049384281910748137 0.0027308159784388709 -0.00051483990163727527
leaf_weight=572.45523490593769 55.556769064249238 113.59627723845188 99.089158788323402 328.14155045844382 45.481678104319144 1124.2653984085191
leaf_count=9127 605 1174 408 3728 661 13011
internal_value=2.57018e-05 -4.68229e-05 -0.000139385 -3.91192e-05 0.00053444 -0.00028513
internal_weight=2338.59 2283.03 2169.43 2070.34 617.937 1452.41
internal_count=28714 28109 26935 26527 9788 16739
is_linear=0
shrinkage=0.03


Tree=145
num_leaves=7
num_cat=0
split_feature=15 24 60 52 30 0
split_gain=0.349247 0.362417 0.398094 0.329361 0.324899 0.290836
threshold=1.5000000000000002 2.5000000000000004 -0.08304160560457427 1.0000000180025095e-35 -2.6977353096008296 0.48279492640917049
decision_type=2 2 2 2 10 2
left_child=3 2 -2 4 -1 -5
right_child=1 -3 -4 5 -6 -7
leaf_value=0.0022701725178240493 0.0018216451851616354 0.00016544149942843205 -0.0024646332756192244 -0.00010707274251104871 0.00020686854385367886 0.0026965936630484119
leaf_weight=105.35058226666297 15.112418383359907 128.43895646484452 137.56107431557029 1779.9665345816175 175.38621960504679 23.934768405859359
leaf_count=1748 147 1590 1910 21416 1852 273
internal_value=-3.99733e-05 -0.00101347 -0.00195445 9.55143e-05 0.00103261 -5.52116e-05
internal_weight=2365.75 281.112 152.673 2084.64 280.737 1803.9
internal_count=28936 3647 2057 25289 3600 21689
is_linear=0
shrinkage=0.03


Tree=146
num_leaves=7
num_cat=0
split_feature=58 22 33 37 52 37
split_gain=0.400585 0.342705 0.343799 0.27834 0.272246 0.278929
threshold=0.44949494949494956 -0.14994107937907061 -3.1119437416394544 2.0065872691571713 1.0000000180025095e-35 -5.3254536892287421
decision_type=2 2 8 10 2 8
left_child=1 2 -1 -2 -3 -6
right_child=3 4 -4 -5 5 -7
leaf_value=0.0022680405004623537 0.00032792145430791004 0.00089943977373272766 -0.0014844455526812808 0.0033158715837659941 0.0017579961760112767 -0.00015307873669492006
leaf_weight=15.51522401627153 63.022568750777282 292.63964238789049 209.67236093862448 44.43305811053142 61.68064095255977 1672.0914673916704
leaf_count=268 771 3795 2979 372 1418 19379
internal_value=3.2479e-05 -5.63734e-05 -0.00114046 0.00174056 6.91059e-05 -7.53987e-05
internal_weight=2359.05 2251.6 225.188 107.456 2026.41 1733.77
internal_count=28982 27839 3247 1143 24592 20797
is_linear=0
shrinkage=0.03


Tree=147
num_leaves=7
num_cat=0
split_feature=60 28 62 4 23 56
split_gain=0.334539 0.287032 0.359212 0.302177 0.2621 0.315291
threshold=-0.081211594047874064 3.3297342061996464 -0.15093573364874283 -0.085554981953532463 -0.26931642933927419 35.331618584322221
decision_type=2 8 2 2 2 2
left_child=4 -2 3 -3 -1 -6
right_child=1 2 -4 -5 5 -7
leaf_value=-0.00064650982254142091 -0.00020467841641135903 -0.0027884666712524432 0.0011685683862047503 0.0013175861417409381 0.0020037344047548473 -0.00054076881722040491
leaf_weight=62.147071345010772 1721.4751698557229 33.642695492133498 281.2031326488941 18.092809917405248 186.06143988354597 51.736114653525874
leaf_count=665 22228 389 3262 186 1649 460
internal_value=9.05277e-05 -4.7852e-05 0.00074535 -0.00137168 0.0010093 0.00145066
internal_weight=2354.36 2054.41 332.939 51.7355 299.945 237.798
internal_count=28839 26065 3837 575 2774 2109
is_linear=0
shrinkage=0.03


Tree=148
num_leaves=7
num_cat=0
split_feature=14 10 11 3 28 21
split_gain=0.460734 0.694463 0.449976 0.31271 0.291953 0.375168
threshold=0.24053669836165584 0.022885867796679695 0.058257533496494027 -0.23163124171140265 -2.9210505485534664 1.0000000180025095e-35
decision_type=2 2 2 2 10 2
left_child=3 -2 -3 -1 5 -5
right_child=1 2 -4 4 -6 -7
leaf_value=-0.00066639900463410617 -0.0016075480800104706 -0.00018693748687344261 0.0029205437626198105 0.0026226820283600711 0.000202092026842546 0.00033346718767730723
leaf_weight=287.65672319656005 332.78541635721922 182.62358641624451 44.042087242007256 102.05561673770717 1248.0388386599661 159.70962983267964
leaf_count=5431 1555 851 199 1463 16400 2881
internal_value=-9.65816e-06 -0.000753744 0.00051475 0.000224824 0.000397892 0.00128964
internal_weight=2356.91 559.451 226.666 1797.46 1509.8 261.765
internal_count=28780 2605 1050 26175 20744 4344
is_linear=0
shrinkage=0.03


Tree=149
num_leaves=7
num_cat=0
split_feature=23 62 58 5 30 4
split_gain=0.351428 0.269533 0.269918 0.304542 0.343989 0.392633
threshold=0.55430253330967216 -0.73469572064517297 0.13392857142857145 0.066509823265692339 -5.2573676109313956 -0.20014580565796922
decision_type=2 2 2 2 10 2
left_child=1 -1 3 4 5 -3
right_child=-2 2 -4 -5 -6 -7
leaf_value=0.001555781681563398 0.0014030737626116604 -0.0021022109044715846 0.0004303789439479725 0.0012118241118653729 -0.0007682226549272274 0.00053626482327411538
leaf_weight=66.623856703576166 121.13902649172815 48.206285186053719 408.97162194544217 88.352174398838542 1223.1699899909727 390.465524341329
leaf_count=804 1364 955 4674 953 13959 6031
internal_value=-0.000107023 -0.000195118 -0.000256068 -0.000418005 -0.000511385 0.000205927
internal_weight=2346.93 2225.79 2159.17 1750.19 1661.84 438.672
internal_count=28740 27376 26572 21898 20945 6986
is_linear=0
shrinkage=0.03


Tree=150
num_leaves=7
num_cat=0
split_feature=52 45 46 14 9 28
split_gain=0.407053 0.283814 0.470705 0.391768 0.462007 0.298901
threshold=1.0000000180025095e-35 0.21111111111111114 16.500000000000004 0.39335272364854368 0.14124828038767548 0.84840971231460582
decision_type=2 10 8 2 2 8
left_child=-1 2 -2 4 -3 -6
right_child=1 3 -4 -5 5 -7
leaf_value=0.00099881949750813318 0.0019312348116702187 -0.00067296595380297191 -4.2470494394265359e-05 -0.0034519051119592096 0.0038277381866963925 -0.00047290448302299358
leaf_weight=332.7812500410073 109.22184416907839 581.27118034646264 1233.7356255054183 31.577172413468361 26.051500603673048 21.071714403107762
leaf_count=4311 1085 8000 14474 132 382 229
internal_value=4.33454e-05 -0.000119577 0.000131137 -0.000624092 -0.000430147 0.00215852
internal_weight=2335.71 2002.93 1342.96 659.972 628.394 47.1232
internal_count=28613 24302 15559 8743 8611 611
is_linear=0
shrinkage=0.03


Tree=151
num_leaves=7
num_cat=0
split_feature=23 62 22 60 10 7
split_gain=0.316911 0.294499 0.305057 0.297496 0.265861 0.225403
threshold=0.63266730773961444 -0.73469572064517297 -0.13947509509629011 -0.0072462422511126619 0.00070005680305113016 -0.090108007783338176
decision_type=2 2 2 2 2 2
left_child=1 -1 3 -3 -5 -4
right_child=-2 2 5 4 -6 -7
leaf_value=0.0017229165343172412 0.0015909749964610885 -0.0028203808940367786 -0.0010003864940137349 -0.0015850343244219653 0.00061841340278592349 7.4982349250174768e-05
leaf_weight=67.641883824137039 95.153191553195938 59.502119669981766 184.62154469653615 86.328446853731293 92.747149033733876 1769.174279206316
leaf_count=812 1052 699 3500 1352 1397 19975
internal_value=-1.91909e-05 -9.36935e-05 -0.00015731 -0.00114719 -0.000471471 -3.121e-05
internal_weight=2355.17 2260.02 2192.37 238.578 179.076 1953.8
internal_count=28787 27735 26923 3448 2749 23475
is_linear=0
shrinkage=0.03


Tree=152
num_leaves=7
num_cat=0
split_feature=58 24 8 62 8 14
split_gain=0.443767 0.380378 0.378106 0.343007 0.314469 0.233361
threshold=0.58571428571428574 7.5000000000000009 -0.22935053832179467 -0.73469572064517297 0.2329794676934813 0.24053669836165584
decision_type=2 2 2 2 2 2
left_child=1 2 -1 -4 5 -5
right_child=-2 -3 3 4 -6 -7
leaf_value=-0.0029952282554688734 0.0025749624750311586 0.001231988156220053 0.0017603302745890046 -0.00013918291543101253 0.0017693801070746329 -0.00088880697938518679
leaf_weight=34.136438283429015 45.534234918857692 159.17361857986543 68.54369781591231 1500.9031125224865 56.69309399559279 489.94579373300076
leaf_count=1003 463 2093 780 21589 625 2280
internal_value=-7.57566e-05 -0.000138897 -0.000245613 -0.000187377 -0.000260817 -0.000327185
internal_weight=2354.93 2309.4 2150.22 2116.09 2047.54 1990.85
internal_count=28833 28370 26277 25274 24494 23869
is_linear=0
shrinkage=0.03


Tree=153
num_leaves=7
num_cat=0
split_feature=23 6 20 31 14 13
split_gain=0.296214 0.293892 0.254331 0.293959 0.254148 0.363649
threshold=0.63266730773961444 0.46827315413226533 -0.15702012805683677 4.8142440915107736 0.22803613086365929 2.249904835165133
decision_type=2 2 2 8 2 2
left_child=1 2 4 -4 5 -1
right_child=-2 -3 3 -5 -6 -7
leaf_value=0.0012863368325442646 0.0016076334140960832 0.0020940263113836174 -0.00026919002194953468 0.00047149110405846702 -0.002577819855591538 -0.0013194435279894911
leaf_weight=66.337908540823264 95.427909626130713 47.728311064711306 1141.0989522139425 820.0324119720899 55.777989730238914 122.3053048014699
leaf_count=993 1063 474 11307 12358 271 2213
internal_value=5.33875e-05 -1.92481e-05 -7.42245e-05 4.1341e-05 -0.000966653 -0.000384474
internal_weight=2348.71 2253.28 2205.55 1961.13 244.421 188.643
internal_count=28679 27616 27142 23665 3477 3206
is_linear=0
shrinkage=0.03


Tree=154
num_leaves=7
num_cat=0
split_feature=14 15 9 12 10 35
split_gain=0.343627 0.346175 0.310727 0.2954 0.293716 0.445782
threshold=0.41689216548846814 1.5000000000000002 0.15981579935375531 2.1174690952512654 -0.065888960887512629 -3.9967379066749174
decision_type=2 2 2 2 2 10
left_child=1 2 4 -2 -1 -6
right_child=3 -3 -4 -5 5 -7
leaf_value=-0.00072263077013285065 -0.0029657519826732474 -0.00089331222977249406 0.0016852771193738415 9.4672113247866791e-06 0.0014923517277118244 9.6419376188637329e-05
leaf_weight=282.95430200287956 52.34442737698555 260.86330603025272 117.20535731181735 57.830181002616882 233.65671154152369 1339.2695118182601
leaf_count=4011 215 3505 1373 239 3075 16316
internal_value=2.98091e-05 0.000113385 0.000250315 -0.00153324 0.000151146 0.000311902
internal_weight=2344.12 2233.95 1973.09 110.175 1855.88 1572.93
internal_count=28734 28280 24775 454 23402 19391
is_linear=0
shrinkage=0.03


Tree=155
num_leaves=7
num_cat=0
split_feature=14 3 24 33 6 57
split_gain=0.390021 0.290693 0.290961 0.280355 0.279447 0.237127
threshold=0.55539512592572449 -0.25250546061850243 7.5000000000000009 0.54966201633214962 0.38622876974382253 5.5000000000000009
decision_type=2 2 2 10 2 2
left_child=1 -1 4 -4 5 -3
right_child=-2 2 3 -5 -6 -7
leaf_value=-0.00089136069355958217 -0.0031435176561703795 -0.00020776211258694008 0.002285678441539749 -0.00034274204478414454 0.0016021835282823743 0.00072845339749811222
leaf_weight=279.37700862219208 26.096105054020882 1539.1041082218871 92.897927024401724 53.000760137685575 85.691338839300442 278.95120184740517
leaf_count=4610 112 18039 1215 620 842 3456
internal_value=-4.89836e-05 -1.01893e-06 0.000124078 0.00137011 2.19242e-05 -6.09159e-05
internal_weight=2355.12 2329.02 2049.65 145.899 1903.75 1818.06
internal_count=28894 28782 24172 1835 22337 21495
is_linear=0
shrinkage=0.03


Tree=156
num_leaves=7
num_cat=0
split_feature=20 17 11 31 20 51
split_gain=0.296339 0.265337 0.256951 0.252083 0.246612 0.252105
threshold=-0.13915236707533757 1.5000000000000002 0.037777189969819207 1.6254896745085718 0.068266241624586763 0.45000000000000007
decision_type=2 2 2 10 2 2
left_child=3 2 -2 -1 5 -4
right_child=1 -3 4 -5 -6 -7
leaf_value=0.00015025757523385536 2.5448949077037261e-05 -0.001231897790391625 0.00011296611539535351 -0.0015859900316156101 0.0021023083284556149 0.0018927379802193144
leaf_weight=129.07908941619098 1404.2659899765131 106.85841251001693 362.32736205737456 165.30035326842335 95.415640126098879 79.736272989073768
leaf_count=1503 16813 1556 4307 2687 1151 709
internal_value=2.90826e-05 0.000158145 0.000240562 -0.000844758 0.000791854 0.000468756
internal_weight=2342.98 2048.6 1941.75 294.379 537.479 442.064
internal_count=28726 24536 22980 4190 6167 5016
is_linear=0
shrinkage=0.03


Tree=157
num_leaves=7
num_cat=0
split_feature=3 39 20 28 5 46
split_gain=0.313227 0.39579 0.415927 0.367448 0.325339 0.257297
threshold=-0.051712593298061986 4.5000000000000009 0.033132391303518353 3.9395006895065312 -0.039412887852529992 164.50000000000003
decision_type=2 2 2 10 2 8
left_child=3 2 -2 -1 -4 -3
right_child=1 5 4 -5 -6 -7
leaf_value=-0.00022270232437321456 0.0032538299885623042 0.0010731549197582431 -0.0017592775110846783 0.0019477155594615134 0.001777209309088251 -0.00066656315957207095
leaf_weight=1843.4004624208319 81.717252291971818 121.94547135429457 32.601641085231677 63.011509797768667 42.128509339469019 172.1874103526352
leaf_count=23518 797 1312 317 584 442 1900
internal_value=2.77716e-05 0.000730136 0.00189926 -0.000141176 0.000208841 6.62819e-05
internal_weight=2356.99 450.58 156.447 1906.41 74.7302 294.133
internal_count=28870 4768 1556 24102 759 3212
is_linear=0
shrinkage=0.03


Tree=158
num_leaves=7
num_cat=0
split_feature=2 24 28 62 11 2
split_gain=0.335293 0.375548 0.302827 0.245882 0.270882 0.274616
threshold=-0.30646910013130363 3.5000000000000004 3.9395006895065312 -0.73469572064517297 0.12597660222346763 -0.093394133761772233
decision_type=2 2 10 2 2 2
left_child=1 -1 3 -2 -5 -6
right_child=2 -3 -4 4 5 -7
leaf_value=-0.0029014774046225785 0.0016982724892577042 0.00053296368908973516 0.001874011824162365 -6.4732274921263438e-05 -0.00093499115968372309 0.0026733718560045991
leaf_weight=60.08614204931655 70.060767682851292 43.943466607946903 76.792292591300793 2029.299269066978 21.080661511048675 53.701915130601265
leaf_count=1505 810 1025 653 24045 229 573
internal_value=5.63398e-05 -0.00153121 0.000136158 6.6477e-05 4.3661e-06 0.00166589
internal_weight=2354.96 104.03 2250.93 2174.14 2104.08 74.7826
internal_count=28840 2530 26310 25657 24847 802
is_linear=0
shrinkage=0.03


Tree=159
num_leaves=7
num_cat=0
split_feature=23 14 9 8 15 28
split_gain=0.357407 0.26937 0.275271 0.293327 0.257202 0.332075
threshold=0.28231260672688802 0.55539512592572449 0.2057325971065567 -0.062003409775181824 1.5000000000000002 2.8886320590972905
decision_type=2 2 2 2 2 8
left_child=1 2 3 -1 5 -5
right_child=-2 -3 -4 4 -6 -7
leaf_value=-0.00093886363367251232 0.00090336067825359453 -0.0028559170869288347 0.0019124030465697669 -8.1840920122102387e-05 -0.00098503656423258178 0.0010606724551748704
leaf_weight=353.37910878754337 325.10029437657795 22.691613093018532 48.903745246934704 1125.5743411608419 195.97161491279257 277.04746612423332
leaf_count=6217 3517 98 590 13055 2430 2807
internal_value=-4.46291e-06 -0.000154036 -0.000109345 -0.000169486 5.36949e-06 0.000149741
internal_weight=2348.67 2023.57 2000.88 1951.97 1598.59 1402.62
internal_count=28714 25197 25099 24509 18292 15862
is_linear=0
shrinkage=0.03


Tree=160
num_leaves=7
num_cat=0
split_feature=15 24 60 22 34 4
split_gain=0.345701 0.414393 0.331769 0.316145 0.282265 0.410417
threshold=1.5000000000000002 2.5000000000000004 -0.08304160560457427 0.15006018664226201 -7.6141787668069192 -0.098222960652091143
decision_type=2 2 2 2 10 2
left_child=3 2 -2 4 5 -1
right_child=1 -3 -4 -5 -6 -7
leaf_value=-0.00010495906798341307 0.0014805630555606434 0.00030022232747080812 -0.0024552496558592428 0.0013633374812715088 -0.00011434097272077374 0.0022080163453856868
leaf_weight=154.57003082329175 15.485560462344436 125.720597507403 134.30881086486625 166.07742090447573 1642.5605296697759 113.54036075314798
leaf_count=2620 149 1562 1876 2131 18768 1710
internal_value=1.30251e-05 -0.000966096 -0.00198118 0.000146929 3.46497e-05 0.000918722
internal_weight=2352.26 275.515 149.794 2076.75 1910.67 268.11
internal_count=28816 3587 2025 25229 23098 4330
is_linear=0
shrinkage=0.03


Tree=161
num_leaves=7
num_cat=0
split_feature=0 8 22 10 30 57
split_gain=0.262683 0.432492 0.343387 0.272656 0.262394 0.311756
threshold=0.0089314059507624739 0.24367011894370341 0.023672478144142702 0.048534313537750624 4.4412698745727548 6.5000000000000009
decision_type=2 2 2 2 8 2
left_child=1 3 4 -1 5 -2
right_child=2 -3 -4 -5 -6 -7
leaf_value=-0.00053476722150835193 -0.00044159938886613069 0.003161696728677625 0.0014607747803438451 0.00043024401865794393 0.0015070073669729092 0.0015661754314861744
leaf_weight=1136.3282963790989 499.02847772580571 22.984142554050777 203.31558535073418 333.9372964730137 88.265427203150466 70.72184298071079
leaf_count=15346 5225 272 2115 4284 749 777
internal_value=2.43035e-07 -0.000239984 0.000414688 -0.000314161 7.44363e-05 -0.000169663
internal_weight=2354.58 1493.25 861.331 1470.27 658.016 569.75
internal_count=28768 19902 8866 19630 6751 6002
is_linear=0
shrinkage=0.03


Tree=162
num_leaves=7
num_cat=0
split_feature=58 30 14 2 59 28
split_gain=0.365834 0.380841 0.363427 0.266091 0.357044 0.291243
threshold=0.44949494949494956 -0.61279892921447743 0.41689216548846814 -0.18451070515272663 -0.32458400115835018 -3.6651935577392574
decision_type=2 10 2 2 2 10
left_child=2 -2 3 4 -1 -5
right_child=1 -3 -4 5 -6 -7
leaf_value=0.0013144273644663733 -0.00030084560449362453 0.0030939581427134729 -0.0017355894982775475 0.0011062961175758721 -0.0010354534798047176 1.5387794918287946e-05
leaf_weight=60.585313541640062 49.733239382621832 58.422441333648749 102.41756502538919 248.76796576277411 348.50225737298024 1481.7859937192989
leaf_count=1007 620 527 421 3528 6194 16475
internal_value=1.24612e-05 0.00163958 -7.29619e-05 1.43262e-05 -0.000664379 0.000177661
internal_weight=2350.21 108.156 2242.06 2139.64 409.088 1730.55
internal_count=28772 1147 27625 27204 7201 20003
is_linear=0
shrinkage=0.03


Tree=163
num_leaves=7
num_cat=0
split_feature=8 10 46 12 28 31
split_gain=0.292324 0.279397 0.505724 0.289797 0.478119 0.28204
threshold=-0.084287802071454157 0.022179878599017561 26.500000000000004 0.71248411587238913 1.5660933256149294 -4.4381656646728507
decision_type=2 2 8 2 8 10
left_child=-1 3 -3 4 -2 -4
right_child=1 2 5 -5 -6 -7
leaf_value=-0.00084951084017153243 -0.00018413244636229388 0.002161491673415413 0.0020474335826755926 -0.00052742846825762119 0.0016603018195724933 3.2959035788598668e-05
leaf_weight=279.81073005293729 412.71169993223157 141.97508302034112 59.734668674995191 683.01367177069187 171.33261139981914 610.57830252972781
leaf_count=5292 7705 1586 632 4276 2708 6686
internal_value=4.3578e-05 0.000167249 0.000597994 -0.000111415 0.000375783 0.000239935
internal_weight=2359.16 2079.35 812.288 1267.06 584.044 670.313
internal_count=28885 23593 8904 14689 10413 7318
is_linear=0
shrinkage=0.03


Tree=164
num_leaves=7
num_cat=0
split_feature=58 37 15 8 20 30
split_gain=0.312504 0.381654 0.243127 0.251943 0.198972 0.19503
threshold=0.44949494949494956 1.9017123041669191 1.5000000000000002 0.24367011894370341 -0.035820722150141746 -4.4509689807891837
decision_type=2 10 2 2 2 10
left_child=2 -2 3 5 -4 -1
right_child=1 -3 4 -5 -6 -7
leaf_value=0.00045090039656029985 -0.00014309316511436311 0.0031973424117600698 -0.0021149427878206293 0.0020368952518957468 -0.00034509259283219368 -0.00021076092933906615
leaf_weight=552.44335265297559 61.988439565699082 49.589173096232116 76.356782165850746 45.06511592809693 184.33789415541105 1386.3276661357959
leaf_count=8543 753 417 1129 505 2296 15215
internal_value=8.4451e-07 0.00148239 -7.90531e-05 3.58487e-05 -0.000922457 -2.08775e-05
internal_weight=2356.11 111.578 2244.53 1983.84 260.695 1938.77
internal_count=28858 1170 27688 24263 3425 23758
is_linear=0
shrinkage=0.03


Tree=165
num_leaves=7
num_cat=0
split_feature=0 20 5 39 37 25
split_gain=0.267354 0.273753 0.369781 0.397823 0.291401 0.274986
threshold=0.41755904922386428 0.048743844151554173 -0.06801894047650088 5.5000000000000009 2.683105120524055 0.29760908232395433
decision_type=2 2 2 2 8 2
left_child=1 5 3 4 -3 -1
right_child=-2 2 -4 -5 -6 -7
leaf_value=-4.8709800146017698e-05 0.0019183576974823012 -0.00032895194127305051 0.0010848598699470062 0.00085469951616220976 -0.0041221655056212182 -0.0010125549784983834
leaf_weight=1495.961545008744 53.735232395731146 39.344856987765525 347.5788479007897 67.023123196617234 27.33447954710573 314.42775739374338
leaf_count=18071 586 511 4258 902 272 4180
internal_value=1.71288e-06 -5.13681e-05 0.000577314 -0.000725801 -0.00221873 -0.000220753
internal_weight=2345.41 2291.67 481.281 133.702 66.6793 1810.39
internal_count=28780 28194 5943 1685 783 22251
is_linear=0
shrinkage=0.03


Tree=166
num_leaves=7
num_cat=0
split_feature=28 46 1 20 20 51
split_gain=0.320586 0.481463 0.430125 0.36097 0.309362 0.29136
threshold=3.9395006895065312 27.500000000000004 -0.061853909940598854 -0.20154445746665389 -0.068906734703503877 0.45000000000000007
decision_type=8 8 2 2 2 2
left_child=-1 4 -3 -4 -2 -6
right_child=1 2 3 -5 5 -7
leaf_value=-9.4650181295079355e-05 0.0021903274834603032 -0.0012552272669658529 -0.00034786438025799569 0.0030986649477436818 -0.0024449909572799534 0.00090036180275785186
leaf_weight=2049.6365597245749 18.688924308517016 27.919407414156012 31.850438499590382 126.39781197381672 59.602091926382855 28.909562289947644
leaf_count=25304 280 388 464 1339 764 228
internal_value=3.96279e-05 0.000949967 0.00183769 0.00242554 -0.000616939 -0.00137186
internal_weight=2343 293.368 186.168 158.248 107.201 88.5117
internal_count=28767 3463 2191 1803 1272 992
is_linear=0
shrinkage=0.03


Tree=167
num_leaves=7
num_cat=0
split_feature=60 2 11 40 27 23
split_gain=0.298379 0.307072 0.297956 0.279115 0.289001 0.259227
threshold=-0.082204497798358991 -0.11850547258345376 0.12597660222346763 3.5000000000000004 0.30957181751728063 -0.30937448362735015
decision_type=2 2 2 2 10 2
left_child=5 -2 3 -3 -5 -1
right_child=1 2 -4 4 -6 -7
leaf_value=-0.00084272892370470794 -0.00050177598922465975 -1.2825085471894822e-05 0.0021724567827421087 0.0033784412926719889 -0.00058669168199780011 0.001331802045239309
leaf_weight=54.318229230935685 922.42855674371822 1023.9920651563734 57.03626076632645 34.96753712464124 22.083992208587006 237.29248754828586
leaf_count=575 13028 11789 617 399 237 2132
internal_value=3.07947e-05 -9.77543e-05 0.000231229 0.000109836 0.00198499 0.000912241
internal_weight=2352.12 2060.51 1138.08 1081.04 57.0515 291.611
internal_count=28777 26070 13042 12425 636 2707
is_linear=0
shrinkage=0.03


Tree=168
num_leaves=7
num_cat=0
split_feature=20 12 60 14 12 31
split_gain=0.298229 0.320566 0.244243 0.318936 0.280499 0.277344
threshold=0.183388582405968 1.2042547950532845 0.019687400646616674 0.48849821440016178 1.0889530009095612 7.1152036786079416
decision_type=2 2 2 2 2 8
left_child=2 -2 3 5 -4 -1
right_child=1 -3 4 -5 -6 -7
leaf_value=-0.00029119812437681446 0.0022275473389841436 -0.000894083502727311 -5.4426683739200976e-05 -0.0023874133442391 0.0020488944237188758 0.00047472836223253205
leaf_weight=1332.6517594926991 98.080629480245989 34.482861530035734 121.92351787909865 43.951066121459007 96.444672748446465 612.96651311163441
leaf_count=14801 1553 185 1442 183 501 10119
internal_value=7.99216e-05 0.00140978 -5.91881e-06 -0.000112045 0.000923569 -4.86996e-05
internal_weight=2340.5 132.563 2207.94 1989.57 218.368 1945.62
internal_count=28784 1738 27046 25103 1943 24920
is_linear=0
shrinkage=0.03


Tree=169
num_leaves=7
num_cat=0
split_feature=9 58 56 24 8 43
split_gain=0.279677 0.26682 0.242926 0.266474 0.273109 0.244022
threshold=0.1685178306399992 0.63333333333333341 -9.3157212395070896 9.5000000000000018 -0.18469840596175646 1.5000000000000002
decision_type=2 2 2 2 2 2
left_child=1 2 3 4 -1 -6
right_child=-2 -3 -4 -5 5 -7
leaf_value=-0.0023217095976202154 0.0013845451479828346 0.0021304725387495216 -0.00040016233121995161 0.0026027244734012126 0.00011631635480957411 0.0022566727352580779
leaf_weight=29.339099709701259 118.03681543667335 39.104349457891658 1166.3329020534002 30.948900260322262 924.04972145930515 40.659403726458549
leaf_count=808 1354 404 13971 458 11452 329
internal_value=2.09355e-05 -5.70858e-05 -0.000105624 0.000230157 0.000131102 0.000228752
internal_weight=2348.47 2230.43 2191.33 1025 994.048 964.709
internal_count=28776 27422 27018 13047 12589 11781
is_linear=0
shrinkage=0.03


Tree=170
num_leaves=7
num_cat=0
split_feature=14 3 45 7 39 12
split_gain=0.331427 0.323209 0.2971 0.285212 0.251126 0.294308
threshold=0.55539512592572449 -0.051712593298061986 0.23611111111111113 -0.090108007783338176 5.5000000000000009 1.721262424509854
decision_type=2 2 10 2 2 2
left_child=1 2 3 -1 5 -3
right_child=-2 4 -4 -5 -6 -7
leaf_value=-0.0011594353871743222 -0.0027958143860561738 0.0019573172730862512 -0.00062780302019049047 0.00031890794284919049 9.0593629759311775e-05 -0.00091421545084755082
leaf_weight=120.90663626597961 26.654505580663681 183.81617122795433 617.13178042374784 1145.2428836281761 227.73777035385137 32.352973103523254
leaf_count=2360 115 2026 8507 13040 2544 146
internal_value=3.49522e-05 7.9198e-05 -9.35291e-05 0.000169759 0.000797911 0.00150613
internal_weight=2353.84 2327.19 1883.28 1266.15 443.907 216.169
internal_count=28738 28623 23907 15400 4716 2172
is_linear=0
shrinkage=0.03


Tree=171
num_leaves=7
num_cat=0
split_feature=24 60 62 28 11 46
split_gain=0.366903 0.3345 0.305113 0.293577 0.289542 0.274473
threshold=7.5000000000000009 0.15012518958901128 -0.60022689879507773 2.3073602914810185 0.13550375812923518 15.500000000000002
decision_type=2 2 2 10 2 10
left_child=1 2 -1 -3 5 -4
right_child=-2 3 4 -5 -6 -7
leaf_value=0.0011300892946335087 0.0012388967229216069 0.00036041439992473827 -0.00010379110057297048 0.0034340548793625786 0.001668719617342349 -0.00082835500493471975
leaf_weight=119.51280663174111 165.74262473697308 109.33611965551972 1021.0653910960827 28.971598940901458 50.845578722597566 867.96437158831395
leaf_count=1423 2163 1049 12839 223 553 10644
internal_value=-8.08187e-05 -0.000185508 -0.000283362 0.00119239 -0.000375792 -0.00043932
internal_weight=2363.44 2197.7 2059.39 138.308 1939.88 1889.03
internal_count=28894 26731 25459 1272 24036 23483
is_linear=0
shrinkage=0.03


Tree=172
num_leaves=7
num_cat=0
split_feature=14 15 6 42 22 0
split_gain=0.312287 0.281587 0.299895 0.316528 0.273751 0.209931
threshold=0.48849821440016178 1.5000000000000002 -0.089505658049024439 2.5000000000000004 0.08729184836808826 0.41755904922386428
decision_type=2 2 2 2 2 2
left_child=1 2 3 4 -1 -4
right_child=-2 -3 5 -5 -6 -7
leaf_value=-0.0010463888274443889 -0.0020488096490727243 -0.00082764085998039824 0.00030904329914785455 0.0027099205081239715 0.00084710953552362032 0.002124306618023793
leaf_weight=342.90275371668395 54.629152677953243 269.50760457196156 1539.0374327142199 16.440263891359791 77.323138963314705 50.009128547593718
leaf_count=5461 227 3558 17466 204 1264 535
internal_value=7.96765e-06 6.55969e-05 0.000187918 -0.00050071 -0.000686386 0.000379099
internal_weight=2349.85 2295.22 2025.71 436.666 420.226 1589.05
internal_count=28715 28488 24930 6929 6725 18001
is_linear=0
shrinkage=0.03


Tree=173
num_leaves=7
num_cat=0
split_feature=22 15 20 14 28 62
split_gain=0.337467 0.227405 0.319109 0.276723 0.284153 0.329041
threshold=-0.14994107937907061 1.5000000000000002 -0.040082314481719068 0.55539512592572449 3.3297342061996464 -0.15093573364874283
decision_type=2 2 2 2 8 2
left_child=-1 3 -3 4 -2 -6
right_child=1 2 -4 -5 5 -7
leaf_value=-0.0010497321898353265 0.00013456774792926479 -0.0026228319306672732 -0.00010715875624816666 -0.0024434092778897495 -0.00084076246104499352 0.0016120566787927876
leaf_weight=229.25809046364157 1554.5659438496805 49.808354597305879 191.98450507345842 23.797841563820839 54.715772695839405 237.8313191824127
leaf_count=3345 18994 669 2431 103 566 2594
internal_value=1.84515e-05 0.000138764 -0.000708962 0.000251509 0.0002992 0.00114067
internal_weight=2341.96 2112.7 241.793 1870.91 1847.11 292.547
internal_count=28702 25357 3100 22257 22154 3160
is_linear=0
shrinkage=0.03


Tree=174
num_leaves=7
num_cat=0
split_feature=20 0 12 62 14 4
split_gain=0.254312 0.293465 0.25676 0.318977 0.290113 0.341975
threshold=0.1496537942467214 0.48279492640917049 2.1174690952512654 -0.014115669825636992 0.33211752674945078 -0.076472239770453268
decision_type=2 2 2 2 2 2
left_child=1 2 4 -4 5 -1
right_child=-2 -3 3 -5 -6 -7
leaf_value=-0.00038398872076331734 0.0010495933138784401 0.0024518327645454241 -0.00040500015136768692 0.0028401235069838685 -0.0014742708367173004 0.00046455082674790678
leaf_weight=1253.2129241962975 186.92679487576243 30.56687926853192 47.903129503130913 47.212803661823273 138.70512770861387 636.3854265697737
leaf_count=16826 2404 337 211 204 590 8103
internal_value=1.75186e-05 -7.64831e-05 -0.0001242 0.00132274 -0.00019821 -9.72735e-05
internal_weight=2340.91 2153.99 2123.42 95.1159 2028.3 1889.6
internal_count=28675 26271 25934 415 25519 24929
is_linear=0
shrinkage=0.03


Tree=175
num_leaves=7
num_cat=0
split_feature=6 23 35 6 15 7
split_gain=0.264067 0.253668 0.187036 0.184275 0.338223 0.293846
threshold=0.46827315413226533 0.63266730773961444 -5.5396608859300605 -0.089505658049024439 1.5000000000000002 0.019409437800206982
decision_type=2 2 8 2 2 2
left_child=1 2 -1 -4 5 -5
right_child=-2 -3 3 4 -6 -7
leaf_value=0.001802229978182298 0.0019224380569073795 0.0015185533480662093 -0.00063100486647159413 0.00064002096887615426 -0.0011088948033819936 -0.00019680059578990234
leaf_weight=36.64591822802322 55.162937024841085 83.290512885141652 479.29873101586418 682.94065119963489 196.77507310479996 822.36112045578193
leaf_count=583 545 962 7469 8396 2419 8433
internal_value=3.91514e-05 -1.41136e-05 -7.82253e-05 -0.000117896 2.94353e-05 0.000184575
internal_weight=2356.47 2301.31 2218.02 2181.38 1702.08 1505.3
internal_count=28807 28262 27300 26717 19248 16829
is_linear=0
shrinkage=0.03


Tree=176
num_leaves=7
num_cat=0
split_feature=14 25 12 7 60 12
split_gain=0.253073 0.208057 0.207071 0.394535 0.464969 0.285885
threshold=0.024616897938901591 -0.74068587008170494 1.3610199849070617 1.0000000180025095e-35 -0.0012763272314714692 2.1174690952512654
decision_type=2 2 2 2 2 2
left_child=-1 -2 -3 4 -4 -5
right_child=1 2 3 5 -6 -7
leaf_value=-0.0016603433184355001 0.0015365328419578164 0.00017883832771990797 -0.0011983416828890397 -0.001477600824788173 0.0018946001561868822 0.00054820663725003299
leaf_weight=68.428643365186872 74.180626772344112 1681.1788505129516 63.923203811049461 281.94649434089661 100.01292835175991 74.150794953107834
leaf_count=5828 789 19493 333 1441 522 320
internal_value=1.53675e-05 7.28062e-05 1.6753e-05 -0.000500729 0.000689019 -0.00105231
internal_weight=2343.82 2275.39 2201.21 520.033 163.936 356.097
internal_count=28726 22898 22109 2616 855 1761
is_linear=0
shrinkage=0.03


Tree=177
num_leaves=7
num_cat=0
split_feature=62 52 60 60 56 23
split_gain=0.290476 0.30582 0.220255 0.305648 0.286814 0.236709
threshold=-0.73469572064517297 2.8062982233521478 -0.059454603576774352 -1.0000000180025095e-35 31.86521636919991 -0.2965125881363721
decision_type=2 2 2 2 2 2
left_child=-1 -2 4 -4 5 -3
right_child=1 2 3 -5 -6 -7
leaf_value=0.0016917436291236522 0.0006310615015584066 -0.00080212681628328132 -0.0011509267124122206 -0.00019715120713695335 -0.00095354138004450912 0.0014607816797645185
leaf_weight=70.261412130435929 371.87639767178916 46.416152991587296 398.72827990617952 1184.6670829042268 88.984719691390637 178.04143359436421
leaf_count=843 4805 530 4689 15348 857 1642
internal_value=-8.26439e-05 -0.000144779 -0.000299395 -0.000443045 0.000417535 0.000978576
internal_weight=2338.98 2268.71 1896.84 1583.4 313.442 224.458
internal_count=28714 27871 23066 20037 3029 2172
is_linear=0
shrinkage=0.03


Tree=178
num_leaves=7
num_cat=0
split_feature=58 52 59 7 60 0
split_gain=0.303935 0.365727 0.345533 0.350595 0.321029 0.303202
threshold=1.0000000180025095e-35 3.493733417550295 0.17621856243228409 -0.022306093146754181 -1.0000000180025095e-35 -0.30206100670547081
decision_type=2 2 2 2 2 2
left_child=1 -1 3 -2 5 -4
right_child=2 -3 4 -5 -6 -7
leaf_value=0.00051730655901574844 -0.00040698817167744857 -0.00042880814735225581 0.0018709939430766834 0.0034326145361967576 0.00083144324313246659 -0.0015404170269567843
leaf_weight=493.22271676422679 28.308752686600201 1360.2968155000417 20.166662780742627 58.459315124666318 279.33341768331593 110.43806465482339
leaf_count=6071 400 16964 329 592 3090 1284
internal_value=1.52965e-06 -0.000175621 0.00065301 0.00226731 0.00026547 -0.000918057
internal_weight=2350.23 1853.52 496.706 86.7681 409.938 130.605
internal_count=28730 23035 5695 992 4703 1613
is_linear=0
shrinkage=0.03


Tree=179
num_leaves=7
num_cat=0
split_feature=58 14 3 37 12 45
split_gain=0.354338 0.248635 0.20834 0.319849 0.276166 0.263838
threshold=0.58571428571428574 0.55539512592572449 -0.051712593298061986 1.9725670055658735 1.6819229419484962 0.29285714285714287
decision_type=2 2 2 10 2 10
left_child=1 2 -1 -4 5 -5
right_child=-2 -3 3 4 -6 -7
leaf_value=-0.00010114446081103148 0.002460580918425789 -0.0024901353803179357 0.0012227205712299067 -0.00064109811178277585 -0.002479735331373674 0.0021097086628936636
leaf_weight=1851.130911678687 43.889728116744664 25.544622734189034 275.95507710700622 87.214564990019426 34.092021837830544 36.53108915919438
leaf_count=23642 448 110 3288 790 154 367
internal_value=5.58273e-05 -2.60476e-07 3.83048e-05 0.000622249 -0.000437885 0.000267994
internal_weight=2354.36 2310.47 2284.92 433.793 157.838 123.746
internal_count=28799 28351 28241 4599 1311 1157
is_linear=0
shrinkage=0.03


Tree=180
num_leaves=7
num_cat=0
split_feature=15 24 14 20 2 46
split_gain=0.327167 0.510457 0.304892 0.274521 0.290456 0.256022
threshold=1.5000000000000002 2.5000000000000004 0.32191777671708721 0.0069645060326647837 -0.14158346713276629 53.500000000000007
decision_type=2 2 2 2 2 10
left_child=2 -2 3 4 -1 -6
right_child=1 -3 -4 -5 5 -7
leaf_value=-0.00059472966443002001 -0.0021123133807425076 0.00043065259414466636 -0.00087563322701778436 0.00080181975866422384 0.00063208625848381976 -0.00055583004624502321
leaf_weight=468.13031741799205 149.54739389917813 122.91116156539647 244.96143038570881 527.81821869921987 626.90483271234552 210.9616832092288
leaf_count=7238 2013 1547 1042 6939 7638 2394
internal_value=-3.23524e-05 -0.000990501 9.73699e-05 0.000231388 -3.49289e-06 0.00032996
internal_weight=2351.24 272.459 2078.78 1833.82 1306 837.867
internal_count=28811 3560 25251 24209 17270 10032
is_linear=0
shrinkage=0.03


Tree=181
num_leaves=7
num_cat=0
split_feature=58 59 56 8 58 37
split_gain=0.293186 0.343989 0.28079 0.295369 0.279596 0.229025
threshold=0.13392857142857145 0.46814976356144888 -2.4347688900338951 -0.18469840596175646 0.26136363636363641 4.9157380038364371
decision_type=2 2 2 2 2 10
left_child=2 -2 3 -1 -3 -6
right_child=1 4 -4 -5 5 -7
leaf_value=-0.002371766521674811 0.0018391667507513952 -0.0011379147928834651 -0.00055852529868361054 0.00026526048031971365 0.00026300043942382138 0.0029362862966753993
leaf_weight=29.799707088444848 141.1861722117028 101.03474183284561 904.76467172318371 983.38227117233328 174.38149522145977 25.18025232758373
leaf_count=819 1623 1217 10943 12131 2004 187
internal_value=-1.61662e-05 0.000671784 -0.000177292 0.000165278 8.19186e-05 0.000724329
internal_weight=2359.73 441.783 1917.95 1013.18 300.596 199.562
internal_count=28924 5031 23893 12950 3408 2191
is_linear=0
shrinkage=0.03


Tree=182
num_leaves=7
num_cat=0
split_feature=58 0 24 23 7 14
split_gain=0.333454 0.264575 0.25803 0.211691 0.19615 0.190483
threshold=0.41428571428571431 0.5685018982526262 7.5000000000000009 -0.26931642933927419 -0.094205255515775813 0.023711773481382186
decision_type=2 2 2 2 2 2
left_child=1 2 4 -4 -1 -6
right_child=-2 -3 3 -5 5 -7
leaf_value=-0.001205028817060947 0.0014814208917801764 0.0028685064266377592 -0.00062698141131813708 0.0016696363876274381 -0.0018663906465199121 -8.2987869006359693e-05
leaf_weight=158.58158190592076 117.30058591399575 16.766719637205824 45.289423010428436 110.808567160042 45.579069144703681 1840.9450161978602
leaf_count=3176 1210 168 687 1363 3808 18165
internal_value=-1.19716e-05 -9.72466e-05 -0.000132707 0.00100568 -0.000224068 -0.000135689
internal_weight=2335.27 2217.97 2201.2 156.098 2045.11 1886.52
internal_count=28577 27367 27199 2050 25149 21973
is_linear=0
shrinkage=0.03


Tree=183
num_leaves=7
num_cat=0
split_feature=37 4 14 14 7 39
split_gain=0.317066 0.363822 0.271243 0.341533 0.295106 0.307592
threshold=-5.3254536892287421 -0.17982887452836147 0.04599669848867028 0.22803613086365929 -1.0000000180025095e-35 3.5000000000000004
decision_type=10 2 2 2 2 2
left_child=1 -1 -3 4 -4 -6
right_child=-2 2 3 -5 5 -7
leaf_value=-0.0012554406418667698 -7.7945588642993208e-05 -0.00084693929940571008 0.00021512740126190105 -0.00049068533423116524 0.0040197850768173005 0.00066492447758723821
leaf_weight=47.576456540788058 2064.0528286988556 34.775997025746619 44.254189003258944 42.834479331970215 85.390466421842575 39.285679996013641
leaf_count=975 23984 1844 511 203 827 413
internal_value=5.49358e-05 0.000959368 0.00141905 0.00181258 0.00239139 0.00309053
internal_weight=2358.17 294.117 246.541 211.765 168.93 124.676
internal_count=28757 4773 3798 1954 1751 1240
is_linear=0
shrinkage=0.03


Tree=184
num_leaves=7
num_cat=0
split_feature=52 58 30 20 62 30
split_gain=0.312042 0.241887 0.226344 0.223826 0.235126 0.197748
threshold=1.0000000180025095e-35 0.41428571428571431 1.6381118893623354 -0.20438770886034899 -0.20536366794444297 -3.8808063268661495
decision_type=2 2 10 2 2 10
left_child=3 -2 -3 -1 -5 -6
right_child=1 2 -4 4 5 -7
leaf_value=-0.0018059949382135928 -0.00025696261067229622 9.6012452756425682e-05 0.0029377722422571917 -0.00041779829081543075 0.0026562778221812288 0.00079156737773824809
leaf_weight=18.736814626638079 1909.4906713031087 65.747653251048177 31.655773293925449 76.03124720917549 73.432145052705891 169.05396354658296
leaf_count=338 23352 743 276 916 1272 1870
internal_value=-3.74146e-05 -0.000180272 0.00120711 0.000793396 0.000996625 0.0014391
internal_weight=2344.15 2006.89 97.4034 337.254 318.517 242.486
internal_count=28767 24371 1019 4396 4058 3142
is_linear=0
shrinkage=0.03


Tree=185
num_leaves=7
num_cat=0
split_feature=11 20 43 46 22 62
split_gain=0.242078 0.252754 0.23969 0.282813 0.282149 0.221054
threshold=0.12258119489816656 -0.0023738472314625554 1.5000000000000002 28.500000000000004 -0.15801325183907775 -0.73469572064517297
decision_type=2 2 2 10 2 2
left_child=2 -2 4 -4 -1 -6
right_child=1 -3 3 -5 5 -7
leaf_value=-0.0011212617272150357 -0.00067980837657208922 0.0024361800848873862 0.0028277820178734107 -0.00034147271719138896 0.0017116361690425344 -2.7370949594571569e-05
leaf_weight=201.21839275845559 29.163508753525093 62.946600932860747 46.381812659557909 42.522766280919313 58.131854661100078 1904.1131908703101
leaf_count=2981 319 648 358 347 716 23319
internal_value=5.09593e-05 0.00147965 -1.37488e-05 0.00143068 -7.94148e-05 3.25648e-05
internal_weight=2344.48 92.1101 2252.37 88.9046 2163.46 1962.25
internal_count=28688 967 27721 705 27016 24035
is_linear=0
shrinkage=0.03


Tree=186
num_leaves=7
num_cat=0
split_feature=23 0 14 2 33 45
split_gain=0.243972 0.230167 0.210881 0.183464 0.186536 0.179041
threshold=0.14644137057628673 -0.13316539330270602 0.22803613086365929 -0.30646910013130363 0.802685300509135 0.21111111111111114
decision_type=2 2 2 2 10 10
left_child=3 2 -2 4 -1 -5
right_child=1 -3 -4 5 -6 -7
leaf_value=-0.0021376852029706263 0.00015185495269822038 0.00088088070971264522 -0.0027613142711926195 8.0376535373184076e-05 0.00077709133325714567 -0.00055533447341179164
leaf_weight=68.887470063171349 72.870191307680216 378.72915081429528 21.674453765153885 1192.5688318293105 20.565904665912967 587.45847741494072
leaf_count=1802 1186 3772 105 13599 423 7796
internal_value=-4.78035e-05 0.00055361 -0.000716238 -0.000202192 -0.0014568 -0.000131356
internal_weight=2342.75 473.274 94.5446 1869.48 89.4534 1780.03
internal_count=28683 5063 1291 23620 2225 21395
is_linear=0
shrinkage=0.03


Tree=187
num_leaves=7
num_cat=0
split_feature=23 28 0 36 22 7
split_gain=0.386492 0.354811 0.491635 0.384942 0.27607 0.248008
threshold=0.14644137057628673 2.7748541831970219 0.17888490667936299 2.0849852737315282 -0.14994107937907061 0.023291233476723652
decision_type=2 8 2 10 2 2
left_child=1 4 3 5 -1 -3
right_child=-2 2 -4 -5 -6 -7
leaf_value=-0.0015043430753622225 0.00078728818390309525 0.0011380253634978403 0.0034900532367874051 -0.0029226042047476772 -0.00022638695554285878 -0.00052692939123786251
leaf_weight=162.61579831919516 471.13882093329448 207.09944546187762 37.782519182888791 21.892042410559952 1335.3449784838158 120.47770981455687
leaf_count=2467 5081 2474 322 187 17089 1289
internal_value=2.80689e-05 -0.000164823 0.000634026 0.00023675 -0.000374175 0.000528211
internal_weight=2356.35 1885.21 387.252 349.469 1497.96 327.577
internal_count=28909 23828 4272 3950 19556 3763
is_linear=0
shrinkage=0.03


Tree=188
num_leaves=7
num_cat=0
split_feature=14 10 56 27 11 20
split_gain=0.281014 0.570122 0.41639 0.275479 0.270553 0.3139
threshold=0.32191777671708721 0.021654236263882198 -19.483640814833574 0.24429407715797427 0.12258119489816656 -0.013771228973006795
decision_type=2 2 2 10 2 2
left_child=4 2 -2 -4 -1 -6
right_child=1 -3 3 -5 5 -7
leaf_value=8.2947122244549611e-05 0.00017811873743953766 0.00071027074564135653 -0.0043744133878358569 -0.001046097031177188 -0.00088911384501196597 0.0028390282740504555
leaf_weight=2001.6795821726701 51.750367909669876 114.02804796397686 53.446193724870682 47.193355605006218 23.630119938403368 56.543888441170566
leaf_count=26697 220 483 228 202 294 636
internal_value=3.71479e-05 -0.000862018 -0.0020098 -0.00304927 0.000155786 0.00176347
internal_weight=2348.27 266.418 152.39 100.64 2081.85 80.174
internal_count=28760 1133 650 430 27627 930
is_linear=0
shrinkage=0.03


Tree=189
num_leaves=7
num_cat=0
split_feature=11 15 52 28 24 23
split_gain=0.359948 0.267733 0.479855 0.272003 0.305156 0.24151
threshold=0.12258119489816656 1.5000000000000002 1.0000000180025095e-35 0.31957551836967474 2.5000000000000004 -0.3644040733724892
decision_type=2 2 2 10 2 2
left_child=1 2 -1 4 -3 -4
right_child=-2 3 5 -5 -6 -7
leaf_value=0.0012240794491501829 0.0017512496148854278 -0.0029143652559335742 -0.00097287221748657059 5.3259090995558256e-05 -7.571855648627058e-05 4.3915173798736898e-06
leaf_weight=254.86111480728141 90.225654440640938 81.127553539583459 259.11938589744386 125.14964919479098 55.319335483334726 1474.2889020236034
leaf_count=3355 980 1268 3764 1333 839 17204
internal_value=-8.04063e-06 -8.603e-05 3.44851e-05 -0.000969552 -0.00184726 -0.000146438
internal_weight=2340.09 2249.87 1988.27 261.597 136.447 1733.41
internal_count=28743 27763 24323 3440 2107 20968
is_linear=0
shrinkage=0.03


Tree=190
num_leaves=7
num_cat=0
split_feature=20 12 29 52 30 58
split_gain=0.250625 0.219122 0.228632 0.24897 0.21155 0.204729
threshold=-0.22164365295673197 2.1174690952512654 -4.9774072170257559 2.8062982233521478 1.9730120897293093 0.44949494949494956
decision_type=2 2 8 2 10 2
left_child=-1 2 5 4 -4 -2
right_child=1 -3 3 -5 -6 -7
leaf_value=-0.0012801501194146605 0.00034281696766951355 0.001380079324613782 0.0009588662119342816 -0.00036530964154864984 -0.0012995892659425448 0.0025648396617528654
leaf_weight=124.13589309636154 515.34537441740395 96.940248072147369 231.69041228873539 1310.8235940360319 35.183321229182184 30.776949422666803
leaf_count=1944 7134 421 3032 15694 287 362
internal_value=-2.07759e-05 5.50436e-05 -1.16209e-05 -0.000194924 0.000624938 0.000511908
internal_weight=2344.9 2220.76 2123.82 1577.7 266.874 546.122
internal_count=28874 26930 26509 19013 3319 7496
is_linear=0
shrinkage=0.03


Tree=191
num_leaves=7
num_cat=0
split_feature=56 23 50 2 20 29
split_gain=0.240568 0.273527 0.265175 0.227408 0.217064 0.189882
threshold=-9.3157212395070896 1.0000000180025095e-35 0.88194444444444453 -0.2798976988694481 -0.22164365295673197 8.1938800811767596
decision_type=2 2 2 2 2 10
left_child=1 2 3 -1 -2 -6
right_child=4 -3 -4 -5 5 -7
leaf_value=-0.0018228973464851799 -0.0017421029839565611 0.0010623645330897894 0.002461842514260125 6.1467615483516637e-05 -9.9590183504390733e-05 -0.0024502344921010287
leaf_weight=52.747794232273009 74.208491679164581 318.22021757473703 28.420100532472134 701.57954522303771 1160.021779404502 21.818289046757855
leaf_count=1308 1018 3467 248 8866 13710 240
internal_value=1.32848e-05 0.00033541 3.01995e-05 -9.2426e-05 -0.000269488 -0.00016318
internal_weight=2357.02 1100.97 782.747 754.327 1256.05 1181.84
internal_count=28857 13889 10422 10174 14968 13950
is_linear=0
shrinkage=0.03


Tree=192
num_leaves=7
num_cat=0
split_feature=0 52 14 2 45 10
split_gain=0.258429 0.212125 0.234376 0.235004 0.340794 0.36666
threshold=0.48279492640917049 3.2080875396860176 0.031775558143113329 -0.056915055209854161 0.21111111111111114 0.053942455322824302
decision_type=2 2 2 2 10 2
left_child=1 2 -1 4 -4 -6
right_child=-2 -3 3 -5 5 -7
leaf_value=-0.0019052291310695587 0.0023153692415552258 -0.000208890334080721 0.0015619024961856527 -0.00052259718808478318 -0.0012260959852840275 0.0022320883154885447
leaf_weight=25.576445674087154 32.226998865429778 1788.5281526639592 264.89145370014012 116.41630284301937 93.477987710386515 27.779574051499367
leaf_count=1719 341 22006 2398 1045 1001 277
internal_value=-1.05825e-05 -5.2751e-05 0.000470064 0.000625759 0.000976418 -0.000324146
internal_weight=2348.9 2316.67 528.142 502.565 386.149 121.258
internal_count=28787 28446 6440 4721 3676 1278
is_linear=0
shrinkage=0.03


Tree=193
num_leaves=7
num_cat=0
split_feature=0 28 39 58 62 28
split_gain=0.281344 0.346656 0.282271 0.211758 0.440279 0.266246
threshold=0.20294491771908416 2.8379127979278569 1.5000000000000002 0.13392857142857145 0.36106505247443788 2.3411862850189213
decision_type=2 8 2 2 2 10
left_child=3 2 -2 -1 -5 -6
right_child=1 -3 -4 4 5 -7
leaf_value=-0.00025690767207341115 -0.0020138846357027336 0.0028805414757786421 0.00073511670165967422 0.0019958795704659699 -0.00058832751919558879 0.0018869927613280929
leaf_weight=1678.6229211898753 29.58947894978337 51.302711309166625 219.61652752163354 113.91895816291799 220.57385119504761 37.165056842030026
leaf_count=21354 239 438 2406 1325 2717 314
internal_value=1.3769e-05 0.000855536 0.000343612 -0.000113162 0.000525797 -0.000174247
internal_weight=2350.79 300.509 249.206 2050.28 371.658 257.739
internal_count=28793 3083 2645 25710 4356 3031
is_linear=0
shrinkage=0.03


Tree=194
num_leaves=7
num_cat=0
split_feature=37 47 13 14 10 9
split_gain=0.227606 0.284646 0.314092 0.346326 0.252917 0.239553
threshold=-5.3254536892287421 7.5000000000000009 2.249904835165133 0.25290089603657606 -0.026437720279114101 -0.007897713156455639
decision_type=10 8 2 2 2 2
left_child=1 4 3 -3 -1 -6
right_child=-2 2 -4 -5 5 -7
leaf_value=-0.0022880324433882603 -4.7456265172666879e-05 0.0036305390552097885 0.0003737155712604698 -0.00077825172812609304 0.0024044273153338413 -0.000741147209616965
leaf_weight=31.910829923232086 2064.3342476358521 66.470442173071206 112.67201797744201 16.35361222922802 26.95842842492857 44.971229933318682
leaf_count=597 24091 1021 2016 75 494 627
internal_value=6.60379e-05 0.000824967 0.0014743 0.00276996 -0.000419633 0.000587358
internal_weight=2363.67 299.337 195.496 82.8241 103.84 71.9297
internal_count=28921 4830 3112 1096 1718 1121
is_linear=0
shrinkage=0.03


Tree=195
num_leaves=7
num_cat=0
split_feature=58 24 3 2 33 33
split_gain=0.266284 0.270093 0.318955 0.232808 0.244615 0.223207
threshold=0.21111111111111114 7.5000000000000009 -0.24413308975149164 -0.30646910013130363 0.802685300509135 0.54966201633214962
decision_type=2 2 2 2 10 10
left_child=1 3 -3 4 -1 -4
right_child=-2 2 5 -5 -6 -7
leaf_value=-0.0024789151864220258 0.00083993570865296269 -0.0018723141921148181 0.0025935962294112891 -0.00012143099808689518 0.00094399268806375175 3.4725162890932212e-05
leaf_weight=63.340780773665756 302.31101473624585 18.858600993233267 75.687516397796571 1819.141337720619 19.277921574772336 48.218825396383181
leaf_count=1633 3312 318 996 21556 385 560
internal_value=2.38741e-05 -0.000100293 0.00111431 -0.000196825 -0.00166454 0.00167476
internal_weight=2346.84 2044.52 142.765 1901.76 82.6187 123.906
internal_count=28760 25448 1874 23574 2018 1556
is_linear=0
shrinkage=0.03


Tree=196
num_leaves=7
num_cat=0
split_feature=52 62 10 11 39 46
split_gain=0.241798 0.211963 0.312968 0.235838 0.391399 0.210687
threshold=1.0000000180025095e-35 0.10138615904769178 -0.078161518589538057 0.066324342537716338 4.5000000000000009 62.500000000000007
decision_type=2 2 2 2 2 8
left_child=-1 -2 -3 5 -5 -4
right_child=1 2 3 4 -6 -7
leaf_value=0.00070696536782418619 -0.00033451517024761323 -0.0016017867316758467 0.0011768233484930981 0.0042170186522396975 5.5948085695124188e-05 -0.00021062515523190444
leaf_weight=336.40218923398061 1484.0216290630633 55.363861902675126 146.88503046514234 29.834451726870611 42.140209901728667 258.21379191773303
leaf_count=4382 18150 761 1708 309 493 3030
internal_value=-2.56233e-05 -0.000150725 0.000358261 0.000613939 0.00208479 0.000308682
internal_weight=2352.86 2016.46 532.437 477.073 71.9747 405.099
internal_count=28833 24451 6301 5540 802 4738
is_linear=0
shrinkage=0.03


Tree=197
num_leaves=7
num_cat=0
split_feature=6 22 25 43 4 3
split_gain=0.248897 0.20805 0.251043 0.281397 0.268018 0.249678
threshold=0.42817872027309073 -0.052655719437425842 0.011116535912822025 1.0000000180025095e-35 -0.21817040417211145 -0.22023384089025022
decision_type=2 2 2 2 2 2
left_child=1 2 4 -4 -1 -6
right_child=-2 -3 3 -5 5 -7
leaf_value=-0.0025647228649030773 0.0016349440043624307 0.00012390031712958765 -0.0019199177989925962 0.00089694775208021044 -0.00088089308642962723 0.000843434789844237
leaf_weight=24.346152165933745 73.512568513426231 1758.3703061904234 154.42232763266657 33.292810498038307 108.82518327460275 198.89188956862199
leaf_count=392 749 21016 2144 358 1748 2395
internal_value=2.63459e-05 -3.24797e-05 -0.000553854 -0.00140023 -4.84529e-05 0.000225088
internal_weight=2351.66 2278.15 519.778 187.715 332.063 307.717
internal_count=28802 28053 7037 2502 4535 4143
is_linear=0
shrinkage=0.03


Tree=198
num_leaves=7
num_cat=0
split_feature=22 18 26 34 24 33
split_gain=0.280134 0.230579 0.279994 0.231571 0.199433 0.237917
threshold=-0.15801325183907775 1.0000000180025095e-35 -1.5588904023170469 -0.52787108222643531 7.5000000000000009 0.69707704583803831
decision_type=2 2 10 8 2 10
left_child=-1 4 3 -3 -2 -6
right_child=1 2 -4 -5 5 -7
leaf_value=-0.00099387460340230604 0.00012117919553977309 0.00010739500934503471 7.9814540132180192e-06 -0.0037127836370216289 0.0020587929236147049 -0.00044280188681378413
leaf_weight=215.56454191624653 1829.5627051661722 20.254248456447385 105.63938593748026 34.349172736750916 94.139460487174802 46.40670170087833
leaf_count=3125 22354 216 969 324 1269 558
internal_value=1.17456e-05 0.00011767 -0.000942693 -0.00249847 0.000208242 0.00125825
internal_weight=2345.92 2130.35 160.243 54.6034 1970.11 140.546
internal_count=28815 25690 1509 540 24181 1827
is_linear=0
shrinkage=0.03


Tree=199
num_leaves=7
num_cat=0
split_feature=15 24 14 27 27 7
split_gain=0.218858 0.389054 0.258243 0.301319 0.24442 0.222668
threshold=1.5000000000000002 2.5000000000000004 0.33211752674945078 0.12389672920107843 -0.36705338954925532 -0.088231144514677701
decision_type=2 2 2 10 10 2
left_child=2 -2 5 4 -4 -1
right_child=1 -3 3 -5 -6 -7
leaf_value=-0.00074023793083872818 -0.0017710219872664624 0.00044397959323870555 -0.00014558884009571588 0.00027103601522842399 -0.0029343845171721497 0.00034152986245204362
leaf_weight=181.0593657453137 146.97099697106751 124.8875164653 47.435394838452339 112.9405265301466 64.295830681920052 1685.7755443705973
leaf_count=3619 1992 1569 200 477 271 20752
internal_value=1.11924e-05 -0.000773834 0.000116429 -0.000822652 -0.00185963 0.000233227
internal_weight=2363.37 271.859 2091.51 224.672 111.731 1866.83
internal_count=28880 3561 25319 948 471 24371
is_linear=0
shrinkage=0.03


Tree=200
num_leaves=7
num_cat=0
split_feature=0 58 37 14 35 5
split_gain=0.250184 0.238015 0.311467 0.261986 0.303571 0.300239
threshold=0.48279492640917049 0.44949494949494956 2.114674252080214 0.32191777671708721 0.97895068396599261 -0.010296503366936554
decision_type=2 2 10 2 10 2
left_child=1 3 -3 -1 5 -5
right_child=-2 2 -4 4 -6 -7
leaf_value=-8.3869823609936974e-06 0.0023359486216406938 -0.0001453776015446835 0.0029297393787577407 0.0011384448416236128 -0.0022550549268050678 -0.0013701370641020945
leaf_weight=1976.4085924946849 29.999146614572965 63.467863408499397 44.192674474325031 74.001311212778091 96.271389245986938 77.98908919095993
leaf_count=26332 340 778 367 315 411 332
internal_value=-1.67381e-05 -5.68426e-05 0.00125862 -0.00012585 -0.00102444 -0.000153875
internal_weight=2362.33 2332.33 107.661 2224.67 248.262 151.99
internal_count=28875 28535 1145 27390 1058 647
is_linear=0
shrinkage=0.03


Tree=201
num_leaves=7
num_cat=0
split_feature=24 45 46 9 11 29
split_gain=0.20874 0.20153 0.45209 0.347151 0.260311 0.259748
threshold=7.5000000000000009 0.23611111111111113 21.500000000000004 0.12087151259819821 0.12597660222346763 2.6434719562530522
decision_type=2 10 8 2 2 8
left_child=1 2 5 4 -3 -1
right_child=-2 3 -4 -5 -6 -7
leaf_value=0.0024903352446388497 0.0010110527805781908 -0.00085998819737725962 -6.7145442031904469e-05 0.0013743675821213666 0.0017392947565904185 8.7520046403183612e-05
leaf_weight=95.719640342635103 160.84467003348982 603.03542343739537 1328.4298810453474 70.759272637427785 27.606802423950285 66.842661903589033
leaf_count=1018 2076 8282 15520 891 321 591
internal_value=8.73862e-07 -7.7492e-05 0.000120009 -0.000493113 -0.00072083 0.00156467
internal_weight=2353.24 2192.39 1490.99 701.401 630.642 162.562
internal_count=28699 26623 17129 9494 8603 1609
is_linear=0
shrinkage=0.03


Tree=202
num_leaves=7
num_cat=0
split_feature=14 14 52 62 4 1
split_gain=0.214624 0.202724 0.192088 0.189991 0.253097 0.320433
threshold=0.023711773481382186 0.55539512592572449 1.0000000180025095e-35 -0.13036732633271317 -0.085554981953532463 -0.027900764725073742
decision_type=2 2 2 2 2 2
left_child=-1 2 3 -2 5 -5
right_child=1 -3 -4 4 -6 -7
leaf_value=-0.0015570173207025422 -0.00026108987748145105 -0.002091261482037999 1.959468568043993e-05 0.0001098108118503258 -1.8701296521427356e-05 0.0030747967642903531
leaf_weight=62.755522994339117 101.11637378670275 27.484881699085236 1944.5361959580332 51.473245084285736 85.449332682415843 84.305234650149941
leaf_count=5629 1029 118 19822 593 852 809
internal_value=4.75471e-05 9.80015e-05 0.000133614 0.000800145 0.00127552 0.00203542
internal_weight=2357.12 2294.37 2266.88 322.344 221.228 135.778
internal_count=28852 23223 23105 3283 2254 1402
is_linear=0
shrinkage=0.03


Tree=203
num_leaves=7
num_cat=0
split_feature=11 2 62 35 6 31
split_gain=0.280928 0.311208 0.220602 0.218142 0.199039 0.290779
threshold=0.10148435400770055 -0.1387211801670932 -0.73469572064517297 0.61918890956415151 -0.22151674567113519 4.4331994056701669
decision_type=2 2 2 8 2 8
left_child=2 -2 3 -1 -4 -6
right_child=1 -3 4 -5 5 -7
leaf_value=0.0026839107135087697 -0.0013353989245284878 0.0017909549929881917 -0.0010565674764329591 -0.00039149510508053347 -0.00043336734836590496 0.00030254785439622149
leaf_weight=38.413195240544155 28.612017622101121 123.40070936182747 207.0873234703904 32.413084599887952 1048.0274357742164 880.05782328359783
leaf_count=468 379 1269 3812 352 9925 12607
internal_value=-4.97939e-05 0.0011564 -0.000137755 0.00140217 -0.000195134 -9.76373e-05
internal_weight=2358.01 152.013 2206 70.8263 2135.17 1928.09
internal_count=28812 1648 27164 820 26344 22532
is_linear=0
shrinkage=0.03


Tree=204
num_leaves=7
num_cat=0
split_feature=28 62 45 46 39 8
split_gain=0.355269 0.291707 0.282964 0.287211 0.249571 0.26297
threshold=4.2893946170806894 -0.73469572064517297 0.23611111111111113 16.500000000000004 5.5000000000000009 -0.032273277374320557
decision_type=8 2 10 10 2 2
left_child=1 -1 4 -4 5 -2
right_child=2 -3 3 -5 -6 -7
leaf_value=0.0016625193229667019 -8.5370077265213234e-05 -0.00017774808346528994 -0.0024389575383268434 0.00090822149277778057 -0.00033423703026824871 0.0028285033596795041
leaf_weight=70.641385487746447 35.256314377998933 2017.4191989622341 28.378127282834612 48.923450496280566 42.829975369910244 113.52405858691782
leaf_count=833 440 24800 463 657 549 1115
internal_value=2.59732e-05 -0.000107862 0.00103179 -0.000459179 0.00162624 0.00217612
internal_weight=2356.97 2088.06 268.912 77.3016 191.61 148.78
internal_count=28857 25633 3224 1120 2104 1555
is_linear=0
shrinkage=0.03


Tree=205
num_leaves=7
num_cat=0
split_feature=0 20 24 8 26 29
split_gain=0.241822 0.224196 0.335499 0.288511 0.320263 0.271106
threshold=0.5685018982526262 0.0069645060326647837 1.5000000000000002 -0.020475470968855929 -2.3396027088165279 -2.2015813589096065
decision_type=2 2 2 2 8 10
left_child=1 -1 3 -3 -5 -6
right_child=-2 2 -4 4 5 -7
leaf_value=-0.00018782946085084759 0.0028361012955614748 -0.0017686617314275786 0.00095452491665159989 -0.0019815027022504934 0.0019583536075077554 -0.0006555532808155065
leaf_weight=1659.2151330309134 17.376187608519103 81.478588077239692 430.14866215758957 32.952129711280577 82.398397065058816 51.742215721867979
leaf_count=20289 174 1222 5186 427 971 537
internal_value=3.28987e-05 7.41373e-08 0.000455485 -0.000411612 0.000312625 0.000974558
internal_weight=2355.31 2337.94 678.72 248.571 167.093 134.141
internal_count=28806 28632 8343 3157 1935 1508
is_linear=0
shrinkage=0.03


Tree=206
num_leaves=7
num_cat=0
split_feature=8 0 22 31 59 62
split_gain=0.219541 0.324977 0.211424 0.170995 0.168462 0.217102
threshold=0.24367011894370341 0.016501576405401262 -0.21672504541864115 2.2329725921154027 -0.32458400115835018 -0.13599870681108081
decision_type=2 2 2 8 2 2
left_child=2 -2 3 -1 -4 -6
right_child=1 -3 4 -5 5 -7
leaf_value=0.00039560615041261341 0.0036991846340655734 -0.00054250514923303921 0.00059906075892853742 -0.0020628676626978843 -0.00078208203925011002 3.4777568598902231e-05
leaf_weight=32.737138082738966 24.164173367549665 26.780833780387184 333.02829830476549 72.528079297713703 353.59163841791451 1500.6554128215066
leaf_count=351 278 278 3961 1307 4284 18318
internal_value=-3.11191e-05 0.00174626 -7.80287e-05 -0.0013303 -1.19816e-05 -0.000124351
internal_weight=2343.49 50.945 2292.54 105.265 2187.28 1854.25
internal_count=28777 556 28221 1658 26563 22602
is_linear=0
shrinkage=0.03


Tree=207
num_leaves=7
num_cat=0
split_feature=58 8 14 6 7 28
split_gain=0.269031 0.272593 0.220332 0.211368 0.181376 0.175554
threshold=0.41428571428571431 0.24367011894370341 0.48849821440016178 0.13276541570502465 0.20705046928887574 1.4804313778877261
decision_type=2 2 2 2 2 8
left_child=1 2 4 -3 -1 -2
right_child=5 3 -4 -5 -6 -7
leaf_value=-0.00012116944027219558 0.00043091429203032366 0.0035267512890839797 -0.0019192733799056933 -8.3872371146006085e-05 0.0020591326335233037 0.0028236261617105088
leaf_weight=2104.6057558428729 80.033804835227784 22.940672206925228 50.744236871600151 25.382691820123 24.921903340611607 36.133794305846095
leaf_count=26538 893 260 210 264 240 306
internal_value=-7.9134e-06 -8.38453e-05 -0.000137381 0.001941 -8.61483e-05 0.00133998
internal_weight=2344.76 2228.6 2180.27 48.3234 2129.53 116.168
internal_count=28711 27512 26988 524 26778 1199
is_linear=0
shrinkage=0.03


Tree=208
num_leaves=7
num_cat=0
split_feature=37 47 2 2 12 2
split_gain=0.257882 0.23184 0.280116 0.394706 0.241414 0.231565
threshold=-4.7619861558390149 9.5000000000000018 -0.11763271990540462 -0.14950709539971138 1.4783280363372502 -0.16329629489000022
decision_type=10 8 2 2 2 2
left_child=1 2 3 5 -3 -1
right_child=-2 4 -4 -5 -6 -7
leaf_value=-0.00078606012290216945 -8.4458999762600448e-05 0.0019914853876012951 0.0011373089234003417 -0.0038120668546669772 -0.0013077718928109069 0.0029815075964831081
leaf_weight=42.550929869554238 2040.4476857955742 142.01366634148872 83.828444805083564 23.014976884471253 15.969362087547777 10.490271338261662
leaf_count=960 23584 2472 1225 314 83 147
internal_value=4.06333e-05 0.000821708 3.76925e-06 -0.00123259 0.00159999 0.000313822
internal_weight=2358.32 317.868 159.885 76.0562 157.983 53.0412
internal_count=28785 5201 2646 1421 2555 1107
is_linear=0
shrinkage=0.03


Tree=209
num_leaves=7
num_cat=0
split_feature=17 7 0 23 22 12
split_gain=0.237675 0.243781 0.200444 0.192663 0.309189 0.263957
threshold=1.5000000000000002 0.20705046928887574 0.080441940400548181 -0.3644040733724892 0.067477024738044664 1.6819229419484962
decision_type=2 2 2 2 2 2
left_child=1 3 -2 4 5 -1
right_child=2 -3 -4 -5 -6 -7
leaf_value=-0.00061083126989836401 -0.0017627217593718118 0.0024660452671426887 0.00082315381044563885 0.00023583280803518098 0.0012578619424437466 -0.0035019184541742092
leaf_weight=242.56391501161852 95.494445029005874 30.554467068053782 29.566700858791592 1857.7993647502299 60.211089737014845 23.450465187430382
leaf_count=3793 1501 295 369 21718 911 115
internal_value=8.68264e-05 0.000160659 -0.00113569 0.000117314 -0.000544572 -0.000983335
internal_weight=2339.64 2214.58 125.061 2184.02 326.225 266.014
internal_count=28702 26832 1870 26537 4819 3908
is_linear=0
shrinkage=0.03


Tree=210
num_leaves=7
num_cat=0
split_feature=58 14 30 4 28 30
split_gain=0.217632 0.208218 0.204471 0.355938 0.33307 0.315991
threshold=0.58571428571428574 0.02570399387444745 -5.41475486755371 -0.19669705056379441 3.9395006895065312 -5.7465510368347159
decision_type=2 2 10 2 8 8
left_child=1 -1 3 5 -4 -3
right_child=-2 2 4 -5 -6 -7
leaf_value=-0.0014687308351388339 0.0019678302568366924 0.00046944118810919388 -0.00019047859143630556 0.00086285645067920192 0.001709020598170003 -0.0034390025558460758
leaf_weight=72.575690391924581 42.303069028013851 34.813696730881929 1628.9590079914778 464.83274753391743 77.544358374550939 25.470366830006242
leaf_count=6000 429 441 15766 5148 624 322
internal_value=5.4249e-05 1.07658e-05 6.52188e-05 0.000577009 -9.47108e-05 -0.00143625
internal_weight=2346.5 2304.2 2231.62 525.117 1706.5 60.2841
internal_count=28730 28301 22301 5911 16390 763
is_linear=0
shrinkage=0.03


Tree=211
num_leaves=7
num_cat=0
split_feature=58 37 24 0 25 12
split_gain=0.274841 0.307533 0.249531 0.255298 0.210493 0.263065
threshold=0.41428571428571431 2.114674252080214 3.5000000000000004 -0.13036083237601911 -0.060555323209676375 1.8581553637579129
decision_type=2 10 2 2 2 2
left_child=2 -2 -1 -4 -5 -6
right_child=1 -3 3 4 5 -7
leaf_value=-0.0002853024733487064 -7.2445410549266548e-06 0.0029246899280692229 -0.00050287264648341489 0.0014771780866488417 -4.2426975451100681e-05 0.0027327656936782232
leaf_weight=1505.1736180226872 69.15044634352671 50.172282283194363 200.14953651517862 199.59438214611146 295.73097003178555 24.270824939012527
leaf_count=18619 828 405 3072 2115 3561 109
internal_value=1.17837e-05 0.00135639 -6.6074e-05 0.000390016 0.00073696 0.000244492
internal_weight=2344.24 119.323 2224.92 719.746 519.596 320.002
internal_count=28709 1233 27476 8857 5785 3670
is_linear=0
shrinkage=0.03


Tree=212
num_leaves=7
num_cat=0
split_feature=28 12 20 24 5 59
split_gain=0.223392 0.235205 0.212145 0.357601 0.276057 0.238834
threshold=4.1157259941101083 0.97307001762782075 0.047043596583917748 1.5000000000000002 0.03015460864117072 -0.19830229123897222
decision_type=10 2 2 2 2 2
left_child=2 -2 -1 4 5 -4
right_child=1 -3 3 -5 -6 -7
leaf_value=-0.00024143664404474674 -0.00043658712894063464 0.0028206095357957272 0.0013990635415444144 0.0010992160652504249 0.0022259664623460788 -0.0014447539532184363
leaf_weight=1800.0002158316202 29.719963566400111 38.916839592158794 23.902299886685796 293.61255590600194 18.493782812729478 141.26024522387888
leaf_count=22169 390 211 316 3648 200 1814
internal_value=-3.8332e-05 0.00153407 -9.22238e-05 0.000463932 -0.000556017 -0.000976821
internal_weight=2345.91 68.6368 2277.27 477.269 183.656 165.163
internal_count=28748 601 28147 5978 2330 2130
is_linear=0
shrinkage=0.03


Tree=213
num_leaves=7
num_cat=0
split_feature=34 29 3 8 4 46
split_gain=0.221621 0.192801 0.405487 0.325745 0.340835 0.2474
threshold=-8.0792526404062901 -6.3591339588165274 -0.297503558878282 -0.086228396102003127 -0.10720244249852172 14.500000000000002
decision_type=8 10 2 2 2 8
left_child=-1 2 -2 -4 -5 -3
right_child=1 5 3 4 -6 -7
leaf_value=0.0012744970402036977 -0.002076999498711304 0.00098550572066097341 -0.0014205359335078809 8.6572912891997236e-05 0.0015869440053492465 -0.0003668832535432331
leaf_weight=103.84283951662655 46.899951091385446 122.99444650305668 56.881531958759297 284.65792679780861 253.57472780288663 1480.9207260733237
leaf_count=2414 826 1357 1181 3383 2945 16709
internal_value=-1.70507e-05 -8.21516e-05 0.000353672 0.000576387 0.000809488 -0.000257713
internal_weight=2349.77 2245.93 642.014 595.114 538.233 1603.92
internal_count=28815 26401 8335 7509 6328 18066
is_linear=0
shrinkage=0.03


Tree=214
num_leaves=7
num_cat=0
split_feature=20 24 33 28 12 62
split_gain=0.200113 0.282611 0.237615 0.236866 0.24454 0.203021
threshold=0.048743844151554173 3.5000000000000004 -2.1530812382698055 3.9395006895065312 0.97307001762782075 -0.73469572064517297
decision_type=2 2 10 10 2 2
left_child=3 2 -2 5 -5 -1
right_child=1 -3 -4 4 -6 -7
leaf_value=0.001415393357252573 -0.0013800251597443861 0.0015070079576624325 0.00045142560407598713 -0.00051335832815415088 0.0028161346639067534 -0.00028345993092365285
leaf_weight=55.866079208091833 74.511271919996943 161.73428682307713 249.61190314945998 29.512128547532484 37.607462540268898 1743.4686014983454
leaf_count=654 997 2039 2983 385 204 21513
internal_value=-1.29762e-05 0.000523079 1.69931e-06 -0.000154561 0.00147544 -0.000223182
internal_weight=2352.31 485.857 324.123 1866.45 67.1196 1799.33
internal_count=28775 6019 3980 22756 589 22167
is_linear=0
shrinkage=0.03


Tree=215
num_leaves=7
num_cat=0
split_feature=42 27 6 9 12 14
split_gain=0.180042 0.248361 0.183835 0.18015 0.233175 0.368236
threshold=2.5000000000000004 0.41622585058212286 0.071668652274678835 0.1685178306399992 2.1174690952512654 0.41689216548846814
decision_type=2 10 2 2 2 2
left_child=3 2 -2 4 5 -1
right_child=1 -3 -4 -5 -6 -7
leaf_value=-0.00016743038751038103 0.0030734049148290082 -0.0009770388618385343 0.00010898100432748994 0.001025036792483252 0.0012376819231468925 -0.0025844657037219112
leaf_weight=2012.755415582782 42.17945651919581 29.434659685590304 30.643360237590969 110.24422631110065 91.435455337166786 48.466459259390831
leaf_count=25910 445 268 274 1294 398 199
internal_value=-4.82944e-05 0.00112481 0.00198977 -0.000106021 -0.000168418 -0.000236467
internal_weight=2365.16 102.257 72.8228 2262.9 2152.66 2061.22
internal_count=28788 987 719 27801 26507 26109
is_linear=0
shrinkage=0.03


Tree=216
num_leaves=7
num_cat=0
split_feature=46 4 5 58 14 62
split_gain=0.1869 0.248115 0.232817 0.187547 0.17682 0.160055
threshold=87.500000000000014 -0.17349458795798464 0.017008818202806582 0.58571428571428574 0.15314083739701198 0.055700342699501158
decision_type=10 2 2 2 2 2
left_child=3 5 4 -1 -3 -2
right_child=1 2 -4 -5 -6 -7
leaf_value=0.00010723868674495546 0.0019278548731465647 -0.00044285685393211669 0.0008184979457941888 0.0020423373843527467 -0.0020109853679006538 -0.0007815585754904022
leaf_weight=1943.783070891368 43.456895598792471 132.60124324826756 51.109212392591871 36.205551973514957 131.52274953573942 24.040222749928944
leaf_count=24062 577 2334 487 376 737 314
internal_value=3.48153e-05 -0.000563444 -0.000915449 0.000152709 -0.00126859 0.000986523
internal_weight=2362.72 382.73 315.233 1979.99 264.124 67.4971
internal_count=28887 4449 3558 24438 3071 891
is_linear=0
shrinkage=0.03


Tree=217
num_leaves=7
num_cat=0
split_feature=52 60 56 14 52 3
split_gain=0.218113 0.316252 0.302548 0.252889 0.211933 0.36276
threshold=3.2080875396860176 -0.059454603576774352 18.39280075061723 0.41689216548846814 4.4025162932541315 -0.16309034654099711
decision_type=2 2 2 2 2 2
left_child=3 2 -2 -1 5 -3
right_child=1 4 -4 -5 -6 -7
leaf_value=0.00071638398129330347 0.0014636777306165426 0.00024719513610851613 -0.00038256541811991897 -0.0018268899406697094 -3.9511926010320203e-05 -0.0013303423116805236
leaf_weight=505.19958095843322 185.26934386201901 199.12851016616332 129.4215288911364 28.296926349401474 940.2770961180795 359.56614423746942
leaf_count=6384 1822 3056 1225 116 11824 4354
internal_value=2.29466e-05 -0.00013436 0.000715984 0.000550356 -0.000316441 -0.000773621
internal_weight=2347.16 1813.66 314.691 533.497 1498.97 558.695
internal_count=28781 22281 3047 6500 19234 7410
is_linear=0
shrinkage=0.03


Tree=218
num_leaves=7
num_cat=0
split_feature=14 27 17 52 4 0
split_gain=0.332364 0.3884 0.238802 0.185619 0.210969 0.227754
threshold=0.41689216548846814 2.1703000047069643e-14 1.5000000000000002 1.0000000180025095e-35 -0.076472239770453268 0.0089314059507624739
decision_type=2 10 2 2 2 2
left_child=2 -2 3 -1 5 -5
right_child=1 -3 -4 4 -6 -7
leaf_value=0.00085870302469949608 -0.003190538124571454 0.00019551394751440713 -0.0011425296300495863 -0.00048295822007286078 0.00050221521392702169 0.00037268826835620827
leaf_weight=296.77492304559564 51.34558130800724 58.456726878881454 121.31735687301261 761.87504436419113 625.72128888656152 430.33548336476088
leaf_count=3889 212 241 1838 10574 7439 4616
internal_value=1.76782e-05 -0.00152202 9.97264e-05 0.000176035 6.05019e-05 -0.000173577
internal_weight=2345.83 109.802 2236.02 2114.71 1817.93 1192.21
internal_count=28809 453 28356 26518 22629 15190
is_linear=0
shrinkage=0.03


Tree=219
num_leaves=7
num_cat=0
split_feature=23 37 28 31 30 43
split_gain=0.269188 0.199722 0.302896 0.490451 0.378488 0.259251
threshold=0.26367782865496453 2.1529830610034648 2.2334008216857915 0.76107788085937511 -1.7190749645233152 1.5000000000000002
decision_type=2 10 10 8 10 2
left_child=1 2 3 -1 -4 -5
right_child=-2 -3 4 5 -6 -7
leaf_value=-0.001445301882247885 0.00069607237554029076 -0.00061119722149563971 -0.0011592998604318424 3.0279506838637963e-05 0.0021633331392033155 0.0023119432561771575
leaf_weight=204.09297920111567 340.2159770950966 697.31097727571614 35.224136907141656 926.16565640064073 102.72942775627598 37.113992028636858
leaf_count=2024 3672 6466 423 14674 1066 345
internal_value=-7.1932e-05 -0.000205214 1.46621e-05 -0.000146222 0.00129394 0.00014104
internal_weight=2342.85 2002.64 1305.33 1167.37 137.954 963.28
internal_count=28670 24998 18532 17043 1489 15019
is_linear=0
shrinkage=0.03


Tree=220
num_leaves=7
num_cat=0
split_feature=23 18 24 62 0 57
split_gain=0.18029 0.163817 0.324084 0.173612 0.167225 0.159164
threshold=0.70660438095425315 1.0000000180025095e-35 2.5000000000000004 0.010931119070287211 0.43448084034578766 2.5000000000000004
decision_type=2 2 2 2 2 2
left_child=1 4 3 -3 -1 -6
right_child=-2 2 -4 -5 5 -7
leaf_value=-2.5192538407770043e-05 0.0013981583155680802 -0.00071595229376053191 0.00043150794186503613 -0.0034049027687394441 -0.00025412204309606927 0.0031168498494973085
leaf_weight=2064.0093320802262 69.106817516352748 52.170500078704208 81.611536441138014 37.764448124566115 19.353269411425572 19.962164556840435
leaf_count=25811 788 522 764 354 219 218
internal_value=-9.9112e-06 -5.8618e-05 -0.000923253 -0.00207279 1.59364e-05 0.00174242
internal_weight=2343.98 2274.87 171.546 89.9349 2103.32 39.3154
internal_count=28676 27888 1640 876 26248 437
is_linear=0
shrinkage=0.03


Tree=221
num_leaves=7
num_cat=0
split_feature=23 18 6 12 45 1
split_gain=0.267894 0.204929 0.255163 0.236442 0.360656 0.352155
threshold=0.70660438095425315 1.0000000180025095e-35 -0.089505658049024439 1.3610199849070617 0.21111111111111114 0.051780770904241227
decision_type=2 2 2 2 8 2
left_child=1 2 -1 -4 -5 -6
right_child=-2 -3 3 4 5 -7
leaf_value=-0.00055944028212000642 0.0017554528978186645 -0.0010016931741348534 0.00043422705067053822 0.00086707315107070813 -0.00038070216028318859 -0.0028890020672660797
leaf_weight=458.68384202463494 68.779112339136191 167.91560677718371 1250.197272226098 126.48645182698965 203.88657066971064 58.688411757349968
leaf_count=7426 762 1609 16925 620 1035 281
internal_value=3.56401e-05 -2.40481e-05 5.85817e-05 0.000233855 -0.00040476 -0.00102676
internal_weight=2334.64 2265.86 2097.94 1639.26 389.061 262.575
internal_count=28658 27896 26287 18861 1936 1316
is_linear=0
shrinkage=0.03


Tree=222
num_leaves=7
num_cat=0
split_feature=58 37 56 45 23 5
split_gain=0.242056 0.199444 0.152194 0.251413 0.237715 0.231966
threshold=0.58571428571428574 -4.7619861558390149 10.454084045122462 0.23611111111111113 1.0000000180025095e-35 0.0046816439046361924
decision_type=2 8 2 8 2 2
left_child=1 -1 3 -3 5 -5
right_child=-2 2 -4 4 -6 -7
leaf_value=0.0011140407193201622 0.0019210995993305291 0.00071586678166620421 -0.00049529861329093044 -0.00074874109923901201 0.00049473212468016941 0.00054838224218799626
leaf_weight=105.20295741052541 44.403052665293217 343.09382528078277 795.31450935316388 606.07282452017535 300.37705194810405 147.59682322855224
leaf_count=2449 454 3356 9172 8368 3263 1682
internal_value=-5.72055e-05 -0.000103596 -0.000166816 2.23616e-05 -0.000207982 -0.000490861
internal_weight=2342.06 2297.66 2192.46 1397.14 1054.05 753.67
internal_count=28744 28290 25841 16669 13313 10050
is_linear=0
shrinkage=0.03


Tree=223
num_leaves=7
num_cat=0
split_feature=24 8 26 51 46 62
split_gain=0.186103 0.22611 0.164796 0.163494 0.57341 0.332014
threshold=7.5000000000000009 -0.18469840596175646 -7.423064947128295 0.55000000000000016 87.500000000000014 -0.1667202084065916
decision_type=2 2 8 2 8 2
left_child=1 -1 -3 -4 5 -5
right_child=-2 2 3 4 -6 -7
leaf_value=-0.0018298766725243719 0.00087022998981336238 0.0020492265528314632 -0.00020997285385272876 -0.00063205674208219797 -0.0017636106895416834 0.0025175942960659662
leaf_weight=59.813777722854866 163.86599867575569 21.843534316518344 1913.1438687555783 36.718887397903018 52.242202861700207 100.1879641066771
leaf_count=1619 2144 357 22972 332 490 859
internal_value=-7.50237e-05 -0.000149591 -9.39231e-05 -0.000125787 0.000693494 0.00168732
internal_weight=2347.82 2183.95 2124.14 2102.29 189.149 136.907
internal_count=28773 26629 25010 24653 1681 1191
is_linear=0
shrinkage=0.03


Tree=224
num_leaves=7
num_cat=0
split_feature=23 27 35 22 33 60
split_gain=0.238901 0.221468 0.185925 0.178375 0.20285 0.144135
threshold=0.63266730773961444 1.3249933123588564 -5.8023672352234517 -0.14994107937907061 -3.1119437416394544 0.10083725474750681
decision_type=2 10 8 2 10 2
left_child=2 -2 -1 4 -4 -5
right_child=1 -3 3 5 -6 -7
leaf_value=0.0018897806444368389 0.0021200855891714099 -0.0010005923503551379 0.0011610143863371078 -9.9427374260532161e-05 -0.0012685129343953635 0.00082767485287163099
leaf_weight=32.451806173252407 72.419786468992243 20.572583570552524 28.548448904446559 1855.6619197481778 188.46524382306961 154.21486486075446
leaf_count=499 839 218 481 22668 2676 1408
internal_value=-1.36352e-05 0.00139958 -7.77129e-05 -0.000114705 -0.000911841 -2.45467e-05
internal_weight=2352.33 92.9924 2259.34 2226.89 217.014 2009.88
internal_count=28789 1057 27732 27233 3157 24076
is_linear=0
shrinkage=0.03


Tree=225
num_leaves=7
num_cat=0
split_feature=14 14 10 31 4 34
split_gain=0.252463 0.188681 0.211347 0.281015 0.238985 0.229071
threshold=0.55539512592572449 0.025204221764386792 -0.065888960887512629 -1.2242168784141538 -0.22978931070072492 -7.6141787668069192
decision_type=2 2 2 10 2 8
left_child=1 -1 3 4 -3 -4
right_child=-2 2 5 -5 -6 -7
leaf_value=-0.0013654088289974408 -0.0024870880682080596 0.00029164683444493563 0.0016277302319783408 -0.00012363556179521674 -0.0033577247519015756 0.00015706813192378684
leaf_weight=70.340857324059471 25.442280262708664 21.459161603823304 90.747424494475126 267.62436873838305 40.935911856591702 1850.5231396369636
leaf_count=5932 110 225 1114 2996 389 18150
internal_value=2.61642e-05 6.39311e-05 0.000113988 -0.000576961 -0.0022357 0.000233806
internal_weight=2367.07 2341.63 2271.29 330.019 62.3951 1941.27
internal_count=28916 28806 22874 3610 614 19264
is_linear=0
shrinkage=0.03


Tree=226
num_leaves=7
num_cat=0
split_feature=42 29 34 14 25 14
split_gain=0.212872 0.305708 0.204452 0.220587 0.2018 0.19436
threshold=2.5000000000000004 -0.56585070490837086 -8.0792526404062901 0.25290089603657606 0.028048587627004743 0.047811685209643094
decision_type=2 10 8 2 2 2
left_child=2 4 3 5 -2 -1
right_child=1 -3 -4 -5 -6 -7
leaf_value=-0.00045794194026045067 0.0033494912884672861 -0.00081323899834406235 -8.7262295379429079e-05 -0.0019900472046260123 -9.4936722872817188e-05 0.0024916225167626181
leaf_weight=23.754629494098481 45.333094776840881 34.565155267016962 2156.5688953966601 8.2185511142015439 20.417566939489916 64.589334189891815
leaf_count=1597 452 322 25523 38 204 700
internal_value=3.86229e-05 0.00132536 -2.42694e-05 0.00125874 0.00240856 0.0017326
internal_weight=2353.45 100.316 2253.13 96.5625 65.7507 88.344
internal_count=28836 978 27858 2335 656 2297
is_linear=0
shrinkage=0.03


Tree=227
num_leaves=7
num_cat=0
split_feature=12 14 22 33 4 31
split_gain=0.176797 0.404004 0.195587 0.308442 0.491139 0.267089
threshold=2.1174690952512654 0.41689216548846814 -0.043829988067582155 1.1545779258012774 -0.098222960652091143 4.4331994056701669
decision_type=2 2 2 8 2 8
left_child=1 2 3 -1 -5 -6
right_child=-2 -3 -4 4 5 -7
leaf_value=-0.00096407530031975843 0.0011078705365631326 -0.0025021993930747399 0.00013775650388443789 -0.00087214811272650088 -0.00039077266309753641 0.0034196828826935761
leaf_weight=383.6698781082232 106.41984686255455 50.85622875392437 1655.8556693329301 86.762343508249614 20.735559554770589 46.566812424251111
leaf_count=5430 462 209 20607 1179 207 683
internal_value=-3.23197e-05 -9.10558e-05 -2.40544e-05 -0.00051574 0.000591467 0.00234702
internal_weight=2350.87 2244.45 2193.59 537.735 154.065 67.3024
internal_count=28777 28315 28106 7499 2069 890
is_linear=0
shrinkage=0.03


Tree=228
num_leaves=7
num_cat=0
split_feature=9 29 35 52 60 23
split_gain=0.210732 0.243492 0.194938 0.187981 0.252116 0.200471
threshold=0.1685178306399992 -1.6486089229583738 -5.8023672352234517 4.7969438977658561 -0.082204497798358991 -0.26931642933927419
decision_type=2 10 8 2 2 2
left_child=2 -2 -1 4 5 -4
right_child=1 -3 3 -5 -6 -7
leaf_value=0.001930093614167717 0.0021860761294654435 -0.00041711435657937752 -0.00072358898285510291 -0.00052552724550986886 -9.8042133704840569e-05 0.0015144304052715624
leaf_weight=31.741587458120193 69.036658917786554 50.073099993576761 39.692725682049058 742.36624855772243 1277.1067928578996 152.97448425664334
leaf_count=491 841 518 449 8812 16406 1380
internal_value=-3.4739e-05 0.00114416 -0.000102116 -0.000139831 5.72153e-05 0.00104041
internal_weight=2362.99 119.11 2243.88 2212.14 1469.77 192.667
internal_count=28897 1359 27538 27047 18235 1829
is_linear=0
shrinkage=0.03


Tree=229
num_leaves=7
num_cat=0
split_feature=62 24 8 28 46 28
split_gain=0.183591 0.237541 0.193441 0.264974 0.422005 0.248854
threshold=-0.60022689879507773 4.5000000000000009 -0.084287802071454157 0.30232223868370062 14.500000000000002 -0.27781176567077631
decision_type=2 2 2 8 8 10
left_child=1 -1 -2 4 -4 -6
right_child=2 -3 3 -5 5 -7
leaf_value=0.0018129034385074262 -0.00079986040203906459 -0.00087610188105583767 0.0016982879969505995 0.00035813162368977716 -0.00011174635999028489 -0.0012013653513067333
leaf_weight=93.275312021025456 262.96102438113303 34.423230381915346 73.009260641352739 1102.0419329272117 468.39122495152697 308.48115069314372
leaf_count=1086 5073 435 951 10961 6776 3437
internal_value=1.4086e-05 0.00107705 -5.17647e-05 5.25812e-05 -0.000343183 -0.000554182
internal_weight=2342.58 127.699 2214.88 1951.92 849.882 776.872
internal_count=28719 1521 27198 22125 11164 10213
is_linear=0
shrinkage=0.03


Tree=230
num_leaves=7
num_cat=0
split_feature=46 51 62 11 4 60
split_gain=0.199727 0.271495 0.301337 0.239117 0.205681 0.203803
threshold=66.500000000000014 0.55000000000000016 0.015265238709136387 0.0083017244219683768 -0.023560655443570284 -0.081211594047874064
decision_type=10 2 2 2 2 2
left_child=1 5 3 -3 -2 -1
right_child=4 2 -4 -5 -6 -7
leaf_value=0.00091884029748829645 -0.0002147103216152792 -0.0013211090921270508 0.0029037923175176442 0.0017338351380715216 -0.0018273731656416688 -5.0390244202287864e-05
leaf_weight=214.18576237346861 428.46875502343755 39.94748603971675 56.92910877475515 32.868366169044748 76.261971014551818 1506.5372945175768
leaf_count=2011 5011 349 485 301 863 19827
internal_value=3.40286e-05 0.00017859 0.00145042 0.000100713 -0.000489142 7.4866e-05
internal_weight=2355.2 1850.47 129.745 72.8159 504.731 1720.72
internal_count=28847 22973 1135 650 5874 21838
is_linear=0
shrinkage=0.03


Tree=231
num_leaves=7
num_cat=0
split_feature=9 58 12 14 62 20
split_gain=0.177517 0.188278 0.177072 0.275346 0.200075 0.17369
threshold=0.2057325971065567 0.58571428571428574 2.1174690952512654 0.41689216548846814 -0.046858144692899638 0.1132176646754529
decision_type=2 2 2 2 2 2
left_child=1 2 3 -1 -4 -2
right_child=5 -3 4 -5 -6 -7
leaf_value=-0.00013046993738675562 -0.00040540558308746732 0.0016383933946102244 -0.00036163853552379058 -0.0022174841230729026 0.0021940987701030961 0.0026677932960417904
leaf_weight=2105.1502335574478 23.550233490765095 45.592343960306607 45.821854263544083 48.552000284194946 51.022759988903999 31.807756865862757
leaf_count=27077 263 453 200 199 223 403
internal_value=-4.36519e-05 -8.7166e-05 -0.000129216 -0.00018755 0.00106419 0.00149841
internal_weight=2351.5 2296.14 2250.55 2153.7 96.8446 55.358
internal_count=28818 28152 27699 27276 423 666
is_linear=0
shrinkage=0.03


Tree=232
num_leaves=7
num_cat=0
split_feature=0 25 14 36 13 20
split_gain=0.229615 0.206399 0.213259 0.296687 0.271099 0.224221
threshold=0.48279492640917049 -0.78245527333057729 0.25290089603657606 -0.77491001458838571 1.8688348091416842 0.18709395077188132
decision_type=2 2 2 10 2 2
left_child=1 -1 4 -4 -3 -6
right_child=-2 2 3 -5 5 -7
leaf_value=0.001463684377624291 0.0021673156028320386 0.0016346201588254416 -0.0018137774841797576 -0.00020221093469750701 -0.00017115326395921669 0.0012408308277450544
leaf_weight=63.524872555339243 30.859842741047032 76.870399090112187 141.13796228170395 330.99454469978809 1606.8139847669227 98.01728005183395
leaf_count=964 345 838 646 1514 23113 1441
internal_value=-6.25904e-05 -0.00010147 -0.000151855 -0.000711596 -3.86065e-07 -8.32104e-05
internal_weight=2348.22 2317.36 2253.83 472.133 1781.7 1704.83
internal_count=28861 28516 27552 2160 25392 24554
is_linear=0
shrinkage=0.03


Tree=233
num_leaves=7
num_cat=0
split_feature=62 26 14 33 3 29
split_gain=0.243596 0.223819 0.299721 0.277708 0.226958 0.332844
threshold=0.12301377615185326 -2.0760736465454097 0.11150055826567352 -3.7825590297579761 -0.1048968420507234 -0.91673317551612843
decision_type=2 8 2 10 2 8
left_child=-1 3 -3 -2 5 -4
right_child=1 2 4 -5 -6 -7
leaf_value=-9.9735582942717907e-05 0.0022845088847011459 -0.00013608923625031284 0.00087779063781668438 -0.0010505933387205439 0.0002261865659881886 0.0034259369718735392
leaf_weight=1772.8759213365265 17.81439864418644 155.438028872828 114.71990432590246 111.97974882510607 92.997398741543293 79.916079722344875
leaf_count=22014 285 3271 747 1410 566 506
internal_value=7.4661e-05 0.000606826 0.00092327 -0.000462171 0.00148109 0.00204033
internal_weight=2345.74 572.866 443.071 129.794 287.633 194.636
internal_count=28799 6785 5090 1695 1819 1253
is_linear=0
shrinkage=0.03


Tree=234
num_leaves=7
num_cat=0
split_feature=58 37 28 29 14 33
split_gain=0.190513 0.166655 0.193458 0.244534 0.18566 0.174526
threshold=0.58571428571428574 -4.7619861558390149 4.1157259941101083 -0.28428255021572107 0.055296349640225978 -1.7931676755348838
decision_type=2 8 10 10 2 10
left_child=1 4 -3 -4 -1 -6
right_child=-2 2 3 -5 5 -7
leaf_value=-0.00076204317638114527 0.0017684766318372875 -0.00015293282276915691 0.0024620230500532964 -0.00089597216728380105 -0.00021428153069796065 0.0026853814543029543
leaf_weight=29.598892224981682 43.514390057564015 2136.2631764806865 45.93205026932992 23.53074003662914 25.133360058069229 49.863222114741802
leaf_count=1736 444 25336 408 192 260 488
internal_value=-1.21864e-06 -4.20285e-05 -9.95478e-05 0.00135489 0.00107379 0.00180274
internal_weight=2353.84 2310.32 2205.73 69.4628 104.595 74.9966
internal_count=28864 28420 25936 600 2484 748
is_linear=0
shrinkage=0.03


Tree=235
num_leaves=7
num_cat=0
split_feature=52 14 4 7 4 34
split_gain=0.169823 0.304439 0.324877 0.166124 0.223328 0.192053
threshold=3.2080875396860176 0.26379370872489721 -0.10953366272612962 -0.0024326810600670767 -0.15553162613851337 3.2988985081513724
decision_type=2 2 2 2 2 8
left_child=1 3 -3 5 -5 -1
right_child=-2 2 -4 4 -6 -7
leaf_value=0.00045645132835719525 -0.00015771161529127447 0.0006871243391433756 -0.0023150610536791733 -0.0002426707895891908 0.0017286065134822614 -0.0022466388786900843
leaf_weight=140.83857384772273 1807.7392492379149 56.242418766021729 56.745151981711388 65.492315809882712 201.39087302368716 18.058216005680151
leaf_count=2394 22191 250 251 876 2504 251
internal_value=-1.8152e-05 0.000444457 -0.000886287 0.000809825 0.00125357 3.44221e-05
internal_weight=2346.51 538.768 112.988 425.78 266.883 158.897
internal_count=28717 6526 501 6025 3380 2645
is_linear=0
shrinkage=0.03


Tree=236
num_leaves=7
num_cat=0
split_feature=3 29 31 60 28 46
split_gain=0.192152 0.238895 0.196594 0.182566 0.240306 0.178399
threshold=-0.28835996891909482 -6.3591339588165274 2.4820674508810048 0.10787188999889104 1.4301037788391116 14.500000000000002
decision_type=2 10 8 2 10 8
left_child=3 2 -2 4 -1 -3
right_child=1 5 -4 -5 -6 -7
leaf_value=-0.00039566397772691395 0.0030816054898273803 0.00096066565910963013 0.0005068595138990479 0.0018505172033600687 -0.0027766076844074638 -0.00016445496002915027
leaf_weight=140.84344050410436 18.600475859828293 129.29568904830376 584.88056850022986 12.108479143120347 44.646168112987652 1411.8554832665541
leaf_count=2654 152 1479 7571 127 536 16231
internal_value=5.06496e-05 0.000134427 0.000635156 -0.000821309 -0.00108146 -6.44777e-05
internal_weight=2342.23 2144.63 603.481 197.598 185.49 1541.15
internal_count=28750 25433 7723 3317 3190 17710
is_linear=0
shrinkage=0.03


Tree=237
num_leaves=7
num_cat=0
split_feature=0 2 58 62 23 10
split_gain=0.222878 0.203308 0.174603 0.176807 0.183055 0.172583
threshold=0.41755904922386428 -0.10509127989493822 0.58571428571428574 -0.73469572064517297 0.70660438095425315 -0.15699149505758192
decision_type=2 2 2 2 2 2
left_child=2 -2 3 -1 5 -5
right_child=1 -3 -4 4 -6 -7
leaf_value=0.0013204567400904 -0.00050245719397340287 0.0028693501381055544 0.0016920865483795609 0.0020469957345242763 0.001396664280218229 -0.00019175044497477748
leaf_weight=70.597088642301969 20.79896842938615 35.770342697389424 42.379014015430585 21.504375524469651 60.319982827961212 2101.1553542275797
leaf_count=849 240 361 417 337 695 25900
internal_value=2.91208e-05 0.00174038 -2.04069e-05 -5.99437e-05 -0.000110403 -0.000159578
internal_weight=2352.53 56.5693 2295.96 2253.58 2182.98 2122.66
internal_count=28799 601 28198 27781 26932 26237
is_linear=0
shrinkage=0.03


Tree=238
num_leaves=7
num_cat=0
split_feature=57 58 62 47 39 60
split_gain=0.25259 0.175603 0.222605 0.198556 0.186924 0.186238
threshold=5.5000000000000009 0.58571428571428574 0.69908361408390463 7.5000000000000009 5.5000000000000009 0.15012518958901128
decision_type=2 2 2 8 2 2
left_child=1 2 5 -4 -3 -1
right_child=-2 4 3 -5 -6 -7
leaf_value=-0.00021360231780186221 0.00067595836085315535 0.0030464706084115225 0.00033252875646607344 -0.0029273927644266856 -0.00034999588852156467 0.0014295610803951981
leaf_weight=1836.2442182086088 360.75870832771761 20.973278370918706 22.632875412644353 39.524461670720484 24.085533299541567 54.339736920548603
leaf_count=22714 4539 195 263 437 255 480
internal_value=-4.36822e-05 -0.000176353 -0.000222398 -0.0018588 0.00149712 -0.000159101
internal_weight=2358.56 1997.8 1952.74 62.1573 45.0588 1890.58
internal_count=28883 24344 23894 700 450 23194
is_linear=0
shrinkage=0.03


Tree=239
num_leaves=7
num_cat=0
split_feature=9 2 24 2 59 33
split_gain=0.249671 0.184506 0.250495 0.201575 0.200602 0.178662
threshold=0.2057325971065567 -0.17961872353419692 3.5000000000000004 -0.24491033612334043 -0.34359306805724582 0.29666668176651007
decision_type=2 2 2 2 2 10
left_child=1 2 4 -4 -1 -2
right_child=5 -3 3 -5 -6 -7
leaf_value=0.0009403133241340858 0.0028290695012336085 6.8622609082746026e-05 0.0012605993014010955 -0.00063595531027266932 -0.00144823870999191 -0.00040857371290756319
leaf_weight=29.247488158172928 36.338023385033011 1828.303504553478 83.64272439602064 100.08118316149921 241.24057361655287 19.547663899022155
leaf_count=521 437 20227 1733 1331 4141 223
internal_value=-1.4368e-05 -6.66355e-05 -0.000600829 0.000247978 -0.00116565 0.00180648
internal_weight=2338.4 2282.52 454.212 183.724 270.488 55.8857
internal_count=28613 27953 7726 3064 4662 660
is_linear=0
shrinkage=0.03


Tree=240
num_leaves=7
num_cat=0
split_feature=23 37 62 22 33 10
split_gain=0.197854 0.184713 0.178895 0.206505 0.208604 0.188791
threshold=0.5295405301742796 3.5065161170825321 -0.73469572064517297 -0.15290936239754074 -2.943839093049367 -0.063685693087378301
decision_type=2 8 2 2 8 2
left_child=2 -2 -1 4 -4 -5
right_child=1 -3 3 5 -6 -7
leaf_value=0.0013483913600732911 0.0003505078993464652 0.0027648175044343516 0.0017038882148558581 -0.00071215432402737763 -0.0012831230630205716 9.7747433771113685e-05
leaf_weight=66.458193119615316 103.18234424406546 31.464062277460471 14.813755901588591 297.35687258525286 193.74223904430983 1638.2032185793214
leaf_count=790 1214 281 274 4088 2808 19238
internal_value=-8.28668e-06 0.00106682 -7.8281e-05 -0.000128556 -0.0010027 -2.96973e-05
internal_weight=2345.22 134.646 2210.57 2144.12 208.556 1935.56
internal_count=28693 1495 27198 26408 3082 23326
is_linear=0
shrinkage=0.03


Tree=241
num_leaves=7
num_cat=0
split_feature=34 4 10 21 52 9
split_gain=0.177375 0.299658 0.25337 0.309674 0.396131 0.228069
threshold=-7.7673374439279232 -0.16871999166941506 0.085540572279353647 1.0000000180025095e-35 4.9656226397108201 0.072797427800225994
decision_type=10 2 2 2 2 2
left_child=1 5 3 4 -3 -1
right_child=-2 2 -4 -5 -6 -7
leaf_value=-0.0017989699057891397 -0.00011507835895521534 0.0036767582585350836 -0.00084435221499104107 0.00045404658808719087 -0.00076832732517420437 0.0017086345186309291
leaf_weight=57.201049305382185 2017.258322609443 71.588360054302029 43.197439259587554 120.91395277617266 19.24946863623336 13.493475045484955
leaf_count=1200 23449 983 653 2049 241 242
internal_value=-9.35581e-06 0.000629478 0.00110222 0.00151949 0.00275202 -0.0010007
internal_weight=2342.9 325.644 254.949 211.752 90.8378 70.6945
internal_count=28817 5368 3926 3273 1224 1442
is_linear=0
shrinkage=0.03


Tree=242
num_leaves=7
num_cat=0
split_feature=52 22 31 4 46 31
split_gain=0.196888 0.22355 0.211277 0.301637 0.222881 0.203331
threshold=5.5662106443402326 -0.13947509509629011 4.4331994056701669 -0.10720244249852172 103.50000000000001 1.6254896745085718
decision_type=2 2 8 2 10 8
left_child=1 5 -3 -4 -5 -1
right_child=-2 2 3 4 -6 -7
leaf_value=0.00050233981330114494 0.0012505043431867977 -0.00023593476353164373 -0.000123962886591433 0.0012206437539581318 -0.00078719953044646381 -0.0014307725911079081
leaf_weight=61.298463270068169 98.096115956315771 1095.3341807691613 491.55130116804503 365.4402735055337 50.376756618032232 171.00337990812841
leaf_count=578 1158 10625 7548 5168 697 2825
internal_value=-8.28778e-08 -6.02978e-05 4.36179e-05 0.000379974 0.000964617 -0.000920994
internal_weight=2333.1 2235 2002.7 907.368 415.817 232.302
internal_count=28599 27441 24038 13413 5865 3403
is_linear=0
shrinkage=0.03


Tree=243
num_leaves=7
num_cat=0
split_feature=2 46 45 2 0 48
split_gain=0.170237 0.278314 0.23446 0.233235 0.201278 0.254239
threshold=-0.040360781794902233 17.500000000000004 0.10555555555555557 -0.046068145181299321 0.074819798072711677 1.5000000000000002
decision_type=2 8 8 2 2 2
left_child=3 -2 -3 4 5 -1
right_child=1 2 -4 -5 -6 -7
leaf_value=-0.00017254356701285512 0.0014878278700770115 -0.0023378611655357671 -0.00043003234556971944 0.002088427822928794 0.00060031950848631673 0.002826680380929245
leaf_weight=1327.3384075592039 48.086070343386382 59.590076459571719 395.07258847769117 43.116945104615297 467.25643109489465 15.945793055929242
leaf_count=17526 595 549 4905 440 4790 106
internal_value=-4.40989e-06 -0.000488474 -0.000725013 0.000128794 7.09117e-05 -0.000116316
internal_weight=2356.41 502.749 454.663 1853.66 1810.54 1343.28
internal_count=28911 6049 5454 22862 22422 17632
is_linear=0
shrinkage=0.03


Tree=244
num_leaves=7
num_cat=0
split_feature=58 59 2 45 9 4
split_gain=0.157402 0.452271 0.194419 0.238106 0.225266 0.275481
threshold=0.13392857142857145 0.32623618366889351 -0.030068780480459748 0.23611111111111113 -0.025023751939162998 -0.042052788499574299
decision_type=2 2 2 10 2 2
left_child=2 -2 3 -1 5 -5
right_child=1 -3 -4 4 -6 -7
leaf_value=0.00029786317679216402 0.0023016413697799264 1.2429060670043217e-05 -0.0007090712965626898 -0.0019908427063070476 -6.5132673903399771e-05 0.0012074913661525211
leaf_weight=1041.816866643785 89.305241955444217 357.06712055625394 377.76926916901721 122.58174476842396 338.84603718516883 22.592544177779928
leaf_count=12345 1022 4035 4623 2061 4265 372
internal_value=1.02346e-05 0.000510827 -0.000109204 4.29616e-05 -0.000500618 -0.00144737
internal_weight=2349.98 446.372 1903.61 1525.84 484.02 145.174
internal_count=28723 5057 23666 19043 6698 2433
is_linear=0
shrinkage=0.03


Tree=245
num_leaves=7
num_cat=0
split_feature=11 3 49 25 36 3
split_gain=0.292672 0.289598 0.209405 0.210921 0.242509 0.229895
threshold=0.036324467232412942 -0.28535165634927839 1.0000000180025095e-35 -0.78245527333057729 0.51324675362557171 -0.0072121584702701759
decision_type=2 2 2 2 10 2
left_child=-1 -2 3 -3 5 -5
right_child=1 2 -4 4 -6 -7
leaf_value=-0.00017660887384599443 -0.0015774545652230043 0.0030169926542641511 0.0029846003754596031 -0.00032483329637374142 0.0012263443790837664 0.0019012963271102992
leaf_weight=1688.6740375323716 43.283592514082557 20.962515535589773 25.945498571381904 313.12925132596865 212.69965562250582 37.950251325499266
leaf_count=20984 744 266 216 3820 2269 420
internal_value=3.22846e-05 0.000566222 0.000741126 0.000593072 0.000451935 -3.82063e-05
internal_weight=2342.64 653.971 610.687 584.742 563.779 351.08
internal_count=28719 7735 6991 6775 6509 4240
is_linear=0
shrinkage=0.03


Tree=246
num_leaves=7
num_cat=0
split_feature=14 16 60 37 33 4
split_gain=0.261759 0.199589 0.256805 0.167494 0.226821 0.213091
threshold=0.55539512592572449 1.0000000180025095e-35 -0.08304160560457427 -5.0272078533242963 -1.5910972356796262 -0.061571947256738535
decision_type=2 2 2 8 10 2
left_child=1 3 -3 4 -1 -5
right_child=-2 2 -4 5 -6 -7
leaf_value=-0.00049119347237730048 -0.0025473657255348555 0.0014092057862972072 -0.0011094004859106615 -0.00015326271936355292 0.0024529350420723329 0.00053876317897104343
leaf_weight=34.063784891273826 26.98974446952343 33.947154127527028 236.70051754626911 1433.5105814223352 50.018020374351181 544.27581064400147
leaf_count=961 116 332 3223 16985 1016 6172
internal_value=-4.34783e-05 -3.75476e-06 -0.000754537 9.79616e-05 0.00133476 3.89313e-05
internal_weight=2359.51 2332.52 270.648 2061.87 84.0818 1977.79
internal_count=28805 28689 3555 25134 1977 23157
is_linear=0
shrinkage=0.03


Tree=247
num_leaves=7
num_cat=0
split_feature=18 24 46 45 46 31
split_gain=0.200369 0.37047 0.227391 0.185744 0.282082 0.323258
threshold=1.0000000180025095e-35 1.5000000000000002 13.500000000000002 0.19090909090909094 28.500000000000004 -3.0917288959026332
decision_type=2 2 10 10 8 10
left_child=3 2 -2 4 -1 -6
right_child=1 -3 -4 -5 5 -7
leaf_value=0.0013470387959915286 -0.0040219870661207377 0.00010299974790909064 -0.00048926592646315328 -0.0003296951941149746 0.0013459101785117777 -9.9425837672752741e-05
leaf_weight=173.48186346935108 33.619159685680643 112.51601898868103 31.313715395750478 759.24430412298534 149.6422229243326 1083.4080932813667
leaf_count=1696 346 1031 314 10310 1678 13359
internal_value=-3.54143e-05 -0.000976426 -0.00261099 4.58191e-05 0.000249418 8.53956e-05
internal_weight=2343.23 177.449 64.9329 2165.78 1406.53 1233.05
internal_count=28734 1691 660 27043 16733 15037
is_linear=0
shrinkage=0.03


Tree=248
num_leaves=7
num_cat=0
split_feature=0 20 24 52 62 14
split_gain=0.261911 0.231591 0.216659 0.20531 0.227573 0.207892
threshold=0.5685018982526262 0.1496537942467214 1.5000000000000002 4.859114313416061 -0.14162763226167355 0.023711773481382186
decision_type=2 2 2 2 2 2
left_child=1 3 -3 5 -5 -1
right_child=-2 2 -4 4 -6 -7
leaf_value=-0.0018003735655718154 0.0029636052602747352 -0.00021253241955256297 0.0017821615525319618 -0.0013618603625253373 -0.00016326705737227979 0.00015297917025825899
leaf_weight=40.775120159552898 16.828899169457145 80.498875315650366 108.04107640613802 200.8594966729288 450.42539486286114 1439.2562335412949
leaf_count=3585 165 1045 1366 2310 5467 14702
internal_value=1.645e-05 -1.75579e-05 0.0009627 -0.000108364 -0.000547923 8.74423e-05
internal_weight=2336.69 2319.86 188.54 2131.32 651.285 1480.03
internal_count=28640 28475 2411 26064 7777 18287
is_linear=0
shrinkage=0.03


Tree=249
num_leaves=7
num_cat=0
split_feature=14 0 51 14 14 5
split_gain=0.160561 0.149771 0.407612 0.292706 0.21781 0.230165
threshold=0.023208000700788701 -0.12252115756406111 0.55000000000000016 0.29584344434554233 0.20742716927478511 0.0017932553426122143
decision_type=2 2 2 2 2 2
left_child=-1 2 3 4 5 -2
right_child=1 -3 -4 -5 -6 -7
leaf_value=-0.001437034910432801 -0.0010058767512405489 0.00016056815231468675 0.002104337548992267 -0.0024612950741398237 0.0010274328073355294 0.00086279868445464294
leaf_weight=59.692524055979447 304.25776675157249 1744.3340186085552 43.355348197743297 60.191980957984924 74.437624484300613 64.99758218973875
leaf_count=5501 4489 16891 413 270 425 847
internal_value=-1.84599e-05 2.45753e-05 -0.000404006 -0.000656579 -0.000362895 -0.000662869
internal_weight=2351.27 2291.57 547.24 503.885 443.693 369.255
internal_count=28836 23335 6444 6031 5761 5336
is_linear=0
shrinkage=0.03


Tree=250
num_leaves=7
num_cat=0
split_feature=2 24 60 14 0 27
split_gain=0.264075 0.220514 0.197464 0.18737 0.158794 0.17305
threshold=-0.30198456641866056 3.5000000000000004 -0.0057995162785584968 0.55539512592572449 0.48279492640917049 2.8346818685531621
decision_type=2 2 2 2 2 10
left_child=1 2 -1 4 5 -2
right_child=3 -3 -4 -5 -6 -7
leaf_value=0.00034477100391442961 0.00014055299443962446 0.00020639337577395826 -0.003218824925602133 -0.0020920147158750855 0.0020196049541974653 -0.0010310040613421331
leaf_weight=16.124795034294948 2073.7869156910165 46.577139055443695 47.430565964517882 25.306042090058327 28.573305400641402 110.05462487635668
leaf_count=282 24370 1112 1300 109 311 1294
internal_value=3.8056e-06 -0.00136661 -0.00239074 7.70326e-05 0.000111144 7.7082e-05
internal_weight=2347.85 110.133 63.5554 2237.72 2212.41 2183.84
internal_count=28778 2694 1582 26084 25975 25664
is_linear=0
shrinkage=0.03


Tree=251
num_leaves=7
num_cat=0
split_feature=0 42 45 26 26 3
split_gain=0.18619 0.210077 0.277561 0.224439 0.219042 0.229306
threshold=1.0000000180025095e-35 2.5000000000000004 0.40833333333333338 1.5290859341621401 1.9740010499954226 -0.16883970445893978
decision_type=2 2 8 10 10 2
left_child=1 2 3 -1 5 -4
right_child=-2 -3 4 -5 -6 -7
leaf_value=-0.0012128236274299591 0.00034895774795538339 0.0013703996198803289 -0.00043661482834815921 0.00036087953776103274 -0.00088590657088010924 0.00064657770949519704
leaf_weight=360.75979004276451 901.70497481967323 63.302926831762306 268.17586202549865 99.560796531965025 180.26857505502994 472.3914038578223
leaf_count=4176 9218 662 4835 1074 2409 6350
internal_value=1.28856e-05 -0.000197865 -0.000279077 -0.000872018 2.3514e-05 0.000253739
internal_weight=2346.16 1444.46 1381.16 460.321 920.836 740.567
internal_count=28724 19506 18844 5250 13594 11185
is_linear=0
shrinkage=0.03


Tree=252
num_leaves=7
num_cat=0
split_feature=58 37 31 23 22 6
split_gain=0.21285 0.213404 0.17438 0.223236 0.22102 0.214007
threshold=0.41428571428571431 2.114674252080214 1.2106796503067019 0.49735514361762773 -0.13947509509629011 -0.15761463226514452
decision_type=2 10 8 2 2 2
left_child=2 -2 5 4 -4 -1
right_child=1 -3 3 -5 -6 -7
leaf_value=0.0010553386187915018 0.00012341062394021415 0.0025966657461161942 -0.00086762579474778593 0.001510144450433251 0.00023545678767085813 -0.0006098259864867169
leaf_weight=70.580257054651156 67.876737631508149 50.164479028433561 175.91031464750995 98.956819710496347 1350.8507256446755 524.63141530542634
leaf_count=790 812 401 2844 1227 18122 4501
internal_value=0.000105794 0.00129519 3.70558e-05 0.000197871 0.000103543 -0.000398196
internal_weight=2338.97 118.041 2220.93 1625.72 1526.76 595.212
internal_count=28697 1213 27484 22193 20966 5291
is_linear=0
shrinkage=0.03


Tree=253
num_leaves=7
num_cat=0
split_feature=26 41 14 7 13 7
split_gain=0.179492 0.25428 0.26472 0.405288 0.285925 0.231422
threshold=2.2146166563034062 1.5000000000000002 0.23159760399237694 -0.001962479975728917 2.249904835165133 0.018759826140301392
decision_type=8 2 2 2 2 2
left_child=-1 2 3 -2 -4 -5
right_child=1 -3 4 5 -6 -7
leaf_value=0.00011419135090220041 -0.0014523394267989855 0.0021028756636943765 -0.0027167376194171316 0.0015485505672455508 6.3125148297863101e-05 -0.00017245901611745183
leaf_weight=1718.7110944695014 156.10850495719933 23.143715457292274 83.548833683133125 92.88295391923748 51.013925611972809 216.86387014313368
leaf_count=21350 2515 181 392 1327 245 2771
internal_value=-4.43173e-05 -0.000476118 -0.000608349 -0.000254387 -0.0017314 0.000375906
internal_weight=2342.27 623.562 600.418 465.855 134.563 309.747
internal_count=28781 7431 7250 6613 637 4098
is_linear=0
shrinkage=0.03


Tree=254
num_leaves=7
num_cat=0
split_feature=15 24 28 45 46 14
split_gain=0.172883 0.279468 0.371992 0.192717 0.545725 0.24665
threshold=1.5000000000000002 2.5000000000000004 1.6881610155105593 0.23611111111111113 16.500000000000004 0.37367796081008076
decision_type=2 2 10 10 8 2
left_child=3 2 -2 4 -1 -5
right_child=1 -3 -4 5 -6 -7
leaf_value=0.0023123354595800437 -0.0021842013883134927 0.0004339796634941306 0.0012129726863727688 -6.0738556295668229e-05 0.0002172281563447696 -0.002317136179560936
leaf_weight=112.65873072936665 115.47225940244971 125.6959530072636 30.640425973571837 613.63345368474256 1312.9327211986238 36.988431394100189
leaf_count=1103 1710 1570 298 8531 15384 154
internal_value=0.000109574 -0.000588597 -0.00143974 0.000203358 0.00039775 -0.00022215
internal_weight=2348.02 271.809 146.113 2076.21 1425.59 650.622
internal_count=28750 3578 2008 25172 16487 8685
is_linear=0
shrinkage=0.03


Tree=255
num_leaves=7
num_cat=0
split_feature=58 59 29 26 29 14
split_gain=0.168978 0.422217 0.358607 0.435444 0.221733 0.168237
threshold=0.080128205128205135 0.44770902058623474 -5.8325331211090079 -0.92873063683509816 -1.2600698471069334 0.02570399387444745
decision_type=2 2 10 10 10 2
left_child=5 -2 -3 -4 -5 -1
right_child=1 2 3 4 -6 -7
leaf_value=-0.0015644488687786562 0.0016312438759214282 0.0014928428304753748 -0.0022003976756379425 -0.00077812055557333689 0.0014583392811645583 -6.2262669887060476e-05
leaf_weight=59.773802273150068 176.88904030516278 77.272725323680788 95.930007377552101 72.655576095829019 67.88108113349881 1783.8200811967254
leaf_count=4965 2100 975 1143 789 666 17977
internal_value=1.29994e-05 0.000502007 -0.000165388 -0.00074585 0.000327236 -0.000119145
internal_weight=2334.22 490.628 313.739 236.467 140.537 1843.59
internal_count=28615 5673 3573 2598 1455 22942
is_linear=0
shrinkage=0.03


Tree=256
num_leaves=7
num_cat=0
split_feature=14 28 44 18 24 2
split_gain=0.159831 0.162772 0.285119 0.175452 0.253881 0.166179
threshold=0.55539512592572449 3.9395006895065312 3.5000000000000004 1.0000000180025095e-35 1.5000000000000002 -0.040360781794902233
decision_type=2 10 8 2 2 2
left_child=1 3 -3 5 -5 -1
right_child=-2 2 -4 4 -6 -7
leaf_value=0.00026505452092650031 -0.0019330609771202479 0.0033045703084816358 -9.718110967404425e-05 -0.0022021435861398386 7.9664015140000719e-05 -0.00037949257781810211
leaf_weight=1622.4221776867344 25.475125834345818 28.402250298298895 51.175839683040977 63.96592051081825 106.26806407491677 452.46380534459604
leaf_count=20712 109 224 477 651 978 5621
internal_value=6.60716e-05 9.61649e-05 0.00135031 4.59213e-05 -0.000852343 0.000123354
internal_weight=2350.17 2324.7 79.5781 2245.12 170.234 2074.89
internal_count=28772 28663 701 27962 1629 26333
is_linear=0
shrinkage=0.03


Tree=257
num_leaves=7
num_cat=0
split_feature=15 20 24 23 46 4
split_gain=0.20699 0.221727 0.226756 0.209767 0.230491 0.199871
threshold=1.5000000000000002 -0.061449477188136065 2.5000000000000004 -0.3644040733724892 45.500000000000007 -0.21363968138540093
decision_type=2 2 2 2 8 2
left_child=3 -2 -3 4 -1 -5
right_child=1 2 -4 5 -6 -7
leaf_value=0.00077218494012529801 -0.0021214408520223984 -0.0011407822880006883 0.00077088091873174893 -0.0008268136874134246 -0.0010536793231420583 0.00032840579902609408
leaf_weight=75.329276435775682 67.896207118465099 105.76723085087724 98.389070478500798 137.33075668039965 234.75121839292115 1632.3604547617288
leaf_count=1100 998 1408 1189 1863 3456 18741
internal_value=4.98935e-06 -0.000757881 -0.000226517 0.000107929 -0.000599847 0.000234617
internal_weight=2351.82 272.053 204.156 2079.77 310.08 1769.69
internal_count=28755 3595 2597 25160 4556 20604
is_linear=0
shrinkage=0.03


Tree=258
num_leaves=7
num_cat=0
split_feature=58 29 8 0 30 24
split_gain=0.157006 0.354105 0.178682 0.260547 0.166431 0.165092
threshold=0.41428571428571431 -4.9250090122222892 0.24367011894370341 0.013907696778478031 -1.9141423702239988 7.5000000000000009
decision_type=2 8 2 2 10 2
left_child=2 -2 5 -4 -3 -1
right_child=1 4 3 -5 -6 -7
leaf_value=-0.00017630658603127105 0.0031800076484397046 -0.0014427844342330221 0.0033197263592931437 -0.00046867431657115881 0.00098406633907995164 0.00081702520014288
leaf_weight=2035.05402158777 34.568881285260431 36.37473379043513 23.699575739505235 27.540501966723241 46.431639626040123 152.67969661846291
leaf_count=25036 375 442 278 275 393 1995
internal_value=-1.27237e-06 0.00102338 -5.92999e-05 0.0015395 -0.000122581 -0.000103581
internal_weight=2356.35 117.375 2238.97 51.2401 82.8064 2187.73
internal_count=28794 1210 27584 553 835 27031
is_linear=0
shrinkage=0.03


Tree=259
num_leaves=7
num_cat=0
split_feature=28 9 17 22 28 39
split_gain=0.185409 0.173655 0.193986 0.156397 0.154483 0.194972
threshold=-4.6558716297149649 0.2057325971065567 1.5000000000000002 0.11225720182233831 3.9395006895065312 4.5000000000000009
decision_type=8 2 2 2 10 2
left_child=-1 2 4 -3 -2 -6
right_child=1 3 -4 -5 5 -7
leaf_value=0.0012988102664092903 -0.00020708847568854695 -0.00048395103132386179 -0.0013654506665205859 0.0024628723808890686 0.0026659953436741638 -0.00014074628525106699
leaf_weight=68.954915377660654 2036.1309714848176 21.96150823449716 116.52714452188229 31.586814505397342 28.882413239916787 49.951104826526716
leaf_count=1656 24179 240 1714 382 214 453
internal_value=-0.000131883 -0.000180528 -0.000223634 0.00136833 -0.000154594 0.00107192
internal_weight=2353.99 2285.04 2231.49 53.5483 2114.96 78.8335
internal_count=28838 27182 26560 622 24846 667
is_linear=0
shrinkage=0.03


Tree=260
num_leaves=7
num_cat=0
split_feature=30 28 36 26 2 34
split_gain=0.152467 0.169257 0.619958 0.327534 0.223064 0.169539
threshold=-5.1088354587554923 2.5612220764160161 2.505732879909889 2.2569144964218144 -0.092478417240157915 1.1543216307957969
decision_type=8 10 10 10 2 10
left_child=-1 -2 3 4 -3 -6
right_child=1 2 -4 -5 5 -7
leaf_value=0.00048196318917841888 -0.00027766889822013619 0.00051449053431074695 -0.0032310699450658477 -0.0011877733423056366 0.0035578846174283093 0.00082022478483257679
leaf_weight=380.6918360699201 1701.3802734007768 109.32514822977828 25.337181839160621 42.050828521838412 51.02557505434379 42.038770138286054
leaf_count=6577 19792 1012 204 390 445 313
internal_value=-5.99964e-05 -0.00016657 0.000518968 0.00101938 0.0015123 0.00252081
internal_weight=2351.85 1971.16 269.778 244.44 202.389 93.0643
internal_count=28733 22156 2364 2160 1770 758
is_linear=0
shrinkage=0.03


Tree=261
num_leaves=7
num_cat=0
split_feature=31 4 45 12 52 14
split_gain=0.21684 0.509559 0.41675 0.387628 0.295228 0.191722
threshold=-3.0917288959026332 -0.17982887452836147 0.40833333333333338 0.61352353672355731 4.6338046261042463 0.049118245358592903
decision_type=10 2 8 2 2 2
left_child=1 -1 -3 5 -5 -4
right_child=-2 2 3 4 -6 -7
leaf_value=-0.0018085859388230856 -4.1794751730482712e-05 -0.00020327741073688726 0.00066927298588622167 -0.00069167514946765732 0.0024581031698830617 0.0045186272213435267
leaf_weight=47.619700370531064 2029.4743704890716 100.33663702267222 19.064031160727609 52.196388028562069 38.693793132901192 53.413351412862539
leaf_count=655 25132 894 777 330 262 635
internal_value=7.26516e-05 0.000796793 0.00131616 0.00220726 0.000759982 0.00371002
internal_weight=2340.8 311.324 263.704 163.368 90.8902 72.4774
internal_count=28685 3553 2898 2004 592 1412
is_linear=0
shrinkage=0.03


Tree=262
num_leaves=7
num_cat=0
split_feature=25 26 62 14 12 8
split_gain=0.159111 0.151902 0.152736 0.137632 0.149045 0.174998
threshold=-0.68935497811800084 0.24012829363346103 0.019797019231353481 0.023208000700788701 -0.4922713578388595 -0.1126817218516563
decision_type=2 10 2 2 2 2
left_child=1 -1 -3 -2 5 -5
right_child=3 2 -4 4 -6 -7
leaf_value=0.0020482864181473404 -0.0013918747741351843 0.001109015419782105 -0.0019056573514815219 -0.0013399251398347482 -5.1245791425024503e-05 0.0015927761014891389
leaf_weight=55.656955968152033 55.36640431341948 25.44251643208554 16.516697363666026 14.603923849761484 2094.7019435912371 85.388419225811958
leaf_count=860 5037 325 219 470 19356 2460
internal_value=1.84015e-05 0.00114536 -0.000216043 -3.53415e-05 5.03828e-06 0.00108158
internal_weight=2347.68 97.6162 41.9592 2250.06 2194.69 99.9923
internal_count=28727 1404 544 27323 22286 2930
is_linear=0
shrinkage=0.03


Tree=263
num_leaves=7
num_cat=0
split_feature=18 45 4 58 6 59
split_gain=0.183862 0.213954 0.164329 0.163062 0.162082 0.14289
threshold=1.0000000180025095e-35 0.57738095238095244 -0.15646770363615806 0.58571428571428574 0.46827315413226533 0.50218205573750907
decision_type=2 8 2 2 2 2
left_child=3 -2 -3 4 5 -1
right_child=1 2 -4 -5 -6 -7
leaf_value=4.4763009488604928e-05 0.00015780018061564531 0.00035231294461623888 -0.0024621347441651097 0.0017370326936259333 0.0015812465408539492 -0.00074819133662254705
leaf_weight=1850.9009052757028 85.541922673233785 21.18355217773933 72.398465899634175 39.815671174030285 46.831243079330307 219.81707335950341
leaf_count=23477 760 246 698 408 481 2626
internal_value=-3.79568e-05 -0.000934907 -0.00185254 4.0486e-05 5.71826e-07 -4.26043e-05
internal_weight=2336.49 179.124 93.582 2157.36 2117.55 2070.72
internal_count=28696 1704 944 26992 26584 26103
is_linear=0
shrinkage=0.03


Tree=264
num_leaves=7
num_cat=0
split_feature=30 20 12 10 52 54
split_gain=0.19098 0.208747 0.229901 0.242647 0.22852 0.198904
threshold=-5.5750355720520011 -0.2334809882427078 2.1174690952512654 -0.14093135605386431 4.6616699307369753 1.0000000180025095e-35
decision_type=8 2 2 2 2 2
left_child=-1 4 3 -3 -2 -5
right_child=1 2 -4 5 -6 -7
leaf_value=0.00063006690293528739 -5.5406386222012892e-05 0.0022278906218605563 0.0012971866509894278 -0.00030638314004392955 -0.0029471933599237621 0.00065493755729226287
leaf_weight=336.46216299002117 50.707005887670675 28.171877844026312 95.852908536791801 1582.3111089703452 38.485318387334701 211.04265973364818
leaf_count=5969 780 391 416 18225 519 2349
internal_value=-2.06964e-05 -0.0001324 -6.26418e-05 -0.000140891 -0.0014745 -0.00019025
internal_weight=2343.03 2006.57 1917.38 1821.53 89.1923 1793.35
internal_count=28649 22680 21381 20965 1299 20574
is_linear=0
shrinkage=0.03


Tree=265
num_leaves=7
num_cat=0
split_feature=28 26 4 56 39 22
split_gain=0.154796 0.286669 0.299003 0.309328 0.349962 0.290792
threshold=3.4934675693511967 2.1699252128601079 -0.17982887452836147 -49.132811930815933 4.5000000000000009 0.001452461063333242
decision_type=8 8 2 2 2 2
left_child=-1 -2 -3 -4 5 -5
right_child=1 2 3 4 -6 -7
leaf_value=4.8629380780094418e-06 0.0019622836841597974 -0.0020827628469569769 -0.0019735595430145432 0.0023605463012099626 -0.0013896675357856474 -0.00071242135579058826
leaf_weight=1999.3217123180366 99.406295182183385 36.39765920425998 26.920384442433715 111.23692097282037 34.291154034202918 30.848376598209143
leaf_count=24924 863 550 405 1259 419 321
internal_value=0.000106664 0.000689544 0.000104264 0.000575112 0.00104914 0.00169039
internal_weight=2338.42 339.101 239.694 203.297 176.376 142.085
internal_count=28741 3817 2954 2404 1999 1580
is_linear=0
shrinkage=0.03


Tree=266
num_leaves=7
num_cat=0
split_feature=31 28 3 4 50 12
split_gain=0.132676 0.20382 0.479388 0.197389 0.402982 0.576668
threshold=4.4331994056701669 -0.0029431406874209638 -0.28192432541384871 -0.10720244249852172 0.2678571428571429 1.0457632566964621
decision_type=8 8 2 2 2 2
left_child=1 2 -1 -2 -5 -6
right_child=3 -3 -4 4 5 -7
leaf_value=0.0020803537158378105 -0.00015550326235486009 8.1962830573319857e-06 -0.0012012399361392848 0.0002358816092170081 0.0038819056117968351 -0.00094021457633699525
leaf_weight=36.311921323649585 582.34189737436827 929.84474145947024 324.37858648592373 413.36544117947051 59.046683331020176 28.090808652341366
leaf_count=484 9119 8633 3496 6082 905 161
internal_value=-2.41876e-05 -0.000228845 -0.000823662 0.000219585 0.000650502 0.00239062
internal_weight=2373.38 1290.54 360.691 1082.84 500.503 87.1375
internal_count=28880 12613 3980 16267 7148 1066
is_linear=0
shrinkage=0.03


Tree=267
num_leaves=7
num_cat=0
split_feature=45 2 22 31 3 31
split_gain=0.154698 0.284253 0.255165 0.235026 0.410996 0.230236
threshold=0.21111111111111114 -0.097666809029998761 0.095426825662832546 5.4674949795007715 -0.25062622129855111 5.1548917442560205
decision_type=10 2 2 8 2 10
left_child=3 2 -2 -1 -5 -4
right_child=1 -3 5 4 -6 -7
leaf_value=-0.0001801147717191542 -0.001247304092889469 0.00020400922090193797 -0.00078597904333291475 -0.0013353184437643181 0.00088204744038562484 0.0025005003054961914
leaf_weight=976.16559531731764 349.74098242586479 358.85004205457517 34.199602574342862 78.683987708616769 515.83394232453429 25.440658772713505
leaf_count=9678 5091 4323 418 1703 7045 482
internal_value=-6.46307e-05 -0.000410647 -0.000941451 0.000106135 0.000571346 0.000773682
internal_weight=2338.91 768.231 409.381 1570.68 594.518 59.6403
internal_count=28740 10314 5991 18426 8748 900
is_linear=0
shrinkage=0.03


Tree=268
num_leaves=7
num_cat=0
split_feature=2 28 35 45 46 46
split_gain=0.186907 0.290315 0.235605 0.192803 0.368403 0.345013
threshold=-0.034902628825486247 2.3411862850189213 1.0017077369349345 0.15476190476190479 24.500000000000004 13.500000000000002
decision_type=2 10 10 10 8 10
left_child=3 -2 -3 4 -1 -5
right_child=1 2 -4 5 -6 -7
leaf_value=0.0018366272370064147 -0.00084269129547228847 0.0022495487381928099 -0.00087371009012876121 -0.0018517141545013568 0.00018205120074670861 2.3000132769337249e-05
leaf_weight=127.3672448823927 397.76424618432065 46.250495882937685 28.457360671367496 93.484623972210102 1051.1002317571401 602.50929566734703
leaf_count=1185 5014 416 236 1383 12510 7978
internal_value=7.31846e-06 -0.000519578 0.00109715 0.000142179 0.000374825 -0.00025147
internal_weight=2346.93 472.472 74.7079 1874.46 1178.47 695.994
internal_count=28722 5666 652 23056 13695 9361
is_linear=0
shrinkage=0.03


Tree=269
num_leaves=7
num_cat=0
split_feature=4 0 28 9 7 14
split_gain=0.143339 0.238265 0.245821 0.23714 0.23512 0.228523
threshold=-0.061571947256738535 0.110171864593498 1.980029881000519 0.091227715973247456 0.09801813267450861 0.37367796081008076
decision_type=2 2 8 2 2 2
left_child=1 -1 3 -3 -4 -2
right_child=5 2 4 -5 -6 -7
leaf_value=-0.00035566395971508679 0.00050956565732050197 -0.00038922747830935032 0.0028275525338151432 0.001771247312079764 -9.6529039822781219e-05 -0.0015237205625512715
leaf_weight=1311.6639421754808 615.80585301143583 228.34086505856249 55.817489441018552 46.580887444259133 38.635004059411585 44.393057435750961
leaf_count=17135 7597 2536 537 442 297 185
internal_value=-1.92244e-05 -0.000166295 0.000497814 2.61473e-05 0.00173675 0.000352148
internal_weight=2341.24 1681.04 369.374 274.922 94.4525 660.199
internal_count=28729 20947 3812 2978 834 7782
is_linear=0
shrinkage=0.03


Tree=270
num_leaves=7
num_cat=0
split_feature=58 7 12 52 4 14
split_gain=0.206142 0.187917 0.232186 0.287205 0.214283 0.226756
threshold=0.21111111111111114 0.020011336503049596 1.318617435464837 4.7108925014903322 -0.1126177365008806 0.1899010890075418
decision_type=2 2 2 2 2 2
left_child=1 4 -3 -4 5 -1
right_child=-2 2 3 -5 -6 -7
leaf_value=0.00011759395321786584 0.00068113398792334588 -0.00014566897190057185 -0.0003198433577396028 -0.0022650338721065424 -0.00029579772964942588 0.0014118193936219819
leaf_weight=379.17996127568767 304.32920026677311 686.58716352394549 163.09193419665098 112.65330051630735 540.8423997937789 170.98199072480202
leaf_count=7134 3333 8860 805 575 7166 919
internal_value=-3.47202e-05 -0.000143605 -0.000447015 -0.00116599 0.00012565 0.000537843
internal_weight=2357.67 2053.34 962.332 275.745 1091 550.162
internal_count=28792 25459 10240 1380 15219 8053
is_linear=0
shrinkage=0.03


Tree=271
num_leaves=7
num_cat=0
split_feature=60 26 52 52 31 20
split_gain=0.163492 0.203198 0.219337 0.190134 0.197755 0.192677
threshold=-0.069912029698073294 -0.38885183632373804 4.8233312210838122 1.0000000180025095e-35 -1.0057343095540998 -0.20438770886034899
decision_type=2 10 2 2 8 2
left_child=1 -1 -3 4 -2 -6
right_child=3 2 -4 -5 5 -7
leaf_value=0.0014778395062880379 -0.0012526504580918354 0.00064075558647910889 -0.0013644436547939635 -0.0001724035417965157 -0.0015166182056376766 0.0011686907366720428
leaf_weight=141.83941318187863 34.435789398150519 153.56613090372412 60.159556876169518 1715.2938400759012 18.029427089291858 240.58840636734385
leaf_count=1382 270 1440 553 21510 334 3365
internal_value=5.50621e-05 0.000638659 4.05727e-05 -5.09124e-05 0.000642421 0.000931995
internal_weight=2363.91 355.565 213.726 2008.35 293.054 258.618
internal_count=28854 3375 1993 25479 3969 3699
is_linear=0
shrinkage=0.03


Tree=272
num_leaves=7
num_cat=0
split_feature=14 7 2 4 12 13
split_gain=0.158103 0.37297 0.365065 0.260033 0.457777 0.246072
threshold=0.24053669836165584 0.0085376529311693237 -0.14775332569873445 -0.11394537768073131 1.8581553637579129 1.8688348091416842
decision_type=2 2 2 2 2 2
left_child=5 2 -2 4 -3 -1
right_child=1 3 -4 -5 -6 -7
leaf_value=0.0017255873944088658 0.0021718049169663135 -0.0030399270471385452 -0.00033768916439602377 -0.0002179478048382614 0.00017485983665632509 6.7564127462633824e-05
leaf_weight=74.571296778158285 69.161468014121056 99.540594756603241 146.715221747756 174.52138683199883 61.040309891104698 1723.5467427889816
leaf_count=863 338 467 700 799 268 25366
internal_value=9.0177e-06 -0.000431009 0.000526846 -0.00104546 -0.0018793 0.000145489
internal_weight=2349.1 550.979 215.877 335.102 160.581 1798.12
internal_count=28801 2572 1038 1534 735 26229
is_linear=0
shrinkage=0.03


Tree=273
num_leaves=7
num_cat=0
split_feature=14 11 35 20 52 52
split_gain=0.218389 0.175802 0.174864 0.208201 0.166424 0.261814
threshold=0.55539512592572449 0.12258119489816656 0.74647243962519705 -0.0023738472314625554 5.5116732369970016 5.8249976811274902
decision_type=2 2 10 2 2 2
left_child=1 4 3 -3 -1 -6
right_child=-2 2 -4 -5 5 -7
leaf_value=-2.6574854121649269e-05 -0.0021914665551741159 -0.00027304809836153611 -0.00033531828900830999 0.0032800185964078203 0.0019469840775511406 -0.00079201812940134502
leaf_weight=2106.6897148718126 28.242160648107529 19.454984245123342 34.378893226152286 37.702187406131998 83.8077850897389 40.457399453793187
leaf_count=26203 121 216 336 422 1005 491
internal_value=5.7678e-05 9.43064e-05 0.0013152 0.00221006 3.85677e-05 0.00106267
internal_weight=2350.73 2322.49 91.5361 57.1572 2230.95 124.265
internal_count=28794 28673 974 638 27699 1496
is_linear=0
shrinkage=0.03


Tree=274
num_leaves=7
num_cat=0
split_feature=52 52 35 7 28 36
split_gain=0.162417 0.239052 0.260947 0.251961 0.291656 0.221226
threshold=5.5116732369970016 4.859114313416061 -1.3328235103852217 0.046216950911813034 4.1157259941101083 1.2985740625722844
decision_type=2 2 8 2 8 10
left_child=1 -1 -3 5 -5 -4
right_child=-2 2 3 4 -6 -7
leaf_value=0.00016325704985826044 0.0010313300605499145 0.00055313067467151807 -0.0018967260993359683 -0.00047856969958630645 0.0027281305508985478 -7.8687716455587553e-05
leaf_weight=1625.9777615321218 129.09593855639105 143.28169639187399 208.26047756028129 138.50656364089809 20.833409698330797 84.434139312128536
leaf_count=20122 1532 1881 2758 1267 217 970
internal_value=3.6841e-05 -2.53192e-05 -0.000534563 -0.000883839 7.70452e-05 -0.0013922
internal_weight=2350.39 2221.29 595.316 452.035 159.34 292.695
internal_count=28747 27215 7093 5212 1484 3728
is_linear=0
shrinkage=0.03


Tree=275
num_leaves=7
num_cat=0
split_feature=52 50 25 25 7 12
split_gain=0.177189 0.23748 0.234175 0.172383 0.173361 0.337904
threshold=3.2080875396860176 0.78888888888888908 0.86303561756204028 -0.78245527333057729 0.022650225966807807 0.62329673087190629
decision_type=2 2 2 2 2 2
left_child=1 2 -1 -2 -5 -6
right_child=3 -3 -4 4 5 -7
leaf_value=0.00011997553511926178 0.0013929527355681661 0.002876087194577564 0.0028792068456716586 4.5603079705657524e-05 0.0002683739878027474 -0.0010066453179245483
leaf_weight=492.79518463290879 51.471507087146165 24.023952444316819 19.406798446201719 968.28154480320518 286.93025859526824 509.23584046214819
leaf_count=5981 751 224 306 13205 5167 3159
internal_value=-2.95965e-05 0.000444591 0.000277654 -0.000171288 -0.000224512 -0.000549512
internal_weight=2352.15 536.226 512.202 1815.92 1764.45 796.166
internal_count=28793 6511 6287 22282 21531 8326
is_linear=0
shrinkage=0.03


Tree=276
num_leaves=7
num_cat=0
split_feature=7 35 52 27 14 62
split_gain=0.179593 0.179305 0.15648 0.217204 0.208088 0.176862
threshold=-0.14530556482716048 -2.2258123453883893 2.8062982233521478 1.8157624602317812 0.035564783553624343 0.14456832261736705
decision_type=2 10 2 10 2 2
left_child=1 -1 3 4 -2 -6
right_child=2 -3 -4 -5 5 -7
leaf_value=0.0011573093856216412 -0.0014379836871180221 -0.0019143156686395439 -9.6965182911481738e-06 -0.0010537592067215323 0.0015245214730870919 -0.0001684743600409894
leaf_weight=14.901779058622195 22.296432568167802 64.158511251676828 1886.0663555244391 49.445814902661368 235.96681818366051 69.328424084931612
leaf_count=407 1297 1453 22224 591 2137 602
internal_value=5.14439e-05 -0.00127042 0.000103008 0.000652478 0.000933599 0.00114692
internal_weight=2342.16 79.0603 2263.1 377.037 327.592 305.295
internal_count=28711 1860 26851 4627 4036 2739
is_linear=0
shrinkage=0.03


Tree=277
num_leaves=7
num_cat=0
split_feature=58 28 39 15 28 2
split_gain=0.182068 0.176695 0.175085 0.175067 0.220641 0.311278
threshold=0.41428571428571431 2.3073602914810185 3.5000000000000004 1.5000000000000002 -0.70496386289596547 -0.1142561060306924
decision_type=2 10 2 2 10 2
left_child=3 2 -2 4 5 -1
right_child=1 -3 -4 -5 -6 -7
leaf_value=-0.00023375256417455573 0.0022739176891718757 0.0030920996560907044 -0.0003499458318738092 -0.00082140216839850341 -0.00021555679626789667 0.0011086539867464257
leaf_weight=293.16962402703939 21.747047907556407 19.959898496046662 74.802636027161498 257.68737137777498 1362.5074574894388 314.14866542733216
leaf_count=4997 222 161 800 3443 14753 4344
internal_value=-3.91149e-05 0.00106832 0.000399005 -0.000101555 -3.71309e-06 0.000467347
internal_weight=2344.02 116.51 96.5497 2227.51 1969.83 607.318
internal_count=28720 1183 1022 27537 24094 9341
is_linear=0
shrinkage=0.03


Tree=278
num_leaves=7
num_cat=0
split_feature=29 34 24 52 52 4
split_gain=0.167869 0.173758 0.146702 0.138616 0.305683 0.19749
threshold=7.0843644142150888 -7.7673374439279232 2.5000000000000004 5.5116732369970016 5.4718357135910605 -0.16507955656371892
decision_type=10 8 2 2 2 2
left_child=1 -1 -2 4 -3 -5
right_child=2 3 -4 5 -6 -7
leaf_value=0.0012938409229743203 -0.0027173985319609425 4.2785115819640551e-05 -2.1337178087511191e-05 -0.00093015067127219129 -0.0025951057521837978 0.0016351454975533906
leaf_weight=96.383086457775789 25.941910436959006 2034.4645609800937 37.046717898803763 29.286246763542295 30.316365923499689 92.586494548479095
leaf_count=2342 289 24055 411 360 311 1035
internal_value=6.49482e-05 0.000109764 -0.00135189 5.19195e-05 -8.26718e-06 0.000994912
internal_weight=2346.03 2283.04 62.9886 2186.65 2064.78 121.873
internal_count=28803 28103 700 25761 24366 1395
is_linear=0
shrinkage=0.03


Tree=279
num_leaves=7
num_cat=0
split_feature=12 14 62 52 62 28
split_gain=0.153408 0.333879 0.329853 0.219392 0.268438 0.248682
threshold=1.8581553637579129 0.41689216548846814 -0.014115669825636992 1.0000000180025095e-35 -0.20916174767259257 2.0516506433486943
decision_type=2 2 2 2 2 8
left_child=1 3 -2 4 -1 -6
right_child=2 -3 -4 -5 5 -7
leaf_value=-0.00091367726353782438 -0.00049543480375785942 -0.0028749956107506614 0.0018387098033801846 -0.00022758493552927134 0.0004481372187265695 0.0025606611013280454
leaf_weight=69.924464622366941 101.5258075594902 29.824244096875191 99.819197960197926 1813.0810933531757 172.25218381782179 64.276872210029978
leaf_count=912 458 123 449 23486 2563 818
internal_value=-7.78928e-05 -0.00015308 0.000693993 -0.000101458 0.00062836 0.0011028
internal_weight=2350.7 2149.36 201.345 2119.53 306.454 236.529
internal_count=28809 27902 907 27779 4293 3381
is_linear=0
shrinkage=0.03


Tree=280
num_leaves=7
num_cat=0
split_feature=3 31 11 25 29 46
split_gain=0.169411 0.215707 0.183469 0.164148 0.2022 0.310166
threshold=-0.28835996891909482 6.1064754053950319 0.024733021635985206 -0.26507583936197282 -7.4416050910949698 75.500000000000014
decision_type=2 10 2 2 8 8
left_child=1 2 -1 -2 5 -5
right_child=3 -3 -4 4 -6 -7
leaf_value=0.00045580861138444116 0.00050710801836141225 -0.0023355629347793843 -0.0017757838376745618 0.0019596550591876698 -0.0002861581920595099 -0.00015974232918877451
leaf_weight=100.06336639716756 412.50487955089193 56.353648183954647 37.662106640986167 87.472415484138764 1486.9940658304695 167.75505396892549
leaf_count=1394 5260 1324 529 1153 17029 2111
internal_value=-0.000102148 -0.000928282 -0.000233337 -2.37925e-05 -0.00015167 0.000613124
internal_weight=2348.81 194.079 137.725 2154.73 1742.22 255.227
internal_count=28800 3247 1923 25553 20293 3264
is_linear=0
shrinkage=0.03


Tree=281
num_leaves=7
num_cat=0
split_feature=11 2 45 37 39 39
split_gain=0.206405 0.190265 0.248557 0.238126 0.390544 0.360085
threshold=0.13550375812923518 -0.033346534388887711 0.15476190476190479 -2.5334226481616491 2.5000000000000004 2.5000000000000004
decision_type=2 2 10 10 2 2
left_child=1 2 3 5 -5 -1
right_child=-2 -3 -4 4 -6 -7
leaf_value=0.002384206666283353 0.0015260166683988372 -0.00064055340992585886 -0.00039446152933047212 -0.0013761439948632747 0.00034671288235428534 0.00012507235868290838
leaf_weight=103.87882229941897 64.008915085636545 435.1906753363146 696.13977893255651 129.46438101207605 775.78990080641233 146.19839145887818
leaf_count=1205 692 5310 9238 1172 8635 2526
internal_value=-3.35529e-05 -8.36633e-05 4.99724e-05 0.000318851 8.7976e-05 0.00111908
internal_weight=2350.67 2286.66 1851.47 1155.33 905.254 250.077
internal_count=28778 28086 22776 13538 9807 3731
is_linear=0
shrinkage=0.03


Tree=282
num_leaves=7
num_cat=0
split_feature=58 59 14 3 39 12
split_gain=0.18341 0.425514 0.2254 0.214844 0.308878 0.33509
threshold=0.13392857142857145 0.32623618366889351 0.55539512592572449 -0.051712593298061986 6.5000000000000009 1.6819229419484962
decision_type=2 2 2 2 2 2
left_child=2 -2 3 -1 5 -5
right_child=1 -3 -4 4 -6 -7
leaf_value=-0.00025895649966214387 0.0022433823997672149 3.8249891612918465e-05 -0.0027946566468839626 0.0016042253654473771 -0.00058524967581537353 -0.0013767457070765076
leaf_weight=1511.1674768081866 91.421597698907135 354.03392636863282 18.366475835442543 207.49850278464146 135.09876833594171 32.287031434476376
leaf_count=19612 1033 4022 79 2351 1535 145
internal_value=-1.10006e-05 0.000530132 -0.000139683 -9.92257e-05 0.000534652 0.00116379
internal_weight=2349.87 445.456 1904.42 1886.05 374.884 239.786
internal_count=28777 5055 23722 23643 4031 2496
is_linear=0
shrinkage=0.03


Tree=283
num_leaves=7
num_cat=0
split_feature=62 25 1 0 24 47
split_gain=0.154185 0.176771 0.172118 0.158509 0.227506 0.325629
threshold=-0.73469572064517297 -0.78245527333057729 -0.038265755219305329 -0.12252115756406111 3.5000000000000004 4.5000000000000009
decision_type=2 2 2 2 2 8
left_child=-1 2 -2 -3 5 -5
right_child=1 3 -4 4 -6 -7
leaf_value=0.0011983531452055161 -0.00082261532368054174 -0.00062862836594773511 0.0022608012800128916 -0.0026829940935290679 0.00049242121520178157 -0.00015488295464031671
leaf_weight=72.348006729851477 17.526484233501833 508.59963006155158 42.097545348893618 37.849449232337065 513.75118591383216 1151.379582350346
leaf_count=853 407 7672 482 487 5643 13138
internal_value=-7.75583e-05 -0.000123277 0.00136646 -0.00016941 -2.93941e-05 -0.000257047
internal_weight=2343.55 2271.2 59.624 2211.58 1702.98 1189.23
internal_count=28682 27829 889 26940 19268 13625
is_linear=0
shrinkage=0.03


Tree=284
num_leaves=7
num_cat=0
split_feature=0 2 11 2 33 28
split_gain=0.181202 0.18316 0.236782 0.210848 0.320406 0.22283
threshold=0.48279492640917049 -0.040360781794902233 -0.032985016772237363 0.0027983815886902567 0.21600779394308731 2.2681872844696049
decision_type=2 2 2 2 10 10
left_child=1 -1 -3 5 -5 -4
right_child=-2 2 3 4 -6 -7
leaf_value=9.7824141625943046e-05 0.001934344044610333 0.0016278502640652882 -0.0017902980439506728 0.00070072319345898602 -0.0014275140142538157 0.00078211239586462272
leaf_weight=1822.2593435229646 32.537482331972569 32.258625297516119 181.57253464905079 154.6558986257005 93.89231750566978 30.106486103497446
leaf_count=22478 345 366 2423 1836 1036 280
internal_value=-6.03307e-06 -4.15115e-05 -0.000548758 -0.000732696 -0.000127363 -0.00140565
internal_weight=2347.28 2314.75 492.486 460.227 248.548 211.679
internal_count=28764 28419 5941 5575 2872 2703
is_linear=0
shrinkage=0.03


Tree=285
num_leaves=7
num_cat=0
split_feature=12 9 8 29 24 35
split_gain=0.167748 0.286456 0.156628 0.168489 0.134824 0.161433
threshold=2.1174690952512654 0.048743100936106544 0.24367011894370341 -3.0151909589767452 7.5000000000000009 -1.297717079416745
decision_type=2 2 2 10 2 10
left_child=2 -2 4 -4 -1 -6
right_child=1 -3 3 -5 5 -7
leaf_value=-0.00018031714709190562 0.0023100561398678048 -0.00061173889010244641 0.0028872130161926783 -0.00024006596725785099 0.0020179204092268242 4.4651179212180492e-05
leaf_weight=2034.6194570116932 60.480212360620499 46.900489836931229 22.874865523277549 26.67661718337331 46.061442731821444 112.9765647611348
leaf_count=25634 265 201 272 281 669 1453
internal_value=-1.52269e-05 0.00109051 -7.27626e-05 0.00144601 -0.000113476 0.000701727
internal_weight=2350.59 107.381 2243.21 49.5515 2193.66 159.038
internal_count=28775 466 28309 553 27756 2122
is_linear=0
shrinkage=0.03


Tree=286
num_leaves=7
num_cat=0
split_feature=62 24 10 10 9 31
split_gain=0.19109 0.233869 0.181923 0.238494 0.238061 0.2147
threshold=-0.60022689879507773 4.5000000000000009 -0.14093135605386431 -0.065888960887512629 0.049828790338510925 4.2964675426483163
decision_type=2 2 2 2 2 8
left_child=1 -1 -2 4 -4 -6
right_child=2 -3 3 -5 5 -7
leaf_value=0.0017757583296461688 0.0017857313012358605 -0.00093083255737367102 -0.0014645309082464003 2.739667826130187e-06 0.001590731363974369 -0.0010986052995455506
leaf_weight=95.048241605167277 36.000771056336816 32.366535120061599 198.96480484490166 1897.7609651962412 47.244501622626558 40.677709221228724
leaf_count=1085 566 418 2949 22686 427 623
internal_value=-1.53405e-05 0.00107051 -8.21635e-05 -0.000120941 -0.000911625 0.000361367
internal_weight=2348.06 127.415 2220.65 2184.65 286.887 87.9222
internal_count=28754 1503 27251 26685 3999 1050
is_linear=0
shrinkage=0.03


Tree=287
num_leaves=7
num_cat=0
split_feature=22 29 6 4 45 36
split_gain=0.190822 0.263748 0.266378 0.221254 0.308265 0.264794
threshold=0.023672478144142702 -2.1190036535263057 0.22050117839662184 -0.10384432858843508 0.21111111111111114 0.9461662175365424
decision_type=2 8 2 2 10 8
left_child=-1 -2 3 4 -3 -6
right_child=1 2 -4 -5 5 -7
leaf_value=-0.0002005118237635806 0.0010443316894702323 0.0011568765273864128 0.0017669461788532104 -0.0014715079818754119 0.00033468950042766875 -0.0035442615473704813
leaf_weight=1736.8764960758126 293.21011319945683 98.646292145422194 42.772181585431099 118.81594417412998 30.61813058250118 19.699326151749119
leaf_count=21376 3812 1146 411 1333 427 257
internal_value=-4.07987e-05 0.000414438 -0.000194307 -0.000559908 0.000214028 -0.00151975
internal_weight=2340.64 603.762 310.552 267.78 148.964 50.3175
internal_count=28762 7386 3574 3163 1830 684
is_linear=0
shrinkage=0.03


Tree=288
num_leaves=7
num_cat=0
split_feature=23 12 11 62 8 62
split_gain=0.175358 0.186361 0.185602 0.198419 0.198815 0.36546
threshold=0.14644137057628673 1.0000000180025095e-35 0.13550375812923518 -0.73469572064517297 0.029614820314279911 0.024913326146833264
decision_type=2 2 2 2 2 2
left_child=2 -2 3 -1 -5 -6
right_child=1 -3 -4 4 5 -7
leaf_value=0.0015921864627736506 0.0018951819171241836 0.00031225294622233069 0.0017098626727577899 0.00010269118837703437 -0.0010795414493296341 0.00028434338544928295
leaf_weight=50.112572269223165 71.832586829841603 402.36227613687515 42.216746332182083 1051.787094110332 435.0561000869784 287.65882221057836
leaf_count=636 2011 3062 467 14443 4941 3226
internal_value=7.74385e-05 0.000586229 -5.42346e-05 -0.000104149 -0.000160708 -0.000540209
internal_weight=2341.03 474.195 1866.83 1824.61 1774.5 722.715
internal_count=28786 5073 23713 23246 22610 8167
is_linear=0
shrinkage=0.03


Tree=289
num_leaves=7
num_cat=0
split_feature=12 51 28 8 8 24
split_gain=0.181035 0.347502 0.293666 0.309214 0.281407 0.289008
threshold=1.3610199849070617 0.55000000000000016 3.4934675693511967 -0.026499183708739559 -0.06489915159591321 4.5000000000000009
decision_type=2 2 10 2 2 2
left_child=4 2 3 -2 5 -1
right_child=1 -3 -4 -5 -6 -7
leaf_value=-0.0011498186514430394 0.0005201053927636947 0.0013803145139311219 0.0013671437860503909 -0.0014217932762906479 0.00033218994266728363 0.00079466630688669149
leaf_weight=241.15733227401506 88.280828833580017 69.712401032447815 43.545776881277561 334.40249764174223 1477.1292540591676 86.672040883859154
leaf_count=4626 460 337 215 1693 19631 1752
internal_value=1.13685e-05 -0.000467669 -0.000767169 -0.00101357 0.000155401 -0.000627427
internal_weight=2340.9 535.942 466.229 422.683 1804.96 327.829
internal_count=28714 2705 2368 2153 26009 6378
is_linear=0
shrinkage=0.03


Tree=290
num_leaves=7
num_cat=0
split_feature=12 14 8 15 22 35
split_gain=0.22279 0.542822 0.207434 0.193602 0.21657 0.216139
threshold=2.1174690952512654 0.41689216548846814 0.037091633560743374 1.5000000000000002 -0.036376256158631028 -1.3897045258587846
decision_type=2 2 2 2 2 10
left_child=1 3 -2 5 -5 -1
right_child=2 -3 -4 4 -6 -7
leaf_value=0.00057330001889478179 0.0024887620541015638 -0.0028595583138258216 -6.4547800566584749e-05 -0.0020567812990491996 -0.00017996275222679435 -9.9733797748523167e-05
leaf_weight=630.25837755008251 51.159332409501076 50.667025730013847 52.92338615655899 69.035482913459418 192.00939611386275 1297.2326724497834
leaf_count=8578 224 208 228 1050 2478 15921
internal_value=5.28646e-06 -6.03364e-05 0.00129861 1.71805e-05 -0.000733874 0.00012216
internal_weight=2343.29 2239.2 104.083 2188.54 261.045 1927.49
internal_count=28687 28235 452 28027 3528 24499
is_linear=0
shrinkage=0.03


Tree=291
num_leaves=7
num_cat=0
split_feature=62 35 10 33 36 23
split_gain=0.176003 0.184415 0.155291 0.229263 0.274111 0.187193
threshold=-0.73469572064517297 0.61918890956415151 -0.065888960887512629 3.1567849914232893 1.3615870201989775 -0.26931642933927419
decision_type=2 8 2 8 10 2
left_child=1 -1 3 4 -2 -4
right_child=2 -3 5 -5 -6 -7
leaf_value=0.0024308417614246642 -0.00086948198554314597 -0.00036594452708461423 -0.00066308228113319231 -0.0026306948396459164 0.0012853691509184997 9.384727099469886e-05
leaf_weight=39.443660520075355 228.99206580282771 33.14786078047473 349.12392693263246 39.645513017836493 58.869920031807851 1613.7943660370656
leaf_count=476 3368 358 4858 561 730 18553
internal_value=-9.74364e-05 0.00126405 -0.000145894 -0.000740363 -0.000400441 -4.34585e-05
internal_weight=2363.02 72.5915 2290.43 327.507 287.862 1962.92
internal_count=28904 834 28070 4659 4098 23411
is_linear=0
shrinkage=0.03


Tree=292
num_leaves=7
num_cat=0
split_feature=57 5 11 9 11 36
split_gain=0.180435 0.191149 0.23284 0.176482 0.147641 0.256307
threshold=6.5000000000000009 -0.024410391506445143 0.047974124069443694 0.2057325971065567 0.12597660222346763 -1.0896274135059987
decision_type=2 2 2 2 2 10
left_child=3 -2 -3 4 -1 -6
right_child=1 2 -4 -5 5 -7
leaf_value=-0.00020850808605964838 -0.00018574600426206431 0.0025716683273393505 2.2716464168189223e-05 0.0014873718784026075 -0.0011080135040825259 0.0022144627414896626
leaf_weight=1986.0453378231177 104.06459756987169 67.872279878007248 55.364185225829715 50.458971896616276 24.983912421273999 48.16504583065398
leaf_count=24283 1347 907 697 593 290 472
internal_value=-2.37182e-05 0.000760888 0.0015142 -0.000111445 -0.000157622 0.0010829
internal_weight=2336.95 227.301 123.236 2109.65 2059.19 73.149
internal_count=28589 2951 1604 25638 25045 762
is_linear=0
shrinkage=0.03


Tree=293
num_leaves=7
num_cat=0
split_feature=52 28 35 36 31 4
split_gain=0.208086 0.217733 0.25836 0.378654 0.207088 0.273254
threshold=3.493733417550295 1.980029881000519 0.72288178373128187 -0.99423507690690227 0.69801688194274913 -0.11985177558767622
decision_type=2 10 10 10 8 2
left_child=1 -1 3 -3 5 -2
right_child=4 2 -4 -5 -6 -7
leaf_value=0.00015070350166519164 -0.0016294399628496864 -0.00019682529199164611 -1.4636978273761247e-05 0.0041829849607457571 -1.8358650676921969e-05 -4.7726594320907704e-05
leaf_weight=516.4400175283954 177.78507309663109 26.173309817444533 56.779234547866508 40.148968453984708 1334.9762981862295 207.59043903951533
leaf_count=6557 1548 259 474 363 17883 1793
internal_value=-2.53386e-05 0.00043263 0.0015152 0.00265522 -0.000197105 -0.000800174
internal_weight=2359.89 639.542 123.102 66.3223 1720.35 385.376
internal_count=28877 7653 1096 622 21224 3341
is_linear=0
shrinkage=0.03


Tree=294
num_leaves=7
num_cat=0
split_feature=62 7 37 12 62 2
split_gain=0.190217 0.175924 0.169729 0.168996 0.264475 0.29966
threshold=-0.73469572064517297 0.074168732492895004 -6.0157384907055382 1.8581553637579129 -0.017928351357065515 -0.08233261093616849
decision_type=2 2 8 2 2 2
left_child=1 -1 -2 -4 -5 -6
right_child=2 -3 3 4 5 -7
leaf_value=0.0021351406614080574 0.0013634826492277526 -0.00087488666491601804 -0.00017891280006764493 -0.00042082112883188742 0.0030379067343576029 -9.7392054706060542e-05
leaf_weight=56.403864212683402 64.006802607007558 17.448076100437902 2026.193326397246 91.989958718419075 54.689225517213345 46.593010917305946
leaf_count=701 1581 155 25570 415 248 206
internal_value=1.04007e-06 0.00140447 -5.02755e-05 -9.69795e-05 0.000728524 0.00171643
internal_weight=2357.32 73.8519 2283.47 2219.47 193.272 101.282
internal_count=28876 856 28020 26439 869 454
is_linear=0
shrinkage=0.03


Tree=295
num_leaves=7
num_cat=0
split_feature=58 5 36 52 31 2
split_gain=0.135321 0.15435 0.276913 0.21596 0.200903 0.172181
threshold=0.58571428571428574 0.063738416579645393 -1.2385063329918513 4.7108925014903322 3.0139982700347905 -0.055398411299573964
decision_type=2 2 10 2 10 2
left_child=1 -1 5 4 -4 -3
right_child=-2 2 3 -5 -6 -7
leaf_value=-6.4315588011278554e-05 0.0014954996495627059 -0.0023367033209742028 0.0039275598147295848 -0.00048142414880041686 0.00069641151466454543 0.00093502082926846689
leaf_weight=2174.9785979310982 45.700212829571683 22.564141200622544 33.777661786880344 25.398855965468101 37.387372827623039 18.532320435391739
leaf_count=26954 458 242 272 239 449 221
internal_value=3.43091e-05 -8.80022e-07 0.000937856 0.00176325 0.00252499 -0.000967081
internal_weight=2358.34 2312.64 137.66 96.5639 71.165 41.0965
internal_count=28835 28377 1423 960 721 463
is_linear=0
shrinkage=0.03


Tree=296
num_leaves=7
num_cat=0
split_feature=35 14 36 9 46 31
split_gain=0.14746 0.29745 0.347815 0.194324 0.183902 0.324612
threshold=-1.4508520647501333 0.22803613086365929 -0.59102225557646959 -0.03927306299351551 88.500000000000014 -3.0917288959026332
decision_type=10 2 10 2 8 10
left_child=1 3 -3 -1 -2 -6
right_child=4 2 -4 -5 5 -7
leaf_value=-0.00022413655383893483 0.00026942432906053759 -0.0014634662758280846 0.0014339325919454659 0.0010267451772013089 0.0025479841996380766 -0.00048097204295581656
leaf_weight=146.01040748135711 637.11016730565461 126.0158027112484 42.410016804933548 426.53733822738286 23.114361391402781 942.60508164478233
leaf_count=2903 7382 599 203 6152 179 11337
internal_value=3.81886e-05 0.00038529 -0.000694418 0.000709375 -0.000123667 -0.000383104
internal_weight=2343.8 740.974 168.426 572.548 1602.83 965.719
internal_count=28755 9857 802 9055 18898 11516
is_linear=0
shrinkage=0.03


Tree=297
num_leaves=7
num_cat=0
split_feature=52 52 29 22 24 47
split_gain=0.177629 0.181168 0.179934 0.178918 0.186179 0.162163
threshold=5.5116732369970016 5.4781335798652639 0.27587477862834936 -0.14482112377365025 7.5000000000000009 4.5000000000000009
decision_type=2 2 10 2 2 8
left_child=1 3 -2 -1 5 -5
right_child=2 -3 -4 4 -6 -7
leaf_value=-0.000833710076429629 0.0016469222145542878 -0.0021278546444171488 -0.00075023515999385511 -0.0013441312903526206 0.0010720178240650339 3.4681853453013673e-05
leaf_weight=215.49191870959476 96.138483812566847 27.79946997819934 31.704486798495054 70.232442855893169 140.62020258459961 1770.0064643888036
leaf_count=3182 1193 310 343 907 1813 20995
internal_value=-4.04509e-06 -6.85129e-05 0.00104114 -3.29215e-05 5.79441e-05 -2.49206e-05
internal_weight=2351.99 2224.15 127.843 2196.35 1980.86 1840.24
internal_count=28743 27207 1536 26897 23715 21902
is_linear=0
shrinkage=0.03


Tree=298
num_leaves=7
num_cat=0
split_feature=34 24 62 2 24 46
split_gain=0.121734 0.175835 0.147174 0.138571 0.199454 0.197481
threshold=-8.0792526404062901 1.5000000000000002 -0.033576344833150036 -0.20782727299897372 3.5000000000000004 182.50000000000003
decision_type=8 2 2 2 2 10
left_child=1 2 -1 4 5 -2
right_child=3 -3 -4 -5 -6 -7
leaf_value=0.0011602038522192271 -0.0015963080900912646 0.0017418234346637705 -0.0019370334368872626 -1.5725342206816804e-05 0.00023812134394644822 0.0014067133129153056
leaf_weight=15.918661356612573 167.83426138301729 65.768218792421976 21.241933495432022 1938.181005848397 121.50241867516888 14.435298738710115
leaf_count=405 2939 1383 568 21026 2101 251
internal_value=-6.255e-05 0.000899054 -0.000645576 -0.000110494 -0.000695382 -0.00129768
internal_weight=2344.88 102.929 37.1606 2241.95 303.772 182.27
internal_count=28673 2356 973 26317 5291 3190
is_linear=0
shrinkage=0.03


Tree=299
num_leaves=7
num_cat=0
split_feature=0 3 34 36 4 22
split_gain=0.136521 0.130568 0.206941 0.226879 0.22053 0.280073
threshold=0.48279492640917049 -0.11434261757911747 0.68578240772088372 1.3615870201989775 -0.058061546135887508 -0.060300984558981328
decision_type=2 2 10 10 2 2
left_child=1 2 3 -1 -4 -6
right_child=-2 -3 4 -5 5 -7
leaf_value=-0.00034078597940769164 0.0016380024417148786 -0.00038146863905072796 0.00021477045127737742 0.00074463181493015878 -0.00044540852740236934 0.0027296302434379614
leaf_weight=875.77682396587625 32.101930026634363 842.27995057057706 284.46245169307804 205.69824385491665 32.457578682922758 71.487136539421044
leaf_count=12895 347 9211 2820 2552 331 649
internal_value=-5.54903e-05 -8.59552e-05 8.48149e-05 -0.000129407 0.000669568 0.00178612
internal_weight=2344.26 2312.16 1469.88 1081.48 388.407 103.945
internal_count=28805 28458 19247 15447 3800 980
is_linear=0
shrinkage=0.03


Tree=300
num_leaves=7
num_cat=0
split_feature=58 59 46 10 60 11
split_gain=0.143191 0.418544 0.294936 0.262053 0.246782 0.194155
threshold=0.13392857142857145 0.32623618366889351 62.500000000000007 -0.053857927175669444 1.0000000180025095e-35 -1.0000000180025095e-35
decision_type=2 2 8 2 2 2
left_child=-1 -2 3 -3 -5 -4
right_child=1 2 5 4 -6 -7
leaf_value=-0.00011361455431572657 0.0021903057580881799 -0.0015230528123866644 -0.0016913608213324756 0.00012752672162447067 0.0028664588393282082 6.2816999174082844e-05
leaf_weight=1901.8750006918854 90.235599895531777 20.895227957342286 86.620395862963051 54.958659661497222 56.747831472195685 136.08018381005968
leaf_count=23809 1035 259 989 703 477 1585
internal_value=2.7359e-07 0.000478252 -4.61213e-06 0.00106982 0.00164013 -0.000662842
internal_weight=2347.41 445.538 355.302 132.602 111.706 222.701
internal_count=28857 5048 4013 1439 1180 2574
is_linear=0
shrinkage=0.03


Tree=301
num_leaves=7
num_cat=0
split_feature=29 31 50 46 56 52
split_gain=0.192016 0.422606 0.267403 0.221596 0.284491 0.443508
threshold=6.6245372295379648 -3.0917288959026332 0.9545454545454547 10.500000000000002 -1.7203388346119934 4.3214243405174733
decision_type=8 10 2 8 2 2
left_child=1 -1 -3 -2 5 -5
right_child=3 2 -4 4 -6 -7
leaf_value=0.00222546811109735 -0.0028338809554284013 -5.8686135710890544e-05 0.0024987184462531295 -0.00061148699122617228 -0.0013537954225216098 0.0029231704532548639
leaf_weight=69.072757465066388 29.854913863935508 1957.7631727692496 27.498246365925297 88.2134040792007 127.19020102289505 37.919864002033137
leaf_count=538 363 24421 248 1139 1472 487
internal_value=-2.74583e-05 7.46929e-05 -1.09173e-05 -0.000745791 -0.000401429 0.000587819
internal_weight=2337.51 2054.33 1985.26 283.178 253.323 126.133
internal_count=28668 25207 24669 3461 3098 1626
is_linear=0
shrinkage=0.03


Tree=302
num_leaves=7
num_cat=0
split_feature=28 0 42 59 33 59
split_gain=0.142978 0.131713 0.194296 0.181335 0.22939 0.187049
threshold=-4.8466830253601065 -0.12496615630940837 2.5000000000000004 -0.41014240609041336 0.1995532015959422 -1.0000000180025095e-35
decision_type=8 2 2 2 10 2
left_child=-1 2 3 4 -2 -5
right_child=1 -3 -4 5 -6 -7
leaf_value=0.0011959120267685619 0.0019562111972590791 2.0517250891019247e-05 0.0018617025125695936 -0.0015914116386645831 -0.0010879523344334389 -0.00033998405986805224
leaf_weight=68.494505724316696 41.515895661548711 1753.2350640910445 20.030591253191233 177.58219635550631 30.687449681572616 268.80056208034512
leaf_count=1563 663 19330 234 2618 425 4025
internal_value=-6.36367e-05 -0.000106312 -0.000511997 -0.000637168 0.000687441 -0.000861795
internal_weight=2360.35 2291.85 538.617 518.586 72.2033 446.383
internal_count=28858 27295 7965 7731 1088 6643
is_linear=0
shrinkage=0.03


Tree=303
num_leaves=7
num_cat=0
split_feature=31 3 4 28 31 8
split_gain=0.164092 0.219283 0.200976 0.288073 0.290856 0.228564
threshold=4.4331994056701669 -0.22480639096061125 -0.19800894330539207 0.59853833913803112 12.191128697711976 -0.001954748703924022
decision_type=8 2 2 10 10 2
left_child=-1 -2 3 4 -3 -4
right_child=1 2 5 -5 -6 -7
leaf_value=-0.00014996694464574958 -0.0005933760193147455 -0.0024236250495916463 8.8024798593690576e-05 0.0017608784286822822 0.001676832052679096 0.0011127324721498435
leaf_weight=1277.446558203781 176.14888905177941 59.886345864157192 333.37944578460883 22.526352143438999 12.347949329821857 471.54839749417442
leaf_count=12561 3747 1011 5099 278 285 5855
internal_value=7.95081e-05 0.000350858 0.000540219 -0.000712382 -0.00160401 0.000694614
internal_weight=2353.28 1075.84 899.688 94.7606 72.2343 804.928
internal_count=28836 16275 12528 1574 1296 10954
is_linear=0
shrinkage=0.03


Tree=304
num_leaves=7
num_cat=0
split_feature=24 33 26 14 13 3
split_gain=0.171687 0.208404 0.1867 0.157179 0.148025 0.140386
threshold=7.5000000000000009 0.51223530371983861 -7.423064947128295 0.025204221764386792 2.524928003624769 -0.21809178490973605
decision_type=2 10 8 2 2 2
left_child=2 4 -1 -4 5 -2
right_child=1 -3 3 -5 -6 -7
leaf_value=0.0021651401234575574 -0.00035907776544939209 -0.00044458723948359396 -0.0014914397900412011 -7.1387792658302208e-05 -0.00070251495460491367 0.0025723666871579429
leaf_weight=22.69713517074706 15.089326390414497 62.585507875308394 62.644996788643766 2093.7591598723084 15.530326317239085 73.991070223040879
leaf_count=384 287 757 5335 20884 245 895
internal_value=-1.31111e-05 0.000885125 -8.57587e-05 -0.000119335 0.00165003 0.00208968
internal_weight=2346.3 167.196 2179.1 2156.4 104.611 89.0804
internal_count=28787 2184 26603 26219 1427 1182
is_linear=0
shrinkage=0.03


Tree=305
num_leaves=7
num_cat=0
split_feature=34 47 33 27 12 35
split_gain=0.175843 0.152151 0.195782 0.146301 0.132876 0.29952
threshold=-8.0792526404062901 4.5000000000000009 -0.59779039522012056 1.1031768918037417 1.8122890600280319 0.72288178373128187
decision_type=8 8 10 10 2 8
left_child=3 2 -2 -1 -3 -6
right_child=1 4 -4 -5 5 -7
leaf_value=0.0016564129879989892 -0.0024849337088300675 -4.1575124223915592e-05 0.00016798236198599267 -0.0010184449360730486 0.0018934637176419966 -0.00031674350171961022
leaf_weight=87.34653799777152 40.067849999759346 1943.7906154545199 47.71656911354512 15.55986006974126 95.023410707712173 111.17246796935797
leaf_count=2091 514 24330 570 322 432 506
internal_value=4.24317e-05 -1.57808e-05 -0.00117319 0.00119758 3.66893e-05 0.000742278
internal_weight=2340.68 2237.77 87.7844 102.906 2149.99 206.196
internal_count=28765 26352 1084 2413 25268 938
is_linear=0
shrinkage=0.03


Tree=306
num_leaves=7
num_cat=0
split_feature=52 58 10 25 59 30
split_gain=0.191326 0.290794 0.190891 0.185554 0.184585 0.247535
threshold=3.493733417550295 0.13392857142857145 -0.13602369137170969 0.86303561756204028 0.58511091439802276 -2.9668715000152583
decision_type=2 2 2 2 2 10
left_child=3 2 -2 -1 5 -3
right_child=1 4 -4 -5 -6 -7
leaf_value=0.00026036846035622436 0.0017283256334998339 -0.00040577957670290119 -0.00046525938211638995 0.0026270647017260559 -7.9144697309433692e-05 0.0021534412511421686
leaf_weight=615.59576049909811 27.019550775061361 46.050566306570545 1370.0584146413021 21.586411167751066 173.10533203568775 95.676811991492286
leaf_count=7296 438 670 17035 359 2018 930
internal_value=-6.01526e-05 -0.000225198 -0.000410854 0.000379901 0.000585941 0.00134995
internal_weight=2349.09 1711.91 1397.08 637.182 314.833 141.727
internal_count=28746 21091 17473 7655 3618 1600
is_linear=0
shrinkage=0.03


Tree=307
num_leaves=7
num_cat=0
split_feature=6 45 46 46 20 1
split_gain=0.191101 0.27279 0.288196 0.24517 0.192813 0.193473
threshold=0.023270555075906366 0.5634920634920636 29.500000000000004 29.500000000000004 0.002904704351366368 0.010144403138754145
decision_type=2 10 10 8 2 2
left_child=-1 3 -3 4 5 -2
right_child=1 2 -4 -5 -6 -7
leaf_value=-0.00021494165502667354 0.0028483884572741971 -0.0024796392204394706 1.9147547576918865e-05 0.00029076517358939743 -0.00010335993402105792 0.0005287356763037501
leaf_weight=1105.9246816459054 83.52906639711 47.579738290864043 148.5854385845596 852.59794589289231 51.85733398492448 57.821746399975382
leaf_count=15223 908 751 1793 9093 521 498
internal_value=7.0863e-05 0.000325044 -0.000677808 0.000517791 0.00145601 0.00199713
internal_weight=2347.9 1241.97 196.165 1045.81 193.208 141.351
internal_count=28787 13564 2544 11020 1927 1406
is_linear=0
shrinkage=0.03


Tree=308
num_leaves=7
num_cat=0
split_feature=52 14 0 57 46 12
split_gain=0.176325 0.245463 0.180573 0.179053 0.235562 0.183913
threshold=1.0000000180025095e-35 0.41689216548846814 0.48279492640917049 2.5000000000000004 25.500000000000004 1.3845084862653765
decision_type=2 2 2 2 8 2
left_child=1 3 -2 5 -5 -1
right_child=2 -3 -4 4 -6 -7
leaf_value=0.00080090934875173662 -0.00018280573408886646 -0.0022008845996484162 0.0019009672439562497 0.0019830079607351695 -0.00084049403423397027 0.0030464441512436202
leaf_weight=170.57797728135483 1977.3981301706081 17.084623649716377 28.195653007831424 25.738918947521597 94.215648281358881 35.065575875341892
leaf_count=2601 24013 70 298 342 1203 176
internal_value=-3.6092e-05 0.000582915 -0.000144225 0.000790214 -0.000128676 0.00130733
internal_weight=2348.28 342.683 2005.59 325.598 119.955 205.644
internal_count=28703 4392 24311 4322 1545 2777
is_linear=0
shrinkage=0.03


Tree=309
num_leaves=7
num_cat=0
split_feature=60 28 39 14 20 6
split_gain=0.168573 0.25041 0.28914 0.143132 0.148867 0.131702
threshold=0.10083725474750681 2.2681872844696049 5.5000000000000009 0.41689216548846814 -0.2334809882427078 0.03206718494695087
decision_type=2 10 2 2 2 2
left_child=3 2 -2 4 -1 -6
right_child=1 -3 -4 -5 5 -7
leaf_value=-0.0011327368558144615 0.0015659922160521696 0.0026160909015964348 -0.0010261090034428167 -0.0011836645674772729 -0.00022778136403294656 0.00025896255454801922
leaf_weight=97.520202444633469 60.537107087555341 41.637241167481989 76.045983378775418 94.507783740758896 1000.0939693588298 981.32515341113321
leaf_count=1637 536 322 755 390 14108 11051
internal_value=-2.60845e-05 0.000835487 0.000151232 -0.000100235 -4.55526e-05 1.33751e-05
internal_weight=2351.67 178.22 136.583 2173.45 2078.94 1981.42
internal_count=28799 1613 1291 27186 26796 25159
is_linear=0
shrinkage=0.03


Tree=310
num_leaves=7
num_cat=0
split_feature=18 46 31 4 0 31
split_gain=0.179573 0.20678 0.24072 0.217792 0.191307 0.144958
threshold=1.0000000180025095e-35 65.500000000000014 2.5224050283432011 -0.15276948545999028 0.48279492640917049 3.2986029982566838
decision_type=2 8 8 2 2 8
left_child=4 2 -2 -3 5 -1
right_child=1 3 -4 -5 -6 -7
leaf_value=-0.00022428675965242666 0.0021337812064576482 0.00049736595488076955 -0.0010522622338145519 -0.0023351741352254955 0.0021218832879497697 0.00027084107550497577
leaf_weight=952.18573848914821 28.606717826798558 29.022350938525051 38.457770947250538 82.498667414765805 30.886836057208711 1181.2676981384575
leaf_count=9161 215 303 412 765 331 17462
internal_value=1.20666e-05 -0.000876017 0.000407295 -0.00161776 8.90366e-05 4.98442e-05
internal_weight=2342.93 178.586 67.0645 111.521 2164.34 2133.45
internal_count=28649 1695 627 1068 26954 26623
is_linear=0
shrinkage=0.03


Tree=311
num_leaves=7
num_cat=0
split_feature=24 31 46 33 59 59
split_gain=0.162706 0.225138 0.299938 0.189408 0.146772 0.239724
threshold=7.5000000000000009 -2.8915134370326991 41.500000000000007 -0.7722230553627013 -0.32458400115835018 -0.078274432098941346
decision_type=2 8 10 10 2 2
left_child=1 2 3 -1 -3 -6
right_child=-2 4 -4 -5 5 -7
leaf_value=0.00075959797307958532 0.00092265207247558406 0.00048566031437588064 -0.00074367048277288979 0.0039593696082578685 -0.00093224443369634808 -3.7083303756324412e-05
leaf_weight=42.173896834021434 165.723086547805 316.90124976652442 38.665181166492403 26.193499183282256 322.44026337086689 1421.2799398032948
leaf_count=348 2154 3807 315 205 3872 17999
internal_value=4.4656e-05 -2.63979e-05 0.00125387 0.00233432 -9.86318e-05 -0.000206984
internal_weight=2333.38 2167.65 107.033 68.3674 2060.62 1743.72
internal_count=28700 26546 868 553 25678 21871
is_linear=0
shrinkage=0.03


Tree=312
num_leaves=7
num_cat=0
split_feature=16 28 8 33 14 27
split_gain=0.15242 0.237014 0.198013 0.189099 0.182089 0.350877
threshold=1.0000000180025095e-35 0.31957551836967474 0.017623496668306787 1.102368791898092 0.41689216548846814 0.12389672920107843
decision_type=2 10 2 10 2 10
left_child=4 3 -3 -2 -1 -6
right_child=1 2 -4 -5 5 -7
leaf_value=0.00015774328275726941 -0.0020292326086521319 0.0011964433729508255 -0.001035362448934418 0.00042639093254774201 -0.0026426185728742201 0.00065576737177570497
leaf_weight=1971.6931617792143 107.69408193952404 75.462117749964818 51.970636451384053 33.099900600791443 50.483870282769203 49.674486249685287
leaf_count=24752 1746 873 482 443 208 205
internal_value=4.05638e-06 -0.000655447 0.000277143 -0.00146194 9.21754e-05 -0.00109572
internal_weight=2340.08 268.227 127.433 140.794 2071.85 100.158
internal_count=28709 3544 1355 2189 25165 413
is_linear=0
shrinkage=0.03


Tree=313
num_leaves=7
num_cat=0
split_feature=60 4 1 60 10 31
split_gain=0.164898 0.264228 0.172717 0.191525 0.159703 0.413687
threshold=-0.059454603576774352 -0.13126356931717376 -0.13184867243554391 -0.071900626709346632 0.022179878599017561 0.57946330308914196
decision_type=2 2 2 2 2 10
left_child=1 2 -1 -4 5 -2
right_child=4 -3 3 -5 -6 -7
leaf_value=-0.00082202420058314317 -0.0011750634397499711 -0.00010331476575452876 0.0022022624763261066 -0.00053015438385391352 0.00021836001963850807 3.5501906227944443e-05
leaf_weight=21.346239087346476 357.79879034892656 246.96554516832111 124.36260034958832 23.76073753926903 748.75091883105051 819.76383102653199
leaf_count=294 3768 2298 1142 257 9147 11822
internal_value=-4.8285e-06 0.000529243 0.00140545 0.00175814 -0.000122422 -0.000339122
internal_weight=2342.75 416.435 169.47 148.123 1926.31 1177.56
internal_count=28728 3991 1693 1399 24737 15590
is_linear=0
shrinkage=0.03


Tree=314
num_leaves=7
num_cat=0
split_feature=62 8 0 2 2 11
split_gain=0.148689 0.158444 0.277298 0.174485 0.249081 0.218369
threshold=-0.73469572064517297 0.2329794676934813 0.013907696778478031 -0.033346534388887711 -0.10929014770470145 0.059210535545460727
decision_type=2 2 2 2 2 2
left_child=-1 3 -3 4 -2 -6
right_child=1 2 -4 -5 5 -7
leaf_value=0.0012386338652567201 -0.00026052539170172781 0.00301396505310876 -0.00062648181041774975 -0.00066496805438843684 0.00017571580741952117 0.0014283491221745732
leaf_weight=72.762075665988959 1096.4950357622001 29.773300513159484 30.361191356380004 392.66063845928875 580.7537073847634 151.01037565490697
leaf_count=847 14800 338 314 4825 6180 1497
internal_value=-1.06358e-05 -5.5718e-05 0.00134869 -9.96193e-05 2.47592e-05 0.000449986
internal_weight=2353.82 2281.05 60.1345 2220.92 1828.26 731.764
internal_count=28801 27954 652 27302 22477 7677
is_linear=0
shrinkage=0.03


Tree=315
num_leaves=7
num_cat=0
split_feature=29 31 26 52 35 2
split_gain=0.188174 0.247331 0.224389 0.180549 0.220244 0.20739
threshold=7.5747034549713144 -3.0917288959026332 -2.7202165126800533 3.2729018722343892 -1.6466933555073207 -0.056915055209854161
decision_type=10 8 10 2 8 2
left_child=1 2 -1 5 -5 -3
right_child=-2 3 -4 4 -6 -7
leaf_value=-9.0971025164678548e-05 -0.0015771177510727037 0.00077513520948488271 0.0029777301777641806 0.00054817792901446806 -0.00032344583932913365 -0.00057497939761942327
leaf_weight=37.293117479421198 55.16457377676852 425.86111022371915 38.697403603233397 312.60891055276443 1363.2458690105414 125.81702019638033
leaf_count=313 599 5264 287 4403 16499 1524
internal_value=1.2821e-05 5.75491e-05 0.00163629 -3.38063e-06 -0.000158569 0.00046247
internal_weight=2358.69 2303.52 75.9905 2227.53 1675.85 551.678
internal_count=28889 28290 600 27690 20902 6788
is_linear=0
shrinkage=0.03


Tree=316
num_leaves=7
num_cat=0
split_feature=10 8 34 7 28 31
split_gain=0.21953 0.33601 0.259897 0.211665 0.253551 0.193205
threshold=0.022179878599017561 -0.080879702309927096 -2.2245301206906634 0.057383986580446071 0.11241385340690614 -1.0000000180025095e-35
decision_type=2 2 8 2 8 8
left_child=3 2 -2 -1 -5 -6
right_child=1 -3 -4 4 5 -7
leaf_value=-3.9513222008379466e-05 0.00076578522255022321 0.00055259800041625184 -0.0021174088722487267 -0.0018670769466576779 -0.0015876828926526907 0.00030584312322820106
leaf_weight=1093.7490646475053 36.522604025754845 813.5639444324479 71.633401200582739 131.86305798703688 57.415617831517011 164.64752387348562
leaf_count=14751 865 8836 984 1552 402 1533
internal_value=-1.85875e-05 0.00034117 -0.00116139 -0.00024841 -0.000875148 -0.000231057
internal_weight=2369.4 921.72 108.156 1447.68 353.926 222.063
internal_count=28923 10685 1849 18238 3487 1935
is_linear=0
shrinkage=0.03


Tree=317
num_leaves=7
num_cat=0
split_feature=24 33 20 29 56 29
split_gain=0.12259 0.134755 0.12605 0.181959 0.178692 0.156108
threshold=7.5000000000000009 0.69707704583803831 -0.22164365295673197 1.4309185147285464 -7.9424507304185097 -4.5359890460968009
decision_type=2 10 2 8 2 8
left_child=2 -2 3 -1 -5 -4
right_child=1 -3 5 4 -6 -7
leaf_value=-0.0018249780094092632 0.0012867750132552712 -0.00044229495838567993 0.0003678629646472134 0.0021245704142815553 -0.0010250509507138798 -0.00020980461269842562
leaf_weight=76.004151342902333 110.34595295239706 54.995545088953804 576.23169145081192 19.297534781158902 27.097534881788306 1484.8893129177741
leaf_count=1194 1485 647 7638 331 360 17136
internal_value=-4.43471e-05 0.000719231 -0.000105182 -0.00100256 0.000429431 -4.73086e-05
internal_weight=2348.86 165.341 2183.52 122.399 46.3951 2061.12
internal_count=28791 2132 26659 1885 691 24774
is_linear=0
shrinkage=0.03


Tree=318
num_leaves=7
num_cat=0
split_feature=2 56 8 10 62 11
split_gain=0.185197 0.247577 0.240173 0.200863 0.232315 0.346637
threshold=-0.1142561060306924 -105.18230413393738 0.097192998330246375 -0.064841983620730154 0.041437680984790524 0.10148435400770055
decision_type=2 2 2 2 2 2
left_child=1 -1 -3 -2 5 -5
right_child=3 2 -4 4 -6 -7
leaf_value=0.0014916746425213438 -0.00069221264553818605 -0.00035327861015025254 -0.0032694981894348238 -0.00016777158325849439 0.00095383654047149417 0.0020473730987524805
leaf_weight=54.323584096855484 180.34193280444015 1004.6473259132181 16.297906316816807 658.39411253982689 379.6980260740238 60.26699067465961
leaf_count=851 2252 13632 144 7316 4047 598
internal_value=-3.24911e-05 -0.000321104 -0.000431094 0.000210814 0.000363992 4.3539e-05
internal_weight=2353.97 1075.27 1020.95 1278.7 1098.36 718.661
internal_count=28840 14627 13776 14213 11961 7914
is_linear=0
shrinkage=0.03


Tree=319
num_leaves=7
num_cat=0
split_feature=10 4 50 45 12 4
split_gain=0.131071 0.205836 0.197339 0.145624 0.208971 0.1783
threshold=0.09012306720002343 0.0098103448598243614 0.18333333333333332 0.55050505050505061 0.75446960633281035 -0.0052741904967989342
decision_type=2 2 2 10 2 2
left_child=1 -1 3 4 -2 -6
right_child=2 -3 -4 -5 5 -7
leaf_value=-2.5665687701092631e-05 -0.00095539689095685274 0.0019835081559324446 -0.0025401658457716195 -0.0018105124653746757 0.0024571323749524344 -8.4983477059927446e-05
leaf_weight=2071.4815702195629 80.045303543825867 36.92659821070265 33.876101522473618 35.467888923420105 34.315992787480354 55.019595004618168
leaf_count=25479 1409 398 348 512 212 323
internal_value=-5.80283e-05 1.872e-05 -0.000709366 -0.000302466 9.66417e-05 0.00104056
internal_weight=2347.13 2108.41 238.725 204.849 169.381 89.3356
internal_count=28681 25877 2804 2456 1944 535
is_linear=0
shrinkage=0.03


Tree=320
num_leaves=7
num_cat=0
split_feature=43 62 6 31 22 11
split_gain=0.143269 0.297334 0.191909 0.145301 0.259672 0.190725
threshold=1.5000000000000002 0.017493537993618215 0.044546294437171043 4.4331994056701669 0.023672478144142702 0.13550375812923518
decision_type=2 2 2 10 2 2
left_child=3 2 -2 5 -5 -1
right_child=1 -3 -4 4 -6 -7
leaf_value=-0.00036933036523661858 0.0011269166450264055 0.0026496714278973475 -0.001951706298241171 -0.00014735719835654593 0.00099939248611897145 0.001474050001705532
leaf_weight=1377.3884244848159 27.012388272210956 41.487843594513834 26.684886262752116 595.42668297392083 242.11626316831098 42.714615073404275
leaf_count=14373 253 311 188 9510 3766 393
internal_value=-7.00067e-05 0.00101286 -0.000469223 -0.000119927 0.000192025 -0.000303965
internal_weight=2352.83 95.1851 53.6973 2257.65 837.543 1420.1
internal_count=28794 752 441 28042 13276 14766
is_linear=0
shrinkage=0.03


Tree=321
num_leaves=7
num_cat=0
split_feature=16 3 30 7 22 7
split_gain=0.280595 0.197091 0.268867 0.260143 0.234864 0.287482
threshold=1.0000000180025095e-35 -0.16602151689635178 5.3683323860168466 -0.079279038079589234 -0.095055676347727325 0.020011336503049596
decision_type=2 2 10 2 2 2
left_child=1 3 -3 -1 -5 -6
right_child=-2 2 -4 4 5 -7
leaf_value=-0.00088925421837676016 -0.00086205163546582001 3.2940755406264918e-05 -0.0017637776023340978 -0.00010472719750794548 0.0018967135045200964 0.00039814267110004184
leaf_weight=93.488292194349924 270.47156589434599 1238.1211477583856 69.767704480793327 206.94439470986254 210.67524031530775 255.44676411605906
leaf_count=2007 3586 13948 591 2778 2939 2872
internal_value=2.89338e-05 0.000148681 -7.55591e-05 0.000527324 0.000734224 0.00110107
internal_weight=2344.92 2074.44 1307.89 766.555 673.066 466.122
internal_count=28721 25135 14539 10596 8589 5811
is_linear=0
shrinkage=0.03


Tree=322
num_leaves=7
num_cat=0
split_feature=62 59 23 47 25 39
split_gain=0.131629 0.12826 0.241042 0.176882 0.259994 0.210685
threshold=-0.73469572064517297 -0.012281016414543438 0.55430253330967216 5.5000000000000009 -0.15510013694294142 4.5000000000000009
decision_type=2 2 2 8 2 2
left_child=-1 2 -2 4 -3 -5
right_child=1 3 -4 5 -6 -7
leaf_value=0.0012142805178842913 -0.00043641523270723624 0.0011804466221821703 0.0014602644994757884 0.00078267979340595106 -0.0013198449054694862 -1.1826570072079368e-06
leaf_weight=74.934456549293827 754.06134940389893 41.966875700396486 55.743133370415308 491.62853011823609 133.5463657475193 801.88807490112958
leaf_count=875 8954 531 586 5724 1715 10428
internal_value=5.46704e-05 1.14005e-05 -0.000289637 0.000178184 -0.000690597 0.00030046
internal_weight=2353.77 2278.83 809.804 1469.03 175.513 1293.52
internal_count=28813 27938 9540 18398 2246 16152
is_linear=0
shrinkage=0.03


Tree=323
num_leaves=7
num_cat=0
split_feature=14 8 30 35 60 60
split_gain=0.197058 0.360898 0.249812 0.237008 0.16189 0.182923
threshold=0.32191777671708721 0.019390031765973922 0.089861564338207259 0.95119757820955597 -0.082204497798358991 -1.0000000180025095e-35
decision_type=2 2 8 8 2 2
left_child=4 2 -2 -3 -1 -6
right_child=1 3 -4 -5 5 -7
leaf_value=0.00077734586485744112 -0.001127061763447476 -0.00051184070692743776 0.0014089666744842996 -0.002945025465500197 -0.00047605893398049929 0.00017033817918433032
leaf_weight=248.03832511592191 49.741716712713242 78.048086851835251 75.581800982356071 66.292490988969803 554.03893467932357 1297.2504028819094
leaf_count=2530 213 331 323 281 6907 18279
internal_value=-2.59592e-05 -0.000774145 0.000393496 -0.00174776 7.33617e-05 -2.46287e-05
internal_weight=2368.99 269.664 125.324 144.341 2099.33 1851.29
internal_count=28864 1148 536 612 27716 25186
is_linear=0
shrinkage=0.03


Tree=324
num_leaves=7
num_cat=0
split_feature=35 47 3 5 3 14
split_gain=0.173217 0.395189 0.250482 0.271286 0.220157 0.188287
threshold=-3.9967379066749174 7.5000000000000009 -0.19786263423899461 -0.1438317681097124 -0.18150928736780561 0.078284644574558845
decision_type=10 8 2 2 2 2
left_child=1 4 -3 -4 -1 -5
right_child=-2 2 3 5 -6 -7
leaf_value=0.0011161017159531351 -0.00014332071448976686 -0.00065130983759442674 -0.0011346835062454796 0.00021043601692579189 -0.0015677378921502222 0.002711269848933781
leaf_weight=30.852853575837798 2005.7170741566952 42.142637433076743 19.234351626189891 36.330366961599793 82.560318930743961 122.01539458706975
leaf_count=522 24173 800 231 992 1043 882
internal_value=-3.74064e-05 0.000585866 0.0013083 0.00178328 -0.000806351 0.00218407
internal_weight=2338.85 333.136 219.723 177.58 113.413 158.346
internal_count=28643 4470 2905 2105 1565 1874
is_linear=0
shrinkage=0.03


Tree=325
num_leaves=7
num_cat=0
split_feature=24 35 31 47 31 11
split_gain=0.12699 0.190809 0.16922 0.249824 0.139698 0.134908
threshold=7.5000000000000009 -1.297717079416745 -3.0917288959026332 5.5000000000000009 1.1481920182704928 -0.079657657296349355
decision_type=2 10 8 10 8 2
left_child=2 4 3 -1 -2 -3
right_child=1 5 -4 -5 -6 -7
leaf_value=0.0024715876021613697 -0.00013348345108641358 -0.0018082880282977928 -0.00010665852016155007 -0.00038577888479973872 0.0030924475136273294 0.00054967611072185955
leaf_weight=47.21687597874552 15.773858787724746 17.317558200098574 2102.4797559666185 48.597811931511387 32.421923234942369 99.154838631278835
leaf_count=399 168 248 25925 383 506 1203
internal_value=1.34202e-05 0.000792067 -4.82287e-05 0.00112282 0.00219513 8.38269e-05
internal_weight=2362.96 164.668 2198.29 95.8147 48.1958 116.472
internal_count=28832 2125 26707 782 674 1451
is_linear=0
shrinkage=0.03


Tree=326
num_leaves=7
num_cat=0
split_feature=52 14 5 59 59 8
split_gain=0.134353 0.206816 0.195342 0.155919 0.199605 0.184439
threshold=3.0368918406528054 0.41689216548846814 -0.15554668832370494 0.81981473490596746 0.32623618366889351 0.0083834885844165392
decision_type=2 2 2 2 2 2
left_child=1 2 -1 4 5 -4
right_child=-2 -3 3 -5 -6 -7
leaf_value=-0.0014527445880520658 -0.00024356720068357678 -0.0018335122858251754 0.0013442857113903097 0.0025382751975129981 -0.0012027971924896232 5.0761880008663153e-05
leaf_weight=35.128901787975337 1813.5771192980174 28.49518209695816 185.94143224923755 25.951457753428258 48.248418887262233 202.60945892112795
leaf_count=625 22346 117 2491 285 516 2322
internal_value=-0.000121244 0.000296892 0.000452522 0.000624827 0.000456878 0.000687977
internal_weight=2339.95 526.375 497.88 462.751 436.799 388.551
internal_count=28702 6356 6239 5614 5329 4813
is_linear=0
shrinkage=0.03


Tree=327
num_leaves=7
num_cat=0
split_feature=14 12 8 6 6 46
split_gain=0.138485 0.183448 0.179082 0.16968 0.321139 0.287199
threshold=0.025204221764386792 -0.40877044422381509 -0.1126817218516563 -0.089505658049024439 -0.1343105932797255 49.500000000000007
decision_type=2 2 2 2 2 8
left_child=-1 2 -2 4 5 -3
right_child=1 3 -4 -5 -6 -7
leaf_value=-0.001162757987447987 -0.0011321036190228635 0.0012867129926845795 0.0016480317763289309 0.00017650402466799274 -0.0018162759219836524 -0.00056154575702109988
leaf_weight=70.010457746742759 18.030816650018096 98.449929352849722 105.29903286322951 1712.5303343627602 108.70538972504437 240.30193736962974
leaf_count=5930 539 1035 2783 14839 1073 2593
internal_value=6.45994e-05 0.000107138 0.00118715 4.02858e-05 -0.000473517 -2.90194e-06
internal_weight=2353.33 2283.32 123.33 2159.99 447.457 338.752
internal_count=28792 22862 3322 19540 4701 3628
is_linear=0
shrinkage=0.03


Tree=328
num_leaves=7
num_cat=0
split_feature=58 39 12 8 33 39
split_gain=0.178445 0.212239 0.168393 0.12598 0.134353 0.127246
threshold=0.41428571428571431 3.5000000000000004 1.318617435464837 -0.22935053832179467 0.82421413064003002 2.5000000000000004
decision_type=2 2 2 2 10 2
left_child=3 -2 -3 4 -1 -5
right_child=1 2 -4 5 -6 -7
leaf_value=-0.0024864277757065349 0.0030012634301706241 -0.00049788577390699089 0.0021115462485787428 -0.00046064598828462344 0.00094476194925723598 9.9556121711669653e-05
leaf_weight=26.042467705381569 27.62005690485239 67.81579869062989 21.375674888491631 451.21117809059797 8.2598200530046579 1738.0850774724968
leaf_count=873 264 833 106 5164 188 21269
internal_value=1.26051e-05 0.00110728 0.00027732 -4.96008e-05 -0.00163346 -1.74704e-05
internal_weight=2340.41 116.812 89.1915 2223.6 34.3023 2189.3
internal_count=28697 1203 939 27494 1061 26433
is_linear=0
shrinkage=0.03


Tree=329
num_leaves=7
num_cat=0
split_feature=18 24 46 27 6 31
split_gain=0.156952 0.233684 0.189527 0.168707 0.222703 0.248384
threshold=1.0000000180025095e-35 1.5000000000000002 13.500000000000002 -0.46845114231109614 -0.37365512213281105 2.3198713660240178
decision_type=2 2 10 10 2 10
left_child=3 2 -2 4 -1 -6
right_child=1 -3 -4 -5 5 -7
leaf_value=-0.002048137870107756 -0.0033804531206232174 4.056290004626039e-05 -0.00027362531568953208 -8.0530980959578178e-05 0.00011599106200693796 0.0013904913291270557
leaf_weight=19.662814357085153 34.191693007946014 114.0855704130372 32.636572625022382 1595.7896755548136 341.54858764319215 222.81196340112365
leaf_count=606 345 1038 316 18388 4007 4144
internal_value=7.76514e-06 -0.000817233 -0.00209629 7.96553e-05 0.000511337 0.000634618
internal_weight=2360.73 180.914 66.8283 2179.81 584.023 564.361
internal_count=28844 1699 661 27145 8757 8151
is_linear=0
shrinkage=0.03


Tree=330
num_leaves=7
num_cat=0
split_feature=2 5 62 27 27 28
split_gain=0.143229 0.233566 0.223005 0.315813 0.221914 0.194865
threshold=-0.033346534388887711 0.063738416579645393 0.050658836531060465 1.561596751213074 -0.19063197821378705 -0.73005944490432728
decision_type=2 2 2 10 10 8
left_child=-1 2 3 5 -4 -2
right_child=1 -3 4 -5 -6 -7
leaf_value=6.7243652676407921e-05 -2.2592943367957756e-05 0.001296714361656293 0.0018911583332203708 0.00084902168018252287 -0.00059814798228049505 -0.0020732703026167432
leaf_weight=1880.3709546923492 53.226591368613299 47.493455740972422 40.200507476314669 49.774766741029453 81.157004439271986 186.43650053674355
leaf_count=23047 903 512 562 595 909 2078
internal_value=-4.93322e-05 -0.000518868 -0.000754601 -0.00119539 0.000307647 -0.00163698
internal_weight=2338.66 458.289 410.795 289.438 121.358 239.663
internal_count=28606 5559 5047 3576 1471 2981
is_linear=0
shrinkage=0.03


Tree=331
num_leaves=7
num_cat=0
split_feature=62 14 58 62 27 40
split_gain=0.121301 0.266241 0.163312 0.161337 0.159271 0.186533
threshold=0.69908361408390463 0.28186414942511534 0.21111111111111114 0.42928756314100397 -0.46845114231109614 1.5000000000000002
decision_type=2 2 2 2 8 2
left_child=2 -2 3 4 -1 -6
right_child=1 -3 -4 -5 5 -7
leaf_value=0.0006761374980749199 -0.00011737513802237957 -0.0032719907187111017 0.00099663716926441572 -0.0015925071086262434 0.00019822953381410589 -0.00047793634527756325
leaf_weight=343.34034453761706 125.58225243215566 20.032713368535042 170.97380013496149 42.121024361636955 1097.9481204609037 539.24037564266473
leaf_count=5519 1603 88 1811 536 12955 6132
internal_value=7.6286e-05 -0.000733739 0.000133142 5.5607e-05 9.84828e-05 -2.60285e-05
internal_weight=2339.24 145.615 2193.62 2022.65 1980.53 1637.19
internal_count=28644 1691 26953 25142 24606 19087
is_linear=0
shrinkage=0.03


Tree=332
num_leaves=7
num_cat=0
split_feature=9 22 59 8 39 27
split_gain=0.157191 0.147552 0.142614 0.183847 0.211634 0.175946
threshold=0.2057325971065567 0.13686238694239514 -0.31050965673668646 0.2329794676934813 5.5000000000000009 2.0387587547302251
decision_type=2 2 2 2 2 8
left_child=2 -2 5 -4 -5 -1
right_child=1 -3 3 4 -6 -7
leaf_value=0.00020882796997914838 -0.00024640583756146256 0.0026324816399174709 -0.00019809991503438599 0.0029729372685512569 -0.00051735613798703679 0.0020176246766717746
leaf_weight=325.71592683333438 24.684229245875031 28.645995770581067 1885.4410684108589 25.632237939862534 23.33545899449382 47.514828180137556
leaf_count=3799 288 369 23228 267 261 555
internal_value=-3.1472e-06 0.00147147 -4.3428e-05 -0.0001475 0.00150398 0.000485739
internal_weight=2360.97 53.3302 2307.64 1934.41 48.9677 373.231
internal_count=28767 657 28110 23756 528 4354
is_linear=0
shrinkage=0.03


Tree=333
num_leaves=7
num_cat=0
split_feature=2 40 52 2 37 51
split_gain=0.135692 0.317236 0.253629 0.232468 0.22402 0.274104
threshold=-0.1165915880840432 3.5000000000000004 4.6338046261042463 -0.040360781794902233 3.4568573691778717 0.45000000000000007
decision_type=2 2 2 2 8 2
left_child=-1 3 -3 4 5 -2
right_child=1 2 -4 -5 -6 -7
leaf_value=-0.00021785319931623645 -0.00021653476479686261 0.0034147645978742742 7.5038232420152266e-05 -0.00040653529970872206 0.0012119294621636034 0.0015707115040346465
leaf_weight=1061.1825163465983 439.33210577777936 39.016239248099737 35.923199475742877 466.85810975806089 223.64364786213264 83.298217956209555
leaf_count=14475 5124 435 337 5689 1994 773
internal_value=3.2219e-05 0.000238333 0.00201114 0.000113274 0.000439534 9.24629e-05
internal_weight=2349.25 1288.07 74.9394 1213.13 746.274 522.63
internal_count=28827 14352 772 13580 7891 5897
is_linear=0
shrinkage=0.03


Tree=334
num_leaves=7
num_cat=0
split_feature=18 52 52 42 12 6
split_gain=0.165015 0.151809 0.15077 0.184724 0.319586 0.176809
threshold=1.0000000180025095e-35 4.1773265784688141 5.8127337085371868 2.5000000000000004 0.41862710986461932 -0.089505658049024439
decision_type=2 2 2 2 2 2
left_child=2 -2 3 5 -5 -1
right_child=1 -3 -4 4 -6 -7
leaf_value=-0.00039863061186065792 1.3415541870599526e-05 -0.001695847224051128 -0.0014810767441265961 -0.0012191162784569343 0.0024737291874243517 0.00027725229532775907
leaf_weight=434.47812451174832 101.74410140479449 76.299763303715736 39.606193790386897 22.528233259683475 63.473922934383154 1608.6889003677352
leaf_count=7089 937 765 496 440 404 18624
internal_value=8.28994e-05 -0.00077031 0.000156157 0.000193394 0.00148016 0.000132285
internal_weight=2346.82 178.044 2168.78 2129.17 86.0022 2043.17
internal_count=28755 1702 27053 26557 844 25713
is_linear=0
shrinkage=0.03


Tree=335
num_leaves=7
num_cat=0
split_feature=20 12 2 9 46 12
split_gain=0.173964 0.208985 0.280396 0.226381 0.317802 0.202291
threshold=-0.15702012805683677 1.3610199849070617 -0.15926819525278893 -0.051203469632682123 65.500000000000014 2.1174690952512654
decision_type=2 2 2 2 8 2
left_child=1 2 -1 4 -4 -2
right_child=5 -3 3 -5 -6 -7
leaf_value=-0.0017562324304023825 8.2688233024377414e-05 -0.0022433420640485405 0.0021291747961667959 0.0016848595066425356 -0.0016169018801993789 0.0014386987707487187
leaf_weight=61.178783521259902 2012.1880188159121 48.891424268484116 19.336885281372815 66.95240379468305 58.936917272716528 94.245269760489464
leaf_count=1273 24803 256 305 862 951 408
internal_value=5.93329e-05 -0.000665169 -0.000204955 0.000519584 -0.000555101 0.000149869
internal_weight=2361.73 255.296 206.405 145.226 78.2738 2106.43
internal_count=28858 3647 3391 2118 1256 25211
is_linear=0
shrinkage=0.03


Tree=336
num_leaves=7
num_cat=0
split_feature=7 7 23 10 7 42
split_gain=0.14825 0.205849 0.141001 0.130456 0.137959 0.298583
threshold=0.20705046928887574 0.17644653226145443 0.84228462091452128 -0.15699149505758192 0.020011336503049596 2.5000000000000004
decision_type=2 2 2 2 2 2
left_child=1 2 3 -1 5 -5
right_child=-2 -3 -4 4 -6 -7
leaf_value=0.0019175391888024687 0.0017448161136360285 -0.001985025601281048 0.001890491697313303 0.00010031461446397507 -0.00026277142543534518 0.0022448115039014238
leaf_weight=22.199220659182174 35.31612665427383 35.544768704596208 26.931689567980357 1169.127896535967 1014.8740399143717 51.583228403585963
leaf_count=350 323 315 303 16304 10635 563
internal_value=4.54189e-05 1.21762e-05 5.17629e-05 2.15903e-05 -5.69166e-06 0.000208438
internal_weight=2355.58 2320.26 2284.72 2257.78 2235.59 1220.71
internal_count=28793 28470 28155 27852 27502 16867
is_linear=0
shrinkage=0.03


Tree=337
num_leaves=7
num_cat=0
split_feature=25 24 37 20 14 34
split_gain=0.11902 0.168966 0.195001 0.225396 0.181547 0.123619
threshold=-0.029851912396558874 6.5000000000000009 6.5249114593697923 0.17625624404542969 0.13118586288043024 -3.2976820866266885
decision_type=2 2 10 2 2 8
left_child=1 2 3 5 -3 -1
right_child=-2 4 -4 -5 -6 -7
leaf_value=-0.00089944598587582804 -0.00017339142859174606 0.0023476157911076915 0.0020534873616842694 0.001795913975556644 1.6419996897332875e-05 5.2824525410242916e-05
leaf_weight=152.33914509795432 1513.8615243369422 57.229732848471031 33.108490701299161 46.371852303156629 54.645849399268627 498.30301895667799
leaf_count=2693 18481 1092 250 633 337 5317
internal_value=-1.46823e-05 0.000269353 9.5386e-05 -2.53537e-05 0.00130372 -0.000180377
internal_weight=2355.86 841.998 730.123 697.014 111.876 650.642
internal_count=28803 10322 8893 8643 1429 8010
is_linear=0
shrinkage=0.03


Tree=338
num_leaves=7
num_cat=0
split_feature=11 36 8 22 28 26
split_gain=0.162501 0.222338 0.302965 0.243212 0.378321 0.250758
threshold=0.036324467232412942 0.51324675362557171 -0.0044689880496022348 -0.01895770224706678 -1.5459287166595457 2.297033548355103
decision_type=2 10 2 2 10 8
left_child=-1 2 -2 5 -5 -4
right_child=1 -3 3 4 -6 -7
leaf_value=-0.00015101307347428902 -0.0014377003869556146 0.0010965561656172435 7.8362923582333123e-05 0.0027104678631457249 0.00010374796345891734 -0.0032953782412554118
leaf_weight=1696.2316275070189 94.201309728785418 245.32304454621044 72.259717093897052 64.354824365465902 156.2662362010451 17.096977859328035
leaf_count=21002 1536 2670 864 815 1588 220
internal_value=3.58274e-06 0.000403491 -3.34947e-05 0.000424834 0.000948682 -0.000833851
internal_weight=2345.73 649.502 404.179 309.978 220.621 89.3567
internal_count=28695 7693 5023 3487 2403 1084
is_linear=0
shrinkage=0.03


Tree=339
num_leaves=7
num_cat=0
split_feature=0 20 6 1 52 12
split_gain=0.150523 0.12919 0.252912 0.256416 0.16803 0.209658
threshold=0.48279492640917049 0.1458823456126655 0.1851745951282921 -0.020180449963211205 5.2948482013347258 2.1174690952512654
decision_type=2 2 2 2 2 2
left_child=1 4 3 -3 5 -1
right_child=-2 2 -4 -5 -6 -7
leaf_value=-0.00033805617632630289 0.0017465384636302678 0.0012924117787793832 0.0027441191640855235 -0.00095689012808168519 0.00052898019335497035 0.0011352706878265315
leaf_weight=1768.1091875577695 30.580704518506536 75.190083785622846 30.613226348650642 88.258955193858128 264.24608593105222 81.756758242845535
leaf_count=22433 337 1183 320 966 3052 354
internal_value=-6.53369e-05 -9.67728e-05 0.000624933 9.26938e-05 -0.000165651 -0.000267187
internal_weight=2338.76 2308.17 194.062 163.449 2114.11 1849.87
internal_count=28645 28308 2469 2149 25839 22787
is_linear=0
shrinkage=0.03


Tree=340
num_leaves=7
num_cat=0
split_feature=14 15 6 34 14 1
split_gain=0.133692 0.128194 0.180056 0.183383 0.150193 0.302028
threshold=0.014427187451418451 1.5000000000000002 -0.15339993825561923 -1.9373455842336018 0.1547665953671957 0.0062350165114157243
decision_type=2 2 2 8 2 2
left_child=-1 -2 3 -3 -4 -6
right_child=1 2 4 -5 5 -7
leaf_value=-0.0018581344661357116 0.00011013047030087447 0.0029740494357281683 -0.00016136647897981826 -0.00055634412736861908 -0.0029372129769688229 0.00019186486338194431
leaf_weight=24.273539711692138 2052.2564176451415 14.467566942796109 122.45736514590681 23.270628156140447 58.884550981223583 44.564031511545181
leaf_count=3483 22005 241 1976 320 353 249
internal_value=1.8962e-06 2.92967e-05 -0.000580959 0.00113657 -0.000903894 -0.00169116
internal_weight=2340.17 2315.9 263.644 37.7382 225.906 103.449
internal_count=28627 25144 3139 561 2578 602
is_linear=0
shrinkage=0.03


Tree=341
num_leaves=7
num_cat=0
split_feature=0 58 24 31 46 22
split_gain=0.159858 0.139667 0.150704 0.186929 0.272387 0.161017
threshold=0.5685018982526262 0.58571428571428574 7.5000000000000009 -2.8915134370326991 10.500000000000002 -0.12784524481238249
decision_type=2 2 2 8 10 2
left_child=1 2 3 4 -1 -4
right_child=-2 -3 5 -5 -6 -7
leaf_value=0.0026334996878477649 0.0022625348276707723 0.0014552850109472205 -0.001460355906001647 -0.00023102530253367505 -0.00028276763069526117 0.0010878812444596198
leaf_weight=41.594897921429947 16.931330627645366 43.389538656978402 17.148420174373314 2024.3816894745833 61.430500089656562 146.82004506298108
leaf_count=366 165 446 244 25297 484 1861
internal_value=-3.58774e-05 -6.21233e-05 -9.70557e-05 -0.000165769 0.00102346 0.000752753
internal_weight=2351.7 2334.77 2291.38 2127.41 103.025 163.968
internal_count=28863 28698 28252 26147 850 2105
is_linear=0
shrinkage=0.03


Tree=342
num_leaves=7
num_cat=0
split_feature=20 24 2 33 24 60
split_gain=0.130926 0.173917 0.152363 0.256625 0.190276 0.189841
threshold=0.1496537942467214 1.5000000000000002 -0.30646910013130363 0.85036803285280882 3.5000000000000004 -0.028827587599892245
decision_type=2 2 2 10 2 2
left_child=2 -2 3 4 5 -1
right_child=1 -3 -4 -5 -6 -7
leaf_value=0.00051291065617111407 -0.00029741038660434241 0.0014737899154610642 -7.1435838908201417e-06 0.0013748281406917237 -5.5932240310014901e-05 -0.0038541850494606482
leaf_weight=8.5318104497855511 81.200536376796663 108.58072788798017 2042.6789083194162 19.717628617421724 30.478925049275858 34.274873494054191
leaf_count=135 1027 1390 23963 399 765 991
internal_value=4.46583e-06 0.000739004 -6.39467e-05 -0.00118973 -0.00196195 -0.00305148
internal_weight=2325.46 189.781 2135.68 93.0032 73.2856 42.8067
internal_count=28670 2417 26253 2290 1891 1126
is_linear=0
shrinkage=0.03


Tree=343
num_leaves=7
num_cat=0
split_feature=6 29 37 4 37 34
split_gain=0.151363 0.155521 0.298091 0.113393 0.17274 0.16489
threshold=0.42817872027309073 -4.3577773571014395 0.91382219545639953 -0.059213696327194212 -5.3254536892287421 -6.2994277874628688
decision_type=2 10 10 2 8 8
left_child=3 -2 -3 4 -1 -5
right_child=1 2 -4 5 -6 -7
leaf_value=0.0012722062389694461 0.002775325771103873 0.002114785469483581 -0.0017313075394660433 -0.0012893679593532618 -0.00026093191397799176 0.0004229899789588488
leaf_weight=59.157256332604447 24.37605364722549 25.16310598020209 27.511260861298069 45.80053540141671 1599.9253096636967 565.30831660842523
leaf_count=1459 271 289 200 892 19290 6369
internal_value=-2.37026e-05 0.00120417 0.000150283 -7.04749e-05 -0.000198971 0.000275962
internal_weight=2347.24 77.0504 52.6744 2270.19 1659.08 611.109
internal_count=28770 760 489 28010 20749 7261
is_linear=0
shrinkage=0.03


Tree=344
num_leaves=7
num_cat=0
split_feature=58 62 0 56 23 26
split_gain=0.142381 0.233461 0.232881 0.225765 0.209192 0.208119
threshold=0.13392857142857145 0.22654395117396117 -0.33774605322794332 10.454084045122462 -0.19920255137976103 -1.4285165071487425
decision_type=2 2 2 2 2 10
left_child=3 4 -3 -1 -2 -4
right_child=1 2 5 -5 -6 -7
leaf_value=0.00013832752705834523 -0.00046932863637789995 0.0021391001425347974 -0.0011984486409607393 -0.00053664396137057218 0.0026207030121775995 0.00037005608542103728
leaf_weight=1202.8868314918655 23.524517121142708 35.522162986395415 103.37868418777362 696.03129875785089 61.305660010140855 222.57731270481599
leaf_count=15319 287 604 1179 8436 650 2287
internal_value=3.22251e-06 0.000479285 0.000128041 -0.000110592 0.00180467 -0.000148269
internal_weight=2345.23 446.308 361.478 1898.92 84.8302 325.956
internal_count=28762 5007 4070 23755 937 3466
is_linear=0
shrinkage=0.03


Tree=345
num_leaves=7
num_cat=0
split_feature=20 31 11 35 5 22
split_gain=0.114601 0.211542 0.153528 0.194266 0.151107 0.214662
threshold=0.048743844151554173 4.0551619827747354 0.0092247972026129194 0.95119757820955597 -0.039412887852529992 0.080049976735128855
decision_type=2 10 2 10 2 2
left_child=-1 4 -3 -4 -2 -6
right_child=1 2 3 -5 5 -7
leaf_value=-0.00013654978514089069 -0.001080693987537592 0.00033398218688770315 0.0003607742330020666 0.0031061147113880931 -0.0013195849429678043 0.00095892929028777241
leaf_weight=1872.7371875337558 97.224594671628438 131.46744560013758 44.693758402805543 45.963510906323791 41.722856080392376 125.50170484947739
leaf_count=22850 1013 1970 817 596 391 1255
internal_value=-2.97435e-05 0.000375806 0.00103741 0.00192297 -0.000197461 0.000348055
internal_weight=2359.31 486.574 222.125 90.6573 264.449 167.225
internal_count=28892 6042 3383 1413 2659 1646
is_linear=0
shrinkage=0.03


Tree=346
num_leaves=7
num_cat=0
split_feature=0 5 26 7 24 8
split_gain=0.209467 0.117576 0.238502 0.241629 0.130854 0.170516
threshold=0.5685018982526262 -0.18605139092339668 2.297033548355103 -0.040394326551320116 7.5000000000000009 -0.21339380103479411
decision_type=2 2 8 2 2 2
left_child=1 2 3 -1 5 -3
right_child=-2 4 -4 -5 -6 -7
leaf_value=0.0019966999474765263 0.0025682128049554116 -0.0019332130319217632 -0.0029551472098398924 -0.001150639838632868 0.00083906113202414899 -3.0616567815035857e-06
leaf_weight=24.561555303109344 18.369353970309021 32.03592241241131 26.741061129956506 50.180011109856423 153.64450135064544 2056.1244226573472
leaf_count=551 181 928 404 652 1945 24257
internal_value=5.80371e-06 -2.51113e-05 -0.000976042 -2.7904e-06 2.2079e-05 -4.17462e-05
internal_weight=2361.66 2343.29 101.483 74.7416 2241.8 2088.16
internal_count=28918 28737 1607 1203 27130 25185
is_linear=0
shrinkage=0.03


Tree=347
num_leaves=7
num_cat=0
split_feature=14 45 27 2 9 29
split_gain=0.130922 0.254524 0.246307 0.265992 0.235846 0.233307
threshold=0.24053669836165584 0.23611111111111113 0.9466843605041505 -0.14950709539971138 0.044650881724159409 -5.9717819690704337
decision_type=2 8 10 2 2 10
left_child=5 4 3 -3 -2 -1
right_child=1 2 -4 -5 -6 -7
leaf_value=0.00059249175798127627 0.0013046511558999613 0.00025447971374469876 0.0002478322670464478 -0.0019246921089884732 -0.00084810291058803162 -0.00014136853680311149
leaf_weight=557.43658215837786 108.50546009838581 64.552660062909126 117.82524918019772 189.77054633200169 65.964378267526627 1237.5770660790586
leaf_count=8643 504 310 549 883 300 17629
internal_value=-3.56473e-05 -0.000437756 -0.000873601 -0.00138287 0.000488875 8.85497e-05
internal_weight=2341.63 546.618 372.148 254.323 174.47 1795.01
internal_count=28818 2546 1742 1193 804 26272
is_linear=0
shrinkage=0.03


Tree=348
num_leaves=7
num_cat=0
split_feature=10 23 47 60 59 7
split_gain=0.146404 0.129872 0.124223 0.224171 0.154532 0.136063
threshold=0.16452807544278061 0.84228462091452128 4.5000000000000009 -0.046442072873021226 0.032266116918129535 -0.023158007009433903
decision_type=2 2 8 2 2 2
left_child=1 2 3 -1 5 -5
right_child=-2 -3 -4 4 -6 -7
leaf_value=0.001278271221157604 -0.0019930258604598915 0.001569964120093385 7.0216763120580907e-05 8.8870333915227941e-05 0.00057068227217954841 -0.0031192804340438554
leaf_weight=22.015112776309252 21.829677598725539 39.873679609037936 2198.1079232884367 14.738998563494532 16.360706047620624 41.826194375345949
leaf_count=229 227 442 26896 274 194 549
internal_value=2.80851e-05 5.5423e-05 2.23842e-05 -0.000986214 -0.00174153 -0.00239557
internal_weight=2354.75 2332.92 2293.05 94.941 72.9259 56.5652
internal_count=28811 28584 28142 1246 1017 823
is_linear=0
shrinkage=0.03


Tree=349
num_leaves=7
num_cat=0
split_feature=46 4 45 51 4 30
split_gain=0.136684 0.238166 0.231166 0.156471 0.269672 0.174774
threshold=93.500000000000014 -0.17349458795798464 0.21111111111111114 0.70833333333333337 -0.043123510851944845 3.1080622673034672
decision_type=10 2 10 2 2 8
left_child=3 -2 -3 -1 5 -5
right_child=1 2 -4 4 -6 -7
leaf_value=1.2752290071576127e-06 0.0010176767858688261 -0.0020233402970086115 -0.00028265499944840844 0.0023504992223767037 -0.0014836509138379634 -0.0004399877776129832
leaf_weight=1872.4503308803833 62.188404253334738 98.845667389337905 196.86403149669059 75.912212480558082 21.803488177247345 22.73605517949909
leaf_count=23544 825 1014 2322 742 186 173
internal_value=-2.64699e-05 -0.000557868 -0.000911659 7.12708e-05 0.00107586 0.00172606
internal_weight=2350.8 357.898 295.71 1992.9 120.452 98.6483
internal_count=28806 4161 3336 24645 1101 915
is_linear=0
shrinkage=0.03


Tree=350
num_leaves=7
num_cat=0
split_feature=2 47 8 37 51 46
split_gain=0.154868 0.388573 0.215734 0.204114 0.191884 0.424478
threshold=-0.033346534388887711 7.5000000000000009 0.13126429684588323 -2.4874385149735541 0.55000000000000016 77.500000000000014
decision_type=2 10 2 10 2 10
left_child=2 3 4 -2 -1 -6
right_child=1 -3 -4 -5 5 -7
leaf_value=1.7179534043294764e-05 -0.0022749432790662811 0.0011407237847527697 0.0019279882209435868 -0.00051052723575021068 0.0020095340093221332 -0.0011834679261406489
leaf_weight=1667.8564957493072 67.170602977013914 100.44443587964633 51.137810897198506 292.82760800688993 113.86799085594248 45.954516801284626
leaf_count=21271 1199 1138 454 3230 990 446
internal_value=5.33021e-05 -0.000434004 0.000174392 -0.00089233 0.000115102 0.00107581
internal_weight=2339.26 460.443 1878.82 359.998 1827.68 159.823
internal_count=28728 5567 23161 4429 22707 1436
is_linear=0
shrinkage=0.03


Tree=351
num_leaves=7
num_cat=0
split_feature=14 27 56 0 34 14
split_gain=0.207602 0.359821 0.19621 0.193397 0.163493 0.153457
threshold=0.33211752674945078 0.24429407715797427 -9.3157212395070896 0.0070433901603735869 -8.7835620045661909 0.050529991300488665
decision_type=2 10 2 2 8 2
left_child=4 2 -2 -3 5 -1
right_child=1 3 -4 -5 -6 -7
leaf_value=-0.0007091416723932505 -0.00046020114464871643 -0.00075659011804849472 -0.0028801699867394568 0.0015447596867329805 -6.4142585520746644e-05 0.0019654982529575299
leaf_weight=21.028740953595843 54.325832441449165 63.27352873980999 73.041318640112877 50.123990520834923 2043.1661083751242 57.665654946118593
leaf_count=1365 228 271 310 209 25893 588
internal_value=-0.000106228 -0.000922526 -0.00195662 0.000303402 -9.71097e-06 0.00125141
internal_weight=2362.63 240.765 127.367 113.398 2121.86 78.6944
internal_count=28864 1018 538 480 27846 1953
is_linear=0
shrinkage=0.03


Tree=352
num_leaves=7
num_cat=0
split_feature=24 20 60 2 59 7
split_gain=0.188461 0.250499 0.222414 0.214436 0.266324 0.211429
threshold=3.5000000000000004 0.047043596583917748 0.5028491334984132 -0.18451070515272663 -0.35451234539786752 0.028065681253706506
decision_type=2 2 2 2 2 2
left_child=2 -2 3 4 -1 -6
right_child=1 -3 -4 -5 5 -7
leaf_value=0.001335561869970041 5.2899374876237802e-05 0.0013410507351905047 0.0023281023095806609 -0.00011610288894093863 -0.00063286677271334778 -0.0025477579716359148
leaf_weight=28.761265505687334 606.94354167982237 165.38810891489265 20.202588382002432 1305.4716775087145 142.13647429764387 81.376536872819997
leaf_count=489 7316 2046 183 14723 2771 1231
internal_value=-3.89337e-05 0.000342362 -0.000226541 -0.000274311 -0.00105736 -0.00140929
internal_weight=2350.28 772.332 1577.95 1557.75 252.274 223.513
internal_count=28759 9362 19397 19214 4491 4002
is_linear=0
shrinkage=0.03


Tree=353
num_leaves=7
num_cat=0
split_feature=24 9 0 8 0 2
split_gain=0.140931 0.162765 0.147111 0.135308 0.169018 0.130921
threshold=7.5000000000000009 0.025596344316226319 0.038282788398107732 0.2329794676934813 0.09360898572156641 -0.033346534388887711
decision_type=2 2 2 2 2 2
left_child=3 2 -2 5 -5 -1
right_child=1 -3 -4 4 -6 -7
leaf_value=-3.9047319771741652e-05 0.00091914741158856449 0.0018225498634268928 -0.0011856137634913581 0.0022706902036037794 -0.00060726042047433372 -0.00064823722569480266
leaf_weight=1740.7732192684634 57.470583098882344 65.864988563582301 43.654644255060703 36.238827804510947 24.760203427053057 378.74322461764677
leaf_count=21318 892 709 532 395 256 4673
internal_value=-4.23353e-05 0.000772186 -1.43826e-05 -0.000107954 0.0011815 -0.000150438
internal_weight=2347.51 166.99 101.125 2180.52 60.999 2119.52
internal_count=28775 2133 1424 26642 651 25991
is_linear=0
shrinkage=0.03


Tree=354
num_leaves=7
num_cat=0
split_feature=3 11 36 56 27 47
split_gain=0.156874 0.232375 0.342063 0.237232 0.326835 0.266638
threshold=-0.11434261757911747 0.036884205039575034 0.3162002311253444 -24.379968322199215 2.0387587547302251 10.500000000000002
decision_type=2 2 10 2 8 8
left_child=-1 2 3 -2 -5 -6
right_child=1 -3 -4 4 5 -7
leaf_value=0.00020762848924837777 -0.001041178497810453 0.00050141924544854519 -0.0013729493607493111 -0.00012871465850961437 0.0001811340261286841 0.0038853397718073687
leaf_weight=1485.0039172988327 116.62682013807353 230.98398787048063 273.31208571430761 180.63000550700235 32.814301647245884 30.139963482506573
leaf_count=19370 1474 2410 2827 2004 365 320
internal_value=2.10216e-05 -0.00029823 -0.000593046 1.98117e-05 0.000548834 0.00224404
internal_weight=2349.51 864.507 633.523 360.211 243.584 62.9543
internal_count=28770 9400 6990 4163 2689 685
is_linear=0
shrinkage=0.03


Tree=355
num_leaves=7
num_cat=0
split_feature=4 14 10 46 37 46
split_gain=0.136321 0.132306 0.160734 0.247348 0.207315 0.367884
threshold=-0.26636498260179925 0.02570399387444745 -0.063685693087378301 36.500000000000007 -6.0157384907055382 31.500000000000004
decision_type=2 2 2 8 10 8
left_child=-1 -2 3 -3 -4 -6
right_child=1 2 4 -5 5 -7
leaf_value=0.0018384371423553335 -0.00120535610144119 -0.0020617101276244518 0.00097405176348827876 -0.00011835727248989946 0.00096072219821346507 -0.00017989830737550071
leaf_weight=26.556952207756694 70.194537370756734 67.449308594688773 224.75012700073421 252.49307388067245 299.65593959391117 1418.6270664036274
leaf_count=448 5853 749 2416 2707 2921 13752
internal_value=2.06535e-05 -7.79476e-06 3.44916e-05 -0.000578119 0.000137808 2.34254e-05
internal_weight=2359.73 2333.17 2262.98 319.942 1943.03 1718.28
internal_count=28846 28398 22545 3456 19089 16673
is_linear=0
shrinkage=0.03


Tree=356
num_leaves=7
num_cat=0
split_feature=60 31 14 24 26 28
split_gain=0.252027 0.214889 0.201511 0.188067 0.37013 0.294957
threshold=-0.059454603576774352 -0.91419744491577137 0.14798923123959365 3.5000000000000004 -4.1805219650268546 -0.27781176567077631
decision_type=2 10 2 2 8 8
left_child=1 -1 -3 4 -2 -5
right_child=3 2 -4 5 -6 -7
leaf_value=0.0020285723454187615 -0.0020088560249516309 0.0010764478269037125 -0.00035496761146490869 0.0012263693404502777 -0.00021560884522791622 -0.00018317995980918686
leaf_weight=71.231362269259989 103.64012115605874 151.79479395737872 187.49034135043621 185.81988910626387 1217.7817503483966 414.07331544003682
leaf_count=574 1555 2349 1058 2939 15375 4743
internal_value=-2.63455e-05 0.00063932 0.000297926 -0.000171148 -0.000370286 0.000266384
internal_weight=2331.83 410.516 339.285 1921.32 1321.42 599.893
internal_count=28593 3981 3407 24612 16930 7682
is_linear=0
shrinkage=0.03


Tree=357
num_leaves=7
num_cat=0
split_feature=10 14 3 42 30 27
split_gain=0.133574 0.145918 0.337555 0.377761 0.242397 0.269822
threshold=-0.15699149505758192 0.1547665953671957 -0.16022927992905808 1.5000000000000002 5.5205099582672128 0.84090977907180797
decision_type=2 2 2 2 8 10
left_child=-1 -2 3 -3 5 -4
right_child=1 2 4 -5 -6 -7
leaf_value=0.0019697379831083821 0.0002462538714832831 3.2332280136638924e-05 -0.00080965514861817327 0.0024027491254490847 -0.0018958487428364975 0.00053849108462201002
leaf_weight=22.105087908625137 1219.888272659955 343.11020182818174 400.72467391192913 63.536692410707474 104.21207762509584 189.70792560279369
leaf_count=348 22254 1981 2203 349 568 1046
internal_value=4.78808e-05 2.12075e-05 -0.000228046 0.000451478 -0.000626604 -0.000374737
internal_weight=2343.28 2321.18 1101.29 406.647 694.645 590.433
internal_count=28749 28401 6147 2330 3817 3249
is_linear=0
shrinkage=0.03


Tree=358
num_leaves=7
num_cat=0
split_feature=4 24 31 58 59 26
split_gain=0.130253 0.139189 0.231519 0.180937 0.166798 0.23451
threshold=-0.26636498260179925 3.5000000000000004 16.647624850273136 0.63333333333333341 0.6493632607895391 -0.77042627334594715
decision_type=2 2 10 2 2 8
left_child=-1 2 3 4 -2 -6
right_child=1 -3 -4 -5 5 -7
leaf_value=0.0018179997981623756 -5.0378791362147495e-05 0.00033263245023364894 -0.0021992099382718991 0.0020860762233673564 -0.0026115054183969461 7.539573183536525e-05
leaf_weight=26.118474677437916 1394.6247358306573 761.07719495522906 38.553846107475692 23.560563449253095 46.821617969311774 59.096204449248035
leaf_count=458 16839 9248 839 234 538 619
internal_value=3.02709e-05 2.47303e-06 -0.000159421 -9.38228e-05 -0.000141634 -0.00123519
internal_weight=2349.85 2323.73 1562.66 1524.1 1500.54 105.918
internal_count=28775 28317 19069 18230 17996 1157
is_linear=0
shrinkage=0.03


Tree=359
num_leaves=7
num_cat=0
split_feature=6 30 42 1 52 31
split_gain=0.164588 0.189518 0.16408 0.307894 0.144572 0.193387
threshold=0.42817872027309073 -0.6994812786579131 2.5000000000000004 0.0052614757085969596 1.0000000180025095e-35 -1.8418593406677244
decision_type=2 8 2 2 2 8
left_child=2 -2 4 -4 5 -1
right_child=1 -3 3 -5 -6 -7
leaf_value=-0.0016892142931386966 -0.00038058861691294776 0.0023999040017399957 0.0020876009951405912 -0.0011537118379757064 -0.00023202703780052193 0.00068881697945562075
leaf_weight=24.749907840741798 34.023963881772943 42.294724956154823 68.955240300158039 31.826776925940067 1863.6142270525597 289.07832209617482
leaf_count=201 402 354 708 247 22926 3965
internal_value=-2.62633e-05 0.00125983 -7.4664e-05 0.00105226 -0.000131395 0.000454902
internal_weight=2354.54 76.3187 2278.22 100.782 2177.44 313.828
internal_count=28803 756 28047 955 27092 4166
is_linear=0
shrinkage=0.03


Tree=360
num_leaves=7
num_cat=0
split_feature=9 3 14 36 13 56
split_gain=0.15228 0.21817 0.207766 0.200594 0.156868 0.146721
threshold=0.19718704016124108 -1.0000000180025095e-35 0.1547665953671957 0.61384236812591564 2.3502401828962087 -45.217309030532505
decision_type=2 2 2 10 2 2
left_child=1 -1 3 5 -2 -3
right_child=4 2 -4 -5 -6 -7
leaf_value=5.5635585064772303e-05 0.0024383947935434076 -0.0011391658986600408 -0.001925253461828485 -0.0016903449251893785 -0.00029625900417197835 0.0017118960742595257
leaf_weight=2108.7770100327907 35.856009648297913 14.685155372193547 92.272255800664425 29.272565061459318 28.7752799494192 47.493169851019047
leaf_count=26085 397 268 493 461 376 740
internal_value=1.06562e-05 -3.2618e-05 -0.000996176 3.86164e-05 0.00134431 0.000974002
internal_weight=2357.13 2292.5 183.723 91.4509 64.6313 62.1783
internal_count=28820 28047 1962 1469 773 1008
is_linear=0
shrinkage=0.03


Tree=361
num_leaves=7
num_cat=0
split_feature=58 27 12 14 8 28
split_gain=0.171418 0.180211 0.154776 0.210487 0.164428 0.140474
threshold=0.58571428571428574 0.061002442613244064 2.1174690952512654 0.41689216548846814 0.037091633560743374 -2.8445044755935665
decision_type=2 10 2 2 2 10
left_child=2 -2 3 5 -4 -1
right_child=1 -3 4 -5 -6 -7
leaf_value=0.00048362151262233699 -0.00040600349822003521 0.0029612783657610975 0.0021274593714773965 -0.0018952473449122926 -0.00015637761929479144 -0.00016006442349078556
leaf_weight=357.46850993100088 20.572863574256189 25.001297498034546 49.339322194457054 47.216283172369003 51.925145149230957 1790.9480298239214
leaf_count=5870 205 248 216 194 224 21712
internal_value=-4.75961e-06 0.0016417 -4.44028e-05 -9.92872e-05 0.00104758 -5.1219e-05
internal_weight=2342.47 45.5742 2296.9 2195.63 101.264 2148.42
internal_count=28669 453 28216 27776 440 27582
is_linear=0
shrinkage=0.03


Tree=362
num_leaves=7
num_cat=0
split_feature=14 10 10 33 36 28
split_gain=0.164267 0.134083 0.125391 0.20537 0.21033 0.153558
threshold=0.025204221764386792 -0.14093135605386431 -0.063685693087378301 3.2796529432137809 1.3377248432694213 1.0312185883522036
decision_type=2 2 2 8 10 10
left_child=-1 -2 3 4 5 -3
right_child=1 2 -4 -5 -6 -7
leaf_value=-0.0012388424339867729 0.0017791509971106501 -0.0011337757297061773 0.00020236103586929502 -0.0023290094908124379 0.0012653807507710612 0.00047474964584647998
leaf_weight=70.027777029958088 34.323197413235903 141.52878635935485 1934.318027894944 34.487803073599935 63.904990306124091 75.481933055445552
leaf_count=5977 375 1700 19106 399 636 714
internal_value=9.80758e-05 0.000144287 0.000111581 -0.000434266 -0.000129588 -0.000578022
internal_weight=2354.07 2284.04 2249.72 315.404 280.916 217.011
internal_count=28907 22930 22555 3449 3050 2414
is_linear=0
shrinkage=0.03


Tree=363
num_leaves=7
num_cat=0
split_feature=35 31 37 10 3 20
split_gain=0.154166 0.199806 0.189454 0.179069 0.155115 0.155301
threshold=-1.4831361547112463 0.39699190855026251 -0.63966416180843388 -0.14093135605386431 -0.20376814850531053 -0.020872759884206931
decision_type=8 10 10 2 2 2
left_child=1 4 -3 -2 -1 -6
right_child=3 2 -4 -5 5 -7
leaf_value=0.0012343030965627525 0.0019513867699587084 -4.0764775412696246e-06 0.0014884796671120024 -0.00011408919308173788 0.00093176483398309002 -0.0011370417750711345
leaf_weight=40.911469592479989 28.593333612720016 118.71100456693966 205.17500700830715 1801.9242730592086 34.785587452119216 124.70153059693985
leaf_count=435 459 2572 2564 21242 316 1142
internal_value=5.90988e-05 0.000507534 0.000957689 -7.13986e-05 -0.000230949 -0.000657464
internal_weight=2354.8 524.285 323.886 1830.52 200.399 159.487
internal_count=28730 7029 5136 21701 1893 1458
is_linear=0
shrinkage=0.03


Tree=364
num_leaves=7
num_cat=0
split_feature=60 14 27 62 59 62
split_gain=0.172676 0.229228 0.272335 0.222318 0.171573 0.17124
threshold=0.10083725474750681 0.13275661087098947 0.68021443486213695 0.67882442074532634 0.90563091342999158 0.36106505247443788
decision_type=2 2 8 2 2 2
left_child=5 4 3 -3 -2 -1
right_child=1 2 -4 -5 -6 -7
leaf_value=3.569162886134081e-05 -0.0015674997549150979 0.0017564889083331134 0.0031821779849903879 -0.0011593236148063483 0.001309530397879988 -0.00091433146135726543
leaf_weight=2006.2214242783084 40.35882803844288 38.254228435456753 46.468791894614697 36.474594347178936 20.45350784866605 176.5833232869918
leaf_count=24877 623 214 263 208 324 2371
internal_value=3.0688e-05 0.000893261 0.001605 0.000364444 -0.000551566 -4.4982e-05
internal_weight=2364.81 182.01 121.198 74.7288 60.8123 2182.8
internal_count=28880 1632 685 422 947 27248
is_linear=0
shrinkage=0.03


Tree=365
num_leaves=7
num_cat=0
split_feature=43 3 14 4 7 30
split_gain=0.153866 0.241465 0.166654 0.14129 0.133616 0.120318
threshold=1.5000000000000002 -0.16602151689635178 0.24053669836165584 -0.26636498260179925 0.018018473162462936 -5.7465510368347159
decision_type=2 2 2 2 2 8
left_child=3 -2 -3 4 -1 -5
right_child=1 2 -4 5 -6 -7
leaf_value=-0.00025205325992278758 0.0030072046394479597 0.0012823283735389228 -0.0013253914107632673 0.00049444915155744454 0.0033936073218399903 -0.00013185064731212996
leaf_weight=13.628385488642381 29.686373051023111 36.732336683664471 31.787413135170937 312.20452055340866 11.036303042492362 1919.9362756365736
leaf_count=278 245 377 144 5615 164 22071
internal_value=3.98181e-05 0.00114491 5.78392e-05 -1.31093e-05 0.00188761 -4.24369e-05
internal_weight=2355.01 98.2061 68.5197 2256.81 24.6647 2232.14
internal_count=28894 766 521 28128 442 27686
is_linear=0
shrinkage=0.03


Tree=366
num_leaves=7
num_cat=0
split_feature=24 3 31 33 57 34
split_gain=0.115216 0.132735 0.143791 0.137274 0.118121 0.230105
threshold=7.5000000000000009 -0.15590138083803709 0.33651018142700201 0.69707704583803831 7.5000000000000009 2.3606917460759482
decision_type=2 2 8 10 2 8
left_child=4 -2 -3 -4 -1 -6
right_child=1 2 3 -5 5 -7
leaf_value=-0.00010561126518017315 -0.00020348969088413202 -0.00064949657859349815 0.002777575953044252 0.00014671354508119682 0.001317174403444052 -0.0018155604709504884
leaf_weight=2049.2930143995764 74.347130461188499 19.013459945097566 48.921713447081856 27.280179825844243 110.07400995888747 16.513450697530061
leaf_count=24883 1066 164 641 310 1503 172
internal_value=1.08932e-05 0.000741364 0.00142836 0.00196201 -4.91623e-05 0.000805503
internal_weight=2345.44 169.562 95.2154 76.2019 2175.88 126.587
internal_count=28739 2181 1115 951 26558 1675
is_linear=0
shrinkage=0.03


Tree=367
num_leaves=7
num_cat=0
split_feature=26 47 33 26 28 52
split_gain=0.15866 0.151816 0.260129 0.160949 0.261556 0.179905
threshold=-7.423064947128295 4.5000000000000009 -0.59779039522012056 2.2146166563034062 2.5163834095001225 2.8062982233521478
decision_type=8 8 10 10 10 2
left_child=-1 2 -2 5 -5 -3
right_child=1 3 -4 4 -6 -7
leaf_value=0.002025213292499637 -0.0025750457139426934 0.00081100997613904515 0.00034286778444222017 -0.00015699374585679778 -0.0021598374644385748 1.4125417293974577e-05
leaf_weight=24.459478691918775 44.805278510728385 296.52785480371676 51.053515393577982 339.16350500367116 61.452382742892951 1518.2338965635718
leaf_count=416 632 3827 619 3970 538 18666
internal_value=4.53471e-06 -2.54824e-05 -0.00113541 2.743e-05 -0.000509337 0.000148065
internal_weight=2335.7 2311.24 95.8588 2215.38 400.616 1814.76
internal_count=28668 28252 1251 27001 4508 22493
is_linear=0
shrinkage=0.03


Tree=368
num_leaves=7
num_cat=0
split_feature=7 60 27 14 39 11
split_gain=0.147136 0.209627 0.247852 0.200028 0.354917 0.388312
threshold=-0.094205255515775813 0.15012518958901128 -2.0555000200029886e-14 0.1547665953671957 2.5000000000000004 0.036884205039575034
decision_type=2 2 10 2 2 2
left_child=-1 3 -3 -2 5 -5
right_child=1 2 -4 4 -6 -7
leaf_value=-0.00081458681661500268 0.00024490416038979834 -0.00068957738405193243 0.001934623184785259 -0.0020725363880196345 -2.3363888015441643e-05 0.00057769247237377658
leaf_weight=189.50284365814878 1045.5346311498433 41.024791844654828 93.361382141243666 167.88562647253275 738.83413414657116 63.961279138922691
leaf_count=3783 18282 374 825 920 4129 334
internal_value=-3.51776e-05 3.69533e-05 0.00114124 -4.19197e-05 -0.000350209 -0.00134774
internal_weight=2340.1 2150.6 134.386 2016.22 970.681 231.847
internal_count=28647 24864 1199 23665 5383 1254
is_linear=0
shrinkage=0.03


Tree=369
num_leaves=7
num_cat=0
split_feature=0 31 9 35 14 47
split_gain=0.165098 0.130513 0.188776 0.225897 0.209498 0.187736
threshold=0.5685018982526262 4.4331994056701669 -0.03748886959318929 0.56767599723405315 0.10389622546178796 9.5000000000000018
decision_type=2 8 2 10 2 10
left_child=1 5 3 -3 -5 -1
right_child=-2 2 -4 4 -6 -7
leaf_value=-0.00032549264447160979 0.0023024077562785127 -0.0011836084739764892 0.00046137023868835056 -0.00083315404432302974 0.0013969544022818473 0.0010970443395190762
leaf_weight=1173.9902595996973 17.887335587322013 152.45302142172295 786.21953013646998 58.060566289001144 77.554756134748459 80.122104937792756
leaf_count=11615 189 3161 10843 1720 569 728
internal_value=7.79707e-06 -1.96014e-05 0.000221967 -0.000424989 0.000450537 -0.000226651
internal_weight=2346.29 2328.4 1074.29 288.068 135.615 1254.11
internal_count=28825 28636 16293 5450 2289 12343
is_linear=0
shrinkage=0.03


Tree=370
num_leaves=7
num_cat=0
split_feature=7 42 12 33 10 52
split_gain=0.114784 0.20421 0.180972 0.251414 0.231312 0.293065
threshold=0.019409437800206982 2.5000000000000004 0.63493237856822293 -2.3590239286422725 0.021654236263882198 2.9510034708054627
decision_type=2 2 2 8 2 2
left_child=1 -1 -2 -4 -5 -6
right_child=2 -3 3 4 5 -7
leaf_value=9.328068418410217e-05 0.00025094732328730731 0.0018808183625449255 -0.0020153902091048686 -0.00083074830593699511 0.0020507597709492021 -0.00019669648382528369
leaf_weight=1169.8380765697511 419.4895164045156 50.580377245787531 80.036340601742268 334.6424226462841 57.721559729427099 221.93862385675311
leaf_count=16404 7387 555 488 2048 333 1369
internal_value=-1.82294e-05 0.000182049 -0.000237341 -0.000531719 -0.000309228 0.000321961
internal_weight=2334.25 1220.42 1113.83 694.339 614.303 279.66
internal_count=28584 16959 11625 4238 3750 1702
is_linear=0
shrinkage=0.03


Tree=371
num_leaves=7
num_cat=0
split_feature=29 3 31 12 27 62
split_gain=0.13991 0.241867 0.253488 0.230793 0.288079 0.23961
threshold=-5.2809526920318595 -0.28835996891909482 2.6065373420715336 0.73258351080912243 1.5378148555755617 0.13698034496722131
decision_type=10 2 8 2 10 2
left_child=1 -1 -3 -4 5 -5
right_child=-2 2 3 4 -6 -7
leaf_value=-0.0013909458334592708 -0.00018650119125550462 0.0024687598052874856 0.00081873407054608514 -0.0012151590605958347 0.0012942557370882253 0.00095065028069048121
leaf_weight=59.846480677893851 1574.9895887531311 42.707970785209909 353.56208349185181 199.78969905152917 71.071619119495153 50.815752800554037
leaf_count=1182 18506 362 6720 1273 454 310
internal_value=-2.41906e-05 0.000302675 0.00046102 0.000299858 -0.000277939 -0.000756367
internal_weight=2352.78 777.794 717.947 675.239 321.677 250.605
internal_count=28807 10301 9119 8757 2037 1583
is_linear=0
shrinkage=0.03


Tree=372
num_leaves=7
num_cat=0
split_feature=12 62 31 57 18 24
split_gain=0.126892 0.281263 0.143258 0.182112 0.173621 0.228738
threshold=2.1174690952512654 -0.015933058921409709 0.13970446586608889 5.5000000000000009 1.0000000180025095e-35 1.0000000180025095e-35
decision_type=2 2 8 2 2 2
left_child=2 -2 3 -1 -4 -6
right_child=1 -3 4 -5 5 -7
leaf_value=-0.00082117823970804431 -0.0005294327561421678 0.0024218709069842204 0.00014601541114139766 0.00088296282218388558 -0.0029154478202219197 -0.0002054269490820655
leaf_weight=343.88999871420674 51.825631946325302 48.62818007171154 1696.7680723245139 58.630742096342146 28.535621352028102 109.25197370175738
leaf_count=3044 226 210 23264 540 326 1091
internal_value=-3.57087e-06 0.000989168 -5.23525e-05 -0.000557568 6.09189e-05 -0.000925965
internal_weight=2337.53 100.454 2237.08 402.521 1834.56 137.788
internal_count=28701 436 28265 3584 24681 1417
is_linear=0
shrinkage=0.03


Tree=373
num_leaves=7
num_cat=0
split_feature=35 36 27 3 37 0
split_gain=0.13721 0.153472 0.156962 0.170068 0.138815 0.137426
threshold=-5.5396608859300605 -2.365917088851953 -1.0859975814819334 -0.066118842193303287 -6.0157384907055382 -0.12027445383202494
decision_type=8 8 10 2 8 2
left_child=-1 2 -2 -4 -3 -6
right_child=1 4 3 -5 5 -7
leaf_value=0.001506823616455774 0.0012026796696291691 0.0014157786214005295 -0.0020150554341484316 0.00063318469822774327 -0.00046818816031789223 9.1535400787458611e-05
leaf_weight=41.072968673659489 16.229662520912825 50.253813139308477 86.316915525472723 23.02879560936708 511.11910147976596 1619.567408455594
leaf_count=627 383 1213 1169 270 7455 17755
internal_value=-3.14641e-05 -6.52434e-05 -0.00104462 -0.001451 -4.3418e-06 -4.42936e-05
internal_weight=2347.59 2306.52 125.575 109.346 2180.94 2130.69
internal_count=28872 28245 1822 1439 26423 25210
is_linear=0
shrinkage=0.03


Tree=374
num_leaves=7
num_cat=0
split_feature=34 14 14 4 28 17
split_gain=0.131113 0.143215 0.166427 0.131219 0.120892 0.219775
threshold=-8.0792526404062901 0.22419856674830571 0.050529991300488665 -0.1507623430782209 3.3297342061996464 1.5000000000000002
decision_type=8 2 2 2 8 2
left_child=1 2 -1 -4 -2 -6
right_child=4 -3 3 -5 5 -7
leaf_value=-0.00052129151145667975 -0.00013234843408823732 -0.0014189634279403169 4.3397810908762058e-06 0.0028204120500326573 0.00066066730247082951 -0.0020067522354833135
leaf_weight=25.659942521742778 1881.210580389743 10.936882317066191 20.088716600090265 47.911143682897091 341.2941297836951 20.52951510832645
leaf_count=1629 22345 54 237 496 3755 308
internal_value=1.51383e-05 0.00100497 0.0013976 0.00209569 -3.52748e-05 0.00045942
internal_weight=2347.63 104.597 93.6598 67.9999 2243.03 361.824
internal_count=28824 2416 2362 733 26408 4063
is_linear=0
shrinkage=0.03


Tree=375
num_leaves=7
num_cat=0
split_feature=0 52 34 3 36 35
split_gain=0.137132 0.147008 0.194692 0.29972 0.230945 0.242601
threshold=0.5685018982526262 4.859114313416061 0.68578240772088372 -0.15065750655214069 1.5592513775960968 3.1707792324945334
decision_type=2 2 8 2 10 10
left_child=1 2 4 -4 -1 -6
right_child=-2 -3 3 -5 5 -7
leaf_value=-0.0003449729943124371 0.0021193563012306322 -0.00038567942773678262 0.0013502209777494145 9.640553121484957e-06 -2.1902926268723819e-05 0.0021871238349943441
leaf_weight=821.12437761745241 17.011146873439429 715.08452217414742 239.20396684872685 377.78464583365712 117.6503117637767 62.010431189351948
leaf_count=11580 174 8541 2773 3521 1394 748
internal_value=-6.01758e-06 -3.04956e-05 0.000127907 0.000542624 -0.000130607 0.000815666
internal_weight=2349.87 2332.86 1617.77 616.989 1000.79 179.661
internal_count=28731 28557 20016 6294 13722 2142
is_linear=0
shrinkage=0.03


Tree=376
num_leaves=7
num_cat=0
split_feature=46 51 10 42 56 36
split_gain=0.115102 0.477069 0.271917 0.158605 0.153446 0.17864
threshold=14.500000000000002 0.36666666666666675 0.022179878599017561 1.5000000000000002 22.179347580730141 -1.4623244027010138
decision_type=8 2 2 2 2 10
left_child=1 2 3 -1 5 -4
right_child=-2 -3 4 -5 -6 -7
leaf_value=-0.0021836035090227828 -0.00012805478625671306 0.0024642295989166872 -0.0019177433752163365 0.00031039704076251881 0.0027764290041072067 0.0013685565370211699
leaf_weight=58.74916758062318 2120.2738203349581 69.291518972837366 16.46679953642888 31.0835151768988 18.328940900508314 24.052825476042926
leaf_count=877 26088 625 216 401 218 313
internal_value=-5.97331e-05 0.000581314 -0.000396195 -0.00137599 0.00108208 -8.22119e-05
internal_weight=2338.25 217.973 148.681 89.8327 58.8486 40.5196
internal_count=28738 2650 2025 1278 747 529
is_linear=0
shrinkage=0.03


Tree=377
num_leaves=7
num_cat=0
split_feature=14 12 3 30 28 56
split_gain=0.160013 0.196646 0.160576 0.280816 0.273751 0.290648
threshold=0.023711773481382186 -0.42172557599666066 -0.11262324347984234 3.2510889768600468 2.3073602914810185 -37.166169277440268
decision_type=2 2 2 10 10 2
left_child=-1 -2 3 -3 5 -5
right_child=1 2 -4 4 -6 -7
leaf_value=-0.0014003480257811667 0.0011617583278584116 -1.327151398416703e-05 -0.00036706088584616546 -0.0017974968326074042 0.0025404762410763948 0.0010884152993888281
leaf_weight=60.929222689606831 123.97243134491146 1183.9040250573307 771.63034774176776 33.392170865088701 71.20111483335495 105.24220893904567
leaf_count=5529 3473 11374 6616 300 533 896
internal_value=3.08894e-06 4.63682e-05 -2.25374e-05 0.000169461 0.00115415 0.000319133
internal_weight=2350.27 2289.34 2165.37 1393.74 209.835 138.634
internal_count=28721 23192 19719 13103 1729 1196
is_linear=0
shrinkage=0.03


Tree=378
num_leaves=7
num_cat=0
split_feature=25 8 25 12 29 29
split_gain=0.162405 0.333709 0.239925 0.230778 0.244428 0.194727
threshold=0.29760908232395433 0.11726357444884745 0.27248025129630354 1.5038796384510855 1.8279435038566592 5.3407268524169931
decision_type=2 2 2 2 8 10
left_child=2 3 -1 4 -2 -6
right_child=1 -3 -4 -5 5 -7
leaf_value=8.1417938580644612e-05 -0.00086904799724812356 0.0014093274403554415 0.0024082055984302941 -0.0024178450217136197 0.0022817527687653059 -0.00096718653163644611
leaf_weight=1882.3933736213949 258.06865488912445 60.536082270205952 30.776282818347681 59.545253604650497 36.205482199788094 18.869380005635321
leaf_count=22686 3933 649 337 293 553 240
internal_value=1.1914e-05 -0.000505834 0.000131175 -0.000845613 -0.000481078 0.00119105
internal_weight=2346.39 433.225 1913.17 372.689 313.144 55.0749
internal_count=28691 5668 23023 5019 4726 793
is_linear=0
shrinkage=0.03


Tree=379
num_leaves=7
num_cat=0
split_feature=28 36 26 26 24 12
split_gain=0.17275 0.211393 0.169101 0.155642 0.150113 0.15624
threshold=3.9395006895065312 -0.79409288456038951 1.4705419540405276 -7.9694221019744864 7.5000000000000009 1.2760454765155784
decision_type=10 8 8 8 2 2
left_child=3 -2 -3 -1 -5 -6
right_child=1 2 -4 4 5 -7
leaf_value=0.0021731552622671238 -0.00096199334418780853 0.0030639120007500136 -1.4332213129576368e-05 -0.00020635774607272324 0.001140598976961193 -0.0011201110709640593
leaf_weight=16.553537195373792 23.269774111453444 37.626574234571308 24.094015286304057 2094.216370355105 131.83727402618388 25.651862673461437
leaf_count=300 212 309 204 25658 1942 137
internal_value=-5.97657e-05 0.00119412 0.0020278 -0.000111783 -0.000138115 0.000727482
internal_weight=2353.25 84.9904 61.7206 2268.26 2251.71 157.489
internal_count=28762 725 513 28037 27737 2079
is_linear=0
shrinkage=0.03


Tree=380
num_leaves=7
num_cat=0
split_feature=27 3 34 39 46 46
split_gain=0.153833 0.227843 0.278235 0.211228 0.310879 0.210841
threshold=0.9466843605041505 -0.051712593298061986 3.1767539461919423 5.5000000000000009 29.500000000000004 14.500000000000002
decision_type=8 2 10 2 8 8
left_child=5 -2 3 4 -3 -1
right_child=1 2 -4 -5 -6 -7
leaf_value=0.0008864404188648927 -1.0253123040931418e-05 -0.00021543047758151076 -0.0015911419549695294 0.00038242510059339661 0.0037412401775882239 -0.00036950124764481465
leaf_weight=122.21979332860792 672.76739496650407 23.449094942538068 19.929838611278683 71.609071957645938 53.299198859429453 1379.3742796051083
leaf_count=1495 8298 256 149 779 549 17213
internal_value=-8.07485e-05 0.000242285 0.00119581 0.00164704 0.00264687 -0.000262088
internal_weight=2342.65 841.055 168.287 148.357 76.7483 1501.59
internal_count=28739 10031 1733 1584 805 18708
is_linear=0
shrinkage=0.03


Tree=381
num_leaves=7
num_cat=0
split_feature=12 14 13 62 12 26
split_gain=0.15311 0.258504 0.262568 0.352285 0.302624 0.22614
threshold=2.1174690952512654 0.41689216548846814 1.8688348091416842 -0.050436120100695266 0.5607694116954639 -0.02875262405723333
decision_type=2 2 2 2 2 10
left_child=1 2 3 4 -1 -5
right_child=-2 -3 -4 5 -6 -7
leaf_value=0.0013076908640858417 0.0010994475681862246 -0.0019413522055128452 -7.0820617339672752e-05 0.00073742111044227299 -0.0025849225720237803 0.003981008683190828
leaf_weight=29.215091508580372 101.55029331147671 52.51666684448719 2051.5783035626228 44.749918598216027 23.8308210298419 33.94967046007514
leaf_count=321 441 216 26862 395 118 286
internal_value=1.46731e-05 -3.92727e-05 1.51217e-05 0.00126402 -0.00057369 0.00242772
internal_weight=2337.39 2235.84 2183.32 131.746 53.0459 78.6996
internal_count=28639 28198 27982 1120 439 681
is_linear=0
shrinkage=0.03


Tree=382
num_leaves=7
num_cat=0
split_feature=28 30 35 28 8 35
split_gain=0.199811 0.263558 0.309676 0.23765 0.297337 0.374632
threshold=0.40891884267330175 -1.0091295242309568 1.8434955757111313 0.68293562531471264 -0.07920420558821982 1.6911808243819648
decision_type=8 10 10 8 2 10
left_child=1 -1 -3 -2 -5 -6
right_child=3 2 -4 4 5 -7
leaf_value=9.4927249629372709e-05 0.0014859208530075242 -0.0013567778205661829 0.00048589807051559235 -0.0010964145940704389 0.00066464676060063008 -0.00067208988295231571
leaf_weight=696.77938838521368 124.55295465548988 291.96755492730881 106.80607806475018 140.17938440584112 751.18498019140679 241.99015758140013
leaf_count=11104 1420 3343 1244 2083 7499 2164
internal_value=3.63792e-05 -0.000258562 -0.000863429 0.000293267 0.000150347 0.000335494
internal_weight=2353.46 1095.55 398.774 1257.91 1133.35 993.175
internal_count=28857 15691 4587 13166 11746 9663
is_linear=0
shrinkage=0.03


Tree=383
num_leaves=7
num_cat=0
split_feature=52 52 29 35 52 8
split_gain=0.13259 0.136222 0.22488 0.161246 0.12118 0.166547
threshold=5.5500862435057874 5.8127337085371868 0.48560714721679693 1.0017077369349345 5.4781335798652639 0.010749440970261754
decision_type=2 2 8 8 2 2
left_child=4 2 -2 -3 -1 -6
right_child=1 3 -4 -5 5 -7
leaf_value=-5.4590955822262156e-05 0.0029020116601451819 -0.0015323632334389588 -0.00059915158768322502 0.001521139369677311 -0.0027764431313879465 0.00018227873920000681
leaf_weight=2207.831730908234 39.12890901742503 27.023146243183874 20.427645051735453 17.077151542063802 25.097822776151588 31.188448422471993
leaf_count=27131 483 336 197 188 329 314
internal_value=-4.2988e-05 0.000957242 0.00178764 -0.000287333 -9.27889e-05 -0.00135683
internal_weight=2367.77 103.657 59.5566 44.1003 2264.12 56.2863
internal_count=28978 1204 680 524 27774 643
is_linear=0
shrinkage=0.03


Tree=384
num_leaves=7
num_cat=0
split_feature=12 8 14 20 11 2
split_gain=0.130201 0.201937 0.193933 0.170994 0.324645 0.202097
threshold=2.1174690952512654 0.037091633560743374 0.41689216548846814 0.012379675170179892 -0.035556885450098837 -0.15405409036708043
decision_type=2 2 2 2 2 2
left_child=2 -2 3 5 -5 -1
right_child=1 -3 -4 4 -6 -7
leaf_value=-0.00071649484205675476 0.00212487005681612 -0.00037261211700796959 -0.0017382202741441091 -0.00081982616191533949 0.00076135779857316934 2.1836296618924269e-05
leaf_weight=465.83210696661263 51.633774727582932 50.440339013934135 51.746831864118576 144.91834965039743 475.59292612146237 1114.8024490516109
leaf_count=7374 225 219 213 1892 6019 12863
internal_value=-3.0678e-05 0.0009676 -7.99841e-05 -3.33157e-05 0.000384932 -0.000198895
internal_weight=2354.97 102.074 2252.89 2201.15 620.511 1580.63
internal_count=28805 444 28361 28148 7911 20237
is_linear=0
shrinkage=0.03


Tree=385
num_leaves=7
num_cat=0
split_feature=26 26 28 26 57 29
split_gain=0.171758 0.166622 0.172057 0.11236 0.0977664 0.199507
threshold=-7.423064947128295 -6.2101950645446768 4.1157259941101083 1.4705419540405276 1.5000000000000002 -6.8519878387451163
decision_type=8 8 10 8 2 8
left_child=-1 -2 4 -4 -3 -6
right_child=1 2 3 -5 5 -7
leaf_value=0.0021603774085213554 -0.0019723017388404572 0.00018939807784845454 0.0021355937448864961 -0.00026130751418424158 0.00063937135438571881 -0.00039871967124856445
leaf_weight=24.15693727938924 27.28209424513625 1171.9569257876137 46.876051192404702 22.60336678661406 195.73683527979301 877.19907024977147
leaf_count=413 398 14817 412 198 2521 10120
internal_value=4.83472e-05 1.74651e-05 4.93051e-05 0.00142106 7.35683e-07 -0.000205184
internal_weight=2365.81 2341.65 2314.37 69.4794 2244.89 1072.94
internal_count=28879 28466 28068 610 27458 12641
is_linear=0
shrinkage=0.03


Tree=386
num_leaves=7
num_cat=0
split_feature=26 33 1 47 5 9
split_gain=0.124281 0.168661 0.197281 0.20719 0.188566 0.186477
threshold=-7.423064947128295 -2.4322215194503465 -0.018336308615340313 8.5000000000000018 -0.019253204883822508 -0.066533680376480539
decision_type=8 8 2 10 2 2
left_child=-1 2 4 5 -2 -4
right_child=1 -3 3 -5 -6 -7
leaf_value=0.0017737891290655167 -0.00098042018653109468 8.456133587209887e-05 0.0005435595341036774 0.0010758067817710094 0.0014738005608636443 -0.0022942355985389362
leaf_weight=25.947013133962173 44.554475774173625 2078.7669791562948 21.272975019383011 19.701109531510156 48.949627496607718 106.71971051697619
leaf_count=430 764 25016 334 233 861 1175
internal_value=2.3326e-05 -3.78054e-06 -0.000738213 -0.0013877 0.000322632 -0.00181737
internal_weight=2345.91 2319.96 241.198 147.694 93.5041 127.993
internal_count=28813 28383 3367 1742 1625 1509
is_linear=0
shrinkage=0.03


Tree=387
num_leaves=7
num_cat=0
split_feature=28 12 8 52 54 9
split_gain=0.166431 0.12735 0.36326 0.124303 0.183123 0.233334
threshold=-4.8466830253601065 2.1174690952512654 0.03167603086982148 3.2080875396860176 1.0000000180025095e-35 0.13214681248255802
decision_type=8 2 2 2 2 2
left_child=-1 3 -3 -2 -5 -6
right_child=1 2 -4 4 5 -7
leaf_value=0.0013988385688083059 0.00033743990364943732 0.0026607231559047191 -0.00066654223426431574 -0.00033201721634573206 0.00012725040384370165 0.0025118029465660617
leaf_weight=66.875011137570255 505.33818808200886 46.89009328186512 54.86306206882 1406.7161647149478 232.36521310091484 34.194849317776971
leaf_count=1571 6099 204 238 17448 2807 345
internal_value=2.58955e-05 -2.02997e-05 0.000967622 -7.06514e-05 -0.00019517 0.000512908
internal_weight=2347.24 2280.37 101.753 2178.61 1673.28 266.56
internal_count=28712 27141 442 26699 20600 3152
is_linear=0
shrinkage=0.03


Tree=388
num_leaves=7
num_cat=0
split_feature=35 27 4 10 6 4
split_gain=0.147967 0.133356 0.313211 0.220833 0.380047 0.338577
threshold=-5.8023672352234517 -1.2599455118179319 -0.20014580565796922 -0.013910038394195806 -0.019551670812864224 -0.094602410627503783
decision_type=8 10 2 2 2 2
left_child=-1 2 -2 4 -4 -5
right_child=1 -3 3 5 -6 -7
leaf_value=0.0017921681681137146 -0.0017084823711684936 -9.4508502312958735e-05 -0.00074762413032124144 -0.0011522106516344826 0.0030577979727658155 0.0011614511508521289
leaf_weight=32.415677259094082 40.09302829412627 1951.6666050520435 28.937800301297102 82.04310570875532 68.828194845060352 140.26889745114022
leaf_count=497 772 22639 576 1187 993 2037
internal_value=3.62941e-05 4.06125e-06 0.000526307 0.000849517 0.00196657 0.000294763
internal_weight=2344.25 2311.84 360.171 320.078 97.766 222.312
internal_count=28701 28204 5565 4793 1569 3224
is_linear=0
shrinkage=0.03


Tree=389
num_leaves=7
num_cat=0
split_feature=12 9 9 28 56 37
split_gain=0.118398 0.19344 0.185209 0.172 0.127472 0.119073
threshold=2.1174690952512654 0.1685178306399992 0.043611049604183813 0.63720083236694347 -20.050058647407287 -7.2223362806770526
decision_type=2 2 2 10 2 8
left_child=1 5 -2 4 -3 -1
right_child=2 3 -4 -5 -6 -7
leaf_value=0.0013250826798630873 0.0019859827431884685 0.00012722961386755371 -0.00039750707095485046 -0.00042951417643331851 0.0027549299078289571 -0.00012522225235522981
leaf_weight=42.250631145245279 56.878024205565453 25.228321606351528 47.253055348992348 36.971866925712675 45.108490310900379 2100.0025022582267
leaf_count=1077 249 341 203 362 582 25899
internal_value=2.16628e-05 -2.60475e-05 0.000964331 0.00116042 0.00194559 -9.05948e-05
internal_weight=2353.69 2249.56 104.131 107.309 70.3368 2142.25
internal_count=28713 28261 452 1285 923 26976
is_linear=0
shrinkage=0.03


Tree=390
num_leaves=7
num_cat=0
split_feature=28 27 0 25 36 28
split_gain=0.127705 0.225155 0.189783 0.177594 0.17125 0.220625
threshold=0.38829579949378973 2.8346818685531621 -0.098940228228725099 0.30310741259867335 2.3584670516903761 1.4029498100280764
decision_type=8 10 2 2 10 10
left_child=3 4 -3 -1 -2 -6
right_child=1 2 -4 -5 5 -7
leaf_value=-1.0768919366630902e-06 0.00046315469310889679 0.00097326202680811087 -0.0019823344484127215 -0.00097310092516713069 0.00094631660781220855 -0.001880835862317128
leaf_weight=876.43943120334006 1102.9028443257557 20.258168102474883 59.103677252540365 199.63659581347019 32.203206104924902 55.506072176154703
leaf_count=12201 11710 253 568 3206 315 455
internal_value=5.08003e-05 0.00025363 -0.00120339 -0.000188709 0.000359964 -0.000852207
internal_weight=2346.05 1269.97 79.3618 1076.08 1190.61 87.7093
internal_count=28708 13301 821 15407 12480 770
is_linear=0
shrinkage=0.03


Tree=391
num_leaves=7
num_cat=0
split_feature=52 36 14 57 62 14
split_gain=0.134385 0.145008 0.144143 0.137918 0.127973 0.220478
threshold=3.3688319156464424 2.7891174061506088 0.41689216548846814 3.5000000000000004 -0.20536366794444297 0.14005560719587448
decision_type=2 10 2 2 2 2
left_child=2 -2 4 -3 -1 -6
right_child=1 3 -4 -5 5 -7
leaf_value=-0.00029464977121900887 -6.4379672232272426e-05 -0.0019923678081578645 -0.0013447217083460141 0.00032900088894094465 8.0222794406465325e-05 0.0014404141334941941
leaf_weight=130.24931639886927 1667.4805710185901 58.95153998589376 30.91687984764576 30.813261426170357 216.4438094398356 205.06565140932798
leaf_count=1588 20676 636 127 318 4180 1192
internal_value=-1.45352e-07 -0.000131247 0.000390776 -0.00124241 0.000510228 0.000760005
internal_weight=2339.92 1757.25 582.676 89.7648 551.759 421.509
internal_count=28717 21630 7087 954 6960 5372
is_linear=0
shrinkage=0.03


Tree=392
num_leaves=7
num_cat=0
split_feature=28 26 24 14 7 10
split_gain=0.153999 0.297239 0.260148 0.184315 0.56026 0.527396
threshold=2.8379127979278569 2.297033548355103 1.5000000000000002 0.24053669836165584 -0.028492551026928305 0.021654236263882198
decision_type=10 10 2 2 2 2
left_child=3 2 -2 -1 -5 -6
right_child=1 -3 -4 4 5 -7
leaf_value=1.3575001404474955e-05 0.0025462235874156723 -0.0013024153544649627 0.00028458748964791818 0.0014878343197145471 -0.0020747880252824516 0.0001292482410570041
leaf_weight=1653.9776981395262 67.408045998774469 46.28206776175648 119.20009533374105 81.165797591209412 217.48536251485348 169.33158189058304
leaf_count=24572 564 415 1059 400 1014 780
internal_value=-5.49773e-05 0.000661057 0.00118951 -0.000136296 -0.000655183 -0.00113101
internal_weight=2354.85 232.89 186.608 2121.96 467.983 386.817
internal_count=28804 2038 1623 26766 2194 1794
is_linear=0
shrinkage=0.03


Tree=393
num_leaves=7
num_cat=0
split_feature=2 59 24 2 25 59
split_gain=0.126214 0.236594 0.277384 0.322583 0.201953 0.144536
threshold=-0.18451070515272663 -0.32458400115835018 3.5000000000000004 -0.24491033612334043 0.060108473426112259 1.0000000180025095e-35
decision_type=2 2 2 2 2 2
left_child=1 4 5 -4 -1 -3
right_child=-2 2 3 -5 -6 -7
leaf_value=-0.00043170149471446757 0.00011327505526319243 -0.0017279732947200394 0.0015739886661715529 -0.001086993082862637 0.0026131356992962419 0.00011806069536239521
leaf_weight=34.474250604631379 1910.8512285593024 182.56457822819357 73.572501020011259 70.900099084537942 29.122712824319024 46.079317015362903
leaf_count=566 21214 3315 1524 975 470 716
internal_value=7.67594e-06 -0.000446568 -0.000737429 0.000282279 0.00112822 -0.00136658
internal_weight=2347.56 436.713 373.116 144.473 63.597 228.644
internal_count=28780 7566 6530 2499 1036 4031
is_linear=0
shrinkage=0.03


Tree=394
num_leaves=7
num_cat=0
split_feature=4 37 24 20 24 45
split_gain=0.243046 0.126877 0.164798 0.133475 0.436326 0.296346
threshold=-0.26636498260179925 -7.5370833497908363 1.5000000000000002 0.013938065457768505 1.5000000000000002 0.10555555555555557
decision_type=2 8 2 2 2 10
left_child=-1 2 -2 -3 5 -5
right_child=1 3 -4 4 -6 -7
leaf_value=0.0023909548353425844 -0.0007111664825799524 -0.00022329765742342265 0.0026774121169940495 -0.0015610903266261883 0.00088202046484187285 0.0005291161752227901
leaf_weight=27.316475564846769 15.454522769548928 1651.6035898867704 23.494832990865689 139.32329688215395 398.99110522377305 96.556993774487637
leaf_count=463 454 19804 565 1579 4661 1339
internal_value=-1.10976e-05 -4.94312e-05 0.00146227 -8.14378e-05 0.000285347 -0.000718749
internal_weight=2352.74 2325.42 38.9494 2286.47 634.871 235.88
internal_count=28865 28402 1019 27383 7579 2918
is_linear=0
shrinkage=0.03


Tree=395
num_leaves=7
num_cat=0
split_feature=62 40 62 39 2 2
split_gain=0.260952 0.212252 0.237462 0.242189 0.270159 0.291013
threshold=0.49818716765967169 1.5000000000000002 0.015265238709136387 2.5000000000000004 -0.15405409036708043 -0.055398411299573964
decision_type=2 2 2 2 2 2
left_child=1 2 -1 4 -4 -6
right_child=-2 -3 3 -5 5 -7
leaf_value=6.2482166423624667e-05 -0.00088532479754235274 -0.0002975708937706812 -0.00057362309998372973 0.00052869745246007544 0.0043155091841071136 0.00015163530336598661
leaf_weight=944.17495563399279 248.91244601973449 706.51633453069371 20.185640247480478 371.53816424624529 42.387367791554425 22.281082584988326
leaf_count=11719 2867 8406 329 4804 439 268
internal_value=1.37613e-05 0.000123652 0.000336741 0.000890616 0.00225249 0.00309332
internal_weight=2356 2107.08 1400.57 456.392 84.8541 64.6685
internal_count=28832 25965 17559 5840 1036 707
is_linear=0
shrinkage=0.03


Tree=396
num_leaves=7
num_cat=0
split_feature=60 56 23 52 52 12
split_gain=0.137956 0.253103 0.331475 0.159553 0.177378 0.157137
threshold=-0.058712787075327691 21.405955247171793 -0.27437793404038063 3.878958990019755 4.532550314726226 0.33312601526824698
decision_type=2 2 2 2 2 2
left_child=1 2 5 -4 -5 -1
right_child=-2 -3 3 4 -6 -7
leaf_value=0.0010868525746932183 -3.9419401141322853e-05 -0.00055636713826282208 0.00078259496595374273 0.0034478857753249595 0.00073303532173056183 -0.0016995486226696499
leaf_weight=19.250926316599362 1922.5543172089092 124.04794042307185 140.53126345254714 53.12570528240758 43.240112525527366 44.018103884533048
leaf_count=405 24727 1193 1286 503 369 332
internal_value=6.94626e-05 0.000552463 0.00101387 0.00151675 0.00241315 -0.000819104
internal_weight=2346.77 424.214 300.166 236.897 96.3658 63.269
internal_count=28815 4088 2895 2158 872 737
is_linear=0
shrinkage=0.03


Tree=397
num_leaves=7
num_cat=0
split_feature=35 29 7 29 29 57
split_gain=0.123539 0.194528 0.136927 0.120781 0.166802 0.130498
threshold=-3.9967379066749174 -1.6486089229583738 0.062407517136252463 -22.315703392028805 -17.520388603210446 1.5000000000000002
decision_type=8 8 2 8 8 2
left_child=1 2 -1 -2 -5 -6
right_child=3 -3 -4 4 5 -7
leaf_value=0.0027601893700157564 -0.0019232564734991513 -0.00025334637029356973 -0.00039389012216011025 0.0017983990262523128 0.0001056783479128865 -0.00035959715803421735
leaf_weight=40.088170769100543 22.627586285932921 67.001150393800344 13.443779501249081 31.627933344687335 1116.446674105915 1039.051435303074
leaf_count=641 293 948 160 393 14133 12090
internal_value=-5.83569e-05 0.000838949 0.00203077 -0.00011086 -8.34414e-05 -0.000119231
internal_weight=2330.29 120.533 53.532 2209.75 2187.13 2155.5
internal_count=28658 1749 801 26909 26616 26223
is_linear=0
shrinkage=0.03


Tree=398
num_leaves=7
num_cat=0
split_feature=14 12 60 60 57 8
split_gain=0.100909 0.157072 0.12553 0.345494 0.29242 0.258055
threshold=0.025204221764386792 -0.43489141531480929 -1.0000000180025095e-35 -0.03056685758060404 1.5000000000000002 0.015874245621403962
decision_type=2 2 2 2 2 2
left_child=-1 -2 3 5 -5 -3
right_child=1 2 -4 4 -6 -7
leaf_value=-0.0010511864029193112 0.0010810438540235837 0.00072097681843619774 0.00016733088009242191 0.0006419260464644508 -0.0017155729890647293 -0.00050143216236596736
leaf_weight=68.69674996464164 113.71085915341973 294.32109151035547 1300.5097395256162 55.356733199208975 200.07972016558051 307.9313998054713
leaf_count=5891 3069 2655 12173 474 1973 2487
internal_value=5.03495e-06 4.1439e-05 -1.80688e-05 -0.000297878 -0.00119973 9.79782e-05
internal_weight=2340.61 2271.91 2158.2 857.689 255.436 602.252
internal_count=28722 22831 19762 7589 2447 5142
is_linear=0
shrinkage=0.03


Tree=399
num_leaves=7
num_cat=0
split_feature=28 22 28 31 9 29
split_gain=0.135434 0.184455 0.140901 0.202641 0.200819 0.163003
threshold=-4.3191335201263419 -0.051157971404265479 0.12450591102242471 1.1481920182704928 -0.03748886959318929 7.5747034549713144
decision_type=8 2 8 10 2 10
left_child=1 -1 3 4 -2 -4
right_child=2 -3 5 -5 -6 -7
leaf_value=-0.00081568008681273956 0.00047427091754902081 0.0019815325454358378 0.00021523161916574239 -9.1928984667838455e-05 -0.0018372676709681758 -0.0018150676746772681
leaf_weight=24.258615373051725 41.116955171339214 57.77926141579519 1392.6343290444347 694.35909885921865 118.69797826732974 26.584583249874413
leaf_count=606 435 1239 14670 10453 1085 253
internal_value=2.74327e-05 0.00115564 -1.81627e-05 -0.000320491 -0.00124965 0.000164767
internal_weight=2355.43 82.0379 2273.39 854.174 159.815 1419.22
internal_count=28741 1845 26896 11973 1520 14923
is_linear=0
shrinkage=0.03


end of trees

feature_importances:
Column_14=137
Column_0=113
Column_52=104
Column_2=94
Column_28=91
Column_3=88
Column_8=87
Column_6=84
Column_7=79
Column_9=74
Column_62=74
Column_58=73
Column_23=72
Column_12=69
Column_22=67
Column_31=67
Column_4=63
Column_24=62
Column_11=58
Column_20=57
Column_46=48
Column_10=47
Column_37=43
Column_60=43
Column_34=39
Column_59=36
Column_30=35
Column_29=34
Column_15=33
Column_26=33
Column_5=31
Column_27=31
Column_35=31
Column_56=30
Column_33=29
Column_39=26
Column_45=26
Column_1=24
Column_36=23
Column_25=22
Column_47=16
Column_57=16
Column_18=12
Column_16=11
Column_42=11
Column_51=10
Column_13=8
Column_17=8
Column_43=8
Column_50=8
Column_40=4
Column_21=2
Column_44=2
Column_54=2
Column_55=2
Column_41=1
Column_48=1
Column_49=1

parameters:
[boosting: gbdt]
[objective: custom]
[metric: custom]
[tree_learner: serial]
[device_type: cpu]
[data_sample_strategy: bagging]
[data: ]
[valid: ]
[num_iterations: 100]
[learning_rate: 0.03]
[num_leaves: 7]
[num_threads: 4]
[seed: 2]
[deterministic: 0]
[force_col_wise: 0]
[force_row_wise: 0]
[histogram_pool_size: -1]
[max_depth: -1]
[min_data_in_leaf: 200]
[min_sum_hessian_in_leaf: 0.001]
[bagging_fraction: 0.8]
[pos_bagging_fraction: 1]
[neg_bagging_fraction: 1]
[bagging_freq: 1]
[bagging_seed: 29216]
[bagging_by_query: 0]
[feature_fraction: 0.7]
[feature_fraction_bynode: 1]
[feature_fraction_seed: 17795]
[extra_trees: 0]
[extra_seed: 19650]
[early_stopping_round: 0]
[early_stopping_min_delta: 0]
[first_metric_only: 0]
[max_delta_step: 0]
[lambda_l1: 0]
[lambda_l2: 10]
[linear_lambda: 0]
[min_gain_to_split: 0]
[drop_rate: 0.1]
[max_drop: 50]
[skip_drop: 0.5]
[xgboost_dart_mode: 0]
[uniform_drop: 0]
[drop_seed: 24198]
[top_rate: 0.2]
[other_rate: 0.1]
[min_data_per_group: 100]
[max_cat_threshold: 32]
[cat_l2: 10]
[cat_smooth: 10]
[max_cat_to_onehot: 4]
[top_k: 20]
[monotone_constraints: ]
[monotone_constraints_method: basic]
[monotone_penalty: 0]
[feature_contri: ]
[forcedsplits_filename: ]
[refit_decay_rate: 0.9]
[cegb_tradeoff: 1]
[cegb_penalty_split: 0]
[cegb_penalty_feature_lazy: ]
[cegb_penalty_feature_coupled: ]
[path_smooth: 0]
[interaction_constraints: ]
[verbosity: -1]
[saved_feature_importance_type: 0]
[use_quantized_grad: 0]
[num_grad_quant_bins: 4]
[quant_train_renew_leaf: 0]
[stochastic_rounding: 1]
[linear_tree: 0]
[max_bin: 255]
[max_bin_by_feature: ]
[min_data_in_bin: 3]
[bin_construct_sample_cnt: 200000]
[data_random_seed: 45]
[is_enable_sparse: 1]
[enable_bundle: 1]
[use_missing: 1]
[zero_as_missing: 0]
[feature_pre_filter: 1]
[pre_partition: 0]
[two_round: 0]
[header: 0]
[label_column: ]
[weight_column: ]
[group_column: ]
[ignore_column: ]
[categorical_feature: ]
[forcedbins_filename: ]
[precise_float_parser: 0]
[parser_config_file: ]
[objective_seed: 29484]
[num_class: 1]
[is_unbalance: 0]
[scale_pos_weight: 1]
[sigmoid: 1]
[boost_from_average: 1]
[reg_sqrt: 0]
[alpha: 0.9]
[fair_c: 1]
[poisson_max_delta_step: 0.7]
[tweedie_variance_power: 1.5]
[lambdarank_truncation_level: 30]
[lambdarank_norm: 1]
[label_gain: ]
[lambdarank_position_bias_regularization: 0]
[eval_at: ]
[multi_error_top_k: 1]
[auc_mu_weights: ]
[num_machines: 1]
[local_listen_port: 12400]
[time_out: 120]
[machine_list_filename: ]
[machines: ]
[gpu_platform_id: -1]
[gpu_device_id: -1]
[gpu_device_id_list: ]
[gpu_use_dp: 0]
[num_gpu: 1]

end of parameters

pandas_categorical:null
