tree
version=v4
num_class=1
num_tree_per_iteration=1
label_index=0
max_feature_idx=62
feature_names=Column_0 Column_1 Column_2 Column_3 Column_4 Column_5 Column_6 Column_7 Column_8 Column_9 Column_10 Column_11 Column_12 Column_13 Column_14 Column_15 Column_16 Column_17 Column_18 Column_19 Column_20 Column_21 Column_22 Column_23 Column_24 Column_25 Column_26 Column_27 Column_28 Column_29 Column_30 Column_31 Column_32 Column_33 Column_34 Column_35 Column_36 Column_37 Column_38 Column_39 Column_40 Column_41 Column_42 Column_43 Column_44 Column_45 Column_46 Column_47 Column_48 Column_49 Column_50 Column_51 Column_52 Column_53 Column_54 Column_55 Column_56 Column_57 Column_58 Column_59 Column_60 Column_61 Column_62
feature_infos=[-1.5:1.1321570417356304] [-0.66165514994509833:0.39053159963529027] [-0.89856225512442411:0.50869044893441406] [-0.71339856425137993:0.51872245573521125] [-0.4226437718704788:0.14797276099332909] [-0.61539790744530998:0.30580845468227469] [-1.2968669228790719:1.1796187331326866] [-0.57906916135699238:0.43297019809266424] [-0.74864151741062579:0.59582390131728491] [-0.57251773538814266:0.58641151056365182] [-0.30058279034079338:0.25914182666717772] [-0.55113040821735115:0.34981908724370003] [-4.8929961437310823:3.6508346099895292] [0.69314718055994529:3.1780538303479458] [0.00018452615634291457:0.87489398512490635] [1:5] [0:5] [0:5] [0:1] [0:1] [-0.81054324126609534:0.74343360786860879] [0:1] [-0.68006797931203389:0.74343360786860879] [-3:2.1961303250534638] [0:24] [-2.2952863525149976:3.1301618335043297] [-75.649192810058594:16.799999237060547] [-77.407508850097656:14.32053279876709] [-113.28507995605469:13.934700965881348] [-65.764854431152344:82.94964599609375] [-216.87321472167969:32.5] [-67.799999237060547:237.32306671142578] [0:1] [-24.34213415781657:16.799999237060547] [-89.101097106933594:32.5] [-70.730913675257142:15.425550371408463] [-22.543879124940716:15.343613442964852] [-69.293544291953253:31.116615288425237] [0:1] [0:10] [0:9] [0:4] [0:6] [0:3] [1:12] [0:1] [2:1073] [2:13] [0:4] [0:3] [0:1] [0:1] [0:6.8359153177762106] [0:1] [0:1] [0:1] [-376.66642659300305:767.87290174073712] [0:14] [0:1] [-1.9870405153582997:4.0737801120379951] [-0.65236505429244473:0.99690377818022735] [0:1] [-2.068471261869778:3.4507250821578657]
tree_sizes=919 916 918 917 916 917 920 918 923 925 922 921 926 920 920 923 919 920 920 925 916 923 923 922 924 925 931 931 923 914 923 925 925 916 921 927 925 929 926 923 924 923 922 929 929 933 926 930 931 932 928 926 933 928 932 929 920 928 924 927 934 932 930 930 931 930 918 930 927 936 922 926 925 938 925 928 925 928 931 934 930 929 930 935 924 923 928 928 927 938 935 930 930 931 925 929 929 926 914 926 925 933 927 933 935 937 930 946 925 926 927 933 929 932 928 934 921 933 936 918 935 929 931 928 930 925 934 927 929 930 927 937 932 934 926 929 922 927 922 928 930 929 924 927 926 931 924 928 926 931 934 925 932 931 937 922 931 925 928 930 926 929 928 926 921 929 917 932 927 927 928 928 932 923 928 924 931 943 928 929 933 927 924 918 927 926 938 926 922 926 928 927 919 921 916 925 929 930 924 926 921 923 926 932 922 930 920 925 919 930 930 924 921 925 932 922 924 928 926 931 928 932 924 931 936 932 917 925 926 932 926 925 922 918 922 917 928 921 919 928 924 922 931 918 928 927 931 938 925 928 924 924 926 922 915 926 926 924 921 918 924 917 924 935 924 921 927 933 923 931 932 926 924 926 935 925 921 935 927 929 929 931 922 930 927 939 937 927 931 923 931 923 930 926 929 921 925 925 925 934 923 920 913 930 919 931 931 926 922 929 925 934 927 936 921 926 929 924 932 921 925 921 926 926 923 919 925 929 917 930 934 926 919 919 927 931 925 926 923 929 933 924 938 920 922 930 928 918 918 928 929 927 922 923 913 940 932 925 922 925 919 928 925 926 922 913 921 925 932 929 923 923 927 929 927 921 917 928 921 919 927 915 925 927 923 928 926 925 920 919 924 929 927 927 927 930 931 932 935 930

Tree=0
num_leaves=7
num_cat=0
split_feature=6 7 3 6 2 6
split_gain=11.9105 5.88143 2.16518 1.37414 1.04768 0.895277
threshold=0.23773311652740839 -0.024502981086206382 -0.24206052633736735 0.37238600656307058 -0.11852863379902569 -0.0098514207727627024
decision_type=2 2 2 2 2 2
left_child=1 -1 -3 -2 -4 -6
right_child=3 2 4 -5 5 -7
leaf_value=-0.0032892244600664327 0.003732533833273453 -0.0025195840712657382 -0.00034387208716684682 0.0083176119733411723 -0.0003271755440842183 0.0020261191368743893
leaf_weight=599.96384838309314 203.3757061138167 211.64421656914055 511.71609532966977 99.981358153570909 193.85712972783949 544.36217452053097
leaf_count=8832 2137 3077 5734 1167 2107 5816
internal_value=9.91966e-06 -0.000814685 0.000216537 0.00546091 0.000696149 0.00141203
internal_weight=2364.9 2061.54 1461.58 303.357 1249.94 738.219
internal_count=28870 25566 16734 3304 13657 7923
is_linear=0
shrinkage=0.03


Tree=1
num_leaves=7
num_cat=0
split_feature=0 7 9 6 8 20
split_gain=10.2194 4.85521 2.36904 2.2904 1.15702 0.873238
threshold=0.11318450621603794 -0.02566617438885101 0.00081404598232497083 0.37238600656307058 0.19760309591737196 0.12381615847251687
decision_type=2 2 2 2 2 2
left_child=1 5 4 -2 -3 -1
right_child=3 2 -4 -5 -6 -7
leaf_value=-0.0037324213883908768 0.0026330578299372303 -0.0017603428250189419 0.0010966232542355711 0.0077123022380705085 0.0040781534577918046 -8.5089260008020402e-05
leaf_weight=506.3142914766795 386.93857820413541 547.6931948067795 735.88231665149215 98.795188756019343 23.005871979927178 67.244973590539303
leaf_count=7408 4140 6985 7853 1176 309 1083
internal_value=-3.30943e-05 -0.00103847 -2.21607e-05 0.00380088 -0.00145881 -0.00331359
internal_weight=2365.87 1880.14 1306.58 485.734 570.699 573.559
internal_count=28954 23638 15147 5316 7294 8491
is_linear=0
shrinkage=0.03


Tree=2
num_leaves=7
num_cat=0
split_feature=6 7 3 7 7 8
split_gain=9.63313 5.50843 2.15728 0.893414 0.86208 0.821984
threshold=0.23773311652740839 -0.024502981086206382 -0.21920210394195061 0.12153816836861626 0.044904385431645481 0.10589246480807324
decision_type=2 2 2 2 2 2
left_child=1 -1 5 -2 -4 -3
right_child=3 2 4 -5 -6 -7
leaf_value=-0.0031473722827580187 0.0032876181165556861 -0.0030111697880492701 0.00018669808124711508 0.0069484477975282908 0.0018575188591372406 0.0010822512372609093
leaf_weight=597.19305635368801 183.17564030556241 205.60497828546795 780.22477805122617 119.16017843782902 423.94181634829147 49.993277573899832
leaf_count=8813 2078 2944 8806 1240 4215 732
internal_value=-3.89101e-06 -0.000745912 0.00025126 0.00490674 0.000785385 -0.00219992
internal_weight=2359.29 2056.96 1459.76 302.336 1204.17 255.598
internal_count=28828 25510 16697 3318 13021 3676
is_linear=0
shrinkage=0.03


Tree=3
num_leaves=7
num_cat=0
split_feature=0 7 7 9 8 22
split_gain=9.14997 4.55754 1.7926 1.69836 1.00534 0.855428
threshold=0.11619574975057041 -0.015176764838119906 0.12153816836861626 0.014046660828694395 0.20327714933506214 0.074084503592363252
decision_type=2 2 2 2 2 2
left_child=1 5 -2 4 -3 -1
right_child=2 3 -4 -5 -6 -7
leaf_value=-0.0034157820140894297 0.0023995521707289268 -0.0012366737546898989 0.0065404150204352533 0.0012642772812856706 0.0040211745522145612 -0.00056170263613104625
leaf_weight=546.11957716921461 338.43844782467932 584.31363200311898 133.91297902859515 607.28280432586325 25.004204072523862 119.18210450973129
leaf_count=7729 3775 7363 1375 6361 315 1832
internal_value=-3.63572e-06 -0.000943993 0.00368476 0.000151804 -0.000959465 -0.00292039
internal_weight=2354.25 1881.9 472.351 1216.6 609.318 665.302
internal_count=28750 23600 5150 14039 7678 9561
is_linear=0
shrinkage=0.03


Tree=4
num_leaves=7
num_cat=0
split_feature=0 0 9 9 23 2
split_gain=8.99818 4.03139 1.57817 1.14828 1.11142 0.91231
threshold=-0.021588155604410849 0.22195194866792958 0.012280247567345236 0.099365059174167991 0.43842453040379931 -0.13338099661167693
decision_type=2 2 2 2 2 2
left_child=3 2 4 -1 -2 -4
right_child=1 -3 5 -5 -6 -7
leaf_value=-0.0028004304092092169 -0.00080046460490897607 0.0049011119275492567 0.00014151454040481904 0.00025789483297419694 0.003754950164550558 0.0025626660411011662
leaf_weight=794.78646164473321 555.44742605328793 235.40490711980965 214.70536140783224 126.2145409877412 42.793271872098558 399.6380209371564
leaf_count=10700 7082 2666 2355 1518 452 4079
internal_value=-7.9312e-05 0.00139229 0.000676583 -0.00238305 -0.00041823 0.00173232
internal_weight=2368.99 1447.99 1212.58 921.001 598.241 614.343
internal_count=28852 16634 13968 12218 7534 6434
is_linear=0
shrinkage=0.03


Tree=5
num_leaves=7
num_cat=0
split_feature=0 1 6 9 9 2
split_gain=8.94049 3.82953 1.60179 1.56112 1.28581 1.08675
threshold=0.11002478285528934 -0.0027882550895235374 0.327802184856476 0.00081404598232497083 0.062433629726229199 -0.11735783190004237
decision_type=2 2 2 2 2 2
left_child=1 4 -2 5 -1 -3
right_child=2 3 -4 -5 -6 -7
leaf_value=-0.0028712171731323792 0.0023100025459061903 -0.0028705130492293744 0.006053800346243904 0.0015290461551551345 -0.00030276330888213 0.00030925969722075172
leaf_weight=722.39315919797809 352.84380756138125 150.55274022958474 151.10474851832259 515.66380172478966 234.01128378085559 239.07523326849332
leaf_count=10082 3696 2152 1702 5534 2735 2961
internal_value=2.38474e-05 -0.000938621 0.0035285 0.000458787 -0.00225241 -0.000960493
internal_weight=2365.64 1861.7 503.949 905.292 956.404 389.628
internal_count=28862 23464 5398 10647 12817 5113
is_linear=0
shrinkage=0.03


Tree=6
num_leaves=7
num_cat=0
split_feature=0 7 3 7 5 9
split_gain=8.42594 4.21235 1.91723 1.44333 1.03182 0.828919
threshold=0.096820538511009371 -0.027916592895936936 -0.24694210426726967 0.12153816836861626 0.0050789426072833316 0.021555266882885425
decision_type=2 2 2 2 2 2
left_child=1 -1 -3 -2 5 -4
right_child=3 2 4 -5 -6 -7
leaf_value=-0.0030728368412854322 0.00230594926645135 -0.0027066703532877007 -0.00091333991380461845 0.0058560395556484799 0.0023657424196097125 0.00090592505149328395
leaf_weight=544.92223533213837 397.20723849278875 182.81372110711527 404.6027789375803 144.03998124087229 211.59922177367844 484.02830068583717
leaf_count=8110 4347 2743 4864 1459 2156 5193
internal_value=8.70543e-05 -0.000888995 5.5097e-05 0.00333981 0.000534237 7.66492e-05
internal_weight=2369.21 1827.97 1283.04 541.247 1100.23 888.631
internal_count=28872 23066 14956 5806 12213 10057
is_linear=0
shrinkage=0.03


Tree=7
num_leaves=7
num_cat=0
split_feature=7 6 2 6 9 6
split_gain=7.91248 3.90846 1.59358 1.42489 0.860984 0.606555
threshold=0.0021157485933615172 0.25122645780168468 -0.13338099661167693 -0.011654905997088029 0.058876442002443179 0.37238600656307058
decision_type=2 2 2 2 2 2
left_child=3 2 -2 -1 -4 -3
right_child=1 5 4 -5 -6 -7
leaf_value=-0.0028354506686313727 -0.00079321438936467688 0.0032354152596406984 0.00085025897086344357 -0.00046518464764074859 0.0031643707201318154 0.0066183781308283961
leaf_weight=646.94604907548637 405.24162535413052 159.73078687413363 498.34887912022532 356.73441006036592 201.03742088284343 99.503613640903495
leaf_count=9336 4916 1592 5461 4490 1986 1114
internal_value=4.71149e-06 0.00148817 0.0006914 -0.0020059 0.00155068 0.00473151
internal_weight=2367.54 1363.86 1104.63 1003.68 699.386 259.234
internal_count=28895 15069 12363 13826 7447 2706
is_linear=0
shrinkage=0.03


Tree=8
num_leaves=7
num_cat=0
split_feature=6 1 3 6 6 5
split_gain=7.4322 3.81474 1.1578 0.98062 0.762091 0.629763
threshold=0.23773311652740839 -0.0092709861112277078 -0.24694210426726967 -0.025575863199949606 0.37238600656307058 0.0042309906913426962
decision_type=2 2 2 2 2 2
left_child=1 3 -3 -1 -2 -4
right_child=4 2 5 -5 -6 -7
leaf_value=-0.0028132830611077219 0.0029026325136732377 -0.0018676710532214522 0.00047200976811977174 -0.00076433139096740627 0.0062687072637183094 0.0023298524107770724
leaf_weight=600.15110524497868 208.15330808877479 150.32902537018526 747.56358519979403 335.43389216071228 105.69053266383708 203.36833977454808
leaf_count=8834 2179 2219 8459 3934 1211 2020
internal_value=-2.83191e-05 -0.00069634 0.00049966 -0.00209453 0.00419477 0.000889443
internal_weight=2350.69 2036.85 1101.26 935.585 313.844 950.932
internal_count=28856 25466 12698 12768 3390 10479
is_linear=0
shrinkage=0.03


Tree=9
num_leaves=7
num_cat=0
split_feature=7 7 3 52 3 22
split_gain=7.0691 2.46352 1.29096 0.90729 0.8504 0.743679
threshold=0.0056576960485077406 0.12153816836861626 -0.07777722708467967 1.0000000180025095e-35 -0.24889000516566168 -0.14279771088758905
decision_type=2 2 2 2 2 2
left_child=2 3 5 -2 -5 -1
right_child=1 -3 -4 4 -6 -7
leaf_value=-0.0046301062584827683 0.0029382355700839032 0.0044253680778522982 9.1817307418241381e-05 -0.0016761059641734358 0.00089651567145626826 -0.0019624651391119039
leaf_weight=109.27112127799774 158.53298563015414 206.84947663001367 247.66938370096614 125.32337566374918 805.87282365740975 690.30687683055294
leaf_count=1686 1882 2031 2980 1811 8467 9796
internal_value=2.40237e-05 0.00149968 -0.00179987 0.000909148 0.000536154 -0.00237972
internal_weight=2343.83 1296.58 1047.25 1089.73 931.196 799.578
internal_count=28653 14191 14462 12160 10278 11482
is_linear=0
shrinkage=0.03


Tree=10
num_leaves=7
num_cat=0
split_feature=7 7 7 9 2 9
split_gain=6.73829 2.27578 1.67312 1.19338 1.00501 0.72373
threshold=0.045672486814084985 -0.024502981086206382 0.11857468416747688 0.044417219421689268 -0.16854171819977221 -0.012786488041210914
decision_type=2 2 2 2 2 2
left_child=1 5 4 -3 -2 -1
right_child=2 3 -4 -5 -6 -7
leaf_value=-0.0037589330426486887 -0.00096476293407043393 -0.00092608367288484416 0.0045316499552735846 0.0012288217247406119 0.0020960999404281201 -0.0015759884124571769
leaf_weight=240.77319909073412 118.12236792547628 647.38651201230823 218.06834217728465 346.99145236588083 418.85665734414943 360.58954120863928
leaf_count=4163 1509 8168 2161 3713 4197 4849
internal_value=4.74604e-05 -0.00105671 0.00236436 -0.000169375 0.00141746 -0.00249718
internal_weight=2350.79 1595.74 755.047 994.378 536.979 601.363
internal_count=28760 20893 7867 11881 5706 9012
is_linear=0
shrinkage=0.03


Tree=11
num_leaves=7
num_cat=0
split_feature=0 6 8 22 23 1
split_gain=6.99699 3.10247 1.17453 0.983 0.941288 0.852479
threshold=-0.033321589213610496 0.23773311652740839 0.17726423525244533 -0.11813638979907587 0.078143151395415736 -0.12321629605644947
decision_type=2 2 2 2 2 2
left_child=3 2 4 -1 -2 -5
right_child=1 -3 -4 5 -6 -7
leaf_value=-0.0047337819503696062 -0.00018954337192623533 0.0038416661495891216 0.0039275037038245903 -0.0033413837691734366 0.0019871957517255184 -0.0010840207688960818
leaf_weight=107.56902748759603 891.04233906272566 310.60799581228639 74.025222006719559 204.3584760708909 213.2497566069942 566.79573170385265
leaf_count=1585 10755 3326 852 3604 2156 6705
internal_value=-2.6718e-05 0.0012239 0.000507326 -0.00213571 0.000244868 -0.00171735
internal_weight=2367.65 1488.93 1178.32 878.723 1104.29 771.154
internal_count=28983 17089 13763 11894 12911 10309
is_linear=0
shrinkage=0.03


Tree=12
num_leaves=7
num_cat=0
split_feature=6 0 2 7 22 9
split_gain=6.43751 2.2115 1.66087 1.47087 0.984642 0.95691
threshold=0.016808154806367149 0.33788149186152089 -0.15427001708454827 -0.037583734533787154 -0.0011693788579646769 -0.0016545679971975769
decision_type=2 2 2 2 2 2
left_child=3 2 -2 -1 -4 -5
right_child=1 -3 4 5 -6 -7
leaf_value=-0.0031002614727324235 -0.00073967938435675696 0.0055939389508031911 0.00029431044456300532 -0.0020873016986650999 0.0024844956783715033 0.00014239383320970172
leaf_weight=414.18131152026763 332.92536582492176 95.368738859309815 281.81787298631389 298.67847978451755 543.18077643454308 392.08178354552365
leaf_count=6594 4352 1144 3056 3882 5497 4338
internal_value=-4.47981e-05 0.00142171 0.00103312 -0.00170603 0.00174882 -0.000837735
internal_weight=2358.23 1253.29 1157.92 1104.94 824.999 690.76
internal_count=28863 14049 12905 14814 8553 8220
is_linear=0
shrinkage=0.03


Tree=13
num_leaves=7
num_cat=0
split_feature=0 9 8 6 6 0
split_gain=5.38235 2.87698 1.37264 1.25365 1.16183 0.829759
threshold=0.11925358817429456 0.014046660828694395 0.15400769946531742 -0.020020393610573312 0.37238600656307058 -0.040762849769545688
decision_type=2 2 2 2 2 2
left_child=1 2 5 -3 -2 -1
right_child=4 3 -4 -5 -6 -7
leaf_value=-0.0031426909845946875 0.001917106936090731 -0.00085053185078576505 0.0020285835481186178 0.0013848434770324929 0.0054903401943153613 -0.0012859667138840751
leaf_weight=423.85114378281287 373.10083187543205 375.74062638872419 67.76787401677575 537.06570593814831 104.04457303445088 480.71456275141099
leaf_count=6413 3940 4664 847 5646 1179 6214
internal_value=-1.96602e-05 -0.000742546 -0.00186978 0.000465445 0.00279298 -0.00218082
internal_weight=2362.29 1885.14 972.334 912.806 477.145 904.566
internal_count=28903 23784 13474 10310 5119 12627
is_linear=0
shrinkage=0.03


Tree=14
num_leaves=7
num_cat=0
split_feature=0 7 8 9 6 56
split_gain=5.98888 2.59161 1.43923 1.44327 0.969059 0.685048
threshold=0.11925358817429456 -0.02566617438885101 0.17726423525244533 0.014046660828694395 0.37238600656307058 -8.8603665794718456
decision_type=2 2 2 2 2 2
left_child=1 -1 3 5 -2 -3
right_child=4 2 -4 -5 -6 -7
leaf_value=-0.0025330138660086387 0.0020657889966045257 -0.00030757556947845613 0.003433599206538213 0.00063331785269828383 0.0053644934616092791 -0.0023110285188154942
leaf_weight=564.56357335658686 376.3498617320729 285.40431537487893 85.435181093867868 615.91373180458322 103.24204947135877 331.7239366385038
leaf_count=8562 3950 3804 994 6423 1152 4040
internal_value=-8.69407e-05 -0.000851478 -0.000117807 -0.000389521 0.00287097 -0.00140417
internal_weight=2362.63 1883.04 1318.48 1233.04 479.592 617.128
internal_count=28925 23823 15261 14267 5102 7844
is_linear=0
shrinkage=0.03


Tree=15
num_leaves=7
num_cat=0
split_feature=6 7 0 3 22 52
split_gain=5.16189 2.17426 1.3349 0.934503 0.859562 0.697283
threshold=0.13768426999263211 -0.015176764838119906 0.33788149186152089 -0.23993970935329909 0.070728310994944824 2.8062982233521478
decision_type=2 2 2 2 2 2
left_child=1 4 -2 -3 -1 -5
right_child=2 3 -4 5 -6 -7
leaf_value=-0.0027139310552880881 0.0016790431083809206 -0.0020317410657749737 0.0054596004800344464 0.0021806420196203765 7.8809236902058135e-05 2.6867905795228903e-07
leaf_weight=521.49410500419617 540.29609311069362 162.42244656250114 94.408533296809765 149.16488043576828 121.26371416915208 773.59809688149835
leaf_count=7587 5648 2401 1110 1774 1896 8475
internal_value=2.48164e-05 -0.000825757 0.00231734 -2.76264e-06 -0.00219391 0.000372326
internal_weight=2362.65 1727.94 634.705 1085.19 642.758 922.763
internal_count=28891 22133 6758 12650 9483 10249
is_linear=0
shrinkage=0.03


Tree=16
num_leaves=7
num_cat=0
split_feature=0 7 8 0 20 15
split_gain=4.66652 2.30347 1.41677 0.997279 0.812278 0.776276
threshold=0.11925358817429456 -0.02566617438885101 0.13761703903210584 0.33788149186152089 0.12381615847251687 1.5000000000000002
decision_type=2 2 2 2 2 2
left_child=1 4 5 -2 -1 -3
right_child=3 2 -4 -5 -6 -7
leaf_value=-0.0026746801549078604 0.0018644747463941488 -2.1925139076569459e-05 0.0026484894246712495 0.0052860607290912583 0.00071812373252756745 -0.0022206293799348232
leaf_weight=490.64281379268505 379.316500392335 1019.9567625430645 153.04492212162586 94.70437183213653 68.480159862723667 158.41629019821994
leaf_count=7369 3960 11651 1756 1113 1106 1881
internal_value=1.34316e-05 -0.000656366 2.62786e-05 0.00264316 -0.00225382 -0.00033371
internal_weight=2364.56 1890.54 1331.42 474.021 559.123 1178.37
internal_count=28836 23763 15288 5073 8475 13532
is_linear=0
shrinkage=0.03


Tree=17
num_leaves=7
num_cat=0
split_feature=6 6 9 31 7 5
split_gain=5.07583 1.96213 1.38884 1.07408 0.956902 0.734336
threshold=-0.011654905997088029 0.28345236577592797 0.014046660828694395 7.3181138038635263 -0.037583734533787154 0.016023819528617051
decision_type=2 2 2 8 2 2
left_child=4 2 -2 -4 -1 -6
right_child=1 -3 3 -5 5 -7
leaf_value=-0.0029103028941749611 -0.00039341313919923738 0.0035801148525664984 0.00072381429385047632 0.0033841425022138973 -0.0014054195889158451 0.001722414133238983
leaf_weight=395.71555058640661 654.99472285309457 221.86223924643127 448.79997966083465 191.41543451388134 379.27611301236902 72.8626110831392
leaf_count=6341 8157 2393 4088 2498 4648 811
internal_value=-1.24104e-06 0.00103609 0.000576219 0.00155903 -0.00184778 -0.000875003
internal_weight=2364.93 1517.07 1295.21 640.215 847.854 452.139
internal_count=28936 17136 14743 6586 11800 5459
is_linear=0
shrinkage=0.03


Tree=18
num_leaves=7
num_cat=0
split_feature=1 0 6 11 2 62
split_gain=4.7483 2.0346 1.151 0.829465 0.821211 0.789316
threshold=0.023239526087889911 -0.031088309927894516 0.327802184856476 0.05088424712444823 -0.11852863379902569 0.024913326146833264
decision_type=2 2 2 2 2 2
left_child=1 3 -2 -1 -3 -6
right_child=2 4 -4 -5 5 -7
leaf_value=-0.0023379658937903404 0.0015522479520516949 -0.00083946767749278864 0.0047840021123945987 0.00014624611599027603 5.3184323955622213e-05 0.0024171259078275466
leaf_weight=660.21393765433459 471.43754399873433 420.82206989525002 122.84628071828047 146.22277775112889 352.04941165196942 189.37843233213061
leaf_count=9142 4571 5499 1283 2048 4142 2201
internal_value=-9.15566e-06 -0.000789669 0.00228841 -0.00189126 0.000143499 0.000908873
internal_weight=2362.97 1768.69 594.284 806.437 962.25 541.428
internal_count=28886 23032 5854 11190 11842 6343
is_linear=0
shrinkage=0.03


Tree=19
num_leaves=7
num_cat=0
split_feature=6 7 3 7 3 3
split_gain=4.66623 1.53773 1.26481 1.24255 0.656609 0.579878
threshold=0.085834167849054552 -0.0086331069929177964 -0.23993970935329909 0.12153816836861626 -0.055545665417160044 -0.07777722708467967
decision_type=2 2 2 2 2 2
left_child=1 5 -3 4 -2 -1
right_child=3 2 -4 -5 -6 -7
leaf_value=-0.0025356071375080311 0.00065422424148979606 -0.0028732682273627575 0.00033705824889976972 0.0038248209963272712 0.0031242515852358665 -0.00031758805676122836
leaf_weight=536.95360203685414 581.02340127102798 121.00372238174896 695.10283525611158 184.94825166836381 108.56322648125933 135.48474599019391
leaf_count=8205 6598 1806 7759 1784 1069 1677
internal_value=-2.91126e-05 -0.00104889 -0.000167954 0.00169889 0.00108219 -0.00209992
internal_weight=2363.08 1488.54 816.107 874.535 689.587 672.438
internal_count=28898 19447 9565 9451 7667 9882
is_linear=0
shrinkage=0.03


Tree=20
num_leaves=7
num_cat=0
split_feature=1 0 8 9 52 31
split_gain=4.09878 1.77519 1.00235 0.891868 0.8681 0.712961
threshold=-0.0092709861112277078 0.11318450621603794 0.12950000445947207 0.017297133842210908 2.8062982233521478 6.270286552608014
decision_type=2 2 2 2 2 8
left_child=2 3 4 -2 -1 -5
right_child=1 -3 -4 5 -6 -7
leaf_value=0.00035396395964265462 -0.00054508674712180352 0.0026733065254041844 0.0015986481063783066 0.00028335465525739287 -0.002153036531575525 0.0026513416032511541
leaf_weight=145.2488063890487 491.49067324193311 416.50496387307066 80.488463761779713 279.41824950973387 757.55702210291929 187.08303829957731
leaf_count=2188 6322 4166 901 2529 10394 2368
internal_value=7.77029e-06 0.00106274 -0.00146278 0.000342138 -0.00175024 0.00126871
internal_weight=2357.79 1374.5 983.294 957.992 902.806 466.501
internal_count=28868 15385 13483 11219 12582 4897
is_linear=0
shrinkage=0.03


Tree=21
num_leaves=7
num_cat=0
split_feature=0 2 0 22 7 52
split_gain=3.92272 1.73333 1.66752 0.797721 0.785266 0.677916
threshold=-0.035674532979426569 -0.11852863379902569 0.32832133819129972 -0.11813638979907587 -0.10131899647418259 2.2049800368212646
decision_type=2 2 2 2 2 2
left_child=3 -2 -3 -1 -5 -6
right_child=1 2 -4 4 5 -7
leaf_value=-0.0039807256284864201 -0.00024993365950801665 0.0013927292312115483 0.0059230538934326362 -0.0031354432776756736 0.0016457108713351821 -0.0011028287143061359
leaf_weight=98.630023273493862 606.77037648786791 826.99876351564308 72.037267591571435 139.94746118865442 86.213264868652914 518.02533914746891
leaf_count=1511 7390 8994 794 2724 1130 6232
internal_value=7.24625e-05 0.000987905 0.0018169 -0.00155551 -0.00118556 -0.000690257
internal_weight=2348.62 1505.81 899.036 842.816 744.186 604.239
internal_count=28775 17178 9788 11597 10086 7362
is_linear=0
shrinkage=0.03


Tree=22
num_leaves=7
num_cat=0
split_feature=7 7 9 23 22 28
split_gain=3.50534 1.92789 1.26153 0.733422 0.707112 0.590569
threshold=0.12153816836861626 -0.018028457125180686 0.010651299265533121 0.60973141312623946 0.12029507957838509 3.3297342061996464
decision_type=2 2 2 2 2 8
left_child=1 4 3 -3 -1 -4
right_child=-2 2 5 -5 -6 -7
leaf_value=-0.0020903788301385898 0.0035526562807359245 -0.00088022088235743877 0.00061697272181554942 0.0037605739490763636 0.00084627920329760631 0.0026981510360614691
leaf_weight=583.28532229934353 212.7918953281187 704.54419888765551 616.89710540368105 22.259650474530645 78.785219117999077 146.45637970155803
leaf_count=8609 2028 8803 6370 306 1254 1458
internal_value=-3.04299e-05 -0.000399484 0.000200832 -0.000688978 -0.00173353 0.00104599
internal_weight=2365.02 2152.23 1490.16 726.804 662.071 763.353
internal_count=28828 26800 16937 9109 9863 7828
is_linear=0
shrinkage=0.03


Tree=23
num_leaves=7
num_cat=0
split_feature=0 6 2 28 5 10
split_gain=3.67252 1.78164 1.04632 1.01296 0.910247 0.870303
threshold=-0.038119576109498503 0.23773311652740839 -0.13338099661167693 -3.6570893526077266 0.010468608332639056 -0.051314026092986367
decision_type=2 2 2 10 2 2
left_child=4 2 -2 5 -1 -4
right_child=1 -3 3 -5 -6 -7
leaf_value=-0.0018709862972017316 -0.00072701135397914868 0.0029654114119480974 -0.0013140960389838173 0.00058523794737970101 0.0008431073284509824 0.0044292277640791775
leaf_weight=714.80895654280903 423.7543066869257 316.63373262630193 24.667981020524167 637.95508293050807 125.38286116090603 111.39413679388235
leaf_count=10003 5358 3313 381 6626 1550 1515
internal_value=0.000119524 0.00100012 0.000460343 0.00111137 -0.00146081 0.00336929
internal_weight=2354.6 1514.41 1197.77 774.017 840.192 136.062
internal_count=28746 17193 13880 8522 11553 1896
is_linear=0
shrinkage=0.03


Tree=24
num_leaves=7
num_cat=0
split_feature=0 9 2 6 11 6
split_gain=3.31929 1.72321 0.936462 0.849347 0.839006 0.740482
threshold=0.10242958291126587 0.034138583684152658 -0.12219968276958149 0.011319718456879227 -0.0033956204166758759 0.37238600656307058
decision_type=2 2 2 2 2 2
left_child=1 2 -1 -4 -3 -2
right_child=5 4 3 -5 -6 -7
leaf_value=-0.0022400140599514776 0.0014278792625106655 -0.00086531192549783495 -0.0014713846368811241 0.00078520874005148257 0.0012877696339770638 0.0041902515302623894
leaf_weight=532.63588091067504 426.31964567716932 240.57565266557503 338.61796106159454 255.15567043225747 460.70195515977684 107.79720448097214
leaf_count=8105 4420 2600 4416 2945 5272 1181
internal_value=-6.0373e-06 -0.00061541 -0.00133778 -0.00050474 0.000547367 0.00205215
internal_weight=2361.8 1827.69 1126.41 593.774 701.278 534.117
internal_count=28939 23338 15466 7361 7872 5601
is_linear=0
shrinkage=0.03


Tree=25
num_leaves=7
num_cat=0
split_feature=7 9 2 6 52 10
split_gain=3.43565 1.32003 1.07584 0.880836 0.854636 0.696033
threshold=0.045672486814084985 -0.0038457117057651142 -0.17131498090113476 0.327802184856476 1.0000000180025095e-35 0.03732624007077389
decision_type=2 2 2 2 2 2
left_child=1 -1 -2 5 -3 -4
right_child=2 4 3 -5 -6 -7
leaf_value=-0.0018020477627368444 -0.0006293851094946372 0.0021941673377588195 0.00065191108458478733 0.0044639361250163895 -0.0004264182306661411 0.0029216977310890977
leaf_weight=677.95611917956558 150.58502263168339 120.27462203317555 313.80517279572086 113.58129866799572 788.7941956796858 196.97094311274122
leaf_count=10134 1880 1554 3007 1114 9277 1900
internal_value=-1.18543e-05 -0.000810573 0.00161335 0.00215566 -5.95995e-05 0.00156651
internal_weight=2361.97 1587.02 774.942 624.357 909.069 510.776
internal_count=28866 20965 7901 6021 10831 4907
is_linear=0
shrinkage=0.03


Tree=26
num_leaves=7
num_cat=0
split_feature=0 0 9 20 56 1
split_gain=3.04178 1.45069 0.900362 0.852819 0.769736 0.662408
threshold=-0.023879407346955758 0.33788149186152089 0.061280491569873821 -0.11035257344501488 -9.3487138920265593 -0.0092709861112277078
decision_type=2 2 2 2 2 2
left_child=3 2 4 -1 -2 -5
right_child=1 -3 -4 5 -6 -7
leaf_value=-0.0037266423778590328 0.00093508395346600772 0.0041605142903430176 0.0017206625993419586 -0.0014093323461200201 -0.00073450611213217616 0.00090658878764369522
leaf_weight=115.09457473375369 452.65024360481766 97.299827971844934 395.00173629791243 651.34606767096557 526.98608274929575 126.41953753482085
leaf_count=1725 5621 1122 3974 9070 6024 1372
internal_value=-3.91914e-05 0.000797261 0.000530874 -0.00141169 3.85973e-05 -0.00102617
internal_weight=2364.8 1471.94 1374.64 892.86 979.636 777.766
internal_count=28908 16741 15619 12167 11645 10442
is_linear=0
shrinkage=0.03


Tree=27
num_leaves=7
num_cat=0
split_feature=0 23 2 52 6 9
split_gain=3.00279 1.29568 0.96843 0.867271 0.851813 0.789688
threshold=-0.038119576109498503 0.21777209783573945 -0.15318988106236286 1.0000000180025095e-35 0.37238600656307058 0.020729136100760329
decision_type=2 2 2 2 2 2
left_child=3 2 -2 -1 -4 -5
right_child=1 -3 4 5 -6 -7
leaf_value=0.00084652635391420253 -0.00098277192535065863 0.0026808611897999458 0.00059111774157463671 -0.0027361156095040192 0.0040565183429242422 -0.00071295513559119868
leaf_weight=117.92243401615997 346.87326496042078 249.31591120886151 859.45150657993509 402.56749137092265 59.602207048679702 315.82490251678973
leaf_count=1814 4709 2539 9442 5985 607 3791
internal_value=-4.74625e-05 0.000747917 0.000349209 -0.00148035 0.000857099 -0.00186868
internal_weight=2351.56 1515.24 1265.93 836.315 919.054 718.392
internal_count=28887 17297 14758 11590 10049 9776
is_linear=0
shrinkage=0.03


Tree=28
num_leaves=7
num_cat=0
split_feature=6 7 8 3 14 52
split_gain=2.99724 1.72798 1.1547 1.08985 0.662227 0.634785
threshold=0.23773311652740839 -0.027916592895936936 0.17726423525244533 -0.24694210426726967 0.39133863901442489 3.0368918406528054
decision_type=2 2 2 2 2 2
left_child=1 -1 3 -3 5 -5
right_child=-2 2 -4 4 -6 -7
leaf_value=-0.0019432306541206693 0.0025343460208913484 -0.0022728272279762519 0.0029719124911562816 0.0015991794708747279 -0.002378202709620855 -8.1492686209228883e-05
leaf_weight=554.45435269610607 324.00526836785139 190.43495107904891 99.620622280432144 254.39212578270235 78.75594487786293 856.92709860455943
leaf_count=8530 3379 2780 1126 2915 325 9788
internal_value=-0.000100933 -0.000530941 7.59094e-06 -0.000226155 0.000117561 0.000314061
internal_weight=2358.59 2034.59 1480.13 1380.51 1190.08 1111.32
internal_count=28843 25464 16934 15808 13028 12703
is_linear=0
shrinkage=0.03


Tree=29
num_leaves=7
num_cat=0
split_feature=6 7 3 6 20 8
split_gain=2.6271 1.66977 1.1348 0.693099 0.735782 0.684328
threshold=0.23773311652740839 -0.027916592895936936 -0.23993970935329909 0.52927501032033575 0.031136342083062128 0.17726423525244533
decision_type=2 2 2 2 2 2
left_child=1 -1 -3 4 -2 -4
right_child=3 2 5 -5 -6 -7
leaf_value=-0.0017295338510090626 0.0010501576190850913 -0.0017848705627634071 0.00032998395472052383 0.0063275548705947543 0.0045763092851257691 0.0029732890325160789
leaf_weight=554.57513297621335 228.89406382106245 214.00851848861203 1183.6335638454766 30.437901232275181 63.477719383488875 85.642080077785067
leaf_count=8569 2356 3129 12909 321 677 916
internal_value=6.11556e-05 -0.000340857 0.000186452 0.002533 0.00194176 0.000530184
internal_weight=2360.67 2037.86 1483.28 322.81 292.372 1269.28
internal_count=28877 25523 16954 3354 3033 13825
is_linear=0
shrinkage=0.03


Tree=30
num_leaves=7
num_cat=0
split_feature=1 9 56 0 11 10
split_gain=2.9193 1.37462 0.877568 0.860249 0.740986 0.676583
threshold=0.01361358235769535 0.01981856917898767 -9.3487138920265593 0.43069274871615087 0.038123056773288908 -0.00069536365718001608
decision_type=2 2 2 2 2 2
left_child=1 2 5 -2 -3 -1
right_child=3 4 -4 -5 -6 -7
leaf_value=-0.0015902448471152358 0.0013061378518197738 -0.00030474224127785538 -0.002330686554713573 0.0054417829856660983 0.0017991798362623288 0.00074950351050765709
leaf_weight=219.95779173058691 624.82183257798897 582.95389638829511 489.7597203826881 40.532740648894105 192.19477347453358 206.89203783599078
leaf_count=3454 6158 6759 6803 438 2215 3020
internal_value=-3.40801e-05 -0.000696235 -0.00147625 0.00163492 0.000233187 -0.000464983
internal_weight=2357.11 1691.76 916.61 665.355 775.149 426.85
internal_count=28847 22251 13277 6596 8974 6474
is_linear=0
shrinkage=0.03


Tree=31
num_leaves=7
num_cat=0
split_feature=7 11 3 7 20 2
split_gain=2.25839 1.0105 0.970586 0.900187 0.685342 0.589851
threshold=0.006137429259092623 0.070656075123294235 -0.024943792453169161 0.11857468416747688 -0.14512218533526647 -0.11512284393491538
decision_type=2 2 2 2 2 2
left_child=2 3 4 -2 -1 -3
right_child=1 5 -4 -5 -6 -7
leaf_value=-0.0034180729976116637 8.7506618707339429e-05 1.2052862734561562e-05 0.0011559732104441498 0.0023379437159097168 -0.0010325484584136474 0.0036221523457251764
leaf_weight=120.29400847063516 931.10784724148107 54.405982905329438 150.88813452923205 183.37409594617202 774.40183082627482 152.87754242282244
leaf_count=1860 10479 607 1814 1744 10922 1530
internal_value=2.35092e-05 0.000844889 -0.001013 0.000475286 -0.00138752 0.00271877
internal_weight=2367.35 1321.77 1045.58 1114.48 894.696 207.284
internal_count=28956 14360 14596 12223 12782 2137
is_linear=0
shrinkage=0.03


Tree=32
num_leaves=7
num_cat=0
split_feature=0 6 11 8 3 31
split_gain=2.28853 0.967713 0.776478 0.740991 0.636675 0.612628
threshold=-0.023879407346955758 0.23773311652740839 0.05088424712444823 0.17726423525244533 -0.24694210426726967 7.1147145628929147
decision_type=2 2 2 2 2 10
left_child=2 3 -1 4 -2 -6
right_child=1 -3 -4 -5 5 -7
leaf_value=-0.0016852602629278252 -0.0017163039014224933 0.0021172206577805583 0.00052832075324903843 0.0029747817011762288 -2.5468591967899657e-05 0.001952262255780569
leaf_weight=719.42237641161773 148.64850019878941 311.91304653338739 172.23485597263789 73.560545004263986 764.63884625324863 162.75448456217418
leaf_count=9853 2248 3253 2313 827 7853 2466
internal_value=-6.66937e-05 0.00066284 -0.00125656 0.000253379 4.16596e-05 0.000338741
internal_weight=2353.17 1461.52 891.657 1149.6 1076.04 927.393
internal_count=28813 16647 12166 13394 12567 10319
is_linear=0
shrinkage=0.03


Tree=33
num_leaves=7
num_cat=0
split_feature=6 2 7 9 11 6
split_gain=2.22672 1.31224 0.816004 0.676881 0.670933 0.669524
threshold=0.0063850432517346739 -0.13338099661167693 -0.10389570354999092 0.1636741133568588 0.1184788273143335 0.37238600656307058
decision_type=2 2 2 2 2 2
left_child=2 -2 -1 5 -4 -3
right_child=1 3 4 -5 -6 -7
leaf_value=-0.0029895932278612733 -0.00036232999732526344 0.0010220286143788101 -0.00080840568272267451 0.0048254457753598781 0.0031218426780003842 0.0039804454927682958
leaf_weight=148.16031385964015 501.49832645527204 723.77881603231071 850.80878531176131 45.223562575294636 31.23522177117411 68.392157553113066
leaf_count=3019 6141 7576 10672 499 350 700
internal_value=4.33517e-05 0.000847455 -0.000999792 0.0015677 -0.00063579 0.00132388
internal_weight=2369.1 1338.89 1030.2 837.395 882.044 792.171
internal_count=28957 14916 14041 8775 11022 8276
is_linear=0
shrinkage=0.03


Tree=34
num_leaves=7
num_cat=0
split_feature=0 0 28 15 20 7
split_gain=2.10041 0.924781 0.84724 0.81403 0.701204 0.667782
threshold=-0.023879407346955758 0.1754681351332508 -1.1051849126815794 1.5000000000000002 0.11595508021294675 -0.10131899647418259
decision_type=2 2 10 2 2 2
left_child=5 2 3 -2 -4 -1
right_child=1 -3 4 -5 -6 -7
leaf_value=-0.0027889905974510204 0.0020370655243567033 0.0020853699835057618 -0.00055950288503767804 -0.002066908196697183 0.0021907184444206998 -0.00068403447910252418
leaf_weight=160.18716854229569 315.53073445963673 344.33261821500491 690.20185373630375 41.976236484304536 84.815221923752688 727.99695160759438
leaf_count=3198 4489 3630 7059 658 867 8988
internal_value=5.51968e-05 0.000746918 0.000325285 0.00151207 -0.000234455 -0.0010905
internal_weight=2365.04 1476.86 1132.52 357.507 775.017 888.184
internal_count=28889 16703 13073 5147 7926 12186
is_linear=0
shrinkage=0.03


Tree=35
num_leaves=7
num_cat=0
split_feature=6 2 6 52 8 15
split_gain=2.76873 1.52734 0.866924 0.73225 0.617949 0.524719
threshold=0.23773311652740839 -0.13188154157672413 -0.0098514207727627024 3.2080875396860176 -0.035461212480411036 1.5000000000000002
decision_type=2 2 2 2 2 2
left_child=1 3 -3 -1 -2 -4
right_child=4 2 5 -5 -6 -7
leaf_value=0.00025864793426971924 -0.00014724672393704466 -0.00077326642641363465 0.0011954372383776108 -0.0018327489084729309 0.0031347280598317921 -0.0011638495069167358
leaf_weight=190.83850748062832 62.541747824114282 430.89942552469438 656.26500189700164 667.46869587403489 264.10311416524928 89.119174188701436
leaf_count=2737 794 5345 7070 9363 2560 1017
internal_value=-3.96793e-07 -0.000415486 0.000286766 -0.00137012 0.00252063 0.000901684
internal_weight=2361.24 2034.59 1176.28 858.307 326.645 745.384
internal_count=28886 25532 13432 12100 3354 8087
is_linear=0
shrinkage=0.03


Tree=36
num_leaves=7
num_cat=0
split_feature=2 6 9 37 23 52
split_gain=1.91947 1.26692 0.974356 0.946495 1.08686 0.502819
threshold=-0.12219968276958149 0.35198769156323456 0.00081404598232497083 -7.2223362806770526 0.10834226050661523 2.8062982233521478
decision_type=2 2 2 10 2 2
left_child=2 3 -1 -2 -5 -4
right_child=1 -3 5 4 -6 -7
leaf_value=-0.0019618307246366397 0.0027810795856884783 0.0041128019119324837 0.001747903494340245 -0.00036209401823401475 0.0018011385690664726 -0.00053094653124426312
leaf_weight=469.4573090345657 133.63053853415477 84.091492660809308 95.712261484994087 815.72961933878832 270.01381474675145 487.12776076080627
leaf_count=7345 1865 841 1198 9189 2739 5711
internal_value=-1.18389e-05 0.000755086 -0.000959983 0.000491958 0.000187409 -0.000133549
internal_weight=2355.76 1303.47 1052.3 1219.37 1085.74 582.84
internal_count=28888 14634 14254 13793 11928 6909
is_linear=0
shrinkage=0.03


Tree=37
num_leaves=7
num_cat=0
split_feature=6 3 5 3 14 7
split_gain=2.05944 1.09139 1.03668 0.863769 0.818113 0.643636
threshold=0.087162353096460338 -0.23993970935329909 0.0034292424258283768 -0.055545665417160044 0.27560356889044207 -0.099294797612808391
decision_type=2 2 2 2 2 2
left_child=1 -1 5 4 -2 -3
right_child=3 2 -4 -5 -6 -7
leaf_value=-0.0025727021568040039 0.0011793547276457055 -0.0026875960350149753 0.0014191563522119933 0.0031963262789620884 -0.001336447632140193 -0.00045585580723636013
leaf_weight=224.23778784833848 589.46277687381371 124.9888320749742 235.11165968389832 142.85705529717961 135.51360984146595 892.94711637173896
leaf_count=3899 7343 2231 2638 1365 593 10635
internal_value=-1.19283e-05 -0.000691987 -0.000337721 0.00114041 0.000697312 -0.000753363
internal_weight=2345.12 1477.29 1253.05 867.833 724.976 1017.94
internal_count=28704 19403 15504 9301 7936 12866
is_linear=0
shrinkage=0.03


Tree=38
num_leaves=7
num_cat=0
split_feature=6 7 9 15 28 20
split_gain=1.9124 0.823832 0.708022 0.517969 0.523741 0.473493
threshold=0.02029877807103465 0.12153816836861626 0.0023672811085080213 1.5000000000000002 -2.5648324489593501 -0.11435630809362039
decision_type=2 2 2 2 10 2
left_child=2 3 -1 4 -2 -6
right_child=1 -3 -4 -5 5 -7
leaf_value=-0.0016749453953230139 0.0022149158373158998 0.0025557131893429938 -0.00015379371152857683 -0.0012467637792325443 -0.001332743374348154 0.00070712588268051816
leaf_weight=506.73224405711517 166.82993366627488 201.28658058299334 594.42456244520145 125.65378583560232 111.75233277189545 649.61876070930157
leaf_count=7714 2499 1918 7211 1511 1323 6591
internal_value=4.57411e-05 0.000843141 -0.000862574 0.00049509 0.000741667 0.000394322
internal_weight=2356.3 1255.14 1101.16 1053.85 928.201 761.371
internal_count=28767 13842 14925 11924 10413 7914
is_linear=0
shrinkage=0.03


Tree=39
num_leaves=7
num_cat=0
split_feature=2 14 7 52 34 23
split_gain=1.75773 1.23761 1.08119 0.919771 0.901377 0.553212
threshold=-0.12465827758503834 0.39133863901442489 0.088217406321435002 2.8062982233521478 4.4901195367177333 0.70463431134796928
decision_type=2 2 2 2 8 2
left_child=3 2 4 -1 -2 -5
right_child=1 -3 -4 5 -6 -7
leaf_value=0.0010796965859521616 0.00019173419673153814 -0.0025039101990573472 0.0027819396964114699 -0.0014225847923140255 0.0027990135364970134 0.0029722549799623167
leaf_weight=168.16127700943616 866.35600500430155 88.376193627715111 236.51037977079977 836.51935069475439 128.74747317616129 17.507450957549736
leaf_count=2531 10472 366 2335 11216 1580 234
internal_value=2.79354e-05 0.000748754 0.00100044 -0.000901121 0.000553558 -0.00129913
internal_weight=2342.18 1319.99 1231.61 1022.19 995.103 854.027
internal_count=28734 14753 14387 13981 12052 11450
is_linear=0
shrinkage=0.03


Tree=40
num_leaves=7
num_cat=0
split_feature=23 52 6 0 20 8
split_gain=1.68214 1.25396 1.02262 0.802743 0.696738 0.550416
threshold=0.2360901067264545 2.8062982233521478 0.49204790427535455 -0.035674532979426569 0.0011273584341998379 0.049036095786039173
decision_type=2 2 2 2 2 2
left_child=1 -1 3 4 -3 -2
right_child=5 2 -4 -5 -6 -7
leaf_value=0.0013658396390051593 0.00076940892089498621 -0.0023492554871508611 0.0044433433455503112 -0.0002559688956823599 -0.00019131913179585325 0.0031198233252823738
leaf_weight=319.18961692409357 207.4607787373825 395.33458885704749 24.825601137068588 1044.8170595087286 204.4857474733144 160.96720361642656
leaf_count=4273 2393 5450 254 11954 2891 1641
internal_value=1.76572e-05 -0.000329676 -0.000660049 -0.000763472 -0.00162879 0.00185162
internal_weight=2357.08 1988.65 1669.46 1644.64 599.82 368.428
internal_count=28856 24822 20549 20295 8341 4034
is_linear=0
shrinkage=0.03


Tree=41
num_leaves=7
num_cat=0
split_feature=0 23 15 28 9 10
split_gain=1.63885 0.977632 0.750772 0.866192 0.651414 0.54918
threshold=-0.038119576109498503 0.21777209783573945 1.5000000000000002 2.8909264802932744 -0.089572190300221122 -0.066716877102709182
decision_type=2 2 2 8 2 2
left_child=4 2 3 -2 -1 -5
right_child=1 -3 -4 5 -6 -7
leaf_value=-0.0031616693365687908 3.6641208078461e-05 0.0022455069432319483 -0.0016861409997183283 -0.0012264287475171976 -0.00072605760304373561 0.0025260023583112525
leaf_weight=106.60510618402623 861.12381205969723 251.48121377965435 151.61092525045387 35.12717880558921 730.2163672586903 223.22123432601802
leaf_count=1962 10019 2558 1855 445 9674 2425
internal_value=-1.08704e-05 0.00057443 0.000228863 0.000500846 -0.00107001 0.0019891
internal_weight=2359.39 1522.56 1271.08 1119.47 836.821 258.348
internal_count=28938 17302 14744 12889 11636 2870
is_linear=0
shrinkage=0.03


Tree=42
num_leaves=7
num_cat=0
split_feature=0 23 9 52 35 14
split_gain=1.86811 1.00035 0.882795 0.623922 0.526533 0.601016
threshold=0.11002478285528934 0.55253207259047932 0.01981856917898767 3.0368918406528054 -3.9983922372172982 0.175574086937901
decision_type=2 2 2 2 10 2
left_child=1 2 3 -1 5 -4
right_child=-2 -3 4 -5 -6 -7
leaf_value=0.00024158658815775307 0.0016074460829126733 0.0028736000085246021 0.0032588159581677738 -0.0015770010570881781 -0.00018429471286882061 -0.00059737917587267221
leaf_weight=215.98069353212486 519.39093660798972 70.104061379446648 83.238740998960566 744.2134299287427 686.45616482233163 55.233890175819397
leaf_count=3146 5410 851 1322 10324 7590 292
internal_value=3.47554e-05 -0.000411794 -0.000556105 -0.00116966 0.000163517 0.00178402
internal_weight=2374.62 1855.23 1785.12 960.194 824.929 138.473
internal_count=28935 23525 22674 13470 9204 1614
is_linear=0
shrinkage=0.03


Tree=43
num_leaves=7
num_cat=0
split_feature=0 23 9 11 62 8
split_gain=1.61949 0.990615 0.977859 0.803085 0.684063 0.638892
threshold=0.11925358817429456 0.55253207259047932 -0.0038457117057651142 -0.0033956204166758759 0.11297785990645128 0.19760309591737196
decision_type=2 2 2 2 2 2
left_child=1 2 5 -4 -2 -1
right_child=4 -3 3 -5 -6 -7
leaf_value=-0.0015101142917794941 0.00077921594709585236 0.0028708630322698517 -0.0010226615380973677 0.00068793829063993456 0.0032162283792479189 0.0027159005711890616
leaf_weight=723.34199241697206 342.97382486145943 71.412513616727665 374.96775952348253 679.3937741384143 144.87492772372207 24.755979653156828
leaf_count=10541 3644 878 4234 7775 1451 329
internal_value=3.13748e-05 -0.000370908 -0.000514476 7.56967e-05 0.00155299 -0.00133629
internal_weight=2361.72 1873.87 1802.46 1054.36 487.849 748.098
internal_count=28852 23757 22879 12009 5095 10870
is_linear=0
shrinkage=0.03


Tree=44
num_leaves=7
num_cat=0
split_feature=1 22 3 8 14 56
split_gain=1.67482 0.87855 0.761267 0.749249 0.795637 0.705727
threshold=-0.0092709861112277078 0.064171604991050249 -0.21920210394195061 0.046881997412026095 0.44386916918067715 -63.475408774492415
decision_type=2 2 2 2 2 2
left_child=1 5 -2 -4 -5 -1
right_child=2 -3 3 4 -6 -7
leaf_value=0.00088042199555758715 -0.00081222385700622862 0.00087593966338074395 0.00040662562214086945 0.0022686243157263412 -0.0026835545207955875 -0.0016917452093013652
leaf_weight=105.26945320019149 233.22419279220048 195.16264998033876 691.79795395376277 435.58951249817619 23.023756809532642 675.41961417440325
leaf_count=1691 3290 2787 7400 4558 96 9028
internal_value=5.55864e-05 -0.000890965 0.000724774 0.00104069 0.00196805 -0.00133816
internal_weight=2359.49 975.852 1383.64 1150.41 458.613 780.689
internal_count=28850 13506 15344 12054 4654 10719
is_linear=0
shrinkage=0.03


Tree=45
num_leaves=7
num_cat=0
split_feature=1 52 3 20 31 6
split_gain=1.43932 0.876505 0.729449 0.720991 0.618005 0.553068
threshold=-0.0092709861112277078 1.0000000180025095e-35 -0.23456502483884908 1.0000000180025095e-35 5.0982037000358114 0.23773311652740839
decision_type=2 2 2 2 8 2
left_child=3 -2 -3 -1 5 -4
right_child=1 2 4 -5 -6 -7
leaf_value=-0.0014199893122251266 0.0024882258470041983 -0.0014156030724317445 -0.00047005320286765687 0.00030090217293701711 0.0015144955782104121 0.0016270718893420402
leaf_weight=646.51336724772409 190.50809688243316 171.93382466351613 467.3855545616243 324.31674301341991 420.73963648505742 138.35583983245306
leaf_count=8896 2273 2430 4185 4577 5357 1140
internal_value=3.33623e-05 0.000651005 0.000340774 -0.000847899 0.000645783 2.75911e-05
internal_weight=2359.75 1388.92 1198.41 970.83 1026.48 605.741
internal_count=28858 15385 13112 13473 10682 5325
is_linear=0
shrinkage=0.03


Tree=46
num_leaves=7
num_cat=0
split_feature=6 2 5 6 3 3
split_gain=1.59984 0.857908 0.811857 0.620814 0.522634 0.44801
threshold=0.016808154806367149 -0.13338099661167693 0.019883242280128208 0.37238600656307058 -0.055545665417160044 -0.29194862346405409
decision_type=2 2 2 2 2 2
left_child=2 -2 5 4 -3 -1
right_child=1 3 -4 -5 -6 -7
leaf_value=-0.0030365634040004016 -0.00025609745094422488 0.00063489566286915216 0.0012849587570078567 0.0037580876822067861 0.0027065972073450576 -0.00089784847924833809
leaf_weight=91.834021105169086 479.39777377084829 591.19790893170284 134.86013915695366 77.034358239208814 127.72663246293087 841.25542859625421
leaf_count=1689 5844 6262 1631 778 1234 11418
internal_value=2.92495e-05 0.000743932 -0.000823215 0.00134194 0.00103504 -0.00113831
internal_weight=2343.31 1275.36 1067.95 795.959 718.925 933.089
internal_count=28856 14118 14738 8274 7496 13107
is_linear=0
shrinkage=0.03


Tree=47
num_leaves=7
num_cat=0
split_feature=6 6 2 22 22 12
split_gain=1.39509 0.813894 0.615993 0.59536 0.504725 0.490784
threshold=0.016808154806367149 0.3969287338017638 0.044555108619387211 -0.057977325978250401 0.031410684644824487 0.97038192635845955
decision_type=2 2 2 2 2 2
left_child=2 3 4 -2 -1 -5
right_child=1 -3 -4 5 -6 -7
leaf_value=-0.0013753001535237069 -0.00077357507871512825 0.0032509407573565376 0.0019612574273786846 0.0014072195906010686 0.00014512041853894782 8.1860555995114375e-06
leaf_weight=758.93264093654579 276.61241985115339 90.006790866202209 58.791966600256274 506.15203310234938 261.55990081495838 401.20298855006695
leaf_count=10381 3323 951 703 7481 3654 2242
internal_value=-2.11912e-05 0.000648849 -0.000810794 0.000425463 -0.000987978 0.000795445
internal_weight=2353.26 1273.97 1079.28 1183.97 1020.49 907.355
internal_count=28735 13997 14738 13046 14035 9723
is_linear=0
shrinkage=0.03


Tree=48
num_leaves=7
num_cat=0
split_feature=0 5 34 20 9 10
split_gain=1.6066 0.82076 0.759485 0.596969 0.577289 0.568184
threshold=0.094259572337096545 0.0050789426072833316 -7.7687110503514596 0.032859687531276445 -0.058484492236833795 1.0000000180025095e-35
decision_type=2 2 10 2 2 2
left_child=1 2 5 -2 -3 -1
right_child=3 4 -4 -5 -6 -7
leaf_value=-0.00060411707474003842 0.00097019391308229787 -0.0016369674078522208 -0.00089183449262241518 0.0033309750932205224 0.0016383986760609192 0.0022928382034003636
leaf_weight=107.79299295728561 446.67184236034518 50.533269612700678 1249.7068320622784 118.77750526834279 260.6560110921564 120.82564612865099
leaf_count=2036 4601 710 15495 1222 2821 1928
internal_value=0.000136035 -0.000305803 -0.000601111 0.00151536 0.00107211 0.000958858
internal_weight=2354.96 1789.51 1478.33 565.449 311.189 228.619
internal_count=28813 22990 19459 5823 3531 3964
is_linear=0
shrinkage=0.03


Tree=49
num_leaves=7
num_cat=0
split_feature=0 8 23 22 11 58
split_gain=1.36412 0.822703 0.757414 0.70965 0.591237 0.514877
threshold=-0.023879407346955758 0.17726423525244533 0.21332493944553413 -0.11813638979907587 0.052482618130473759 0.24038461538461542
decision_type=2 2 2 2 2 2
left_child=3 2 5 -1 -5 -2
right_child=1 -3 -4 4 -6 -7
leaf_value=-0.0031368658111612206 -0.00015383585223185408 0.0029226441019943269 0.0019432639723947665 -0.00097326224084420842 0.0010887677081922746 0.0020214332603622348
leaf_weight=102.50086058108718 1039.6664953456784 114.18616698455298 218.35084371373523 626.88454093021573 146.93148257167195 98.014131366304355
leaf_count=1594 12167 1237 2207 8595 1941 968
internal_value=2.61703e-05 0.000583404 0.000366473 -0.000904748 -0.000572831 4.95495e-05
internal_weight=2346.53 1470.22 1356.03 876.317 773.816 1137.68
internal_count=28709 16579 15342 12130 10536 13135
is_linear=0
shrinkage=0.03


Tree=50
num_leaves=7
num_cat=0
split_feature=0 52 4 3 23 20
split_gain=1.43891 0.93539 0.772962 0.700783 0.506424 0.502038
threshold=0.11925358817429456 1.0000000180025095e-35 -0.05798122240552963 -0.23456502483884908 0.12850560955347759 -0.1395757599779732
decision_type=2 2 2 2 2 2
left_child=1 5 3 -3 -5 -1
right_child=-2 2 -4 4 -6 -7
leaf_value=-0.0017779543703095768 0.0014384653048600305 -0.0026838422338592827 0.00046913098798063253 -0.0010244671280908123 0.00066621660220539316 0.0017904424219081364
leaf_weight=33.590324153017718 486.48142855238984 184.83605941367568 409.84321082210226 824.223432955303 189.76862483983859 222.63185019965749
leaf_count=557 5037 3144 4934 10027 1998 3044
internal_value=2.40984e-06 -0.000377878 -0.000647131 -0.00102947 -0.00070464 0.00127342
internal_weight=2351.37 1864.89 1608.67 1198.83 1013.99 256.222
internal_count=28741 23704 20103 15169 12025 3601
is_linear=0
shrinkage=0.03


Tree=51
num_leaves=7
num_cat=0
split_feature=52 0 58 8 20 8
split_gain=1.18111 1.06385 0.753222 0.674958 0.526147 0.47931
threshold=1.0000000180025095e-35 -0.038119576109498503 0.27922077922077926 0.17726423525244533 0.18069743715375228 -0.087847318348591372
decision_type=2 2 2 2 2 2
left_child=-1 4 3 5 -2 -3
right_child=1 2 -4 -5 -6 -7
leaf_value=0.0017299656806148177 -0.0013431497314860944 -0.0018552778623432329 0.0026875679213909042 0.0024565065184265836 0.0016141312376066338 0.0001124403536607726
leaf_weight=329.2077979388996 656.30728994988021 115.33061277374509 101.20574045190006 90.803246805531671 50.590563185862266 995.59877786293509
leaf_count=4415 8993 1871 986 997 759 10705
internal_value=9.22554e-05 -0.000183236 0.000325258 0.000105775 -0.00111194 -0.000106566
internal_weight=2339.04 2009.84 1302.94 1201.73 706.898 1110.93
internal_count=28726 24311 14559 13573 9752 12576
is_linear=0
shrinkage=0.03


Tree=52
num_leaves=7
num_cat=0
split_feature=1 52 22 14 8 2
split_gain=1.44979 0.983352 0.795217 0.62379 0.668649 0.528147
threshold=-0.0092709861112277078 1.0000000180025095e-35 0.064171604991050249 0.44386916918067715 0.17726423525244533 -0.21208124757857344
decision_type=2 2 2 2 2 2
left_child=2 -2 -1 4 5 -3
right_child=1 3 -4 -5 -6 -7
leaf_value=-0.001230057602001613 0.0026388613590487653 -0.0016253830793145736 0.00089712580173765437 -0.0026898150109507836 0.0027762438065516851 0.00051357157166384429
leaf_weight=780.10397779400228 191.19721469923388 106.85418466175906 189.99665633781115 47.494323663413525 96.99362413075869 941.02239576881402
leaf_count=10745 2311 1637 2741 196 1044 10161
internal_value=7.58809e-05 0.000697356 -0.000808541 0.000366675 0.000515665 0.000282155
internal_weight=2353.66 1383.56 970.101 1192.36 1144.87 1047.88
internal_count=28835 15349 13486 13038 12842 11798
is_linear=0
shrinkage=0.03


Tree=53
num_leaves=7
num_cat=0
split_feature=2 0 11 52 58 37
split_gain=1.3778 1.02669 0.677205 0.575961 0.479967 0.423618
threshold=-0.12833702033092523 0.32832133819129972 0.070656075123294235 2.8062982233521478 0.087121212121212141 -6.0183690759720214
decision_type=2 2 2 2 2 10
left_child=3 2 5 -1 -5 -2
right_child=1 -3 -4 4 -6 -7
leaf_value=0.00072821985021645562 0.0016705471764899775 0.0038099549600766258 0.0019211970186414603 -0.0015492566606466031 0.00020356144912849652 -0.00013453594935333132
leaf_weight=165.28419646425755 123.27345580479596 74.856713187589776 207.97832842811476 647.84633104503155 176.08161855943035 950.36336398380809
leaf_count=2426 1799 787 2259 8894 2254 10311
internal_value=-7.69737e-06 0.00061144 0.00039657 -0.000854321 -0.00117671 8.62246e-05
internal_weight=2345.68 1356.47 1281.62 989.212 823.928 1073.64
internal_count=28730 15156 14369 13574 11148 12110
is_linear=0
shrinkage=0.03


Tree=54
num_leaves=7
num_cat=0
split_feature=8 0 9 56 52 11
split_gain=1.1641 0.842002 0.63827 0.514823 0.407224 0.410943
threshold=0.12950000445947207 0.15096230123648521 -0.0038457117057651142 -8.8603665794718456 3.2580117037813596 -0.0033956204166758759
decision_type=2 2 2 2 2 2
left_child=1 2 3 -1 -4 -6
right_child=-2 -3 4 -5 5 -7
leaf_value=-0.00034811914203222705 0.0017046368931523559 0.0011118626241026076 0.0010015707077269485 -0.0019599837098987645 -0.001273880505867907 0.00015105987679573749
leaf_weight=342.23841328799608 301.52589338403777 326.75755188748008 244.70396533884923 374.61710902888444 280.33974457147997 483.95086468261434
leaf_count=5242 3363 3433 2758 5331 3156 5670
internal_value=-4.71018e-06 -0.000262859 -0.000528042 -0.00120583 -3.93898e-05 -0.000381306
internal_weight=2354.13 2052.61 1725.85 716.856 1008.99 764.291
internal_count=28953 25590 22157 10573 11584 8826
is_linear=0
shrinkage=0.03


Tree=55
num_leaves=7
num_cat=0
split_feature=52 0 0 23 20 22
split_gain=1.44548 1.04498 0.677046 0.589279 0.535184 0.476637
threshold=1.0000000180025095e-35 -0.035674532979426569 0.41255448396299527 0.31897663016557859 0.17664197508136173 -0.0011693788579646769
decision_type=2 2 2 2 2 2
left_child=-1 4 3 5 -2 -3
right_child=1 2 -4 -5 -6 -7
leaf_value=0.0018895224152222887 -0.0013878068428864593 -0.00096638790667165006 0.0035066109365759048 0.0017789036875167405 0.0015498324755514664 0.00032651768255640768
leaf_weight=326.29188422937295 658.50425322592491 383.81276055431226 45.663825866009574 158.38865387905389 52.708339064614847 727.41962658189004
leaf_count=4335 9008 4603 514 1593 802 7954
internal_value=6.76349e-05 -0.00023355 0.000267824 0.000124843 -0.00115163 -0.00012468
internal_weight=2352.79 2026.5 1315.28 1269.62 711.213 1111.23
internal_count=28809 24474 14664 14150 9810 12557
is_linear=0
shrinkage=0.03


Tree=56
num_leaves=7
num_cat=0
split_feature=2 34 23 20 58 9
split_gain=1.35945 0.666247 0.711197 0.60746 0.509015 0.492157
threshold=-0.11852863379902569 -8.5843832095464059 0.087843987250870295 0.028316146606932078 0.44949494949494956 0.14160100430976011
decision_type=2 10 2 2 2 2
left_child=3 -2 4 -1 5 -3
right_child=1 2 -4 -5 -6 -7
leaf_value=-0.0011460171218336289 0.002525072779068771 -0.0004505087367912714 0.00166603539352495 0.00047049541476032496 0.0030016765255557057 0.0019105175826871848
leaf_weight=802.65408028638922 149.55607109834091 710.92353533487767 302.56245853402652 275.46120554400841 37.571880571369547 79.384883007907774
leaf_count=10745 2214 7923 3013 3767 371 803
internal_value=4.87341e-05 0.000707299 0.000446778 -0.000732466 -1.33856e-05 -0.00019244
internal_weight=2358.11 1280 1130.44 1078.12 827.88 790.308
internal_count=28836 14324 12110 14512 9097 8726
is_linear=0
shrinkage=0.03


Tree=57
num_leaves=7
num_cat=0
split_feature=23 2 6 11 14 52
split_gain=1.17163 1.0548 0.914916 0.720078 0.806246 0.613033
threshold=0.55253207259047932 -0.10038662325406468 0.35198769156323456 0.071904317968064638 0.39133863901442489 1.0000000180025095e-35
decision_type=2 2 2 2 2 2
left_child=1 5 3 4 -3 -1
right_child=-2 2 -4 -5 -6 -7
leaf_value=0.00084630194825676406 0.0027638172024544105 0.0001717761745334229 0.0037881815492654251 0.0020555127407672078 -0.0034248139501290519 -0.0010512118762529565
leaf_weight=171.87345014757011 118.8699629647017 751.39107748385868 62.118501187767833 159.72474320564652 50.564964957535267 1034.1507018887205
leaf_count=2510 1389 8962 601 1741 209 13445
internal_value=-1.78473e-05 -0.000177813 0.000527602 0.000280171 -9.43831e-05 -0.000776057
internal_weight=2348.69 2229.82 1023.8 961.681 801.956 1206.02
internal_count=28857 27468 11513 10912 9171 15955
is_linear=0
shrinkage=0.03


Tree=58
num_leaves=7
num_cat=0
split_feature=6 7 22 58 22 28
split_gain=0.955025 0.647367 0.641096 0.576192 0.540073 0.504309
threshold=0.25122645780168468 -0.10389570354999092 -0.11261368362156036 0.63333333333333341 0.041335974931905946 2.7239899635314946
decision_type=2 2 2 2 2 8
left_child=1 -1 -3 -4 5 -2
right_child=4 2 3 -5 -6 -7
leaf_value=-0.0019766978620673532 0.00011703010945426585 -0.0013864191092366693 6.1684064935476566e-05 0.0038286174334264435 0.0039360908356612006 0.0034567706200371489
leaf_weight=167.92273100710008 191.12259668277693 278.29848568802117 1583.5909480730916 27.419574533007108 57.82007318129763 41.96285619516857
leaf_count=3375 2014 3751 18428 267 585 373
internal_value=-1.68483e-05 -0.000246628 -8.32609e-05 0.000149021 0.00156231 0.00083576
internal_weight=2348.14 2057.23 1889.31 1611.01 290.906 233.085
internal_count=28793 25821 22446 18695 2972 2387
is_linear=0
shrinkage=0.03


Tree=59
num_leaves=7
num_cat=0
split_feature=52 3 8 9 23 30
split_gain=1.14927 1.04294 0.825113 0.48951 0.450116 0.404229
threshold=1.0000000180025095e-35 -0.24694210426726967 0.05114645906671491 0.10546807838015412 -0.33973639122211136 2.6943989992141728
decision_type=2 2 2 2 2 10
left_child=-1 -2 4 -4 -3 -5
right_child=1 2 3 5 -6 -7
leaf_value=0.0016220223393237755 -0.0019060486795991823 -0.0017115310197390236 0.00048251822053115836 0.0034219106640381307 -0.00016576801062249206 -0.00081825860280051901
leaf_weight=332.55191017460311 284.88149226782843 196.5337220870133 472.95754092925927 91.458221438515466 962.27875838938053 21.062636782415211
leaf_count=4381 4492 2832 5025 975 11056 161
internal_value=1.42117e-05 -0.000255947 2.28799e-05 0.000931687 -0.000440329 0.0026262
internal_weight=2361.72 2029.17 1744.29 585.478 1158.81 112.521
internal_count=28922 24541 20049 6161 13888 1136
is_linear=0
shrinkage=0.03


Tree=60
num_leaves=7
num_cat=0
split_feature=52 58 0 23 37 4
split_gain=1.04825 0.931994 0.780817 0.501563 0.519404 0.634565
threshold=1.0000000180025095e-35 0.13392857142857145 -0.031088309927894516 0.21777209783573945 -2.6546728708670426 -0.18873735279557943
decision_type=2 2 2 2 10 2
left_child=-1 2 -2 4 5 -4
right_child=1 -3 3 -5 -6 -7
leaf_value=0.0015184166163100732 -0.0014891729073964011 0.0010564665390125356 -0.0025391146092465372 0.0013746768961441396 -0.00081150770575819727 0.0013929136033944925
leaf_weight=329.29304631598643 559.35861564535298 371.72791801519634 34.76956037763739 161.6198917797883 686.28558977204375 213.71193700883305
leaf_count=4387 7753 4258 606 1621 7167 3060
internal_value=-2.55984e-05 -0.000282592 -0.000587759 -0.000118569 -0.000388566 0.000765766
internal_weight=2356.77 2027.47 1655.75 1096.39 934.767 248.481
internal_count=28852 24465 20207 12454 10833 3666
is_linear=0
shrinkage=0.03


Tree=61
num_leaves=7
num_cat=0
split_feature=11 58 3 23 36 15
split_gain=0.960106 0.92497 0.843436 0.560358 0.502885 0.456395
threshold=0.070656075123294235 0.41428571428571431 -0.055545665417160044 -0.24286452973611358 -2.275093632632935 1.5000000000000002
decision_type=2 2 2 2 10 2
left_child=1 2 3 -1 -4 -5
right_child=-2 -3 4 5 -6 -7
leaf_value=-0.0018469152182841759 0.0014479522128180407 0.0023957411372052878 0.0031115038961290102 -0.0002587534256240768 0.00026928146185907893 -0.0019911614751711932
leaf_weight=339.81623791946913 304.05917858731118 96.353175361640751 58.41611746174749 1087.7727985929814 322.75763993078726 147.34906584076816
leaf_count=4948 3523 1043 706 13372 3404 1940
internal_value=-9.77894e-05 -0.000332691 -0.000478588 -0.000784536 0.000773269 -0.00047976
internal_weight=2356.52 2052.47 1956.11 1574.94 381.174 1235.12
internal_count=28936 25413 24370 20260 4110 15312
is_linear=0
shrinkage=0.03


Tree=62
num_leaves=7
num_cat=0
split_feature=2 6 11 52 3 1
split_gain=1.05971 0.890864 0.620362 0.557968 0.547739 0.46959
threshold=-0.12833702033092523 0.37238600656307058 0.071904317968064638 1.0000000180025095e-35 -0.055545665417160044 0.023239526087889911
decision_type=2 2 2 2 2 2
left_child=3 2 4 -1 -2 -5
right_child=1 -3 -4 5 -6 -7
leaf_value=0.00091841818342996268 -0.00032117555966508867 0.0034822546927167548 0.0018162624416606932 -0.001378793521432879 0.0012883196395103494 0.00038715749034611913
leaf_weight=146.12709821050521 841.91128609988664 76.448578885931056 201.49674458178924 691.57947541345493 235.04433562990744 163.2736447059433
leaf_count=2217 9731 757 2184 9849 2477 1631
internal_value=-1.25142e-05 0.000532824 0.000330797 -0.000748639 3.87158e-05 -0.00104093
internal_weight=2355.88 1354.9 1278.45 1000.98 1076.96 854.853
internal_count=28846 15149 14392 13697 12208 11480
is_linear=0
shrinkage=0.03


Tree=63
num_leaves=7
num_cat=0
split_feature=52 3 8 23 20 22
split_gain=1.05327 0.89733 0.710098 0.499467 0.478022 0.472306
threshold=1.0000000180025095e-35 -0.28329162545480624 0.14017948252313131 0.2415756970587786 -0.16890810884981441 -0.029447250563699953
decision_type=2 2 2 2 2 2
left_child=4 -2 3 -3 -1 -4
right_child=1 2 5 -5 -6 -7
leaf_value=-0.0016966032588016436 -0.0021312646606902164 -0.00048246668067198815 -0.00078034120919338065 0.00098014885989180177 0.0018813733435501644 0.0024453231208088708
leaf_weight=29.836713500902988 199.16700279017095 1388.074969672205 50.15634536644211 237.74759640666889 305.13920840929495 143.75063302973285
leaf_count=521 3128 16658 572 2556 3910 1479
internal_value=-9.79342e-06 -0.000270323 -5.61108e-05 -0.000263901 0.00152274 0.00161362
internal_weight=2353.87 2018.9 1819.73 1625.82 334.976 193.907
internal_count=28824 24393 21265 19214 4431 2051
is_linear=0
shrinkage=0.03


Tree=64
num_leaves=7
num_cat=0
split_feature=9 0 22 5 20 5
split_gain=0.940371 0.606513 0.547469 0.487814 0.483679 0.444288
threshold=0.00081404598232497083 0.33788149186152089 -0.14279771088758905 0.0065608574790991482 0.10907277155158472 0.0017922838758401079
decision_type=2 2 2 2 2 2
left_child=2 4 -1 -4 5 -2
right_child=1 -3 3 -5 -6 -7
leaf_value=-0.0021148522500750596 -0.00033050849524107029 0.0031315992645829897 -0.00074930962429917874 0.0010723517010301326 0.0014689665267438215 0.001163076642448731
leaf_weight=202.58205777243711 795.88335931289475 61.876592237793375 674.7812858109246 154.71762443007901 242.42746772995451 220.51679109042743
leaf_count=3016 8744 598 9548 1847 2994 2104
internal_value=-7.97381e-05 0.000449126 -0.000754315 -0.000400808 0.000293629 1.7122e-06
internal_weight=2352.79 1320.7 1032.08 829.499 1258.83 1016.4
internal_count=28851 14440 14411 11395 13842 10848
is_linear=0
shrinkage=0.03


Tree=65
num_leaves=7
num_cat=0
split_feature=52 1 9 37 4 20
split_gain=0.986457 0.69233 0.56843 0.504461 0.492021 0.467054
threshold=1.0000000180025095e-35 0.020855180154821081 0.1168118810463738 -2.6546728708670426 -0.10422762352755359 -0.14512218533526647
decision_type=2 2 2 10 2 2
left_child=-1 3 -3 4 -2 -5
right_child=1 2 -4 5 -6 -7
leaf_value=0.0014949931069985765 -0.0005334088442284213 0.0002760292926849382 0.0031234338435175996 -0.0024748471021348818 0.0017439574029947536 -0.00064406524260487768
leaf_weight=328.06954803969711 193.55876756465295 468.39080997931887 63.401632787892595 135.53240887366701 138.13759152918647 1030.9384721069655
leaf_count=4402 3378 4552 562 1748 2257 12014
internal_value=-5.95875e-06 -0.000254673 0.000666888 -0.000584045 0.0004383 -0.000876012
internal_weight=2358.03 2029.96 531.792 1498.17 331.696 1166.47
internal_count=28913 24511 5114 19397 5635 13762
is_linear=0
shrinkage=0.03


Tree=66
num_leaves=7
num_cat=0
split_feature=0 11 58 15 6 14
split_gain=0.795509 0.722281 0.728455 0.54999 0.660328 0.685772
threshold=0.43069274871615087 0.12618098485634871 0.41428571428571431 1.5000000000000002 -0.073617134472839366 0.44386916918067715
decision_type=2 2 2 2 2 2
left_child=1 2 3 4 -1 -6
right_child=-2 -3 -4 -5 5 -7
leaf_value=-0.001095078754034961 0.0034766416131694262 0.0025862690626432252 0.0021531577195064585 -0.0015595874240288041 0.00035191076402666272 -0.002775972171405231
leaf_weight=452.5125309258292 48.533217389835045 79.00969297834672 105.4517858956242 260.0262278393493 1361.3102072557958 56.175190880894661
leaf_count=6999 531 862 1128 3354 15829 232
internal_value=2.25658e-05 -6.45089e-05 -0.000169297 -0.0002938 -0.000110431 0.000209374
internal_weight=2363.02 2314.49 2235.48 2130.02 1870 1417.49
internal_count=28935 28404 27542 26414 23060 16061
is_linear=0
shrinkage=0.03


Tree=67
num_leaves=7
num_cat=0
split_feature=8 23 58 9 28 52
split_gain=0.879735 0.826637 0.690202 0.666682 0.865043 0.619028
threshold=0.17726423525244533 0.2415756970587786 0.58571428571428574 0.022339177621610421 -4.8235991001129142 4.8559643502283816
decision_type=2 2 2 2 10 2
left_child=1 2 3 5 -5 -1
right_child=-2 -3 -4 4 -6 -7
leaf_value=-0.00051370557390508268 0.0020850542426521269 0.0011993413441798379 0.0033801921378708404 0.0024569779985586381 -0.00026791027848690254 -0.0021130579131160977
leaf_weight=714.3976781192614 155.96056382454117 323.26300025961245 32.198416129249381 112.65306877333205 713.56486449606018 309.63423465768574
leaf_count=10116 1711 3513 348 1473 7607 4182
internal_value=-2.17803e-05 -0.000179488 -0.000421353 -0.000505323 0.000128561 -0.00101306
internal_weight=2361.67 2205.71 1882.45 1850.25 826.218 1024.03
internal_count=28950 27239 23726 23378 9080 14298
is_linear=0
shrinkage=0.03


Tree=68
num_leaves=7
num_cat=0
split_feature=0 2 3 25 35 14
split_gain=0.848254 0.758517 0.501868 0.475082 0.474404 0.403144
threshold=0.15096230123648521 0.044555108619387211 -0.28329162545480624 0.21080443407156571 0.61855176064101136 0.37388807372486693
decision_type=2 2 2 2 10 2
left_child=1 2 -1 -4 -3 -2
right_child=5 4 3 -5 -6 -7
leaf_value=-0.0018582983100880401 0.0015037570561110009 0.0033155552884527682 -9.9310050051555836e-06 -0.001336823381512719 -0.00035491165663735529 -0.0016283177982613435
leaf_weight=186.62142145133112 376.15322691280744 72.953652016993146 1337.8801482099661 286.75095218181377 48.413367964385543 32.724673748016357
leaf_count=3186 4089 842 16100 3843 527 134
internal_value=-4.27538e-06 -0.000268279 -0.00042579 -0.000250876 0.00193584 0.00122019
internal_weight=2341.5 1932.62 1811.25 1624.63 121.367 408.878
internal_count=28721 24498 23129 19943 1369 4223
is_linear=0
shrinkage=0.03


Tree=69
num_leaves=7
num_cat=0
split_feature=52 0 58 28 4 16
split_gain=0.927889 0.811865 0.569585 0.542245 0.511264 0.455052
threshold=1.0000000180025095e-35 -0.021588155604410849 0.080128205128205135 -3.0052061080932613 -0.20179477352194145 1.0000000180025095e-35
decision_type=2 2 2 10 2 2
left_child=5 -2 3 4 -3 -1
right_child=1 2 -4 -5 -6 -7
leaf_value=0.0019487688187894365 -0.001010316553469507 -0.0022846450598721551 0.0015888146999315687 -0.00040740605372489635 0.0017689669865577574 -0.00089334454104737977
leaf_weight=277.97633141066763 734.01060472006793 23.703439929930028 219.84564472001512 836.66276439727517 193.05590838968055 55.377146441664081
leaf_count=3627 10130 415 2205 8890 2632 782
internal_value=2.27829e-05 -0.000222696 0.000235684 -5.89951e-05 0.00124449 0.00146437
internal_weight=2340.63 2007.28 1273.27 1053.42 216.759 333.353
internal_count=28681 24272 14142 11937 3047 4409
is_linear=0
shrinkage=0.03


Tree=70
num_leaves=7
num_cat=0
split_feature=6 2 0 7 58 9
split_gain=0.900321 0.623337 0.542734 0.494951 0.435387 0.388018
threshold=0.018745564527000297 -0.13338099661167693 0.43069274871615087 -0.10389570354999092 0.10555555555555557 0.1636741133568588
decision_type=2 2 2 2 2 2
left_child=3 -2 5 -1 -5 -3
right_child=1 2 -4 4 -6 -7
leaf_value=-0.0021812664641994678 -0.00029543530438661626 0.00068146569134024126 0.0043731355653239476 -0.00067719234543703972 0.00089544263637327893 0.0034212419578712717
leaf_weight=145.93959688558243 474.43377050978597 713.77624885051046 33.088701558473986 744.09833329066169 191.36589769029524 40.863698721281253
leaf_count=3040 5809 7328 354 9523 2296 448
internal_value=1.7869e-05 0.000560117 0.00107264 -0.00061435 -0.000349414 0.000872627
internal_weight=2343.57 1262.16 787.729 1081.4 935.464 754.64
internal_count=28798 13939 8130 14859 11819 7776
is_linear=0
shrinkage=0.03


Tree=71
num_leaves=7
num_cat=0
split_feature=3 11 23 2 14 13
split_gain=0.764007 0.772015 0.52059 0.470925 0.429355 0.446098
threshold=-0.24694210426726967 0.038793579063723986 -0.19269056003274751 -0.13895848677029651 0.2440408034823344 2.249904835165133
decision_type=2 2 2 2 2 2
left_child=-1 2 -2 -3 -4 -6
right_child=1 3 4 -5 5 -7
leaf_value=-0.0013107513006668738 -0.0011818747161905763 -0.00029379996281225746 0.00049271772522557604 0.001682445469878324 -0.0017030787204971682 0.00069939564218142079
leaf_weight=332.84755094605498 323.90142370102694 143.29893339480623 868.53953610236931 405.25644061568892 179.67047718912363 102.78287661075592
leaf_count=5361 4247 1944 11691 4281 819 479
internal_value=-7.10953e-07 0.00022017 -0.000138664 0.00117017 0.000162557 -0.000834813
internal_weight=2356.3 2023.45 1474.89 548.555 1150.99 282.453
internal_count=28822 23461 17236 6225 12989 1298
is_linear=0
shrinkage=0.03


Tree=72
num_leaves=7
num_cat=0
split_feature=52 58 34 22 14 10
split_gain=0.827176 0.611769 0.504753 0.501639 0.40172 0.416487
threshold=1.0000000180025095e-35 0.13392857142857145 -8.086662292480467 -0.10849811214072978 0.2440408034823344 0.015381426398492855
decision_type=2 2 10 2 2 2
left_child=3 2 4 -1 5 -2
right_child=1 -3 -4 -5 -6 -7
leaf_value=-0.0013359013720543687 7.8293679117082533e-05 0.00082576174222248459 -0.00072131513883181674 0.0018093306555877241 -0.0017727026765812855 0.0027190846968825045
leaf_weight=46.461429322633194 121.8569051111117 376.47654200272518 1399.628902766417 285.7513811334502 39.029925599694252 87.042744500737172
leaf_count=731 2172 4281 16273 3668 183 1505
internal_value=-2.14215e-05 -0.000250917 -0.000500442 0.00134327 0.000726072 0.00125259
internal_weight=2356.25 2024.04 1647.56 332.213 247.93 208.9
internal_count=28813 24414 20133 4399 3860 3677
is_linear=0
shrinkage=0.03


Tree=73
num_leaves=7
num_cat=0
split_feature=23 22 52 62 59 6
split_gain=0.850026 0.72162 0.702931 0.455002 0.440563 0.406874
threshold=0.55253207259047932 -0.13970516275606176 1.0000000180025095e-35 0.11968734516009957 -0.41025668675248023 -0.0098514207727627024
decision_type=2 2 2 2 2 2
left_child=1 -1 -3 4 -4 -6
right_child=-2 2 3 -5 5 -7
leaf_value=-0.0015849975503252982 0.0023763090859740895 0.0014686784269060623 0.00087049117028298166 0.00072425043688691658 -0.0014308252502489415 -0.0002204054136033614
leaf_weight=249.95876772803604 122.24812453097547 277.27835096517811 195.33142731152475 410.10428115239483 376.89750125393039 719.03260427946225
leaf_count=3596 1399 3592 2314 4822 5183 7944
internal_value=3.93428e-05 -9.88921e-05 9.58713e-05 -0.000135135 -0.000411544 -0.00064585
internal_weight=2350.85 2228.6 1978.64 1701.37 1291.26 1095.93
internal_count=28850 27451 23855 20263 15441 13127
is_linear=0
shrinkage=0.03


Tree=74
num_leaves=7
num_cat=0
split_feature=3 23 6 31 14 8
split_gain=0.836585 0.676431 0.648703 0.569363 0.645416 0.558936
threshold=-0.25107257301997482 0.83259470567705984 -0.0098514207727627024 7.3181138038635263 0.32187321393945606 -1.0000000180025095e-35
decision_type=2 2 2 8 2 2
left_child=-1 2 -2 -4 5 -5
right_child=1 -3 3 4 -6 -7
leaf_value=-0.0013941987766353417 -0.00055872958832039652 0.0038855411966107617 0.0001586582210043862 0.00034015670627426112 -0.0022513949375693736 0.0028482977599993144
leaf_weight=314.41206395014888 712.03488030168228 34.960139906208497 919.60623727212078 130.86511711249477 28.57507012784481 208.5370108706411
leaf_count=5126 9559 395 8677 2057 121 2851
internal_value=2.1193e-05 0.000245669 0.000163013 0.000563368 0.00154382 0.00191863
internal_weight=2348.99 2034.58 1999.62 1287.58 367.977 339.402
internal_count=28786 23660 23265 13706 5029 4908
is_linear=0
shrinkage=0.03


Tree=75
num_leaves=7
num_cat=0
split_feature=23 16 6 2 28 22
split_gain=0.709238 0.665977 0.639533 0.543191 0.574104 0.476808
threshold=0.70463431134796928 1.0000000180025095e-35 0.018745564527000297 -0.15584642821245329 -4.6447324752807608 0.068877065327529588
decision_type=2 2 2 2 10 2
left_child=1 2 -1 -4 -5 -6
right_child=-2 -3 3 4 5 -7
leaf_value=-0.00042904113214357734 0.0027988344312796639 -0.0014240405118229437 -0.00045649636075346288 0.0030605849254557701 0.00034231234146172993 0.002421416433083069
leaf_weight=940.49334765928506 71.555503009120002 268.34457203521742 292.89080520538846 100.32245880196569 577.32287327936501 111.12504796136636
leaf_count=12775 811 3499 3846 1219 5596 1121
internal_value=4.9666e-05 -4.80113e-05 0.0001407 0.000635476 0.00104159 0.000707772
internal_weight=2362.05 2290.5 2022.15 1081.66 788.77 688.448
internal_count=28867 28056 24557 11782 7936 6717
is_linear=0
shrinkage=0.03


Tree=76
num_leaves=7
num_cat=0
split_feature=9 30 8 22 52 25
split_gain=0.818095 0.626914 0.60934 0.530678 0.454168 0.370101
threshold=0.10546807838015412 3.1716775894165044 0.17726423525244533 -0.11813638979907587 2.8062982233521478 -0.72194466649405509
decision_type=2 8 2 2 2 2
left_child=1 3 -3 -1 -5 -6
right_child=-2 2 -4 4 5 -7
leaf_value=-0.0017201694390044265 0.0013948509471787701 0.00042865166328658717 0.004294699739272094 0.0010076695366439913 0.0019703318186821473 -0.00060217369778992839
leaf_weight=247.77827462780988 337.81441927381093 447.36245568154845 30.33676174498396 213.43973206329974 43.30135230277665 1019.5200690208585
leaf_count=3620 3652 4933 307 2857 680 12672
internal_value=5.15993e-05 -0.000180895 0.000757195 -0.000477952 -0.000225285 -0.000479976
internal_weight=2339.55 2001.74 477.699 1524.04 1276.26 1062.82
internal_count=28721 25069 5240 19829 16209 13352
is_linear=0
shrinkage=0.03


Tree=77
num_leaves=7
num_cat=0
split_feature=0 23 28 10 22 22
split_gain=0.686818 0.599336 0.58063 0.517878 0.482204 0.482134
threshold=0.18321154269983372 0.55253207259047932 -4.6447324752807608 -0.032588678769589409 0.11535954754293369 0.028653322659225679
decision_type=2 2 10 2 2 2
left_child=1 2 3 -1 -4 -2
right_child=5 -3 4 -5 -6 -7
leaf_value=-0.0009919855185826121 0.00063591489839275376 0.0020889570725796318 -0.00067242626322563893 0.0018409212727537379 0.0008591991890656562 0.0033131178589541725
leaf_weight=75.220263004070148 262.48978940246161 91.472301457601134 1469.6399430504534 185.15874378204171 202.72475614014547 71.598405120836105
leaf_count=1321 2720 1040 17757 2748 2559 729
internal_value=4.98904e-05 -0.000159998 -0.00027664 0.00101611 -0.000482758 0.00128928
internal_weight=2358.3 2024.22 1932.74 260.379 1672.36 334.088
internal_count=28874 25425 24385 4069 20316 3449
is_linear=0
shrinkage=0.03


Tree=78
num_leaves=7
num_cat=0
split_feature=22 8 23 58 14 31
split_gain=0.724911 0.69462 0.510809 0.404997 0.495197 0.415039
threshold=-0.044916513761054398 0.15400769946531742 0.21332493944553413 0.44949494949494956 0.39133863901442489 5.2933275699615487
decision_type=2 2 2 2 2 8
left_child=-1 2 3 4 5 -2
right_child=1 -3 -4 -5 -6 -7
leaf_value=-0.00092692461016255284 -0.00056148536886829791 0.0021180484127303854 0.0012896910612411985 0.0021144004644752172 -0.0024834623411164663 0.00055495890040040455
leaf_weight=578.53668063407531 719.98802110436372 158.91097479869495 258.79870432568714 58.158292723586783 74.227737531065941 498.63270781250321
leaf_count=7634 7804 1663 2810 645 305 7916
internal_value=-1.4326e-05 0.000287713 9.50716e-05 -0.000141564 -0.000258498 -0.000103862
internal_weight=2347.25 1768.72 1609.81 1351.01 1292.85 1218.62
internal_count=28777 21143 19480 16670 16025 15720
is_linear=0
shrinkage=0.03


Tree=79
num_leaves=7
num_cat=0
split_feature=52 3 58 1 11 62
split_gain=0.716947 0.637181 0.516663 0.526447 0.396477 0.373566
threshold=1.0000000180025095e-35 -0.24694210426726967 0.29285714285714287 0.18656422325849178 0.12618098485634871 -0.73413824809011063
decision_type=2 2 2 2 2 2
left_child=-1 -2 3 4 5 -3
right_child=1 2 -4 -5 -6 -7
leaf_value=0.0011920556132523506 -0.0015952694899891307 0.0018736406190358935 0.0015297330861130485 0.0038327364716643497 0.0021574542139570327 -0.00049590674422156562
leaf_weight=331.32642876266618 280.28591102347127 52.726898101333063 153.60481562608038 18.106204641400836 46.657736119581386 1463.231545752511
leaf_count=4375 4399 603 1637 179 487 17131
internal_value=-8.02356e-05 -0.000294333 -7.61474e-05 -0.000240832 -0.000312105 -0.000401753
internal_weight=2345.94 2014.61 1734.33 1580.72 1562.62 1515.96
internal_count=28811 24436 20037 18400 18221 17734
is_linear=0
shrinkage=0.03


Tree=80
num_leaves=7
num_cat=0
split_feature=20 2 11 34 62 31
split_gain=0.900186 0.575841 0.57132 0.492652 0.495441 0.410292
threshold=0.028316146606932078 -0.11852863379902569 -0.0033956204166758759 -7.7687110503514596 0.10487572413666993 1.2658605277538302
decision_type=2 2 2 10 2 8
left_child=1 -1 -2 -3 -5 -4
right_child=2 3 5 4 -6 -7
leaf_value=-0.00090471188470701402 -0.00020427526240458286 0.0018117762947202115 1.9931946033382016e-05 -0.00052561373442841215 0.0011105598671449599 0.0023121382318954534
leaf_weight=798.24124107518583 209.32455063564703 132.01203077289392 93.760562351439148 625.18200212324155 215.82755225105211 272.73379354484496
leaf_count=10806 2570 1901 819 6698 2243 3734
internal_value=2.29048e-05 -0.000312698 0.00104296 0.000177238 -9.7608e-05 0.00174183
internal_weight=2347.08 1771.26 575.819 973.022 841.01 366.494
internal_count=28771 21648 7123 10842 8941 4553
is_linear=0
shrinkage=0.03


Tree=81
num_leaves=7
num_cat=0
split_feature=16 6 8 62 3 43
split_gain=0.945546 0.747958 0.564756 0.685825 0.606356 0.431148
threshold=1.0000000180025095e-35 -0.073617134472839366 0.13196506990209311 0.033657797352752143 -0.22239171875177358 1.5000000000000002
decision_type=2 2 2 2 2 2
left_child=1 5 4 -4 -3 -1
right_child=-2 2 3 -5 -6 -7
leaf_value=-0.0010017035439563757 -0.0016198860252520173 -0.0010929263882387553 0.00047313600960640148 0.0037510974873989664 0.00057667768328865661 0.0026924671810821489
leaf_weight=473.06129108837922 278.69287495862227 227.29189871874405 140.43087005690904 91.366535846522311 1118.5192223030608 20.726986394263804
leaf_count=7358 3594 3284 1514 953 11897 185
internal_value=-1.09924e-05 0.000212216 0.000530899 0.00186689 0.00028872 -0.000796273
internal_weight=2350.09 2071.4 1577.61 231.797 1345.81 493.788
internal_count=28785 25191 17648 2467 15181 7543
is_linear=0
shrinkage=0.03


Tree=82
num_leaves=7
num_cat=0
split_feature=58 15 52 6 12 9
split_gain=0.830682 0.688988 0.714099 0.587865 0.497852 0.473943
threshold=0.41428571428571431 1.5000000000000002 1.0000000180025095e-35 -0.084141686316100708 1.352765391480605 0.01981856917898767
decision_type=2 2 2 2 2 2
left_child=1 2 -1 -4 5 -5
right_child=-2 -3 3 4 -6 -7
leaf_value=0.0015104894764259172 0.0024070297477415486 -0.0015367214666280114 -0.0011734022964848593 -0.0001053971516396478 -0.00084070021992974477 0.0011961435134507827
leaf_weight=260.328635275946 113.82935325836297 260.57858700994984 379.62942001718329 554.36664921796182 332.12861856073141 449.11115909082582
leaf_count=3474 1210 3415 5813 7930 1669 5395
internal_value=1.50197e-05 -0.000116918 7.71514e-05 -0.000147887 0.000150157 0.000483168
internal_weight=2349.97 2236.14 1975.56 1715.24 1335.61 1003.48
internal_count=28906 27696 24281 20807 14994 13325
is_linear=0
shrinkage=0.03


Tree=83
num_leaves=7
num_cat=0
split_feature=22 7 52 11 58 62
split_gain=0.706527 0.634141 0.602085 0.414735 0.419928 0.320443
threshold=-0.15406226224146555 -0.10389570354999092 1.0000000180025095e-35 0.12618098485634871 0.080128205128205135 0.49697593367514759
decision_type=2 2 2 2 2 2
left_child=-1 -2 -3 4 -4 -6
right_child=1 2 3 -5 5 -7
leaf_value=-0.0015658311445024898 -0.0016311246182599418 0.0015609974093809867 -0.00024750274567481533 0.0024845786401707444 0.0017788092098810864 -1.9514850160804721e-05
leaf_weight=225.67787059536204 153.75652452855138 285.58763638456003 1296.4157631357375 52.861385299824178 175.27541506418493 171.52080422540894
leaf_count=3262 3115 3461 14872 533 1861 1834
internal_value=-6.68791e-06 0.000164618 0.000311439 9.31202e-05 1.62458e-06 0.000913763
internal_weight=2361.1 2135.42 1981.66 1696.07 1643.21 346.796
internal_count=28938 25676 22561 19100 18567 3695
is_linear=0
shrinkage=0.03


Tree=84
num_leaves=7
num_cat=0
split_feature=11 37 22 58 62 14
split_gain=0.627148 0.57426 0.716151 0.536563 0.515686 0.514971
threshold=0.1184788273143335 -6.0183690759720214 0.037185476091338071 0.58571428571428574 -0.73413824809011063 0.2233187395481486
decision_type=2 10 2 2 2 2
left_child=1 5 3 4 -3 -1
right_child=-2 2 -4 -5 -6 -7
leaf_value=0.0018628801735726215 0.0023023398687993224 0.002130196300685356 0.00081084308181400848 0.0028613347330565036 -0.00071965034627526287 -0.0014258354333117598
leaf_weight=216.24358033455792 98.642429023166187 49.979074899689294 466.38948637980502 31.39015941490652 1443.4963754694618 45.051214411854744
leaf_count=4006 1088 583 5606 322 17053 218
internal_value=7.605e-05 -3.11874e-05 -0.000206637 -0.000521095 -0.000610746 0.0012642
internal_weight=2351.19 2252.55 1991.26 1524.87 1493.48 261.295
internal_count=28876 27788 23564 17958 17636 4224
is_linear=0
shrinkage=0.03


Tree=85
num_leaves=7
num_cat=0
split_feature=22 6 58 30 12 1
split_gain=0.665568 0.649273 0.529732 0.56499 0.428979 0.393395
threshold=-0.13726693924607297 0.37238600656307058 0.58571428571428574 -4.4616732597351065 1.6734102988486899 0.01361358235769535
decision_type=2 2 2 10 2 2
left_child=-1 2 3 -2 -3 -5
right_child=1 4 -4 5 -6 -7
leaf_value=-0.0013851035836102712 0.00076793514020980229 0.0032957384034003855 0.0031880602988718673 -0.00068311707641932271 -0.0010896870996172619 0.00040647956435391436
leaf_weight=271.32684851519298 556.34616734232986 81.173125392349903 37.081525242654607 974.78867985017132 20.426427021622658 419.92612752650166
leaf_count=3820 8448 937 391 11472 91 3759
internal_value=-1.4885e-05 0.00016877 4.35635e-05 -3.21523e-05 0.00239542 -0.000354499
internal_weight=2361.07 2089.74 1988.14 1951.06 101.6 1394.71
internal_count=28918 25098 24070 23679 1028 15231
is_linear=0
shrinkage=0.03


Tree=86
num_leaves=7
num_cat=0
split_feature=23 22 60 8 50 14
split_gain=0.589958 0.484933 0.505324 0.445145 0.442934 0.319131
threshold=0.83259470567705984 -0.043465210398279101 0.21410690909544833 0.0010227017168115047 0.86607142857142871 0.39133863901442489
decision_type=2 2 2 2 2 2
left_child=1 4 3 -3 -1 -5
right_child=-2 2 -4 5 -6 -7
leaf_value=-0.00094098015108445528 0.0032223169113425412 -0.00046077981074467926 0.0023784602697727703 0.00068035071784797055 0.0030133565188695832 -0.0013620122485456735
leaf_weight=558.17219408322126 41.419884069473483 711.62331194040598 82.772943108400796 880.60470889242424 17.104569237679243 65.399139657616615
leaf_count=7444 468 9729 795 9967 147 270
internal_value=4.39798e-05 -2.64812e-05 0.000223592 0.000102373 -0.00077393 0.000526388
internal_weight=2357.1 2315.68 1740.4 1657.63 575.277 946.004
internal_count=28820 28352 20761 19966 7591 10237
is_linear=0
shrinkage=0.03


Tree=87
num_leaves=7
num_cat=0
split_feature=58 8 3 27 20 46
split_gain=0.695118 0.684088 0.619537 0.437065 0.398119 0.392397
threshold=0.41428571428571431 0.17726423525244533 -0.055545665417160044 -1.3453455567359922 -0.22413666634868282 113.50000000000001
decision_type=2 2 2 10 2 8
left_child=1 2 4 -4 -1 -5
right_child=-2 -3 3 5 -6 -7
leaf_value=-0.0021592848401843791 0.00221491880724816 0.0017948647494299473 0.0030340006347471245 0.0015098903208457138 -0.00037843045643992451 -0.00048820892057012643
leaf_weight=112.45759572286624 111.14911687659333 146.88508773618378 55.800507132807979 141.87514911452308 1596.951575976258 203.57885022670962
leaf_count=1740 1185 1626 763 1446 20151 2090
internal_value=8.68215e-07 -0.000117426 -0.000258343 0.000789493 -0.000507465 0.000351786
internal_weight=2368.7 2257.55 2110.66 401.255 1709.41 345.454
internal_count=29001 27816 26190 4299 21891 3536
is_linear=0
shrinkage=0.03


Tree=88
num_leaves=7
num_cat=0
split_feature=6 62 7 28 22 15
split_gain=0.637684 0.529604 0.517699 0.470403 0.494333 0.414898
threshold=0.22499530301026796 -0.73413824809011063 -0.10131899647418259 2.7239899635314946 0.028653322659225679 1.5000000000000002
decision_type=2 2 2 8 2 2
left_child=1 -1 -3 4 -2 -4
right_child=3 2 5 -5 -6 -7
leaf_value=0.0023490136713797665 -0.00015043324677725385 -0.0019088705250662763 -1.0856864403586004e-05 0.0031935161973966897 0.0026094015548966741 -0.0013921000910129245
leaf_weight=58.353535889880732 231.34124204723048 162.48416714445921 1551.3179035185458 67.13578709308058 67.705919880303554 214.0098865769105
leaf_count=731 2430 3346 18435 566 699 2704
internal_value=-3.58487e-05 -0.000249219 -0.000339582 0.00109732 0.000538624 -0.000185203
internal_weight=2352.35 1986.17 1927.81 366.183 299.047 1765.33
internal_count=28911 25216 24485 3695 3129 21139
is_linear=0
shrinkage=0.03


Tree=89
num_leaves=7
num_cat=0
split_feature=3 11 18 33 22 45
split_gain=0.674039 0.616097 0.509009 0.491775 0.394493 0.463294
threshold=-0.055545665417160044 0.12618098485634871 1.0000000180025095e-35 -2.7785031621654821 -0.15406226224146555 0.23611111111111113
decision_type=2 2 2 10 2 10
left_child=1 2 4 -2 -1 -6
right_child=3 -3 -4 -5 5 -7
leaf_value=-0.00144946389719927 0.0031158774591669379 0.0023357892255811375 -0.0020900085667759855 0.00052705240923846697 0.00029275986319584035 -0.00082061878180758477
leaf_weight=202.80076579298475 72.174171556194779 68.103474407515023 135.59482816967648 368.92194974326412 1025.4251655865082 488.30202503272449
leaf_count=3015 857 753 1317 3831 12398 6744
internal_value=-3.38785e-05 -0.000277736 -0.000385864 0.00101033 -0.000239922 -6.94252e-05
internal_weight=2361.32 1920.23 1852.12 441.096 1716.53 1513.73
internal_count=28915 24227 23474 4688 22157 19142
is_linear=0
shrinkage=0.03


Tree=90
num_leaves=7
num_cat=0
split_feature=10 8 46 14 34 55
split_gain=0.660203 0.644409 0.479441 0.478638 0.430004 0.400392
threshold=0.012700373529720808 -0.067621569189325825 34.500000000000007 0.39133863901442489 -7.7687110503514596 1.0000000180025095e-35
decision_type=2 2 8 2 10 2
left_child=3 -2 -3 5 -4 -1
right_child=1 2 4 -5 -6 -7
leaf_value=-0.00065238927727596658 -0.0011898101360694705 0.0021428834420105757 0.0024023879340184262 -0.0027081223695150777 0.00019156576176154204 0.00050269568189242506
leaf_weight=865.14829973934684 151.38179282960482 197.44083273690194 81.525229654580471 69.146272093057632 604.08047411346342 382.02061093228986
leaf_count=11332 2533 2194 1164 285 6313 4999
internal_value=7.69099e-07 0.000564925 0.000875696 -0.00044349 0.000485212 -0.000297391
internal_weight=2350.74 1034.43 883.047 1316.32 685.606 1247.17
internal_count=28820 12204 9671 16616 7477 16331
is_linear=0
shrinkage=0.03


Tree=91
num_leaves=7
num_cat=0
split_feature=0 3 12 39 17 7
split_gain=0.616157 0.582549 0.492983 0.511403 0.489511 0.467722
threshold=0.1754681351332508 -0.024943792453169161 1.1927713423083131 5.5000000000000009 1.0000000180025095e-35 -0.10389570354999092
decision_type=2 2 2 2 2 2
left_child=1 4 3 -3 5 -1
right_child=-2 2 -4 -5 -6 -7
leaf_value=-0.0018729289016158925 0.0011243254750069602 0.0035353548193469129 -0.00089344061467011224 0.00041882789371959202 -0.0017779204021530198 -6.6913219439043069e-05
leaf_weight=132.1972838807269 351.67241117305821 80.286187904654071 75.288146443665028 106.26019531686325 200.56502193561755 1406.4417178264412
leaf_count=2751 3657 1088 381 1439 2715 16836
internal_value=-1.57224e-05 -0.000220675 0.00107303 0.00187176 -0.000420461 -0.000233175
internal_weight=2352.71 2001.04 261.835 186.546 1739.2 1538.64
internal_count=28867 25210 2908 2527 22302 19587
is_linear=0
shrinkage=0.03


Tree=92
num_leaves=7
num_cat=0
split_feature=58 14 22 52 11 8
split_gain=0.822964 0.770907 0.583726 0.584086 0.446563 0.351629
threshold=0.41428571428571431 0.39133863901442489 -0.11261368362156036 1.0000000180025095e-35 0.1184788273143335 -0.037583991324084985
decision_type=2 2 2 2 2 2
left_child=1 2 -1 -4 5 -5
right_child=-2 -3 3 4 -6 -7
leaf_value=-0.0011381907464079217 0.0024490772012052452 -0.0021940937089823037 0.0015703950203731717 -0.00081614361740467184 0.0024371284225655379 0.00022059207607471112
leaf_weight=296.5147283100232 112.92200868114014 134.18355979025364 257.98261399258627 390.72761943424121 57.649862567195669 1100.4427031621453
leaf_count=4389 1200 554 3412 6052 614 12512
internal_value=5.90718e-05 -7.19069e-05 7.3222e-05 0.000277198 5.3101e-05 -5.46883e-05
internal_weight=2350.42 2237.5 2103.32 1806.8 1548.82 1491.17
internal_count=28733 27533 26979 22590 19178 18564
is_linear=0
shrinkage=0.03


Tree=93
num_leaves=7
num_cat=0
split_feature=23 14 58 28 20 3
split_gain=0.745898 0.591839 0.546883 0.502068 0.469538 0.425252
threshold=0.66327722845715575 0.54746047919556318 0.29285714285714287 -2.9131290912628169 0.028316146606932078 -0.1360060516100958
decision_type=2 2 2 10 2 2
left_child=1 2 3 5 -5 -1
right_child=-2 -3 -4 4 -6 -7
leaf_value=-9.9454036039212088e-05 0.0027804826318830419 -0.0039079225257254296 0.0014956967623982636 -0.00061867286104399025 0.00051872538072808181 0.0019927083561819083
leaf_weight=178.43451747171639 78.031521630473435 24.94811537861824 197.07327174959937 1279.4725261086132 428.99597264500335 159.77007212798344
leaf_count=3316 905 108 2177 15061 5043 2211
internal_value=7.10447e-05 -3.39393e-05 2.62839e-05 -0.00012179 -0.000331716 0.000917741
internal_weight=2346.73 2268.69 2243.75 2046.67 1708.47 338.205
internal_count=28821 27916 27808 25631 20104 5527
is_linear=0
shrinkage=0.03


Tree=94
num_leaves=7
num_cat=0
split_feature=0 22 60 23 39 3
split_gain=0.663441 0.441247 0.504392 0.304208 0.35346 0.32888
threshold=0.43069274871615087 -0.13970516275606176 0.21410690909544833 0.2360901067264545 2.5000000000000004 -0.034433312100641086
decision_type=2 2 2 2 2 2
left_child=1 -1 3 5 -5 -3
right_child=-2 2 -4 4 -6 -7
leaf_value=-0.0012100654910423537 0.003191252750045765 -0.00038403974034349861 0.0020235644167110492 -0.0019152278950660307 0.0011566871822490379 0.00072658275888907054
leaf_weight=257.86611829948379 47.727907223976217 1370.1908148622315 104.01920627406798 29.010243919212371 280.97685009852285 280.90012657179614
leaf_count=3676 512 17407 982 241 3115 3070
internal_value=1.42751e-05 -6.43987e-05 8.38013e-05 -2.88316e-05 0.000818332 -0.000191853
internal_weight=2370.69 2322.96 2065.1 1961.08 309.987 1651.09
internal_count=29003 28491 24815 23833 3356 20477
is_linear=0
shrinkage=0.03


Tree=95
num_leaves=7
num_cat=0
split_feature=23 15 14 0 35 46
split_gain=0.628195 0.555562 0.496484 0.474152 0.48256 0.449722
threshold=0.10834226050661523 1.5000000000000002 0.44386916918067715 0.38321763842482304 -3.5919583687726919 22.500000000000004
decision_type=2 2 2 2 10 8
left_child=1 2 3 4 -1 -6
right_child=-2 -3 -4 -5 5 -7
leaf_value=0.0010565223735247778 0.0008944352319846194 -0.0016748173223190461 -0.0025423815580991982 0.0028121963649986263 0.0012222438137570648 -0.00052570367566651165
leaf_weight=270.09113424411044 518.26520069292746 215.28339668925037 60.748061589896679 43.152912843623199 140.72417761688121 1107.2169797987881
leaf_count=3703 5557 2914 251 489 1837 14108
internal_value=-1.79171e-05 -0.000278734 -8.43006e-05 2.69196e-05 -7.0143e-05 -0.000320447
internal_weight=2355.48 1837.22 1621.93 1561.19 1518.03 1247.94
internal_count=28859 23302 20388 20137 19648 15945
is_linear=0
shrinkage=0.03


Tree=96
num_leaves=7
num_cat=0
split_feature=3 16 6 6 12 27
split_gain=0.616162 0.711064 0.464681 0.414087 0.464063 0.361316
threshold=-0.07777722708467967 1.0000000180025095e-35 -0.081355748473384129 0.13768426999263211 1.6734102988486899 0.24421032518148425
decision_type=2 2 2 2 2 8
left_child=1 2 -1 4 -2 -5
right_child=3 -3 -4 5 -6 -7
leaf_value=-0.0010420569111104462 0.00066994049482841799 -0.002011037431194435 0.00014337162893953678 0.00036228239753993279 -0.0022358830580650564 0.0034134026984504275
leaf_weight=381.52370515366783 354.97567047987832 196.78502117091557 1233.1832330511825 63.360054854885675 47.340569466352463 75.808204676257446
leaf_count=6105 4276 2694 14289 604 216 672
internal_value=-8.87969e-05 -0.000354438 -0.000141412 0.000790195 0.000282078 0.00214171
internal_weight=2352.98 1811.49 1614.71 541.484 402.316 139.168
internal_count=28856 23088 20394 5768 4492 1276
is_linear=0
shrinkage=0.03


Tree=97
num_leaves=7
num_cat=0
split_feature=14 28 5 1 4 2
split_gain=0.554786 0.586079 0.505197 0.48435 0.392759 0.29739
threshold=0.39133863901442489 -2.9131290912628169 0.0034292424258283768 0.030392363100902393 -0.10314240149144459 -0.1271028959009565
decision_type=2 10 2 2 2 2
left_child=1 4 3 -3 5 -1
right_child=-2 2 -4 -5 -6 -7
leaf_value=-0.0008165432099439242 -0.0017831194727292879 -0.00065064364700835359 0.00087895531646557331 0.00060188197569422482 0.0023383090523929509 0.0013709847024303793
leaf_weight=98.701216686342377 138.86507157981396 1142.1648426466563 366.1134359833668 357.51722079433966 147.87344974439475 106.13247881998541
leaf_count=1958 572 14952 3894 3522 2375 1559
internal_value=-1.00071e-05 0.000108483 -0.00010548 -0.000350038 0.00121203 0.000327959
internal_weight=2357.37 2218.5 1865.8 1499.68 352.707 204.834
internal_count=28832 28260 22368 18474 5892 3517
is_linear=0
shrinkage=0.03


Tree=98
num_leaves=7
num_cat=0
split_feature=9 52 1 28 14 45
split_gain=0.49117 0.510464 0.4639 0.400316 0.45959 0.282521
threshold=0.15996614596799968 3.2080875396860176 0.11616509475940968 2.8909264802932744 0.39133863901442489 0.19090909090909094
decision_type=2 2 2 8 2 8
left_child=1 3 -3 4 -1 -5
right_child=-2 2 -4 5 -6 -7
leaf_value=0.0005193745784926176 0.0016053712318677617 -0.00053938331660233283 0.0015561822074406282 0.0047048049688177196 -0.0030591442704904145 0.0010789890601976423
leaf_weight=392.44691288197646 139.9166038823314 1609.8596604376362 91.449889483279549 22.567991995252669 25.169666394591331 69.800678760395385
leaf_count=5119 1583 20077 889 191 103 863
internal_value=-5.69272e-05 -0.000168861 -0.000418306 0.00065533 0.000237202 0.00233792
internal_weight=2351.21 2211.29 1701.31 509.985 417.617 92.3687
internal_count=28825 27242 20966 6276 5222 1054
is_linear=0
shrinkage=0.03


Tree=99
num_leaves=7
num_cat=0
split_feature=3 10 28 8 56 5
split_gain=0.526186 0.475405 0.609381 0.469519 0.445488 0.414957
threshold=-0.031799523219253757 0.024610771978090838 -2.7683529853820796 -0.077118372841904384 10.473018190726693 0.0050789426072833316
decision_type=2 2 10 2 2 2
left_child=1 4 3 -3 -1 -4
right_child=-2 2 5 -5 -6 -7
leaf_value=-9.7727884945586816e-05 0.0010957240726933801 -0.001840864143497797 -0.00037544361105535241 0.0029130733782972299 -0.001262379801754777 0.0014748256212767825
leaf_weight=792.22103987794253 331.1231545827759 15.128439804626394 499.4251665713964 109.79278050635185 463.29646025187685 128.81518948520534
leaf_count=10412 3574 385 5817 1586 5772 1271
internal_value=5.9888e-06 -0.000178188 0.000414296 0.00224358 -0.000534073 2.11014e-05
internal_weight=2339.8 2008.68 753.162 124.921 1255.52 628.24
internal_count=28817 25243 9059 1971 16184 7088
is_linear=0
shrinkage=0.03


Tree=100
num_leaves=7
num_cat=0
split_feature=23 3 39 36 2 14
split_gain=0.562903 0.464647 0.374264 0.398204 0.373669 0.422607
threshold=0.70463431134796928 -0.017649239835091445 6.5000000000000009 1.9691252661523997 -0.29959278108817788 0.30338066355976473
decision_type=2 2 2 10 2 2
left_child=1 4 3 -3 -1 -6
right_child=-2 2 -4 -5 5 -7
leaf_value=-0.0017539984078200324 0.0025654011194228676 0.0024299916747225719 -0.00026349158809395285 -0.0015059840933592059 0.00013700638829725981 -0.0011657450178916829
leaf_weight=111.77123811445199 70.946849232859677 158.84400119452039 107.11017278884538 19.936254925443791 1647.2661340486084 249.1636451035738
leaf_count=2687 800 1717 1211 185 21257 1075
internal_value=0.000106676 1.98339e-05 0.00112997 0.00193456 -0.000143023 -3.93734e-05
internal_weight=2365.04 2294.09 285.89 178.78 2008.2 1896.43
internal_count=28932 28132 3113 1902 25019 22332
is_linear=0
shrinkage=0.03


Tree=101
num_leaves=7
num_cat=0
split_feature=52 10 24 9 21 28
split_gain=0.664518 0.571958 0.390063 0.435245 0.369822 0.365973
threshold=1.0000000180025095e-35 0.004620337257267273 1.5000000000000002 0.061280491569873821 1.0000000180025095e-35 2.4260306358337407
decision_type=2 2 2 2 2 8
left_child=5 2 4 -4 -2 -1
right_child=1 -3 3 -5 -6 -7
leaf_value=0.00060924533299826938 -0.00022551042002334448 0.00029302854762431365 -0.00069330307762188606 0.0010850917659261288 -0.0021255352508399682 0.0029095797943253839
leaf_weight=253.91526784197777 147.36236408969853 982.41819361865055 478.4414671540726 156.27046546753263 248.46753705648007 76.121599682141095
leaf_count=3500 1784 11383 6172 1699 3301 873
internal_value=-1.73882e-05 -0.000223574 -0.000714136 -0.000245411 -0.00144117 0.00120977
internal_weight=2343 2012.96 1030.54 634.712 395.83 330.037
internal_count=28712 24339 12956 7871 5085 4373
is_linear=0
shrinkage=0.03


Tree=102
num_leaves=7
num_cat=0
split_feature=14 15 58 8 20 20
split_gain=0.618615 0.576 0.493517 0.478775 0.429916 0.380238
threshold=0.39133863901442489 1.5000000000000002 0.58571428571428574 0.22531491085271679 -0.059071582119451516 0.11363496325506102
decision_type=2 2 2 2 2 2
left_child=1 2 3 5 -3 -1
right_child=-2 4 -4 -5 -6 -7
leaf_value=-0.00010087018649822779 -0.0019629187945088902 -0.0031156982193666135 0.0032714933952464834 0.0025171675857897915 -0.00046397620766038829 0.0012084503263024141
leaf_weight=1630.5228318471054 136.72884515672922 68.539343054988421 36.870745772117516 64.184955013624858 199.23638053244213 217.30191976443166
leaf_count=20721 565 1011 397 725 2539 2841
internal_value=-7.63845e-05 4.82746e-05 0.000229354 0.000153974 -0.00123044 5.87802e-05
internal_weight=2353.39 2216.66 1948.88 1912.01 267.776 1847.82
internal_count=28799 28234 24684 24287 3550 23562
is_linear=0
shrinkage=0.03


Tree=103
num_leaves=7
num_cat=0
split_feature=8 58 0 16 14 62
split_gain=0.812379 0.55473 0.440424 0.453341 0.378138 0.335779
threshold=0.17726423525244533 0.41428571428571431 -0.011691594400960457 1.0000000180025095e-35 0.44386916918067715 -0.61918340165987007
decision_type=2 2 2 2 2 2
left_child=1 2 5 4 -4 -1
right_child=-2 -3 3 -5 -6 -7
leaf_value=0.001257414366212901 0.0020560010906554051 0.0019070968149000453 0.00043957581595143439 -0.001374838092645369 -0.0020803898700813891 -0.00095556259431409346
leaf_weight=58.569106177368667 153.77516705158632 103.79075012222165 1074.6619799823966 153.03966715274146 46.552186019718647 757.6553770871833
leaf_count=814 1678 1121 12441 1874 193 10674
internal_value=1.75554e-05 -0.000133979 -0.000243914 0.00010511 0.000317482 -0.000783471
internal_weight=2348.04 2194.27 2090.48 1274.25 1121.21 816.224
internal_count=28795 27117 25996 14508 12634 11488
is_linear=0
shrinkage=0.03


Tree=104
num_leaves=7
num_cat=0
split_feature=52 2 30 15 1 58
split_gain=0.682206 0.471045 0.410108 0.368089 0.332989 0.315928
threshold=1.0000000180025095e-35 -0.13079756210326457 4.570376157760621 1.5000000000000002 -0.070690313438799696 0.087121212121212141
decision_type=2 2 8 2 2 2
left_child=3 5 -3 4 -1 -2
right_child=1 2 -4 -5 -6 -7
leaf_value=-0.00032671568930970951 -0.0011032943471403992 -0.00012923874308009745 0.0013044378098644531 -0.00091623767032625151 0.0021491225152740173 0.00029681518557747718
leaf_weight=59.072019757062662 646.01452563790372 984.25788344432658 209.27626308170147 55.245531779364683 219.32476038232562 181.52164609910687
leaf_count=1065 8969 11031 2172 757 2544 2327
internal_value=-4.18213e-05 -0.000250801 0.000130894 0.00119456 0.00163067 -0.000796301
internal_weight=2354.71 2021.07 1193.53 333.642 278.397 827.536
internal_count=28865 24499 13203 4366 3609 11296
is_linear=0
shrinkage=0.03


Tree=105
num_leaves=7
num_cat=0
split_feature=52 3 10 0 62 46
split_gain=0.465095 0.431614 0.352126 0.290991 0.276088 0.267056
threshold=1.0000000180025095e-35 -0.28329162545480624 0.014177437434490065 0.10242958291126587 -0.68104354301833958 26.500000000000004
decision_type=2 2 2 2 2 10
left_child=-1 -2 3 4 -3 -4
right_child=1 2 5 -5 -6 -7
leaf_value=0.0011133658205610506 -0.0013983115185824495 0.0018914683265778534 0.00096765191836018871 0.00062749795036180507 -0.00069064701129039198 -0.00014518790329532473
leaf_weight=331.17936008615652 192.43370591904386 29.673938908264972 482.18852538421925 225.51190253626555 770.21194337209454 316.59060635633068
leaf_count=4379 3094 371 5509 2281 9732 3471
internal_value=8.89038e-05 -8.40028e-05 6.15123e-05 -0.000305222 -0.000572684 0.000530244
internal_weight=2347.79 2016.61 1824.18 1025.4 799.886 798.779
internal_count=28837 24458 21364 12384 10103 8980
is_linear=0
shrinkage=0.03


Tree=106
num_leaves=7
num_cat=0
split_feature=23 0 16 52 2 9
split_gain=0.612379 0.495217 0.415603 0.47268 0.342778 0.331966
threshold=0.2360901067264545 0.51532498537565985 1.0000000180025095e-35 2.8062982233521478 -0.15318988106236286 0.077383021347306416
decision_type=2 2 2 2 2 2
left_child=1 2 3 -1 -5 -2
right_child=5 -3 -4 4 -6 -7
leaf_value=0.0010441199902122393 0.00059551267120884065 0.0037079241206583115 -0.0014216076442985788 -0.00097239687906144033 2.2737547770394039e-06 0.002740105700135091
leaf_weight=263.27516498279874 291.80258015712025 18.64118990424322 235.92536890751217 470.68127757802722 1000.8825193060911 77.014230530592613
leaf_count=3485 3214 206 3149 7056 11021 754
internal_value=-2.12691e-06 -0.000211659 -0.000267266 -0.000103037 -0.000313935 0.00110385
internal_weight=2358.22 1989.41 1970.76 1734.84 1471.56 368.817
internal_count=28885 24917 24711 21562 18077 3968
is_linear=0
shrinkage=0.03


Tree=107
num_leaves=7
num_cat=0
split_feature=52 3 11 23 10 46
split_gain=0.539296 0.464225 0.324353 0.317454 0.323169 0.335945
threshold=1.0000000180025095e-35 -0.24694210426726967 0.038793579063723986 -0.39511686053760114 1.0000000180025095e-35 62.500000000000007
decision_type=2 2 2 2 2 10
left_child=-1 -2 3 -3 -5 -6
right_child=1 2 -4 4 5 -7
leaf_value=0.0010583155652273113 -0.0013300913392641956 -0.0014334779348149826 0.00064754403346196671 -0.00062682953312443563 0.00076040518794919713 -0.00091993481054406759
leaf_weight=336.66388908674708 281.43343816520064 173.91984298801981 451.20643904793542 521.10049124807119 466.47067858216178 128.99428352189716
leaf_count=4398 4427 2438 5134 6010 5097 1355
internal_value=-3.55353e-05 -0.000221871 -3.62267e-05 -0.000278442 -8.74023e-05 0.000387215
internal_weight=2359.79 2023.13 1741.69 1290.49 1116.57 595.465
internal_count=28859 24461 20034 14900 12462 6452
is_linear=0
shrinkage=0.03


Tree=108
num_leaves=7
num_cat=0
split_feature=11 0 62 28 20 4
split_gain=0.531997 0.571343 0.394034 0.379269 0.45249 0.35045
threshold=0.12618098485634871 0.43069274871615087 -0.73413824809011063 3.9384069442749028 -0.16113003391034694 -0.19671184552517701
decision_type=2 2 2 8 2 2
left_child=1 2 -1 4 -4 -5
right_child=-2 -3 3 5 -6 -7
leaf_value=0.0019598538532927408 0.0022311571886241819 0.0029567411397503338 -0.0017806868035231806 -0.0017302137725686742 -0.00023566928951889297 0.00117896630167735
leaf_weight=66.017296276695561 82.35593406285625 44.059862902096938 180.31538922022446 34.561877106083557 1698.9153846986592 245.76590557501186
leaf_count=820 893 464 2586 506 20766 2816
internal_value=-9.77458e-07 -9.14047e-05 -0.000164705 -0.000238386 -0.000392557 0.00077305
internal_weight=2351.99 2269.64 2225.58 2159.56 1879.23 280.328
internal_count=28851 27958 27494 26674 23352 3322
is_linear=0
shrinkage=0.03


Tree=109
num_leaves=7
num_cat=0
split_feature=2 0 12 10 52 26
split_gain=0.561671 0.612633 0.405235 0.42212 0.434432 0.370744
threshold=-0.12833702033092523 0.43069274871615087 0.6387150186381797 0.025290163099315633 2.8062982233521478 0.26643195748329168
decision_type=2 2 2 2 2 10
left_child=-1 2 5 -4 -5 -2
right_child=1 -3 3 4 -6 -7
leaf_value=-0.00058346866130619282 0.001472555643043218 0.0037407853845475526 -0.00076836487130939823 0.003055949943246965 0.00012480371972396041 -7.2649771213640043e-05
leaf_weight=986.09033537845244 328.33526600585901 36.400460571458098 472.45543294027448 45.419098302721977 259.82489911466837 236.5519607066235
leaf_count=13610 6129 367 2983 278 1603 3938
internal_value=-3.99888e-05 0.000350047 0.00023114 -0.000212859 0.000644051 0.000835478
internal_weight=2365.08 1378.99 1342.59 777.699 305.244 564.887
internal_count=28908 15298 14931 4864 1881 10067
is_linear=0
shrinkage=0.03


Tree=110
num_leaves=7
num_cat=0
split_feature=52 58 59 7 57 12
split_gain=0.457961 0.522716 0.414517 0.38474 0.35955 0.346909
threshold=3.2080875396860176 0.13392857142857145 -0.34938029329125825 -0.075807029747900087 2.5000000000000004 1.496692706023145
decision_type=2 2 2 2 2 2
left_child=4 2 -2 -4 -1 -6
right_child=1 -3 3 -5 5 -7
leaf_value=0.0014310036974203206 0.00070276537629603204 0.00090194674447249313 -0.0020842818290121583 -0.0004262357368719194 0.00045620378738880598 -0.0024627372972351605
leaf_weight=331.06733720860211 248.26735590660246 333.12224065241753 133.7195208852936 1107.5418169216427 166.70517413405469 36.275452099740505
leaf_count=4136 2962 3820 2424 13007 2254 172
internal_value=7.17493e-05 -0.000155463 -0.000396382 -0.000620085 0.000835805 -0.00015659
internal_weight=2356.7 1822.65 1489.53 1241.26 534.048 202.981
internal_count=28775 22213 18393 15431 6562 2426
is_linear=0
shrinkage=0.03


Tree=111
num_leaves=7
num_cat=0
split_feature=7 60 15 28 0 25
split_gain=0.535925 0.499525 0.475065 0.561125 0.458934 0.430805
threshold=-0.099294797612808391 0.17850641961403149 1.5000000000000002 -0.70622351765632618 0.43069274871615087 -0.78197842876214418
decision_type=2 2 2 10 2 2
left_child=-1 2 3 -2 5 -5
right_child=1 -3 -4 4 -6 -7
leaf_value=-0.0014840762039991847 0.00099329007751455117 0.0019664597404695497 -0.0011576547200085766 0.0028386380894075301 0.0028002262466510536 -0.0003445107556935646
leaf_weight=180.82833302533254 575.41349881078349 121.47817021625815 243.79707906988915 29.605266926606419 36.304562010569498 1174.3253861314734
leaf_count=3616 8383 1099 3064 347 328 12082
internal_value=4.09378e-05 0.000173579 5.88329e-05 0.000227624 -0.000132715 -0.000243496
internal_weight=2361.75 2180.92 2059.45 1815.65 1240.24 1203.93
internal_count=28919 25303 24204 21140 12757 12429
is_linear=0
shrinkage=0.03


Tree=112
num_leaves=7
num_cat=0
split_feature=10 8 34 46 14 14
split_gain=0.483782 0.619722 0.445384 0.457104 0.455914 0.320007
threshold=0.015381426398492855 -0.078984875420922571 -7.7687110503514596 33.500000000000007 0.26923630125385922 0.39133863901442489
decision_type=2 2 10 8 2 2
left_child=5 -2 4 -4 -3 -1
right_child=1 2 3 -5 -6 -7
leaf_value=-0.00023319149228434317 -0.0014154030949847167 0.0030647830123789344 0.0019715192125877236 0.00012787651702165123 -0.0013377362169557905 -0.0021586484267658444
leaf_weight=1279.5871782292961 121.95886489318218 110.41669026711315 141.43142639496364 611.06655853212578 19.709010779857635 73.040491610765457
leaf_count=16779 2101 1701 1500 6369 87 301
internal_value=1.71202e-05 0.000513022 0.000792359 0.000495699 0.00235009 -0.000352243
internal_weight=2357.21 1004.58 882.624 752.498 130.126 1352.63
internal_count=28838 11758 9657 7869 1788 17080
is_linear=0
shrinkage=0.03


Tree=113
num_leaves=7
num_cat=0
split_feature=58 52 59 59 8 14
split_gain=0.529075 0.52413 0.462929 0.424794 0.422023 0.410732
threshold=0.13392857142857145 1.0000000180025095e-35 0.32609054343480259 -0.343648568837085 0.12489863730158905 0.30338066355976473
decision_type=2 2 2 2 2 2
left_child=1 -1 -2 -3 -4 -5
right_child=2 3 4 5 -6 -7
leaf_value=0.0010184746569370721 0.0027834717309313871 0.00064098021075739795 -2.3936321465898374e-05 -0.00039835426386929828 0.0027487381096197444 -0.0019330510784179033
leaf_weight=270.73166458134074 88.582970238028793 291.15343322482659 297.47208084812155 1188.2763173400017 49.205964584136382 172.65408898890018
leaf_count=3666 1016 3353 3488 16157 487 747
internal_value=3.30725e-05 -0.000181842 0.000965242 -0.000383485 0.000435636 -0.000605733
internal_weight=2358.08 1922.82 435.261 1652.08 346.678 1360.93
internal_count=28914 23923 4991 20257 3975 16904
is_linear=0
shrinkage=0.03


Tree=114
num_leaves=7
num_cat=0
split_feature=2 28 14 58 20 24
split_gain=0.509854 0.457139 0.428837 0.424048 0.306997 0.377739
threshold=-0.13079756210326457 -3.6570893526077266 0.39133863901442489 0.58571428571428574 0.028316146606932078 1.5000000000000002
decision_type=2 10 2 2 2 2
left_child=4 -2 3 -3 -1 -6
right_child=1 2 -4 -5 5 -7
leaf_value=-0.00084745054647555873 0.0017411312840669726 0.00020201821860817422 -0.001793826855915396 0.0036214717577032485 -0.0012142081890408718 0.0011651962379532342
leaf_weight=715.8781612222956 176.54200309416046 1109.9986054581241 84.984077632427216 23.702696776716039 81.657247556082439 166.0281018805108
leaf_count=9957 2560 12354 352 209 1176 2309
internal_value=-7.85503e-06 0.000357752 0.000144812 0.000304549 -0.000535486 0.000364073
internal_weight=2358.79 1395.23 1218.69 1133.7 963.564 247.685
internal_count=28917 15475 12915 12563 13442 3485
is_linear=0
shrinkage=0.03


Tree=115
num_leaves=7
num_cat=0
split_feature=35 20 11 2 0 39
split_gain=0.413021 0.412953 0.390211 0.385102 0.317051 0.321549
threshold=-5.8049101435268904 -0.17608860883255709 0.052482618130473759 0.044555108619387211 1.0000000180025095e-35 2.5000000000000004
decision_type=10 2 2 2 2 2
left_child=3 -2 4 -1 -3 -6
right_child=1 2 -4 -5 5 -7
leaf_value=0.00074222766867501698 -0.0015039253371641908 -0.00053819950009022482 0.00085644654852356605 0.0046347109214626807 -0.0012435108713689659 0.00061197157245122726
leaf_weight=230.55737866851268 163.93156167221605 937.67722218949348 391.18017220593174 16.345842964656185 89.860930356779136 533.77625465864548
leaf_count=3106 2407 12491 4473 192 765 5528
internal_value=3.42224e-05 -0.000103193 2.14765e-05 0.0011703 -0.000191841 0.000329206
internal_weight=2363.33 2116.43 1952.49 246.903 1561.31 623.637
internal_count=28962 25664 23257 3298 18784 6293
is_linear=0
shrinkage=0.03


Tree=116
num_leaves=7
num_cat=0
split_feature=0 22 11 58 28 22
split_gain=0.506405 0.409299 0.37038 0.315948 0.32059 0.495537
threshold=0.45181904929253841 -0.14279771088758905 0.1184788273143335 0.41428571428571431 3.9384069442749028 0.0022978427628149866
decision_type=2 2 2 2 8 2
left_child=1 -1 3 4 -3 -6
right_child=-2 2 -4 -5 5 -7
leaf_value=-0.0011801138732414776 0.0030209037399801918 -0.00024727523415888139 0.0018941300883918394 0.0015681126314745276 0.0016462960917996499 -0.0013084963767036456
leaf_weight=248.6570770360704 39.191996472305618 1632.9818334444572 87.134971324470825 98.881930333387572 185.36006250075297 60.792014729231596
leaf_count=3546 428 20066 939 1030 2178 691
internal_value=8.80473e-06 -5.49954e-05 8.551e-05 -3.2898e-06 -9.38416e-05 0.000893959
internal_weight=2353 2313.81 2065.15 1978.02 1879.13 246.152
internal_count=28878 28450 24904 23965 22935 2869
is_linear=0
shrinkage=0.03


Tree=117
num_leaves=7
num_cat=0
split_feature=7 52 58 59 59 57
split_gain=0.4662 0.428503 0.369781 0.333158 0.315265 0.530072
threshold=-0.10389570354999092 3.2080875396860176 1.0000000180025095e-35 0.32609054343480259 -0.33010981202790712 2.5000000000000004
decision_type=2 2 2 2 2 2
left_child=-1 -2 4 -4 -3 -6
right_child=1 2 3 -5 5 -7
leaf_value=-0.0014163101719299042 0.00096392213154615893 0.00070502203465201978 0.0022774501562616441 0.00023813964011051598 -0.00021327219369569352 -0.0021392820067937966
leaf_weight=164.2433757026447 494.0908904428652 241.91381386324065 92.067381487548118 255.17698614118854 971.88726532028522 138.7740456040483
leaf_count=3435 5720 2701 1008 2762 11691 1557
internal_value=7.79722e-05 0.000195758 -3.18581e-05 0.000827452 -0.000256921 -0.000470864
internal_weight=2358.15 2193.91 1699.82 347.244 1352.58 1110.66
internal_count=28874 25439 19719 3770 15949 13248
is_linear=0
shrinkage=0.03


Tree=118
num_leaves=7
num_cat=0
split_feature=6 23 1 58 30 16
split_gain=0.521685 0.393831 0.312833 0.358515 0.328975 0.358637
threshold=0.37238600656307058 0.83259470567705984 -0.14694055911025075 0.26136363636363641 -4.4616732597351065 1.0000000180025095e-35
decision_type=2 2 2 2 10 2
left_child=1 2 -1 4 5 -4
right_child=-2 -3 3 -5 -6 -7
leaf_value=-0.0013434312359254124 0.0018527958915059784 0.0026372112171433549 0.00070412999264805355 0.0011513490748354741 -0.00045507950495762514 -0.0015293847825890185
leaf_weight=179.5636275477882 117.21608005650342 35.670321770652663 481.36882760183653 186.18740817476646 1304.2366174963245 64.966228453093208
leaf_count=3608 1202 397 6937 1892 13870 1017
internal_value=-1.65537e-05 -0.000121614 -0.000177662 -6.88242e-05 -0.000197115 0.00041582
internal_weight=2369.21 2251.99 2216.32 2036.76 1850.57 546.335
internal_count=28923 27721 27324 23716 21824 7954
is_linear=0
shrinkage=0.03


Tree=119
num_leaves=7
num_cat=0
split_feature=28 23 3 10 52 52
split_gain=0.488497 0.621055 0.406367 0.503768 0.440304 0.435157
threshold=2.8390460014343266 0.11337790260856941 -0.017649239835091445 -0.059364787901452672 3.2080875396860176 4.2807761603193741
decision_type=8 2 2 2 2 2
left_child=1 -1 3 -2 -5 -6
right_child=2 -3 -4 4 5 -7
leaf_value=-0.0004769578050399277 -0.0016812585315343633 0.00079220115418315471 0.0031715179792356041 0.0029633294274793421 -0.0014691658302081107 0.0011503814675846939
leaf_weight=1465.8663925980654 66.282433357264381 444.01864741032477 52.359784256666899 70.739466361701488 70.773266570991836 187.20491282321746
leaf_count=19176 827 4871 502 809 741 1900
internal_value=3.07201e-05 -0.000179309 0.000911698 0.000541231 0.00102578 0.000403733
internal_weight=2357.24 1909.89 447.36 395 328.718 257.978
internal_count=28826 24047 4779 4277 3450 2641
is_linear=0
shrinkage=0.03


Tree=120
num_leaves=7
num_cat=0
split_feature=14 52 62 57 25 59
split_gain=0.394777 0.444398 0.366334 0.353111 0.342552 0.306357
threshold=0.027995546500708613 3.2080875396860176 0.094833299963864928 2.5000000000000004 -0.70612779141294046 -0.34938029329125825
decision_type=2 2 2 2 2 2
left_child=-1 3 4 -2 -3 -6
right_child=1 2 -4 -5 5 -7
leaf_value=-0.0018700631496958177 0.0014733197967476506 0.0019565036111814566 0.00058389158900152345 -0.00013168376318245509 0.00047715371002155388 -0.00071355807786274705
leaf_weight=85.406676339276601 316.04108922928572 44.090282244607806 466.10560492053628 195.99912228249013 232.96856037341058 1007.6134243216366
leaf_count=6451 3073 461 4595 1899 2312 10008
internal_value=2.05445e-05 9.98166e-05 -0.000128563 0.000868201 -0.00038957 -0.000487927
internal_weight=2348.22 2262.82 1750.78 512.04 1284.67 1240.58
internal_count=28799 22348 17376 4972 12781 12320
is_linear=0
shrinkage=0.03


Tree=121
num_leaves=7
num_cat=0
split_feature=10 52 28 2 3 3
split_gain=0.61401 0.521137 0.46196 0.430227 0.378065 0.282051
threshold=0.014177437434490065 3.493733417550295 -2.7683529853820796 -0.13079756210326457 -0.33459805866914899 -0.14610618657243696
decision_type=2 2 10 2 2 2
left_child=1 -1 5 -4 -5 -2
right_child=2 -3 3 4 -6 -7
leaf_value=0.00055244908561675728 0.00052397245783670262 -0.00077011394859410659 -0.00056795785191500621 -0.0023728003407642922 0.00098487915296076875 0.0030130149963932145
leaf_weight=359.86489714882919 78.000425203281338 977.85219427209813 331.81215385036194 22.706028970249463 499.70980272680754 89.927184816799127
leaf_count=4488 1387 12350 4133 293 5048 1170
internal_value=8.87282e-06 -0.000412866 0.000559465 0.000266438 0.000797117 0.00195131
internal_weight=2359.87 1337.72 1022.16 854.228 522.416 167.928
internal_count=28869 16838 12031 9474 5341 2557
is_linear=0
shrinkage=0.03


Tree=122
num_leaves=7
num_cat=0
split_feature=52 10 8 3 31 3
split_gain=0.553531 0.440248 0.469142 0.380402 0.451645 0.397476
threshold=1.0000000180025095e-35 0.013453578505186506 -0.080668876265538716 -0.26892175226013965 7.5730888247489938 -0.21440804726162585
decision_type=2 2 2 2 8 2
left_child=-1 -2 -3 -4 5 -5
right_child=1 2 3 4 -6 -7
leaf_value=0.0011103792560878257 -0.00058300393513805869 -0.0014910254475120495 -0.0014143168226354356 0.0027710499108243624 0.0019696268602327283 1.9555168303671853e-05
leaf_weight=332.67447726419778 1131.5183318784693 104.75716926873429 69.993816871778108 42.53213175595738 194.68523101106985 471.53552599204704
leaf_count=4376 14165 1782 995 488 2573 4450
internal_value=-4.71406e-06 -0.000193387 0.000306542 0.000564189 0.000776538 0.000295736
internal_weight=2347.7 2015.02 883.504 778.747 708.753 514.068
internal_count=28829 24453 10288 8506 7511 4938
is_linear=0
shrinkage=0.03


Tree=123
num_leaves=7
num_cat=0
split_feature=22 57 11 6 26 4
split_gain=0.457481 0.440009 0.373845 0.283884 0.262966 0.302156
threshold=-0.044916513761054398 6.5000000000000009 0.028368985882799867 0.20282773532961976 2.8908693790435795 -0.0822156951535601
decision_type=2 2 2 2 8 2
left_child=1 -1 3 -2 5 -5
right_child=2 -3 -4 4 -6 -7
leaf_value=-0.0010221274140830923 -0.00029393645546637876 0.0015579840046602547 0.00083803208697414615 0.0012792472167684531 0.0029732790244844805 -0.0012215557587756175
leaf_weight=525.55626251411741 997.93254660115053 57.957544731791131 576.73294461797923 104.70827161124907 34.452010153792799 60.498834621859714
leaf_count=6908 12445 810 6710 1023 333 607
internal_value=-2.25129e-05 -0.000743925 0.000217574 -8.56895e-05 0.000919541 0.000346002
internal_weight=2357.84 583.514 1774.32 1197.59 199.659 165.207
internal_count=28836 7718 21118 14408 1963 1630
is_linear=0
shrinkage=0.03


Tree=124
num_leaves=7
num_cat=0
split_feature=58 62 52 30 10 39
split_gain=0.389517 0.389453 0.387157 0.333464 0.30133 0.30908
threshold=1.0000000180025095e-35 0.42838386083321828 3.2729018722343892 -4.4616732597351065 0.015381426398492855 3.5000000000000004
decision_type=2 2 2 10 2 2
left_child=2 -2 -1 4 -4 -6
right_child=1 -3 3 -5 5 -7
leaf_value=0.00056572738927874512 0.0016980527900040995 1.7070593187092413e-05 -0.000445240631640442 -0.00073073545367667689 0.0024187265771002313 4.213931579846298e-05
leaf_weight=457.11648643747321 211.11224668807699 283.02258943425841 233.29119198038825 985.25550408547861 81.018276167102158 108.10996559893829
leaf_count=5662 2424 3240 3786 11072 1018 1699
internal_value=1.44609e-05 0.000754684 -0.000184664 -0.000430611 0.000270113 0.00113055
internal_weight=2358.93 494.135 1864.79 1407.67 422.419 189.128
internal_count=28901 5664 23237 17575 6503 2717
is_linear=0
shrinkage=0.03


Tree=125
num_leaves=7
num_cat=0
split_feature=8 23 28 9 31 20
split_gain=0.433888 0.40827 0.369308 0.349039 0.39881 0.319186
threshold=0.15400769946531742 0.59283550475154978 3.1588684320449834 0.024632157641138592 4.1849390044808397 0.038547952799896916
decision_type=2 2 8 2 8 2
left_child=1 3 5 -1 -5 -2
right_child=2 -3 -4 4 -6 -7
leaf_value=-0.00057341723771680024 -0.00011600480071907184 0.0017887760855666132 0.0036999822531409961 -0.00039344000005240545 0.00085870544257922075 0.0026228831428663163
leaf_weight=1154.679075724096 143.68006040726323 84.287593377637677 34.407719634764362 465.95795449381694 432.13284329586895 41.828465712780599
leaf_count=15834 1564 959 343 4130 5547 458
internal_value=-1.02944e-05 -0.000142887 0.00122836 -0.000230489 0.000211874 0.000604129
internal_weight=2356.97 2137.06 219.916 2052.77 898.091 185.509
internal_count=28835 26470 2365 25511 9677 2022
is_linear=0
shrinkage=0.03


Tree=126
num_leaves=7
num_cat=0
split_feature=14 2 34 12 22 20
split_gain=0.475312 0.493077 0.425764 0.411667 0.449331 0.362704
threshold=0.2440408034823344 -0.12465827758503834 -7.7687110503514596 0.018170521893365214 -0.026455566093315178 0.013067556715444588
decision_type=2 2 10 2 2 2
left_child=1 5 3 -3 -5 -1
right_child=-2 2 -4 4 -6 -7
leaf_value=-0.00067032912486653508 -0.00072152046660236906 -0.00034980617866879621 0.00046248044516568321 -0.00024382791744043963 0.0041345108202118959 0.00070134869828422392
leaf_weight=569.66543937186361 534.68767474591732 40.100454031839035 862.83656617708039 26.350061539560556 77.891370618715882 238.34143514616881
leaf_count=9205 2473 1396 10892 245 710 3797
internal_value=5.64747e-05 0.000288341 0.00072816 0.00218346 0.00310329 -0.000262092
internal_weight=2349.87 1815.19 1007.18 144.342 104.241 808.007
internal_count=28718 26245 13243 2351 955 13002
is_linear=0
shrinkage=0.03


Tree=127
num_leaves=7
num_cat=0
split_feature=2 14 5 2 2 23
split_gain=0.414124 0.405328 0.46197 0.359578 0.303766 0.277623
threshold=-0.19267037824261166 0.30338066355976473 0.0042309906913426962 0.082987981466115926 -0.14781761185828254 0.05117366776320998
decision_type=2 2 2 2 2 2
left_child=-1 2 3 5 -3 -2
right_child=1 4 -4 -5 -6 -7
leaf_value=-0.00084883500169563282 -0.00027690856696527537 0.0011569987429268203 0.001298253289193524 0.002272579372686673 -0.0013136450407059579 0.00075344684802077313
leaf_weight=422.78178649354959 943.66782077305834 46.934370562434196 355.38008277968038 54.59697931795381 228.95843547582626 302.47742712969193
leaf_count=7338 12198 203 4059 673 985 3429
internal_value=-9.67521e-06 0.000177383 0.000355625 9.0146e-05 -0.000867575 -2.28028e-05
internal_weight=2354.8 1932.02 1656.12 1300.74 275.893 1246.15
internal_count=28885 21547 20359 16300 1188 15627
is_linear=0
shrinkage=0.03


Tree=128
num_leaves=7
num_cat=0
split_feature=52 15 14 28 10 20
split_gain=0.479 0.327114 0.332761 0.339963 0.291569 0.28874
threshold=1.0000000180025095e-35 1.5000000000000002 0.54746047919556318 -2.9131290912628169 -0.0039956281058627216 -0.1395757599779732
decision_type=2 2 2 8 2 2
left_child=5 2 3 4 -2 -1
right_child=1 -3 -4 -5 -6 -7
leaf_value=-0.0010799569357938512 -2.5940225090225934e-05 -0.0012008652978210538 -0.0029323269869416988 -5.6764624995056157e-05 0.0028242732332956653 0.0014022660174211005
leaf_weight=41.416394947475055 58.693868922564434 219.03429442507331 24.114231236279011 1658.5700860427169 61.349584783558385 294.87430393899558
leaf_count=673 1178 2809 105 19103 1219 3743
internal_value=4.30425e-05 -0.000132919 2.74666e-06 5.8712e-05 0.00153586 0.00107421
internal_weight=2358.05 2021.76 1802.73 1778.61 120.043 336.291
internal_count=28830 24414 21605 21500 2397 4416
is_linear=0
shrinkage=0.03


Tree=129
num_leaves=7
num_cat=0
split_feature=6 23 17 24 28 56
split_gain=0.463626 0.377534 0.340958 0.357131 0.37006 0.288262
threshold=0.49204790427535455 0.55253207259047932 1.0000000180025095e-35 2.5000000000000004 1.5074825286865237 -9.3487138920265593
decision_type=2 2 2 2 10 2
left_child=1 2 5 4 -4 -1
right_child=-2 -3 3 -5 -6 -7
leaf_value=0.000318354823083779 0.0027136193552587604 0.0014688973864877266 -0.0029160067502014431 3.3396428186112858e-05 0.00057900624680255188 -0.0004154558903940396
leaf_weight=865.54384580804617 42.576570271863602 115.04292096532299 112.95526414061897 115.44721174970618 31.248382790479809 1061.9966101858881
leaf_count=10958 430 1313 1628 1441 311 12607
internal_value=-7.25118e-05 -0.00013555 -0.000226243 -0.00122553 -0.00217022 -8.60027e-05
internal_weight=2344.81 2302.23 2187.19 259.651 144.204 1927.54
internal_count=28688 28258 26945 3380 1939 23565
is_linear=0
shrinkage=0.03


Tree=130
num_leaves=7
num_cat=0
split_feature=8 42 52 12 9 59
split_gain=0.36474 0.312077 0.348829 0.404625 0.43227 0.340955
threshold=0.15400769946531742 2.5000000000000004 1.0000000180025095e-35 1.6084021682293883 -0.021386527300478127 -0.5216834882543061
decision_type=2 2 2 2 2 2
left_child=1 2 3 4 -1 -4
right_child=-2 -3 5 -5 -6 -7
leaf_value=-0.00042037536768954202 0.0012290523341614667 0.001593950594751979 0.0011080660047982998 -0.0017745256173774615 0.0021318936945783581 -0.00039262375578723058
leaf_weight=86.081221464439295 220.05677442465094 91.743863651179709 139.09125093714101 36.983340069651604 165.86811317963293 1616.755665160832
leaf_count=1549 2369 907 1676 170 2175 20042
internal_value=9.40578e-05 -2.80251e-05 -0.000108202 0.000840219 0.00127712 -0.000268143
internal_weight=2356.58 2136.52 2044.78 288.933 251.949 1755.85
internal_count=28888 26519 25612 3894 3724 21718
is_linear=0
shrinkage=0.03


Tree=131
num_leaves=7
num_cat=0
split_feature=11 12 14 37 8 23
split_gain=0.471847 0.385465 0.350798 0.507589 0.430028 0.398464
threshold=0.038793579063723986 0.98361112557961694 0.2440408034823344 -5.4871341609037829 0.027570469353184458 0.060369986376608738
decision_type=2 2 2 10 2 2
left_child=2 -2 3 -1 -4 -5
right_child=1 -3 4 5 -6 -7
leaf_value=0.0013635239894362759 0.0012681449158121706 -0.00023702580630930736 -0.00017640129268209665 -0.00061368635292258689 -0.0021741464550790218 0.0006721379440747633
leaf_weight=182.09053140881588 367.34556061847252 253.11545546725392 216.46865640580654 876.88878474038211 168.57833342254162 278.07931350480067
leaf_count=3273 5969 1409 1017 12817 775 3486
internal_value=-4.28313e-05 0.000660094 -0.000298439 -6.58638e-05 -0.00108393 -0.000300989
internal_weight=2342.57 620.461 1722.11 1337.06 385.047 1154.97
internal_count=28746 7378 21368 19576 1792 16303
is_linear=0
shrinkage=0.03


Tree=132
num_leaves=7
num_cat=0
split_feature=58 11 3 33 15 24
split_gain=0.374646 0.355965 0.296681 0.318554 0.285351 0.444436
threshold=0.58571428571428574 0.1184788273143335 -0.055545665417160044 -2.6317969759305311 1.5000000000000002 1.0000000180025095e-35
decision_type=2 2 2 10 2 2
left_child=1 2 4 -4 -1 -6
right_child=-2 -3 3 -5 5 -7
leaf_value=-9.2226708749555607e-05 0.0025410782754265219 0.0016950554299894876 0.0023283161626812127 0.00024199583963432905 -0.0037877238349979525 -0.00047406466891441508
leaf_weight=1580.6768185762776 44.403402322379407 99.057386150350794 72.351642289781012 344.18328530757572 38.795951783424243 158.60914654968656
leaf_count=20047 444 1060 867 3597 591 2162
internal_value=8.0531e-05 2.20733e-05 -6.07854e-05 0.000650478 -0.000230113 -0.00127652
internal_weight=2338.08 2293.67 2194.62 416.535 1778.08 197.405
internal_count=28768 28324 27264 4464 22800 2753
is_linear=0
shrinkage=0.03


Tree=133
num_leaves=7
num_cat=0
split_feature=58 8 62 9 24 56
split_gain=0.382532 0.413641 0.378909 0.313447 0.339275 0.331793
threshold=0.41428571428571431 0.17726423525244533 -0.73413824809011063 -0.0038457117057651142 7.5000000000000009 -9.3487138920265593
decision_type=2 2 2 2 2 2
left_child=1 2 -1 5 -5 -4
right_child=-2 -3 3 4 -6 -7
leaf_value=0.0019162925962188293 0.0016514091534180879 0.0014195394360027062 -5.2839306116607425e-05 -7.5229979975093188e-05 0.0018377718747006452 -0.0012432362612419885
leaf_weight=65.695524610986467 114.38181076291949 148.63091819023248 397.29356256595929 1100.8134460355795 80.229384361067787 440.99182791489875
leaf_count=807 1203 1619 5919 12209 943 6091
internal_value=3.20974e-05 -5.78156e-05 -0.000169402 -0.000246365 6.9061e-05 -0.000686338
internal_weight=2348.04 2233.65 2085.02 2019.33 1181.04 838.285
internal_count=28791 27588 25969 25162 13152 12010
is_linear=0
shrinkage=0.03


Tree=134
num_leaves=7
num_cat=0
split_feature=58 3 12 33 39 23
split_gain=0.398209 0.358153 0.507662 0.410361 0.344733 0.329418
threshold=0.58571428571428574 -0.017649239835091445 1.1927713423083131 0.69652887185414647 6.5000000000000009 -0.30651523775320394
decision_type=2 2 2 10 2 2
left_child=1 5 3 4 -3 -1
right_child=-2 2 -4 -5 -6 -7
leaf_value=-0.00099649635070271484 0.0025320715624240786 0.00360571986289692 -0.00094520381310797769 -0.00037524646684452851 0.00045636627584716292 -1.0829992689954905e-05
leaf_weight=363.25225183920702 44.971758244733792 88.854966590064578 83.356903076171875 56.236776743433438 50.49674410620355 1674.0424448465055
leaf_count=5349 451 1223 419 706 717 20071
internal_value=8.41988e-06 -5.12531e-05 0.00093774 0.00174716 0.00257146 -0.000190585
internal_weight=2361.21 2316.24 278.945 195.588 139.352 2037.29
internal_count=28936 28485 3065 2646 1940 25420
is_linear=0
shrinkage=0.03


Tree=135
num_leaves=7
num_cat=0
split_feature=58 15 23 23 34 10
split_gain=0.469942 0.396612 0.428862 0.33683 0.292924 0.414739
threshold=0.58571428571428574 1.5000000000000002 -0.29582478002042117 0.060369986376608738 -7.6169437865416203 -0.071324433857954977
decision_type=2 2 2 2 10 2
left_child=1 2 -1 -3 5 -4
right_child=-2 3 4 -5 -6 -7
leaf_value=-0.0008978551612602233 0.0026875650754996797 -0.0017548399165826557 -0.0017015748926029412 0.00064857203040804916 6.2200105380365791e-05 0.0016110057931869083
leaf_weight=357.94241254738881 45.171684435539646 203.44832581793889 31.46213724516565 63.732979682448786 1427.7451802935102 222.16895517485682
leaf_count=5136 459 2795 591 709 15772 3295
internal_value=-4.90862e-05 -0.000114053 3.05192e-05 -0.00117882 0.000232298 0.00115113
internal_weight=2351.67 2306.5 2039.32 267.181 1681.38 253.631
internal_count=28757 28298 24794 3504 19658 3886
is_linear=0
shrinkage=0.03


Tree=136
num_leaves=7
num_cat=0
split_feature=0 23 20 13 4 60
split_gain=0.466035 0.391726 0.368018 0.34459 0.288671 0.249841
threshold=0.41255448396299527 0.60973141312623946 -0.13715866878535302 2.249904835165133 -0.083149298284831932 0.21410690909544833
decision_type=2 2 2 2 2 2
left_child=1 2 3 4 -1 -4
right_child=-2 -3 5 -5 -6 -7
leaf_value=-0.001027390513343952 0.0025246726759552873 0.0017791517515202257 -4.2727201005688615e-05 -0.0019341219770026979 0.001706957171492107 0.0014752023321199408
leaf_weight=73.362368413596414 56.067739235295448 92.85440559044946 1819.3623485514836 167.95937621482881 49.640583780768793 93.096007410669699
leaf_count=852 606 1062 22177 2729 559 882
internal_value=4.05022e-05 -3.08373e-05 -0.000114806 -0.00108996 0.000121488 3.84528e-05
internal_weight=2352.34 2296.28 2203.42 290.962 123.003 1912.46
internal_count=28867 28261 27199 4140 1411 23059
is_linear=0
shrinkage=0.03


Tree=137
num_leaves=7
num_cat=0
split_feature=52 14 58 14 62 39
split_gain=0.362906 0.497962 0.375351 0.354668 0.340946 0.373821
threshold=3.2080875396860176 0.37388807372486693 0.13392857142857145 0.029713862495664999 -0.20536366794444297 5.5000000000000009
decision_type=2 2 2 2 2 2
left_child=1 3 -2 -1 -5 -6
right_child=2 -3 -4 4 5 -7
leaf_value=-0.0020074755573440692 -0.00033235900801126722 -0.001970155255902043 0.00076469618012624621 -0.00019190397029417505 0.0026563682491804867 0.00067682755040691565
leaf_weight=23.509931294014677 1483.8482282207115 45.465052872896194 335.83199067770329 111.88191359490156 171.28418776392937 180.65154991298914
leaf_count=1672 18461 187 3878 1117 1674 1870
internal_value=7.56087e-05 0.000756571 -0.000126819 0.00104546 0.00123931 0.00168703
internal_weight=2352.47 532.793 1819.68 487.328 463.818 351.936
internal_count=28859 6520 22339 6333 4661 3544
is_linear=0
shrinkage=0.03


Tree=138
num_leaves=7
num_cat=0
split_feature=28 4 37 22 6 12
split_gain=0.370136 0.488028 0.411072 0.390582 0.458793 0.428039
threshold=3.4088362455368046 -0.19671184552517701 0.12564335701366283 0.037185476091338071 0.20583536297627988 0.99746756024493588
decision_type=8 2 10 2 2 2
left_child=3 2 -2 -1 5 -5
right_child=1 -3 -4 4 -6 -7
leaf_value=-0.00038840615341421947 -0.0034956593251078728 0.0013083048086865664 0.0016109785431508224 0.00086575388396123768 0.0025654159180222851 -0.0011257435835867113
leaf_weight=1528.0197493638261 29.302180725964718 311.07412393164122 14.87041906127706 260.84427875393885 76.688517949660309 141.58921568468213
leaf_count=18960 477 3381 123 4413 787 802
internal_value=4.88586e-06 0.000883626 -0.0017965 -0.000154253 0.000585183 0.000154774
internal_weight=2362.39 355.247 44.1726 2007.14 479.122 402.433
internal_count=28943 3981 600 24962 6002 5215
is_linear=0
shrinkage=0.03


Tree=139
num_leaves=7
num_cat=0
split_feature=23 62 58 2 24 59
split_gain=0.371566 0.375799 0.334868 0.289588 0.288696 0.288117
threshold=0.83259470567705984 -0.73413824809011063 0.41428571428571431 -0.19267037824261166 3.5000000000000004 -0.2926604631795045
decision_type=2 2 2 2 2 2
left_child=1 -1 3 4 5 -3
right_child=-2 2 -4 -5 -6 -7
leaf_value=0.0019401494718593792 0.0024688553732444031 0.0009471786055858083 0.0013780718589545206 -6.9771880417391626e-05 3.25839283569274e-05 -0.0020233501127924895
leaf_weight=70.279325756069738 42.758162755315425 28.173263199569192 112.45002105619642 1745.6595647182548 154.92639946858981 198.97101930886856
leaf_count=842 477 485 1179 19591 2649 3632
internal_value=-2.07494e-05 -7.72638e-05 -0.000148895 -0.000235664 -0.000972505 -0.0016305
internal_weight=2353.22 2310.46 2240.18 2127.73 382.071 227.144
internal_count=28855 28378 27536 26357 6766 4117
is_linear=0
shrinkage=0.03


Tree=140
num_leaves=7
num_cat=0
split_feature=15 24 11 46 51 2
split_gain=0.426328 0.396666 0.353825 0.344743 0.359142 0.312663
threshold=1.5000000000000002 2.5000000000000004 0.070656075123294235 15.500000000000002 0.29166666666666669 -0.11512284393491538
decision_type=2 2 2 10 2 2
left_child=2 -2 3 4 -1 -4
right_child=1 -3 5 -5 -6 -7
leaf_value=0.00018226241383100249 -0.0020946163284664234 0.00015022548643600937 -0.00037112716129475713 -0.00047590471551882093 0.0022567476110341741 0.0017123154928817079
leaf_weight=907.69298062907183 148.84829361463198 125.60428430596949 88.620299448550213 808.53225906367879 72.149874803144485 203.63039961247705
leaf_count=11614 2018 1563 1177 9665 681 2108
internal_value=-8.47495e-06 -0.00109809 0.00013982 -2.05135e-05 0.000356271 0.00108917
internal_weight=2355.08 274.453 2080.63 1788.38 979.843 292.251
internal_count=28826 3581 25245 21960 12295 3285
is_linear=0
shrinkage=0.03


Tree=141
num_leaves=7
num_cat=0
split_feature=11 0 22 34 22 14
split_gain=0.337001 0.290192 0.347574 0.369842 0.261761 0.231758
threshold=0.1184788273143335 0.13490436070441647 0.038618452791338478 2.1220874786376958 -0.0023305873751992413 0.39133863901442489
decision_type=2 2 2 8 2 2
left_child=1 5 3 -3 -2 -1
right_child=4 2 -4 -5 -6 -7
leaf_value=-0.00016781864812469822 -0.00062816546472349208 -0.00030743658103122906 0.0021838818703622436 0.0021671553328889274 0.0024698965954311732 -0.0015937640796279489
leaf_weight=1722.9806529834605 29.972912152705248 286.93676740091178 87.591379447083455 56.590041308896616 72.908040586858988 99.392549820244312
leaf_count=22877 346 3061 902 454 732 411
internal_value=-8.18042e-06 -8.79273e-05 0.000603353 0.000149979 0.00159163 -0.000253863
internal_weight=2356.37 2253.49 431.118 343.527 102.881 1822.37
internal_count=28783 27705 4417 3515 1078 23288
is_linear=0
shrinkage=0.03


Tree=142
num_leaves=7
num_cat=0
split_feature=9 31 4 6 60 23
split_gain=0.340366 0.32595 0.398145 0.280179 0.275541 0.255474
threshold=0.012280247567345236 4.4232293553650388 -0.21607616536261107 -0.11471590486644508 0.019687400646616674 0.60973141312623946
decision_type=2 8 2 2 2 2
left_child=5 4 -3 -4 -2 -1
right_child=1 2 3 -5 -6 -7
leaf_value=-0.00047347705523181807 -0.00036010901699181925 -0.0015747805100302843 -0.00038649333555664211 0.001457662028432172 0.0013903847491774756 0.0016009502512889429
leaf_weight=1131.2998917855439 563.74018250813242 45.426164069242077 85.86486090318067 404.20589334346005 84.277406173292547 46.419452857604483
leaf_count=15549 5085 714 1472 4807 649 583
internal_value=-1.94602e-05 0.000338421 0.0008789 0.00113328 -0.00011478 -0.000378923
internal_weight=2361.23 1183.51 535.497 490.071 648.018 1177.72
internal_count=28859 12727 6993 6279 5734 16132
is_linear=0
shrinkage=0.03


Tree=143
num_leaves=7
num_cat=0
split_feature=0 8 56 9 28 36
split_gain=0.323331 0.300104 0.311744 0.410795 0.285846 0.303826
threshold=0.51532498537565985 -0.24310784462849086 -9.6900019978409624 0.10546807838015412 0.49259684979915624 2.7845542503227656
decision_type=2 2 2 2 10 10
left_child=1 -1 -3 4 -4 -6
right_child=-2 2 3 -5 5 -7
leaf_value=-0.0025095748385354048 0.0029024031221675443 0.00039039740516411386 -0.00095165920970196921 0.00096892850556303716 0.00027493833787991449 -0.0024852667002411206
leaf_weight=33.128187183494447 24.332708711677697 1066.0081845954119 610.01395500903891 183.62128494452918 416.404605931486 29.192469099070877
leaf_count=1030 271 13095 8149 1927 4152 251
internal_value=1.21714e-05 -3.0135e-05 1.6182e-05 -0.000306273 -0.000535102 4.3528e-05
internal_weight=2362.7 2338.37 2305.24 1239.23 1055.61 445.597
internal_count=28875 28604 27574 14479 12552 4403
is_linear=0
shrinkage=0.03


Tree=144
num_leaves=7
num_cat=0
split_feature=0 58 37 14 2 17
split_gain=0.439962 0.322744 0.308023 0.301463 0.291839 0.297798
threshold=0.51532498537565985 0.41428571428571431 2.1110267439510402 0.39133863901442489 -0.30394491481663721 1.5000000000000002
decision_type=2 2 10 2 2 2
left_child=1 3 -3 4 -1 -6
right_child=-2 2 -4 -5 5 -7
leaf_value=-0.0014633145747437316 0.003438784778764374 3.7578769201824785e-05 0.0030253259410208903 -0.0014721705930104741 0.00015659795432986675 -0.0013859716449895123
leaf_weight=109.38786269942648 23.387354583595879 65.936616525723366 49.137532707769424 127.76645323634148 1860.2558025206672 109.87279951374512
leaf_count=2657 257 792 396 527 22533 1620
internal_value=1.94402e-05 -2.95906e-05 0.00145325 -0.000113102 -2.29546e-05 6.40049e-05
internal_weight=2345.74 2322.36 115.074 2207.28 2079.52 1970.13
internal_count=28782 28525 1188 27337 26810 24153
is_linear=0
shrinkage=0.03


Tree=145
num_leaves=7
num_cat=0
split_feature=15 24 60 52 30 59
split_gain=0.341085 0.338779 0.383444 0.32415 0.317776 0.26345
threshold=1.5000000000000002 2.5000000000000004 -0.085060605465293246 1.0000000180025095e-35 -2.8153724670410152 -0.41025668675248023
decision_type=2 2 2 2 10 2
left_child=3 2 -2 4 -1 -5
right_child=1 -3 -4 5 -6 -7
leaf_value=0.0022629364916710928 0.0018370774349701646 0.00013747042827684132 -0.0024072192010457616 0.00092810740263592293 0.00021679469205014503 -0.00018920389255412765
leaf_weight=103.32324116665404 14.569530298467724 128.33364425014588 138.09383336122846 205.3110896757571 178.06871089618653 1603.1033613747713
leaf_count=1719 142 1587 1917 2425 1887 19315
internal_value=-4.22124e-05 -0.00100462 -0.00191413 9.13617e-05 0.00101999 -5.79481e-05
internal_weight=2370.8 280.997 152.663 2089.81 281.392 1808.41
internal_count=28992 3646 2059 25346 3606 21740
is_linear=0
shrinkage=0.03


Tree=146
num_leaves=7
num_cat=0
split_feature=58 62 35 8 37 22
split_gain=0.364405 0.310663 0.426363 0.311181 0.29357 0.273895
threshold=0.44949494949494956 -0.73413824809011063 0.61855176064101136 0.17726423525244533 2.0033377894510829 -0.16497685013831462
decision_type=2 2 10 2 10 2
left_child=1 2 -1 5 -2 -3
right_child=4 3 -4 -5 -6 -7
leaf_value=0.003572808795909415 0.00023790470628307572 -0.0013091403267240257 -0.00065762514189223874 0.0011895615477836364 0.0032855561322403812 -9.9047408720553511e-05
leaf_weight=38.687888932880014 63.158053876715712 175.30092418813729 33.577083267970011 144.03295829790295 44.429507817141712 1865.227631776841
leaf_count=500 770 2603 379 1578 373 22842
internal_value=4.06169e-05 -4.40239e-05 0.00176618 -0.00011168 0.00166885 -0.000208883
internal_weight=2364.41 2256.83 72.265 2184.56 107.588 2040.53
internal_count=29045 27902 879 27023 1143 25445
is_linear=0
shrinkage=0.03


Tree=147
num_leaves=7
num_cat=0
split_feature=60 23 28 62 4 29
split_gain=0.315967 0.308827 0.287061 0.360389 0.324004 0.259497
threshold=-0.081125838084065025 -0.36312360506034508 3.3297342061996464 -0.15093573364874283 -0.085185903742506619 -0.56646525859832753
decision_type=2 2 8 2 2 10
left_child=1 -1 -2 4 -4 -5
right_child=2 -3 3 5 -6 -7
leaf_value=-0.0010043389807057883 -0.00019653239838711981 0.0014121184042636709 -0.0028444238764624829 0.0014982018918621263 0.0013955416919290726 -0.0011399630045377642
leaf_weight=50.689947597798891 1726.3023214843124 250.19944477407262 33.521662476239726 250.02628482237924 18.210471014492214 31.088089525233954
leaf_count=557 22285 2226 394 2994 181 268
internal_value=9.43222e-05 0.000985814 -4.00802e-05 0.000753421 -0.0013676 0.00117731
internal_weight=2360.04 300.889 2059.15 332.847 51.7321 281.114
internal_count=28905 2783 26122 3837 575 3262
is_linear=0
shrinkage=0.03


Tree=148
num_leaves=7
num_cat=0
split_feature=14 10 11 8 59 34
split_gain=0.442032 0.403408 0.387757 0.346488 0.334334 0.304962
threshold=0.2440408034823344 0.026169835092487621 0.051655768907517836 0.022712786241379242 -0.32483685724541039 -7.7687110503514596
decision_type=2 2 2 2 2 10
left_child=3 -2 -3 4 -1 -5
right_child=1 2 -4 5 -6 -7
leaf_value=0.0010909249521237458 -0.0014099357003616209 -0.00045049477013447742 0.0024396314756906625 0.0019448467319907281 -0.00041038342526362846 0.00038936786488955787
leaf_weight=148.36679469962837 329.6965921446681 164.73823010921478 45.035071849822998 127.4015991003107 845.88836232738686 701.3421373051533
leaf_count=2239 1530 761 203 2038 13298 8772
internal_value=-2.43127e-05 -0.000770568 0.000252745 0.000199522 -0.00017772 0.000648826
internal_weight=2362.47 539.47 209.773 1823 994.255 828.744
internal_count=28841 2494 964 26347 15537 10810
is_linear=0
shrinkage=0.03


Tree=149
num_leaves=7
num_cat=0
split_feature=34 10 20 5 62 12
split_gain=0.327609 0.345069 0.322718 0.33461 0.360785 0.29795
threshold=-7.6169437865416203 -0.075031117832132357 0.17664197508136173 0.048828116547924912 -0.73413824809011063 1.1472666912372576
decision_type=10 2 2 2 2 2
left_child=1 -1 3 4 -2 -4
right_child=2 -3 5 -5 -6 -7
leaf_value=-0.0016450394800330875 0.0016739931628240274 0.0011189247706435985 0.0019871080222597683 0.00095410173320828213 -0.00055263646822306591 -0.00095864634921501472
leaf_weight=37.991522865981096 58.608459392737132 290.75363779696636 93.442119331040885 153.35814247687813 1680.8817691964214 36.981811873614788
leaf_count=786 656 4649 1403 1514 19590 194
internal_value=-0.000103999 0.000760373 -0.000247493 -0.00034881 -0.000468475 0.00114305
internal_weight=2352.02 328.745 2023.27 1892.85 1739.49 130.424
internal_count=28792 5435 23357 21760 20246 1597
is_linear=0
shrinkage=0.03


Tree=150
num_leaves=7
num_cat=0
split_feature=52 10 23 60 31 2
split_gain=0.451513 0.271251 0.375299 0.345195 0.286185 0.279037
threshold=1.0000000180025095e-35 -0.059364787901452672 -0.33973639122211136 0.18674709343578108 -2.6811660528182979 -0.11852863379902569
decision_type=2 2 2 2 8 2
left_child=-1 -2 -3 4 -4 -6
right_child=1 2 3 -5 5 -7
leaf_value=0.001057169733430501 -0.00087572500778318582 -0.0010088257012998221 0.0018300702222472025 0.0020537749205913852 -0.00051466067898529237 0.00037922249298609338
leaf_weight=332.52676815414452 343.43643434424303 250.20490989019163 71.752282620640472 77.708408704667818 537.2979512407037 728.26544445918989
leaf_count=4308 4700 3539 599 681 6829 8016
internal_value=5.02444e-05 -0.000120859 3.91221e-05 0.0002302 0.000109779 -1.33735e-06
internal_weight=2341.19 2008.67 1665.23 1415.02 1337.32 1265.56
internal_count=28672 24364 19664 16125 15444 14845
is_linear=0
shrinkage=0.03


Tree=151
num_leaves=7
num_cat=0
split_feature=14 2 28 59 26 14
split_gain=0.339364 0.293543 0.344626 0.408358 0.313201 0.432718
threshold=0.39133863901442489 -0.15318988106236286 2.3455115556716923 -0.83241059901644132 2.2570517063140874 0.30338066355976473
decision_type=2 2 8 2 10 2
left_child=1 -1 3 -3 5 -4
right_child=-2 2 4 -5 -6 -7
leaf_value=-0.00043587522298263101 -0.0014049497031417956 0.0029383689495272891 0.0018242511957730107 -5.7674930937061871e-05 -0.00101859412132134 -0.0014541919119183918
leaf_weight=692.94956329776323 139.31248883903027 32.467281759192701 281.11509573250078 1133.4214330396935 47.22094229911454 33.837816655635834
leaf_count=10734 576 358 3110 13501 407 150
internal_value=-2.03784e-05 7.23766e-05 0.000304195 5.00369e-05 0.00109904 0.00143811
internal_weight=2360.32 2221.01 1528.06 1165.89 362.174 314.953
internal_count=28836 28260 17526 13859 3667 3260
is_linear=0
shrinkage=0.03


Tree=152
num_leaves=7
num_cat=0
split_feature=58 24 8 62 8 10
split_gain=0.404346 0.345784 0.408164 0.318192 0.266692 0.341655
threshold=0.58571428571428574 7.5000000000000009 -0.20889381837855261 -0.73413824809011063 0.17726423525244533 -0.00069536365718001608
decision_type=2 2 2 2 2 2
left_child=1 2 -1 -4 -5 -6
right_child=-2 -3 3 4 5 -7
leaf_value=-0.0027422140249047404 0.0024665129853468719 0.0011782833854546871 0.0017166337950030319 -0.00032099037167672781 -0.00064977433010994046 0.0021840028978655896
leaf_weight=46.42010726875742 45.656530184467556 161.04092594620306 68.844195745536126 1899.2984798257676 60.660060997295659 79.291745388065465
leaf_count=1309 463 2112 779 22723 655 865
internal_value=-6.08648e-05 -0.00012109 -0.000223207 -0.000155054 -0.00022631 0.000994322
internal_weight=2361.21 2315.56 2154.51 2108.09 2039.25 139.952
internal_count=28906 28443 26331 25022 24243 1520
is_linear=0
shrinkage=0.03


Tree=153
num_leaves=7
num_cat=0
split_feature=23 2 22 15 6 29
split_gain=0.276684 0.23582 0.210099 0.199762 0.2546 0.288131
threshold=0.11337790260856941 -0.30872623534187299 -0.016683909875663244 1.5000000000000002 -0.011654905997088029 -0.37834213674068445
decision_type=2 2 2 2 2 8
left_child=1 2 -1 4 5 -3
right_child=-2 3 -4 -5 -6 -7
leaf_value=-0.0032261592021946991 0.00066461243548252512 8.1821963762636308e-05 -0.0003898897168447591 -0.00088872618392029376 0.00036737568090834129 -0.0013556943936724015
leaf_weight=29.622197726828745 517.10036798089277 344.78996625909349 65.901767123228638 204.57985075894976 1006.463322194817 186.35972643870628
leaf_count=768 5522 4853 1568 2647 11050 2340
internal_value=5.85431e-05 -0.000114668 -0.0014918 -3.10771e-05 8.80386e-05 -0.000438278
internal_weight=2354.82 1837.72 95.524 1742.19 1537.61 531.15
internal_count=28748 23226 2336 20890 18243 7193
is_linear=0
shrinkage=0.03


Tree=154
num_leaves=7
num_cat=0
split_feature=3 33 35 15 10 35
split_gain=0.316138 0.528662 0.354373 0.336097 0.334812 0.373821
threshold=-0.024943792453169161 -0.068156239887078598 -2.4024687431507052 1.5000000000000002 -0.075031117832132357 -3.9983922372172982
decision_type=2 10 8 2 2 10
left_child=3 2 -2 4 -1 -6
right_child=1 -3 -4 -5 5 -7
leaf_value=-0.0010296971262609444 -0.00044170350359910664 -0.00052114584257420093 0.0026065478341194903 -0.0011795880497247392 0.001277406101433064 -7.8481918212330886e-06
leaf_weight=224.39804747063317 41.242596487398259 131.74050718103535 138.48136960831471 223.48609473224496 229.45917680830462 1361.9513196299813
leaf_count=3209 490 1352 1526 3031 3004 16187
internal_value=2.91708e-05 0.000903746 0.00192063 -0.000108163 2.94446e-05 0.000184287
internal_weight=2350.76 311.464 179.724 2039.29 1815.81 1591.41
internal_count=28799 3368 2016 25431 22400 19191
is_linear=0
shrinkage=0.03


Tree=155
num_leaves=7
num_cat=0
split_feature=14 6 3 24 33 28
split_gain=0.31402 0.26001 0.248335 0.272863 0.237669 0.225994
threshold=0.54746047919556318 0.52927501032033575 -0.24694210426726967 7.5000000000000009 0.69652887185414647 3.9384069442749028
decision_type=2 2 2 2 10 10
left_child=1 2 -1 5 -5 -4
right_child=-2 -3 3 4 -6 -7
leaf_value=-0.00081083370315402617 -0.0028107881001086348 0.00233192508886699 -9.3075983056940727e-05 0.0020828590205022885 -0.0004028583110779804 0.0016053744335460466
leaf_weight=322.21511576173361 26.575393497943878 31.93297200469533 1773.4638452934159 96.082053065299988 47.177582936594263 63.412013684632257
leaf_count=5270 114 313 20922 1232 549 549
internal_value=-5.25618e-05 -9.30393e-06 -5.17204e-05 7.5259e-05 0.0012914 -2.60677e-05
internal_weight=2360.86 2334.28 2302.35 1980.14 143.26 1836.88
internal_count=28949 28835 28522 23252 1781 21471
is_linear=0
shrinkage=0.03


Tree=156
num_leaves=7
num_cat=0
split_feature=6 20 52 57 29 11
split_gain=0.352367 0.35839 0.305175 0.260246 0.24746 0.273907
threshold=0.52927501032033575 -0.13715866878535302 1.0000000180025095e-35 2.5000000000000004 -6.0331645011901847 -0.092164302520756761
decision_type=2 2 2 2 8 2
left_child=1 -1 3 -3 5 -4
right_child=-2 2 4 -5 -6 -7
leaf_value=-0.00095526657884080447 0.0027398088629638651 0.0016920239644042806 -0.0016267967336824245 -0.00013238921313325598 -0.00020045468478191092 0.00095858821328392201
leaf_weight=303.00376274916925 32.692743210121989 179.80912423631526 32.401565397100057 109.65701528213685 1372.4903645519225 318.6788763901277
leaf_count=4308 319 2289 452 1355 15913 4155
internal_value=3.91102e-05 -1.06273e-05 0.00013558 0.00101955 -1.79039e-05 0.000681535
internal_weight=2348.73 2316.04 2013.04 289.466 1723.57 351.08
internal_count=28791 28472 24164 3644 20520 4607
is_linear=0
shrinkage=0.03


Tree=157
num_leaves=7
num_cat=0
split_feature=9 31 28 60 12 57
split_gain=0.280379 0.278365 0.259918 0.23512 0.268141 0.311694
threshold=0.15996614596799968 2.4248345345258717 3.9384069442749028 -0.081125838084065025 0.61642251731678266 5.5000000000000009
decision_type=2 8 10 2 2 2
left_child=2 -2 3 4 -1 -6
right_child=1 -3 -4 -5 5 -7
leaf_value=0.0018943376617265048 -0.0003135681900944581 0.0022840000568021056 0.0015702234968474184 -0.00023926244295580944 -0.00067695142676490452 0.0021309830707446488
leaf_weight=94.614793587912573 57.694740345003083 84.250648545799777 75.253364950651303 1874.6515056619101 141.49815246090293 36.500458285212517
leaf_count=1489 468 1111 668 24127 868 219
internal_value=3.01932e-05 0.00127705 -5.48031e-05 -0.000118769 0.000688964 -1.84321e-05
internal_weight=2364.46 141.945 2222.52 2147.26 272.613 177.999
internal_count=28950 1579 27371 26703 2576 1087
is_linear=0
shrinkage=0.03


Tree=158
num_leaves=7
num_cat=0
split_feature=23 2 24 62 28 58
split_gain=0.358649 0.316336 0.331424 0.263429 0.288866 0.261359
threshold=0.83259470567705984 -0.30872623534187299 3.5000000000000004 -0.73413824809011063 3.9384069442749028 0.27922077922077926
decision_type=2 2 2 2 10 2
left_child=1 2 -1 -3 5 -5
right_child=-2 3 -4 4 -6 -7
leaf_value=-0.0027511405541291432 0.0025571548741132005 0.0017891887744928541 0.00043156920884770478 -0.00015006660538898162 0.0017572629104779074 0.00095768065155206754
leaf_weight=63.020175450277748 41.08229802531423 69.757882334757596 45.342897876136703 1863.1593892343371 74.037641877308488 203.55592698827968
leaf_count=1561 473 803 1058 22258 623 2117
internal_value=7.06421e-05 1.57988e-05 -0.00149544 9.62832e-05 3.30563e-05 -3.68757e-05
internal_weight=2359.96 2318.87 108.363 2210.51 2140.75 2066.72
internal_count=28893 28420 2619 25801 24998 24375
is_linear=0
shrinkage=0.03


Tree=159
num_leaves=7
num_cat=0
split_feature=23 8 29 4 56 56
split_gain=0.338332 0.275336 0.280881 0.322957 0.278897 0.279623
threshold=0.30545296412479345 -0.080668876265538716 -6.5681655406951895 -0.090226106855818292 -57.535451544875635 -17.124411666017902
decision_type=2 2 10 2 2 2
left_child=1 -1 3 -3 -5 -6
right_child=-2 2 -4 4 5 -7
leaf_value=-0.0010221643249506438 0.00089966117779173474 -4.3974001675499457e-05 -0.00025321319925683013 -0.00094259829876391975 0.00374467996735306 0.0010360934497462906
leaf_weight=275.21020440026768 304.35489168428467 301.20353790491936 1277.773252453233 29.598040315555409 46.257600486977026 119.90991645911708
leaf_count=5279 3275 3767 14110 399 540 1409
internal_value=-1.71485e-05 -0.000156973 -1.7832e-05 0.000580421 0.00149656 0.00195987
internal_weight=2354.31 2049.95 1774.74 496.969 195.766 166.168
internal_count=28779 25504 20225 6115 2348 1949
is_linear=0
shrinkage=0.03


Tree=160
num_leaves=7
num_cat=0
split_feature=15 24 60 22 14 34
split_gain=0.338929 0.381296 0.306696 0.248062 0.330258 0.298286
threshold=1.5000000000000002 2.5000000000000004 -0.085060605465293246 0.15729649469262996 0.25855885032934484 -7.6169437865416203
decision_type=2 2 2 2 2 10
left_child=3 2 -2 5 -5 -1
right_child=1 -3 -4 4 -6 -7
leaf_value=0.00095881986256358292 0.0014465190719085085 0.00026105773541934899 -0.002376987588848644 0.0018916240478432354 -0.0013292216054668097 -0.00010092334882384925
leaf_weight=269.06963099646964 14.941586935427038 125.85789219973958 134.74512384342961 127.7429348238511 28.507399812340736 1657.6961974447477
leaf_count=4355 144 1563 1881 1878 128 18939
internal_value=1.52535e-05 -0.000954359 -0.00192864 0.000147462 0.00125938 5.12545e-05
internal_weight=2358.56 275.545 149.687 2083.02 156.25 1926.77
internal_count=28888 3588 2025 25300 2006 23294
is_linear=0
shrinkage=0.03


Tree=161
num_leaves=7
num_cat=0
split_feature=0 60 14 15 37 4
split_gain=0.268895 0.276787 0.26151 0.295033 0.328454 0.397833
threshold=-0.038119576109498503 0.019687400646616674 0.44386916918067715 1.5000000000000002 -2.6546728708670426 -0.20179477352194145
decision_type=2 2 2 2 10 2
left_child=-1 2 3 4 5 -2
right_child=1 -3 -4 -5 -6 -7
leaf_value=-0.00042930388238775197 -0.0015421583868998378 0.0014767699330851237 -0.0018539507652244802 -0.00097625295394956956 6.8889197732129821e-05 0.0016201811641512976
leaf_weight=826.24521273268329 33.293474976962898 137.0881146795582 48.714524522423744 161.01981518534012 897.47897525093867 256.18265957923722
leaf_count=11659 580 1143 201 1998 9503 3742
internal_value=3.97202e-06 0.000238646 0.000107488 0.000191503 0.00035675 0.00121712
internal_weight=2360.02 1533.78 1396.69 1347.97 1186.96 289.476
internal_count=28826 17167 16024 15823 13825 4322
is_linear=0
shrinkage=0.03


Tree=162
num_leaves=7
num_cat=0
split_feature=20 31 28 36 6 29
split_gain=0.341749 0.275654 0.371974 0.34837 0.323809 0.301235
threshold=-0.13470144324703351 7.1147145628929147 0.36980450153350836 2.3542532485937988 -0.20207473135328294 -6.1890394687652579
decision_type=2 8 8 10 2 8
left_child=-1 2 -2 5 -3 -4
right_child=1 4 3 -5 -6 -7
leaf_value=-0.00088107780260176377 -0.00058316980727204026 -0.0010930048995375383 0.0019606194502567085 -0.0015169038696102306 0.00099679544841041706 0.00030500065748855268
leaf_weight=313.10044924446265 645.60895635164343 68.501510370406322 107.71368882473325 70.536990871187299 493.96890670931316 656.28464796935441
leaf_count=4436 7641 1643 1082 579 7223 6233
internal_value=2.5948e-05 0.000168596 -4.73036e-05 0.000369247 0.000727638 0.000560736
internal_weight=2355.72 2042.61 1480.14 834.535 562.47 763.998
internal_count=28837 24401 15535 7894 8866 7315
is_linear=0
shrinkage=0.03


Tree=163
num_leaves=7
num_cat=0
split_feature=23 2 33 17 6 30
split_gain=0.386423 0.279782 0.320921 0.235494 0.285173 0.260555
threshold=0.86746523603893999 -0.30394491481663721 0.80149622758229577 1.5000000000000002 0.52927501032033575 -4.4616732597351065
decision_type=2 2 10 2 2 10
left_child=1 2 -1 4 5 -3
right_child=-2 3 -4 -5 -6 -7
leaf_value=-0.0022157934492811789 0.0027706900417143764 0.00063754721965478918 0.0011683804812109009 -0.0011792142161816813 0.0026835900147538943 -0.00010601377179666342
leaf_weight=87.010704739368521 36.259003439801745 582.3433487596194 26.972617542312946 116.41926258703461 29.379104767576791 1486.1280623599887
leaf_count=2190 398 8343 530 1677 283 15521
internal_value=5.56116e-05 1.65981e-06 -0.00138533 7.89646e-05 0.00015405 0.000105384
internal_weight=2364.51 2328.25 113.983 2214.27 2097.85 2068.47
internal_count=28942 28544 2720 25824 24147 23864
is_linear=0
shrinkage=0.03


Tree=164
num_leaves=7
num_cat=0
split_feature=5 7 0 42 34 30
split_gain=0.287957 0.258003 0.257259 0.255145 0.254642 0.232224
threshold=0.0017922838758401079 0.067415715098539594 0.16470279012174219 2.5000000000000004 -1.8177363940825064 2.4879122972488408
decision_type=2 2 2 2 8 8
left_child=2 -2 3 -1 -3 -4
right_child=1 4 5 -5 -6 -7
leaf_value=-0.00038942404576566158 0.0011103473837827701 0.0012237425183193856 0.00013729050931491488 0.0013557149802698506 -0.0011782342681884599 0.002036048339458058
leaf_weight=1518.5394161794684 336.03096772768185 51.860843000235036 213.66040233301464 69.647659989306703 102.53577698394656 70.405318114208058
leaf_count=20003 3895 553 2374 705 779 626
internal_value=1.4527e-05 0.000654086 -0.000155587 -0.00030489 -0.000346064 0.00066113
internal_weight=2362.68 490.428 1872.25 1588.19 154.397 284.066
internal_count=28935 5227 23708 20708 1332 3000
is_linear=0
shrinkage=0.03


Tree=165
num_leaves=7
num_cat=0
split_feature=6 37 62 52 14 25
split_gain=0.269786 0.373952 0.267343 0.257179 0.253052 0.294908
threshold=0.25122645780168468 -4.7648510118325538 -0.73413824809011063 2.2049800368212646 0.027995546500708613 0.10692608036771224
decision_type=2 10 2 2 2 2
left_child=2 -2 -1 -3 -4 -6
right_child=1 3 4 -5 5 -7
leaf_value=0.0016899801313764575 0.0039061408938557509 0.0023896198945338285 -0.0017919221180094293 4.4708932555104129e-05 0.00010851123759079242 -0.0007365917895409466
leaf_weight=61.056837181909941 22.045199245825643 41.154298560111783 74.329079616698436 239.95158025162527 1420.8180747665465 492.33782156743109
leaf_count=750 376 398 5792 2261 14191 5083
internal_value=5.42106e-06 0.000825759 -0.000119397 0.000458302 -0.000183165 -0.00011167
internal_weight=2351.69 303.151 2048.54 281.106 1987.48 1913.16
internal_count=28851 3035 25816 2659 25066 19274
is_linear=0
shrinkage=0.03


Tree=166
num_leaves=7
num_cat=0
split_feature=23 0 28 46 3 5
split_gain=0.324403 0.314318 0.24767 0.326761 0.323862 0.36721
threshold=0.83259470567705984 0.33788149186152089 3.9384069442749028 10.500000000000002 -0.23770120502043007 -0.13803894132137481
decision_type=2 2 8 8 2 2
left_child=1 2 -1 -4 -5 -6
right_child=-2 -3 3 4 5 -7
leaf_value=-0.00021646594714241289 0.0024245334030869804 0.0015684519272671784 -0.001908521341668815 -0.0014445957007070914 -0.0014085581243549767 0.0019274243252357718
leaf_weight=1928.2167875653831 40.024051805608906 97.324295424565207 28.534339248202741 31.780334623530507 27.286363150924444 196.23731318378123
leaf_count=23939 458 1060 325 562 322 2164
internal_value=3.43932e-05 -1.73052e-05 -9.38187e-05 0.00071838 0.00107285 0.00147731
internal_weight=2349.4 2309.38 2212.06 283.838 255.304 223.524
internal_count=28830 28372 27312 3373 3048 2486
is_linear=0
shrinkage=0.03


Tree=167
num_leaves=7
num_cat=0
split_feature=60 2 40 23 40 7
split_gain=0.264124 0.316857 0.316323 0.309521 0.287131 0.288644
threshold=-0.082038947505780405 -0.10739505796086569 3.5000000000000004 -0.26015835984953201 2.5000000000000004 0.0014702399086086589
decision_type=2 2 2 2 2 2
left_child=3 4 -3 -1 -2 -6
right_child=1 2 -4 -5 5 -7
leaf_value=-0.00096645464066537909 -0.00025809214067215813 0.00012735354135419468 0.0022198628773387281 0.0013279680282365642 -8.9816836976334467e-05 -0.0027213948816814009
leaf_weight=59.707485567894764 883.76828283851501 973.20434602795285 59.810154962702654 234.24910936050583 64.015532770426944 83.076528480974957
leaf_count=644 12353 11148 658 2078 996 964
internal_value=1.96589e-05 -0.00010147 0.000268629 0.000845469 -0.00047136 -0.00165474
internal_weight=2357.83 2063.87 1033.01 293.957 1030.86 147.092
internal_count=28841 26119 11806 2722 14313 1960
is_linear=0
shrinkage=0.03


Tree=168
num_leaves=7
num_cat=0
split_feature=60 31 35 3 12 4
split_gain=0.256997 0.305063 0.336575 0.327592 0.299345 0.291791
threshold=0.019687400646616674 7.1147145628929147 1.2600379375120008 -0.23201137230403276 1.1927713423083131 -0.10422762352755359
decision_type=2 8 10 2 2 2
left_child=1 2 -1 -3 -2 -5
right_child=4 3 -4 5 -6 -7
leaf_value=2.3880500761805942e-05 0.00010930295213570709 -0.0009919381379569468 -0.00095897102706330882 0.00017292181427456973 0.0022871346635897813 0.0015469833942156829
leaf_weight=1012.2840660935035 140.02108192350715 103.77984661341179 444.01295738638146 320.2248086782929 86.816142067313194 239.88089769412181
leaf_count=11548 1583 2525 4389 4909 440 3448
internal_value=6.6889e-05 -3.76355e-05 -0.000280279 0.000490888 0.00100419 0.000778215
internal_weight=2347.02 2120.18 1456.3 663.886 226.837 560.106
internal_count=28842 26819 15937 10882 2023 8357
is_linear=0
shrinkage=0.03


Tree=169
num_leaves=7
num_cat=0
split_feature=58 9 56 24 43 60
split_gain=0.243088 0.240462 0.211163 0.258645 0.258603 0.221713
threshold=0.58571428571428574 0.16834920182140203 -9.3487138920265593 9.5000000000000018 1.5000000000000002 -0.059356133685173791
decision_type=2 2 2 2 2 2
left_child=1 2 3 4 5 -1
right_child=-2 -3 -4 -5 -6 -7
leaf_value=0.00095566034690418766 0.00205005981743903 0.0012505354889173323 -0.00036116645985798085 0.0025668403955205667 0.0022119839941009689 -0.0002019799807467699
leaf_weight=173.61052952404134 42.520536692347378 117.93879883916816 1169.9128942390671 30.843924063956365 40.903619303600863 777.62312278183526
leaf_count=1729 438 1345 14016 456 338 10518
internal_value=3.18786e-05 -1.39303e-05 -8.73042e-05 0.000226357 0.000128708 1.7046e-05
internal_weight=2353.35 2310.83 2192.89 1022.98 992.137 951.234
internal_count=28840 28402 27057 13041 12585 12247
is_linear=0
shrinkage=0.03


Tree=170
num_leaves=7
num_cat=0
split_feature=14 3 36 59 7 45
split_gain=0.33261 0.312496 0.240214 0.276612 0.225607 0.21422
threshold=0.54746047919556318 -0.055545665417160044 -2.10344421983593 -0.32483685724541039 -0.10389570354999092 0.23611111111111113
decision_type=2 2 10 2 2 10
left_child=1 4 -3 -4 -1 -6
right_child=-2 2 3 -5 5 -7
leaf_value=-0.0012098799547227061 -0.0028202803362450328 0.0022261767997588701 0.002291259996638447 6.9355756589099425e-05 0.00022261140037851035 -0.0004793801583466509
leaf_weight=143.16563959617633 26.585049539804459 74.062738143315073 50.202550753718242 314.77890800262685 1175.5245100496104 573.94709870099905
leaf_count=3047 115 872 514 3283 13448 7512
internal_value=1.81947e-05 6.24637e-05 0.000774096 0.000427928 -0.000105818 -9.10579e-06
internal_weight=2358.27 2331.68 439.044 364.981 1892.64 1749.47
internal_count=28791 28676 4669 3797 24007 20960
is_linear=0
shrinkage=0.03


Tree=171
num_leaves=7
num_cat=0
split_feature=24 60 28 62 8 20
split_gain=0.349377 0.355082 0.300891 0.287807 0.254658 0.234981
threshold=7.5000000000000009 0.15005941788240787 1.9829891920089724 -0.59955969003139375 0.19160706686124024 -0.041468888893967333
decision_type=2 2 10 2 2 2
left_child=1 3 -3 -1 -5 -2
right_child=5 2 -4 4 -6 -7
leaf_value=0.0010866416238787069 -0.00074038219892833467 0.00026904688990596418 0.0031802920681209845 -0.0004546284771335712 0.0010119959492476752 0.0017813966934058525
leaf_weight=120.3531081660185 37.484645350428764 99.949690226174425 38.482326111756265 1839.2337651167327 103.78624517165008 129.35077925631776
leaf_count=1434 528 975 299 22916 1154 1646
internal_value=-7.86433e-05 -0.000180914 0.00123807 -0.000281626 -0.000371508 0.00120497
internal_weight=2368.64 2201.81 138.432 2063.37 1943.02 166.835
internal_count=28952 26778 1274 25504 24070 2174
is_linear=0
shrinkage=0.03


Tree=172
num_leaves=7
num_cat=0
split_feature=58 62 52 62 14 15
split_gain=0.301582 0.294549 0.273007 0.307344 0.220785 0.21757
threshold=0.13392857142857145 0.49697593367514759 3.0368918406528054 -0.19722723019883312 0.030819500883219105 1.5000000000000002
decision_type=2 2 2 2 2 2
left_child=2 -2 3 -1 -5 -4
right_child=1 -3 5 4 -6 -7
leaf_value=-0.00068416247911833202 0.0015317948267644108 -3.3686513718076594e-06 -0.00021078480949402552 -0.0017389237792730678 0.0012396609733782698 -0.0013740876968874759
leaf_weight=126.95996637581266 201.09915848677338 240.69357196649071 1334.6572936311422 15.625353018345775 282.29199874587357 153.20342040905962
leaf_count=1493 2257 2766 16390 1096 2708 2059
internal_value=1.64542e-05 0.000713859 -0.000147503 0.000515271 0.00103204 -0.000338943
internal_weight=2354.53 441.793 1912.74 424.877 297.917 1487.86
internal_count=28769 5023 23746 5297 3804 18449
is_linear=0
shrinkage=0.03


Tree=173
num_leaves=7
num_cat=0
split_feature=22 14 15 28 33 30
split_gain=0.321326 0.246168 0.255133 0.314264 0.335001 0.341312
threshold=-0.17544820390449636 0.54746047919556318 1.5000000000000002 3.3297342061996464 1.5167065262794497 -2.3057258129119869
decision_type=2 2 2 8 10 10
left_child=-1 2 3 -2 5 -5
right_child=1 -3 -4 4 -6 -7
leaf_value=-0.0011720841395170324 0.00010483568645444809 -0.0023572325367329154 -0.00073541504805437581 0.00066565181370878412 -0.0018032330663562909 0.0029055584981417725
leaf_weight=179.57665239399648 1597.529515156959 25.674961388111115 245.422998415248 187.9639671270852 23.068717507645488 87.430621646577492
leaf_count=2694 19550 111 3166 2288 201 749
internal_value=1.25709e-05 0.000115671 0.000156139 0.000274797 0.00115163 0.00145366
internal_weight=2346.67 2167.09 2141.42 1895.99 298.463 275.395
internal_count=28759 26065 25954 22788 3238 3037
is_linear=0
shrinkage=0.03


Tree=174
num_leaves=7
num_cat=0
split_feature=0 20 14 12 62 14
split_gain=0.276689 0.280428 0.384296 0.270831 0.355209 0.302996
threshold=0.51532498537565985 0.11363496325506102 0.25855885032934484 2.0214043937217503 -1.0000000180025095e-35 0.39133863901442489
decision_type=2 2 2 2 2 2
left_child=1 3 -3 5 -5 -1
right_child=-2 2 -4 4 -6 -7
leaf_value=-0.00016726971403603494 0.0026845402064949379 0.0013988998140493801 -0.0013592788763691168 -0.00036775961611532147 0.0027610631296664753 -0.0023078262578494781
leaf_weight=1887.6190773911658 24.312903506564908 218.2299774143612 48.271849885582924 62.028750896453857 54.446905232965946 51.570585541427135
leaf_count=24362 268 3167 217 272 239 213
internal_value=1.02364e-05 -2.91542e-05 0.000868216 -0.000149131 0.00119749 -0.000235743
internal_weight=2346.48 2322.17 266.502 2055.67 116.476 1939.19
internal_count=28738 28470 3384 25086 511 24575
is_linear=0
shrinkage=0.03


Tree=175
num_leaves=7
num_cat=0
split_feature=6 14 14 13 7 6
split_gain=0.280912 0.213032 0.245452 0.395905 0.452541 0.275466
threshold=0.49204790427535455 0.027995546500708613 0.2440408034823344 1.8688348091416842 0.10442177443627203 -0.073617134472839366
decision_type=2 2 2 2 2 2
left_child=1 -1 5 -4 -5 -3
right_child=-2 2 3 4 -6 -7
leaf_value=-0.0014107840161184998 0.002171315608302284 -0.00043719336481267719 -0.0023906779857218795 0.0002604801672672955 -0.0022590615306051233 0.00044079358967558666
leaf_weight=83.613335059737437 44.448201003717259 418.49263287894428 74.929598644375801 383.80165413022041 66.698270842432976 1289.9049394056201
leaf_count=6377 437 5474 340 1798 296 14167
internal_value=4.13526e-05 -8.65349e-06 4.98825e-05 -0.000511231 -0.000153504 0.000224427
internal_weight=2361.89 2317.44 2233.83 525.43 450.5 1708.4
internal_count=28889 28452 22075 2434 2094 19641
is_linear=0
shrinkage=0.03


Tree=176
num_leaves=7
num_cat=0
split_feature=25 0 31 3 33 45
split_gain=0.220092 0.210336 0.214063 0.356192 0.255658 0.236873
threshold=-0.70612779141294046 0.51532498537565985 4.4232293553650388 -0.23993970935329909 1.0543894705673063 0.21111111111111114
decision_type=2 2 8 2 10 10
left_child=-1 2 -2 4 -4 -5
right_child=1 -3 3 5 -6 -7
leaf_value=0.0013918123124736219 -0.00035427166358202171 0.0022978224721285213 -0.0017317584853988512 0.00082461442646733117 0.00083756058022500281 -0.00020255887208830297
leaf_weight=89.624117162369657 1205.069917236804 23.875455924135167 115.27307163437945 571.26916741667083 41.333879291312769 304.58901524747489
leaf_count=1321 11824 267 2638 7390 641 4720
internal_value=1.17261e-05 -4.88562e-05 -8.40086e-05 0.000231809 -0.00104406 0.00046915
internal_weight=2351.03 2261.41 2237.54 1032.47 156.607 875.858
internal_count=28801 27480 27213 15389 3279 12110
is_linear=0
shrinkage=0.03


Tree=177
num_leaves=7
num_cat=0
split_feature=62 52 60 60 52 9
split_gain=0.286625 0.304638 0.204524 0.317447 0.282552 0.43801
threshold=-0.73413824809011063 2.8062982233521478 -0.059356133685173791 -1.0000000180025095e-35 4.2807761603193741 0.0092485069677918728
decision_type=2 2 2 2 2 2
left_child=-1 -2 -3 -4 -5 -6
right_child=1 2 3 4 5 -7
leaf_value=0.0016797326500802205 0.00064040997726561607 0.00040209641775783636 -0.0011486864340997363 -0.00079439676030566083 -0.00057349987799092431 0.00084201659445188193
leaf_weight=71.229995310655795 371.86214875843143 314.01859556266572 398.09335823147558 418.50764032441657 368.26585967777646 400.56277333473554
leaf_count=852 4808 3034 4689 5216 5549 4618
internal_value=-7.18931e-05 -0.000133948 -0.000288106 -0.000426475 -0.000176759 0.000165332
internal_weight=2342.54 2271.31 1899.45 1585.43 1187.34 768.829
internal_count=28766 27914 23106 20072 15383 10167
is_linear=0
shrinkage=0.03


Tree=178
num_leaves=7
num_cat=0
split_feature=23 58 59 52 2 12
split_gain=0.304066 0.295369 0.378891 0.314801 0.268185 0.239307
threshold=0.86746523603893999 0.13392857142857145 0.42157482924794087 3.493733417550295 -0.066902385821813085 -0.65921016860811033
decision_type=2 2 2 2 2 2
left_child=1 3 -3 4 5 -1
right_child=-2 2 -4 -5 -6 -7
leaf_value=-0.0018545320887964744 0.0024212796038321511 0.0019761279384949829 7.0911673275879343e-05 -0.00044647038539776657 -0.00072667607825021446 0.0010146032705977176
leaf_weight=19.114448620588519 35.720053185010329 124.41507859279227 314.63948774593882 1379.6995308112528 127.18863222381333 355.63988256175071
leaf_count=1196 393 1410 3542 17252 1538 3466
internal_value=-1.61531e-06 -4.9137e-05 0.000642777 -0.00021313 0.00042445 0.000823865
internal_weight=2356.42 2320.7 439.055 1881.64 501.943 374.754
internal_count=28797 28404 4952 23452 6200 4662
is_linear=0
shrinkage=0.03


Tree=179
num_leaves=7
num_cat=0
split_feature=58 14 3 29 36 14
split_gain=0.34607 0.262123 0.197421 0.285007 0.223316 0.239132
threshold=0.58571428571428574 0.54746047919556318 -0.07777722708467967 -11.129330158233641 -1.0136803910530432 0.029130515668849059
decision_type=2 2 2 8 8 2
left_child=1 2 4 -4 -1 -6
right_child=-2 -3 3 -5 5 -7
leaf_value=-0.00076159643791735019 0.0024312577258025262 -0.0025580818369792383 -0.001684233944710863 0.00074633409026867901 -0.0017326328571867068 0.00014556563976096085
leaf_weight=366.74273988167988 43.923557615664322 25.500386893749237 38.137054266990162 489.88955961010652 53.905994158267276 1341.1502225603908
leaf_count=5324 448 110 445 5175 3964 13383
internal_value=5.54307e-05 9.76881e-08 3.95856e-05 0.000542744 -0.000113427 6.11758e-05
internal_weight=2359.25 2315.33 2289.83 528.027 1761.8 1395.06
internal_count=28849 28401 28291 5620 22671 17347
is_linear=0
shrinkage=0.03


Tree=180
num_leaves=7
num_cat=0
split_feature=15 24 14 20 37 46
split_gain=0.345997 0.464757 0.322878 0.364455 0.381197 0.300098
threshold=1.5000000000000002 2.5000000000000004 0.30338066355976473 0.045735407322409875 -4.7648510118325538 55.500000000000007
decision_type=2 2 2 2 10 8
left_child=2 -2 3 4 -1 -6
right_child=1 -3 -4 -5 5 -7
leaf_value=0.0011843873855824888 -0.0020854269077557148 0.00034154326295289734 -0.00081224397780242554 0.0010632081739201994 0.00054249262134337269 -0.00048367162717882713
leaf_weight=207.97440326023207 149.49690742837265 123.58821636490757 287.74632787704468 382.28724992164643 356.41405050532194 848.30479209480109
leaf_count=3578 2016 1551 1240 5110 4579 10798
internal_value=-2.95659e-05 -0.0010138 0.000103714 0.000254235 2.93847e-05 -0.000178116
internal_weight=2355.81 273.085 2082.73 1794.98 1412.69 1204.72
internal_count=28872 3567 25305 24065 18955 15377
is_linear=0
shrinkage=0.03


Tree=181
num_leaves=7
num_cat=0
split_feature=58 59 58 56 5 37
split_gain=0.281731 0.312615 0.295926 0.291265 0.23685 0.227522
threshold=0.13392857142857145 0.46814976356144888 0.26136363636363641 -1.303455786128932 1.0000000180025095e-35 4.9162506433824698
decision_type=2 2 2 2 2 10
left_child=3 -2 -3 4 -1 -4
right_child=1 2 5 -5 -6 -7
leaf_value=-8.432685792735083e-05 0.0017701840948574428 -0.0011585566862641001 0.00029582092800371979 -0.00056845320446029409 0.0009758584178033372 0.0029726244204663571
leaf_weight=791.5559463633399 141.20641708363837 101.30304112413432 174.33694632476545 892.55834445889923 238.85718471027212 24.893979304935783
leaf_count=10599 1620 1220 2005 10797 2557 186
internal_value=-1.71961e-05 0.00065739 9.43747e-05 -0.00017476 0.000168449 0.000756377
internal_weight=2364.71 441.74 300.534 1922.97 1030.41 199.231
internal_count=28984 5031 3411 23953 13156 2191
is_linear=0
shrinkage=0.03


Tree=182
num_leaves=7
num_cat=0
split_feature=58 24 0 30 11 14
split_gain=0.291095 0.259699 0.244014 0.22507 0.202913 0.198177
threshold=0.41428571428571431 7.5000000000000009 0.51532498537565985 -0.61461639404296864 0.020402730332798286 0.027995546500708613
decision_type=2 2 2 10 2 2
left_child=1 2 5 -2 -5 -1
right_child=3 -3 -4 4 -6 -7
leaf_value=-0.0016390837194104478 -9.2458431593380204e-05 0.0010522865451307369 0.0023784314280210265 0.0035790604582637184 0.00020230249825657824 -0.00015511493328816301
leaf_weight=74.682707399391802 52.912089342193212 157.279650598648 23.172773606900591 39.101418824051507 25.639096471481025 1967.7087232340127
leaf_count=5721 641 2071 238 351 220 19396
internal_value=-5.75148e-06 -8.53839e-05 -0.000176663 0.00138759 0.00244776 -0.0002171
internal_weight=2340.5 2222.84 2065.56 117.653 64.7405 2042.39
internal_count=28638 27426 25355 1212 571 25117
is_linear=0
shrinkage=0.03


Tree=183
num_leaves=7
num_cat=0
split_feature=31 4 56 12 12 46
split_gain=0.317895 0.505623 0.334583 0.256618 0.502586 0.180702
threshold=-3.079752922058105 -0.18994809495153406 -49.222369032773592 0.6387150186381797 0.20802082056239904 11.500000000000002
decision_type=10 2 2 2 2 8
left_child=1 -1 -3 4 -4 -2
right_child=5 2 3 -5 -6 -7
leaf_value=-0.001775383659991806 0.0010764741495725165 -0.00099726591952403005 0.00057264862495098499 0.0009246094736432499 0.0049631251189560252 -0.00015266190291667834
leaf_weight=44.198513999523129 103.97097785334336 37.686168556683697 46.136024919629563 139.52764232829213 44.904791496694088 1946.0727740002621
leaf_count=616 1301 505 1125 880 450 23934
internal_value=5.19243e-05 0.000927643 0.0014208 0.00184106 0.00301507 -8.54016e-05
internal_weight=2362.5 312.453 268.255 230.568 91.0408 2050.04
internal_count=28811 3576 2960 2455 1575 25235
is_linear=0
shrinkage=0.03


Tree=184
num_leaves=7
num_cat=0
split_feature=52 20 58 62 33 29
split_gain=0.352629 0.253151 0.236054 0.233396 0.208799 0.244525
threshold=1.0000000180025095e-35 -0.10646451754790243 0.26136363636363641 -0.20536366794444297 -0.5497030379871527 0.84630173444747936
decision_type=2 2 2 2 8 8
left_child=1 -1 -2 -3 -5 -6
right_child=2 3 -4 4 5 -7
leaf_value=-0.00096873534899557807 -0.00030788974498001425 -0.00032215979408987955 0.00077119389712087053 0.00040454313944425274 0.0012197684021334032 0.0040133326318189926
leaf_weight=51.382532577292295 1819.1564487551514 67.85268121707486 193.09129744739039 84.60214421688579 90.292134574207012 43.202802914544009
leaf_count=819 22323 809 2106 1165 1069 540
internal_value=-4.95748e-05 0.000833726 -0.000201042 0.0011794 0.0016402 0.00234053
internal_weight=2349.58 337.332 2012.25 285.95 218.097 133.495
internal_count=28831 4402 24429 3583 2774 1609
is_linear=0
shrinkage=0.03


Tree=185
num_leaves=7
num_cat=0
split_feature=52 26 27 3 10 9
split_gain=0.239515 0.246175 0.208863 0.237791 0.196187 0.25244
threshold=2.8062982233521478 3.2752884626388554 2.4081637859344487 -0.055545665417160044 0.014177437434490065 0.01981856917898767
decision_type=2 10 10 2 2 2
left_child=1 2 3 -1 -2 -6
right_child=4 -3 -4 -5 5 -7
leaf_value=0.00074236200370299688 -0.00034651644025656656 -0.0012705382337566482 -0.0014556924958717291 0.0027687922498518275 -0.00025024375023943024 0.00077094205912834853
leaf_weight=269.28671295169624 1104.4136756439402 40.936464314581826 21.065553385298699 59.107701116794487 433.37447454289941 420.75850600731792
leaf_count=3625 13865 449 265 646 5615 4272
internal_value=5.24445e-05 0.000721131 0.000983294 0.00117814 -8.38306e-05 0.000255908
internal_weight=2348.94 390.396 349.46 328.394 1958.55 854.133
internal_count=28737 4985 4536 4271 23752 9887
is_linear=0
shrinkage=0.03


Tree=186
num_leaves=7
num_cat=0
split_feature=23 6 2 30 14 30
split_gain=0.255209 0.199194 0.197916 0.183935 0.251186 0.212322
threshold=0.11337790260856941 -0.081355748473384129 -0.30872623534187299 1.5874242782592776 0.39133863901442489 -4.4616732597351065
decision_type=2 2 2 8 2 10
left_child=2 -2 -1 4 5 -4
right_child=1 -3 3 -5 -6 -7
leaf_value=-0.0014860182561424002 -0.00059774498318216317 0.00082823298627428136 0.00038765809813188964 0.00026224081863968611 -0.002255110228668737 -0.00053839744056807142
leaf_weight=93.695832860306837 103.57734204421286 413.39637023711111 310.85943798797962 648.19922500295797 50.442753382027149 727.72372262249701
leaf_count=2311 1426 4066 5206 6764 209 8763
internal_value=-4.57258e-05 0.000536612 -0.000212175 -0.000135359 -0.000372248 -0.000260165
internal_weight=2347.89 516.974 1830.92 1737.23 1089.03 1038.58
internal_count=28745 5492 23253 20942 14178 13969
is_linear=0
shrinkage=0.03


Tree=187
num_leaves=7
num_cat=0
split_feature=23 28 6 36 26 22
split_gain=0.399161 0.304666 0.421999 0.451504 0.300019 0.230852
threshold=0.11337790260856941 2.8390460014343266 0.23773311652740839 2.0807108409141031 1.9358509182929995 -0.13970516275606176
decision_type=2 8 2 10 8 2
left_child=1 5 3 4 -3 -1
right_child=-2 2 -4 -5 -6 -7
leaf_value=-0.0013603175125779137 0.00075108857063542283 0.0017975860967513169 0.0032069458825235578 -0.0032700862900390429 -0.00012977974649236437 -0.00023494425582816771
leaf_weight=179.11982740077656 514.44342548775603 98.895349779166281 37.836139195831493 21.127646299079061 214.98003168392461 1295.1949395905831
leaf_count=2720 5502 910 315 178 2735 16610
internal_value=2.03075e-05 -0.000186168 0.00056987 0.000187711 0.000514244 -0.000379913
internal_weight=2361.6 1847.15 372.839 335.003 313.875 1474.31
internal_count=28970 23468 4138 3823 3645 19330
is_linear=0
shrinkage=0.03


Tree=188
num_leaves=7
num_cat=0
split_feature=14 12 15 24 4 30
split_gain=0.299389 0.36979 0.27603 0.236882 0.231427 0.267691
threshold=0.39133863901442489 2.2201128660168759 1.5000000000000002 2.5000000000000004 -0.047383680120404462 -5.1177361011505118
decision_type=2 2 2 2 2 10
left_child=2 -2 4 -4 -1 -6
right_child=1 -3 3 -5 5 -7
leaf_value=5.7466226867601401e-05 -0.0024732199675252284 0.00052947304249631585 -0.0015806423991803827 0.0001815518826511044 0.0020993504008478465 0.0003871484773058682
leaf_weight=1526.3855440780753 81.328514747321606 56.937653690576553 141.15524694981286 122.37493563923636 103.41778555327619 322.08775169629371
leaf_count=19546 335 236 1970 1568 1576 3588
internal_value=2.10002e-05 -0.00128441 0.000107877 -0.000785615 0.000231899 0.000841943
internal_weight=2353.69 138.266 2215.42 263.53 1951.89 425.506
internal_count=28819 571 28248 3538 24710 5164
is_linear=0
shrinkage=0.03


Tree=189
num_leaves=7
num_cat=0
split_feature=11 52 15 6 1 34
split_gain=0.367903 0.29276 0.460109 0.236423 0.229171 0.211179
threshold=0.13077366518128544 1.0000000180025095e-35 1.5000000000000002 0.52927501032033575 -0.06708192095885511 2.1220874786376958
decision_type=2 2 2 2 2 10
left_child=1 2 -1 5 -4 -3
right_child=-2 3 4 -5 -6 -7
leaf_value=0.0012731708007830507 0.0019509619896050424 -0.00038903695850497867 0.0011274124277289724 0.0021946004252724328 -0.0026481983571925217 0.0005052249024454803
leaf_weight=259.72553886534297 72.946773412870243 1666.5827974309359 14.078665864828507 25.957525188336149 38.005881935940124 268.08990446885582
leaf_count=3403 782 21251 243 253 488 2386
internal_value=-1.17145e-05 -8.29893e-05 0.000756422 -0.000219647 -0.00161043 -0.000263157
internal_weight=2345.39 2272.44 311.81 1960.63 52.0845 1934.67
internal_count=28806 28024 4134 23890 731 23637
is_linear=0
shrinkage=0.03


Tree=190
num_leaves=7
num_cat=0
split_feature=20 12 62 29 58 12
split_gain=0.26319 0.211713 0.330762 0.227269 0.264199 0.228709
threshold=-0.23760098622665907 2.0214043937217503 -0.046858144692899638 -5.2699823379516593 0.44949494949494956 0.49310871377719329
decision_type=2 2 2 8 2 2
left_child=-1 3 -3 4 5 -2
right_child=1 2 -4 -5 -6 -7
leaf_value=-0.0014051488513391142 -0.00042073321883133219 -0.00044497816573967584 0.0025156876886765892 -0.0001907428433470796 0.0029010885224318625 0.00087840225516242865
leaf_weight=106.53014520168654 204.17558915467816 56.647404730319977 66.133194737136364 1610.6421940848086 29.28185477911029 276.68039631471038
leaf_count=1723 4745 247 289 19600 341 1986
internal_value=-1.49686e-05 5.69831e-05 0.00121908 -1.57012e-05 0.000529994 0.000329445
internal_weight=2350.09 2243.56 122.781 2120.78 510.138 480.856
internal_count=28931 27208 536 26672 7072 6731
is_linear=0
shrinkage=0.03


Tree=191
num_leaves=7
num_cat=0
split_feature=56 2 9 29 2 5
split_gain=0.240997 0.258477 0.25571 0.236974 0.220487 0.235238
threshold=-9.3487138920265593 -0.40113519160867728 0.10546807838015412 -6.1890394687652579 -0.071958679403883688 0.047296269722714793
decision_type=2 2 2 10 2 2
left_child=1 -1 -2 -3 -5 -6
right_child=2 3 -4 4 5 -7
leaf_value=-0.0022789671378905755 -0.00042832522174773954 0.0011243560544649672 0.0007468999256588667 0.00047630085073653268 -0.0010302085320441493 0.0013480063959942436
leaf_weight=22.78364674327895 1073.637979486215 305.9867863067775 187.52870279882336 540.69953377786442 194.49882321004407 36.775365230627358
leaf_count=622 13037 4152 1979 6411 2333 375
internal_value=3.31502e-05 0.000355838 -0.000249075 0.000431962 0.000146649 -0.000611847
internal_weight=2361.91 1100.74 1261.17 1077.96 771.974 231.274
internal_count=28909 13893 15016 13271 9119 2708
is_linear=0
shrinkage=0.03


Tree=192
num_leaves=7
num_cat=0
split_feature=0 15 6 26 6 58
split_gain=0.258101 0.182831 0.239986 0.31184 0.265473 0.217107
threshold=0.43069274871615087 1.5000000000000002 0.17931263572456904 -1.7514848113059995 -0.12146551213914793 0.58571428571428574
decision_type=2 2 2 10 2 2
left_child=1 5 3 4 -3 -1
right_child=-2 2 -4 -5 -6 -7
leaf_value=-1.7639862325621207e-06 0.001951826822825443 0.00072496276430716476 0.00096354444868752007 -0.0003154324079972544 -0.0033827179732485724 0.002045592656775471
leaf_weight=1999.683360944342 49.316321939695626 13.77058522129664 49.985400915145874 142.60753282275982 61.552011798194144 37.727672086504754
leaf_count=24449 507 265 543 1878 832 382
internal_value=-2.2349e-06 -5.22863e-05 -0.000774143 -0.00119749 -0.00263479 4.59538e-05
internal_weight=2354.64 2305.33 267.916 217.93 75.3226 2037.41
internal_count=28856 28349 3518 2975 1097 24831
is_linear=0
shrinkage=0.03


Tree=193
num_leaves=7
num_cat=0
split_feature=0 39 26 29 30 22
split_gain=0.283957 0.304916 0.207113 0.212182 0.203738 0.198943
threshold=0.1754681351332508 1.5000000000000002 -7.4371142387390128 7.5816807746887216 -10.171308517456053 -0.22354060965981701
decision_type=2 2 8 10 8 2
left_child=2 -2 -1 5 -5 -4
right_child=1 -3 3 4 -6 -7
leaf_value=0.0022705063978559169 -0.0014514228665347595 0.0010838571664060278 -0.0014609073233330435 0.00027478035001069856 -0.0035225134106696924 -5.0311465597805922e-05
leaf_weight=21.814808143652044 40.199294951977208 321.28913692277274 84.647770364244934 18.70893410674762 22.40873302705586 1845.9259026684449
leaf_count=371 312 3368 1371 244 196 22981
internal_value=8.6799e-06 0.00077044 -0.000132608 -0.00017052 -0.00207896 -0.00011937
internal_weight=2354.99 361.488 1993.51 1971.69 41.1177 1930.57
internal_count=28843 3680 25163 24792 440 24352
is_linear=0
shrinkage=0.03


Tree=194
num_leaves=7
num_cat=0
split_feature=37 14 12 47 12 56
split_gain=0.235319 0.509555 0.264423 0.330004 0.263048 0.3676
threshold=-4.7648510118325538 0.30338066355976473 0.018170521893365214 9.5000000000000018 0.6387150186381797 -14.836957349951632
decision_type=10 2 2 8 2 2
left_child=1 2 3 -1 5 -4
right_child=-2 -3 4 -5 -6 -7
leaf_value=-0.0018392794144136452 -6.2177328112628008e-05 -0.002748701846672791 0.00023343730464785831 0.0015437045197600949 0.00069584228764479666 0.0041340818005505655
leaf_weight=44.236143961577909 2048.2065574422013 23.688265666365623 33.981983233243227 39.930851910903584 121.0495683029294 57.286853808909655
leaf_count=1677 23723 102 387 1550 882 657
internal_value=5.73401e-05 0.00080064 0.00116465 -0.000240816 0.00170758 0.00284822
internal_weight=2368.38 320.174 296.485 84.167 212.318 91.2688
internal_count=28978 5255 5153 3227 1926 1044
is_linear=0
shrinkage=0.03


Tree=195
num_leaves=7
num_cat=0
split_feature=58 24 3 2 34 40
split_gain=0.228575 0.254801 0.297498 0.254046 0.224807 0.197952
threshold=0.21111111111111114 7.5000000000000009 -0.24694210426726967 -0.30394491481663721 1.6445138653119409 1.5000000000000002
decision_type=2 2 2 2 10 2
left_child=1 3 -3 -1 -4 -5
right_child=-2 2 4 5 -6 -7
leaf_value=-0.0016571332001062795 0.00077129034456849472 -0.001795978995557849 0.0021335469599069821 0.00011790041761355227 -0.00098038146393625964 -0.00053614478506243575
leaf_weight=91.086424930370413 302.78339954471448 19.105015068897046 105.60111605754355 1184.7876127181662 19.293989152181894 629.99780210890458
leaf_count=2204 3313 334 1369 14118 186 7288
internal_value=1.57098e-05 -9.90984e-05 0.00107564 -0.000193008 0.00161549 -0.000110843
internal_weight=2352.66 2049.87 144 1905.87 124.895 1814.79
internal_count=28812 25499 1889 23610 1555 21406
is_linear=0
shrinkage=0.03


Tree=196
num_leaves=7
num_cat=0
split_feature=52 62 25 11 39 46
split_gain=0.251377 0.248521 0.287589 0.277908 0.365885 0.232611
threshold=1.0000000180025095e-35 0.094833299963864928 -0.68810430324140459 0.066079688438309234 4.5000000000000009 54.500000000000007
decision_type=2 2 2 2 2 8
left_child=-1 2 -2 5 -5 -3
right_child=1 3 -4 4 -6 -7
leaf_value=0.0007320856744068826 0.0016056867196889164 0.0010208700742689856 -0.00043126233362070834 0.0039410818631386508 0.00011519835965873761 -0.00037015943401815454
leaf_weight=336.64782540462329 55.540402009384707 153.10928072978277 1418.2677446379967 32.669123489875346 48.906055901199579 311.79425929007994
leaf_count=4390 836 1790 17192 350 571 3762
internal_value=-1.46173e-05 -0.000142036 -0.000344196 0.00039956 0.00191043 9.9806e-05
internal_weight=2356.93 2020.29 1473.81 546.479 81.5752 464.904
internal_count=28891 24501 18028 6473 921 5552
is_linear=0
shrinkage=0.03


Tree=197
num_leaves=7
num_cat=0
split_feature=0 10 46 56 31 58
split_gain=0.268831 0.201587 0.414308 0.410868 0.385231 0.312764
threshold=0.51532498537565985 0.013453578505186506 21.500000000000004 10.473018190726693 0.69590306282043468 0.095454545454545472
decision_type=2 2 8 2 10 2
left_child=1 3 -3 -1 5 -5
right_child=-2 2 -4 4 -6 -7
leaf_value=0.00015432365388825666 0.0026889518301687425 0.0017164932787959602 4.8097399252653098e-05 -0.0026490467520000282 -0.00031948609942259116 0.00065583856076729399
leaf_weight=824.64815047464799 23.703403761493973 148.39044483948965 872.49771261640126 134.4441024226835 326.05184109552647 27.140523776644841
leaf_count=10679 256 1736 10265 1327 4392 208
internal_value=2.87763e-05 -9.6096e-06 0.000304904 -0.00025474 -0.000935713 -0.00208807
internal_weight=2356.88 2333.17 1020.89 1312.28 487.636 161.585
internal_count=28863 28607 12001 16606 5927 1535
is_linear=0
shrinkage=0.03


Tree=198
num_leaves=7
num_cat=0
split_feature=22 60 2 18 24 28
split_gain=0.27756 0.261193 0.273478 0.199567 0.28129 0.3608
threshold=-0.15406226224146555 -0.0072462422511126619 -0.15783249250586848 1.0000000180025095e-35 2.5000000000000004 1.5074825286865237
decision_type=2 2 2 2 2 10
left_child=1 -1 -3 -2 5 -5
right_child=3 2 -4 4 -6 -7
leaf_value=-0.0025008684640018832 0.00021751073517685656 -0.0019634338543385974 0.00050493501841788221 -0.0030254254062477347 0.00044096776522665798 0.0010437659985977161
leaf_weight=59.30603097382118 1964.3198373192135 49.225347778090509 118.3672995371162 61.153403065400198 76.023566052666865 21.297915664967149
leaf_count=679 24081 999 1613 619 716 165
internal_value=2.54163e-05 -0.0009489 -0.000289809 0.000133519 -0.000858692 -0.00197511
internal_weight=2349.69 226.899 167.593 2122.79 158.475 82.4513
internal_count=28872 3291 2612 25581 1500 784
is_linear=0
shrinkage=0.03


Tree=199
num_leaves=7
num_cat=0
split_feature=15 24 14 6 33 4
split_gain=0.21905 0.344842 0.267579 0.217441 0.230792 0.205739
threshold=1.5000000000000002 2.5000000000000004 0.44386916918067715 0.37238600656307058 0.51206675668557489 -0.059910559839856388
decision_type=2 2 2 2 10 2
left_child=2 -2 3 5 -5 -1
right_child=1 -3 -4 4 -6 -7
leaf_value=-8.8729327283744956e-05 -0.0017274165430390398 0.00036004977814370001 -0.0015027517728334909 0.0023381764335963138 -0.00049826734038767686 0.0006141307052901987
leaf_weight=1416.7018749915296 146.83487083192449 125.17227754101623 79.631100445985794 69.574165693426039 33.724043336696923 498.72359245768166
leaf_count=18003 1993 1570 328 750 306 6007
internal_value=-2.87311e-06 -0.000788102 0.00010217 0.000172574 0.00144991 9.6515e-05
internal_weight=2370.36 272.007 2098.35 2018.72 103.298 1915.43
internal_count=28957 3563 25394 25066 1056 24010
is_linear=0
shrinkage=0.03


Tree=200
num_leaves=7
num_cat=0
split_feature=0 58 37 14 13 37
split_gain=0.23457 0.221548 0.357979 0.313275 0.320242 0.321337
threshold=0.51532498537565985 0.44949494949494956 2.1110267439510402 0.2440408034823344 1.8688348091416842 2.2221797643850252
decision_type=2 2 10 2 2 8
left_child=1 3 -3 -1 -5 -6
right_child=-2 2 -4 4 5 -7
leaf_value=4.2119223443329636e-05 0.0024608865278196398 -0.00028951415341472384 0.0029763906563751159 -0.0025184835433981231 0.00049479435140412878 -0.0011271888275782348
leaf_weight=1729.5485684226587 23.028838956146501 64.53813109381008 44.273775646463037 72.534882709383965 179.68616907298565 255.97675961256027
leaf_count=25178 256 787 368 329 849 1178
internal_value=-5.01366e-05 -8.51176e-05 0.001178 -0.000151505 -0.000798562 -0.000462121
internal_weight=2369.59 2346.56 108.812 2237.75 508.198 435.663
internal_count=28945 28689 1155 27534 2356 2027
is_linear=0
shrinkage=0.03


Tree=201
num_leaves=7
num_cat=0
split_feature=3 36 46 35 11 22
split_gain=0.207095 0.367566 0.305524 0.250767 0.250887 0.245237
threshold=-0.017649239835091445 -0.98777227206599105 54.500000000000007 -2.4024687431507052 -0.0042852167607942459 0.11302929706318944
decision_type=2 10 8 8 2 2
left_child=-1 3 -3 -2 -5 -4
right_child=1 2 5 4 -6 -7
leaf_value=-0.00010483742442136266 -0.00011616879739665359 0.0018342296255243343 -0.0017168136539224416 0.00024154724815951431 0.0043684137221967146 0.00062346264662024083
leaf_weight=2075.9632877016265 27.632286216772627 49.155671308748424 80.726065599796129 19.79034625692293 39.442337599990424 65.254054161137901
leaf_count=25672 343 545 814 214 471 695
internal_value=-9.07638e-08 0.00074819 -1.64073e-06 0.0022589 0.00322363 -0.000697792
internal_weight=2357.96 282.001 195.136 86.865 59.2327 145.98
internal_count=28754 3082 2054 1028 685 1509
is_linear=0
shrinkage=0.03


Tree=202
num_leaves=7
num_cat=0
split_feature=14 14 52 62 4 9
split_gain=0.21026 0.219996 0.23039 0.182341 0.2529 0.323905
threshold=0.54746047919556318 0.025284969378548929 1.0000000180025095e-35 -0.13018254579118385 -0.076676167283518934 -0.03034274101185502
decision_type=2 2 2 2 2 2
left_child=1 -1 3 -3 5 -5
right_child=-2 2 -4 4 -6 -7
leaf_value=-0.0014535838568694513 -0.0021720987386340449 -0.00017775710632462118 1.5467306679824137e-05 -0.00013495234043553513 -9.3550481381947267e-05 0.0028768485601381698
leaf_weight=70.755280651763314 27.720400251448154 100.43586196191609 1943.2942781746387 43.804882427677512 74.04105425812304 102.31417731940746
leaf_count=5976 119 1006 19609 484 736 986
internal_value=5.02672e-05 8.5806e-05 0.000140099 0.000872234 0.00133815 0.00202313
internal_weight=2362.37 2334.65 2263.89 320.596 220.16 146.119
internal_count=28916 28797 22821 3212 2206 1470
is_linear=0
shrinkage=0.03


Tree=203
num_leaves=7
num_cat=0
split_feature=11 22 36 14 40 34
split_gain=0.230915 0.263558 0.262356 0.312999 0.25498 0.302732
threshold=0.038793579063723986 -0.019380903697700642 0.5172859781022584 0.19792878016867893 1.5000000000000002 -7.9197008013725272
decision_type=2 2 8 2 2 10
left_child=4 -2 3 -3 5 -1
right_child=1 2 -4 -5 -6 -7
leaf_value=0.0012332212786062228 -0.00052943829282095717 0.00085358131554351033 0.0015210309935761858 -0.0013862681917103528 -0.00076630044671002469 -0.0001765394591700788
leaf_weight=147.83368202796555 178.47470930684358 152.56840748075047 220.90524970728438 75.806813299655914 554.41154316614848 1033.1735395307769
leaf_count=2531 2266 2377 2366 368 6620 12342
internal_value=-6.35368e-05 0.000425308 0.000807847 8.31215e-05 -0.000241791 8.80143e-06
internal_weight=2363.17 627.755 449.28 228.375 1735.42 1181.01
internal_count=28870 7377 5111 2745 21493 14873
is_linear=0
shrinkage=0.03


Tree=204
num_leaves=7
num_cat=0
split_feature=28 62 45 3 39 9
split_gain=0.368811 0.287492 0.25908 0.262466 0.236292 0.275197
threshold=4.2864673137664804 -0.73413824809011063 0.23611111111111113 -0.16415977744881849 5.5000000000000009 -0.042375281122868473
decision_type=8 2 10 2 2 2
left_child=1 -1 4 -4 5 -2
right_child=2 -3 3 -5 -6 -7
leaf_value=0.0016523814918457964 -0.0003716811266033018 -0.00016831767708811262 0.0015584352672582157 -0.0016200578672815539 -0.00028695743305650907 0.002753717128354401
leaf_weight=71.204542418941855 28.767014836892486 2021.1372686045506 29.524703670525923 47.979346589418128 42.754456260823645 120.10672735341359
leaf_count=839 412 24849 488 636 549 1144
internal_value=3.74034e-05 -9.87924e-05 0.00106185 -0.000369505 0.00163038 0.00216441
internal_weight=2361.47 2092.34 269.132 77.5041 191.628 148.874
internal_count=28917 25688 3229 1124 2105 1556
is_linear=0
shrinkage=0.03


Tree=205
num_leaves=7
num_cat=0
split_feature=0 20 24 26 56 43
split_gain=0.238592 0.255538 0.248339 0.327894 0.217488 0.244917
threshold=0.51532498537565985 0.028316146606932078 1.0000000180025095e-35 0.18619202077388766 -8.8603665794718456 1.5000000000000002
decision_type=2 2 2 8 2 2
left_child=1 4 3 -3 5 -1
right_child=-2 2 -4 -5 -6 -7
leaf_value=4.6828625560204101e-05 0.0024796798935281142 -0.0023025494649974456 0.00084090898811668257 0.00070875117252820936 -0.0004970819823092549 0.0023290523196904723
leaf_weight=794.35482539987424 25.404276969551574 49.287182810367085 467.96859173968551 64.48130569618661 923.41033522202633 34.730665742186829
leaf_count=10181 267 654 5709 764 11003 281
internal_value=3.53902e-05 -1.67622e-06 0.000537747 -0.000676448 -0.000182772 0.000169049
internal_weight=2359.64 2334.23 581.737 113.768 1752.5 829.085
internal_count=28859 28592 7127 1418 21465 10462
is_linear=0
shrinkage=0.03


Tree=206
num_leaves=7
num_cat=0
split_feature=8 22 34 9 42 0
split_gain=0.237939 0.242167 0.27737 0.209968 0.198668 0.296067
threshold=0.14711648887314105 -0.0011693788579646769 -4.6999913454055777 0.14160100430976011 2.5000000000000004 0.04446216782678681
decision_type=2 2 10 2 2 2
left_child=4 -2 -3 -4 -1 -6
right_child=1 2 3 -5 5 -7
leaf_value=-0.00019215115361082929 -0.00045035707325211035 0.0035990318165209662 3.7810824030040836e-05 0.0028215335379598912 0.0022389120965087936 -0.0010597567916406832
leaf_weight=2021.262361267989 79.889338828332257 33.370103213354014 100.42802399175707 22.325527430395596 61.872615935979411 29.830583953298628
leaf_count=25394 962 464 946 177 662 241
internal_value=-2.56944e-05 0.000857642 0.00151377 0.000718496 -0.000127936 0.00116718
internal_weight=2348.98 236.013 156.124 122.754 2112.97 91.7032
internal_count=28846 2549 1587 1123 26297 903
is_linear=0
shrinkage=0.03


Tree=207
num_leaves=7
num_cat=0
split_feature=58 8 28 14 7 30
split_gain=0.237957 0.249896 0.222875 0.189959 0.173939 0.208358
threshold=0.41428571428571431 0.30124049513086026 1.480992913246155 0.54746047919556318 -0.10389570354999092 -4.6760091781616202
decision_type=2 2 8 2 2 8
left_child=1 3 -2 4 5 -1
right_child=2 -3 -4 -5 -6 -7
leaf_value=0.0008405720301515587 0.00025843296012615979 0.0027412004232004834 0.0029121904417742724 -0.0023645913227307684 -1.6306907988794625e-05 -0.0016083940112755664
leaf_weight=34.407948210544419 80.385310474201106 17.702866503736004 36.092378763016313 23.626020029187202 2040.1989508180995 117.79979657765944
leaf_count=1094 895 211 306 101 24019 2143
internal_value=-2.01851e-05 -9.14677e-05 0.00124598 -0.000126309 -9.1562e-05 -0.00103709
internal_weight=2350.21 2233.74 116.478 2216.03 2192.41 152.208
internal_count=28769 27568 1201 27357 27256 3237
is_linear=0
shrinkage=0.03


Tree=208
num_leaves=7
num_cat=0
split_feature=37 14 12 12 2 56
split_gain=0.275183 0.239144 0.259194 0.28278 0.282137 0.274753
threshold=-4.7648510118325538 0.26923630125385922 0.018170521893365214 0.64982234883950662 -0.10129692321151541 -34.508971954609116
decision_type=10 2 2 2 2 2
left_child=1 2 -1 5 -5 -4
right_child=-2 -3 3 4 -6 -7
leaf_value=-0.00025903780022252761 -9.5796434053960677e-05 -0.0013505313273394772 -0.00022827310755986428 -0.00073648703448817444 0.002037773853504907 0.0036552192554800385
leaf_weight=84.528075812908355 2044.778851029725 31.55625781416893 19.279292706400156 61.632306225597858 52.681680954992771 68.800995875149965
leaf_count=3205 23642 141 233 468 372 790
internal_value=3.32354e-05 0.000839375 0.0011176 0.00167766 0.000603109 0.00286858
internal_weight=2363.26 318.479 286.922 202.394 114.314 88.0803
internal_count=28851 5209 5068 1863 840 1023
is_linear=0
shrinkage=0.03


Tree=209
num_leaves=7
num_cat=0
split_feature=23 17 2 20 39 4
split_gain=0.215007 0.199899 0.23376 0.29681 0.243878 0.227325
threshold=0.12348638663238555 1.5000000000000002 -0.19267037824261166 0.032859687531276445 7.5000000000000009 -0.14772502432060297
decision_type=2 2 2 2 2 2
left_child=1 2 3 -1 5 -4
right_child=-2 -3 4 -5 -6 -7
leaf_value=-0.0012149190153394884 0.00061946484142026291 -0.0013304721718327777 -0.00026141251180766562 0.00081152203127908974 -0.0006545202983841438 0.00063467552294368783
leaf_weight=245.64796116939397 503.35457469595713 97.430729286716087 364.97359972409322 79.413335384218954 254.650992724346 800.25440552031796
leaf_count=4375 5356 1544 4238 1456 3106 8698
internal_value=7.64296e-05 -7.44764e-05 2.83527e-06 -0.000710409 0.000169949 0.000354166
internal_weight=2345.73 1842.37 1744.94 325.061 1419.88 1165.23
internal_count=28773 23417 21873 5831 16042 12936
is_linear=0
shrinkage=0.03


Tree=210
num_leaves=7
num_cat=0
split_feature=23 58 39 18 46 14
split_gain=0.209635 0.193269 0.174437 0.16601 0.182083 0.180611
threshold=0.21777209783573945 0.58571428571428574 2.5000000000000004 1.0000000180025095e-35 67.500000000000014 0.025284969378548929
decision_type=2 2 2 2 8 2
left_child=1 3 -2 5 -5 -1
right_child=2 -3 -4 4 -6 -7
leaf_value=-0.0015279095115838723 -0.0011256825269245468 0.0019326390648982464 0.00088535211165368039 0.0002995518420421444 -0.0018106274805536758 2.6586861644604275e-05
leaf_weight=59.987829962337855 34.857542133424431 32.366403493389953 354.25510622101137 53.910023562610149 91.131374628283083 1724.0975218564272
leaf_count=5146 291 337 3877 533 867 17736
internal_value=5.46808e-05 -7.24927e-05 0.000681509 -0.000115927 -0.00105757 -3.39063e-05
internal_weight=2350.61 1961.49 389.113 1929.13 145.041 1784.09
internal_count=28787 24619 4168 24282 1400 22882
is_linear=0
shrinkage=0.03


Tree=211
num_leaves=7
num_cat=0
split_feature=58 37 24 47 52 1
split_gain=0.247133 0.324352 0.229088 0.208456 0.20073 0.263456
threshold=0.41428571428571431 2.1110267439510402 3.5000000000000004 4.5000000000000009 1.0000000180025095e-35 0.16475709804873404
decision_type=2 10 2 8 2 2
left_child=2 -2 3 -1 -5 -6
right_child=1 -3 -4 4 5 -7
leaf_value=-0.00198753307060836 -9.79675311717919e-05 0.0028991190617882506 0.00037597832297221528 0.00065863577358276997 -0.00040529205369179566 0.0023791999516209065
leaf_weight=51.189617532480042 69.28462965390645 50.17928799521178 721.42161480642972 202.42025241622468 1232.7491606277472 21.507728586206213
leaf_count=719 827 406 8879 2676 15065 197
internal_value=1.32597e-05 0.00128761 -6.0476e-05 -0.000270394 -0.000196911 -0.000339103
internal_weight=2348.75 119.464 2229.29 1507.87 1456.68 1254.26
internal_count=28769 1233 27536 18657 17938 15262
is_linear=0
shrinkage=0.03


Tree=212
num_leaves=7
num_cat=0
split_feature=28 12 20 24 5 31
split_gain=0.225342 0.242175 0.204787 0.344073 0.333101 0.263221
threshold=4.1135129928588876 1.352765391480605 0.037090257226194294 1.5000000000000002 -0.020020614285279334 1.145826041698456
decision_type=10 2 2 2 2 8
left_child=2 -2 -1 4 -4 -6
right_child=1 -3 3 -5 5 -7
leaf_value=-0.00023975813222157225 4.8452508602467673e-05 0.0034070438212697248 -0.0020818590691780454 0.0010121977858241133 -0.0016173609995053021 0.0011554495518372606
leaf_weight=1754.5882647140679 43.748852210119367 25.027967751026154 68.865152285783552 329.36931631661719 33.797318954020739 95.824365245585795
leaf_count=21673 479 123 878 4024 282 1351
internal_value=-2.98011e-05 0.00154799 -8.38899e-05 0.000429039 -0.00054079 0.000368414
internal_weight=2351.22 68.7768 2282.44 527.856 198.487 129.622
internal_count=28810 602 28208 6535 2511 1633
is_linear=0
shrinkage=0.03


Tree=213
num_leaves=7
num_cat=0
split_feature=14 37 34 29 3 2
split_gain=0.199977 0.341209 0.218985 0.212302 0.478382 0.368195
threshold=0.39133863901442489 3.3630843901023684 -8.086662292480467 -5.2699823379516593 -0.33028397126121772 -0.082309394738647956
decision_type=2 8 8 10 2 2
left_child=2 -2 -1 4 -4 -6
right_child=1 -3 3 -5 5 -7
leaf_value=0.0013592971203767344 -0.0024262083201137723 0.00042218510172025022 -0.0024068315072650289 -0.00021776898359272172 7.4081147272541883e-05 0.0015019792375730542
leaf_weight=102.15950091728882 68.658510521054268 68.084986507892609 40.886180940258782 1389.8933893066423 432.99111880315468 251.26484348683152
leaf_count=2405 282 282 759 16232 5794 3109
internal_value=-3.17846e-06 -0.00107586 6.75118e-05 -9.86413e-07 0.000411835 0.0006125
internal_weight=2353.94 136.743 2217.2 2115.04 725.142 684.256
internal_count=28863 564 28299 25894 9662 8903
is_linear=0
shrinkage=0.03


Tree=214
num_leaves=7
num_cat=0
split_feature=23 20 24 46 3 45
split_gain=0.247905 0.214124 0.298342 0.267884 0.349161 0.276227
threshold=0.86746523603893999 0.041357394857720026 3.5000000000000004 53.500000000000007 -0.024943792453169161 0.21111111111111114
decision_type=2 2 2 8 2 10
left_child=1 3 -3 4 5 -1
right_child=-2 2 -4 -5 -6 -7
leaf_value=0.00079648883548590239 0.0021559731773216004 -3.2790386392580708e-05 0.0014633707965478909 -0.00045055556424652895 0.0027144693100725884 -0.0005541118763296005
leaf_weight=254.29560229263734 36.833012374612736 348.03454410663107 172.69178930443013 1233.6822499929403 40.544994524912909 271.62494014698314
leaf_count=2536 405 4227 2147 15106 437 3984
internal_value=-5.11545e-06 -4.85151e-05 0.000481615 -0.000203679 0.000332474 0.000101614
internal_weight=2357.71 2320.87 520.726 1800.15 566.466 525.921
internal_count=28842 28437 6374 22063 6957 6520
is_linear=0
shrinkage=0.03


Tree=215
num_leaves=7
num_cat=0
split_feature=42 27 6 62 24 58
split_gain=0.200719 0.251775 0.256247 0.17004 0.173968 0.236878
threshold=2.5000000000000004 0.41505666077136999 0.11790936659382593 -0.73413824809011063 7.5000000000000009 0.58571428571428574
decision_type=2 10 2 2 2 2
left_child=3 2 -2 -1 5 -5
right_child=1 -3 -4 4 -6 -7
leaf_value=0.0012539432621560423 0.0030442644340364653 -0.00091394748087289198 -0.00053983461481753509 -0.00028097514241634129 0.00077109367550279491 0.0017945527230962637
leaf_weight=69.936296967498492 51.95425503118895 30.259498376748525 21.518791341222823 1996.9222882936301 159.12403034814633 40.869681677548215
leaf_count=842 540 273 186 24542 2061 404
internal_value=-4.50166e-05 0.00118519 0.00205564 -0.00010627 -0.000155056 -0.000230789
internal_weight=2370.58 103.733 73.473 2266.85 2196.92 2037.79
internal_count=28848 999 726 27849 27007 24946
is_linear=0
shrinkage=0.03


Tree=216
num_leaves=7
num_cat=0
split_feature=14 0 35 7 2 28
split_gain=0.184153 0.35611 0.271444 0.365689 0.241352 0.292759
threshold=0.30338066355976473 -0.073017054366298004 0.97751699363568234 0.055084856202180947 -0.12833702033092523 2.3455115556716923
decision_type=2 2 8 2 2 8
left_child=4 -2 3 -3 -1 -6
right_child=1 2 -4 -5 5 -7
leaf_value=-0.00025554553063515174 -0.0022337882403328435 0.0023834341479673717 -0.0010241708519649929 -0.00072329941931490122 0.00013835561262375094 0.0012474190988200344
leaf_weight=866.44129813663312 81.293510034680367 61.70534485578537 114.47374172508717 58.156627967953682 915.20056634685898 270.9362653788412
leaf_count=13186 358 266 491 246 11438 2963
internal_value=1.87855e-05 -0.000644308 -2.4045e-05 0.000936435 0.00012338 0.000399998
internal_weight=2368.21 315.629 234.336 119.862 2052.58 1186.14
internal_count=28948 1361 1003 512 27587 14401
is_linear=0
shrinkage=0.03


Tree=217
num_leaves=7
num_cat=0
split_feature=52 60 56 14 52 3
split_gain=0.200428 0.296575 0.368173 0.282612 0.23736 0.317893
threshold=3.2080875396860176 -0.059984291396454663 18.39280075061723 0.39133863901442489 4.4025162932541315 -0.14225570109201421
decision_type=2 2 2 2 2 2
left_child=3 2 -2 -1 5 -3
right_child=1 4 -4 -5 -6 -7
leaf_value=0.00072845025774895484 0.0015283208187728693 -2.0933901371974453e-05 -0.00050856160522210175 -0.0017100306095203951 -8.932744376257089e-06 -0.0014425580849440373
leaf_weight=497.57559489502455 184.39809563662857 264.08938591266633 128.89712449954823 37.266403466463089 944.75321875087684 295.87109140201937
leaf_count=6354 1813 3932 1214 153 11884 3489
internal_value=2.53416e-05 -0.000125294 0.00070049 0.000530276 -0.000300719 -0.00078422
internal_weight=2352.85 1818.01 313.295 534.842 1504.71 559.96
internal_count=28839 22332 3027 6507 19305 7421
is_linear=0
shrinkage=0.03


Tree=218
num_leaves=7
num_cat=0
split_feature=14 27 17 10 23 4
split_gain=0.30324 0.300547 0.226681 0.19651 0.202262 0.232363
threshold=0.39133863901442489 0.47623816132545477 1.5000000000000002 -0.075031117832132357 -0.023383188801920914 -0.25895325236252881
decision_type=2 8 2 2 2 2
left_child=2 -2 3 4 -1 -6
right_child=1 -3 -4 -5 5 -7
leaf_value=0.00057156523219982741 -0.0024222294695506199 0.00029722505481223421 -0.0011119022051304221 0.00028545838287347375 0.0011396023813731409 -0.0016125472424189449
leaf_weight=84.350090546126012 77.750596955418587 59.335118070244789 120.62375205958961 1837.3003225684806 26.05517338309437 145.8588393322425
leaf_count=1381 322 245 1836 22734 427 1920
internal_value=1.43264e-05 -0.00130498 0.000101508 0.000176374 -0.000587064 -0.00115572
internal_weight=2351.27 137.086 2214.19 2093.56 256.264 171.914
internal_count=28865 567 28298 26462 3728 2347
is_linear=0
shrinkage=0.03


Tree=219
num_leaves=7
num_cat=0
split_feature=23 28 26 30 14 13
split_gain=0.24387 0.177025 0.531407 0.249225 0.249353 0.440779
threshold=0.2415756970587786 2.6727116107940678 2.2570517063140874 -4.4616732597351065 0.2440408034823344 2.249904835165133
decision_type=2 10 10 8 2 2
left_child=1 3 -3 -1 5 -5
right_child=-2 2 -4 4 -6 -7
leaf_value=0.00038574469807696373 0.0006217880866187113 0.0013454632107411833 -0.0020370696244819304 0.00050428074785275191 -0.0012111810085668746 -0.00073264515978782368
leaf_weight=359.88100460876012 365.99003360787174 170.71667415008415 44.860676985234022 407.53720281546703 322.00791450589895 677.33725344479899
leaf_count=6326 3912 1507 386 4963 1503 10138
internal_value=-7.94128e-05 -0.000211343 0.000582473 -0.000310936 -0.000490612 -0.000267627
internal_weight=2348.33 1982.34 215.577 1766.76 1406.88 1084.87
internal_count=28735 24823 1893 22930 16604 15101
is_linear=0
shrinkage=0.03


Tree=220
num_leaves=7
num_cat=0
split_feature=23 27 52 20 3 29
split_gain=0.168749 0.164125 0.204756 0.402419 0.386917 0.330932
threshold=0.83259470567705984 -0.49328985810279841 4.3100360642203581 -0.10465542254126761 -0.24206052633736735 -2.7940218448638912
decision_type=2 10 2 2 2 8
left_child=1 2 5 4 -4 -1
right_child=-2 -3 3 -5 -6 -7
leaf_value=0.0014953955208106913 0.0016600140326837375 -0.00019889433612968346 -0.00021048426822795326 0.00023787233804731486 0.0039272721615515828 -0.00085696420452518508
leaf_weight=62.918298817356117 43.17782442184398 1708.9846468593169 28.974666098802118 257.8240872953902 51.319121255393839 197.18571794457966
leaf_count=1130 480 19449 566 3705 666 2752
internal_value=-1.09339e-05 -4.92335e-05 0.000374554 0.00085121 0.00257618 -0.000253639
internal_weight=2350.38 2307.21 598.222 338.118 80.2938 260.104
internal_count=28748 28268 8819 4937 1232 3882
is_linear=0
shrinkage=0.03


Tree=221
num_leaves=7
num_cat=0
split_feature=23 6 12 51 22 2
split_gain=0.281539 0.196311 0.283279 0.429116 0.20873 0.201693
threshold=0.86746523603893999 0.0063850432517346739 1.352765391480605 0.45000000000000007 -1.0000000180025095e-35 -0.14691460108423846
decision_type=2 2 2 2 2 2
left_child=1 -1 4 -4 5 -3
right_child=-2 2 3 -5 -6 -7
leaf_value=-0.00034089549120092284 0.0023591552957055151 -0.0011750362874498384 -0.0010909418881211144 0.0014080291903162464 0.00078183967191379977 0.00036241248564567656
leaf_weight=994.8413723467238 35.451309826690704 103.52515809173929 260.78917960077524 70.887179113924503 646.39056459980202 228.10259139479604
leaf_count=13941 384 1688 1310 341 8084 2971
internal_value=2.09552e-05 -2.50514e-05 0.000215628 -0.000531274 0.00047174 -0.000137883
internal_weight=2339.99 2304.54 1309.69 331.676 978.018 331.628
internal_count=28719 28335 14394 1651 12743 4659
is_linear=0
shrinkage=0.03


Tree=222
num_leaves=7
num_cat=0
split_feature=58 37 11 8 9 44
split_gain=0.198497 0.189174 0.173754 0.180823 0.166447 0.174845
threshold=0.58571428571428574 -4.7648510118325538 0.1184788273143335 0.12262633046655363 0.20578691980120167 4.5000000000000009
decision_type=2 8 2 2 2 10
left_child=1 -1 4 -4 5 -3
right_child=-2 2 3 -5 -6 -7
leaf_value=0.0010872206190022504 0.001736276540803562 -0.0001506491226286383 -2.2513274964918804e-05 0.0024872941086538933 0.0013515309194115136 -0.0009491950399861779
leaf_weight=105.23933226415829 44.321520194323966 1776.6207972980628 61.405471925158054 34.379185885598417 49.329762941866647 277.77070158056449
leaf_count=2449 453 20485 648 336 582 3856
internal_value=-5.6689e-05 -9.85207e-05 -0.000159918 0.00102828 -0.000218627 -0.000262694
internal_weight=2349.07 2304.75 2199.51 95.7847 2103.72 2054.39
internal_count=28809 28356 25907 984 24923 24341
is_linear=0
shrinkage=0.03


Tree=223
num_leaves=7
num_cat=0
split_feature=26 24 2 14 10 49
split_gain=0.17268 0.179472 0.226977 0.214556 0.153594 0.217112
threshold=-7.9723041057586661 7.5000000000000009 -0.16626661362815048 0.26391299999668222 -0.057436853668647495 1.0000000180025095e-35
decision_type=8 2 2 2 2 2
left_child=-1 2 3 -2 -4 -6
right_child=1 -3 4 -5 5 -7
leaf_value=0.0023162761424608252 -0.00092810476753045382 0.00084323156033517003 -0.00060446029739379494 0.0007290924296086286 6.6753783260695563e-05 0.0018390399035307489
leaf_weight=17.272151357727125 461.93259641295299 163.84719792701071 283.32352174466359 74.967071026563644 1295.7932614479796 55.402704527135938
leaf_count=317 8150 2134 3399 343 14059 430
internal_value=-5.7628e-05 -8.49874e-05 -0.000158572 -0.000687611 1.8329e-05 0.000152399
internal_weight=2352.54 2335.27 2171.42 536.9 1634.52 1351.2
internal_count=28832 28515 26381 8493 17888 14489
is_linear=0
shrinkage=0.03


Tree=224
num_leaves=7
num_cat=0
split_feature=60 27 23 30 27 20
split_gain=0.169074 0.256734 0.261954 0.262506 0.222513 0.207895
threshold=1.0000000180025095e-35 -2.0555000200029886e-14 -0.18783454017130283 1.2968787550926211 -0.46845114231109614 -0.11435630809362039
decision_type=2 8 2 8 10 2
left_child=4 -2 -3 -4 -1 -6
right_child=1 2 3 -5 5 -7
leaf_value=0.00040781648954307326 -0.00073243606741809817 -0.00052590496463477039 0.00058290057299697725 0.0033885299584125216 -0.001115755322875686 -0.00012778255887583301
leaf_weight=591.13381781059434 67.185361002571881 44.010974909877405 64.248719391878694 56.122239744756371 215.04332031038939 1318.5574193319189
leaf_count=8911 612 442 552 456 2909 14960
internal_value=2.82777e-06 0.000755064 0.00137017 0.00205059 -8.23088e-05 -0.000272648
internal_weight=2356.3 231.567 164.382 120.371 2124.73 1533.6
internal_count=28842 2062 1450 1008 26780 17869
is_linear=0
shrinkage=0.03


Tree=225
num_leaves=7
num_cat=0
split_feature=14 14 10 31 12 0
split_gain=0.294415 0.192237 0.187701 0.290287 0.263863 0.208571
threshold=0.54746047919556318 0.02740473162840432 -0.071324433857954977 -2.6811660528182979 1.4432333942053748 -0.038119576109498503
decision_type=2 2 2 10 2 2
left_child=1 -1 3 -3 -5 -4
right_child=-2 2 5 4 -6 -7
leaf_value=-0.0012700047864313562 -0.0026583710688805003 -0.0026726445098008938 -0.00019437372465821166 -0.00057112011491661089 0.0018979483256547371 0.00045564221476445001
leaf_weight=81.562323164922418 25.920315660536289 39.297201804816723 662.25418568402529 214.85333495214581 37.167902067303658 1311.667797408998
leaf_count=6382 112 402 7175 2577 187 12149
internal_value=3.74005e-05 7.83284e-05 0.000132245 -0.000566344 -0.000148446 0.00023768
internal_weight=2372.72 2346.8 2265.24 291.318 252.021 1973.92
internal_count=28984 28872 22490 3166 2764 19324
is_linear=0
shrinkage=0.03


Tree=226
num_leaves=7
num_cat=0
split_feature=42 1 26 37 14 37
split_gain=0.21214 0.346202 0.259697 0.285664 0.202412 0.310499
threshold=2.5000000000000004 -0.045955302819466935 2.0907422304153447 1.5755291309094794 0.2440408034823344 -1.9174504562936445
decision_type=2 2 8 10 2 10
left_child=4 -2 3 -3 -1 -6
right_child=1 2 -4 -5 5 -7
leaf_value=0.00012366463443493455 0.0038525102762305501 -0.0025246713286080353 0.0023524560574287486 0.0012261601783551794 -0.0023438782018396962 -0.00024350089124151576
leaf_weight=1751.9119605381275 23.69064957764931 30.818454567342997 22.790762739256024 24.83605184732005 64.611526131629944 441.09348084777594
leaf_count=25564 278 330 200 186 304 2035
internal_value=3.36567e-05 0.00130729 0.000189951 -0.000919032 -2.9474e-05 -0.000552102
internal_weight=2359.75 102.136 78.4453 55.6545 2257.62 505.705
internal_count=28897 994 716 516 27903 2339
is_linear=0
shrinkage=0.03


Tree=227
num_leaves=7
num_cat=0
split_feature=14 12 0 22 33 4
split_gain=0.286252 0.211516 0.224321 0.19955 0.262894 0.325319
threshold=0.54746047919556318 2.1035487418820176 0.56869400614271381 -0.043465210398279101 1.2879028529860082 -0.15191076384638863
decision_type=2 2 2 2 8 2
left_child=1 2 3 4 -1 -6
right_child=-2 -3 -4 -5 5 -7
leaf_value=-0.00095750510395883795 -0.0026752927838892427 0.0013798985322972736 0.0027358087759339271 8.4826104157079883e-05 -0.001507985878301503 0.0013651855878615592
leaf_weight=403.70214298978681 26.20692140609026 87.615675613284111 15.788964529987423 1677.9184168730862 42.018545984930824 104.28781585601973
leaf_count=5618 113 381 174 20615 626 1324
internal_value=-2.82877e-05 1.2767e-05 -4.65045e-05 -7.83589e-05 -0.000568815 0.000496338
internal_weight=2357.54 2331.33 2243.72 2227.93 550.009 146.306
internal_count=28851 28738 28357 28183 7568 1950
is_linear=0
shrinkage=0.03


Tree=228
num_leaves=7
num_cat=0
split_feature=35 9 29 29 52 62
split_gain=0.198959 0.202023 0.263286 0.169357 0.168951 0.255761
threshold=-5.8049101435268904 0.15996614596799968 -1.646218955516815 -7.9638733863830558 4.7969438977658561 -0.15093573364874283
decision_type=8 2 10 8 2 2
left_child=-1 4 3 -3 -2 -6
right_child=1 2 -4 -5 5 -7
leaf_value=0.0019982085180918611 5.8303256623432405e-05 -0.00029486394249644615 -0.00048126324019779395 0.0026896462119416027 -0.0013393408259981905 -0.00012910638412778249
leaf_weight=33.162483878200874 1453.4494516845589 20.011261178646237 59.589529741206206 62.28625291318167 216.11022622906603 523.61088002746692
leaf_count=513 18097 221 593 754 2469 6323
internal_value=-2.02149e-05 -5.72792e-05 0.0010013 0.00201062 -0.000129998 -0.000495826
internal_weight=2368.22 2335.06 141.887 82.2975 2193.17 739.721
internal_count=28970 28457 1568 975 26889 8792
is_linear=0
shrinkage=0.03


Tree=229
num_leaves=7
num_cat=0
split_feature=62 49 8 28 46 3
split_gain=0.197957 0.217337 0.214415 0.237893 0.396643 0.229964
threshold=-0.59955969003139375 1.5000000000000002 -0.080668876265538716 0.30164927244186407 14.500000000000002 -0.29810884388376496
decision_type=2 2 2 8 8 2
left_child=-1 2 -2 4 -4 -5
right_child=1 -3 3 5 -6 -7
leaf_value=0.0011192104129856702 -0.00084179182174528037 0.0025025192345115663 0.0016635232526659312 -0.001246914879112172 -0.00055070661454434183 0.00044112814239814129
leaf_weight=128.26294883352239 282.11100403041928 19.619603334693238 70.633945374924224 68.613503525557462 767.04029791493667 1011.7381615162594
leaf_count=1529 5382 127 931 886 10045 9880
internal_value=1.77609e-05 -5.06175e-05 -8.46049e-05 3.05537e-05 -0.000346577 0.000323467
internal_weight=2348.02 2219.76 2200.14 1918.03 837.674 1080.35
internal_count=28780 27251 27124 21742 10976 10766
is_linear=0
shrinkage=0.03


Tree=230
num_leaves=7
num_cat=0
split_feature=62 0 27 8 14 29
split_gain=0.232485 0.201594 0.265532 0.202637 0.19194 0.171551
threshold=-0.73413824809011063 0.18717846014236042 0.17015653103590014 -0.060192894181782176 0.16144847585719466 7.5816807746887216
decision_type=2 2 8 2 2 10
left_child=-1 5 4 -4 -3 -2
right_child=1 2 3 -5 -6 -7
leaf_value=0.0015900083570869804 -8.9374292492740845e-05 0.00069437485729058595 -0.00093278287036160522 0.0018357394988545942 -0.0013328026048201982 -0.0018082518932858783
leaf_weight=73.411626726854593 1925.0700260762533 81.956808186194394 21.707174163428135 147.10908882090007 67.92154623568058 43.773944662068971
leaf_count=866 24271 1270 279 1385 344 499
internal_value=3.42802e-05 -2.23493e-05 0.000665767 0.00144749 -0.0002502 -0.000136535
internal_weight=2360.95 2287.54 318.695 168.816 149.878 1968.84
internal_count=28914 28048 3278 1664 1614 24770
is_linear=0
shrinkage=0.03


Tree=231
num_leaves=7
num_cat=0
split_feature=58 30 9 46 25 62
split_gain=0.170657 0.19087 0.182497 0.155794 0.132077 0.167915
threshold=0.58571428571428574 -1.0000000180025095e-35 0.19743674599980385 49.500000000000007 -0.68810430324140459 0.24711716865309299
decision_type=2 8 2 10 2 2
left_child=2 -2 4 -4 5 -1
right_child=1 -3 3 -5 -6 -7
leaf_value=0.0015143496008358953 -0.00035426933518867146 0.0030679343031918488 0.00021117000760351265 0.0030668779810527013 -0.00018057113863294923 -0.0013646157984656484
leaf_weight=73.891018134949263 23.130621688935207 22.882416870910674 44.772272575588431 19.671323799877428 2158.4633799125731 14.906681033520725
leaf_count=1116 262 194 555 225 26308 220
internal_value=-4.51072e-05 0.00159149 -8.43971e-05 0.00137775 -0.000132244 0.000941847
internal_weight=2357.72 46.013 2311.7 64.4436 2247.26 88.7977
internal_count=28880 456 28424 780 27644 1336
is_linear=0
shrinkage=0.03


Tree=232
num_leaves=7
num_cat=0
split_feature=0 25 37 52 56 14
split_gain=0.193067 0.1838 0.216326 0.252008 0.266087 0.201728
threshold=0.56869400614271381 -0.68810430324140459 5.7721727417988919 4.8711124470413898 -15.950788215664696 0.39133863901442489
decision_type=2 2 10 2 2 2
left_child=1 -1 5 4 -4 -3
right_child=-2 2 3 -5 -6 -7
leaf_value=0.0011188089362928557 0.0024663823353691114 -0.00016846848603296739 0.00016467756714597928 -0.00073172124539967374 0.003296732620108463 -0.0014598276215472565
leaf_weight=95.455332284996985 16.561994623683859 1998.8136535226367 47.955952792428434 46.997759823105298 42.185314101167023 105.49393894523382
leaf_count=1406 179 25829 383 344 333 435
internal_value=-7.77029e-05 -0.000106166 -0.00016307 0.000950656 0.00181329 -0.000239806
internal_weight=2353.46 2336.9 2241.45 137.139 90.1413 2104.31
internal_count=28909 28730 27324 1060 716 26264
is_linear=0
shrinkage=0.03


Tree=233
num_leaves=7
num_cat=0
split_feature=62 25 35 3 9 13
split_gain=0.229564 0.200494 0.36638 0.26621 0.252779 0.361454
threshold=0.12301377615185326 0.07606337513625995 1.2600379375120008 -0.11577332440100939 -0.0016545679971975769 2.4414009612931857
decision_type=2 2 8 2 2 2
left_child=-1 3 -3 4 -2 -6
right_child=1 2 -4 -5 5 -7
leaf_value=-7.9095097675776322e-05 0.00074627116819683879 -0.00099512646540205569 0.0014250894421738171 -7.4394652451222016e-05 0.0039144659670724835 -0.0001389465498765589
leaf_weight=1777.0311953617202 140.28314222552581 141.86277397858794 79.49770920042647 125.39842661144212 61.783399699488655 26.418408351251855
leaf_count=22069 1931 1719 879 1329 624 321
internal_value=9.0204e-05 0.000605614 -0.000101921 0.00103883 0.0016273 0.00280986
internal_weight=2352.28 575.244 221.36 353.883 228.485 88.2018
internal_count=28872 6803 2598 4205 2876 945
is_linear=0
shrinkage=0.03


Tree=234
num_leaves=7
num_cat=0
split_feature=43 46 26 28 29 33
split_gain=0.214919 0.348215 0.171293 0.25387 0.311944 0.238106
threshold=1.5000000000000002 20.500000000000004 2.2156327962875371 3.3297342061996464 -2.7940218448638912 -0.4161483844121297
decision_type=2 10 10 10 10 10
left_child=2 -2 3 -1 -5 -6
right_child=1 -3 -4 4 5 -7
leaf_value=-3.4682905020361263e-05 0.0031159853356373711 -0.00029044260551080379 -0.00061358654915242194 0.0029017256809825741 -0.0014233241696092103 0.0017624231647280118
leaf_weight=1740.2924490218866 40.703124815132469 54.496407620143145 405.96609017121955 50.98272190685384 39.193722067633644 27.003745629452169
leaf_count=22520 315 445 4626 449 337 228
internal_value=-1.91079e-06 0.00132375 -6.3245e-05 5.96783e-05 0.00135361 -6.30251e-05
internal_weight=2358.64 95.1995 2263.44 1857.47 117.18 66.1975
internal_count=28920 760 28160 23534 1014 565
is_linear=0
shrinkage=0.03


Tree=235
num_leaves=7
num_cat=0
split_feature=52 14 57 35 12 46
split_gain=0.185736 0.300626 0.205101 0.220312 0.216831 0.250253
threshold=3.2080875396860176 0.37388807372486693 1.5000000000000002 2.283155333871643 0.67085480920264173 37.500000000000007
decision_type=2 2 2 10 2 8
left_child=1 2 3 4 5 -1
right_child=-2 -3 -4 -5 -6 -7
leaf_value=-0.0014349486786693596 -0.00014526710891976582 -0.0016529003475517629 6.0591820857780772e-05 -0.00062509225199151777 0.0026124690501448814 0.0014415701221647701
leaf_weight=28.740799433900975 1812.5327451148041 44.366241067647934 237.26643745193724 40.809494250745047 100.00124306976795 87.535257586772786
leaf_count=583 22262 183 2916 477 652 1717
internal_value=4.20691e-07 0.000484305 0.00070508 0.00127534 0.00164571 0.00067323
internal_weight=2351.25 538.719 494.353 257.087 216.277 116.276
internal_count=28790 6528 6345 3429 2952 2300
is_linear=0
shrinkage=0.03


Tree=236
num_leaves=7
num_cat=0
split_feature=14 52 35 20 4 37
split_gain=0.192577 0.212193 0.215779 0.268748 0.218876 0.308161
threshold=0.026834622807896908 3.2080875396860176 -1.8519186425126259 -1.0000000180025095e-35 -0.11177848467262397 2.5496112604741943
decision_type=2 2 10 2 2 8
left_child=-1 -2 3 4 -3 -6
right_child=1 2 -4 -5 5 -7
leaf_value=-0.0013145997325401625 0.000648290854686473 0.00026171499833317651 -0.00024543353370541182 -0.00010488032767261856 0.00017730417568387376 0.0034929232360952239
leaf_weight=77.902520037736394 511.02248001098633 99.336978012695909 1273.9872723091394 283.4442945830524 42.07000089995563 57.510698013007641
leaf_count=6230 4985 1102 12638 2839 468 529
internal_value=6.36718e-05 0.000116591 -4.09053e-05 0.000493297 0.00130988 0.00223618
internal_weight=2345.27 2267.37 1756.35 482.362 198.918 99.5807
internal_count=28791 22561 17576 4938 2099 997
is_linear=0
shrinkage=0.03


Tree=237
num_leaves=7
num_cat=0
split_feature=0 2 62 23 35 52
split_gain=0.228643 0.178338 0.163856 0.18214 0.161878 0.155892
threshold=0.33788149186152089 -0.10946890130593701 -0.73413824809011063 0.83259470567705984 5.4785131402313718 2.8062982233521478
decision_type=2 2 2 2 10 2
left_child=2 -2 -1 4 5 -4
right_child=1 -3 3 -5 -6 -7
leaf_value=0.0013042926068145241 -0.00029283803035107947 0.002181604946510454 0.00041011703768893568 0.0018147579318072099 0.0016843830543088138 -0.00027327893860799532
leaf_weight=69.440936915983912 36.737047707254533 66.0446177610429 352.39857167366426 34.646547810320044 33.843156396469567 1764.8307845196978
leaf_count=837 450 662 4498 386 360 21674
internal_value=3.13777e-05 0.00134962 -3.4396e-05 -8.2673e-05 -0.00012149 -0.000158139
internal_weight=2357.94 102.782 2255.16 2185.72 2151.07 2117.23
internal_count=28867 1112 27755 26918 26532 26172
is_linear=0
shrinkage=0.03


Tree=238
num_leaves=7
num_cat=0
split_feature=57 8 58 62 60 39
split_gain=0.27388 0.198293 0.161943 0.219641 0.219369 0.18348
threshold=5.5000000000000009 0.14711648887314105 0.58571428571428574 0.69742687553172489 0.18674709343578108 5.5000000000000009
decision_type=2 2 2 2 2 2
left_child=2 -2 3 4 -1 -4
right_child=1 -3 5 -5 -6 -7
leaf_value=-0.00022793597532556713 0.0003986059942140401 0.002404713155838973 0.0029496743557951826 -0.0018561596446414605 0.0016794153094794725 -0.00039851198811441949
leaf_weight=1848.022349611434 318.35499596351292 42.836731508694356 21.037174735683948 62.645282740355469 45.989172064233571 24.07145410310477
leaf_count=22820 4102 446 195 704 407 255
internal_value=-5.41136e-05 0.000694901 -0.000192046 -0.000236097 -0.000173046 0.00141487
internal_weight=2362.96 361.192 2001.77 1956.66 1894.01 45.1086
internal_count=28929 4548 24381 23931 23227 450
is_linear=0
shrinkage=0.03


Tree=239
num_leaves=7
num_cat=0
split_feature=9 57 24 2 33 17
split_gain=0.190235 0.177446 0.192867 0.225538 0.268801 0.211659
threshold=0.20578691980120167 5.5000000000000009 7.5000000000000009 -0.30872623534187299 0.80149622758229577 1.5000000000000002
decision_type=2 2 2 2 10 2
left_child=1 2 3 4 -1 -5
right_child=-2 -3 -4 5 -6 -7
leaf_value=-0.0025803496355791644 0.0015779694650963556 0.00056196197063194313 0.00085685538573272756 -9.4590031171833006e-05 0.0011709575867873533 -0.0015154186059435563
leaf_weight=60.723000999598298 55.950483025342692 344.11482512435759 142.89499415858882 1633.3162182748492 16.22898480569711 90.28430772467982
leaf_count=1598 671 4380 1798 18590 357 1288
internal_value=-1.06714e-05 -5.62262e-05 -0.000168002 -0.000253619 -0.00174553 -0.000177327
internal_weight=2343.51 2287.56 1943.45 1800.55 76.952 1723.6
internal_count=28682 28011 23631 21833 1955 19878
is_linear=0
shrinkage=0.03


Tree=240
num_leaves=7
num_cat=0
split_feature=23 62 33 22 33 60
split_gain=0.231509 0.195881 0.211544 0.18374 0.210389 0.169947
threshold=0.86746523603893999 -0.73413824809011063 -1.1827705701192217 -0.13970516275606176 -3.0476078987121578 -0.090288972177352197
decision_type=2 2 8 2 8 2
left_child=1 2 -1 4 -3 -4
right_child=-2 3 5 -5 -6 -7
leaf_value=0.0034097157844774199 0.0021582081455885265 0.0017758063405771585 -0.0012983768720602397 1.5360086465500926e-05 -0.0010875888880727211 0.0016558713532630702
leaf_weight=20.229471272265073 34.339471830404364 16.541320904070744 25.463172297459096 1997.7467409331875 231.50572095785174 24.788538282620721
leaf_count=254 387 297 225 23927 3321 349
internal_value=1.0862e-05 -3.01137e-05 0.00142437 -8.18725e-05 -0.000835222 0.000191875
internal_weight=2350.61 2316.27 70.4812 2245.79 248.047 50.2517
internal_count=28760 28373 828 27545 3618 574
is_linear=0
shrinkage=0.03


Tree=241
num_leaves=7
num_cat=0
split_feature=34 12 60 4 10 12
split_gain=0.195254 0.234818 0.238041 0.267827 0.269539 0.238301
threshold=-7.7687110503514596 1.6408058397290257 -0.035926554350469368 -0.10422762352755359 0.08078499013525163 0.2764259228267017
decision_type=10 2 2 2 2 2
left_child=1 2 -1 -4 5 -5
right_child=-2 -3 3 4 -6 -7
leaf_value=0.0032837375765792918 -0.00010951944718063579 -0.0017084513727912952 -0.00022625155643641416 0.00024668742983396838 -0.00034841123174732627 0.0036153578584834823
leaf_weight=24.561746173334541 2024.3075517574616 24.819603934884071 156.07581154129002 29.869408613623818 40.503893355547916 49.953213904052973
leaf_count=338 23522 121 2942 910 668 398
internal_value=1.11201e-06 0.000671327 0.00091621 0.000598517 0.0016036 0.00252261
internal_weight=2350.09 325.784 300.964 276.402 120.327 79.8226
internal_count=28899 5377 5256 4918 1976 1308
is_linear=0
shrinkage=0.03


Tree=242
num_leaves=7
num_cat=0
split_feature=52 22 31 46 43 22
split_gain=0.228096 0.258848 0.214835 0.257114 0.246958 0.255497
threshold=5.5500862435057874 -0.13970516275606176 4.8055198192596444 182.50000000000003 1.5000000000000002 -0.098986784882104786
decision_type=2 2 8 8 2 2
left_child=1 -1 -3 4 5 -4
right_child=-2 2 3 -5 -6 -7
leaf_value=-0.00098600171784453796 0.001330814523059391 -0.00022256292254962953 0.0021693304462087897 0.00090665572139484211 0.0021230218639824217 -0.00056569105862911773
leaf_weight=236.36310706051881 99.992603544262238 1149.8100537838181 23.668178053747397 433.22236358671216 30.036219980567694 365.72320925816894
leaf_count=3462 1182 11271 397 6551 260 5539
internal_value=-3.11791e-06 -6.83483e-05 4.43295e-05 0.000402645 -0.000126932 -0.000349296
internal_weight=2338.82 2238.82 2002.46 852.65 419.428 389.391
internal_count=28662 27480 24018 12747 6196 5936
is_linear=0
shrinkage=0.03


Tree=243
num_leaves=7
num_cat=0
split_feature=3 46 28 45 36 29
split_gain=0.180032 0.236758 0.32551 0.350959 0.273815 0.219654
threshold=-0.024943792453169161 53.500000000000007 3.4934675693511967 0.27922077922077926 2.0098734157780811 -2.2431672811508174
decision_type=2 8 8 10 8 8
left_child=-1 4 3 -3 -2 -5
right_child=1 2 -4 5 -6 -7
leaf_value=-0.00010946238543573311 0.0027573715980209784 -0.0010547865609024066 0.0026385493415920164 0.0031575173351764941 -0.0008864364258393578 -0.00046488966555511033
leaf_weight=2051.2694836127484 65.003714758087881 151.11293051153189 28.923716888646595 25.402600274072029 19.291922074393369 22.306365421507508
leaf_count=25631 694 1607 272 318 219 247
internal_value=-6.42814e-06 0.000653256 0.000124199 -0.000350415 0.00191788 0.00167678
internal_weight=2363.31 312.041 227.746 198.822 84.2956 47.709
internal_count=28988 3357 2444 2172 913 565
is_linear=0
shrinkage=0.03


Tree=244
num_leaves=7
num_cat=0
split_feature=58 59 34 2 45 20
split_gain=0.171829 0.483503 0.175792 0.174855 0.218182 0.192815
threshold=0.13392857142857145 0.32609054343480259 2.5049274762471518 -0.027368902739511831 0.42261904761904767 -0.060698254304053949
decision_type=2 2 10 2 10 2
left_child=3 -2 -3 -1 -5 -6
right_child=1 2 -4 4 5 -7
leaf_value=3.3468176251506363e-05 0.0023963065206533238 -0.0002339220938650265 0.0016366418739344496 -0.0010905086162240202 0.0025253443163583771 -0.0003195381279546019
leaf_weight=1549.3222747819673 89.035907552446588 315.18178172540502 42.522094583138824 276.03085957220173 21.302988542534877 62.254705216066213
leaf_count=19345 1021 3698 342 3256 333 798
internal_value=1.83646e-05 0.000541256 2.69039e-05 -0.00010619 -0.000692544 0.000598162
internal_weight=2355.65 446.74 357.704 1908.91 359.589 83.5577
internal_count=28793 5061 4040 23732 4387 1131
is_linear=0
shrinkage=0.03


Tree=245
num_leaves=7
num_cat=0
split_feature=5 50 2 22 26 12
split_gain=0.254263 0.215958 0.269941 0.197114 0.236071 0.189294
threshold=0.0050789426072833316 0.23611111111111113 -0.096270212030659108 0.15729649469262996 2.2156327962875371 0.61642251731678266
decision_type=2 2 2 2 8 2
left_child=3 5 -3 -1 -5 -2
right_child=1 2 -4 4 -6 -7
leaf_value=-0.00021733171711377957 0.0011333569700144269 -0.00040061809438311763 0.0034138414587164953 0.0015644558792951922 -0.00099630758513269131 -0.00016977367149310427
leaf_weight=1742.4844784752204 160.42898105003405 22.311009565019049 39.46055692480877 109.04227743757656 36.721113080508076 238.57047551497817
leaf_count=21992 2765 228 397 1499 430 1477
internal_value=2.78419e-05 0.000651829 0.00217225 -0.000127055 0.000896795 0.000369086
internal_weight=2349.02 460.771 61.7716 1888.25 145.763 398.999
internal_count=28788 4867 625 23921 1929 4242
is_linear=0
shrinkage=0.03


Tree=246
num_leaves=7
num_cat=0
split_feature=14 16 60 37 33 4
split_gain=0.265049 0.218799 0.265492 0.184762 0.225116 0.219844
threshold=0.54746047919556318 1.0000000180025095e-35 -0.08291878368649766 -5.3300210719758798 -1.7979015484452245 -0.059910559839856388
decision_type=2 2 2 8 10 2
left_child=1 3 -3 4 -1 -5
right_child=-2 2 -4 5 -6 -7
leaf_value=-0.00051127635127803939 -0.0025742405274472567 0.0014013008584770057 -0.0011556385916073404 -0.00014703478865893199 0.002594902090512208 0.00056521404296221048
leaf_weight=29.127596503734821 26.76676394790411 34.207606469746679 236.1737663942331 1473.0891315524641 45.808286336367019 519.25344502809457
leaf_count=835 115 334 3218 17504 959 5889
internal_value=-4.68738e-05 -7.093e-06 -0.000793704 9.91142e-05 0.00146949 4.04905e-05
internal_weight=2364.43 2337.66 270.381 2067.28 74.9359 1992.34
internal_count=28854 28739 3552 25187 1794 23393
is_linear=0
shrinkage=0.03


Tree=247
num_leaves=7
num_cat=0
split_feature=18 24 0 14 12 52
split_gain=0.180759 0.359813 0.168455 0.171972 0.223361 0.216043
threshold=1.0000000180025095e-35 1.0000000180025095e-35 0.51532498537565985 0.027995546500708613 -0.52157309679499286 2.8062982233521478
decision_type=2 2 2 2 2 2
left_child=2 -2 3 -1 -5 -6
right_child=1 -3 -4 4 5 -7
leaf_value=-0.0012767221933673472 -0.0032766871788265026 -0.00017993991957016914 0.0020906231513816262 0.0015856315886912762 0.00070512289555651054 -0.00013879479910313596
leaf_weight=80.221555961703416 34.847028108662926 141.99685962626245 25.448157445178367 73.044100247323513 315.69793798029423 1677.7556145507842
leaf_count=6222 373 1311 268 1933 2909 15780
internal_value=-3.74294e-05 -0.000932864 3.9412e-05 5.51526e-06 6.12005e-05 -2.29335e-06
internal_weight=2349.01 176.844 2172.17 2146.72 2066.5 1993.45
internal_count=28796 1684 27112 26844 20622 18689
is_linear=0
shrinkage=0.03


Tree=248
num_leaves=7
num_cat=0
split_feature=0 52 34 14 45 20
split_gain=0.217787 0.165182 0.265432 0.315048 0.332133 0.257883
threshold=0.56869400614271381 4.859114313416061 0.48472819974025094 0.12847905629738401 0.63068181818181823 0.035780355301415968
decision_type=2 2 8 2 8 2
left_child=1 -1 5 -4 -5 -3
right_child=-2 2 3 4 -6 -7
leaf_value=0.00015127460905500591 0.0027170914040200471 -0.00038213660715284139 0.00029728176184372367 -0.0032020681494489261 -0.00051154850346796211 0.0011813326050905033
leaf_weight=1610.6546208367217 16.512911916826852 347.18517155392328 85.576250211568549 77.711912661790848 86.649021320044994 119.33479900145903
leaf_count=19961 168 4486 1548 458 515 1566
internal_value=1.34298e-05 -1.72988e-05 -0.000393132 -0.00116138 -0.00189435 3.41935e-05
internal_weight=2343.62 2327.11 716.457 249.937 164.361 466.52
internal_count=28702 28534 8573 2521 973 6052
is_linear=0
shrinkage=0.03


Tree=249
num_leaves=7
num_cat=0
split_feature=14 30 4 27 17 33
split_gain=0.148902 0.156943 0.217121 0.243716 0.194946 0.206934
threshold=0.025284969378548929 -4.4616732597351065 -0.20049531881391036 0.1168288365006447 1.5000000000000002 -1.9792411526044209
decision_type=2 10 2 10 2 8
left_child=-1 2 -2 4 5 -4
right_child=1 -3 3 -5 -6 -7
leaf_value=-0.0012929597027077164 -0.0010330192657566847 -0.00012956524725854559 -0.00061526288120375525 -0.00035385184563413127 -0.0012875404914807814 0.0014510484700289751
leaf_weight=70.160941371112131 71.668460331857204 1666.4659526273608 44.464874157682061 156.7993004899472 22.753187676891685 326.13857444562018
leaf_count=5963 924 15922 558 1788 298 3450
internal_value=-2.20278e-05 2.23962e-05 0.000425252 0.000630271 0.00102161 0.00119348
internal_weight=2358.45 2288.29 621.824 550.156 393.357 370.603
internal_count=28903 22940 7018 6094 4306 4008
is_linear=0
shrinkage=0.03


Tree=250
num_leaves=7
num_cat=0
split_feature=2 24 60 31 29 31
split_gain=0.228452 0.233293 0.16453 0.164137 0.251271 0.151906
threshold=-0.30394491481663721 3.5000000000000004 -0.0057995162785584968 -3.3272860348224635 6.6323387622833261 -1.576140224933624
decision_type=2 2 2 8 8 8
left_child=1 2 -1 4 -2 -5
right_child=3 -3 -4 5 -6 -7
leaf_value=0.00022888403664437658 0.0022963909182002785 0.00032954214297138207 -0.0030058671619220827 -0.00097384479608401292 -0.00086133039288471586 7.9748772440625172e-05
leaf_weight=16.736459233739879 57.594135379884392 48.078282333677635 50.301653217378771 121.06840207567438 27.665410492336378 2031.9880758127983
leaf_count=295 432 1158 1357 989 258 24346
internal_value=8.40298e-07 -0.00124684 -0.00227341 7.02686e-05 0.0012889 1.62759e-05
internal_weight=2353.43 115.116 67.0381 2238.32 85.2595 2153.06
internal_count=28835 2810 1652 26025 690 25335
is_linear=0
shrinkage=0.03


Tree=251
num_leaves=7
num_cat=0
split_feature=0 42 13 14 26 62
split_gain=0.173647 0.256881 0.229402 0.350399 0.22839 0.217294
threshold=1.0000000180025095e-35 2.5000000000000004 1.8688348091416842 0.31156544111143752 -6.9950330257415763 -0.075500140637837734
decision_type=2 2 2 2 8 2
left_child=1 2 3 5 -4 -1
right_child=-2 -3 4 -5 -6 -7
leaf_value=-0.00027001796336866934 0.00034347958191141239 0.0015268040926003925 0.0023622541733759115 -0.001379193218625673 -0.00043225086075876246 0.0033306680308630545
leaf_weight=19.443740699673072 899.88233078780468 65.139402091386728 17.057731576089282 26.945402219891548 1282.2905172412138 40.825190207920969
leaf_count=206 9166 681 334 118 17855 424
internal_value=1.81867e-05 -0.000184427 -0.000275175 0.00113539 -0.000377804 0.00229592
internal_weight=2351.58 1451.7 1386.56 87.2143 1299.35 60.2689
internal_count=28784 19618 18937 748 18189 630
is_linear=0
shrinkage=0.03


Tree=252
num_leaves=7
num_cat=0
split_feature=58 37 57 3 23 31
split_gain=0.222964 0.218637 0.153982 0.223849 0.192224 0.190956
threshold=0.41428571428571431 2.1110267439510402 6.5000000000000009 -0.10702955180234476 0.55253207259047932 5.0982037000358114
decision_type=2 10 2 2 2 8
left_child=2 -2 4 -4 5 -1
right_child=1 -3 3 -5 -6 -7
leaf_value=-0.00038805805691251533 0.00012038303727933513 0.0026231191765621548 0.0013234212850181714 -0.00069247867112821968 0.0011735149196607194 0.00021731151365762518
leaf_weight=1110.3682684174855 67.895092321850825 50.141385925468057 159.56124039646238 62.731240258493926 96.669268575555179 798.03350266776397
leaf_count=11256 811 402 2194 732 1096 12277
internal_value=8.79581e-05 0.00130537 1.78966e-05 0.000749211 -6.64964e-05 -0.000135098
internal_weight=2345.4 118.036 2227.36 222.292 2005.07 1908.4
internal_count=28768 1213 27555 2926 24629 23533
is_linear=0
shrinkage=0.03


Tree=253
num_leaves=7
num_cat=0
split_feature=42 12 33 26 26 7
split_gain=0.160226 0.338564 0.263705 0.196709 0.239106 0.394098
threshold=2.5000000000000004 0.36671270165842934 -0.89159179975589098 2.2156327962875371 2.8908693790435795 0.055084856202180947
decision_type=2 2 8 8 8 2
left_child=3 -2 -3 -1 -5 -6
right_child=1 2 -4 4 5 -7
leaf_value=6.3846496684986283e-05 -0.0016514389233628322 -0.0002512394984513343 0.0030753415321330929 -0.0016568279736371412 -0.00074966459640238184 0.0011762374058967657
leaf_weight=1645.725986509904 23.769154550274834 31.032322578132153 50.503509275615215 129.95697885047412 345.88435806665802 121.03820665649255
leaf_count=20641 473 193 329 1487 4499 1216
internal_value=-5.04014e-05 0.00104065 0.00192012 -0.000106026 -0.000567735 -0.000236227
internal_weight=2347.91 105.305 81.5358 2242.61 596.88 466.923
internal_count=28838 995 522 27843 7202 5715
is_linear=0
shrinkage=0.03


Tree=254
num_leaves=7
num_cat=0
split_feature=3 39 20 30 36 20
split_gain=0.161552 0.255954 0.411066 0.384454 0.351594 0.242971
threshold=-0.024943792453169161 6.5000000000000009 0.0023663252705251052 3.7440196275711064 -1.350316402191917 0.071640404313395536
decision_type=2 2 2 8 10 2
left_child=-1 2 4 -4 -2 -3
right_child=1 5 3 -5 -6 -7
leaf_value=9.1447749617147605e-06 0.0049870543400417399 -0.001598726516608028 0.0010424255468164615 -0.0027297514949025286 0.0010814795089118901 0.00094242930732467997
leaf_weight=2041.3168135899759 29.846191395772621 58.672029889130499 83.942014227970503 22.815221209311858 59.205848635989241 57.558231645321939
leaf_count=25455 314 627 923 220 594 672
internal_value=0.000107707 0.00073218 0.00136976 7.15173e-05 0.00276178 -0.000365356
internal_weight=2353.36 312.04 195.809 106.757 89.052 116.23
internal_count=28805 3350 2051 1143 908 1299
is_linear=0
shrinkage=0.03


Tree=255
num_leaves=7
num_cat=0
split_feature=58 59 29 26 29 46
split_gain=0.172245 0.386531 0.303178 0.300191 0.263873 0.225674
threshold=0.080128205128205135 0.32609054343480259 -5.8215990066528311 -1.0502495169639585 -1.2586923837661741 41.500000000000007
decision_type=2 2 10 10 10 10
left_child=-1 5 -3 -4 -5 -2
right_child=1 2 3 4 -6 -7
leaf_value=-0.00011184127882087043 0.0025697437738747761 0.0014385553000578501 -0.0016589844738769438 -0.00083744068840966137 0.0014228487268378128 -0.00015701410167851684
leaf_weight=1849.1297163677227 93.382352036394877 87.91225760866655 107.69865744301933 83.618341208813945 83.012983051128685 35.626799274177756
leaf_count=23009 1127 1127 1273 926 818 408
internal_value=2.132e-05 0.000514787 -1.24771e-06 -0.000497016 0.000305402 0.0018596
internal_weight=2340.38 491.251 362.242 274.33 166.631 129.009
internal_count=28688 5679 4144 3017 1744 1535
is_linear=0
shrinkage=0.03


Tree=256
num_leaves=7
num_cat=0
split_feature=24 8 3 1 56 59
split_gain=0.149732 0.157078 0.153698 0.14966 0.139878 0.233177
threshold=7.5000000000000009 -0.20889381837855261 -0.1679274677829127 0.18656422325849178 19.710427483284043 -0.006852516794079974
decision_type=2 2 2 2 2 2
left_child=1 -1 -2 4 -3 -6
right_child=2 3 -4 -5 5 -7
leaf_value=-0.0015605156891122557 -0.00023208951296244262 0.00016942198416628458 0.0015605423236358937 0.0019431773457383821 -0.001052197206672386 0.00010216941993330288
leaf_weight=46.575058828660985 65.096379549184348 1469.1172669964726 105.01465245289728 26.589144487021258 251.24111609259853 392.56996347772656
leaf_count=1349 963 17600 1238 258 2807 4623
internal_value=6.83446e-05 -1.54329e-07 0.000899757 4.09149e-05 7.93628e-06 -0.000357514
internal_weight=2356.2 2186.09 170.111 2139.52 2112.93 643.811
internal_count=28838 26637 2201 25288 25030 7430
is_linear=0
shrinkage=0.03


Tree=257
num_leaves=7
num_cat=0
split_feature=15 23 25 2 24 4
split_gain=0.220775 0.222526 0.266827 0.292533 0.218848 0.2175
threshold=1.5000000000000002 -0.30651523775320394 0.29687337353100435 -0.13338099661167693 2.5000000000000004 -0.21607616536261107
decision_type=2 2 2 2 2 2
left_child=1 -1 5 -4 -2 -3
right_child=4 2 3 -5 -6 -7
leaf_value=-0.00055455957191538608 -0.001519829526042103 -0.00097613090630715657 -0.00049389730945306189 0.0025866613132788808 0.00015286190188729446 0.00026010237065834057
leaf_weight=357.5645118530374 147.67306536069373 130.27380398407695 37.018194062518887 75.001381835725624 124.15657774335705 1485.1251202590938
leaf_count=5143 2037 1806 413 695 1557 17155
internal_value=1.08342e-05 0.000116837 0.000258204 0.00161161 -0.000777522 0.000155014
internal_weight=2356.81 2084.98 1727.42 112.02 271.83 1615.4
internal_count=28806 25212 20069 1108 3594 18961
is_linear=0
shrinkage=0.03


Tree=258
num_leaves=7
num_cat=0
split_feature=8 30 58 29 14 12
split_gain=0.186621 0.235014 0.20506 0.392943 0.18074 0.329525
threshold=0.20327714933506214 -6.2078635692596427 0.41428571428571431 -4.9096059799194327 0.31156544111143752 1.8432553481504141
decision_type=2 10 2 8 2 2
left_child=2 -2 4 -4 -1 -6
right_child=1 -3 3 -5 5 -7
leaf_value=-2.0771163945795722e-05 0.0032598459101479413 0.00027535253710647028 0.0034216663079770487 -0.00011184987049278195 -0.0019125172736312707 0.00019153145115070872
leaf_weight=1886.3106815537612 24.374272664193995 83.797636867093388 33.663622150779702 78.909632339229574 122.93394532799721 131.72319483757019
leaf_count=25455 343 792 368 801 536 558
internal_value=4.5779e-06 0.00116679 -5.61177e-05 0.00113775 -0.00012389 -0.000858069
internal_weight=2361.71 108.172 2253.54 112.573 2140.97 254.657
internal_count=28853 1135 27718 1169 26549 1094
is_linear=0
shrinkage=0.03


Tree=259
num_leaves=7
num_cat=0
split_feature=23 28 52 13 17 35
split_gain=0.193265 0.175049 0.169313 0.159745 0.154527 0.137009
threshold=0.70463431134796928 -4.8235991001129142 4.3805764999966366 2.3502401828962087 1.5000000000000002 5.4785131402313718
decision_type=2 8 2 2 2 10
left_child=1 -1 -2 -4 5 -3
right_child=2 4 3 -5 -6 -7
leaf_value=0.0012608555542219524 0.002647797943850564 -0.00020793018394541174 -0.001468609552596772 0.0016293949827547954 -0.0012601648147453647 0.0014534470430732898
leaf_weight=62.899323023302713 31.317111681972165 2073.636334725481 22.864081776235253 17.540011153003434 115.11315619020024 35.765613086696249
leaf_count=1515 349 24502 249 215 1706 362
internal_value=-0.000137802 -0.000188247 0.0012972 -6.72753e-05 -0.00023468 -0.000173036
internal_weight=2359.14 2287.41 71.7212 40.4041 2224.52 2109.4
internal_count=28898 28085 813 464 26570 24864
is_linear=0
shrinkage=0.03


Tree=260
num_leaves=7
num_cat=0
split_feature=52 52 9 22 26 0
split_gain=0.149822 0.188915 0.188486 0.174359 0.147585 0.188071
threshold=5.5116732369970016 5.4718357135910605 0.053172371291415867 -0.044916513761054398 -2.9152537584304805 -0.39911159816349556
decision_type=2 2 2 2 8 2
left_child=1 4 3 -2 5 -1
right_child=2 -3 -4 -5 -6 -7
leaf_value=0.0028513675833827254 0.0012525467856283703 -0.0020672045467018218 0.0021894743836715492 -0.0012327722199026352 -0.00017902252483223871 0.00027935403430435796
leaf_weight=18.294075076875743 39.22502443625126 33.776199817482848 48.819902976509184 42.508035711274715 1869.8255489388539 305.0874816114665
leaf_count=496 498 365 497 542 22448 3947
internal_value=-5.60147e-05 -0.00011548 0.000894402 -3.35081e-05 -7.61768e-05 0.00050602
internal_weight=2357.54 2226.98 130.553 81.7331 2193.21 323.382
internal_count=28793 27256 1537 1040 26891 4443
is_linear=0
shrinkage=0.03


Tree=261
num_leaves=7
num_cat=0
split_feature=31 4 45 12 52 5
split_gain=0.236886 0.384011 0.349404 0.345869 0.327201 0.207514
threshold=-3.079752922058105 -0.18873735279557943 0.40833333333333338 0.6387150186381797 4.7108925014903322 -0.074859225659643147
decision_type=10 2 8 2 2 2
left_child=1 -1 5 -4 -5 -3
right_child=-2 2 3 4 -6 -7
leaf_value=-0.0015633852245846038 -5.2735140531779663e-05 -0.0017345495406177025 0.0034459400976481064 -0.00078984195311310494 0.0025079396445917158 0.00082310946943661548
leaf_weight=43.102846743597183 2033.448857377909 35.373744093813002 74.928747590107378 53.758169200271368 38.297080114483833 67.184485526522622
leaf_count=612 25174 339 1438 338 258 582
internal_value=6.68365e-05 0.000822063 0.0012458 0.00205344 0.000693421 -0.00013479
internal_weight=2346.09 312.645 269.542 166.984 92.0552 102.558
internal_count=28741 3567 2955 2034 596 921
is_linear=0
shrinkage=0.03


Tree=262
num_leaves=7
num_cat=0
split_feature=49 24 12 25 22 8
split_gain=0.156105 0.151978 0.252115 0.171463 0.194856 0.169561
threshold=1.5000000000000002 7.5000000000000009 1.2914095216433172 -0.063393020731393177 -0.0098859396285984179 -0.24310784462849086
decision_type=2 2 2 2 2 2
left_child=1 5 3 -3 -5 -1
right_child=-2 2 -4 4 -6 -7
leaf_value=-0.0020426666801735892 0.0021492724740696653 0.0025045746061858804 -0.0013864886170386458 -0.0015227391399323927 0.0012777043783830022 -3.2910957235400925e-05
leaf_weight=28.470622880064184 20.825416184728965 56.721857605502009 28.816560797393322 23.550856358313467 58.714807214390021 2136.7588771598239
leaf_count=913 132 837 148 380 794 25595
internal_value=2.83506e-05 3.26333e-07 0.00084362 0.00136802 0.000397851 -6.86063e-05
internal_weight=2353.86 2333.03 167.804 138.988 82.2657 2165.23
internal_count=28799 28667 2159 2011 1174 26508
is_linear=0
shrinkage=0.03


Tree=263
num_leaves=7
num_cat=0
split_feature=18 6 24 58 8 37
split_gain=0.208294 0.232154 0.219508 0.162363 0.150282 0.255901
threshold=1.0000000180025095e-35 0.17931263572456904 1.0000000180025095e-35 0.58571428571428574 -0.080668876265538716 -1.6393504059658597
decision_type=2 2 2 2 2 8
left_child=3 2 -2 4 5 -1
right_child=1 -3 -4 -5 -6 -7
leaf_value=0.0010793656258435234 -0.0033655875474207985 0.00093407990907812624 -0.0007392192587024509 0.0017217538207394613 8.9271355575802546e-05 -0.0011005850923553428
leaf_weight=52.862342512031319 33.457510726293549 36.838351915823296 109.20875115948729 39.953943961183541 1851.7133660461259 219.21653460970265
leaf_count=1661 354 300 1050 409 21340 3650
internal_value=-5.22025e-05 -0.00100594 -0.00153525 3.11836e-05 -8.54028e-06 -0.000653792
internal_weight=2343.25 179.505 142.666 2163.75 2123.79 272.079
internal_count=28764 1704 1404 27060 26651 5311
is_linear=0
shrinkage=0.03


Tree=264
num_leaves=7
num_cat=0
split_feature=30 62 41 8 52 29
split_gain=0.181011 0.209066 0.376936 0.243734 0.272617 0.279757
threshold=-5.580634117126464 0.0042898778758111008 1.5000000000000002 0.098608681680505864 5.2948482013347258 -3.1882731914520259
decision_type=8 2 2 2 2 10
left_child=-1 -2 3 4 -3 -6
right_child=1 2 -4 -5 5 -7
leaf_value=0.00059728182302355823 -0.00040963030998100502 -0.00042035749727712031 0.0027173504231984896 0.0010462487702381628 0.0029627239537050759 -0.00058317864492650527
leaf_weight=336.43494687824568 1144.7758577256463 595.60973463990376 40.645607484970242 165.29253328600316 36.25321850302862 30.40661565749906
leaf_count=5965 12992 6951 300 1676 492 328
internal_value=-3.65309e-05 -0.00014489 0.000204872 5.05016e-05 -0.000209888 0.00148019
internal_weight=2349.42 2012.98 868.208 827.562 662.27 66.6598
internal_count=28704 22739 9747 9447 7771 820
is_linear=0
shrinkage=0.03


Tree=265
num_leaves=7
num_cat=0
split_feature=28 26 36 22 3 3
split_gain=0.156436 0.267182 0.44128 0.330202 0.31971 0.469709
threshold=3.4934675693511967 2.2570517063140874 -0.58639705166930234 0.0022978427628149866 -0.1360060516100958 -0.16270067279169967
decision_type=8 10 10 2 2 2
left_child=-1 2 3 4 5 -2
right_child=1 -3 -4 -5 -6 -7
leaf_value=-1.1485905481144953e-05 0.0010347969230054587 -0.0017910271354459656 0.0029302588740740859 -0.0015413747109074615 0.0022103770610334946 -0.0028978090093526635
leaf_weight=2004.4598323641258 79.603749632253312 26.699040372855961 66.375303307082504 56.458305983687751 81.52343158563599 29.373422596370801
leaf_count=24977 1185 235 542 676 863 323
internal_value=9.06444e-05 0.00067582 0.000934911 0.000305454 0.000902373 -0.000179656
internal_weight=2344.49 340.033 313.334 246.959 190.501 108.977
internal_count=28801 3824 3589 3047 2371 1508
is_linear=0
shrinkage=0.03


Tree=266
num_leaves=7
num_cat=0
split_feature=14 34 29 0 50 31
split_gain=0.138679 0.149586 0.166613 0.14537 0.230005 0.295683
threshold=0.025284969378548929 -7.7687110503514596 5.3433947563171396 -0.038119576109498503 0.57738095238095244 7.1147145628929147
decision_type=2 8 8 2 2 8
left_child=-1 2 -2 -3 5 -5
right_child=1 3 -4 4 -6 -7
leaf_value=-0.0012480237768032879 0.0017516448445308009 -0.00036043927316056247 -0.00083361468589068582 -5.7770616662970288e-06 -0.0010864385514532168 0.00099863076037636379
leaf_weight=69.401391874169349 75.173418400809169 757.94208455458283 23.673670763149858 988.07469083368778 114.4351425729692 349.79715717770159
leaf_count=5889 996 8254 256 8696 971 3874
internal_value=-1.52486e-05 2.7025e-05 0.00111278 -2.63254e-05 0.000149317 0.000262294
internal_weight=2378.5 2309.1 98.8471 2210.25 1452.31 1337.87
internal_count=28936 23047 1252 21795 13541 12570
is_linear=0
shrinkage=0.03


Tree=267
num_leaves=7
num_cat=0
split_feature=45 2 37 22 31 47
split_gain=0.149095 0.25741 0.273419 0.240137 0.333412 0.255758
threshold=0.21111111111111114 -0.10739505796086569 1.0533372695956915 -0.15406226224146555 5.2933275699615487 5.5000000000000009
decision_type=10 2 10 2 8 8
left_child=3 -2 -3 -1 -5 -6
right_child=1 2 -4 4 5 -7
leaf_value=-0.0010013311601087104 -0.00096111834518976778 -0.00065228862414997021 0.00088037337722005602 -0.00013944263251629998 -0.0012944600236591162 0.00098278421371788172
leaf_weight=149.75051061614067 371.58350690986845 197.29367538657971 202.04679963295348 874.02274866489461 39.973333190544508 509.77521265343239
leaf_count=2094 5576 2908 1864 8514 474 7371
internal_value=-6.47189e-05 -0.000403729 0.000125727 0.000102875 0.000225188 0.000797034
internal_weight=2344.45 770.924 399.34 1573.52 1423.77 549.749
internal_count=28801 10348 4772 18453 16359 7845
is_linear=0
shrinkage=0.03


Tree=268
num_leaves=7
num_cat=0
split_feature=2 28 2 29 45 46
split_gain=0.14587 0.239551 0.395158 0.248137 0.1609 0.480826
threshold=-0.031779781150005411 2.3455115556716923 0.082987981466115926 1.2865485548973086 0.15476190476190479 24.500000000000004
decision_type=2 8 2 8 8 10
left_child=4 -2 3 -3 5 -1
right_child=1 2 -4 -5 -6 -7
leaf_value=0.0020774887684812901 -0.00085514058930367932 0.00097551152299342003 0.0033779497087088701 -0.0021079523867057904 -1.1393834096886235e-05 -0.00010461931005083168
leaf_weight=130.40656242298428 335.68721204460599 44.143003006465733 25.397454660618678 31.994174813036807 1529.7393409655197 255.12853133922908
leaf_count=1215 4182 399 243 415 19822 2509
internal_value=1.46739e-05 -0.000473467 0.00075193 -0.000414509 0.000127988 0.000667338
internal_weight=2352.5 437.222 101.535 76.1372 1915.27 385.535
internal_count=28785 5239 1057 814 23546 3724
is_linear=0
shrinkage=0.03


Tree=269
num_leaves=7
num_cat=0
split_feature=0 28 22 4 30 31
split_gain=0.142843 0.353265 0.217765 0.184026 0.182408 0.293422
threshold=0.11925358817429456 2.6727116107940678 0.028653322659225679 -0.059910559839856388 -2.3057258129119869 2.6030357480049138
decision_type=2 8 2 2 8 8
left_child=3 2 -2 4 -1 -6
right_child=1 -3 -4 -5 5 -7
leaf_value=0.00018658362831618661 -0.00032113616249129258 0.002063964419544428 0.0012798150724068454 0.00036157521802213712 0.00010420809456794552 -0.00098273585794279861
leaf_weight=440.83248241079855 321.86834764742525 86.868466432671994 89.376890170213301 487.56962394084258 368.46661615755875 551.39188724744599
leaf_count=7201 3399 739 954 5964 3379 7147
internal_value=-1.17518e-05 0.000434041 4.89243e-05 -0.000133584 -0.000312355 -0.000550902
internal_weight=2346.37 498.114 411.245 1848.26 1360.69 919.859
internal_count=28783 5092 4353 23691 17727 10526
is_linear=0
shrinkage=0.03


Tree=270
num_leaves=7
num_cat=0
split_feature=58 4 52 57 14 7
split_gain=0.179246 0.180146 0.171779 0.249872 0.259963 0.174775
threshold=0.21111111111111114 -0.2624801315373701 1.0000000180025095e-35 1.5000000000000002 0.12066067083843139 0.10634909287622174
decision_type=2 2 2 2 2 2
left_child=1 -1 3 4 -3 -4
right_child=-2 2 5 -5 -6 -7
leaf_value=0.0017204150928410232 0.00063685532325749898 -0.00015598469333197483 -0.00017109308671028905 -0.0005505348672444608 0.0021232700490594575 -0.0010764297595319905
leaf_weight=36.295507549628383 304.71850875837845 74.663225145282922 1521.2246655309864 117.58969343279023 98.780971668660641 210.71673336651293
leaf_count=606 3335 1737 19178 1484 595 1927
internal_value=-3.03151e-05 -0.00013164 -0.000173168 0.000490053 0.00118709 -0.000286788
internal_weight=2363.99 2059.27 2022.98 291.034 173.444 1731.94
internal_count=28862 25527 24921 3816 2332 21105
is_linear=0
shrinkage=0.03


Tree=271
num_leaves=7
num_cat=0
split_feature=31 10 7 37 15 24
split_gain=0.185316 0.290222 0.157966 0.219547 0.142822 0.26196
threshold=-3.079752922058105 -0.015067743131392973 -0.10389570354999092 2.9589307243683538 1.5000000000000002 2.5000000000000004
decision_type=8 2 2 8 2 2
left_child=1 -1 3 -2 -4 -6
right_child=2 -3 4 -5 5 -7
leaf_value=-0.00067100006538570731 -0.00010928280172864014 0.0023988417210846708 0.00016248924424658868 -0.0024186653079313622 -0.0014386988344459299 0.00047143311261372292
leaf_weight=39.249417310813442 112.75519980370882 62.044378005200997 1866.3496842322929 45.932471397623885 134.55624506116146 109.94008959335042
leaf_count=334 2738 506 21621 642 1807 1287
internal_value=6.07088e-05 0.00125593 2.08837e-06 -0.000881493 7.23567e-05 -0.000595015
internal_weight=2370.83 101.294 2269.53 158.688 2110.85 244.496
internal_count=28935 840 28095 3380 24715 3094
is_linear=0
shrinkage=0.03


Tree=272
num_leaves=7
num_cat=0
split_feature=56 9 12 37 46 4
split_gain=0.138975 0.294847 0.32963 0.26414 0.273429 0.253737
threshold=10.473018190726693 0.10546807838015412 1.6408058397290257 1.6702988180642329 95.500000000000014 -0.11984465015322109
decision_type=2 2 2 8 10 2
left_child=3 5 -3 4 -1 -2
right_child=1 2 -4 -5 -6 -7
leaf_value=3.7175736443984661e-05 -0.0010780904091256998 0.0016682080700504932 -0.0017974338592940684 0.00057958974345567532 -0.0014826335699349223 2.8525829483818633e-05
leaf_weight=641.61654408299364 368.4083259414474 106.24609141680412 22.565745301544666 731.11965198052349 117.64383471081965 366.67677316322806
leaf_count=9423 4626 1242 107 7493 1640 4322
internal_value=1.13995e-06 -0.000299607 0.000975334 0.000176302 -0.000214524 -0.000533111
internal_weight=2354.28 863.897 128.812 1490.38 759.26 735.085
internal_count=28853 10297 1349 18556 11063 8948
is_linear=0
shrinkage=0.03


Tree=273
num_leaves=7
num_cat=0
split_feature=14 5 2 2 4 14
split_gain=0.245048 0.161449 0.176372 0.252198 0.229763 0.213634
threshold=0.54746047919556318 0.0050789426072833316 -0.045325001736942823 -0.17747459162944787 -0.15473031477124957 0.21608020154620167
decision_type=2 2 2 2 2 2
left_child=1 -1 3 -3 5 -5
right_child=-2 2 -4 4 -6 -7
leaf_value=-6.9915451722975464e-06 -0.0023116161844660616 -0.0007347541037655464 -0.00026067443864093062 0.0010437497162851164 0.0019130911257690616 -0.0018992751687258874
leaf_weight=1867.5445254377555 27.977040074765682 55.989496205293108 140.00888106512139 51.383651948999614 187.93571215495467 24.775515198707581
leaf_count=23866 120 782 1503 680 1788 118
internal_value=7.95502e-05 0.000118057 0.000614985 0.000994303 0.0013743 -2.29703e-05
internal_weight=2355.61 2327.64 460.093 320.084 264.095 76.1592
internal_count=28857 28737 4871 3368 2586 798
is_linear=0
shrinkage=0.03


Tree=274
num_leaves=7
num_cat=0
split_feature=52 52 62 14 35 60
split_gain=0.195528 0.234799 0.219776 0.209189 0.20061 0.210483
threshold=5.5116732369970016 4.5997776018591372 -0.73413824809011063 0.029130515668849059 -1.3361779754134739 -1.0000000180025095e-35
decision_type=2 2 2 2 8 2
left_child=1 2 -1 -4 -3 -6
right_child=-2 4 3 -5 5 -7
leaf_value=0.0020704801932502001 0.0011261471048961242 0.00038880342604398878 -0.0015277613003151535 0.00020212076828038863 -0.0013904581291663538 -0.00024785707726771993
leaf_weight=44.214199782814831 129.05280536218197 190.97772726515541 56.062580546844401 1332.1669448912144 235.5816725489567 368.16274661204079
leaf_count=522 1532 2537 4077 13091 2507 4552
internal_value=3.47114e-05 -3.32828e-05 0.000195918 0.000121834 -0.000443707 -0.000709092
internal_weight=2356.22 2227.17 1432.44 1388.23 794.722 603.744
internal_count=28818 27286 17690 17168 9596 7059
is_linear=0
shrinkage=0.03


Tree=275
num_leaves=7
num_cat=0
split_feature=34 52 52 7 12 0
split_gain=0.183493 0.260694 0.305947 0.237429 0.269544 0.363295
threshold=0.68516850471496593 4.9496108356188726 5.2948482013347258 0.070713457658693316 1.1334113182440833 0.042095841838693755
decision_type=8 2 2 2 2 2
left_child=-1 3 -3 4 5 -2
right_child=1 2 -4 -5 -6 -7
leaf_value=-0.00023325941481672227 -9.0127131692287432e-05 -0.0016429475337514862 0.00059266133164315551 -0.00049873353916358987 0.0017767949759889769 0.0023652350129997322
leaf_weight=1489.7483610513882 289.26393554941751 107.21899983554613 96.476244691642933 134.55602493090555 184.67122589796782 56.561602943576872
leaf_count=20056 4046 1069 955 1100 979 662
internal_value=-3.16879e-05 0.000312692 -0.000605911 0.000598854 0.000881324 0.000366646
internal_weight=2358.5 868.748 203.695 665.053 530.497 345.826
internal_count=28867 8811 2024 6787 5687 4708
is_linear=0
shrinkage=0.03


Tree=276
num_leaves=7
num_cat=0
split_feature=52 3 52 35 52 1
split_gain=0.153266 0.232249 0.26771 0.162478 0.177441 0.181678
threshold=5.5116732369970016 -0.020682370030907945 5.8445799988330522 -5.8049101435268904 4.859114313416061 0.00096590949848510317
decision_type=2 2 2 8 2 2
left_child=3 2 -2 -1 -5 -6
right_child=1 -3 -4 4 5 -7
leaf_value=0.0018272132223752795 0.0011403532472476518 0.0031846200284544341 -0.001925892096472642 0.00011343826036286181 -0.00085405186244682423 0.00025196705884813234
leaf_weight=32.245154278469272 80.39651463314658 23.653707717545331 25.928291642572731 1596.1891561249795 394.89127772831125 193.90129146381514
leaf_count=498 947 252 337 19751 5191 1795
internal_value=4.49841e-05 0.00100776 0.000291339 -1.5727e-05 -5.1125e-05 -0.000491692
internal_weight=2347.21 129.979 106.325 2217.23 2184.98 588.793
internal_count=28771 1536 1284 27235 26737 6986
is_linear=0
shrinkage=0.03


Tree=277
num_leaves=7
num_cat=0
split_feature=58 29 15 28 2 45
split_gain=0.150496 0.229609 0.17261 0.249746 0.318828 0.323996
threshold=0.41428571428571431 -4.0447251796722403 1.5000000000000002 -0.75787329673767079 -0.11512284393491538 0.26136363636363641
decision_type=2 8 2 10 2 10
left_child=2 -2 3 4 5 -1
right_child=1 -3 -4 -5 -6 -7
leaf_value=0.00039925245120200952 0.0025500116082513417 -5.5945485582930189e-05 -0.00081225236423330851 -0.00022173094696378964 0.0011705725292120049 -0.0017819796021114993
leaf_weight=214.40699351285002 39.890463826130144 76.942301918257726 257.82230314082699 1380.9710684539459 304.47406644627335 74.476328398275655
leaf_count=3361 450 734 3446 14982 4195 1612
internal_value=-4.08772e-05 0.000964713 -9.75786e-05 -6.28263e-07 0.000509109 -0.000203892
internal_weight=2348.98 116.833 2232.15 1974.33 593.357 288.883
internal_count=28780 1184 27596 24150 9168 4973
is_linear=0
shrinkage=0.03


Tree=278
num_leaves=7
num_cat=0
split_feature=52 52 24 14 11 29
split_gain=0.172187 0.33196 0.167953 0.164851 0.219616 0.159619
threshold=5.5116732369970016 5.4718357135910605 7.5000000000000009 0.068022167122541874 0.1353935165629887 0.32760870456695562
decision_type=2 2 2 2 2 10
left_child=1 2 3 4 -1 -2
right_child=5 -3 -4 -5 -6 -7
leaf_value=-0.00076864235283354509 0.0016440716179033856 -0.002599515869032953 0.00097610261203533589 0.00010134687505890067 0.0025504450434233788 -0.00060214407520602412
leaf_weight=335.34023630466254 98.583672567794565 33.304786904889625 154.09754720312776 1689.4035920239985 9.2907604791689646 32.681929133832455
leaf_count=11597 1210 356 2008 13092 267 345
internal_value=6.61993e-05 1.60914e-06 5.28459e-05 -2.15328e-05 -0.000609769 0.00108178
internal_weight=2352.7 2221.44 2188.13 2034.03 344.631 131.266
internal_count=28875 27320 26964 24956 11864 1555
is_linear=0
shrinkage=0.03


Tree=279
num_leaves=7
num_cat=0
split_feature=12 62 14 52 62 28
split_gain=0.184566 0.381015 0.291752 0.210755 0.259762 0.190331
threshold=2.0214043937217503 0.013679142331548091 0.44386916918067715 1.0000000180025095e-35 -0.20916174767259257 2.0556691884994511
decision_type=2 2 2 2 2 8
left_child=2 -2 3 4 -1 -6
right_child=1 -3 -4 -5 5 -7
leaf_value=-0.00088901506944658233 -0.00031615428458578096 0.0028239794859034615 -0.0027406548948630087 -0.00021164557139274613 0.00049607835900226992 0.0023130921793270381
leaf_weight=72.004394298041007 80.441185295581818 48.99209126830101 28.040830716490746 1879.7276374547364 179.62202605023049 67.847187783860136
leaf_count=922 352 215 115 23838 2595 836
internal_value=-6.97089e-05 0.000989714 -0.000135424 -8.99513e-05 0.000610768 0.00106473
internal_weight=2356.68 129.433 2227.24 2199.2 319.474 247.469
internal_count=28873 567 28306 28191 4353 3431
is_linear=0
shrinkage=0.03


Tree=280
num_leaves=7
num_cat=0
split_feature=43 62 20 50 4 46
split_gain=0.189729 0.31175 0.192031 0.268473 0.236719 0.261765
threshold=1.5000000000000002 0.017493537993618215 0.028316146606932078 0.43650793650793657 -0.037134691744758565 66.500000000000014
decision_type=2 2 2 2 2 10
left_child=2 -2 4 -4 -1 -6
right_child=1 -3 3 -5 5 -7
leaf_value=-0.00047260528682881847 -0.00033491228726088336 0.0028981364123792557 0.00054258205674912699 -0.001613644941157736 0.00087747420940040039 -0.0011008379233025092
leaf_weight=1382.2938006359327 54.834864827338606 39.366593434708193 512.30701731407316 48.001465808018111 248.32120853335073 69.250009081501048
leaf_count=17345 441 301 6436 548 3022 783
internal_value=-8.77267e-05 0.00116464 -0.000144824 0.000332803 -0.000303285 0.000425644
internal_weight=2354.37 94.2015 2260.17 560.308 1699.87 317.571
internal_count=28876 742 28134 6984 21150 3805
is_linear=0
shrinkage=0.03


Tree=281
num_leaves=7
num_cat=0
split_feature=11 2 2 25 45 30
split_gain=0.149178 0.217608 0.193345 0.24253 0.22917 0.236267
threshold=0.12618098485634871 -0.096270212030659108 -0.035298186695915487 0.39782941140372025 0.15476190476190479 1.1089896559715273
decision_type=2 2 2 2 10 10
left_child=2 -2 4 -4 5 -1
right_child=1 -3 3 -5 -6 -7
leaf_value=0.00059599250457928118 -0.00095129868693422744 0.0020472528987737328 -0.00086904129807991435 0.0014171908870412283 -0.00036210981758808599 -0.00033944108067560086
leaf_weight=821.51842762825254 24.762327886535786 59.040611320349853 385.07006180973258 37.648592714394908 691.5719969230995 335.72994875552831
leaf_count=10395 276 622 4667 472 9215 3192
internal_value=-1.83285e-05 0.00115427 -6.64584e-05 -0.000637377 6.68046e-05 0.00032403
internal_weight=2355.34 83.8029 2271.54 422.719 1848.82 1157.25
internal_count=28839 898 27941 5139 22802 13587
is_linear=0
shrinkage=0.03


Tree=282
num_leaves=7
num_cat=0
split_feature=9 25 37 56 47 59
split_gain=0.188459 0.20981 0.216994 0.181641 0.150543 0.335236
threshold=0.19743674599980385 -0.17353206057110451 4.8242855089199219 -95.812449649473066 5.5000000000000009 -0.33495768488464039
decision_type=2 2 10 2 8 2
left_child=1 2 3 -1 5 -3
right_child=-2 4 -4 -5 -6 -7
leaf_value=0.00215229970434814 0.0014530849330932844 0.0015680228503457952 0.0018958381810936389 4.2487886927735501e-05 -0.00011515546204794731 -0.0014750121036252309
leaf_weight=29.765435301233083 67.162438116793055 30.995958881801926 69.104852495715022 486.39783934821025 1495.1911517016997 174.4837390629109
leaf_count=473 813 394 573 6375 17937 2255
internal_value=-5.24418e-06 -5.42332e-05 0.000431147 0.000202747 -0.000222816 -0.000964514
internal_weight=2353.1 2285.94 585.268 516.163 1700.67 205.48
internal_count=28820 28007 7421 6848 20586 2649
is_linear=0
shrinkage=0.03


Tree=283
num_leaves=7
num_cat=0
split_feature=25 52 62 26 52 37
split_gain=0.160168 0.145619 0.194347 0.208452 0.242024 0.239983
threshold=-0.68810430324140459 4.6974999267505826 -0.73413824809011063 -1.7514848113059995 4.386435093452846 0.28690103416004759
decision_type=2 2 2 8 2 8
left_child=-1 2 -2 -4 5 -5
right_child=1 -3 3 4 -6 -7
leaf_value=0.0010703748048890901 0.001857114926969517 -0.00044555311789117247 -0.00067225545433433423 0.0006719303189283985 0.0011068238460378904 -0.00037954393421750959
leaf_weight=94.348532032425283 41.760710416419897 829.16862277191831 321.66461525569321 281.72512614555308 198.0973970698833 581.45373755108449
leaf_count=1375 507 9843 4351 4169 2395 6102
internal_value=-7.9372e-05 -0.000132017 5.22936e-05 -1.51477e-05 0.000188433 -3.25978e-05
internal_weight=2348.22 2253.87 1424.7 1382.94 1061.28 863.179
internal_count=28742 27367 17524 17017 12666 10271
is_linear=0
shrinkage=0.03


Tree=284
num_leaves=7
num_cat=0
split_feature=0 2 47 5 14 39
split_gain=0.199543 0.166956 0.253592 0.204736 0.275521 0.292739
threshold=0.51532498537565985 -0.037077125881617649 7.5000000000000009 0.0050789426072833316 0.31156544111143752 2.5000000000000004
decision_type=2 2 10 2 2 2
left_child=1 3 -3 -1 5 -5
right_child=-2 2 -4 4 -6 -7
leaf_value=-5.6272427876168394e-05 0.0022389207759149999 -0.00092124631025804183 0.0007005148174080699 0.0028867587474590371 -0.0011424812107674977 0.00057431996511464857
leaf_weight=1536.0928280344087 25.214863936300389 354.5157877371239 105.77779379079584 56.18687916919589 49.561753511428833 223.11577903010766
leaf_count=19533 268 4368 1195 646 211 2592
internal_value=-2.52639e-06 -3.63159e-05 -0.000541587 9.06143e-05 0.000758122 0.00112321
internal_weight=2350.47 2325.25 460.294 1864.96 328.864 279.303
internal_count=28813 28545 5563 22982 3449 3238
is_linear=0
shrinkage=0.03


Tree=285
num_leaves=7
num_cat=0
split_feature=12 10 62 10 22 60
split_gain=0.157903 0.206762 0.207562 0.156856 0.288528 0.27928
threshold=1.8933790891459423 -0.027989820883862964 0.0013221966996064297 -1.0000000180025095e-35 0.072181431240986763 -0.071859177678165256
decision_type=2 2 2 2 2 2
left_child=3 -2 -3 4 5 -1
right_child=1 2 -4 -5 -6 -7
leaf_value=0.00067818086135472996 0.0023636191495192607 -0.00076800005738917319 0.0014353608135721947 0.00014348416627011558 0.00072026984515796688 -0.00081284899566136056
leaf_weight=125.45444273995236 44.474019289016724 81.800335451960564 56.406607680022717 1139.0845668876718 174.17176676896634 734.71962100814562
leaf_count=1291 198 364 249 13985 2422 10323
internal_value=-2.6365e-05 0.00079702 0.000167433 -9.89055e-05 -0.000364658 -0.000590091
internal_weight=2356.11 182.681 138.207 2173.43 1034.35 860.174
internal_count=28832 811 613 28021 14036 11614
is_linear=0
shrinkage=0.03


Tree=286
num_leaves=7
num_cat=0
split_feature=62 10 10 16 24 26
split_gain=0.198573 0.198054 0.253219 0.199043 0.237146 0.197684
threshold=-0.61918340165987007 -0.14294316975281754 -0.076418369215847659 1.0000000180025095e-35 2.5000000000000004 -2.3010953664779659
decision_type=2 2 2 2 2 8
left_child=5 -2 -3 -4 -5 -1
right_child=1 2 3 4 -6 -7
leaf_value=0.0030075321811080971 0.0018392165256959129 -0.001055646939907837 0.00010206346625733943 -0.0016683019011899624 0.00022136977171084178 0.00035431609716494013
leaf_weight=26.546899724693503 37.530042439087993 222.14796674074023 1747.0446683811315 122.49327541526873 105.09355898271315 92.798292190651409
leaf_count=350 572 3160 20735 1659 1291 1054
internal_value=-1.16513e-05 -7.74754e-05 -0.000118406 -8.17808e-06 -0.000823112 0.00113138
internal_weight=2353.65 2234.31 2196.78 1974.63 227.587 119.345
internal_count=28821 27417 26845 23685 2950 1404
is_linear=0
shrinkage=0.03


Tree=287
num_leaves=7
num_cat=0
split_feature=22 14 25 29 46 56
split_gain=0.175604 0.297768 0.442333 0.183855 0.17776 0.163175
threshold=0.028653322659225679 0.25309157039843527 0.020583864890992402 -6.1890394687652579 35.500000000000007 10.473018190726693
decision_type=2 2 2 8 8 2
left_child=5 3 -3 -2 -5 -1
right_child=1 2 -4 4 -6 -7
leaf_value=1.8984290039197449e-05 0.0017971529121710668 -0.0022161919631314671 0.001270937967145758 -0.00079615937698995537 0.00074298017204796167 -0.00057834734715516063
leaf_weight=1122.0089824250317 103.36039972523577 73.723305188119411 45.415093526244164 78.871081015851814 282.74714158015558 639.49425641619018
leaf_count=14016 1559 335 205 1101 3936 7676
internal_value=-5.04262e-05 0.000396148 -0.000891429 0.000737877 0.000394894 -0.000199911
internal_weight=2345.62 584.117 119.138 464.979 361.618 1761.5
internal_count=28828 7136 540 6596 5037 21692
is_linear=0
shrinkage=0.03


Tree=288
num_leaves=7
num_cat=0
split_feature=23 62 35 35 14 5
split_gain=0.181673 0.181547 0.169079 0.168207 0.163589 0.178765
threshold=0.11337790260856941 -0.73413824809011063 1.2855420322372366 1.3119325730949642 0.54746047919556318 0.0050789426072833316
decision_type=2 2 8 10 2 2
left_child=1 2 -1 -2 5 -3
right_child=3 4 -4 -5 -6 -7
leaf_value=0.0025722585898767668 0.00092358588882933911 -0.00024130010869243847 -0.00061076039448478112 -0.00020338015954617062 -0.0023514642886961509 0.00053417254646048534
leaf_weight=32.946274054644164 345.64034723711666 1438.4559705930296 18.132635799585842 174.60145909694256 19.528730116784573 318.39556533988798
leaf_count=433 3751 19094 206 1752 84 3537
internal_value=5.96676e-05 -8.17661e-05 0.00152731 0.000548656 -0.000136325 -9.85327e-05
internal_weight=2347.7 1827.46 51.0789 520.242 1776.38 1756.85
internal_count=28857 23354 639 5503 22715 22631
is_linear=0
shrinkage=0.03


Tree=289
num_leaves=7
num_cat=0
split_feature=10 12 28 8 45 10
split_gain=0.17131 0.163503 0.316812 0.274669 0.287354 0.25538
threshold=-0.12980314604761892 1.352765391480605 3.4934675693511967 0.022712786241379242 0.13392857142857145 0.063289080795322319
decision_type=2 2 10 2 8 2
left_child=-1 -2 3 -3 -5 -6
right_child=1 2 -4 4 5 -7
leaf_value=0.0014407261810955238 0.00010460117951045569 7.6912845424072218e-05 0.0016340124039256369 0.00034133638061772248 -0.0024088944344078547 0.00019575307987460255
leaf_weight=63.127713836292969 1759.5707626348012 210.34994325041771 47.241400718688965 64.666880816221237 160.00558295100927 40.525114715099335
leaf_count=936 25194 1074 232 315 811 205
internal_value=1.13728e-05 -3.4274e-05 -0.000494882 -0.000735666 -0.00135956 -0.00189823
internal_weight=2345.49 2282.36 522.789 475.548 265.198 200.531
internal_count=28767 27831 2637 2405 1331 1016
is_linear=0
shrinkage=0.03


Tree=290
num_leaves=7
num_cat=0
split_feature=24 35 35 15 3 24
split_gain=0.177736 0.191501 0.218168 0.157753 0.281842 0.254986
threshold=7.5000000000000009 -1.1829977750853453 0.66680021490111574 1.5000000000000002 -0.085868672267119944 1.0000000180025095e-35
decision_type=2 10 10 2 2 2
left_child=3 -2 -3 -1 5 -5
right_child=1 2 -4 4 -6 -7
leaf_value=1.8623410971729271e-05 0.0022600812169290504 -0.0013469498244041704 0.0011243642780020434 -0.0033830051035250016 0.00068104190601967396 -0.00071332488706628988
leaf_weight=1930.0065390574891 51.893234968243632 42.741140098019969 72.650113581796177 35.468744021956809 77.426194360828958 139.10688023708644
leaf_count=23299 710 544 902 574 848 1880
internal_value=-1.16107e-06 0.000912505 0.000174567 -7.50509e-05 -0.000765803 -0.00140963
internal_weight=2349.29 167.284 115.391 2182.01 252.002 174.576
internal_count=28757 2156 1446 26601 3302 2454
is_linear=0
shrinkage=0.03


Tree=291
num_leaves=7
num_cat=0
split_feature=62 35 7 8 58 62
split_gain=0.177492 0.170112 0.189305 0.14793 0.153493 0.162602
threshold=-0.73413824809011063 0.61855176064101136 0.03097354004109593 0.20958354151673941 0.58571428571428574 0.49697593367514759
decision_type=2 8 2 2 2 2
left_child=1 2 -1 4 5 -2
right_child=3 -3 -4 -5 -6 -7
leaf_value=0.003715164685325532 -0.00016368621613678045 -0.00031090917473085587 -0.00012469532275228941 0.00096022077041698663 0.0013719877936813202 -0.0010333259147645225
leaf_weight=22.508225976198446 1953.6247900024173 33.605678443214856 16.949756657704711 91.444412732555065 43.929635569133097 205.67697671824135
leaf_count=312 24261 363 163 987 451 2429
internal_value=-0.000113144 0.00125031 0.00237399 -0.000161794 -0.000212491 -0.000250902
internal_weight=2367.74 73.0637 39.458 2294.68 2203.23 2159.3
internal_count=28966 838 475 28128 27141 26690
is_linear=0
shrinkage=0.03


Tree=292
num_leaves=7
num_cat=0
split_feature=57 5 11 9 28 2
split_gain=0.187246 0.173469 0.252839 0.172932 0.158703 0.148676
threshold=6.5000000000000009 -0.033945771157498444 0.048420238159488323 0.20578691980120167 0.67983433604240429 -0.027368902739511831
decision_type=2 2 2 2 10 2
left_child=3 -2 -3 5 -5 -1
right_child=1 2 -4 4 -6 -7
leaf_value=-3.8962318959965282e-05 -0.00017648772832027734 0.0024735675588917769 -0.0001227800649664373 0.0024733750592046077 -0.00063372905325867436 -0.00069748386395512819
leaf_weight=1695.6922081511584 97.942191529728007 75.294669431139482 54.366827384277713 32.888461821014062 17.399918810464442 367.57622530218214
leaf_count=20635 1265 993 701 434 171 4443
internal_value=-2.42719e-05 0.00077452 0.00145408 -0.000113534 0.00147151 -0.000159078
internal_weight=2341.16 227.604 129.661 2113.56 50.2884 2063.27
internal_count=28642 2959 1694 25683 605 25078
is_linear=0
shrinkage=0.03


Tree=293
num_leaves=7
num_cat=0
split_feature=52 3 28 35 36 36
split_gain=0.194499 0.275472 0.258096 0.227876 0.338063 0.207181
threshold=3.493733417550295 -0.23993970935329909 1.9829891920089724 0.72263305634260189 -0.96363131667452817 2.6098332373451574
decision_type=2 2 10 10 10 10
left_child=2 -2 5 4 -4 -1
right_child=1 -3 3 -5 -6 -7
leaf_value=-6.3322525996307221e-05 -0.0010597200181867229 -3.3997008464582964e-05 -7.1633586328148966e-05 0.00012388688047705921 0.0041055006065283898 0.0022178256618738562
leaf_weight=488.26410790957743 271.3813323371578 1454.2652656185674 26.251862947363406 56.677977218292654 40.016631369944662 28.633045114722336
leaf_count=6246 4410 16873 260 474 360 320
internal_value=-3.48682e-05 -0.000200482 0.000408001 0.00158716 0.00265833 0.000102734
internal_weight=2365.49 1725.65 639.844 122.946 66.2685 516.897
internal_count=28943 21283 7660 1094 620 6566
is_linear=0
shrinkage=0.03


Tree=294
num_leaves=7
num_cat=0
split_feature=62 12 62 14 37 62
split_gain=0.187016 0.178368 0.277452 0.186901 0.17692 0.177496
threshold=-0.73413824809011063 2.0214043937217503 0.013679142331548091 0.44386916918067715 -6.0183690759720214 -0.18923909998892083
decision_type=2 2 2 2 8 2
left_child=-1 3 -3 4 -2 -6
right_child=1 2 -4 -5 5 -7
leaf_value=0.001390857095416357 0.0013642558879864812 -0.00017563426664112501 0.0025444126111576035 -0.0022429810442821455 -0.00063525220379535797 2.2915603485521026e-05
leaf_weight=74.212118905503303 64.05676091031637 75.350668251514435 49.432101428508759 26.502307124435902 468.56362932125921 1604.6034275028214
leaf_count=860 1581 331 216 109 5718 20127
internal_value=2.32042e-06 -4.85625e-05 0.00101073 -0.000114021 -7.72982e-05 -0.000128175
internal_weight=2362.72 2288.51 124.783 2163.73 2137.22 2073.17
internal_count=28942 28082 547 27535 27426 25845
is_linear=0
shrinkage=0.03


Tree=295
num_leaves=7
num_cat=0
split_feature=25 29 22 14 28 3
split_gain=0.149445 0.153502 0.174862 0.130952 0.129589 0.141931
threshold=0.7465300495848366 -0.28649687767028803 0.068877065327529588 0.019537016239671485 -4.8235991001129142 -0.15751186779560558
decision_type=2 8 2 2 8 2
left_child=3 2 -2 -1 5 -5
right_child=1 -3 -4 4 -6 -7
leaf_value=-0.0015600649840177155 -0.000586548551036713 0.0022191894714994483 0.0022935033065276229 -0.00036073403282361468 -3.493539358036716e-05 0.0023599699775421917
leaf_weight=39.141848873929121 66.024320432275999 45.028873088245746 15.32496672158595 25.08905122615397 2140.6851460961625 32.59851011261344
leaf_count=4218 1093 610 223 405 21911 435
internal_value=3.01969e-05 0.000994371 0.000147685 -2.8443e-05 5.76821e-06 0.00129822
internal_weight=2363.89 126.378 81.3493 2237.51 2198.37 57.6876
internal_count=28895 1926 1316 26969 22751 840
is_linear=0
shrinkage=0.03


Tree=296
num_leaves=7
num_cat=0
split_feature=22 22 22 11 29 30
split_gain=0.160492 0.219551 0.14097 0.20846 0.228495 0.210085
threshold=-0.22354060965981701 -0.20829192814253761 -0.14279771088758905 -1.0000000180025095e-35 -2.5706672668457027 0.28425064682960516
decision_type=2 2 2 2 8 10
left_child=-1 -2 3 4 -3 -5
right_child=1 2 -4 5 -6 -7
leaf_value=-0.0010663978813821101 0.0026041184137957753 -0.0014425904159189665 0.00012201572546545185 -0.00268164274630627 0.0022001901300754507 0.00029247441134795958
leaf_weight=102.02314912111615 21.010981559578795 18.379678660014179 2099.2941989260871 52.750712041102815 25.664210523245856 29.675743420375511
leaf_count=1622 297 283 25187 780 326 326
internal_value=4.21906e-05 9.70324e-05 6.1824e-05 -0.000873033 0.000694395 -0.00169509
internal_weight=2348.8 2246.78 2225.76 126.47 44.0439 82.4265
internal_count=28821 27199 26902 1715 609 1106
is_linear=0
shrinkage=0.03


Tree=297
num_leaves=7
num_cat=0
split_feature=52 52 29 22 7 7
split_gain=0.17518 0.205063 0.176093 0.1581 0.172654 0.163183
threshold=5.5116732369970016 5.4718357135910605 0.2748344242572785 -0.15406226224146555 0.0026436710416109029 0.060922931743061674
decision_type=2 2 10 2 2 2
left_child=1 3 -2 4 -1 -6
right_child=2 -3 -4 -5 5 -7
leaf_value=-0.0018372406494626043 0.0016194759803430491 -0.0021254047924650563 -0.00074639548904919986 4.1351307100662369e-05 0.00081543571190398779 -0.0012323789044650485
leaf_weight=77.968923652631929 96.261127374105854 33.324119152501225 31.889066581847146 1995.3524062476063 70.039296267786995 52.320078130200272
leaf_count=1328 1193 374 344 23901 1014 646
internal_value=-1.75278e-05 -8.14257e-05 0.00101934 -4.09085e-05 -0.000823261 -8.71495e-05
internal_weight=2357.16 2229 128.15 2195.68 200.328 122.359
internal_count=28800 27263 1537 26889 2988 1660
is_linear=0
shrinkage=0.03


Tree=298
num_leaves=7
num_cat=0
split_feature=52 35 27 2 5 46
split_gain=0.122183 0.169973 0.248067 0.152771 0.225441 0.237167
threshold=5.5116732369970016 1.5103775927966294 0.92622047662734996 -0.031779781150005411 0.043223166158473346 52.500000000000007
decision_type=2 8 10 2 2 8
left_child=3 2 -2 -1 5 -5
right_child=1 -3 -4 4 -6 -7
leaf_value=1.0633634919402342e-05 0.00093258560844458073 0.002072726755370249 -0.002205318005662928 0.00044319146258807289 0.00088313398941769429 -0.0013884126797614389
leaf_weight=1822.7785045925702 63.738553069764748 46.791167921823217 22.744822138105519 78.790504408156266 65.121282385895029 250.83763932433794
leaf_count=22360 800 522 254 1008 695 3110
internal_value=-5.19741e-05 0.000797541 -3.5708e-05 -0.000106382 -0.000633619 -0.000950449
internal_weight=2350.8 133.275 86.4834 2217.53 394.749 329.628
internal_count=28749 1576 1054 27173 4813 4118
is_linear=0
shrinkage=0.03


Tree=299
num_leaves=7
num_cat=0
split_feature=8 37 14 35 3 34
split_gain=0.147841 0.155566 0.149895 0.145472 0.137191 0.358175
threshold=-0.24310784462849086 -6.0183690759720214 0.10803133830650974 -3.9983922372172982 -0.16270067279169967 0.60770734647909819
decision_type=2 8 2 8 2 8
left_child=-1 2 -2 -3 5 -5
right_child=1 3 -4 4 -6 -7
leaf_value=-0.0018534153209594129 -1.5533673192047825e-06 0.00095018504347424535 0.0026873416640707613 -0.00028916516909925351 -0.00032000873644728997 0.00097827897515428866
leaf_weight=30.534286490204977 37.8862833607418 109.31053599744337 26.743433818221092 549.06758655206067 1292.7509755237843 303.44790244824253
leaf_count=1003 1361 1431 196 7682 13756 3433
internal_value=-5.72127e-05 -2.57084e-05 0.0013221 -7.00122e-05 -0.000126163 0.000168086
internal_weight=2349.74 2319.21 64.6297 2254.58 2145.27 852.515
internal_count=28862 27859 1557 26302 24871 11115
is_linear=0
shrinkage=0.03


Tree=300
num_leaves=7
num_cat=0
split_feature=58 59 46 60 45 11
split_gain=0.155298 0.442314 0.288757 0.212007 0.197498 0.194266
threshold=0.13392857142857145 0.32609054343480259 62.500000000000007 1.0000000180025095e-35 0.17424242424242428 -0.010416450968933415
decision_type=2 2 8 2 10 2
left_child=-1 -2 3 -3 -5 -4
right_child=1 2 5 4 -6 -7
leaf_value=-0.00010615521934083737 0.0022727596896466684 -0.00015816416987635837 -0.0018004504135510765 0.0035795794300065016 0.00041293918679818014 7.7752187585468667e-06
leaf_weight=1905.245721912419 90.00221668354061 65.4899588637345 73.178041575360112 30.885491223074496 36.539121625944972 149.49135834706249
leaf_count=23864 1033 868 833 228 346 1742
internal_value=1.2318e-05 0.000510099 1.39859e-05 0.00107498 0.00213848 -0.000638321
internal_weight=2350.83 445.586 355.584 132.915 67.4246 222.669
internal_count=28914 5050 4017 1442 574 2575
is_linear=0
shrinkage=0.03


Tree=301
num_leaves=7
num_cat=0
split_feature=29 31 50 12 52 52
split_gain=0.190361 0.363753 0.302377 0.248876 0.204916 0.233426
threshold=7.5816807746887216 -3.079752922058105 0.9545454545454547 0.69146208836219369 4.9496108356188726 4.2014291611254064
decision_type=8 10 2 2 2 2
left_child=1 -1 -3 -2 5 -5
right_child=3 2 -4 4 -6 -7
leaf_value=0.0019910350595871832 0.00018462778681720246 -5.8067354810172567e-05 0.0026487956429758412 -0.0019468404028864688 -0.0031156040726243307 0.00080415330949596461
leaf_weight=75.46394716668874 128.63542915717699 1974.7092648977123 27.849827432306483 48.674921296536922 43.270083073526621 44.723750315606594
leaf_count=592 2388 24627 251 306 279 294
internal_value=-2.3552e-05 7.4315e-05 -7.44841e-06 -0.000764961 -0.00161038 -0.000679162
internal_weight=2343.33 2078.02 2002.56 265.304 136.669 93.3987
internal_count=28737 25470 24878 3267 879 600
is_linear=0
shrinkage=0.03


Tree=302
num_leaves=7
num_cat=0
split_feature=28 44 14 8 13 5
split_gain=0.127699 0.179769 0.155209 0.333197 0.363354 0.356953
threshold=4.2864673137664804 5.5000000000000009 0.2440408034823344 0.022712786241379242 2.249904835165133 -0.050006817019306558
decision_type=10 8 2 2 2 2
left_child=2 -2 -1 4 5 -4
right_child=1 -3 3 -5 -6 -7
leaf_value=2.5673898728090683e-05 0.002436978036517449 -0.00050496280786309941 0.0010168285712670228 -0.0012729547807891447 0.0015640569992943054 -0.0018043819275938195
leaf_weight=1788.57510511695 32.376047081779689 28.309956450480968 59.31406831741333 268.4854581579566 98.37251552939415 89.92280039191246
leaf_count=26003 268 256 278 1231 468 415
internal_value=-6.93438e-05 0.00118728 -0.000107419 -0.000560388 0.000231678 -0.000689654
internal_weight=2365.36 60.686 2304.67 516.095 247.609 149.237
internal_count=28919 524 28395 2392 1161 693
is_linear=0
shrinkage=0.03


Tree=303
num_leaves=7
num_cat=0
split_feature=31 3 4 23 10 46
split_gain=0.159958 0.225467 0.215477 0.227862 0.197425 0.19932
threshold=4.4232293553650388 -0.23993970935329909 -0.11018392430068462 0.45524739417804488 -0.069094928835037997 21.500000000000004
decision_type=8 2 2 2 2 10
left_child=2 -2 -1 -4 -3 -6
right_child=1 4 3 -5 5 -7
leaf_value=0.00022430270141490522 -0.00064972193038367301 -0.00054280503392718771 -0.00072611402378041257 0.0012394167434305694 0.0010792375421389785 0.00010046173750121803
leaf_weight=669.02846401894931 163.7969342332799 125.17254039191175 561.1103467484354 49.458638933370821 483.80094333097804 305.21911359473597
leaf_count=6708 3506 2064 5401 463 6499 4249
internal_value=8.00877e-05 0.000347709 -0.000146316 -0.000549491 0.000531517 0.000706611
internal_weight=2357.59 1077.99 1279.6 610.569 914.193 789.02
internal_count=28890 16318 12572 5864 12812 10748
is_linear=0
shrinkage=0.03


Tree=304
num_leaves=7
num_cat=0
split_feature=26 24 33 23 13 8
split_gain=0.164254 0.164277 0.225927 0.142104 0.13732 0.129962
threshold=-7.4371142387390128 7.5000000000000009 0.51206675668557489 0.90665269313439001 2.249904835165133 -0.24310784462849086
decision_type=8 2 10 2 2 2
left_child=-1 3 -3 5 -4 -2
right_child=1 2 4 -5 -6 -7
leaf_value=0.0020293003434635362 -0.0018802356987951427 0.0016239625028651495 -0.0021198867599710718 0.0017100822999218457 0.00044325632216110216 -0.00013058058341690554
leaf_weight=24.355442647531163 29.000401384197176 103.88029042480048 19.987550029531121 27.134149694582447 43.429243621765636 2105.4714315755409
leaf_count=412 922 1407 192 294 576 25057
internal_value=-3.017e-05 -6.0292e-05 0.000818118 -0.000131731 -0.0005433 -0.00016301
internal_weight=2353.26 2328.9 167.297 2161.61 63.4168 2134.47
internal_count=28860 28448 2175 26273 768 25979
is_linear=0
shrinkage=0.03


Tree=305
num_leaves=7
num_cat=0
split_feature=34 21 62 62 35 6
split_gain=0.158524 0.148739 0.157772 0.143791 0.176039 0.158915
threshold=-8.086662292480467 1.0000000180025095e-35 -0.050436120100695266 -0.73413824809011063 0.61855176064101136 -0.081355748473384129
decision_type=8 2 2 2 8 2
left_child=1 -1 -3 4 -2 -5
right_child=3 2 -4 5 -6 -7
leaf_value=0.0026543380794344842 0.0024465939257981143 0.0016095534957407053 -0.00085599683970057809 -0.00053344558677662697 -0.00033215011726495591 7.9600797332113836e-05
leaf_weight=28.663445922284154 36.13329428632278 33.508130753005389 41.103412790835137 480.27193734183675 33.148332464043051 1692.3584380402172
leaf_count=593 418 800 1020 7131 360 18497
internal_value=4.30639e-05 0.00113803 0.000310647 -1.22059e-05 0.00124288 -5.77396e-05
internal_weight=2345.19 103.275 74.6115 2241.91 69.2816 2172.63
internal_count=28819 2413 1820 26406 778 25628
is_linear=0
shrinkage=0.03


Tree=306
num_leaves=7
num_cat=0
split_feature=10 12 52 58 2 2
split_gain=0.215295 0.269836 0.203978 0.323451 0.218763 0.217692
threshold=-0.12980314604761892 0.88864730908202083 3.493733417550295 0.13392857142857145 -0.066902385821813085 -0.13577533545812534
decision_type=2 2 2 2 2 2
left_child=1 -1 4 -4 5 -2
right_child=2 -3 3 -5 -6 -7
leaf_value=-0.00020767322197205764 1.0953634897367639e-05 0.0034366028459429493 -0.00050440985317607258 0.00055679572922927171 -0.00062552516716180267 0.0012931601846491989
leaf_weight=36.388799829554046 240.26259427683544 24.717091426253319 1363.6724973845703 309.66770987052587 154.13267764510238 226.78689626714913
leaf_count=766 3325 142 16936 3540 1786 2317
internal_value=-8.41018e-05 0.00154242 -0.000133923 -0.000305883 0.000326808 0.000647616
internal_weight=2355.63 61.1059 2294.52 1673.34 621.182 467.049
internal_count=28812 908 27904 20476 7428 5642
is_linear=0
shrinkage=0.03


Tree=307
num_leaves=7
num_cat=0
split_feature=6 45 46 46 1 2
split_gain=0.183233 0.221624 0.284202 0.227635 0.296044 0.210653
threshold=0.018745564527000297 0.55050505050505061 29.500000000000004 28.500000000000004 -0.0065521627244559937 -0.054259128735996497
decision_type=2 10 10 8 2 2
left_child=-1 3 -3 4 -2 -6
right_child=1 2 -4 -5 5 -7
leaf_value=-0.00023661704356446234 0.0037099180300143066 -0.0023498660081876311 8.2901776349216858e-05 0.00025306058807332863 8.9466795138109611e-05 0.0024323835276718582
leaf_weight=1075.1929726482194 30.019261229375843 49.840354896732606 153.29072380508296 884.1532583925873 124.13259919581469 38.29334164923057
leaf_count=14890 337 787 1863 9394 1211 381
internal_value=5.08924e-05 0.000292411 -0.000596251 0.000464027 0.0013729 0.000750863
internal_weight=2354.92 1279.73 203.131 1076.6 192.445 162.426
internal_count=28863 13973 2650 11323 1929 1592
is_linear=0
shrinkage=0.03


Tree=308
num_leaves=7
num_cat=0
split_feature=52 57 12 3 57 26
split_gain=0.180004 0.196982 0.256301 0.173301 0.172673 0.171757
threshold=1.0000000180025095e-35 2.5000000000000004 1.496692706023145 -0.11337928602512308 3.5000000000000004 -0.087164778262376771
decision_type=2 2 2 2 2 8
left_child=1 5 3 4 -3 -1
right_child=-2 2 -4 -5 -6 -7
leaf_value=9.530309912710944e-05 -0.0001523267247059619 -0.0010644742755498606 -0.002644657044836865 -0.0013146148917513676 0.0018490484335258778 0.0017925281587117784
leaf_weight=90.916585631668568 2011.6196192102216 17.822131040273234 23.143743187189102 29.458348745829426 56.234593597124331 125.24223235240788
leaf_count=1257 24373 238 110 368 859 1559
internal_value=-4.33824e-05 0.000582091 -0.000341517 0.000361031 0.00110467 0.00111445
internal_weight=2354.44 342.818 126.659 103.515 74.0567 216.159
internal_count=28764 4391 1575 1465 1097 2816
is_linear=0
shrinkage=0.03


Tree=309
num_leaves=7
num_cat=0
split_feature=60 28 39 20 6 45
split_gain=0.172021 0.238687 0.253659 0.154369 0.141292 0.226297
threshold=0.06457724489168061 2.2713915109634404 5.5000000000000009 -0.24616675181167877 0.036070001461806826 0.70714285714285718
decision_type=2 8 2 2 2 10
left_child=3 2 -2 -1 -5 -6
right_child=1 -3 -4 4 5 -7
leaf_value=-0.0012508947712251107 0.0014109575129027628 0.0023714946334354799 -0.0009151134034817781 -0.00027862781326876921 0.00037024901580332334 -0.001035884760038307
leaf_weight=88.490455069055315 67.268000420648605 51.993546960409731 83.137579582864419 1046.3851270090381 913.84390976149007 106.22756451915484
leaf_count=1485 585 405 815 14460 9679 1432
internal_value=-1.05932e-05 0.000804183 0.000148314 -9.04805e-05 -3.5004e-05 0.000215183
internal_weight=2357.35 202.399 150.406 2154.95 2066.46 1020.07
internal_count=28861 1805 1400 27056 25571 11111
is_linear=0
shrinkage=0.03


Tree=310
num_leaves=7
num_cat=0
split_feature=0 18 27 27 7 62
split_gain=0.176373 0.148532 0.164895 0.287819 0.193551 0.190178
threshold=0.51532498537565985 1.0000000180025095e-35 1.5105230808258059 0.36445833742618566 0.025407005262009768 0.0060532396381232255
decision_type=2 2 8 10 2 2
left_child=1 -1 3 5 -4 -3
right_child=-2 2 4 -5 -6 -7
leaf_value=6.2376697290967751e-05 0.0021606197295355252 9.5738174167415689e-05 -0.0035153889475124851 0.0015104373721626795 7.3638253203181148e-05 -0.0025823535507271994
leaf_weight=2144.7377280873625 24.249550222826656 47.838797717471607 25.730220235418528 45.78734060539864 21.111079944763333 36.294586652889848
leaf_count=26771 254 474 284 398 185 338
internal_value=2.34926e-05 -8.00238e-06 -0.000819562 -0.000212608 -0.00216946 -0.00121117
internal_weight=2345.75 2321.5 176.762 129.921 46.8413 84.1334
internal_count=28704 28450 1679 1210 469 812
is_linear=0
shrinkage=0.03


Tree=311
num_leaves=7
num_cat=0
split_feature=24 8 31 46 59 59
split_gain=0.148662 0.199451 0.182165 0.257934 0.152151 0.246895
threshold=7.5000000000000009 -0.20889381837855261 -3.079752922058105 34.500000000000007 -0.32483685724541039 -0.078424616135095618
decision_type=2 2 8 10 2 2
left_child=1 -1 3 -3 -4 -6
right_child=-2 2 4 -5 5 -7
leaf_value=-0.0018213608488061865 0.00087618880954788063 0.0023911781577054011 0.00055323972052672441 -0.00058292150463935637 -0.00089464693541435982 1.8681968357012973e-05
leaf_weight=44.336245476588374 167.56899997487199 55.878766491543502 314.38837331789546 38.213321689050645 318.81434953788994 1400.8390794727748
leaf_count=1336 2173 460 3683 305 3705 17115
internal_value=4.15697e-05 -2.65266e-05 1.92094e-05 0.00124335 -4.32237e-05 -0.000154838
internal_weight=2340.04 2172.47 2128.13 94.0921 2034.04 1719.65
internal_count=28777 26604 25268 765 24503 20820
is_linear=0
shrinkage=0.03


Tree=312
num_leaves=7
num_cat=0
split_feature=16 28 33 14 27 8
split_gain=0.164002 0.244097 0.181204 0.174717 0.319757 0.155969
threshold=1.0000000180025095e-35 0.31835815310478216 1.1009954748054349 0.39133863901442489 0.47623816132545477 0.012935489364944775
decision_type=2 10 10 2 8 2
left_child=3 2 -2 -1 -5 -3
right_child=1 5 -4 4 -6 -7
leaf_value=0.00016414154948094536 -0.0020531636857632676 0.0011518514144024858 0.00035906414525700296 -0.0021925850438096169 0.0006681975205657764 -0.00080938477506598569
leaf_weight=1952.0548830361076 107.95630785959656 69.495535205118358 33.253783307038248 69.097929060459137 56.707477688789368 58.050137771992013
leaf_count=24709 1748 801 446 286 234 555
internal_value=1.28792e-06 -0.00068219 -0.00149893 9.25347e-05 -0.000948822 0.000265281
internal_weight=2346.62 268.756 141.21 2077.86 125.805 127.546
internal_count=28779 3550 2194 25229 520 1356
is_linear=0
shrinkage=0.03


Tree=313
num_leaves=7
num_cat=0
split_feature=60 4 10 31 56 7
split_gain=0.185365 0.240564 0.213764 0.35712 0.323976 0.249762
threshold=-0.059356133685173791 -0.11835179441308878 0.012700373529720808 0.57824797928333294 69.03210345185164 0.067415715098539594
decision_type=2 2 2 10 2 2
left_child=1 -1 3 4 5 -2
right_child=2 -3 -4 -5 -6 -7
leaf_value=0.0012563374565039175 -0.00031939943376252405 -0.00016005111576406305 0.00022433658715553131 -4.0140686486955713e-05 -0.0035285775201774386 -0.0024095753679677606
leaf_weight=209.88340194913326 229.72417283384129 208.00931044365279 861.73250090346846 742.67553458473412 37.969819000805728 57.86846188409254
leaf_count=2086 2586 1922 10538 10793 382 485
internal_value=-1.12961e-06 0.000564055 -0.000125785 -0.000407684 -0.00121994 -0.000806814
internal_weight=2347.86 417.893 1929.97 1068.24 325.562 287.593
internal_count=28792 4008 24784 14246 3453 3071
is_linear=0
shrinkage=0.03


Tree=314
num_leaves=7
num_cat=0
split_feature=62 52 8 6 46 6
split_gain=0.14215 0.153677 0.133262 0.199438 0.233468 0.165706
threshold=-0.73413824809011063 4.6219776462470552 0.20327714933506214 0.1894037727623937 24.500000000000004 0.23773311652740839
decision_type=2 2 2 2 10 2
left_child=1 -1 5 4 -4 -2
right_child=2 -3 3 -5 -6 -7
leaf_value=0.0021535207176531864 -0.00019711483436063063 -0.00043157700788051503 0.0032088364862632216 -0.00067230575867760793 -0.00016481935778504182 0.00056164976100877228
leaf_weight=44.960229120217264 1892.4730442382279 28.603236808907241 35.815401705214754 37.496362431702437 29.359250754583627 290.07591094914824
leaf_count=515 24028 340 405 373 305 2905
internal_value=1.61455e-06 0.00121701 -4.26422e-05 0.000963823 0.00186934 -9.41681e-05
internal_weight=2358.78 73.5635 2285.22 102.671 65.1747 2182.55
internal_count=28871 855 28016 1083 710 26933
is_linear=0
shrinkage=0.03


Tree=315
num_leaves=7
num_cat=0
split_feature=29 31 26 52 37 39
split_gain=0.190407 0.249994 0.22638 0.160621 0.180491 0.275224
threshold=7.5816807746887216 -3.079752922058105 -2.7220278978347774 1.0000000180025095e-35 -2.6546728708670426 2.5000000000000004
decision_type=10 8 10 2 8 2
left_child=1 2 -1 -3 5 -5
right_child=-2 3 -4 4 -6 -7
leaf_value=-8.2084496145383806e-05 -0.0015795532891724848 0.00061675548403593945 0.0029822399166724326 0.0033095608428667113 -0.00019909063171943836 0.00025578948419893184
leaf_weight=37.804931713733822 54.994755335268565 319.9451705297688 39.328012235928327 21.846296078059822 1717.2892725941492 173.01449870245415
leaf_count=317 597 4239 291 531 19565 3413
internal_value=2.20451e-05 6.68338e-05 0.00164328 5.27133e-06 -9.97199e-05 0.000742994
internal_weight=2364.22 2309.23 77.1329 2232.1 1912.15 194.861
internal_count=28953 28356 608 27748 23509 3944
is_linear=0
shrinkage=0.03


Tree=316
num_leaves=7
num_cat=0
split_feature=10 8 27 12 51 12
split_gain=0.186351 0.268503 0.239875 0.293464 0.209477 0.272722
threshold=0.025290163099315633 -0.078984875420922571 0.94438090920448314 0.0096648590503454219 0.22500000000000003 1.1472666912372576
decision_type=2 2 8 2 2 2
left_child=-1 -2 4 -4 -3 -6
right_child=1 2 3 -5 5 -7
leaf_value=-0.00022263519246760568 -0.0010233541059080876 -0.00021323426106882061 -0.00099359433888996903 0.0015857177818495709 -0.00017940703282681172 0.0027032937941356915
leaf_weight=1489.1540112514631 106.99159531408804 389.40672179494868 40.04561121633742 243.43291613832116 58.337553542573005 47.512125998735428
leaf_count=18724 1852 4490 1127 1852 700 244
internal_value=-1.81542e-05 0.000324283 0.000520064 0.00119991 0.000114882 0.00123619
internal_weight=2374.88 885.727 778.735 283.479 495.256 105.85
internal_count=28989 10265 8413 2979 5434 944
is_linear=0
shrinkage=0.03


Tree=317
num_leaves=7
num_cat=0
split_feature=14 14 24 34 59 23
split_gain=0.115956 0.135248 0.111069 0.179859 0.158624 0.164899
threshold=0.54746047919556318 0.48759293429787526 7.5000000000000009 1.6445138653119409 0.27223668298064935 -0.44599873872465218
decision_type=2 2 2 10 2 2
left_child=1 2 -1 4 5 -4
right_child=-2 -3 3 -5 -6 -7
leaf_value=-0.00011398916096426187 -0.0016970349318938265 0.0017534529394664057 -0.00063431173474849613 -0.001326610623647508 -0.00082382468361413992 0.0020400660822623034
leaf_weight=2133.8379908663046 27.981241747736931 27.837568402290344 20.89092846470885 25.019048822112381 25.200529188674409 94.31446042371681
leaf_count=26477 120 112 367 251 321 1208
internal_value=-5.27361e-05 -2.57882e-05 -5.48297e-05 0.000671274 0.00109181 0.00154318
internal_weight=2355.08 2327.1 2299.26 165.425 140.406 115.205
internal_count=28856 28736 28624 2147 1896 1575
is_linear=0
shrinkage=0.03


Tree=318
num_leaves=7
num_cat=0
split_feature=34 20 20 10 26 35
split_gain=0.188816 0.137195 0.311525 0.131241 0.179287 0.185911
threshold=-8.2297225793202688 -0.21606624725103138 -0.20324677009079226 -0.061364649551626689 2.2570517063140874 2.0346570946276192
decision_type=8 2 2 2 8 10
left_child=-1 -2 -3 4 5 -4
right_child=1 2 3 -5 -6 -7
leaf_value=0.0011741829455247522 -0.0010250244198232617 0.0029549352353166964 -0.000484615954348753 1.7091074842852645e-05 -0.0016826772474503578 0.0017996753985556285
leaf_weight=98.88613152113976 127.02576524860342 20.70699892542325 226.98391236530733 1766.671259812807 91.336014251282904 27.165292761172168
leaf_count=2313 1890 273 2996 19924 1186 315
internal_value=-4.64276e-05 -0.000104776 -4.54411e-05 -8.86416e-05 -0.000614587 -0.000181567
internal_weight=2358.78 2259.89 2132.86 2112.16 345.485 254.149
internal_count=28897 26584 24694 24421 4497 3311
is_linear=0
shrinkage=0.03


Tree=319
num_leaves=7
num_cat=0
split_feature=60 37 35 10 23 3
split_gain=0.147074 0.340989 0.151634 0.149083 0.214374 0.258416
threshold=0.18674709343578108 4.30740303059833 1.8402235017468536 0.1015653529550566 0.27360559300573967 -0.12725767103018362
decision_type=2 10 10 2 2 2
left_child=3 2 -2 -1 5 -5
right_child=1 -3 -4 4 -6 -7
leaf_value=-4.4877518902404942e-05 -0.00061616557818421232 0.0035233186231968527 0.0017460341720101332 -0.00031543836905015141 0.00094297165890664238 -0.0028993099871911471
leaf_weight=2054.3355734659126 78.985109874513 23.546917879022658 23.730893282685429 82.804338455200195 35.63134606112726 53.870622330112383
leaf_count=25544 784 164 222 1086 357 591
internal_value=-6.00133e-05 0.000897252 3.60706e-05 -0.000118064 -0.000940317 -0.00146211
internal_weight=2352.9 126.263 102.716 2226.64 172.306 136.675
internal_count=28748 1170 1006 27578 2034 1677
is_linear=0
shrinkage=0.03


Tree=320
num_leaves=7
num_cat=0
split_feature=43 62 11 36 31 22
split_gain=0.156025 0.270986 0.187012 0.200789 0.184799 0.220304
threshold=1.5000000000000002 0.017493537993618215 0.1184788273143335 -1.1236387326544708 4.4232293553650388 0.025929579445586552
decision_type=2 2 2 8 10 2
left_child=2 -2 4 -4 -1 -6
right_child=1 -3 3 -5 5 -7
leaf_value=-0.0004109662967115321 -0.0003876024073000572 0.0025930692103661992 -0.0011320522901363198 0.0017420366598631912 -0.00015640527899769748 0.00092170406627632197
leaf_weight=1357.8237779432093 53.552763161249459 41.898602687753737 21.449724011356011 77.816056579584256 575.55646101472666 231.14021191868233
leaf_count=14173 441 317 239 803 9269 3619
internal_value=-8.61603e-05 0.0010426 -0.00013813 0.00107423 -0.000198413 0.000160005
internal_weight=2359.24 95.4514 2263.79 99.2658 2164.52 806.697
internal_count=28861 758 28103 1042 27061 12888
is_linear=0
shrinkage=0.03


Tree=321
num_leaves=7
num_cat=0
split_feature=16 30 3 12 14 35
split_gain=0.27739 0.173646 0.21148 0.158212 0.554079 0.30331
threshold=1.0000000180025095e-35 5.3683323860168466 -0.16844127383383506 2.0214043937217503 0.44386916918067715 0.90099996156417417
decision_type=2 10 2 2 2 8
left_child=1 3 -3 4 -1 -5
right_child=-2 2 -4 5 -6 -7
leaf_value=0.00021553417072199169 -0.00085334031772094814 0.00069049859421041731 -0.0018760717088645636 0.0027392824199487451 -0.0037835434162649269 -0.00027090149195871984
leaf_weight=1842.9768636044173 270.60148591198958 38.952631856547669 68.890643492341042 51.615234851837158 21.729310527443886 55.753941267728806
leaf_count=23658 3590 393 586 224 89 244
internal_value=3.24708e-05 0.000151248 -0.000969107 0.000217095 0.000149 0.00128627
internal_weight=2350.52 2079.92 107.843 1972.08 1864.71 107.369
internal_count=28784 25194 979 24215 23747 468
is_linear=0
shrinkage=0.03


Tree=322
num_leaves=7
num_cat=0
split_feature=11 36 9 8 39 62
split_gain=0.132057 0.252117 0.247913 0.330263 0.295435 0.231175
threshold=0.038793579063723986 0.55045300812432274 0.057758007017628628 0.0035736939783801926 2.5000000000000004 0.017493537993618215
decision_type=2 10 2 2 2 2
left_child=-1 2 5 -4 -5 -2
right_child=1 -3 3 4 -6 -7
leaf_value=-9.1229822942940806e-05 -0.0012321286870337603 0.0011684265915258643 -0.0013566737782462605 0.0043935748399400948 0.00067090232277109655 0.00044448723885818624
leaf_weight=1726.1952050021355 162.9062934134854 235.33389132076991 29.012603470124304 21.220165370614268 61.911988337291405 122.30830525155761
leaf_count=21413 2145 2540 349 189 621 1613
internal_value=4.49642e-05 0.000412184 -5.33847e-05 0.00108467 0.00199087 -0.000522445
internal_weight=2358.89 632.693 397.359 112.145 83.1322 285.215
internal_count=28870 7457 4917 1159 810 3758
is_linear=0
shrinkage=0.03


Tree=323
num_leaves=7
num_cat=0
split_feature=14 12 14 28 28 31
split_gain=0.274716 0.308038 0.133147 0.116027 0.182131 0.186898
threshold=0.39133863901442489 2.2201128660168759 0.019537016239671485 -3.0052061080932613 0.1514529958367348 1.145826041698456
decision_type=2 2 2 8 8 10
left_child=2 -2 -1 -4 5 -5
right_child=1 -3 3 4 -6 -7
leaf_value=-0.0014276255800364068 -0.0022867744538760198 0.00049109732639964485 0.00091499526724045843 -0.0012391625773773814 0.00025990617639453414 -8.2257385375107553e-05
leaf_weight=42.390086132450961 85.536040633916855 52.743906170129776 137.75773703213781 148.75018362421542 1295.969025157392 611.23102434072644
leaf_count=4612 352 219 1938 1417 12999 7391
internal_value=-1.49475e-05 -0.00126555 6.76798e-05 0.000102921 4.43434e-05 -0.00032185
internal_weight=2374.38 138.28 2236.1 2193.71 2055.95 759.981
internal_count=28928 571 28357 23745 21807 8808
is_linear=0
shrinkage=0.03


Tree=324
num_leaves=7
num_cat=0
split_feature=2 35 40 24 50 3
split_gain=0.1672 0.297455 0.312096 0.286393 0.281187 0.253819
threshold=-0.15318988106236286 -3.9983922372172982 1.5000000000000002 3.5000000000000004 0.43650793650793657 -0.20349674998068606
decision_type=2 10 2 2 2 2
left_child=3 2 5 -1 -4 -2
right_child=1 -3 4 -5 -6 -7
leaf_value=-0.000883807417580967 -0.00057797884890971633 -2.9176344690869265e-05 0.0013593874683556272 0.00033257408384433515 -0.0016776027453281309 0.0024554498520610894
leaf_weight=431.91218805700191 26.511817057500593 1393.9003332035209 41.862914758734405 280.58957534120418 48.602141528390348 120.78269073358388
leaf_count=6583 426 15057 591 4214 474 1368
internal_value=-2.6619e-05 0.000140868 0.00109872 -0.000406812 -0.000276806 0.00190742
internal_weight=2344.16 1631.66 237.76 712.502 90.4651 147.295
internal_count=28713 17916 2859 10797 1065 1794
is_linear=0
shrinkage=0.03


Tree=325
num_leaves=7
num_cat=0
split_feature=56 2 47 31 47 41
split_gain=0.123548 0.26267 0.162572 0.140059 0.233345 0.170855
threshold=-102.49889574587554 -0.068401304650172953 7.5000000000000009 -3.079752922058105 5.5000000000000009 1.5000000000000002
decision_type=2 2 10 8 10 2
left_child=1 2 -1 4 -2 -5
right_child=3 -3 -4 5 -6 -7
leaf_value=0.002411880000913968 0.00227604105292901 -0.0010936374474849685 -0.00064747552344203104 -0.00014142611867152258 -0.00044699091492341581 0.0011315032160924584
leaf_weight=64.089770181511994 50.117585314670578 32.643675230850931 15.209128045418764 2068.5522457168699 48.349221211858094 89.485979827586561
leaf_count=965 419 422 214 25773 379 731
internal_value=1.89587e-05 0.000949108 0.00181831 -3.11688e-05 0.00102104 -8.36668e-05
internal_weight=2368.45 111.943 79.2989 2256.51 98.4668 2158.04
internal_count=28903 1601 1179 27302 798 26504
is_linear=0
shrinkage=0.03


Tree=326
num_leaves=7
num_cat=0
split_feature=52 14 14 1 5 6
split_gain=0.139373 0.197745 0.201593 0.154687 0.150963 0.187103
threshold=3.0368918406528054 0.029713862495664999 0.41609179860417389 0.10885573076628048 -0.16235309011417584 -0.0098514207727627024
decision_type=2 2 2 2 2 2
left_child=1 -1 3 4 -3 -6
right_child=-2 2 -4 -5 5 -7
leaf_value=-0.0019808877113218939 -0.00023762351235859567 -0.0010649768378429441 -0.0016736695186791457 -0.0012967118512639104 5.4258158518718627e-05 0.0013657080745885374
leaf_weight=22.170532977848779 1818.4754284463124 30.06636450253427 28.020171463489532 26.946075558662415 153.10156597010791 265.86335612088442
leaf_count=1602 22403 343 115 220 1657 2420
internal_value=-0.00011332 0.000312702 0.000450171 0.000607066 0.00074707 0.000898904
internal_weight=2344.64 526.168 503.998 475.977 449.031 418.965
internal_count=28760 6357 4755 4640 4420 4077
is_linear=0
shrinkage=0.03


Tree=327
num_leaves=7
num_cat=0
split_feature=14 12 8 34 36 31
split_gain=0.116266 0.110982 0.186892 0.147962 0.244787 0.209993
threshold=0.025284969378548929 -0.17704570257388227 -0.078984875420922571 2.1804601748784385 2.0098734157780811 2.8240855932235722
decision_type=2 2 2 10 10 10
left_child=-1 2 -2 -3 5 -5
right_child=1 3 -4 4 -6 -7
leaf_value=-0.0010693941769849074 -0.00083204570581060637 -7.6765092351764664e-05 0.0011505540214322525 0.0018093507265347635 -0.0010838417021978243 5.6076791318371089e-05
leaf_weight=69.437709020523471 47.514879366382957 1770.9566953890026 177.98378341458738 130.62914856895804 51.967512626200914 110.41213699057698
leaf_count=5917 1253 15381 4139 901 394 869
internal_value=5.94376e-05 9.81759e-05 0.000715208 2.76386e-05 0.000640367 0.00104047
internal_weight=2358.9 2289.46 225.499 2063.97 293.009 241.041
internal_count=28854 22937 5392 17545 2164 1770
is_linear=0
shrinkage=0.03


Tree=328
num_leaves=7
num_cat=0
split_feature=58 39 28 8 12 39
split_gain=0.146799 0.22751 0.1568 0.122257 0.156334 0.128599
threshold=0.41428571428571431 3.5000000000000004 1.8854655623435976 -0.24310784462849086 0.76616114901725241 2.5000000000000004
decision_type=2 2 10 2 2 2
left_child=3 -2 -3 4 -1 -5
right_child=1 2 -4 5 -6 -7
leaf_value=-0.0026590878922770679 0.0029602836028743444 -0.00054958721612100437 0.0020097577624616368 -0.00045857075110678999 0.0011403511715192163 0.00010325475411789417
leaf_weight=22.838818704127338 27.691894109011628 69.475938541087089 19.623171015642583 453.54847548017278 7.2793177291750899 1744.6453175664792
leaf_count=921 264 766 172 5190 53 21384
internal_value=1.20691e-05 0.00100508 0.000160006 -4.42347e-05 -0.00168544 -1.42172e-05
internal_weight=2345.1 116.791 89.0991 2228.31 30.1181 2198.19
internal_count=28750 1202 938 27548 974 26574
is_linear=0
shrinkage=0.03


Tree=329
num_leaves=7
num_cat=0
split_feature=6 27 6 6 31 20
split_gain=0.179266 0.136012 0.275217 0.322504 0.295687 0.26977
threshold=0.52927501032033575 -0.47931556403636927 0.16115002997584058 -0.42170692433313556 2.7785961553454404 -0.11225594545959498
decision_type=2 10 2 2 10 2
left_child=1 2 3 -1 -5 -3
right_child=-2 5 -4 4 -6 -7
leaf_value=-0.0026780843402401571 0.0019137990441716708 -0.0010771785694062483 -0.00088544089843230179 0.00025435252842879877 0.001794896534103675 -9.8343859403822537e-06
leaf_weight=15.255693353363311 33.645133555284701 239.05788271396887 120.22264381684363 309.95207480038516 169.37347852782113 1478.3736098648515
leaf_count=495 319 3115 1469 3770 3346 16403
internal_value=8.84181e-06 -2.66928e-05 0.000352744 0.000665305 0.000824272 -0.000163779
internal_weight=2365.88 2332.24 614.804 494.581 479.326 1717.43
internal_count=28917 28598 9080 7611 7116 19518
is_linear=0
shrinkage=0.03


Tree=330
num_leaves=7
num_cat=0
split_feature=27 27 22 1 0 31
split_gain=0.146806 0.230925 0.211354 0.265174 0.247674 0.187013
threshold=-0.48700152337551111 -0.060980027541518204 -0.093069483369528139 -0.043884736895140199 -0.53174725664818512 2.1723194122314458
decision_type=8 8 2 2 2 10
left_child=2 -2 -1 4 -4 -5
right_child=1 -3 3 5 -6 -7
leaf_value=0.0018174733457474218 -0.00099119798381899424 -3.4297218090204696e-05 -0.0019509984635708627 -0.0014897218506519823 0.0017204488924261619 0.00024633716411475223
leaf_weight=72.725923528720159 252.23370929277735 1694.2150562461175 10.876839340198783 87.771496540866792 101.37414429124328 124.72809358383529
leaf_count=1286 3016 19409 362 815 1831 1950
internal_value=-5.50587e-05 -0.000162731 0.000463269 0.000114769 0.00123421 -0.000505456
internal_weight=2343.93 1946.45 397.476 324.751 112.251 212.5
internal_count=28669 22425 6244 4958 2193 2765
is_linear=0
shrinkage=0.03


Tree=331
num_leaves=7
num_cat=0
split_feature=14 5 12 57 24 56
split_gain=0.133093 0.339261 0.172679 0.154235 0.229985 0.409483
threshold=0.37388807372486693 -0.017282895650258593 2.0214043937217503 1.5000000000000002 1.5000000000000002 -77.338497012291484
decision_type=2 2 2 2 2 2
left_child=2 -2 3 4 5 -1
right_child=1 -3 -4 -5 -6 -7
leaf_value=-0.0022515319724940143 0.00067138640717060306 -0.0019198861404078763 0.0017826456273801301 -0.00017831427886713224 0.00078766200013635334 0.00020338248568418563
leaf_weight=58.885572859609965 77.955471068620682 87.419879041612148 45.439628794789314 1025.8333885041793 514.60951312026009 535.33517019657302
leaf_count=941 322 364 220 12859 6720 7276
internal_value=6.58766e-05 -0.000729766 0.000129288 8.59457e-05 0.000329834 -7.31296e-05
internal_weight=2345.48 165.375 2180.1 2134.66 1108.83 594.221
internal_count=28702 686 28016 27796 14937 8217
is_linear=0
shrinkage=0.03


Tree=332
num_leaves=7
num_cat=0
split_feature=8 52 26 0 59 26
split_gain=0.143959 0.190358 0.244871 0.204839 0.145113 0.194289
threshold=0.20958354151673941 5.2327239893376989 0.32316347956657415 0.067189551824223662 -0.31091927543666242 -4.8247916698455802
decision_type=2 2 10 2 2 10
left_child=4 2 3 -2 5 -1
right_child=1 -3 -4 -5 -6 -7
leaf_value=0.002455110240541888 0.0042353809291235606 -0.0011951148189015294 -0.00031659085540420223 0.00024694439856949742 -0.00015926827097140439 0.00024121317435647595
leaf_weight=30.409661739657167 26.351270685729105 18.702750384807587 31.260436898533953 18.931931514292955 1907.0863755667961 332.75825319200521
leaf_count=398 326 169 312 198 23554 3873
internal_value=-4.08451e-06 0.0010807 0.00171062 0.0029142 -5.41357e-05 0.000487416
internal_weight=2365.5 95.2464 76.5436 45.2832 2270.25 363.168
internal_count=28830 1005 836 524 27825 4271
is_linear=0
shrinkage=0.03


Tree=333
num_leaves=7
num_cat=0
split_feature=2 40 52 37 37 12
split_gain=0.143105 0.352686 0.224966 0.206367 0.21292 0.270454
threshold=-0.11852863379902569 3.5000000000000004 4.6338046261042463 -7.2223362806770526 3.6557154534162866 1.7541457492781667
decision_type=2 2 2 8 8 2
left_child=-1 3 -3 -2 -5 -6
right_child=1 2 -4 4 5 -7
leaf_value=-0.00021769802164387574 0.0026378898913327104 0.0034527440231442879 0.00027044435092124015 -0.00019898456338154761 0.0010838899044728087 -0.00093974318202263497
leaf_weight=1066.4839076225762 18.561133165232604 38.717187517555431 37.032057118834928 848.37740382229094 277.01315052970313 66.696886852383614
leaf_count=14619 432 434 349 9852 2888 303
internal_value=3.81448e-05 0.000250294 0.00210996 0.000117604 5.67441e-05 0.000675738
internal_weight=2352.88 1286.4 75.7492 1210.65 1192.09 343.71
internal_count=28877 14258 783 13475 13043 3191
is_linear=0
shrinkage=0.03


Tree=334
num_leaves=7
num_cat=0
split_feature=26 47 1 26 52 33
split_gain=0.149183 0.238928 0.337191 0.192037 0.245348 0.190218
threshold=2.2156327962875371 4.5000000000000009 -0.038868420709108516 2.8908693790435795 4.7969438977658561 -0.69839839140574134
decision_type=10 8 2 10 2 10
left_child=1 2 -1 4 -2 -4
right_child=3 -3 5 -5 -6 -7
leaf_value=0.0011042270763734552 -0.00034334521171519252 0.00027265751255617761 -0.0039208109984838072 3.8346535912124033e-05 -0.0029535502412310348 -0.00039927122240185456
leaf_weight=28.373481784306932 93.519713980320375 1853.8379861182912 27.501695554354228 279.98218949194415 42.290500146744307 25.833134002052248
leaf_count=469 1068 23030 340 3158 476 278
internal_value=8.90819e-05 0.000200056 -0.00129728 -0.000420077 -0.00130297 -0.00254748
internal_weight=2351.34 1935.55 81.7083 415.792 135.81 53.3348
internal_count=28819 24117 1087 4702 1544 618
is_linear=0
shrinkage=0.03


Tree=335
num_leaves=7
num_cat=0
split_feature=20 12 14 29 28 29
split_gain=0.204596 0.186888 0.219687 0.165852 0.326697 0.258975
threshold=-0.17608860883255709 2.1035487418820176 0.44386916918067715 -4.6328063011169425 2.200515985488892 -3.6478945016860957
decision_type=2 2 2 10 10 10
left_child=-1 2 3 4 -2 -5
right_child=1 -3 -4 5 -6 -7
leaf_value=-0.00081475576881274991 0.00020795974328320348 0.001381170162064173 -0.0021005076517930264 -0.0012928468745535934 0.0019493105526476179 6.4820665748645034e-05
leaf_weight=211.29067739099264 637.33824640655075 94.459393173456192 30.802256047725677 131.86348076284048 105.07436977146426 1156.8439005752734
leaf_count=3098 8861 409 126 1709 1057 13665
internal_value=5.44384e-05 0.000142973 7.98574e-05 0.000123052 0.000477047 -8.29842e-05
internal_weight=2367.67 2156.38 2061.92 2031.12 742.413 1288.71
internal_count=28925 25827 25418 25292 9918 15374
is_linear=0
shrinkage=0.03


Tree=336
num_leaves=7
num_cat=0
split_feature=0 10 27 27 7 7
split_gain=0.13903 0.135266 0.113485 0.221923 0.173886 0.181277
threshold=0.56869400614271381 -0.16023780074461411 -0.49328985810279841 -0.66739371418952931 0.034609884719411031 0.011324213632843612
decision_type=2 2 8 10 2 2
left_child=1 -1 3 4 5 -3
right_child=-2 2 -4 -5 -6 -7
leaf_value=0.0019481178197039209 0.0021947855696841023 0.00014025919405623872 -0.00010063380338335836 0.0019082934440874375 -0.00076648978660857079 0.0022358671146099603
leaf_weight=22.306827561202226 16.768019786337391 161.33193329510686 1935.8793518513266 66.507915399270132 118.70571120956447 38.870741066406481
leaf_count=349 168 3054 22237 861 1590 598
internal_value=4.49354e-05 2.02938e-05 -6.5088e-06 0.000456853 0.000105342 0.000634147
internal_weight=2360.37 2343.6 2321.3 385.416 318.908 200.203
internal_count=28857 28689 28340 6103 5242 3652
is_linear=0
shrinkage=0.03


Tree=337
num_leaves=7
num_cat=0
split_feature=10 30 29 34 28 10
split_gain=0.12839 0.175462 0.129409 0.145102 0.141868 0.11123
threshold=-0.12980314604761892 -3.5300090312957759 7.5816807746887216 -8.086662292480467 4.2864673137664804 0.067488048426905159
decision_type=2 10 10 8 10 2
left_child=1 -1 3 5 -5 -2
right_child=2 -3 -4 4 -6 -7
leaf_value=-0.00081259499675901336 0.0015970859035491065 0.0021811547022288738 -0.0013619307335571078 -0.00010410993671528764 0.0013206784568697027 -0.0007406564364838544
leaf_weight=20.162578661780572 71.447385654668324 42.174869908369146 55.66000043740496 2099.9087545355724 54.849165247287601 17.184908723836998
leaf_count=398 1748 522 602 24740 466 390
internal_value=-1.02078e-05 0.00123437 -4.91536e-05 -1.06834e-05 -6.19088e-05 0.00111468
internal_weight=2361.39 62.3374 2299.05 2243.39 2154.76 88.6323
internal_count=28866 920 27946 27344 25206 2138
is_linear=0
shrinkage=0.03


Tree=338
num_leaves=7
num_cat=0
split_feature=11 27 22 27 57 3
split_gain=0.196702 0.167515 0.157419 0.166392 0.132916 0.165834
threshold=0.1184788273143335 -0.18136021494865415 -0.0011693788579646769 0.47623816132545477 6.5000000000000009 -0.12476202741462403
decision_type=2 8 2 10 2 2
left_child=4 -2 -3 -4 -1 -6
right_child=1 2 3 -5 5 -7
leaf_value=-0.00014366630545524728 -0.00072621740912597076 -0.00025525746632602283 0.0039797923986375529 0.00065757649731768919 0.0012616398404008834 -0.0003566906181708344
leaf_weight=2028.3536733028013 24.467130706761964 21.603368376148865 26.113066522404552 29.386788226431236 130.83668896061135 89.708961340365931
leaf_count=24820 286 244 263 283 1831 1027
internal_value=-6.01495e-06 0.00122366 0.00185476 0.00258966 -6.6724e-05 0.00061645
internal_weight=2350.47 101.57 77.1032 55.4999 2248.9 220.546
internal_count=28754 1076 790 546 27678 2858
is_linear=0
shrinkage=0.03


Tree=339
num_leaves=7
num_cat=0
split_feature=0 30 20 46 4 6
split_gain=0.118813 0.245467 0.128551 0.213941 0.310504 0.233778
threshold=0.43069274871615087 -0.39760489761829371 -0.11801298091314141 240.50000000000003 -0.081346162058255442 0.058734260908300188
decision_type=2 8 2 8 2 2
left_child=2 -2 3 4 -1 -5
right_child=1 -3 -4 5 -6 -7
leaf_value=-0.00077635512067497051 -0.00098841748993636633 0.0027510091030842876 6.0133052246186529e-07 -0.00031501020813115815 0.0018363919529289158 -0.0023684833472526761
leaf_weight=99.112654312164523 20.211601839575451 27.823108808603138 1943.192082696507 115.99561186291976 55.686006988282315 82.639814615657087
leaf_count=1399 264 240 23272 1749 714 1076
internal_value=-6.27802e-05 0.00127837 -9.62515e-05 -0.000614116 0.000217933 -0.00124191
internal_weight=2344.66 48.0347 2296.63 353.434 154.799 198.635
internal_count=28714 504 28210 4938 2113 2825
is_linear=0
shrinkage=0.03


Tree=340
num_leaves=7
num_cat=0
split_feature=14 28 62 28 62 10
split_gain=0.138761 0.14648 0.148819 0.260728 0.172352 0.173835
threshold=0.019537016239671485 -2.9131290912628169 0.49697593367514759 2.3107885122299199 0.11297785990645128 -0.011775111311044069
decision_type=2 8 2 10 2 2
left_child=-1 -2 4 -4 -3 -6
right_child=1 2 3 -5 5 -7
leaf_value=-0.0015276870474184689 0.00092767615954691583 -6.6258947680629881e-05 -0.0012061627796768389 0.001227578883661025 -0.0001560157263446224 0.0012533149973540298
leaf_weight=42.163169225939782 145.03731242287904 1615.9332360709086 186.82243918441236 40.980799155309796 128.29173004440963 186.11516246385872
leaf_count=4616 2004 16686 1919 317 1343 1803
internal_value=2.46428e-06 3.69592e-05 -2.69037e-05 -0.000735133 6.00337e-05 0.000691164
internal_weight=2345.34 2303.18 2158.14 227.803 1930.34 314.407
internal_count=28688 24072 22068 2236 19832 3146
is_linear=0
shrinkage=0.03


Tree=341
num_leaves=7
num_cat=0
split_feature=0 58 30 24 12 31
split_gain=0.161424 0.139487 0.161743 0.149883 0.204754 0.195758
threshold=0.56869400614271381 0.58571428571428574 0.047127829864621169 7.5000000000000009 1.2481403169948408 -2.8751369938254352
decision_type=2 2 10 2 2 8
left_child=1 3 -3 5 -5 -1
right_child=-2 2 -4 4 -6 -7
leaf_value=0.0010598429328685581 0.0023008530131872523 -0.00029204533230962995 0.0029176576425758117 0.0012696012661005584 -0.0011448566373935367 -0.00022135905711097642
leaf_weight=103.45815470558591 16.563926349161193 23.442598561057821 20.228020721115172 132.56046111980686 32.175445578992367 2028.4348057729512
leaf_count=854 167 272 175 1941 173 25338
internal_value=-2.48093e-05 -5.09892e-05 0.00146129 -8.59558e-05 0.00075949 -0.000154526
internal_weight=2356.86 2340.3 43.6706 2296.63 164.736 2131.89
internal_count=28920 28753 447 28306 2114 26192
is_linear=0
shrinkage=0.03


Tree=342
num_leaves=7
num_cat=0
split_feature=6 36 62 45 34 14
split_gain=0.124641 0.236049 0.252476 0.254984 0.245588 0.199193
threshold=0.0063850432517346739 1.9372982412709725 -0.6399268809075721 0.82575757575757591 -4.0348089834054308 0.15051159030317404
decision_type=2 10 2 10 10 2
left_child=1 2 -1 -4 -3 -2
right_child=5 4 3 -5 -6 -7
leaf_value=0.0020742107922139146 0.00055627552891991878 0.0013231117820253664 -0.00033028215677778975 0.0017016545276860634 -0.0019082570823445871 -0.00017203940482440726
leaf_weight=36.849575114843901 652.41046319011366 18.185319965938106 778.42585244176735 49.896678162214812 112.43408783175983 682.71876236796379
leaf_count=565 10972 301 10899 1003 1254 3748
internal_value=-3.56237e-06 -0.000256163 -7.00475e-05 -0.000189044 -0.00139628 0.000185341
internal_weight=2330.92 995.792 865.172 828.323 130.619 1335.13
internal_count=28742 14022 12467 11902 1555 14720
is_linear=0
shrinkage=0.03


Tree=343
num_leaves=7
num_cat=0
split_feature=6 34 29 59 24 33
split_gain=0.169732 0.18447 0.223767 0.219094 0.11374 0.170366
threshold=0.37238600656307058 -2.3252573808034254 -4.3426496982574454 -0.086435273301134721 7.5000000000000009 2.1886602242787685
decision_type=2 10 10 2 2 10
left_child=4 3 -3 -2 -1 -6
right_child=1 2 -4 -5 5 -7
leaf_value=-0.00015385306020894611 -0.00034646656679340206 0.0017785363724167073 -0.0012234186757819907 0.0036074267995639519 0.0010148109964263777 -0.0016674752206360943
leaf_weight=2080.7770391252125 16.43471842771396 28.358413341338746 43.545792141463608 28.077118047047406 140.44818876532372 15.612452067667617
leaf_count=25602 206 255 347 377 1873 184
internal_value=-3.41857e-05 0.00103559 3.3123e-05 0.00235181 -9.42231e-05 0.000662218
internal_weight=2353.25 116.416 71.9042 44.5118 2236.84 156.061
internal_count=28844 1185 602 583 27659 2057
is_linear=0
shrinkage=0.03


Tree=344
num_leaves=7
num_cat=0
split_feature=58 62 23 56 56 20
split_gain=0.124808 0.247812 0.241353 0.230267 0.200508 0.176693
threshold=0.13392857142857145 0.22654395117396117 -0.28481589593604911 10.473018190726693 5.11749908398322 -0.21606624725103138
decision_type=2 2 2 2 2 2
left_child=3 2 -2 4 -1 -5
right_child=1 -3 -4 5 -6 -7
leaf_value=4.4065625633660234e-05 -0.00078609159107865796 9.3319616113028087e-05 0.002616632273861586 -0.002108509207692471 0.0015233376953379643 -0.00037865208202701782
leaf_weight=1125.5485233398504 19.865968325524591 361.87168357483461 64.848670663879602 48.881250022677705 79.047770655481145 650.21129420530633
leaf_count=14402 242 4074 695 706 947 7757
internal_value=7.89036e-06 0.000453533 0.00181993 -9.84766e-05 0.000152881 -0.000527635
internal_weight=2350.28 446.586 84.7146 1903.69 1204.6 699.093
internal_count=28823 5011 937 23812 15349 8463
is_linear=0
shrinkage=0.03


Tree=345
num_leaves=7
num_cat=0
split_feature=20 5 39 8 11 45
split_gain=0.121458 0.296171 0.345783 0.161378 0.158976 0.299163
threshold=0.070064662425545016 -0.033945771157498444 2.5000000000000004 0.052176349068731594 -0.033118046887644421 0.27922077922077926
decision_type=2 2 2 2 2 10
left_child=4 2 -2 -4 5 -1
right_child=1 -3 3 -5 -6 -7
leaf_value=0.00085656171347878 -0.0030750482511128626 0.0010538754993059966 -0.00041732741082487282 0.0019121936006393666 -0.0002653297079503448 -0.00079130052342285268
leaf_weight=321.88201754953479 28.23890350345755 255.76610091753537 96.993282805080526 25.790404762839898 1502.9053181208146 132.40173626324395
leaf_count=3779 329 3165 1331 242 18197 1907
internal_value=-1.83401e-05 0.000446953 -0.000582524 0.000179141 -0.000116829 0.00036959
internal_weight=2363.98 406.789 151.023 122.784 1957.19 454.284
internal_count=28950 5067 1902 1573 23883 5686
is_linear=0
shrinkage=0.03


Tree=346
num_leaves=7
num_cat=0
split_feature=0 5 6 24 8 9
split_gain=0.159014 0.1104 0.178268 0.130545 0.166765 0.146193
threshold=0.51532498537565985 -0.21033426459274893 -0.18371975482177397 7.5000000000000009 -0.20889381837855261 -0.070610709137250441
decision_type=2 2 2 2 2 2
left_child=1 2 -1 4 -3 -6
right_child=-2 3 -4 -5 5 -7
leaf_value=0.0013095102440704115 0.0019919189058523442 -0.0018326999468478216 -0.0018620038914098776 0.00081048542027029231 0.00057654207837083942 -0.00012188767457561967
leaf_weight=13.34886497131083 25.530295402917545 36.511810540570877 53.963240342214704 158.88348481833236 307.82322735578055 1772.5714288650342
leaf_count=327 262 1066 809 2016 4733 19772
internal_value=-6.32171e-08 -3.01406e-05 -0.00114502 7.69991e-06 -5.60801e-05 -1.62816e-05
internal_weight=2368.63 2343.1 67.3121 2275.79 2116.91 2080.39
internal_count=28985 28723 1136 27587 25571 24505
is_linear=0
shrinkage=0.03


Tree=347
num_leaves=7
num_cat=0
split_feature=14 5 11 22 39 37
split_gain=0.117924 0.254711 0.139015 0.221018 0.191853 0.151573
threshold=0.37388807372486693 -0.027161232010401031 0.1184788273143335 -0.0023305873751992413 6.5000000000000009 1.7357257022211952
decision_type=2 2 2 2 2 8
left_child=2 -2 -1 -4 5 -5
right_child=1 -3 3 4 -6 -7
leaf_value=-2.4309520910136641e-05 0.00056256187954810345 -0.0017265446826563097 -0.00093610829524789227 0.00055004568098489378 -0.00035768635771384977 0.004082142056401292
leaf_weight=2088.8468134264403 68.732470646500587 94.263568460941315 27.617759993241634 21.0273403696483 20.808902070042677 25.251640036934987
leaf_count=27159 284 392 339 250 225 226
internal_value=-3.0558e-05 -0.000784549 2.90453e-05 0.00109578 0.00194517 0.00286019
internal_weight=2346.55 162.996 2183.55 94.7056 67.0879 46.279
internal_count=28875 676 28199 1040 701 476
is_linear=0
shrinkage=0.03


Tree=348
num_leaves=7
num_cat=0
split_feature=52 52 4 52 57 46
split_gain=0.153304 0.199689 0.238499 0.143098 0.199921 0.279056
threshold=5.5116732369970016 5.8249976811274902 -0.16772885644785387 3.493733417550295 2.5000000000000004 117.50000000000001
decision_type=2 2 2 2 2 10
left_child=3 2 -2 4 -1 -6
right_child=1 -3 -4 -5 5 -7
leaf_value=0.0007546150647547771 -0.00063672687353056126 -0.00057207029435693817 0.0025961197806022964 -0.00018110009436364335 6.3983013389285381e-05 -0.002871068603036328
leaf_weight=396.96652941580396 23.705450266832486 44.436872665595729 64.410530045599444 1587.7462024359411 219.18180605096859 23.556823512073606
leaf_count=4840 305 520 725 19639 2596 248
internal_value=3.23403e-05 0.000986131 0.00175015 -2.85723e-05 0.000346962 -0.000323181
internal_weight=2360 132.553 88.116 2227.45 639.705 242.739
internal_count=28873 1550 1030 27323 7684 2844
is_linear=0
shrinkage=0.03


Tree=349
num_leaves=7
num_cat=0
split_feature=36 36 31 28 14 35
split_gain=0.146367 0.128489 0.180595 0.135794 0.207543 0.187051
threshold=3.4497943479705744 2.7845542503227656 5.8335881680250177 2.7769266366958623 0.21952647361202857 -5.8049101435268904
decision_type=10 10 10 10 2 8
left_child=1 3 -3 5 -5 -1
right_child=-2 2 -4 4 -6 -7
leaf_value=0.0019771768169769381 0.0014571994225770991 -0.0023635614974056502 0.00051304432738213425 -0.00012148387031305242 0.0016432655655668686 -0.00012995441572317352
leaf_weight=28.670326505962294 49.350546659086831 39.078693399671465 27.739725082356017 132.59130245051347 97.638360425829887 1982.4430141453922
leaf_count=482 511 330 392 1536 458 25168
internal_value=-1.39664e-05 -5.15716e-05 -0.00125801 -1.01774e-05 0.000664181 -9.02813e-05
internal_weight=2357.51 2308.16 66.8184 2241.34 230.23 2011.11
internal_count=28877 28366 722 27644 1994 25650
is_linear=0
shrinkage=0.03


Tree=350
num_leaves=7
num_cat=0
split_feature=2 47 11 29 31 8
split_gain=0.137448 0.286318 0.271024 0.230646 0.217373 0.19265
threshold=-0.033520181415231352 7.5000000000000009 -0.00054274983676847594 -2.6154193878173824 -2.2761037945747371 0.14711648887314105
decision_type=2 10 2 8 8 2
left_child=5 2 -2 -4 -5 -1
right_child=1 -3 3 4 -6 -7
leaf_value=0.00011312294426941568 0.0009873253682123116 0.00095396827393534503 -0.00021375334267399802 0.00067033340419791977 -0.0023049613868863505 0.0020839601150617216
leaf_weight=1861.6569832163659 54.975899158103857 97.438209552376065 131.94374253717251 21.324147266801447 141.16334736801218 35.798876426066272
leaf_count=23104 665 1093 1702 184 1725 313
internal_value=4.92912e-05 -0.000418356 -0.000816947 -0.0011752 -0.00189827 0.000161037
internal_weight=2344.3 446.845 349.407 294.431 162.487 1897.46
internal_count=28786 5369 4276 3611 1909 23417
is_linear=0
shrinkage=0.03


Tree=351
num_leaves=7
num_cat=0
split_feature=14 27 27 2 62 11
split_gain=0.192664 0.312862 0.252483 0.182209 0.231882 0.265342
threshold=0.30338066355976473 0.12379769235849382 -0.36705338954925532 -0.12219968276958149 -0.73413824809011063 0.13996093941860985
decision_type=2 10 8 2 2 2
left_child=3 2 -2 -1 -5 -6
right_child=1 -3 -4 4 5 -7
leaf_value=-0.0003191222040853018 0.00012191113550209462 0.00015895331709809811 -0.0024310919425152414 0.0023525260682125603 6.1659016312521931e-05 0.0023578141570164551
leaf_weight=910.46263488888508 47.908925831317902 157.74513794481754 109.59084004163742 35.275735861971043 1071.0327637501468 37.327396054868586
leaf_count=13654 208 682 472 414 13079 422
internal_value=-0.000111794 -0.000790214 -0.00169359 -4.35207e-06 0.000246834 0.00015938
internal_weight=2369.34 315.245 157.5 2054.1 1143.64 1108.36
internal_count=28931 1362 680 27569 13915 13501
is_linear=0
shrinkage=0.03


Tree=352
num_leaves=7
num_cat=0
split_feature=24 22 58 2 59 37
split_gain=0.172978 0.25544 0.242012 0.193914 0.159085 0.154543
threshold=3.5000000000000004 0.072181431240986763 0.41428571428571431 -0.3139691058050042 -0.0085308180903345791 2.3234598824961323
decision_type=2 2 2 2 2 10
left_child=2 -2 3 -1 -3 -4
right_child=1 4 5 -5 -6 -7
leaf_value=-0.001897347867183205 6.6256300178079818e-05 0.00027531179280548335 3.8806096531873899e-05 -0.00023679338835156985 0.0023795141865931243 0.002643841257507969
leaf_weight=56.535729748691665 645.94405888239271 60.016444377310108 40.912704516784288 1452.3660463559208 68.449331357085612 31.689426217693835
leaf_count=1452 7780 740 474 17266 867 243
internal_value=-4.68808e-05 0.000317956 -0.000226405 -0.000311093 0.00148735 0.00135827
internal_weight=2355.91 774.41 1581.5 1508.9 128.466 72.6021
internal_count=28822 9387 19435 18718 1607 717
is_linear=0
shrinkage=0.03


Tree=353
num_leaves=7
num_cat=0
split_feature=24 9 2 47 39 41
split_gain=0.136577 0.215722 0.112975 0.117366 0.233893 0.213675
threshold=7.5000000000000009 0.0092485069677918728 0.15036057293211832 5.5000000000000009 4.5000000000000009 1.5000000000000002
decision_type=2 2 2 8 2 2
left_child=2 -2 3 4 5 -1
right_child=1 -3 -4 -5 -6 -7
leaf_value=-0.002187094731727957 -0.00028696148921423929 0.0017747064375090446 0.0014924245736072927 -5.1154504117843456e-05 0.00010092212006438453 0.0010378212116090085
leaf_weight=97.145888356026262 86.292510104016401 81.660875736037269 29.18688500742428 1901.9715210943396 141.12428190239007 16.125740258023143
leaf_count=1300 1250 897 323 23086 1847 137
internal_value=-4.0726e-05 0.000758844 -0.000105347 -0.000133762 -0.00072608 -0.00168104
internal_weight=2353.51 167.953 2185.55 2156.37 254.396 113.272
internal_count=28840 2147 26693 26370 3284 1437
is_linear=0
shrinkage=0.03


Tree=354
num_leaves=7
num_cat=0
split_feature=43 56 3 11 22 30
split_gain=0.15131 0.319624 0.222439 0.156524 0.210749 0.199358
threshold=1.5000000000000002 22.800408461043759 -0.14534570104448211 0.12618098485634871 -0.0023305873751992413 6.1964030265808114
decision_type=2 2 2 2 2 10
left_child=3 2 -2 5 -5 -1
right_child=1 -3 -4 4 -6 -7
leaf_value=-2.9662138180158164e-05 0.0036741895647548731 -0.0013435818463168932 0.000353533811221566 -0.00096534091147798822 0.0020869097007207176 -0.001540934024421646
leaf_weight=2110.9487058813247 30.775628621689975 26.139031126629561 37.005347098223865 22.467258034273982 55.909580415929668 71.614656236139126
leaf_count=26572 249 213 271 270 575 677
internal_value=1.49735e-05 0.00113433 0.0021398 -3.6315e-05 0.00120173 -8.60521e-05
internal_weight=2354.86 93.92 67.781 2260.94 78.3768 2182.56
internal_count=28827 733 520 28094 845 27249
is_linear=0
shrinkage=0.03


Tree=355
num_leaves=7
num_cat=0
split_feature=4 59 10 31 23 31
split_gain=0.152676 0.140301 0.16248 0.303475 0.19033 0.173201
threshold=-0.26696389679012561 -0.31091927543666242 -0.066716877102709182 -1.4690949916839597 -0.038051217339013947 -2.8751369938254352
decision_type=2 2 2 10 2 10
left_child=-1 -2 3 -3 -5 -4
right_child=1 2 5 4 -6 -7
leaf_value=0.0017799003188716843 0.00049462309005962862 -0.002738518840918022 0.00066696512334917207 0.00092203050123020015 -0.00089566781471511802 -0.00015582479388348333
leaf_weight=32.645287546038162 372.40104757944937 48.254421603749506 263.78203440672951 69.942620725138113 139.27508700973704 1438.7875156299269
leaf_count=553 4364 571 2918 1116 1851 17526
internal_value=9.98958e-07 -3.13911e-05 -0.000133335 -0.000820729 -0.000273661 -2.51984e-05
internal_weight=2365.09 2332.44 1960.04 257.472 209.218 1702.57
internal_count=28899 28346 23982 3538 2967 20444
is_linear=0
shrinkage=0.03


Tree=356
num_leaves=7
num_cat=0
split_feature=60 23 31 24 26 28
split_gain=0.245361 0.256699 0.196203 0.185985 0.437285 0.347632
threshold=-0.059356133685173791 -0.23313551507313288 -0.91617983579635609 3.5000000000000004 -4.1049263477325431 -0.27997672557830805
decision_type=2 2 10 2 8 8
left_child=1 -1 -3 4 -2 -5
right_child=3 2 -4 5 -6 -7
leaf_value=-0.0006940053254406353 -0.0021168486202911181 0.0024899017715820553 0.00062297083256408867 0.0013005807546806526 -0.00020481012024390602 -0.00022930042144667678
leaf_weight=95.142878939281218 108.48378631551168 56.85387208731845 259.91253419552231 185.48320720042102 1214.959890975093 415.54402629367542
leaf_count=1096 1617 441 2457 2943 15337 4764
internal_value=-3.55418e-05 0.000620127 0.001024 -0.00017836 -0.000376241 0.000256395
internal_weight=2336.38 411.909 316.766 1924.47 1323.44 601.027
internal_count=28655 3994 2898 24661 16954 7707
is_linear=0
shrinkage=0.03


Tree=357
num_leaves=7
num_cat=0
split_feature=10 23 28 14 35 8
split_gain=0.15452 0.103727 0.207986 0.106159 0.303473 0.317754
threshold=-0.16023780074461411 0.83259470567705984 0.18368302285671237 0.2440408034823344 4.1035704137964393 0.023859691484775351
decision_type=2 2 8 2 8 2
left_child=-1 3 -3 -2 5 -5
right_child=1 2 -4 4 -6 -7
leaf_value=0.0021030661982407365 8.8531244592989752e-05 -0.00079875974834578542 0.0028454632926498296 0.00070869420105027642 -0.0021403977334605987 -0.00084612865923958493
leaf_weight=22.088408694253303 1765.128128935452 18.873511237849016 22.239304634975269 218.68904067575932 66.726624444127083 235.22934018075466
leaf_count=353 25585 248 207 1026 310 1080
internal_value=3.54648e-05 6.92229e-06 0.00134355 -2.28664e-05 -0.000395086 -9.79159e-05
internal_weight=2348.97 2326.89 41.1128 2285.77 520.645 453.918
internal_count=28809 28456 455 28001 2416 2106
is_linear=0
shrinkage=0.03


Tree=358
num_leaves=7
num_cat=0
split_feature=37 46 29 31 42 4
split_gain=0.136446 0.183423 0.300889 0.234673 0.231094 0.204362
threshold=4.2389661757541566 38.500000000000007 -5.204608440399169 2.7785961553454404 1.5000000000000002 -0.16447484577002952
decision_type=8 8 8 10 2 2
left_child=-1 2 -2 -3 5 -4
right_child=1 3 4 -5 -6 -7
leaf_value=-8.8402101584649206e-05 0.0019297874822297267 0.0013733605264213339 -0.0036723404269532584 -0.00012170789933859907 0.00047301182574690988 -0.0006493718847988319
leaf_weight=1794.8075170679222 31.608171507716179 235.70794865244534 26.096373084466904 151.06474718468962 57.303048674017191 58.218334022443742
leaf_count=23211 298 2335 365 1404 522 704
internal_value=3.95664e-05 0.000444063 -0.000353264 0.00080107 -0.000956498 -0.00187518
internal_weight=2354.81 559.999 173.226 386.773 141.618 84.3147
internal_count=28839 5628 1889 3739 1591 1069
is_linear=0
shrinkage=0.03


Tree=359
num_leaves=7
num_cat=0
split_feature=42 1 2 11 52 6
split_gain=0.157295 0.277115 0.223293 0.184545 0.16549 0.184811
threshold=2.5000000000000004 0.005925629271285167 -0.078349398515770871 -0.021854311965677525 1.0000000180025095e-35 0.52927501032033575
decision_type=2 2 2 2 2 2
left_child=4 2 3 -2 -1 -6
right_child=1 -3 -4 -5 5 -7
leaf_value=0.00052509851970029386 0.0004810822208441485 -0.00098203397648957864 -0.00045266518430725559 0.0042273496258776804 -0.00023730010923309961 0.0018657025046783994
leaf_weight=325.34702925413148 21.25030650710687 34.184207931626588 20.675667865900323 28.403929929831065 1901.6745722537598 28.454318023985252
leaf_count=4283 223 262 201 299 23322 269
internal_value=-3.61611e-05 0.00104882 0.00203529 0.00297348 -9.08445e-05 -0.000196841
internal_weight=2359.99 104.514 70.3299 49.6542 2255.48 1930.13
internal_count=28859 985 723 522 27874 23591
is_linear=0
shrinkage=0.03


Tree=360
num_leaves=7
num_cat=0
split_feature=58 8 59 9 58 45
split_gain=0.135719 0.3201 0.323024 0.186962 0.168837 0.180559
threshold=0.13392857142857145 0.12950000445947207 0.32609054343480259 -0.011186694678219254 0.26136363636363641 0.38750000000000007
decision_type=2 2 2 2 2 10
left_child=-1 2 -2 -3 5 -4
right_child=1 3 4 -5 -6 -7
leaf_value=-0.00010190766666242569 0.0017180397348495159 7.7196204320929246e-05 -0.0018198108572395903 0.0034057805880065937 0.00023438914095011496 0.00064293737932205803
leaf_weight=1914.2966187592538 79.646161685916013 23.005647387239151 86.4259289916954 37.565143317566253 189.71527382949716 31.219242100545671
leaf_count=23792 927 228 1002 347 2115 462
internal_value=8.55651e-06 0.000472916 0.000130605 0.00233162 -0.000321919 -0.00116711
internal_weight=2361.87 447.577 387.007 60.5708 307.36 117.645
internal_count=28873 5081 4506 575 3579 1464
is_linear=0
shrinkage=0.03


Tree=361
num_leaves=7
num_cat=0
split_feature=58 27 28 4 2 60
split_gain=0.167644 0.168892 0.13113 0.226199 0.211564 0.231835
threshold=0.58571428571428574 0.061002442613244064 -1.0029695034027097 -0.19919097856200124 -0.11852863379902569 -0.016379748969207259
decision_type=2 10 10 2 2 2
left_child=2 -2 3 -1 -5 -6
right_child=1 -3 -4 4 5 -7
leaf_value=-0.0010994888568450528 -0.00035839667536065111 0.0029127105073680146 -0.00016693050395379694 -7.2683116323371815e-05 -0.00073085416415068162 0.0014456350792870637
leaf_weight=76.654190425324487 20.573719132924452 25.066281696752412 1670.4782471862272 261.29275860002963 46.674550827417988 247.97774065927661
leaf_count=1518 205 248 18369 4373 504 3525
internal_value=1.15251e-05 0.00163876 -2.7667e-05 0.000336955 0.000550941 0.00108819
internal_weight=2348.72 45.64 2303.08 632.599 555.945 294.652
internal_count=28742 453 28289 9920 8402 4029
is_linear=0
shrinkage=0.03


Tree=362
num_leaves=7
num_cat=0
split_feature=20 31 14 56 20 27
split_gain=0.148034 0.225591 0.303501 0.235443 0.172528 0.298189
threshold=-0.13470144324703351 1.6220339909195902 0.2440408034823344 -68.392056100272029 -0.20324677009079226 -0.47931556403636927
decision_type=2 8 2 2 2 10
left_child=1 -1 3 -3 5 -5
right_child=-2 2 -4 4 -6 -7
leaf_value=0.00086812888945618234 0.0001804041737790958 -0.0027104835540960447 -0.0030763338003412092 0.0024410721874319184 -0.00087736269510468911 -0.00075364990019426809
leaf_weight=72.380880426615477 2051.9873742151249 23.524984378193039 39.015532687306404 43.627660122059751 85.253685915871756 44.535644855903229
leaf_count=700 24580 530 186 828 1328 822
internal_value=8.77886e-05 -0.000514872 -0.000957161 -0.000408968 3.4e-05 0.000914886
internal_weight=2360.33 308.338 235.958 196.942 173.417 88.1633
internal_count=28974 4394 3694 3508 2978 1650
is_linear=0
shrinkage=0.03


Tree=363
num_leaves=7
num_cat=0
split_feature=10 12 35 31 4 5
split_gain=0.166214 0.246168 0.174382 0.200229 0.205043 0.205288
threshold=-0.12980314604761892 0.86437372881862062 -1.4904579307351791 0.39485222101211553 -0.0086251807660919586 -0.1142822813472887
decision_type=2 2 8 10 2 2
left_child=1 -1 3 -2 5 -5
right_child=2 -3 -4 4 -6 -7
leaf_value=-0.00023751385155356745 -0.00026032351928067485 0.0031837916938309008 -0.00013612647409320534 -0.00064365823674317224 -0.0010005378858193843 0.001544319622338395
leaf_weight=36.229436541936593 194.69051060301717 26.902853116393089 1789.2072552324971 39.948921812872868 35.378886229067575 238.7059029803786
leaf_count=771 1842 158 21069 743 539 3681
internal_value=4.84312e-05 0.00145641 3.60608e-06 0.000488202 0.000945976 0.00121921
internal_weight=2361.06 63.1323 2297.93 508.724 314.034 278.655
internal_count=28803 929 27874 6805 4963 4424
is_linear=0
shrinkage=0.03


Tree=364
num_leaves=7
num_cat=0
split_feature=41 46 7 2 20 31
split_gain=0.175291 0.232718 0.158435 0.15583 0.222622 0.231113
threshold=1.5000000000000002 28.500000000000004 0.019409902329351664 -0.18546478780080514 0.031136342083062128 3.3890806138515477
decision_type=2 10 2 2 2 8
left_child=3 2 -2 4 -1 -6
right_child=1 -3 -4 -5 5 -7
leaf_value=-0.00090953658691449656 0.0035356022809278952 -0.00038580531962896666 0.00038714786234132884 8.5905355695919033e-05 -0.0010551580027725932 0.0015730679888763209
leaf_weight=336.74371623480693 29.482489440357313 46.112022961024195 26.958294630050659 1821.4728092840669 39.867340089986101 69.198398727690801
leaf_count=5795 252 382 199 20379 494 1440
internal_value=1.94039e-05 0.00117504 0.00231639 -3.77978e-05 -0.000534016 0.000604427
internal_weight=2369.84 102.553 56.4408 2267.28 445.809 109.066
internal_count=28941 833 451 28108 7729 1934
is_linear=0
shrinkage=0.03


Tree=365
num_leaves=7
num_cat=0
split_feature=28 39 30 52 12 7
split_gain=0.136506 0.2468 0.165195 0.13564 0.17872 0.197946
threshold=4.1135129928588876 4.5000000000000009 1.6342566609382632 4.9438266184265895 1.3986364765206998 -1.0000000180025095e-35
decision_type=10 2 10 2 2 2
left_child=3 -2 -3 -1 -5 -6
right_child=1 2 -4 4 5 -7
leaf_value=0.00013388470618812455 0.0030979911416942028 -0.0017026873794164798 0.0013374158403359532 -8.6807435326261229e-05 0.00041314413404811782 -0.001938761689529262
leaf_weight=1698.1022714857099 26.116410329006612 21.939229499083012 22.557624075561762 449.01862741605146 41.012892946600914 101.28699537366629
leaf_count=21189 201 205 211 6433 211 505
internal_value=4.01716e-05 0.0012535 -0.0001989 -2.54009e-06 -0.000390025 -0.00127829
internal_weight=2360.03 70.6133 44.4969 2289.42 591.319 142.3
internal_count=28955 617 416 28338 7149 716
is_linear=0
shrinkage=0.03


Tree=366
num_leaves=7
num_cat=0
split_feature=9 29 62 25 1 1
split_gain=0.116027 0.193654 0.13264 0.117397 0.12137 0.140213
threshold=-0.16236729806478403 2.6508159637451176 0.068601208483396278 -0.93127338671677506 0.18656422325849178 0.1367112544657749
decision_type=2 10 2 2 2 2
left_child=1 2 -1 -2 5 -5
right_child=3 -3 -4 4 -6 -7
leaf_value=-0.0021054796537795257 0.0015900199301153643 0.0017689166698707022 0.000504566443467332 3.8463226067884845e-05 0.0018282533424867739 -0.0013967278965864873
leaf_weight=61.844310743297683 33.989392713934649 10.974317539250476 18.754891101183603 2148.0177580280579 23.087731075822376 53.054764478292782
leaf_count=1144 501 172 371 25919 217 468
internal_value=1.08973e-05 -0.000981123 -0.00150948 5.52745e-05 2.48088e-05 -2.29121e-06
internal_weight=2349.72 91.5735 80.5992 2258.15 2224.16 2201.07
internal_count=28792 1687 1515 27105 26604 26387
is_linear=0
shrinkage=0.03


Tree=367
num_leaves=7
num_cat=0
split_feature=46 4 45 59 28 22
split_gain=0.135259 0.141294 0.274167 0.221264 0.208176 0.179206
threshold=93.500000000000014 -0.16167148277333085 0.21111111111111114 -0.012438659593281646 1.4564201831817629 -0.063875738371702184
decision_type=10 2 10 2 8 2
left_child=-1 4 5 -4 -2 -3
right_child=1 2 3 -5 -6 -7
leaf_value=0.00010622963869280809 -0.00054096299111012439 0.00022544329861968389 -0.0014050132502283982 0.00065356510763385403 0.0022813376679125274 -0.0028199635014239093
leaf_weight=1990.4123954315 57.624757774290629 20.723034657072276 66.813801695825532 111.38060416741064 26.739239049493335 66.085608197725378
leaf_count=24643 817 220 708 1399 276 658
internal_value=1.00046e-05 -0.000525909 -0.000858996 -0.00015194 0.000500531 -0.00214477
internal_weight=2339.78 349.367 265.003 178.194 84.364 86.8086
internal_count=28721 4078 2985 2107 1093 878
is_linear=0
shrinkage=0.03


Tree=368
num_leaves=7
num_cat=0
split_feature=59 60 34 12 8 27
split_gain=0.135784 0.239244 0.243856 0.229593 0.237928 0.208338
threshold=-0.012438659593281646 -0.070794735882947574 -1.0000000180025095e-35 0.62762521400812787 0.016533100045910441 0.18085394799709323
decision_type=2 2 8 2 2 8
left_child=1 3 -3 -1 -5 -6
right_child=-2 2 -4 4 5 -7
leaf_value=0.0014368898267454013 0.00014584576075837272 -0.00021899847441216424 -0.0015040683161788055 0.00077238120087492416 -0.0025331042671946453 3.7241903180402034e-05
leaf_weight=102.62136010389077 1463.4206581628241 379.62057783963974 198.06419907463714 98.341730687767267 44.4809415563941 58.647596977651119
leaf_count=1604 18301 5559 2015 617 262 350
internal_value=-3.11314e-05 -0.00032319 -0.000677692 0.000350395 -0.000244801 -0.0011973
internal_weight=2345.2 881.776 577.685 304.092 201.47 103.129
internal_count=28708 10407 7574 2833 1229 612
is_linear=0
shrinkage=0.03


Tree=369
num_leaves=7
num_cat=0
split_feature=0 31 9 14 28 9
split_gain=0.149868 0.140891 0.214231 0.248875 0.20262 0.194058
threshold=0.56869400614271381 4.4232293553650388 -0.028569412714960624 0.23114425937080904 -1.2107806205749509 0.014046660828694395
decision_type=2 8 2 2 10 2
left_child=1 2 3 -1 -4 -3
right_child=-2 5 4 -5 -6 -7
leaf_value=-0.00012899065482092757 0.0022073900317861822 -0.00016307099692120517 -0.0018919001187880406 0.0015545622588533483 -0.00033693841829064735 0.00063649379763005805
leaf_weight=264.95384221023414 17.467277269810438 551.4352867386915 74.154693154734559 101.81534938514233 817.34997866686899 525.21692799881566
leaf_count=3701 191 9471 822 491 7348 6868
internal_value=4.28321e-06 -2.15411e-05 -0.000236243 0.000367221 -0.00048583 0.000229244
internal_weight=2352.39 2334.93 1258.27 366.769 891.505 1076.65
internal_count=28892 28701 12362 4192 8170 16339
is_linear=0
shrinkage=0.03


Tree=370
num_leaves=7
num_cat=0
split_feature=10 3 34 3 33 26
split_gain=0.105288 0.200319 0.198093 0.191819 0.328288 0.249427
threshold=-0.061364649551626689 -0.024943792453169161 -1.1602837989727652 -0.20133312954087521 0.69652887185414647 2.297358632087708
decision_type=2 2 8 2 8 8
left_child=1 3 -3 4 -1 -5
right_child=-2 2 -4 5 -6 -7
leaf_value=-0.0009465074779092473 7.7293357718901884e-05 -0.0010236903458161702 0.0024192962058750185 -0.00052994372306844632 0.0023079149473317195 -0.0026831633241140591
leaf_weight=61.041714753169799 1959.3062577253149 17.001236936252099 29.801755726919509 174.34303461335367 36.251949879748281 61.040557291766163
leaf_count=1120 23303 259 290 2317 585 766
internal_value=-1.18935e-05 -0.000462538 0.00120859 -0.00072605 0.000368186 -0.00117491
internal_weight=2338.79 379.48 46.803 332.677 97.2937 235.384
internal_count=28640 5337 549 4788 1705 3083
is_linear=0
shrinkage=0.03


Tree=371
num_leaves=7
num_cat=0
split_feature=29 3 31 12 27 62
split_gain=0.130688 0.306758 0.19875 0.264215 0.35157 0.259071
threshold=-5.2699823379516593 -0.24889000516566168 2.6030357480049138 0.72422303249770181 1.5366495847702029 0.13687062693819035
decision_type=10 2 8 2 10 2
left_child=1 -1 -3 -4 5 -5
right_child=-2 2 3 4 -6 -7
leaf_value=-0.0011886209127642518 -0.00017086392129200454 0.0023875853039510178 0.00095459558426980347 -0.0012681024471478187 0.0015268144366239751 0.0010382437524858175
leaf_weight=98.423406048532343 1577.5350568963186 38.618224679725245 335.31195918784942 192.73857579007745 67.548087302595377 47.760926179587841
leaf_count=1863 18525 324 6211 1227 429 288
internal_value=-1.39933e-05 0.000301261 0.000530352 0.000384033 -0.000247516 -0.000786921
internal_weight=2357.94 780.401 681.978 643.36 308.048 240.5
internal_count=28867 10342 8479 8155 1944 1515
is_linear=0
shrinkage=0.03


Tree=372
num_leaves=7
num_cat=0
split_feature=31 9 27 52 4 37
split_gain=0.105435 0.20391 0.336653 0.202056 0.183012 0.191686
threshold=0.69590306282043468 -0.070610709137250441 0.58564963936805736 5.5500862435057874 -0.012265181277637436 -0.75498570115477948
decision_type=10 2 10 2 2 8
left_child=1 2 -1 -2 5 -3
right_child=3 4 -4 -5 -6 -7
leaf_value=0.0017890460235741696 7.1418464489862087e-05 -0.0019527999836744263 -0.0016657387868400215 0.0016410111746483537 0.0008338912123426759 -0.00042549736458579048
leaf_weight=81.386613170034252 1521.1820900964085 79.336361097404733 26.294295253232121 67.6504308154108 74.903795297257602 491.82900380919455
leaf_count=1081 20465 825 295 888 702 4506
internal_value=9.62156e-06 -0.000280385 0.000875571 0.000148095 -0.000483459 -0.000667595
internal_weight=2342.58 753.75 107.681 1588.83 646.069 571.165
internal_count=28762 7409 1376 21353 6033 5331
is_linear=0
shrinkage=0.03


Tree=373
num_leaves=7
num_cat=0
split_feature=37 52 59 35 36 37
split_gain=0.131678 0.158732 0.154612 0.135595 0.16844 0.162405
threshold=5.7721727417988919 4.8711124470413898 -0.013805182256022511 -5.5410402167588462 -2.3761947040480593 -6.0183690759720214
decision_type=10 2 2 8 8 8
left_child=3 2 -2 -1 -5 -6
right_child=1 -3 -4 4 5 -7
leaf_value=0.0014642701321704557 -4.1752137492446854e-07 -0.00049906905485920072 0.0023337877075145161 -0.001174332699233536 0.0014872819740369735 -9.6465221382768419e-05
leaf_weight=39.960641525452957 40.796650237869471 50.248379320139065 58.272695578634739 117.63916371954838 50.027604546368821 1996.0388354127645
leaf_count=615 306 381 469 1759 1214 24190
internal_value=-2.18898e-05 0.000811238 0.00146066 -8.17512e-05 -0.000116909 -5.06963e-05
internal_weight=2352.98 149.318 99.0693 2203.67 2163.71 2046.07
internal_count=28934 1156 775 27778 27163 25404
is_linear=0
shrinkage=0.03


Tree=374
num_leaves=7
num_cat=0
split_feature=42 25 7 10 34 22
split_gain=0.130962 0.414498 0.118271 0.118117 0.113253 0.116855
threshold=2.5000000000000004 1.0000000180025095e-35 0.0042706734068198313 -0.16023780074461411 -8.086662292480467 0.028653322659225679
decision_type=2 2 2 2 8 2
left_child=3 2 -2 -1 -5 -6
right_child=1 -3 -4 4 5 -7
leaf_value=0.0017875828065255081 0.0035544519983643167 -0.0012905889855528215 0.00085445329425056264 0.00087529370753633212 -0.0002406558456986395 0.00027260889650716568
leaf_weight=21.359344675496686 27.92948866635561 37.835605079424568 37.707751200534403 99.420966898251208 1608.6758402147098 520.77600214406266
leaf_count=343 300 358 328 2297 19144 6114
internal_value=8.81237e-06 0.00100329 0.00232138 -4.11536e-05 -6.65844e-05 -0.000114445
internal_weight=2353.7 103.473 65.6372 2250.23 2228.87 2129.45
internal_count=28884 986 628 27898 27555 25258
is_linear=0
shrinkage=0.03


Tree=375
num_leaves=7
num_cat=0
split_feature=4 26 4 7 36 26
split_gain=0.177022 0.123793 0.136195 0.380485 0.15238 0.204124
threshold=-0.26696389679012561 -7.4371142387390128 -0.21831830157774154 0.018041257340316589 1.37205535441121 -1.3328269124031065
decision_type=2 8 2 2 10 8
left_child=-1 -2 3 4 5 -3
right_child=1 2 -4 -5 -6 -7
leaf_value=0.001882629363182738 0.0017287554042153981 0.0016160233782061969 -4.3582766314509839e-06 -0.0024079875427881372 0.002266261030686272 -0.0013827780079304875
leaf_weight=33.827693004044704 25.019858743995428 22.638426497462206 2139.6632861295366 68.978755424206611 18.777255130931735 45.26466987413005
leaf_count=560 427 436 25572 808 264 716
internal_value=-6.32533e-06 -4.18245e-05 -6.85398e-05 -0.000897249 0.000429689 -0.000303894
internal_weight=2354.17 2320.34 2295.32 155.659 86.6804 67.9031
internal_count=28783 28223 27796 2224 1416 1152
is_linear=0
shrinkage=0.03


Tree=376
num_leaves=7
num_cat=0
split_feature=46 51 10 56 36 42
split_gain=0.143836 0.626326 0.258963 0.219204 0.164347 0.131519
threshold=14.500000000000002 0.36666666666666675 0.027010767258962617 22.129560799373838 -1.4495342013348511 1.5000000000000002
decision_type=8 2 2 2 10 2
left_child=1 2 5 4 -4 -1
right_child=-2 -3 3 -5 -6 -7
leaf_value=-0.0020890315343124856 -0.00013974259648023496 0.0028188629232688599 -0.0020862552604914964 0.0030764357136121748 0.0011326025489067314 0.00016586347106255675
leaf_weight=61.48355982551584 2125.7810757557454 68.94653873576317 15.694260575575752 17.833315761759877 22.610285458620638 32.468672483053524
leaf_count=906 26142 625 203 210 299 421
internal_value=-6.33809e-05 0.000651464 -0.000458056 0.00104263 -0.000345108 -0.00136878
internal_weight=2344.82 219.037 150.09 56.1379 38.3045 93.9522
internal_count=28806 2664 2039 712 502 1327
is_linear=0
shrinkage=0.03


Tree=377
num_leaves=7
num_cat=0
split_feature=14 12 12 28 58 62
split_gain=0.17165 0.15013 0.162703 0.198283 0.178399 0.214134
threshold=0.025284969378548929 -0.17704570257388227 0.26720705901980618 0.33909092843532568 0.41428571428571431 0.76930548600710214
decision_type=2 2 2 8 2 2
left_child=-1 -2 3 -3 5 -4
right_child=1 2 4 -5 -6 -7
leaf_value=-0.0013685454570623455 0.00077438618920250713 -0.0013001478557200931 7.8319009448988948e-05 0.00014471830727606685 0.0013016179471512814 -0.0018189797237399027
leaf_weight=68.759375667475979 224.9189419914037 172.35269802249968 1593.9595576003194 157.50424830056727 93.122360974550247 45.386667903512716
leaf_count=5870 5365 2544 11740 2289 640 338
internal_value=8.61659e-06 5.57941e-05 -2.59348e-05 -0.000626277 9.13068e-05 1.50807e-05
internal_weight=2356 2287.24 2062.33 329.857 1732.47 1639.35
internal_count=28786 22916 17551 4833 12718 12078
is_linear=0
shrinkage=0.03


Tree=378
num_leaves=7
num_cat=0
split_feature=11 22 3 36 1 46
split_gain=0.165925 0.174656 0.218592 0.146256 0.153673 0.165432
threshold=0.1184788273143335 -0.0023305873751992413 -0.10795552185710462 -4.0447745243783544 -0.14694055911025075 39.500000000000007
decision_type=2 2 2 8 2 8
left_child=3 -2 -3 -1 5 -5
right_child=1 2 -4 4 -6 -7
leaf_value=0.0019733212231257957 -0.00063805083139020237 0.0029113731326696414 -0.00033280922519550508 0.0010565280852356674 -1.439581799648312e-05 -0.0012984804417308384
leaf_weight=21.409610825125128 30.4124727047747 46.012441637227312 25.232877890579402 24.499082345166244 2057.5139556312351 147.62177480157698
leaf_count=400 350 486 235 583 23827 2886
internal_value=-4.41857e-06 0.00112453 0.00186284 -6.015e-05 -8.83997e-05 -0.00092367
internal_weight=2352.7 101.658 71.2453 2251.04 2229.63 172.121
internal_count=28767 1071 721 27696 27296 3469
is_linear=0
shrinkage=0.03


Tree=379
num_leaves=7
num_cat=0
split_feature=2 57 11 27 62 46
split_gain=0.137704 0.249024 0.164679 0.168639 0.17694 0.173945
threshold=-0.031779781150005411 4.5000000000000009 0.13996093941860985 -0.24640794843435285 0.043057615691577331 184.50000000000003
decision_type=2 2 2 8 2 10
left_child=-1 2 3 4 -2 -5
right_child=1 -3 -4 5 -6 -7
leaf_value=5.613454333505465e-05 -0.0007214307392314637 0.0008981133494841046 0.0013525963712157493 -0.0016366839499139074 0.0020649276105590142 0.00068910031793426875
leaf_weight=1922.9829435840948 52.67492766721989 80.719393135717837 19.648820696747862 235.02257187617943 20.6081480064895 27.244805195718072
leaf_count=23599 776 948 194 2736 289 275
internal_value=-5.37316e-05 -0.000528778 -0.000868754 -0.00103421 0.000215986 -0.00137864
internal_weight=2358.9 435.919 355.199 335.55 73.2831 262.267
internal_count=28817 5218 4270 4076 1065 3011
is_linear=0
shrinkage=0.03


Tree=380
num_leaves=7
num_cat=0
split_feature=27 52 46 44 7 31
split_gain=0.186145 0.232016 0.229421 0.208771 0.213876 0.208748
threshold=0.94438090920448314 5.0356289861441388 14.500000000000002 1.5000000000000002 0.048568118499020173 4.1849390044808397
decision_type=8 2 8 8 2 10
left_child=2 -2 -1 -3 -5 -6
right_child=1 3 -4 4 5 -7
leaf_value=0.00091408140538782072 0.00054130851243188078 -0.0026147408795820721 -0.00039386201550630807 -0.00090521017871360678 0.0025105848495522382 -0.00075642690729911587
leaf_weight=122.71095562860137 651.82915229626815 28.363183892797679 1381.8894590176496 107.93897721840767 32.540208088932559 23.767203250550665
leaf_count=1498 7857 255 17243 1410 295 253
internal_value=-8.24323e-05 0.000272041 -0.000281859 -0.000620953 -0.000146351 0.00122548
internal_weight=2349.04 844.439 1504.6 192.61 164.246 56.3074
internal_count=28811 10070 18741 2213 1958 548
is_linear=0
shrinkage=0.03


Tree=381
num_leaves=7
num_cat=0
split_feature=37 40 5 0 3 14
split_gain=0.140818 0.232217 0.365697 0.259928 0.218021 0.369446
threshold=5.7721727417988919 1.5000000000000002 0.016890792407386005 0.014134479450135464 -0.17188144905025673 0.17126071752896396
decision_type=8 2 2 2 2 2
left_child=-1 2 3 -2 5 -3
right_child=1 4 -4 -5 -6 -7
leaf_value=-9.7121924948400133e-05 0.002201955028282165 -0.0012972655441316659 -0.0014545818650896943 -0.00035546862961076289 -0.0011789314467088479 0.0034422151532230742
leaf_weight=1983.9519115102303 145.77709297003457 21.43007847154513 33.761678684910294 43.155863864347339 94.730853714980185 20.015926942229271
leaf_count=24843 1748 393 316 362 934 103
internal_value=2.50131e-06 0.000540952 0.00111934 0.00162929 -0.000416772 0.0012158
internal_weight=2342.82 358.871 222.695 188.933 136.177 41.446
internal_count=28699 3856 2426 2110 1430 496
is_linear=0
shrinkage=0.03


Tree=382
num_leaves=7
num_cat=0
split_feature=28 30 35 8 28 24
split_gain=0.167644 0.281781 0.375093 0.252982 0.232415 0.194187
threshold=0.38621298968791967 -0.974094659090042 1.7802198245411829 -0.089897552190591284 0.70613446831703197 4.5000000000000009
decision_type=8 10 10 2 8 2
left_child=1 -1 -3 4 -2 -5
right_child=3 2 -4 5 -6 -7
leaf_value=0.0001031381657964513 0.0016875998504478548 -0.0014578596306640994 0.00057442756571059249 0.0006025543540642014 -0.0014340142568267525 -0.00032626920949429151
leaf_weight=699.02319534227718 17.10870084099588 280.83827873814153 107.3822113914066 883.54437896492891 116.39252459723502 254.95749555865768
leaf_count=11132 281 3220 1258 8672 1820 2534
internal_value=1.39348e-05 -0.000258326 -0.000895418 0.000246849 -0.000944243 0.000393523
internal_weight=2359.25 1087.24 388.22 1272 133.501 1138.5
internal_count=28917 15610 4478 13307 2101 11206
is_linear=0
shrinkage=0.03


Tree=383
num_leaves=7
num_cat=0
split_feature=58 59 52 26 35 36
split_gain=0.135752 0.279512 0.198162 0.178531 0.210388 0.153042
threshold=0.13392857142857145 0.13402853601235656 4.3224563238924238 -1.4232649803161619 -1.4904579307351791 -2.7817592222864422
decision_type=2 2 2 10 8 8
left_child=5 -2 -3 4 -4 -1
right_child=1 2 3 -5 -6 -7
leaf_value=-0.0013839876898414194 0.0024270116473406171 -0.00053775719310991666 0.00088861091626806052 0.0013683141666317952 -0.0019695381548353757 -9.6170817724567715e-05
leaf_weight=77.100092648412101 44.958252341020852 193.38581616604642 44.043483524146723 137.40054674647399 31.090650006488431 1845.4207455874421
leaf_count=1184 485 2177 552 1512 366 22777
internal_value=-4.45525e-05 0.000418324 0.000142845 0.000758463 -0.000386519 -0.000154711
internal_weight=2373.4 450.879 405.92 212.535 75.1341 1922.52
internal_count=29053 5092 4607 2430 918 23961
is_linear=0
shrinkage=0.03


Tree=384
num_leaves=7
num_cat=0
split_feature=25 29 62 5 30 25
split_gain=0.109291 0.150117 0.161921 0.160207 0.241863 0.109845
threshold=-0.62861300437244005 1.9149037003517153 0.20746799492994766 -0.002661476618040962 -1.480482220649719 -0.49593158656203146
decision_type=2 10 2 2 10 2
left_child=1 2 3 -1 -5 -2
right_child=5 -3 -4 4 -6 -7
leaf_value=0.0030101947177397204 -0.0011132438140704049 -0.001216456015348627 -0.00074861805098534013 0.0024345058798950782 -0.0013720489242342166 -5.1953427209182528e-05
leaf_weight=38.50698319420917 81.564498491759878 19.288545329589397 22.713299932307564 16.989586278854404 24.27417214307934 2156.8587903102452
leaf_count=572 1061 227 310 353 288 26052
internal_value=-4.63807e-05 0.000793624 0.00124645 0.00183463 0.000364399 -9.54043e-05
internal_weight=2360.2 121.773 102.484 79.7707 41.2638 2238.42
internal_count=28863 1750 1523 1213 641 27113
is_linear=0
shrinkage=0.03


Tree=385
num_leaves=7
num_cat=0
split_feature=26 26 34 0 42 4
split_gain=0.174853 0.167117 0.163971 0.146694 0.217722 0.198062
threshold=-7.4371142387390128 -6.2104153633117667 4.4901195367177333 -0.038119576109498503 2.5000000000000004 -0.21831830157774154
decision_type=8 8 10 2 2 2
left_child=-1 -2 3 4 -3 -5
right_child=1 2 -4 5 -6 -7
leaf_value=0.0021798818704439598 -0.0019742747320132346 -0.00043094966598267588 0.0014654927983068253 -0.0010220740760086295 0.001871731767939965 0.00028101858610345663
leaf_weight=24.251283840683755 27.201346949615981 751.47393194187316 61.638334659859538 103.82997572311433 29.054502876708284 1372.8817724140245
leaf_count=414 397 10739 507 1366 329 15181
internal_value=5.18495e-05 2.06934e-05 5.2472e-05 7.59312e-06 -0.000322642 0.000183138
internal_weight=2370.33 2346.08 2318.88 2257.24 780.528 1476.71
internal_count=28933 28519 28122 27615 11068 16547
is_linear=0
shrinkage=0.03


Tree=386
num_leaves=7
num_cat=0
split_feature=26 33 1 5 47 9
split_gain=0.124257 0.212598 0.125758 0.212787 0.151946 0.182842
threshold=-7.4371142387390128 -2.4343761422981816 -0.020954226380065912 -0.010355051101191603 8.5000000000000018 -0.060901049007559709
decision_type=8 8 2 2 10 2
left_child=-1 2 3 -2 5 -4
right_child=1 -3 4 -5 -6 -7
leaf_value=0.0017847598368707449 -0.0012267940968968293 0.00010362605474826564 0.00057775420574622245 0.0014091836615080071 0.00080871873979332354 -0.0021532438436279635
leaf_weight=25.829201497370377 46.291462868161034 2081.9690597781155 22.584920600638725 44.027456538271508 20.031191747752018 109.1416381803574
leaf_count=429 811 25070 358 794 236 1172
internal_value=3.15175e-05 4.46904e-06 -0.000818606 7.05408e-05 -0.00131943 -0.00167728
internal_weight=2349.87 2324.05 242.077 90.3189 151.758 131.727
internal_count=28870 28441 3371 1605 1766 1530
is_linear=0
shrinkage=0.03


Tree=387
num_leaves=7
num_cat=0
split_feature=28 39 29 3 36 34
split_gain=0.144902 0.130301 0.202148 0.111074 0.289936 0.336488
threshold=-4.8235991001129142 5.5000000000000009 0.2748344242572785 -0.15461159011296399 1.2866880549216477 0.68516850471496593
decision_type=8 2 10 2 10 10
left_child=1 2 -1 4 5 -2
right_child=3 -3 -4 -5 -6 -7
leaf_value=0.0016459743830587559 -0.00042697531709939596 0.0022924576248749273 -0.0021565092930151113 -0.00021395423491528897 0.00110721225592976 0.0010151646205317738
leaf_weight=16.82257894460054 590.56692355585983 36.607420343381818 13.761646672210189 1279.4468984054984 233.93760155534255 182.26677888602717
leaf_count=475 8886 842 264 13752 2710 1851
internal_value=1.38427e-05 0.00129227 -0.000174771 -2.91944e-05 0.000205401 -7.82348e-05
internal_weight=2353.41 67.1916 30.5842 2286.22 1006.77 772.834
internal_count=28780 1581 739 27199 13447 10737
is_linear=0
shrinkage=0.03


Tree=388
num_leaves=7
num_cat=0
split_feature=35 37 22 62 40 62
split_gain=0.125085 0.124628 0.276168 0.239765 0.22301 0.255297
threshold=-5.8049101435268904 5.7721727417988919 0.12556011410295936 -0.25100630611325792 1.5000000000000002 -0.025621345445494197
decision_type=8 8 2 2 2 2
left_child=-1 -2 3 -3 5 -5
right_child=1 2 -4 4 -6 -7
leaf_value=0.0016520644113268343 -8.5303104862879915e-05 0.0027157594465358741 -0.0019479416874198156 -0.00053774901914215164 -0.00060980767347864934 0.0017821604611505054
leaf_weight=32.47499306924874 1960.3408818949101 39.427363635506481 27.598941428703256 57.259991407510825 108.5806496652076 122.89274026919156
leaf_count=497 24431 353 281 641 1189 1373
internal_value=3.87706e-05 9.14487e-06 0.000517684 0.00077652 0.000429667 0.00105529
internal_weight=2348.58 2316.1 355.76 328.161 288.733 180.153
internal_count=28765 28268 3837 3556 3203 2014
is_linear=0
shrinkage=0.03


Tree=389
num_leaves=7
num_cat=0
split_feature=12 62 9 28 56 33
split_gain=0.132733 0.265093 0.164346 0.182135 0.197727 0.104978
threshold=2.0214043937217503 0.015265238709136387 0.15996614596799968 0.63508984446525585 -6.1517844221559974 0.14916343490282696
decision_type=2 2 2 8 2 10
left_child=2 -2 -1 4 -4 -5
right_child=1 -3 3 5 -6 -7
leaf_value=-0.00010303322937448329 -0.00017477143248839592 0.0024862791510228913 0.00011279413951645209 0.00065391737753022438 0.0030983069605624459 -0.0016449882614078177
leaf_weight=2103.934010190118 79.28188668191433 47.086515329778194 35.400782916403841 34.309239284368232 38.236523608327843 20.462100932374597
leaf_count=26709 348 206 465 361 481 197
internal_value=1.77147e-05 0.000926381 -3.7625e-05 0.000964082 0.00184813 -0.000326305
internal_weight=2358.71 126.368 2232.34 128.409 73.6373 54.7713
internal_count=28767 554 28213 1504 946 558
is_linear=0
shrinkage=0.03


Tree=390
num_leaves=7
num_cat=0
split_feature=28 27 4 35 4 0
split_gain=0.120511 0.220063 0.165763 0.210421 0.181199 0.165522
threshold=0.38621298968791967 2.832549095153809 -0.010491146163051888 0.59576509419518231 -0.026193660921498548 -0.04321100597496285
decision_type=8 10 2 10 2 2
left_child=-1 2 4 -4 -2 -3
right_child=1 5 3 -5 -6 -7
leaf_value=-0.00016135987004095847 0.00032928993557775017 0.00062903581189905061 0.0021548949798421294 -0.00030781484788441747 -0.0014803790084602915 -0.0020103475426182646
leaf_weight=1076.2096877766744 1025.4729535785737 26.367412750143558 84.083250697935 43.361222773790359 42.511436768458225 53.65980774932541
leaf_count=15431 10763 323 915 401 440 506
internal_value=7.1634e-05 0.000267956 0.000372936 0.00135556 0.000244191 -0.00116745
internal_weight=2351.67 1275.46 1195.43 127.444 1067.98 80.0272
internal_count=28779 13348 12519 1316 11203 829
is_linear=0
shrinkage=0.03


Tree=391
num_leaves=7
num_cat=0
split_feature=62 56 60 56 25 46
split_gain=0.133425 0.133156 0.128536 0.227061 0.202277 0.193527
threshold=-0.73413824809011063 35.118046910909378 -1.0000000180025095e-35 21.328434312157224 0.08919723671853573 42.500000000000007
decision_type=2 2 2 2 2 8
left_child=1 -1 3 4 -2 -5
right_child=2 -3 -4 5 -6 -7
leaf_value=0.0018144046616988779 0.00047427288764052426 -0.00078563565459990111 0.00013925784102325546 0.00032751752417602576 -0.00064163387690384756 -0.0015002453286462106
leaf_weight=56.974019000015687 339.99780730641214 17.644223286537454 1429.1691893393872 65.735135955037549 241.06909426613129 194.70456012932118
leaf_count=672 3746 201 18682 679 2707 2090
internal_value=9.68577e-06 0.00117941 -3.37562e-05 -0.000325778 8.29015e-06 -0.00104386
internal_weight=2345.29 74.6182 2270.68 841.507 581.067 260.44
internal_count=28777 873 27904 9222 6453 2769
is_linear=0
shrinkage=0.03


Tree=392
num_leaves=7
num_cat=0
split_feature=14 12 8 1 28 12
split_gain=0.128695 0.144161 0.15727 0.179676 0.141353 0.27769
threshold=0.027995546500708613 -0.46714465023942647 0.20958354151673941 0.068093514192770085 0.1514529958367348 0.74519063484658121
decision_type=2 2 2 2 10 2
left_child=-1 -2 4 -4 5 -3
right_child=1 2 3 -5 -6 -7
leaf_value=-0.0011618755742374501 0.0010906591453132409 9.8653966585108942e-05 0.0019453904696732241 -0.00071290353254000274 0.00011066453395467683 -0.00089099610026294684
leaf_weight=82.598043194622733 90.448105581104755 524.7930666487664 59.231366712599993 27.83194237947464 1091.7818175964057 483.41228709369898
leaf_count=6444 2366 6902 491 212 9334 3112
internal_value=-6.55087e-05 -2.08414e-05 -7.15638e-05 0.0011097 -0.000125565 -0.000379952
internal_weight=2360.1 2277.5 2187.05 87.0633 2099.99 1008.21
internal_count=28861 22417 20051 703 19348 10014
is_linear=0
shrinkage=0.03


Tree=393
num_leaves=7
num_cat=0
split_feature=10 2 24 59 2 4
split_gain=0.123539 0.130834 0.274871 0.264051 0.199042 0.158801
threshold=-0.12980314604761892 -0.19267037824261166 3.5000000000000004 -0.343648568837085 -0.21370125984629193 -0.21831830157774154
decision_type=2 2 2 2 2 2
left_child=-1 2 3 -2 -4 -3
right_child=1 5 4 -5 -6 -7
leaf_value=0.0012260647806895235 0.0011901115765253832 -0.0010392799735882018 0.00093826373573176918 -0.0015344747707550933 -0.0013604401545495946 0.00013215670131716515
leaf_weight=61.402529315790161 29.922742749680765 100.59108118366566 130.59934191423235 208.27047462566406 35.174337409436703 1787.1756218376395
leaf_count=920 507 1250 2360 3739 442 19629
internal_value=-2.89357e-06 -4.10048e-05 -0.00052409 -0.00115804 0.000400869 6.45884e-05
internal_weight=2353.14 2291.73 403.967 238.193 165.774 1887.77
internal_count=28847 27927 7048 4246 2802 20879
is_linear=0
shrinkage=0.03


Tree=394
num_leaves=7
num_cat=0
split_feature=4 7 45 7 12 37
split_gain=0.221699 0.146271 0.132907 0.172901 0.143423 0.304277
threshold=-0.26696389679012561 0.026624779392113048 0.84523809523809534 0.006137429259092623 0.77885221227891921 2.1850446729610371
decision_type=2 2 10 2 2 8
left_child=1 -1 4 -4 -2 -6
right_child=2 -3 3 -5 5 -7
leaf_value=0.00022448354618648117 0.00012347798136144622 0.0037938558549058202 0.0020294028341348719 -0.0001295800794476082 0.00017066550835660301 -0.00082658385546815713
leaf_weight=21.71875320590334 1110.9096761948313 12.368774631351696 51.384207634313498 70.739781260956079 514.10984401777387 575.91428524628282
leaf_count=402 19715 164 1038 972 3202 3425
internal_value=-2.12733e-05 0.0020864 -6.10105e-05 0.000863666 -0.000115993 -0.000358956
internal_weight=2357.15 34.0875 2323.06 122.124 2200.93 1090.02
internal_count=28918 566 28352 2010 26342 6627
is_linear=0
shrinkage=0.03


Tree=395
num_leaves=7
num_cat=0
split_feature=62 40 62 39 60 34
split_gain=0.271302 0.218472 0.192373 0.229563 0.383969 0.233977
threshold=0.49697593367514759 1.5000000000000002 0.015265238709136387 4.5000000000000009 -1.0000000180025095e-35 0.98110314210255944
decision_type=2 2 2 2 2 8
left_child=1 2 -1 4 -4 -5
right_child=-2 -3 3 5 -6 -7
leaf_value=9.0152781235523078e-05 -0.00090584744148135136 -0.00030520894197688653 -0.0010222688143282925 0.00088385301725165928 0.0026374857907635386 -0.00082724387116559319
leaf_weight=943.5857427076262 249.83464588326751 708.69519691471942 27.506530028942507 232.96964208435384 103.47652775577444 93.160430505115073
leaf_count=11720 2880 8438 287 3260 1286 1006
internal_value=9.11995e-06 0.000121251 0.000337655 0.00083569 0.00185094 0.000385002
internal_weight=2359.23 2109.39 1400.7 457.113 130.983 326.13
internal_count=28877 25997 17559 5839 1573 4266
is_linear=0
shrinkage=0.03


Tree=396
num_leaves=7
num_cat=0
split_feature=60 23 56 10 46 45
split_gain=0.137264 0.296377 0.379154 0.150093 0.176653 0.342488
threshold=-0.082038947505780405 -0.31340309800105554 22.129560799373838 0.00068117194494230632 26.500000000000004 0.21111111111111114
decision_type=2 2 2 2 8 10
left_child=1 -1 -3 -2 5 -5
right_child=3 2 -4 4 -6 -7
leaf_value=-0.0011546779326779991 -0.00027562044890548599 0.0018868869589863345 -0.00066168765112157007 0.0022178544590120519 5.049211305637961e-05 -0.00023816493505071702
leaf_weight=55.340160224935971 990.42720063068555 165.07403534874902 69.04036903870292 95.363879214506596 882.41055062413216 95.822501736343838
leaf_count=609 13227 1480 604 929 10650 1393
internal_value=7.63274e-05 0.000676557 0.00113899 -1.07038e-05 0.000233978 0.00103625
internal_weight=2353.48 289.455 234.114 2064.02 1073.6 191.186
internal_count=28892 2693 2084 26199 12972 2322
is_linear=0
shrinkage=0.03


Tree=397
num_leaves=7
num_cat=0
split_feature=35 29 45 46 0 46
split_gain=0.109603 0.217321 0.119933 0.552099 0.246171 0.172668
threshold=-3.9983922372172982 -2.3618141412734981 0.13392857142857145 23.500000000000004 0.023080401665145998 17.500000000000004
decision_type=8 8 8 10 2 8
left_child=1 -1 3 -2 -5 -4
right_child=2 -3 5 4 -6 -7
leaf_value=0.0021959278105060467 0.0018989089401488361 -0.00024531263630259614 -0.0011249832269047062 -0.0010946815730169318 0.00068644835006199066 -0.00011497970887663789
leaf_weight=46.404120014893124 129.22200308006722 74.282114772708155 158.21668147755554 169.09471468767151 105.85273503628559 1652.9059262350784
leaf_count=709 1199 1039 2276 1742 885 20880
internal_value=-5.51635e-05 0.000789555 -0.000104524 0.000356968 -0.000408934 -0.000208905
internal_weight=2335.98 120.686 2215.29 404.169 274.947 1811.12
internal_count=28730 1748 26982 3826 2627 23156
is_linear=0
shrinkage=0.03


Tree=398
num_leaves=7
num_cat=0
split_feature=60 60 57 8 27 14
split_gain=0.105848 0.291179 0.361995 0.196757 0.197497 0.194771
threshold=-1.0000000180025095e-35 -0.032858954095225441 1.5000000000000002 -0.017804437588397847 1.5105230808258059 0.21608020154620167
decision_type=2 2 2 2 10 2
left_child=1 3 -3 -1 5 -5
right_child=-2 2 -4 4 -6 -7
leaf_value=0.00088112534481975756 0.00016192069670340083 0.0009651702566145135 -0.0015271330762155141 -1.0956544893141561e-05 0.00097059090376475988 -0.0014786726803149815
leaf_weight=197.08418757014442 1434.4444834740134 59.336224152357318 234.91021127675776 212.13075474562356 85.369410565588623 122.16641338169575
leaf_count=2268 18880 633 3135 2474 812 583
internal_value=1.68265e-06 -0.000249645 -0.00100934 0.000123123 -0.000245074 -0.000574691
internal_weight=2345.44 910.997 294.246 616.751 419.667 334.297
internal_count=28785 9905 3768 6137 3869 3057
is_linear=0
shrinkage=0.03


Tree=399
num_leaves=7
num_cat=0
split_feature=28 22 7 37 34 36
split_gain=0.127045 0.261162 0.144292 0.161737 0.150582 0.327249
threshold=-4.3017883300781241 -0.056544960215814406 -0.10389570354999092 2.3985255126797029 0.68516850471496593 1.3063415819496822
decision_type=8 2 2 8 8 10
left_child=1 -1 3 -2 5 -4
right_child=2 -3 4 -5 -6 -7
leaf_value=-0.0011928668957511734 -9.6007661463492979e-05 0.0021069766324919728 -0.00039959587573228583 -0.002016528279149137 0.0003740425772598314 0.0007268042426450816
leaf_weight=23.783254716894589 101.87824279544293 58.654920453380328 999.08399836829631 55.540978990320582 829.65154388610972 291.75083857745631
leaf_count=591 2320 1263 12498 815 8149 3173
internal_value=3.86452e-05 0.00112892 -5.57409e-06 -0.000853584 6.10909e-05 -0.00014138
internal_weight=2360.34 82.4382 2277.91 157.419 2120.49 1290.83
internal_count=28809 1854 26955 3135 23820 15671
is_linear=0
shrinkage=0.03


end of trees

feature_importances:
Column_14=123
Column_52=119
Column_0=99
Column_2=95
Column_6=94
Column_3=88
Column_8=81
Column_28=81
Column_58=80
Column_23=79
Column_62=79
Column_22=78
Column_9=72
Column_7=68
Column_12=68
Column_20=60
Column_10=56
Column_11=54
Column_31=53
Column_24=51
Column_4=49
Column_37=48
Column_46=46
Column_29=43
Column_35=40
Column_34=39
Column_60=39
Column_26=37
Column_56=37
Column_5=35
Column_30=34
Column_1=33
Column_15=33
Column_27=33
Column_59=33
Column_36=27
Column_39=26
Column_33=25
Column_45=25
Column_25=22
Column_57=19
Column_42=12
Column_16=11
Column_47=11
Column_13=10
Column_17=9
Column_40=9
Column_43=8
Column_18=6
Column_50=6
Column_41=4
Column_51=4
Column_44=3
Column_49=3
Column_21=2
Column_55=1

parameters:
[boosting: gbdt]
[objective: custom]
[metric: custom]
[tree_learner: serial]
[device_type: cpu]
[data_sample_strategy: bagging]
[data: ]
[valid: ]
[num_iterations: 100]
[learning_rate: 0.03]
[num_leaves: 7]
[num_threads: 4]
[seed: 2]
[deterministic: 0]
[force_col_wise: 0]
[force_row_wise: 0]
[histogram_pool_size: -1]
[max_depth: -1]
[min_data_in_leaf: 200]
[min_sum_hessian_in_leaf: 0.001]
[bagging_fraction: 0.8]
[pos_bagging_fraction: 1]
[neg_bagging_fraction: 1]
[bagging_freq: 1]
[bagging_seed: 29216]
[bagging_by_query: 0]
[feature_fraction: 0.7]
[feature_fraction_bynode: 1]
[feature_fraction_seed: 17795]
[extra_trees: 0]
[extra_seed: 19650]
[early_stopping_round: 0]
[early_stopping_min_delta: 0]
[first_metric_only: 0]
[max_delta_step: 0]
[lambda_l1: 0]
[lambda_l2: 10]
[linear_lambda: 0]
[min_gain_to_split: 0]
[drop_rate: 0.1]
[max_drop: 50]
[skip_drop: 0.5]
[xgboost_dart_mode: 0]
[uniform_drop: 0]
[drop_seed: 24198]
[top_rate: 0.2]
[other_rate: 0.1]
[min_data_per_group: 100]
[max_cat_threshold: 32]
[cat_l2: 10]
[cat_smooth: 10]
[max_cat_to_onehot: 4]
[top_k: 20]
[monotone_constraints: ]
[monotone_constraints_method: basic]
[monotone_penalty: 0]
[feature_contri: ]
[forcedsplits_filename: ]
[refit_decay_rate: 0.9]
[cegb_tradeoff: 1]
[cegb_penalty_split: 0]
[cegb_penalty_feature_lazy: ]
[cegb_penalty_feature_coupled: ]
[path_smooth: 0]
[interaction_constraints: ]
[verbosity: -1]
[saved_feature_importance_type: 0]
[use_quantized_grad: 0]
[num_grad_quant_bins: 4]
[quant_train_renew_leaf: 0]
[stochastic_rounding: 1]
[linear_tree: 0]
[max_bin: 255]
[max_bin_by_feature: ]
[min_data_in_bin: 3]
[bin_construct_sample_cnt: 200000]
[data_random_seed: 45]
[is_enable_sparse: 1]
[enable_bundle: 1]
[use_missing: 1]
[zero_as_missing: 0]
[feature_pre_filter: 1]
[pre_partition: 0]
[two_round: 0]
[header: 0]
[label_column: ]
[weight_column: ]
[group_column: ]
[ignore_column: ]
[categorical_feature: ]
[forcedbins_filename: ]
[precise_float_parser: 0]
[parser_config_file: ]
[objective_seed: 29484]
[num_class: 1]
[is_unbalance: 0]
[scale_pos_weight: 1]
[sigmoid: 1]
[boost_from_average: 1]
[reg_sqrt: 0]
[alpha: 0.9]
[fair_c: 1]
[poisson_max_delta_step: 0.7]
[tweedie_variance_power: 1.5]
[lambdarank_truncation_level: 30]
[lambdarank_norm: 1]
[label_gain: ]
[lambdarank_position_bias_regularization: 0]
[eval_at: ]
[multi_error_top_k: 1]
[auc_mu_weights: ]
[num_machines: 1]
[local_listen_port: 12400]
[time_out: 120]
[machine_list_filename: ]
[machines: ]
[gpu_platform_id: -1]
[gpu_device_id: -1]
[gpu_device_id_list: ]
[gpu_use_dp: 0]
[num_gpu: 1]

end of parameters

pandas_categorical:null
