tree
version=v4
num_class=1
num_tree_per_iteration=1
label_index=0
max_feature_idx=62
feature_names=Column_0 Column_1 Column_2 Column_3 Column_4 Column_5 Column_6 Column_7 Column_8 Column_9 Column_10 Column_11 Column_12 Column_13 Column_14 Column_15 Column_16 Column_17 Column_18 Column_19 Column_20 Column_21 Column_22 Column_23 Column_24 Column_25 Column_26 Column_27 Column_28 Column_29 Column_30 Column_31 Column_32 Column_33 Column_34 Column_35 Column_36 Column_37 Column_38 Column_39 Column_40 Column_41 Column_42 Column_43 Column_44 Column_45 Column_46 Column_47 Column_48 Column_49 Column_50 Column_51 Column_52 Column_53 Column_54 Column_55 Column_56 Column_57 Column_58 Column_59 Column_60 Column_61 Column_62
feature_infos=[-1.5:1.1378085248773275] [-0.65126850471515707:0.37662757893341542] [-0.89369309109059225:0.47469057112468926] [-0.69709537970074653:0.543401177123638] [-0.42558769501258892:0.14904297998034507] [-0.6163377394831181:0.30508602410562058] [-1.2905151995717952:1.1774788477297498] [-0.56798094398185506:0.44187583633246075] [-0.74688237599969354:0.56521699076800569] [-0.56165919826588495:0.60794858683591646] [-0.29668586324092766:0.27088796598397202] [-0.54521570969690814:0.33407008527263843] [-4.8320950260756934:3.6505665213757363] [0.69314718055994529:3.1780538303479458] [0.00020218195911662692:0.8613550482540554] [1:5] [0:5] [0:5] [0:1] [0:1] [-0.80237898886916392:0.7845620406467031] [0:1] [-0.65825629227986959:0.7845620406467031] [-3:2.2018254632834284] [0:24] [-2.2475508029092017:3.1516524289230405] [-75.649192810058594:16.799999237060547] [-77.407508850097656:14.32053279876709] [-113.28507995605469:13.934700965881348] [-65.764854431152344:82.94964599609375] [-216.87321472167969:32.5] [-67.799999237060547:237.32306671142578] [0:1] [-24.34213415781657:16.799999237060547] [-89.101097106933594:32.5] [-70.730913675257142:15.425550371408463] [-22.543879124940716:15.343613442964852] [-69.293544291953253:31.116615288425237] [0:1] [0:10] [0:9] [0:4] [0:6] [0:3] [1:12] [0:1] [2:1073] [2:13] [0:4] [0:3] [0:1] [0:1] [0:6.8359153177762106] [0:1] [0:1] [0:1] [-376.66642659300305:767.87290174073712] [0:14] [0:1] [-1.9870405153582997:4.0737801120379951] [-0.65236505429244473:0.99690377818022735] [0:1] [-2.068471261869778:3.4507250821578657]
tree_sizes=918 914 914 920 918 920 917 920 918 911 923 926 921 922 918 917 921 921 919 924 920 920 923 922 923 920 926 917 922 932 923 918 920 921 923 920 926 933 919 919 929 928 926 927 928 933 936 928 926 919 925 931 919 919 923 929 919 922 930 924 919 922 924 926 932 931 930 927 934 926 924 923 931 922 932 931 927 926 928 933 923 924 930 932 934 933 915 932 930 928 930 932 929 931 932 929 929 926 930 927 940 925 931 928 928 936 925 926 934 924 929 933 931 931 931 914 927 921 939 927 925 927 933 930 934 924 928 925 930 925 925 930 924 927 927 927 932 930 930 926 923 932 920 931 936 932 923 929 935 925 935 921 926 932 926 914 940 930 928 922 933 932 932 928 931 926 923 938 928 935 928 928 926 927 922 929 918 926 931 927 933 926 924 922 922 932 923 928 929 922 925 919 925 934 924 938 916 914 934 927 915 926 921 931 919 938 923 923 922 921 925 926 929 925 911 927 932 920 924 928 929 928 925 928 923 926 917 925 931 929 922 924 931 932 927 920 921 923 917 926 928 920 921 918 929 922 924 922 922 923 915 922 931 926 930 930 930 915 924 924 929 926 930 927 930 926 923 921 934 932 922 927 926 922 926 920 916 929 921 927 931 925 930 924 928 929 926 931 926 926 924 926 919 930 922 927 923 930 924 932 921 924 922 930 937 926 926 923 919 923 922 925 923 930 918 925 925 923 932 921 932 926 929 926 921 918 922 922 921 917 918 936 932 923 928 929 929 916 930 920 936 933 927 920 924 931 935 930 920 925 935 929 916 920 925 932 923 927 927 925 928 929 925 926 923 922 922 928 927 922 921 916 929 928 927 923 918 930 927 924 928 920 924 930 927 936 927 929 917 929 920 930 933 935 924 928 930 923 921 921

Tree=0
num_leaves=7
num_cat=0
split_feature=6 7 9 1 8 0
split_gain=12.0327 6.13544 1.95796 1.42524 1.18211 0.887675
threshold=0.24182712512284774 -0.014010867030889553 0.023325720440886936 0.012773568221931363 0.083843680629882594 0.24234371540576063
decision_type=2 2 2 2 2 2
left_child=1 -1 3 4 -3 -2
right_child=5 2 -4 -5 -6 -7
leaf_value=-0.003092052621325878 0.0032343262770465737 -0.0023255953419296415 0.0015622867673990254 0.0011482797525274012 0.0011042776843387522 0.0069646787872421788
leaf_weight=708.60877855207946 129.84131030953722 402.86286199156893 620.25938152693561 246.77030079084216 109.26869643793907 168.79356662684586
leaf_count=10112 1269 5247 6416 2638 1442 1998
internal_value=-3.06293e-05 -0.000844198 0.000324688 -0.000693979 -0.00158666 0.00550013
internal_weight=2386.4 2087.77 1379.16 758.902 512.132 298.635
internal_count=29122 25855 15743 9327 6689 3267
is_linear=0
shrinkage=0.03


Tree=1
num_leaves=7
num_cat=0
split_feature=6 7 9 6 2 1
split_gain=10.5858 5.14143 1.99804 1.5984 1.02694 0.89607
threshold=0.16152142083573268 -0.014010867030889553 0.023325720440886936 0.30303618080058076 0.049266716355808975 0.023404913722626024
decision_type=2 2 2 2 2 2
left_child=1 -1 4 -2 5 -3
right_child=3 2 -4 -5 -6 -7
leaf_value=-0.0030971055299182622 0.0024127949399064684 -0.0018778207541180886 0.0015506847589562515 0.005960733151711247 0.0030915484813212411 0.00086546069095022463
leaf_weight=679.32440211273206 342.85598287422908 468.32710127119208 514.91476161289029 184.02996211545542 43.282497913809493 131.63376360881375
leaf_count=9780 3628 6097 5408 2070 526 1407
internal_value=3.20457e-05 -0.00104566 0.000173837 0.00373996 -0.000935193 -0.00127161
internal_weight=2364.37 1837.48 1158.16 526.886 643.243 599.961
internal_count=28916 23218 13438 5698 8030 7504
is_linear=0
shrinkage=0.03


Tree=2
num_leaves=7
num_cat=0
split_feature=0 6 9 6 2 31
split_gain=9.29175 4.35248 2.34521 1.48318 1.30032 1.10497
threshold=0.13324839327893698 -0.067753865702373767 0.023325720440886936 0.38423634378809263 -0.11810182111780149 4.8067525029182443
decision_type=2 2 2 2 2 8
left_child=1 -1 4 -2 -3 -4
right_child=3 2 5 -5 -6 -7
leaf_value=-0.0030309605505614255 0.0028010378086244184 -0.0024683311324894719 0.00018728745235149492 0.0071369844712214497 3.8155686971642152e-05 0.002760273064082545
leaf_weight=611.9586805147992 336.37854606527253 334.94101883261465 322.58833913039416 92.016108899930259 404.32484707032563 273.7131786121754
leaf_count=8866 3647 4464 2832 1064 4792 3437
internal_value=-7.41977e-05 -0.000958014 7.27995e-06 0.00387392 -0.00111525 0.00139438
internal_weight=2375.92 1947.53 1335.57 428.395 739.266 596.302
internal_count=29102 24391 15525 4711 9256 6269
is_linear=0
shrinkage=0.03


Tree=3
num_leaves=7
num_cat=0
split_feature=7 6 9 2 6 6
split_gain=9.49841 5.15802 1.5791 1.17811 0.915261 0.769552
threshold=-0.0065878012032775978 0.24182712512284774 0.023325720440886936 -0.12358074257458976 -0.083497190318964701 0.36371854480259908
decision_type=2 2 2 2 2 2
left_child=4 2 3 -2 -1 -3
right_child=1 5 -4 -5 -6 -7
leaf_value=-0.0035345234048440293 -0.0018947555273351457 0.0033487650551021365 0.0016875496273337559 0.00057107883761111408 -0.0014353699905376731 0.0069209780862978017
leaf_weight=446.51885189251334 278.73950407505617 170.53236225043656 578.70200743264286 432.02241669304203 353.95930845048861 112.20870556446607
leaf_count=6864 3695 1747 5979 4990 4530 1228
internal_value=5.52912e-06 0.00135834 0.000537762 -0.000408819 -0.00263547 0.00495443
internal_weight=2372.68 1572.2 1289.46 710.762 800.478 282.741
internal_count=29033 17639 14664 8685 11394 2975
is_linear=0
shrinkage=0.03


Tree=4
num_leaves=7
num_cat=0
split_feature=6 7 6 3 52 2
split_gain=8.91602 4.37854 1.72653 1.71698 1.14921 0.743898
threshold=0.16152142083573268 -0.026511761672540955 0.36371854480259908 -0.23845454229250873 2.8062982233521478 -0.13290964514329687
decision_type=2 2 2 2 2 2
left_child=1 -1 -2 -3 -5 -6
right_child=2 3 -4 4 5 -7
leaf_value=-0.0030895961910285402 0.0024407191568998651 -0.0024880626530453401 0.0065940963860918441 0.0027094996666712323 -0.0010624554526842097 0.00070922791011413032
leaf_weight=569.44557971910399 420.03017475278466 192.12214926164597 114.92627544890274 170.43172063629027 318.42689141226583 598.66458472283557
leaf_count=8519 4463 2817 1286 2020 3660 6338
internal_value=6.34223e-05 -0.000926002 0.00343763 5.32938e-05 0.00052083 8.92501e-05
internal_weight=2384.05 1849.09 534.956 1279.65 1087.52 917.091
internal_count=29103 23354 5749 14835 12018 9998
is_linear=0
shrinkage=0.03


Tree=5
num_leaves=7
num_cat=0
split_feature=0 7 9 7 8 20
split_gain=8.29813 3.93324 1.84924 1.44855 0.995853 0.995446
threshold=0.095660893944477784 -0.026511761672540955 -0.00083983020227340599 0.11494993947104391 0.1857495755438632 0.099119844594873455
decision_type=2 2 2 2 2 2
left_child=1 5 4 -2 -3 -1
right_child=3 2 -4 -5 -6 -7
leaf_value=-0.0035445801686562065 0.0021746506455989291 -0.0016600858339006956 0.00095907098769034652 0.0056411103308789652 0.0033458403856235453 1.0243070765385481e-05
leaf_weight=471.00415694972617 386.69980263471371 510.56889489921741 737.1479587732756 156.26524040510412 29.2088912432082 83.085009853821248
leaf_count=7005 4217 6618 7841 1581 382 1348
internal_value=3.36267e-05 -0.000934506 -1.27703e-05 0.00325627 -0.00133327 -0.00302081
internal_weight=2373.98 1831.01 1276.93 542.965 539.778 554.089
internal_count=28992 23194 14841 5798 7000 8353
is_linear=0
shrinkage=0.03


Tree=6
num_leaves=7
num_cat=0
split_feature=7 7 3 2 15 11
split_gain=8.3917 3.30257 1.96615 1.09175 0.971569 0.935422
threshold=-0.014010867030889553 0.13625164827640449 -0.23845454229250873 -0.13527473254343506 1.5000000000000002 0.070211581863720243
decision_type=2 2 2 2 2 2
left_child=-1 2 -2 -4 5 -5
right_child=1 -3 3 4 -6 -7
leaf_value=-0.0026798636235681093 -0.0017686345478065682 0.0052325196320893554 -1.3923134668109406e-05 0.0016537559867663308 -0.00085938506285303999 0.0044306238374544919
leaf_weight=714.37417365556757 228.7252850238001 154.01812670976506 439.23604460293427 606.09210800740402 101.14383062126581 131.98142868594732
leaf_count=10412 3316 1528 4990 6361 1128 1355
internal_value=1.71651e-05 0.00118608 0.000740812 0.00120001 0.00182806 0.0022029
internal_weight=2375.57 1661.2 1507.18 1278.45 839.217 738.074
internal_count=29090 18678 17150 13834 8844 7716
is_linear=0
shrinkage=0.03


Tree=7
num_leaves=7
num_cat=0
split_feature=7 0 3 0 0 8
split_gain=7.90349 4.42235 1.49861 1.14965 1.08185 0.964737
threshold=-0.0051080101533378863 0.10990866789285088 -0.23845454229250873 -0.019411122178935366 0.43128405499265698 0.17161035903387303
decision_type=2 2 2 2 2 2
left_child=3 2 -2 -1 -3 -4
right_child=1 4 5 -5 -6 -7
leaf_value=-0.0030964569811876333 -0.0023084691647753358 0.0030765359629935378 0.00036835260494558902 -0.00055126823150626354 0.0080827658024194456 0.0038669513152025312
leaf_weight=592.03225237470178 172.69832413498079 413.41061562788673 861.81370538834017 224.18487040055334 39.261561194027308 67.637535947433207
leaf_count=8705 2531 4197 9421 2931 485 729
internal_value=-3.89981e-05 0.00121446 0.000179474 -0.00241252 0.00367605 0.000661403
internal_weight=2371.04 1554.82 1102.15 816.217 452.672 929.451
internal_count=28999 17363 12681 11636 4682 10150
is_linear=0
shrinkage=0.03


Tree=8
num_leaves=7
num_cat=0
split_feature=1 0 9 0 9 26
split_gain=7.20789 3.01669 1.55638 1.37925 0.972404 0.855915
threshold=0.013716658669713272 -0.063224620410833751 0.023325720440886936 0.24234371540576063 -0.001550057337436919 -5.3670823574066153
decision_type=2 2 2 2 2 10
left_child=1 4 -3 -2 -1 -4
right_child=3 2 5 -5 -6 -7
leaf_value=-0.0037358888550959209 0.0017375036476662221 -0.0010494619465635992 0.0036559394012149358 0.0048896325781911673 -0.0014753520900248141 0.00057299578790485613
leaf_weight=323.15455308227683 492.26699762424687 544.6133078734274 98.023191968095489 168.40845533792162 398.82854963920545 345.37853151521995
leaf_count=5171 4820 7328 1127 1805 4974 3780
internal_value=-3.62254e-05 -0.0010647 1.65439e-05 0.00260192 -0.00252437 0.00132015
internal_weight=2370.67 1710 988.015 660.675 721.983 443.402
internal_count=29005 22380 12235 6625 10145 4907
is_linear=0
shrinkage=0.03


Tree=9
num_leaves=7
num_cat=0
split_feature=0 7 3 6 8 3
split_gain=7.51195 3.78245 1.69146 1.2045 1.15283 0.770683
threshold=0.12985551697302053 -0.026511761672540955 -0.23845454229250873 0.36371854480259908 0.16361280808107645 -0.05448529814257571
decision_type=2 2 2 2 2 2
left_child=1 -1 -3 -2 5 -4
right_child=3 2 4 -5 -6 -7
leaf_value=-0.0028439674816877324 0.0024422570566638609 -0.0023647322259433695 -0.00023129227508267733 0.006090539853380629 0.0035856034676642807 0.001648262009965786
leaf_weight=564.76021442833007 325.30360182648292 208.09726183177554 809.6201300585526 113.88995948206866 90.553548840747681 248.4265308532631
leaf_count=8548 3472 3059 9020 1279 954 2625
internal_value=8.45393e-06 -0.00080427 5.94033e-05 0.00350284 0.000515215 0.000221323
internal_weight=2360.65 1921.46 1356.7 439.194 1148.6 1058.05
internal_count=28957 24206 15658 4751 12599 11645
is_linear=0
shrinkage=0.03


Tree=10
num_leaves=7
num_cat=0
split_feature=0 6 9 9 11 23
split_gain=6.43835 3.29222 1.23916 1.22662 0.918852 0.893969
threshold=-0.011946484416646806 0.24182712512284774 0.020537998115049607 0.0093953318209146573 0.035766496892405707 0.44235749201673608
decision_type=2 2 2 2 2 2
left_child=3 2 5 -1 -5 -2
right_child=1 -3 -4 4 -6 -7
leaf_value=-0.0029808054856483301 -0.00077890825241087457 0.0039644622039830017 0.0015272319902265602 -0.0016196674045062733 0.0012961559946712837 0.0034807192643757758
leaf_weight=484.51035082140879 560.51117342786165 302.20347531494917 524.47119471308542 334.1875906799105 127.04094994865591 38.211212501511909
leaf_count=7154 7239 3241 5504 3993 1488 424
internal_value=-3.21141e-05 0.00123827 0.000476261 -0.00193974 -0.00080607 -0.000454339
internal_weight=2371.14 1425.4 1123.19 945.739 461.229 598.722
internal_count=29043 16408 13167 12635 5481 7663
is_linear=0
shrinkage=0.03


Tree=11
num_leaves=7
num_cat=0
split_feature=6 1 22 6 11 9
split_gain=6.14336 2.55156 1.12701 1.0346 0.791523 0.77189
threshold=0.16416170483672582 -0.016971396531225761 -0.11958833139799746 0.36371854480259908 0.035766496892405707 -0.0072329084628519674
decision_type=2 2 2 2 2 2
left_child=1 2 -1 5 -4 -2
right_child=3 -3 4 -5 -6 -7
leaf_value=-0.0050668865833135134 0.00029170769413242704 0.00012849654323725295 -0.0022322011433138079 0.0051357443206085322 -5.0218333691532142e-07 0.0029370099481106538
leaf_weight=94.296907897427445 162.4512336354237 997.82209716897341 557.73819497367367 117.56349154238706 191.20910791802453 255.39426911826013
leaf_count=1490 1899 11594 7609 1298 2608 2479
internal_value=-7.60374e-05 -0.000900219 -0.00210475 0.00272255 -0.00166995 0.00193942
internal_weight=2376.48 1841.07 843.244 535.409 748.947 417.846
internal_count=28977 23301 11707 5676 10217 4378
is_linear=0
shrinkage=0.03


Tree=12
num_leaves=7
num_cat=0
split_feature=0 6 9 11 8 9
split_gain=6.05438 3.05627 1.36747 1.09755 1.0189 1.05527
threshold=-0.014113597315281166 0.23665629321744089 -0.001550057337436919 0.055819465285533686 0.17588879559356804 0.020537998115049607
decision_type=2 2 2 2 2 2
left_child=2 4 -1 -4 5 -2
right_child=1 -3 3 -5 -6 -7
leaf_value=-0.0031346807266725753 -0.00068020730565625817 0.0037818732747813884 -0.0014694353343581489 0.0019850477701437884 0.0036706466004763397 0.0012094090785190982
leaf_weight=420.29873413578025 559.16124414777732 311.76917114719981 427.20618329563877 92.962794722872786 72.49376353964908 489.76080585896852
leaf_count=6346 7195 3292 5116 1118 847 5079
internal_value=-2.09536e-05 0.00120356 -0.00188003 -0.000826265 0.000459666 0.000205178
internal_weight=2373.65 1433.18 940.468 520.169 1121.42 1048.92
internal_count=28993 16413 12580 6234 13121 12274
is_linear=0
shrinkage=0.03


Tree=13
num_leaves=7
num_cat=0
split_feature=7 6 23 6 22 14
split_gain=6.19103 2.46424 1.18119 1.08698 0.824806 0.689799
threshold=0.0064654293578600532 0.23665629321744089 0.6592022477070093 -0.067753865702373767 0.05131163903084579 0.41698071584284324
decision_type=2 2 2 2 2 2
left_child=3 2 5 4 -1 -2
right_child=1 -3 -4 -5 -6 -7
leaf_value=-0.0033212395682177928 0.00062968555344814858 0.0037877239807664839 0.0047215370285370603 -0.00074183062501084914 -0.00038131656072829456 -0.0026337589295314366
leaf_weight=386.13245390550583 913.37428478547372 291.31810225482332 51.559218563546892 560.63501356021152 113.2558362276759 52.413908034563065
leaf_count=5802 10524 2961 581 7115 1828 215
internal_value=2.65068e-05 0.00140219 0.000688868 -0.00166909 -0.00267507 0.0004274
internal_weight=2368.69 1308.67 1017.35 1060.02 499.388 965.788
internal_count=29026 14281 11320 14745 7630 10739
is_linear=0
shrinkage=0.03


Tree=14
num_leaves=7
num_cat=0
split_feature=2 8 52 3 23 28
split_gain=3.56136 1.31441 1.06522 0.79095 0.780495 0.912893
threshold=-0.12258256293067527 0.15650755934233088 2.8062982233521478 -0.27401120585400146 0.0048041920519477652 2.5611455440521245
decision_type=2 2 2 2 2 8
left_child=2 4 -1 -4 5 -2
right_child=1 -3 3 -5 -6 -7
leaf_value=0.00096306845264556218 -0.00026944958555467566 0.0033907609848363158 -0.0037423153075501997 -0.0011633959786190996 0.0020398747602022355 0.002095136835544251
leaf_weight=176.26365990645718 625.27052090993675 198.45716680868645 118.83992013896932 770.527565134631 308.48662124143448 181.3984423999209
leaf_count=2599 7359 2230 2088 9619 3179 1945
internal_value=0.000157161 0.00119849 -0.0011257 -0.00154578 0.000781674 0.000281427
internal_weight=2379.24 1313.61 1065.63 889.367 1115.16 806.669
internal_count=29019 14713 14306 11707 12483 9304
is_linear=0
shrinkage=0.03


Tree=15
num_leaves=7
num_cat=0
split_feature=0 7 9 6 8 20
split_gain=5.62286 2.93267 1.35451 1.2735 0.833705 0.771162
threshold=0.10990866789285088 -0.026511761672540955 0.018007673149755699 0.36371854480259908 0.1857495755438632 0.096626258519150521
decision_type=2 2 2 2 2 2
left_child=1 5 4 -2 -3 -1
right_child=3 2 -4 -5 -6 -7
leaf_value=-0.0030835311359383578 0.0017776557803515435 -0.0012366835158669099 0.0009530985103810343 0.0053065357051141297 0.0029333314096529348 3.6907467347891944e-05
leaf_weight=478.28184937336482 392.00293766186223 640.88153804212925 622.1661430716631 119.10715809918474 36.82679054082837 83.186679545033257
leaf_count=7140 4080 8125 6542 1298 451 1377
internal_value=-7.03131e-05 -0.000837501 -4.96684e-05 0.00268606 -0.000970725 -0.00262865
internal_weight=2372.45 1861.34 1299.87 511.11 677.708 561.469
internal_count=29013 23635 15118 5378 8576 8517
is_linear=0
shrinkage=0.03


Tree=16
num_leaves=7
num_cat=0
split_feature=6 7 0 8 20 20
split_gain=5.67082 2.55166 1.15908 1.04233 0.70946 0.612988
threshold=0.18780664719232143 -0.014010867030889553 0.43128405499265698 0.17588879559356804 -0.18477549075881147 0.078711764565629019
decision_type=2 2 2 2 2 2
left_child=1 5 -2 4 -3 -1
right_child=2 3 -4 -5 -6 -7
leaf_value=-0.002574062904442509 0.0023800170119907546 -0.0022590247654692866 0.0072501172781490606 0.0031650300533728249 0.0001251333628096927 -0.00017160951640166004
leaf_weight=556.36770152795361 413.73483306256821 115.71433235966833 43.718061455147108 83.332555309054442 1047.7599659074622 116.78416536521399
leaf_count=8108 4305 1601 518 961 11802 1852
internal_value=2.60133e-05 -0.000692167 0.00299059 0.000114393 -0.000129215 -0.00216588
internal_weight=2377.41 1919.96 457.453 1246.81 1163.47 673.152
internal_count=29147 24324 4823 14364 13403 9960
is_linear=0
shrinkage=0.03


Tree=17
num_leaves=7
num_cat=0
split_feature=1 0 0 52 20 8
split_gain=4.83623 2.09709 1.02333 1.01366 0.87055 0.765473
threshold=0.013716658669713272 -1.0000000180025095e-35 0.38113940501321814 3.0368918406528054 0.065353054464744431 0.0825219497368853
decision_type=2 2 2 2 2 2
left_child=1 4 -2 -3 -1 -5
right_child=2 3 -4 5 -6 -7
leaf_value=-0.0023137968157608325 0.0017309080375515369 0.0021776930623911544 0.0056617150495824609 -0.00087301797816336142 7.6940171860269334e-05 0.0014891553134147204
leaf_weight=701.20980543579208 609.42783029234852 179.11414612093358 59.613893168687355 505.42004673322663 169.02752495050663 152.65408070344711
leaf_count=9491 5955 2338 670 6353 2450 1816
internal_value=1.61598e-05 -0.000831327 0.00215938 0.00024089 -0.00185384 -0.000310974
internal_weight=2376.47 1707.43 669.042 837.188 870.237 658.074
internal_count=29073 22448 6625 10507 11941 8169
is_linear=0
shrinkage=0.03


Tree=18
num_leaves=7
num_cat=0
split_feature=7 6 3 23 22 31
split_gain=4.90753 2.69906 1.36665 1.02153 0.75131 0.616935
threshold=-0.014010867030889553 0.23665629321744089 -0.23845454229250873 0.6592022477070093 -0.14633025568717814 5.5799275338649759
decision_type=2 2 2 2 2 8
left_child=4 2 -2 5 -1 -4
right_child=1 -3 3 -5 -6 -7
leaf_value=-0.005012012892070484 -0.0019162005391460766 0.0033637247738209728 -9.5576761594096064e-05 0.0046038756500621537 -0.001738343987397158 0.0013299886385138217
leaf_weight=65.024242790095741 204.78914336051093 306.36545940008364 671.37674444098957 47.155950436252169 633.39092853640614 449.28007684042677
leaf_count=1082 2994 3125 6115 511 9283 5981
internal_value=-1.383e-05 0.000865286 0.000287337 0.000686741 -0.00210958 0.000482652
internal_weight=2377.38 1678.97 1372.6 1167.81 698.415 1120.66
internal_count=29091 18726 15601 12607 10365 12096
is_linear=0
shrinkage=0.03


Tree=19
num_leaves=7
num_cat=0
split_feature=1 0 6 9 9 2
split_gain=4.40051 1.9882 1.13609 0.895047 0.873143 0.660671
threshold=0.012773568221931363 -1.0000000180025095e-35 0.2667575269502151 0.099720318905040836 -0.00083983020227340599 -0.14266510519393588
decision_type=2 2 2 2 2 2
left_child=1 3 -2 -1 -3 -4
right_child=2 4 5 -5 -6 -7
leaf_value=-0.002247935138295608 0.0011561708145386553 -0.00094775084319011031 0.00072114505904325886 0.00050274871197435558 0.0010077975114664392 0.0048706940636154541
leaf_weight=749.42226143815788 488.76937314710813 346.17605781691964 49.81753323005978 120.02781875990331 476.20046468410874 141.06624502304476
leaf_count=10411 4815 4936 532 1468 5432 1402
internal_value=-5.61575e-05 -0.000875139 0.00196562 -0.0018668 0.000183121 0.00387754
internal_weight=2371.48 1691.83 679.653 869.45 822.377 190.884
internal_count=28996 22247 6749 11879 10368 1934
is_linear=0
shrinkage=0.03


Tree=20
num_leaves=7
num_cat=0
split_feature=1 6 6 9 11 31
split_gain=4.68136 1.80748 1.13439 1.08198 0.829869 0.822712
threshold=0.013716658669713272 -0.014528778918860166 0.2667575269502151 0.032937154962921156 0.11541475028367247 7.7178410291671762
decision_type=2 2 2 2 2 8
left_child=1 4 -2 -3 -1 -5
right_child=2 3 -4 5 -6 -7
leaf_value=-0.0021607388497900063 0.0012216104975583981 -0.00084791741431963492 0.0039426160986497866 0.00017943220965839542 0.0027287900428450544 0.0030359220977346818
leaf_weight=731.31551372933609 471.91658414321137 564.52663385312189 194.45809647708666 260.99728890357073 24.36452512757387 130.24364677653648
leaf_count=10501 4648 7401 1940 2502 330 1716
internal_value=-5.27503e-05 -0.000883426 0.00206219 -1.32089e-05 -0.00196951 0.00118232
internal_weight=2377.82 1711.45 666.375 955.768 755.68 391.241
internal_count=29038 22450 6588 11619 10831 4218
is_linear=0
shrinkage=0.03


Tree=21
num_leaves=7
num_cat=0
split_feature=1 0 8 52 11 6
split_gain=3.86144 1.73318 0.884079 0.887203 0.796493 0.756415
threshold=0.023404913722626024 -0.0050816220915481094 -0.06990035275415965 3.2080875396860176 0.041596969771587056 0.36371854480259908
decision_type=2 2 2 2 2 2
left_child=1 4 -3 -4 -1 -2
right_child=5 2 3 -5 -6 -7
leaf_value=-0.0020593758446948969 0.0016071845201037099 -0.0018614078341524845 0.0025597718798810974 0.00013794193693139053 9.1370974727980961e-05 0.0044790428688561788
leaf_weight=675.55491384408379 504.77320669509936 134.81198152835714 166.9399583421764 595.92651570041198 199.1643545991974 96.096358331735246
leaf_count=9275 4919 2208 2027 6883 2747 988
internal_value=7.41824e-05 -0.000631593 0.000294107 0.00069418 -0.00157418 0.00213228
internal_weight=2373.27 1772.4 897.678 762.866 874.719 600.87
internal_count=29047 23140 11118 8910 12022 5907
is_linear=0
shrinkage=0.03


Tree=22
num_leaves=7
num_cat=0
split_feature=0 9 56 1 6 41
split_gain=3.6034 1.99412 1.05123 0.950482 0.719307 0.559838
threshold=0.13324839327893698 0.0093953318209146573 -9.3163272024016788 -0.055450539438006201 0.36371854480259908 1.5000000000000002
decision_type=2 2 2 2 2 2
left_child=1 2 5 -3 -2 -1
right_child=4 3 -4 -5 -6 -7
leaf_value=-0.00073536197422694599 0.0015787617277530624 -0.0010436440837184539 -0.0024950620267519632 0.00095342433755203724 0.0043310121150516327 0.0036152269808453156
leaf_weight=417.64427703648107 326.46391209337162 297.71635386714479 497.85444771900075 701.34004714584444 118.21871616484714 18.519017437472939
leaf_count=6290 3417 3877 6732 7296 1281 175
internal_value=-1.4626e-05 -0.000577145 -0.00156618 0.000353858 0.00238961 -0.000473752
internal_weight=2377.76 1933.07 934.018 999.056 444.683 436.163
internal_count=29068 24370 13197 11173 4698 6465
is_linear=0
shrinkage=0.03


Tree=23
num_leaves=7
num_cat=0
split_feature=7 2 20 3 7 7
split_gain=3.239 1.50956 1.10688 0.718009 0.69792 0.623839
threshold=0.0072464800480730833 -0.10307668424263151 0.078711764565629019 -0.23845454229250873 0.13625164827640449 -0.081256389471938514
decision_type=2 2 2 2 2 2
left_child=2 3 5 -2 -3 -1
right_child=1 4 -4 -5 -6 -7
leaf_value=-0.0030907309859724494 -0.0021549514094183798 0.0015220731232290232 0.00089278862686125609 0.00040961339584641063 0.0042362065144630088 -0.0011987100432633419
leaf_weight=205.51170177420136 109.17385271663079 560.68510470827459 176.65359426138457 549.7681601397926 97.586059854453197 684.97124922074727
leaf_count=3681 1588 6020 2607 5752 928 8617
internal_value=-1.48932e-05 0.000977127 -0.00123709 -4.11475e-05 0.0019818 -0.00166484
internal_weight=2384.35 1317.21 1067.14 658.942 658.271 890.483
internal_count=29193 14288 14905 7340 6948 12298
is_linear=0
shrinkage=0.03


Tree=24
num_leaves=7
num_cat=0
split_feature=1 0 0 2 28 9
split_gain=3.71727 1.38484 0.954799 0.809808 0.758137 0.676694
threshold=0.013716658669713272 -0.063224620410833751 0.43128405499265698 -0.13141471107107575 -0.90524035692214955 0.10172015794999288
decision_type=2 2 2 2 10 2
left_child=1 5 -2 -3 -5 -1
right_child=2 3 -4 4 -6 -7
leaf_value=-0.0020998038718594431 0.0015410303152998035 -0.0010536249175606997 0.0058894892045621558 0.0020528130213544088 -0.00013606217115511441 0.00060662332811730268
leaf_weight=611.28603519574972 626.29000260253088 391.00199397394317 41.11024707290926 217.54361912055174 377.60504958796082 91.492120847513434
leaf_count=8864 6100 5257 466 3037 3951 1179
internal_value=1.28488e-05 -0.000736435 0.00189187 -8.17103e-06 0.000684734 -0.0017439
internal_weight=2356.33 1688.93 667.4 986.151 595.149 702.778
internal_count=28854 22288 6566 12245 6988 10043
is_linear=0
shrinkage=0.03


Tree=25
num_leaves=7
num_cat=0
split_feature=1 8 3 52 34 5
split_gain=3.2278 1.47049 1.48275 1.22591 0.815509 0.808986
threshold=0.023404913722626024 0.1857495755438632 -0.23845454229250873 2.8062982233521478 -8.06241210301717 0.029589493753428377
decision_type=2 2 2 2 10 2
left_child=1 2 -1 -4 -5 -6
right_child=-2 -3 3 4 5 -7
leaf_value=-0.0028369321862050409 0.0018549344112098276 0.0033338588241770078 0.0015185062831882224 0.0009151793509105258 -0.0014560919765104928 0.0013823386312784801
leaf_weight=273.07740442256909 603.0806278178643 69.286844747257419 227.90294804191217 191.9253007597581 908.38009395796689 92.354404053330654
leaf_count=4701 5894 860 3028 2823 10738 993
internal_value=-2.15565e-05 -0.000670328 -0.000852747 -0.000454159 -0.000840603 -0.00118306
internal_weight=2366.01 1762.93 1693.64 1420.56 1192.66 1000.73
internal_count=29037 23143 22283 17582 14554 11731
is_linear=0
shrinkage=0.03


Tree=26
num_leaves=7
num_cat=0
split_feature=1 0 15 52 7 22
split_gain=3.48125 1.48182 0.982412 0.916331 0.712127 0.723593
threshold=0.023404913722626024 -0.063224620410833751 1.5000000000000002 2.8062982233521478 0.1397180436242994 -0.061719441560542584
decision_type=2 2 2 2 2 2
left_child=1 -1 3 -3 5 -2
right_child=4 2 -4 -5 -6 -7
leaf_value=-0.0017555757720808546 -0.00094414374791008406 0.0024910528616585281 -0.0024033842049217772 -6.6237533580844774e-05 0.0036999397095844682 0.0018893006714031889
leaf_weight=726.94615294055257 97.461037629167549 140.04411329102004 124.04806696891319 787.44006714053103 142.80547499947716 356.45612873724895
leaf_count=10326 1023 1855 1637 9418 1373 3473
internal_value=-5.81621e-05 -0.000724072 -1.15084e-06 0.00034235 0.00190574 0.00127369
internal_weight=2375.2 1778.48 1051.53 927.484 596.723 453.917
internal_count=29105 23236 12910 11273 5869 4496
is_linear=0
shrinkage=0.03


Tree=27
num_leaves=7
num_cat=0
split_feature=6 2 6 9 3 27
split_gain=3.29398 1.38382 1.17017 1.07178 0.785899 0.672911
threshold=0.039365944523394404 -0.14603336372588738 0.36371854480259908 0.068058952884045162 -0.05655720844418171 -0.82665118575096119
decision_type=2 2 2 2 2 10
left_child=3 -2 4 -1 -3 -5
right_child=1 2 -4 5 -6 -7
leaf_value=-0.0015733799490860298 -0.00032667556615507645 0.00089596968731876173 0.0049788638723369813 0.0031395010592031409 0.0034754521539281467 -0.00025203024449229944
leaf_weight=928.14534548432857 381.53918470587814 562.44847187784035 87.188356350641698 57.096657735790359 125.00308745540679 238.8608643739135
leaf_count=12979 4720 5816 896 851 1187 2607
internal_value=4.16062e-06 0.0011474 0.00186835 -0.00107619 0.00140812 0.000483497
internal_weight=2380.28 1156.18 774.64 1224.1 687.452 295.958
internal_count=29056 12619 7899 16437 7003 3458
is_linear=0
shrinkage=0.03


Tree=28
num_leaves=7
num_cat=0
split_feature=6 7 23 2 28 20
split_gain=2.8554 1.7658 1.11213 0.860748 0.910478 0.684005
threshold=0.23665629321744089 -0.014010867030889553 0.6592022477070093 -0.094548359017348094 -5.2608809471130362 0.078711764565629019
decision_type=2 2 2 2 10 2
left_child=1 5 3 -3 -5 -1
right_child=-2 2 -4 4 -6 -7
leaf_value=-0.0020967579729210847 0.0025833678033896322 -0.00068476751312624925 0.0040746493051234895 0.0036282889756985197 0.00035244653586190392 0.00039023580917552
leaf_weight=558.33980094845174 320.04538417918957 718.28917589251068 53.536877799720969 80.186848187353462 517.27124254551018 117.22087908885442
leaf_count=8247 3324 8217 601 1156 5601 1873
internal_value=-6.80269e-06 -0.000422798 0.000198103 1.08242e-05 0.0008446 -0.00166583
internal_weight=2364.89 2044.84 1369.28 1315.75 597.458 675.561
internal_count=29019 25695 15575 14974 6757 10120
is_linear=0
shrinkage=0.03


Tree=29
num_leaves=7
num_cat=0
split_feature=0 6 52 2 3 11
split_gain=2.58419 1.33264 0.95885 0.749456 0.746983 0.721123
threshold=-0.014113597315281166 0.23665629321744089 1.0000000180025095e-35 -0.20436186225625333 -0.24104394687411326 0.041596969771587056
decision_type=2 2 2 2 2 2
left_child=2 3 -1 -2 -4 -6
right_child=1 -3 4 -5 5 -7
leaf_value=0.0010705460098527607 -0.0017054287028713862 0.0024800338336659236 -0.0036947405372031133 0.00058989560105176923 -0.0017246849627995662 0.00056393759772534007
leaf_weight=132.60703756537987 137.15375421568751 315.66946287237806 123.30658676614985 984.86208414298017 518.00685299391625 156.50781606842065
leaf_count=1967 2218 3302 2201 10905 6440 1979
internal_value=-5.48145e-06 0.000789934 -0.00122988 0.000296731 -0.00162075 -0.00119317
internal_weight=2368.11 1437.69 930.428 1122.02 797.821 674.515
internal_count=29012 16425 12587 13123 10620 8419
is_linear=0
shrinkage=0.03


Tree=30
num_leaves=7
num_cat=0
split_feature=0 0 25 9 9 11
split_gain=2.2287 1.31641 1.11646 0.912443 0.841138 0.608536
threshold=-0.070420499292836988 0.43128405499265698 -0.36038029868252636 0.018007673149755699 -0.00083983020227340599 0.039636586419285552
decision_type=2 2 2 2 2 2
left_child=4 2 -2 -4 -1 -6
right_child=1 -3 3 -5 5 -7
leaf_value=-0.0024344811866931068 0.0031539825607310168 0.0052264825849250626 -0.0004913567704209346 0.00099955603761637309 -0.00109373376763627 0.0014637430721196492
leaf_weight=337.06561457188218 117.71405836674967 44.181620067218319 759.19138235025457 701.71745177957928 299.39869140039082 105.2755808585207
leaf_count=5449 1236 510 9564 7142 3821 1287
internal_value=2.04276e-06 0.00062435 0.000463459 0.000226699 -0.00134966 -0.000409155
internal_weight=2364.54 1622.8 1578.62 1460.91 741.74 404.674
internal_count=29009 18452 17942 16706 10557 5108
is_linear=0
shrinkage=0.03


Tree=31
num_leaves=7
num_cat=0
split_feature=1 3 8 52 6 36
split_gain=2.74814 1.28559 1.00255 0.891933 0.588356 0.571022
threshold=0.013716658669713272 -0.05655720844418171 0.19576212233796778 3.2080875396860176 0.46566345646028368 -1.1058592999664445
decision_type=2 2 2 2 2 10
left_child=1 2 3 -1 -2 -3
right_child=4 5 -4 -5 -6 -7
leaf_value=0.00024473025296376796 0.0013050451357402096 0.0028155226332557521 0.0028302043829987484 -0.0016188825020732555 0.0046215163984057927 0.00014634406682594475
leaf_weight=293.13046255736845 634.21554605726851 99.328888730204199 48.34708940028213 1042.0371895642165 44.678073042188771 215.52132409272599
leaf_count=4179 6178 1204 584 13982 460 2429
internal_value=-1.23814e-05 -0.000657344 -0.00105044 -0.00121096 0.00158722 0.00104917
internal_weight=2377.26 1698.36 1383.51 1335.17 678.894 314.85
internal_count=29016 22378 18745 18161 6638 3633
is_linear=0
shrinkage=0.03


Tree=32
num_leaves=7
num_cat=0
split_feature=7 3 23 0 22 31
split_gain=2.97681 1.42582 0.925875 0.670372 0.602277 0.541488
threshold=-0.0065878012032775978 -0.23845454229250873 0.6592022477070093 0.41048980854476308 -0.13849726733780846 5.2978154122829446
decision_type=2 2 2 2 2 8
left_child=4 -2 3 5 -1 -3
right_child=1 2 -4 -5 -6 -7
leaf_value=-0.0040767078985135576 -0.0015378442667412001 0.0001170117856558413 0.0041847921892358246 0.0041499064125039313 -0.0013405544420603205 0.0013868245279788113
leaf_weight=75.129894862679066 229.8031524248654 747.65322420781013 66.83119770581834 41.26223133050371 699.79370330501115 499.67830179203884
leaf_count=1255 3279 6634 707 441 10169 6461
internal_value=-0.000142439 0.0006024 0.000973869 0.000776395 -0.00165439 0.00063268
internal_weight=2360.15 1585.23 1355.42 1288.59 774.924 1247.33
internal_count=28946 17522 14243 13536 11424 13095
is_linear=0
shrinkage=0.03


Tree=33
num_leaves=7
num_cat=0
split_feature=0 6 5 8 23 28
split_gain=2.44509 1.54823 0.896609 0.805832 0.72122 0.561315
threshold=-0.070420499292836988 0.295886506578177 0.013248739855206195 0.17588879559356804 0.21942202967713878 4.2889230251312265
decision_type=2 2 2 2 2 8
left_child=2 3 -1 4 5 -2
right_child=1 -3 -4 -5 -6 -7
leaf_value=-0.0018693006210530575 -0.00053015031736103444 0.0030122395758523592 0.0010049401194504109 0.0028535971720610276 0.0017170157209474932 0.0011863154678840651
leaf_weight=632.24396836639789 936.82380523366737 203.26716096969903 108.66030593565665 90.875167583115399 193.53583741257899 199.63014878518879
leaf_count=9203 10829 2158 1329 1021 1998 2488
internal_value=-2.30855e-05 0.000628145 -0.00144 0.000268411 7.17937e-05 -0.000220917
internal_weight=2365.04 1624.13 740.904 1420.86 1329.99 1136.45
internal_count=29026 18494 10532 16336 15315 13317
is_linear=0
shrinkage=0.03


Tree=34
num_leaves=7
num_cat=0
split_feature=7 2 9 52 0 9
split_gain=2.14022 1.27566 1.17834 0.639624 0.584932 0.475452
threshold=0.039897863826386042 -0.10307668424263151 0.070994377506521933 3.0368918406528054 0.43128405499265698 0.0023231156798794697
decision_type=2 2 2 2 2 2
left_child=2 5 3 -1 -3 -2
right_child=1 4 -4 -5 -6 -7
leaf_value=0.0001436811251453037 -0.0011873779170099305 0.0018983741661150189 0.00076292897799572093 -0.0015389925495616541 0.0061190875896942384 0.00083635309371648799
leaf_weight=260.07874469034141 175.53535638464382 421.17392912824289 371.38747565940139 895.78342794897617 24.992973239655839 229.19712236482883
leaf_count=3740 2081 4180 4205 12345 279 2197
internal_value=-2.16946e-05 0.00117599 -0.000692286 -0.00116239 0.00226376 -4.88202e-05
internal_weight=2378.15 850.899 1527.25 1155.86 446.167 404.732
internal_count=29027 8737 20290 16085 4459 4278
is_linear=0
shrinkage=0.03


Tree=35
num_leaves=7
num_cat=0
split_feature=1 2 34 20 9 56
split_gain=1.96166 1.13194 1.20255 0.5984 0.574554 0.506734
threshold=0.013716658669713272 -0.12358074257458976 -8.2181560993194562 -0.16397402756179688 0.031175920904491092 -102.55927601016849
decision_type=2 2 10 2 2 2
left_child=1 5 -3 -2 -4 -1
right_child=3 2 4 -5 -6 -7
leaf_value=0.0016326432175496775 -0.0013972108013001964 0.0027447113648820156 -0.00092755636171661495 0.0016651040506030568 0.0007489020198353421 -0.0014762678324346963
leaf_weight=42.145690483506769 55.685667925514281 134.93735498382011 437.65983834752114 619.22759634125396 302.95906813401962 778.1434350781783
leaf_count=727 609 2012 5299 6024 3161 11142
internal_value=3.97077e-05 -0.00050498 0.000244995 0.00139573 -0.00024094 -0.0012988
internal_weight=2370.76 1695.85 875.556 674.913 740.619 820.289
internal_count=28974 22341 10472 6633 8460 11869
is_linear=0
shrinkage=0.03


Tree=36
num_leaves=7
num_cat=0
split_feature=2 6 34 20 11 52
split_gain=2.11114 1.26676 1.12381 0.825982 0.794272 0.505446
threshold=-0.12358074257458976 0.057969750185561705 -8.2181560993194562 0.033396277566731587 0.040845797078602634 3.493733417550295
decision_type=2 2 10 2 2 2
left_child=3 2 -2 5 -3 -1
right_child=1 4 -4 -5 -6 -7
leaf_value=-0.00017631293669375926 0.0028883336444531695 0.00098523872729191489 -0.00052807742698404725 0.00048023830487586166 0.003272305857671293 -0.0019066084179589829
leaf_weight=207.29556105635129 90.567118250517524 406.31752783854608 616.56001955794636 256.64995789399836 207.22763840376865 582.33607391602709
leaf_count=2818 1381 4096 7138 3571 2113 7799
internal_value=1.72478e-05 0.000812076 -5.6337e-05 -0.000984216 0.0017978 -0.00146025
internal_weight=2366.95 1320.67 707.127 1046.28 613.545 789.632
internal_count=28916 14728 8519 14188 6209 10617
is_linear=0
shrinkage=0.03


Tree=37
num_leaves=7
num_cat=0
split_feature=0 3 52 15 0 10
split_gain=2.34949 1.23566 0.974997 0.776204 0.872046 0.529799
threshold=0.15860509857599192 -0.05448529814257571 1.0000000180025095e-35 1.5000000000000002 -0.10074689009360614 0.020192893228201465
decision_type=2 2 2 2 2 2
left_child=1 2 -1 4 -4 -6
right_child=-2 -3 3 -5 5 -7
leaf_value=0.00096766733847663731 0.0021126343215882009 0.001105135427426166 -0.0019212453506687998 -0.0031232872994045925 -0.00088111570781478196 0.00066211938550963113
leaf_weight=231.51921923764166 374.69367696461268 366.34308857651195 431.32265727422782 144.03785500186495 486.2582580523158 326.40539734330378
leaf_count=3311 3966 4012 6255 1959 5699 3753
internal_value=-3.42433e-05 -0.000447868 -0.000803786 -0.00110407 -0.000847226 -0.000260763
internal_weight=2360.58 1985.89 1619.54 1388.02 1243.99 812.664
internal_count=28955 24989 20977 17666 15707 9452
is_linear=0
shrinkage=0.03


Tree=38
num_leaves=7
num_cat=0
split_feature=7 6 3 14 8 52
split_gain=2.25008 1.20001 1.11091 0.836555 0.718527 0.609852
threshold=-0.0065878012032775978 0.2667575269502151 -0.23845454229250873 0.39233047508114643 0.17161035903387303 2.8062982233521478
decision_type=2 2 2 2 2 2
left_child=-1 2 -2 4 5 -4
right_child=1 -3 3 -5 -6 -7
leaf_value=-0.0013251657082866536 -0.0017284550577799011 0.0025240964297385186 0.0022358067393863077 -0.002192568333438674 0.0033318865774470165 0.0002714494712624247
leaf_weight=768.06505823880434 200.17810045741498 246.06774861368467 163.04245861852542 77.438241146504879 87.382226230343804 820.87597402665415
leaf_count=11401 2906 2472 1908 319 956 9047
internal_value=-1.191e-06 0.000640653 0.000281032 0.000643098 0.000866454 0.000616178
internal_weight=2363.05 1594.98 1348.92 1148.74 1071.3 983.918
internal_count=29009 17608 15136 12230 11911 10955
is_linear=0
shrinkage=0.03


Tree=39
num_leaves=7
num_cat=0
split_feature=1 3 15 6 0 56
split_gain=1.91481 1.67597 1.15806 0.760991 0.561483 0.536984
threshold=0.013716658669713272 -0.052461119096686167 1.5000000000000002 -0.067753865702373767 0.43128405499265698 10.41991856498945
decision_type=2 2 2 2 2 2
left_child=1 2 3 -1 -2 -5
right_child=4 -3 -4 5 -6 -7
leaf_value=-0.0017547158832022169 0.0010068253569952463 0.0013829070973159915 -0.0033745183282504546 0.00044146649847916892 0.0043193290660978063 -0.0011146394383400649
leaf_weight=411.02670082096301 641.31721046438906 303.38514766609296 159.93276273924857 491.16105045558652 41.2304439630243 322.0373916971148
leaf_count=6469 6188 3512 2292 6305 454 3812
internal_value=-6.32973e-05 -0.000605403 -0.001048 -0.000719187 0.0012664 -0.000180827
internal_weight=2370.09 1687.54 1384.16 1224.23 682.548 813.198
internal_count=29032 22390 18878 16586 6642 10117
is_linear=0
shrinkage=0.03


Tree=40
num_leaves=7
num_cat=0
split_feature=6 52 7 9 9 22
split_gain=1.73831 1.10119 0.911111 0.623732 0.542386 0.520567
threshold=0.24182712512284774 1.0000000180025095e-35 -0.026511761672540955 -0.06783365205004506 0.038152873317049731 -0.1111351525478239
decision_type=2 2 2 2 2 2
left_child=1 5 -3 -4 -2 -1
right_child=4 2 3 -5 -6 -7
leaf_value=-0.0014831743376395609 0.00091194419685198852 -0.001727526931939095 -0.0016513585696940807 9.0227346877140132e-05 0.0034382143315582754 0.0018799491256553283
leaf_weight=41.795091480249539 195.10663498356007 482.08861910871929 213.27892296592472 1076.5565287695499 127.97482456127182 242.75018502864987
leaf_count=663 2122 7394 2945 11545 1155 3259
internal_value=-2.55293e-05 -0.000349599 -0.000628968 -0.000208239 0.0019858 0.00135238
internal_weight=2379.55 2056.47 1771.92 1289.84 323.081 284.545
internal_count=29083 25806 21884 14490 3277 3922
is_linear=0
shrinkage=0.03


Tree=41
num_leaves=7
num_cat=0
split_feature=6 2 5 6 3 7
split_gain=1.56457 1.00318 0.918301 0.871536 0.710589 0.575694
threshold=0.011138013455749019 -0.13887900742504869 0.0054415274376709228 0.35238029990707909 -0.040321698560758006 -0.11216522766871455
decision_type=2 2 2 2 2 2
left_child=2 -2 5 4 -3 -1
right_child=1 3 -4 -5 -6 -7
leaf_value=-0.003167303531026395 -0.00044957749177761873 0.00049789946448379702 0.0011048807605950751 0.0039173066588838882 0.0029473379438471549 -0.00093739149377789182
leaf_weight=114.30546907740063 460.35235705925152 640.04427535599098 169.51342406205367 90.512207157444209 119.48247520392761 776.13946121577465
leaf_count=2459 5668 6701 2080 916 1154 10007
internal_value=-1.87914e-05 0.000672197 -0.000871335 0.00127788 0.000916518 -0.00125564
internal_weight=2370.35 1310.39 1059.96 850.039 759.527 890.445
internal_count=28985 14439 14546 8771 7855 12466
is_linear=0
shrinkage=0.03


Tree=42
num_leaves=7
num_cat=0
split_feature=2 9 6 14 34 9
split_gain=1.44255 0.969368 0.900948 0.585597 0.438888 0.408401
threshold=-0.12258256293067527 -0.012000108573129898 0.001561562675738506 0.21334705856818478 -8.5750682751337681 0.059074249151178954
decision_type=2 2 2 2 10 2
left_child=1 -1 4 5 -2 -4
right_child=2 -3 3 -5 -6 -7
leaf_value=-0.0020028901262170739 0.0020620115397921046 -0.00014095500647606318 0.0012357611989008855 8.7377018183010477e-05 -0.00065659183496397501 0.0031080432199868582
leaf_weight=400.60134065174498 50.467270865367027 654.37770919952891 386.08363423388801 266.0606656819582 462.89245002836105 150.07777281355811
leaf_count=6517 860 7867 5273 1265 5517 1843
internal_value=-3.8115e-05 -0.000860145 0.000622596 0.00124487 -0.000355039 0.00180715
internal_weight=2370.56 1054.98 1315.58 802.222 513.36 536.161
internal_count=29142 14384 14758 8381 6377 7116
is_linear=0
shrinkage=0.03


Tree=43
num_leaves=7
num_cat=0
split_feature=0 2 56 28 23 9
split_gain=1.61705 1.08461 0.702192 0.616253 0.540164 0.515844
threshold=0.1362284787914593 -0.12756990807523247 -19.035870538302277 -3.7917244434356685 0.52548056648049124 0.010883517818742897
decision_type=2 2 2 10 2 2
left_child=1 2 -1 -3 5 -5
right_child=-2 3 -4 4 -6 -7
leaf_value=-1.5186320546359474e-05 0.0016479406889401034 0.0019691793012879284 -0.0017968347560814335 -0.00093789781536927257 0.0027938467678583372 0.0005103977350774362
leaf_weight=315.36382273165509 442.7709257028182 156.34691900631879 530.79721475666156 423.95466741797281 47.782081117620692 442.52775332395686
leaf_count=4736 4620 2281 7269 5095 502 4432
internal_value=3.47917e-05 -0.000344462 -0.00114075 0.000289619 -1.57982e-05 -0.000200844
internal_weight=2359.54 1916.77 846.161 1070.61 914.265 866.482
internal_count=28935 24315 12005 12310 10029 9527
is_linear=0
shrinkage=0.03


Tree=44
num_leaves=7
num_cat=0
split_feature=8 22 1 22 52 59
split_gain=1.58545 0.997985 0.898816 0.694164 0.664493 0.564095
threshold=0.096505437100449273 -0.16657381231534177 0.023404913722626024 -0.00481891968205407 2.8062982233521478 -0.061753500498817802
decision_type=2 2 2 2 2 2
left_child=1 -1 4 -2 -3 -5
right_child=3 2 -4 5 -6 -7
leaf_value=-0.0025118799484386309 -4.3746925531354347e-05 0.00098399954985910979 0.0011027010685120988 0.00052959467308375549 -0.00078754198085381278 0.0032745913630819385
leaf_weight=161.9160885688616 154.712407729181 220.35240574920317 406.97778854431817 104.19679448130773 1119.153927452513 206.72810540383216
leaf_count=2373 1835 3138 3892 1045 14491 2246
internal_value=5.38365e-05 -0.000330807 -0.000115451 0.0016041 -0.000490987 0.00239986
internal_weight=2374.04 1908.4 1746.48 465.637 1339.51 310.925
internal_count=29020 23894 21521 5126 17629 3291
is_linear=0
shrinkage=0.03


Tree=45
num_leaves=7
num_cat=0
split_feature=6 22 11 5 8 4
split_gain=1.69957 0.863159 0.713631 0.528763 0.431958 0.341189
threshold=0.008042858460381646 -0.065874555222406178 0.037595905774625286 0.0054415274376709228 -0.082836676944423732 0.010721674159326193
decision_type=2 2 2 2 2 2
left_child=3 5 4 -1 -3 -2
right_child=1 2 -4 -5 -6 -7
leaf_value=-0.0012614077152580364 -0.0010791426521614765 -0.0013557940979638274 0.0022214221755850147 0.00055292392792118572 0.00079200454550518368 0.0023475734385055669
leaf_weight=864.85263247502735 271.03996357123833 87.465732887329068 314.51942793565104 167.22216515149921 645.84500203985954 19.443200615176465
leaf_count=12128 3328 1344 3361 2058 6496 232
internal_value=-5.52575e-05 0.000648233 0.0010476 -0.000964955 0.000521032 -0.000779285
internal_weight=2370.39 1338.31 1047.83 1032.07 733.311 290.483
internal_count=28947 14761 11201 14186 7840 3560
is_linear=0
shrinkage=0.03


Tree=46
num_leaves=7
num_cat=0
split_feature=6 52 9 2 3 11
split_gain=1.4643 0.877466 0.849479 0.651381 0.513083 0.482754
threshold=0.0062496900679481675 1.0000000180025095e-35 -0.001550057337436919 -0.14142113188108929 -0.23845454229250873 -0.0015053322092773238
decision_type=2 2 2 2 2 2
left_child=2 -2 -1 -3 -5 -4
right_child=1 3 5 4 -6 -7
leaf_value=-0.001739040063156345 0.0025093000541372081 -0.00059894159393649143 -0.0010887226310815903 -0.0010351925311869747 0.0011985384653431896 0.00066752827679901266
leaf_weight=448.64801842422457 199.53477362112608 387.25805287796538 218.87724619230721 99.442215708142612 663.44388215366052 356.30592706537573
leaf_count=6981 2334 4762 2668 1266 6570 4438
internal_value=7.52815e-05 0.000722013 -0.000776018 0.000392986 0.000897745 -7.97062e-06
internal_weight=2373.51 1349.68 1023.83 1150.14 762.886 575.183
internal_count=29019 14932 14087 12598 7836 7106
is_linear=0
shrinkage=0.03


Tree=47
num_leaves=7
num_cat=0
split_feature=3 0 16 23 3 31
split_gain=1.55759 1.25628 0.945984 0.74983 0.829666 0.605302
threshold=-0.05448529814257571 0.17398201701971175 1.0000000180025095e-35 -0.29784067960771393 -0.2460034743292461 6.6959127765148887
decision_type=2 2 2 2 2 8
left_child=1 2 3 -1 -5 -6
right_child=-2 -3 -4 4 5 -7
leaf_value=-0.0018019702436589118 0.0015868535617946139 0.0014341967489971525 -0.0026496680631661888 -0.001753164084850599 -0.0002593501245664008 0.0012989577617776118
leaf_weight=277.29246839944972 438.98500574167701 284.74667989756563 186.3869998731534 211.00164479465457 641.31396555749234 332.96384798828512
leaf_count=4098 4682 3068 2587 3308 6479 4817
internal_value=-5.76223e-06 -0.000373618 -0.00069256 -0.00042685 -9.27607e-05 0.000280995
internal_weight=2372.69 1933.71 1648.96 1462.57 1185.28 974.278
internal_count=29039 24357 21289 18702 14604 11296
is_linear=0
shrinkage=0.03


Tree=48
num_leaves=7
num_cat=0
split_feature=0 22 52 2 28 14
split_gain=1.25286 1.04916 0.856566 0.581323 0.545364 0.498815
threshold=0.12985551697302053 -0.14126040448979257 2.8062982233521478 -0.12358074257458976 -3.5489774942398067 0.31030847995449085
decision_type=2 2 2 2 10 2
left_child=1 -1 -3 -4 -5 -2
right_child=5 2 3 4 -6 -7
leaf_value=-0.0022462993240805191 0.0018009510455140835 0.0014618142947196481 -0.0010072275502354458 0.0019511600182087689 -0.00015340948989045366 -0.00094836605030189781
leaf_weight=212.97942160320235 398.97851942607667 269.8176620650047 649.81396146069164 123.3206749157398 649.72250086389249 63.052791953086853
leaf_count=3087 4559 3625 8771 1675 7010 266
internal_value=2.93445e-05 -0.000311903 -5.67455e-05 -0.000352904 0.000202955 0.00141361
internal_weight=2367.69 1905.65 1692.67 1422.86 773.043 462.031
internal_count=28993 24168 21081 17456 8685 4825
is_linear=0
shrinkage=0.03


Tree=49
num_leaves=7
num_cat=0
split_feature=0 0 60 20 28 4
split_gain=1.34429 0.887819 0.802795 0.745314 0.583081 0.582895
threshold=-0.063224620410833751 0.43128405499265698 0.1731241161553885 0.03625850364957612 -2.433073759078979 -0.19116884611408363
decision_type=2 2 2 2 10 2
left_child=-1 2 3 4 5 -2
right_child=1 -3 -4 -5 -6 -7
leaf_value=-0.0010200511548797695 -0.0020936626935634849 0.0042068703686176066 0.0031099557834844515 0.0014489789641937809 -0.00051155454663889192 0.0017034635342496965
leaf_weight=763.44247617808287 34.719929788145237 46.23591518442845 80.402295902138576 322.18011960404692 913.6817752046918 211.3177484179032
leaf_count=10890 598 512 724 3636 9639 3042
internal_value=8.79945e-06 0.000500397 0.000364646 0.000195849 -0.000161693 0.00110678
internal_weight=2371.98 1608.54 1562.3 1481.9 1159.72 246.038
internal_count=29041 18151 17639 16915 13279 3640
is_linear=0
shrinkage=0.03


Tree=50
num_leaves=7
num_cat=0
split_feature=0 5 9 35 14 22
split_gain=1.2724 0.952294 0.631518 0.689753 0.589554 0.613422
threshold=0.10990866789285088 0.0008340312455469022 0.023325720440886936 -3.5169345977405704 0.33101708310002576 -0.038177004913289556
decision_type=2 2 2 10 2 2
left_child=1 2 -1 -4 5 -3
right_child=-2 4 3 -5 -6 -7
leaf_value=-0.0012180072168833966 0.0013133574331256244 -0.00075144091508169654 0.0019955552503281579 -0.00043920723276855101 -0.0019854862700338142 0.0022385071795727493
leaf_weight=830.91030472746934 529.99289822860737 77.091539318265859 118.89952950319275 548.22415130172158 41.806987658143044 234.07463572820416
leaf_count=12054 5470 981 1447 6209 177 2781
internal_value=3.13992e-05 -0.000340745 -0.000671195 1.77959e-05 0.00104156 0.00149741
internal_weight=2381 1851.01 1498.03 667.124 352.973 311.166
internal_count=29119 23649 19710 7656 3939 3762
is_linear=0
shrinkage=0.03


Tree=51
num_leaves=7
num_cat=0
split_feature=23 9 0 52 8 58
split_gain=1.22746 1.02335 0.637016 0.630769 0.646575 0.421827
threshold=0.6592022477070093 -0.001550057337436919 -0.070420499292836988 1.0000000180025095e-35 0.11801193376134593 0.13392857142857145
decision_type=2 2 2 2 2 2
left_child=1 2 -1 -3 -5 -4
right_child=-2 3 5 4 -6 -7
leaf_value=-0.0019402021605547379 0.0034708005111540523 0.0020140306692054905 -0.00064068020920790059 -0.00015775464080927304 0.0018008869663370657 0.0013924765450444815
leaf_weight=317.8537156941311 78.646968613553327 180.78442856480251 555.66148032454657 965.8554589083069 169.68572231259895 99.977971248736139
leaf_count=5263 905 2121 7251 10646 1707 1113
internal_value=6.81142e-06 -0.000126738 -0.000859557 0.000417615 0.000148094 -0.000314384
internal_weight=2368.47 2289.82 973.493 1316.33 1135.54 655.639
internal_count=29006 28101 13627 14474 12353 8364
is_linear=0
shrinkage=0.03


Tree=52
num_leaves=7
num_cat=0
split_feature=0 9 2 31 56 7
split_gain=1.40616 1.00459 0.703292 0.603425 0.599101 0.540476
threshold=0.13324839327893698 0.0093953318209146573 0.10683916750478177 4.134804606437684 -9.6805957392006441 0.11494993947104391
decision_type=2 2 2 8 2 2
left_child=1 2 4 -3 -1 -2
right_child=5 3 -4 -5 -6 -7
leaf_value=-0.00030583949142009025 0.00075057218932255711 -0.00038090718630499296 0.0037452988662930111 0.0010897116867797894 -0.0018494615814939961 0.002933056850516372
leaf_weight=423.776543852553 301.83994187612552 493.56458410219057 17.725474472506903 493.22141075035324 487.4048227724561 152.75447781465482
leaf_count=6289 3209 4528 219 6542 6710 1453
internal_value=5.00883e-05 -0.000307527 -0.00101049 0.000357705 -0.00114266 0.00153129
internal_weight=2370.29 1915.69 928.907 986.786 911.181 454.594
internal_count=28950 24288 13218 11070 12999 4662
is_linear=0
shrinkage=0.03


Tree=53
num_leaves=7
num_cat=0
split_feature=3 11 6 52 31 9
split_gain=1.2159 1.03297 0.647934 0.490982 0.462921 0.439513
threshold=-0.23845454229250873 0.037595905774625286 0.001561562675738506 1.0000000180025095e-35 5.1014833748340616 0.023325720440886936
decision_type=2 2 2 2 8 2
left_child=3 2 -2 -1 -4 -6
right_child=1 -3 4 -5 5 -7
leaf_value=0.0010487345401562838 -0.00082218384651116096 0.001394726768245168 -0.00014525463696491442 -0.00201122081711499 8.5001001522826253e-05 0.0022646787052253443
leaf_weight=49.101581183756934 634.37261287120054 561.99180625524605 482.70303166634403 304.51070873625576 150.66688280977542 178.35337582801003
leaf_count=961 8258 6393 4258 4858 2137 2135
internal_value=2.78535e-05 0.000315461 -0.000110668 -0.00156917 0.00044863 0.0012985
internal_weight=2361.7 2008.09 1446.1 353.612 811.723 329.02
internal_count=29000 23181 16788 5819 8530 4272
is_linear=0
shrinkage=0.03


Tree=54
num_leaves=7
num_cat=0
split_feature=2 11 0 52 9 23
split_gain=1.31376 0.855101 0.773835 0.720241 0.511879 0.528129
threshold=-0.12258256293067527 0.1185615240820051 0.43128405499265698 2.8062982233521478 0.13868936791864311 0.26493474084697716
decision_type=2 2 2 2 2 2
left_child=3 2 4 -1 5 -2
right_child=1 -3 -4 -5 -6 -7
leaf_value=0.00088277236195142942 -0.00022978199310633344 0.0035651151184815134 0.0045349889616385763 -0.0011692088582310922 0.0021130607677314526 0.0015565834524867708
leaf_weight=178.87702089265804 916.05642471372266 72.586631003418006 29.554502412735019 870.21211485151434 111.38695069390815 167.51516512859962
leaf_count=2604 10528 792 315 11636 1175 1728
internal_value=-2.91073e-05 0.000607325 0.000404535 -0.0008143 0.000265589 5.80905e-05
internal_weight=2346.19 1297.1 1224.51 1049.09 1194.96 1083.57
internal_count=28778 14538 13746 14240 13431 12256
is_linear=0
shrinkage=0.03


Tree=55
num_leaves=7
num_cat=0
split_feature=52 58 3 6 15 8
split_gain=1.13085 1.12306 0.881105 0.821514 0.799944 0.427966
threshold=1.0000000180025095e-35 0.11805555555555557 -0.05448529814257571 -0.067753865702373767 1.5000000000000002 0.17588879559356804
decision_type=2 2 2 2 2 2
left_child=-1 2 3 -2 5 -5
right_child=1 -3 -4 4 -6 -7
leaf_value=0.0015280280649370046 -0.0023045672152120856 0.0010907328449507891 0.00074362017880900521 -0.00046938913433861869 -0.0029250530961930535 0.0018170452376923866
leaf_weight=334.67627846854157 323.17639260416036 393.89816837319813 311.40050695772516 829.53535602652119 105.75418622748111 70.932773953245487
leaf_count=4440 4970 4543 3369 9639 1303 794
internal_value=-6.18671e-05 -0.000329574 -0.000675082 -0.00101047 -0.000576249 -0.0002713
internal_weight=2369.37 2034.7 1640.8 1329.4 1006.22 900.468
internal_count=29058 24618 20075 16706 11736 10433
is_linear=0
shrinkage=0.03


Tree=56
num_leaves=7
num_cat=0
split_feature=11 0 15 20 28 20
split_gain=1.04542 1.00833 0.760515 0.568442 0.733452 0.48041
threshold=0.11541475028367247 -0.080396717285697597 1.5000000000000002 0.03625850364957612 3.3290115594863896 0.18354777941070261
decision_type=2 2 2 2 8 2
left_child=1 5 3 4 -3 -1
right_child=-2 2 -4 -5 -6 -7
leaf_value=-0.0013272675550460012 0.0027798839311145283 -0.00019135615175742889 -0.0014454035355259195 0.0016472760828590471 0.0017420881895717061 0.0015875778874241055
leaf_weight=627.73193004514906 105.86979036370758 880.69151559987222 193.2896014364087 302.59116993122734 210.40436094626784 46.975913324567955
leaf_count=9120 1197 9922 2301 3371 2347 737
internal_value=3.07186e-07 -0.00014147 0.000272147 0.000518954 0.00019392 -0.0011041
internal_weight=2367.55 2261.68 1586.98 1393.69 1091.1 674.708
internal_count=28995 27798 17941 15640 12269 9857
is_linear=0
shrinkage=0.03


Tree=57
num_leaves=7
num_cat=0
split_feature=2 0 37 9 52 9
split_gain=1.17211 0.846869 0.751996 0.730484 0.561161 0.54898
threshold=-0.10129412141597506 0.43128405499265698 -6.0122673093444758 -0.012771896581116172 3.2580117037813596 0.12697815730467368
decision_type=2 2 10 2 2 2
left_child=3 2 -2 -1 -5 -4
right_child=1 -3 5 4 -6 -7
leaf_value=-0.0015046925301274213 0.0027720821366942023 0.0052377876803897288 4.5594248775114421e-06 0.0012918868297342851 -0.00049539409135817408 0.0022246487770227704
leaf_weight=485.10639883537078 114.00282283459092 26.598614528018516 812.73759277662612 201.6768035577843 614.79866112174932 104.35431481670821
leaf_count=7492 1719 291 8946 2287 7183 1050
internal_value=5.29664e-06 0.000743276 0.000578137 -0.000595496 -4.363e-05 0.000278451
internal_weight=2359.28 1057.69 1031.09 1301.58 816.475 917.092
internal_count=28968 12006 11715 16962 9470 9996
is_linear=0
shrinkage=0.03


Tree=58
num_leaves=7
num_cat=0
split_feature=0 52 3 58 7 14
split_gain=1.09086 0.858357 0.761154 0.536765 0.501434 0.43779
threshold=0.13324839327893698 1.0000000180025095e-35 -0.23845454229250873 0.21111111111111114 -0.026511761672540955 0.3574918387231264
decision_type=2 2 2 2 2 2
left_child=1 -1 -3 4 -4 -2
right_child=5 2 3 -5 -6 -7
leaf_value=0.0012311040768033157 0.0016051165649126683 -0.0020646674432851127 -0.0015150626512479173 0.0012453928562109438 -0.00015269423276000518 -0.0013853375926345442
leaf_weight=263.46490641168202 405.10088519586134 253.28289223278989 324.0875017849612 167.17406479717465 903.19476721910178 41.624853119254112
leaf_count=3657 4474 4171 4755 1883 9805 172
internal_value=-1.56728e-05 -0.000328898 -0.000584256 -0.000302574 -0.000521791 0.00130224
internal_weight=2357.93 1911.2 1647.74 1394.46 1227.28 446.726
internal_count=28917 24271 20614 16443 14560 4646
is_linear=0
shrinkage=0.03


Tree=59
num_leaves=7
num_cat=0
split_feature=7 23 20 6 14 3
split_gain=1.09023 0.688232 0.614877 0.599284 0.597815 0.503578
threshold=0.0072464800480730833 0.6592022477070093 0.078711764565629019 0.37328057453897412 0.33101708310002576 -0.05655720844418171
decision_type=2 2 2 2 2 2
left_child=2 3 -1 4 5 -2
right_child=1 -3 -4 -5 -6 -7
leaf_value=-0.0010070315544718621 0.00016327461022543465 0.0032449688454049383 0.00088785721999347161 0.0025417067218152893 -0.0016155622131515169 0.0019173090085435501
leaf_weight=876.9909777555149 846.99986712165992 73.627682602906134 178.41273904615082 100.04917348420713 130.68156018853188 168.92878845147789
leaf_count=12324 9984 804 2627 994 548 1771
internal_value=3.38879e-05 0.000606478 -0.00068138 0.000426067 0.000221084 0.000470781
internal_weight=2375.69 1320.29 1055.4 1246.66 1146.61 1015.93
internal_count=29052 14101 14951 13297 12303 11755
is_linear=0
shrinkage=0.03


Tree=60
num_leaves=7
num_cat=0
split_feature=23 2 14 6 9 37
split_gain=1.04168 0.804472 0.691719 0.702379 0.661064 0.527124
threshold=0.6592022477070093 -0.11810182111780149 0.30265471309037623 0.44355780196661482 -0.013678457054386762 -7.2184343947916085
decision_type=2 2 2 2 2 10
left_child=1 4 3 5 -1 -3
right_child=-2 2 -4 -5 -6 -7
leaf_value=-0.0016548984083054157 0.003192146857355845 0.0023554578617350072 -0.0012599116597145172 0.0045779576348632736 -0.00011972456706791599 0.00029255591774417857
leaf_weight=398.41098691549269 79.613134029612411 118.07212690111191 178.6833506077528 30.920219718827866 665.57364878314547 894.92469291380257
leaf_count=6470 934 1722 770 331 7992 10809
internal_value=1.90696e-05 -0.000104827 0.00041864 0.00071518 -0.00070463 0.000553677
internal_weight=2366.2 2286.59 1222.6 1043.92 1063.98 1013
internal_count=29028 28094 13632 12862 14462 12531
is_linear=0
shrinkage=0.03


Tree=61
num_leaves=7
num_cat=0
split_feature=0 22 15 28 20 5
split_gain=1.06257 0.875418 0.731428 0.623215 0.550454 0.46716
threshold=-0.10074689009360614 -0.16657381231534177 1.5000000000000002 2.8865501880645756 0.0389918033855901 0.046423893018399914
decision_type=2 2 2 8 2 2
left_child=-1 -2 3 4 5 -3
right_child=1 2 -4 -5 -6 -7
leaf_value=-0.0010482741068201448 -0.0016786882683570527 -0.00014092159301200825 -0.0011383633134040237 0.00202148824891492 0.0016418084682522814 0.0022232622924433193
leaf_weight=639.96518705131894 159.68129785111523 748.58442577128881 185.06970741372788 298.15761769330129 267.23325473390287 73.521914720768109
leaf_count=9448 2177 8345 2147 3129 3053 735
internal_value=-1.31612e-05 0.000373075 0.000590705 0.000827831 0.000485704 9.46877e-05
internal_weight=2372.21 1732.25 1572.57 1387.5 1089.34 822.106
internal_count=29034 19586 17409 15262 12133 9080
is_linear=0
shrinkage=0.03


Tree=62
num_leaves=7
num_cat=0
split_feature=52 2 58 30 14 15
split_gain=1.09677 0.839315 0.501193 0.541495 0.495685 0.559312
threshold=1.0000000180025095e-35 -0.12258256293067527 0.13392857142857145 -7.2564074993133536 0.39233047508114643 1.5000000000000002
decision_type=2 2 2 10 2 2
left_child=4 -2 3 -3 5 -1
right_child=1 2 -4 -5 -6 -7
leaf_value=0.0024403453095348695 -0.00097316071587917651 0.0013827130879652733 0.0015583354589054738 -0.00040692417381922905 -0.0020533294298479693 -0.00078247763984499552
leaf_weight=255.6026122928306 898.47439180494985 179.97604598573525 203.78051467202022 754.66417405562242 23.700109869241714 54.237426683946978
leaf_count=3547 11976 2492 2122 7942 97 778
internal_value=-2.9712e-05 -0.000292847 0.000247874 -5.1319e-05 0.00153898 0.00186936
internal_weight=2370.44 2036.9 1138.42 934.64 333.54 309.84
internal_count=28954 24532 12556 10434 4422 4325
is_linear=0
shrinkage=0.03


Tree=63
num_leaves=7
num_cat=0
split_feature=3 7 16 23 36 58
split_gain=1.107 0.898879 0.609715 0.543919 0.45051 0.436201
threshold=-0.05448529814257571 0.0042086823490470734 1.0000000180025095e-35 0.6592022477070093 -2.1025767191692633 0.58571428571428574
decision_type=2 2 2 2 10 2
left_child=1 -1 3 5 -2 -3
right_child=4 2 -4 -5 -6 -7
leaf_value=-0.0010481604871400967 0.0034016530474877777 0.00019862737587761933 -0.0016295558308594351 0.0030692576237590662 0.00088942972018058722 0.0038933833584154421
leaf_weight=804.07694279369025 72.256021682056598 930.94141865879647 126.59891808941029 59.566079145821277 356.97436313179787 19.741176945157349
leaf_count=11951 852 10241 1492 632 3771 167
internal_value=1.95501e-05 -0.000286875 0.000256016 0.000505962 0.00138015 0.000315079
internal_weight=2370.15 1940.92 1136.85 1010.25 429.23 950.683
internal_count=29106 24483 12532 11040 4623 10408
is_linear=0
shrinkage=0.03


Tree=64
num_leaves=7
num_cat=0
split_feature=8 52 3 0 60 20
split_gain=0.969562 0.861989 0.731272 0.434881 0.498068 0.407883
threshold=0.16755547974776044 1.0000000180025095e-35 -0.25439241848900124 -0.10074689009360614 0.1731241161553885 -0.13337589789207568
decision_type=2 2 2 2 2 2
left_child=1 5 -3 -4 -5 -1
right_child=-2 2 3 4 -6 -7
leaf_value=-0.0013521670577054854 0.0020478378388470741 -0.0019790767753556683 -0.0010114480347271683 -8.2438005232725033e-05 0.002422729836441984 0.0016397036140510413
leaf_weight=40.231987239676528 175.27456109045306 236.71949509700062 447.88349228525476 1127.9388791612873 66.219910940621048 271.84358694095863
leaf_count=638 1920 3869 6174 12261 599 3500
internal_value=-3.65813e-05 -0.000211889 -0.000455617 -0.000225342 7.54476e-05 0.00122399
internal_weight=2366.11 2190.84 1878.76 1642.04 1194.16 312.076
internal_count=28961 27041 22903 19034 12860 4138
is_linear=0
shrinkage=0.03


Tree=65
num_leaves=7
num_cat=0
split_feature=0 23 5 3 15 23
split_gain=1.1512 0.914529 0.687485 0.476069 0.470283 0.462655
threshold=0.15860509857599192 0.6592022477070093 0.0054415274376709228 -0.058150843722415461 1.5000000000000002 -0.3897436099444907
decision_type=2 2 2 2 2 2
left_child=1 2 3 4 5 -1
right_child=-2 -3 -4 -5 -6 -7
leaf_value=-0.0020312273805686387 0.0015049795531111949 0.0032259052012700859 0.00081186658370664504 0.00037666560214472404 -0.0024458154931674596 -0.00040668624030466252
leaf_weight=181.98764388519339 382.38550898790709 55.156222905323375 343.09660479231388 317.33480969580705 149.25689405677258 934.28687025469844
leaf_count=2900 3982 638 3849 3506 2102 11953
internal_value=1.9874e-05 -0.000272892 -0.000389237 -0.000653047 -0.000912178 -0.000687221
internal_weight=2363.5 1981.12 1925.96 1582.87 1265.53 1116.27
internal_count=28930 24948 24310 20461 16955 14853
is_linear=0
shrinkage=0.03


Tree=66
num_leaves=7
num_cat=0
split_feature=8 0 3 23 58 18
split_gain=0.997957 0.721152 0.602889 0.547767 0.479811 0.409322
threshold=0.11402980281713519 0.09277109581368094 -0.27401120585400146 -0.29784067960771393 0.080128205128205135 1.0000000180025095e-35
decision_type=2 2 2 2 2 2
left_child=1 2 -1 -4 -2 -5
right_child=4 -3 3 5 -6 -7
leaf_value=-0.0021366507271975916 0.00086086368938656369 0.00086118823803960499 -0.0014813962931913306 0.00019896743139860139 0.0034044872237511967 -0.0017424390474472648
leaf_weight=166.8773301159672 289.67110999915167 453.73773463134421 262.4660701402172 1032.0417527515383 81.514287220488768 97.858053990174085
leaf_count=2994 3279 4721 3740 12671 815 904
internal_value=8.63523e-05 -0.000179336 -0.000485686 -0.00027399 0.00149412 1.70158e-05
internal_weight=2384.17 2012.98 1559.24 1392.37 371.185 1129.9
internal_count=29124 25030 20309 17315 4094 13575
is_linear=0
shrinkage=0.03


Tree=67
num_leaves=7
num_cat=0
split_feature=23 9 56 58 2 28
split_gain=0.937939 0.828121 0.646084 0.513669 0.445092 0.440122
threshold=0.6592022477070093 0.10369127517964283 -10.906668818832543 0.13392857142857145 -0.22529283290355684 1.9769558906555178
decision_type=2 2 2 2 2 8
left_child=1 2 4 -4 -1 -6
right_child=-2 -3 3 -5 5 -7
leaf_value=-0.0014633964127690256 0.00298492024101837 0.0012011820182827458 -0.0011805374801072978 0.00047701980451663714 4.2353619542002247e-05 0.0016396085954250019
leaf_weight=110.75958888611058 80.177636051987065 343.89986782940105 868.39463824819541 202.28492508639465 545.35150516047725 207.36979363264982
leaf_count=2321 913 3744 10606 2320 6895 2153
internal_value=-1.61466e-05 -0.000134355 -0.000376775 -0.000865857 0.000232636 0.000498114
internal_weight=2358.24 2278.06 1934.16 1070.68 863.481 752.721
internal_count=28952 28039 24295 12926 11369 9048
is_linear=0
shrinkage=0.03


Tree=68
num_leaves=7
num_cat=0
split_feature=11 58 3 16 7 39
split_gain=1.00242 0.687021 0.669803 0.691473 0.547436 0.513517
threshold=0.1185615240820051 0.44949494949494956 -0.05448529814257571 1.0000000180025095e-35 -0.12022649761984112 5.5000000000000009
decision_type=2 2 2 2 2 2
left_child=1 2 3 4 -1 -4
right_child=-2 -3 5 -5 -6 -7
leaf_value=-0.0024043993797974706 0.0028214310434488891 0.0021796637040457107 0.0019590025702229483 -0.0020805538463248255 -0.00010270082422385142 -0.00014569958311086149
leaf_weight=89.347522787167691 101.07952315104194 103.45246444450459 191.2803559457534 201.05487203865778 1474.2861244467349 213.94386424284312
leaf_count=2019 1112 1110 1927 2749 17738 2377
internal_value=3.85633e-05 -9.69845e-05 -0.000215027 -0.000467924 -0.000248666 0.000871048
internal_weight=2374.44 2273.37 2169.91 1764.69 1563.63 405.224
internal_count=29032 27920 26810 22506 19757 4304
is_linear=0
shrinkage=0.03


Tree=69
num_leaves=7
num_cat=0
split_feature=9 31 0 0 0 18
split_gain=0.915405 0.593616 0.536042 0.529097 0.443161 0.413368
threshold=0.0023231156798794697 5.2978154122829446 -0.087930762922207126 0.2864201060756103 -0.070420499292836988 1.0000000180025095e-35
decision_type=2 8 2 2 2 2
left_child=4 3 -3 -2 -1 -4
right_child=1 2 5 -5 -6 -7
leaf_value=-0.0014792243983513633 -0.000176561792713582 -0.00021229906850971192 0.0022350491688101072 0.0024884714299399364 -0.00017265035052160449 -0.0011553473526063982
leaf_weight=340.11660909332568 737.53764569747727 139.82244115782669 343.78419027905329 63.658428806113079 711.79335508268559 29.543594262562692
leaf_count=5630 6820 2341 4359 523 9144 287
internal_value=5.13508e-05 0.000577297 0.00136334 6.32527e-05 -0.00060506 0.00194361
internal_weight=2366.26 1314.35 513.15 801.196 1051.91 373.328
internal_count=29104 14330 6987 7343 14774 4646
is_linear=0
shrinkage=0.03


Tree=70
num_leaves=7
num_cat=0
split_feature=6 23 14 8 52 8
split_gain=0.805878 0.766223 0.583101 0.63948 0.497089 0.38461
threshold=0.36371854480259908 0.6592022477070093 0.39233047508114643 -0.077890572442508424 3.2080875396860176 0.054635710214141445
decision_type=2 2 2 2 2 2
left_child=1 2 3 -1 -5 -6
right_child=-2 -3 -4 4 5 -7
leaf_value=-0.0013246707221270357 0.0022980646750500977 0.0027608798260020588 -0.0020828604644834736 0.0010723914536700846 -0.00050380531538803542 0.00053846350288108507
leaf_weight=296.7462698733143 125.82058895967202 72.28558633121429 127.0300477296114 401.58338450675365 849.78473037201911 496.5911510426813
leaf_count=5648 1307 827 524 4788 10229 5748
internal_value=5.40154e-05 -8.1444e-05 -0.000188271 -6.10027e-05 0.000159842 -0.000118244
internal_weight=2369.84 2244.02 2171.74 2044.71 1747.96 1346.38
internal_count=29071 27764 26937 26413 20765 15977
is_linear=0
shrinkage=0.03


Tree=71
num_leaves=7
num_cat=0
split_feature=2 6 22 39 9 10
split_gain=0.827538 0.704536 0.588107 0.700025 0.556328 0.454106
threshold=-0.144952985337468 0.36371854480259908 0.016580514551003785 1.5000000000000002 0.0628118824900714 0.022299581761361213
decision_type=2 2 2 2 2 2
left_child=2 4 -1 -4 5 -2
right_child=1 -3 3 -5 -6 -7
leaf_value=-0.0011839669466532658 -0.00057139726340811766 0.0028822665542424428 -0.0033626718590817552 0.0011586441123995048 0.0012202564625713095 0.00070590440731878366
leaf_weight=616.96053975814721 642.89326612674631 91.019898544356693 25.977359932963736 212.08230981603265 401.74086134784739 396.55780289549148
leaf_count=8766 7506 883 378 3064 3969 4567
internal_value=4.23651e-05 0.000458773 -0.000700523 0.000549603 0.000286908 -8.20148e-05
internal_weight=2387.23 1532.21 855.02 238.06 1441.19 1039.45
internal_count=29133 16925 12208 3442 16042 12073
is_linear=0
shrinkage=0.03


Tree=72
num_leaves=7
num_cat=0
split_feature=52 8 59 58 6 15
split_gain=0.816522 0.687424 0.559246 0.446861 0.484858 0.393301
threshold=1.0000000180025095e-35 0.15650755934233088 -0.73819209882540138 0.11805555555555557 -0.11479510819940154 1.5000000000000002
decision_type=2 2 2 2 2 2
left_child=-1 2 -2 4 -4 -6
right_child=1 -3 3 -5 5 -7
leaf_value=0.0014143013825010924 0.0021878901634781612 0.0015713307209488923 -0.0018575101000340025 0.00050139604669261839 -0.00020882515681149065 -0.001872106019881523
leaf_weight=335.72799432100146 66.011759130982682 177.11144533520564 248.47354475929751 353.779307174118 1039.4857954820618 136.51895650930237
leaf_count=4447 785 1890 4048 4145 11914 1680
internal_value=6.67925e-05 -0.000162874 -0.000336991 -0.000442429 -0.000678696 -0.000416068
internal_weight=2357.11 2021.38 1844.27 1778.26 1424.48 1176
internal_count=28909 24462 22572 21787 17642 13594
is_linear=0
shrinkage=0.03


Tree=73
num_leaves=7
num_cat=0
split_feature=8 58 0 52 12 9
split_gain=0.79587 0.705123 0.602734 0.420632 0.379508 0.376019
threshold=0.15985040140113685 0.44949494949494956 -0.070420499292836988 3.2080875396860176 1.9518276774146603 -0.047415484143267524
decision_type=2 2 2 2 2 2
left_child=1 2 5 4 -4 -1
right_child=-2 -3 3 -5 -6 -7
leaf_value=-0.0022822772342645818 0.0017855158285829541 0.0021911811935679264 0.0012490008211441363 -0.00023070213741072291 -0.0022788475082158254 -0.00061184741826944035
leaf_weight=155.81638389588625 194.79062593879644 98.340168621594785 314.05050317375571 1093.9579528491013 20.861359983682632 499.18400977627607
leaf_count=2913 2140 1058 3694 12545 89 6708
internal_value=-3.01905e-06 -0.000170086 -0.000291449 5.54085e-05 0.000969555 -0.00103757
internal_weight=2377 2182.21 2083.87 1428.87 334.912 655
internal_count=29147 27007 25949 16328 3783 9621
is_linear=0
shrinkage=0.03


Tree=74
num_leaves=7
num_cat=0
split_feature=52 58 0 15 14 25
split_gain=0.741847 0.571555 0.519902 0.457152 0.524309 0.474466
threshold=1.0000000180025095e-35 0.13392857142857145 -0.10074689009360614 1.5000000000000002 0.34418158658302395 -0.36038029868252636
decision_type=2 2 2 2 2 2
left_child=-1 2 -2 4 5 -4
right_child=1 -3 3 -5 -6 -7
leaf_value=0.0012301711214150778 -0.0014277279879319224 0.00075913277105753632 0.0024087026983961612 -0.0017812702458478596 -0.0018726391225019588 2.9688573239911201e-05
leaf_weight=331.21130754062324 414.83026654992136 377.09936400630977 72.230588928912766 136.85483365526306 110.05055394023657 918.11991102684988
leaf_count=4399 6158 4300 813 1645 460 11183
internal_value=-6.48456e-05 -0.000281219 -0.000521825 -0.00020908 7.31478e-07 0.000225545
internal_weight=2360.4 2029.19 1652.09 1237.26 1100.4 990.35
internal_count=28958 24559 20259 14101 12456 11996
is_linear=0
shrinkage=0.03


Tree=75
num_leaves=7
num_cat=0
split_feature=22 52 8 28 10 8
split_gain=0.783681 0.729023 0.553509 0.505617 0.386742 0.428319
threshold=-0.1361827909177982 1.0000000180025095e-35 0.060473747763171735 3.4920481443405156 0.019491846142484597 -0.082836676944423732
decision_type=2 2 2 8 2 2
left_child=-1 -2 4 -4 -3 -6
right_child=1 2 3 -5 5 -7
leaf_value=-0.0015106784821957351 0.001533242816638947 -0.00081766975226945098 0.00033268254430056669 0.0027968092394055908 -0.0016755354966319714 0.00064150124821729312
leaf_weight=269.69346833936288 296.00039890391054 760.17171371739823 465.11590267663996 80.228007013211027 76.549946324143093 415.53791689994978
leaf_count=3819 3810 9717 4987 794 1289 4499
internal_value=-1.88435e-05 0.000179599 -5.05461e-05 0.000739025 -0.000397526 0.000254867
internal_weight=2363.3 2093.6 1797.6 545.344 1252.26 492.088
internal_count=28915 25096 21286 5781 15505 5788
is_linear=0
shrinkage=0.03


Tree=76
num_leaves=7
num_cat=0
split_feature=2 28 23 36 22 6
split_gain=0.783293 0.681054 0.686733 0.562074 0.389776 0.384375
threshold=-0.13887900742504869 2.5611455440521245 0.093890670925741007 1.7887282129941566 0.022594096929889704 0.35238029990707909
decision_type=2 8 2 10 2 2
left_child=4 2 5 -3 -1 -2
right_child=1 3 -4 -5 -6 -7
leaf_value=-0.0010354419274726998 -0.00047089356813983927 0.0020802505667490557 0.0013498175573295522 -0.0019283839669781144 0.00036729361088655644 0.0020755739009921427
leaf_weight=664.1196546954161 823.93374064848467 282.59115988516714 290.55496300762752 27.419713533483446 236.53694075660314 47.162827143794857
leaf_count=9352 9704 2870 3011 224 3452 502
internal_value=2.54748e-05 0.000450946 0.000112359 0.00167652 -0.000667057 -0.000311031
internal_weight=2372.32 1471.66 1161.65 310.011 900.657 871.097
internal_count=29115 16311 13217 3094 12804 10206
is_linear=0
shrinkage=0.03


Tree=77
num_leaves=7
num_cat=0
split_feature=11 58 3 5 30 15
split_gain=0.709912 0.535362 0.50943 0.450649 0.534831 0.599114
threshold=0.031666319407181669 0.44949494949494956 -0.029706310979729009 -0.1680264440280779 -4.4536819458007804 1.5000000000000002
decision_type=2 2 2 2 10 2
left_child=1 3 -2 -1 5 -5
right_child=2 -3 -4 4 -6 -7
leaf_value=-0.0019842012188306512 0.00050057178783822337 0.0020234630426761839 0.0029053354060631941 0.0011028044121118045 -0.0006276966608438837 -0.0020400240364170977
leaf_weight=142.71524455578765 625.16982632281724 74.228168672590982 82.077903028111905 353.42506296385545 1037.9377010194003 54.804440490377601
leaf_count=2112 7662 795 873 5380 11314 871
internal_value=2.67511e-05 -0.000311867 0.000816266 -0.00043294 -0.000267279 0.000642193
internal_weight=2370.36 1663.11 707.248 1588.88 1446.17 408.23
internal_count=29007 20472 8535 19677 17565 6251
is_linear=0
shrinkage=0.03


Tree=78
num_leaves=7
num_cat=0
split_feature=1 15 52 3 0 29
split_gain=0.73072 0.536543 0.609631 0.483441 0.46862 0.46156
threshold=-0.076009834372676624 1.5000000000000002 1.0000000180025095e-35 -0.33078305683041948 0.47764903910488521 -6.3393311500549308
decision_type=2 2 2 2 2 10
left_child=-1 2 -2 -4 5 -5
right_child=1 -3 3 4 -6 -7
leaf_value=-0.0010140216687617922 0.0018966145645206043 -0.0010776469253506958 -0.0018977714135644007 0.0011669579533997512 0.0039047343607149449 -6.5605348581202443e-05
leaf_weight=487.37926837030682 220.77027900103712 221.58671558002243 80.13920794398291 370.82959791697795 23.038147780112922 966.18797533391626
leaf_count=7890 2626 2617 1168 4463 247 10007
internal_value=9.2737e-06 0.000278156 0.000464398 0.000233286 0.000371791 0.000282379
internal_weight=2369.93 1882.55 1660.97 1440.19 1360.06 1337.02
internal_count=29018 21128 18511 15885 14717 14470
is_linear=0
shrinkage=0.03


Tree=79
num_leaves=7
num_cat=0
split_feature=52 58 7 14 34 4
split_gain=0.75909 0.641429 0.583591 0.507139 0.551523 0.529783
threshold=1.0000000180025095e-35 0.10555555555555557 -0.11216522766871455 0.22062327066278198 -8.06241210301717 -0.10672938198275451
decision_type=2 2 2 2 10 2
left_child=-1 2 -2 4 5 -4
right_child=1 -3 3 -5 -6 -7
leaf_value=0.0012869472392944914 -0.0026195307417566697 0.00080718744924012612 -1.2159064235737657e-05 -0.0011970265262368034 -0.00031428727709727108 0.003045680028646944
leaf_weight=337.92613631725544 99.221302357327659 417.51344386429992 109.48707949710661 435.26508854329586 891.0303039092978 85.318107376922853
leaf_count=4436 2047 4773 1873 2095 12413 1447
internal_value=-8.62759e-06 -0.000228703 -0.000498938 -0.000344406 5.17709e-06 0.00141039
internal_weight=2375.76 2037.84 1620.32 1521.1 1085.84 194.805
internal_count=29084 24648 19875 17828 15733 3320
is_linear=0
shrinkage=0.03


Tree=80
num_leaves=7
num_cat=0
split_feature=11 3 10 56 46 45
split_gain=0.76771 0.821864 0.531405 0.49562 0.445423 0.415441
threshold=0.1185615240820051 -0.05448529814257571 0.020192893228201465 10.41991856498945 21.500000000000004 0.23611111111111113
decision_type=2 2 2 2 8 10
left_child=1 2 3 5 -4 -1
right_child=-2 -3 4 -5 -6 -7
leaf_value=0.00016459703429134998 0.0024419383232807314 0.0010154507232672107 0.0019096603039888559 -0.0016316511676926432 -0.000115786380482845 -0.0013811557775592928
leaf_weight=478.86911992152454 97.131702235026751 427.21201163722435 105.57499943207949 425.62608191830805 626.4221764820104 221.16784124606056
leaf_count=6084 1072 4514 1284 5264 7618 3267
internal_value=-4.05543e-05 -0.000156268 -0.000429726 -0.000836165 0.000198141 -0.000336338
internal_weight=2382 2284.87 1857.66 1125.66 731.997 700.037
internal_count=29103 28031 23517 14615 8902 9351
is_linear=0
shrinkage=0.03


Tree=81
num_leaves=7
num_cat=0
split_feature=23 22 14 6 31 6
split_gain=0.77101 0.742889 0.666054 0.705652 0.444608 0.448591
threshold=0.53695668113750106 -0.14633025568717814 0.39233047508114643 0.38423634378809263 4.8067525029182443 -0.16727001505301661
decision_type=2 2 2 2 8 2
left_child=1 -1 3 4 -3 -6
right_child=-2 2 -4 -5 5 -7
leaf_value=-0.0017325425675260879 0.0021376420965978577 -0.00037971737960768368 -0.0020674554060165062 0.0027858903746207889 -0.001067224791775767 0.00085747116409045808
leaf_weight=232.07690572706633 129.26892694536946 1005.1206279841717 118.09074991941452 78.334472404618282 120.39349790591223 686.1810296025069
leaf_count=3388 1451 10499 487 828 2639 9721
internal_value=-2.86182e-05 -0.000162565 2.6562e-05 0.000167591 3.97086e-05 0.00056063
internal_weight=2369.47 2240.2 2008.12 1890.03 1811.7 806.575
internal_count=29013 27562 24174 23687 22859 12360
is_linear=0
shrinkage=0.03


Tree=82
num_leaves=7
num_cat=0
split_feature=52 58 2 11 6 45
split_gain=0.744535 0.639444 0.546817 0.470576 0.335477 0.342038
threshold=1.0000000180025095e-35 0.13392857142857145 -0.12358074257458976 0.09192477828630348 0.0032008340546923167 0.31666666666666671
decision_type=2 2 2 2 2 10
left_child=-1 2 4 -4 -2 -6
right_child=1 -3 3 -5 5 -7
leaf_value=0.0013517949304219087 -0.0017378273047633412 0.00093187317834957822 -0.00016071997251933045 0.0020878848120422463 0.00013853232056128099 -0.00180962167358554
leaf_weight=331.73489131429233 324.74077739956556 379.8270113854669 848.98314291099086 82.820601851562969 278.75175341588329 103.68026266089873
leaf_count=4418 5039 4303 9632 870 3243 1462
internal_value=5.65673e-05 -0.000161882 -0.00041947 5.91875e-05 -0.0010422 -0.000422282
internal_weight=2350.54 2018.8 1638.98 931.804 707.173 382.432
internal_count=28967 24549 20246 10502 9744 4705
is_linear=0
shrinkage=0.03


Tree=83
num_leaves=7
num_cat=0
split_feature=22 8 15 1 5 14
split_gain=0.72237 0.561579 0.469229 0.446752 0.411816 0.520867
threshold=-0.032912855154096969 0.16361280808107645 1.5000000000000002 -0.068185207603797496 0.0045677016861711437 0.30265471309037623
decision_type=2 2 2 2 2 2
left_child=2 4 3 -1 -2 -6
right_child=1 -3 -4 -5 5 -7
leaf_value=-0.0021348426600700087 -0.00010792919443965682 0.0020905269210710112 -0.0029260707694438344 -0.00010299701533107196 0.0016561318606668702 -0.0015219752704201271
leaf_weight=115.50866211613175 1307.3379618251056 132.43339517619461 78.558933114662068 439.81615551008144 250.31457550579216 48.242084428668022
leaf_count=1969 16141 1364 1124 5271 2968 207
internal_value=-3.16289e-05 0.000284874 -0.000890534 -0.000555912 0.000123952 0.00110992
internal_weight=2372.21 1738.33 633.884 555.325 1605.89 298.557
internal_count=29044 20680 8364 7240 19316 3175
is_linear=0
shrinkage=0.03


Tree=84
num_leaves=7
num_cat=0
split_feature=22 8 27 50 12 0
split_gain=0.632377 0.807899 0.472717 0.419352 0.407159 0.357046
threshold=-0.032912855154096969 -0.0025337686025503898 0.94627901911735546 0.86607142857142871 0.99826899035058203 1.0000000180025095e-35
decision_type=2 2 8 2 2 2
left_child=3 5 4 -1 -3 -2
right_child=1 2 -4 -5 -6 -7
leaf_value=-0.00091498978959453001 -0.00091843609020274123 0.0010138035398809015 0.0016995730700368813 0.0028214079773952309 -0.00047817012738892361 0.00048443573467479048
leaf_weight=610.64803159382427 463.69271077268058 370.70406750284019 380.21187945612473 18.712841285392642 281.9394394531846 241.41142197384033
leaf_count=8187 6935 5466 4016 165 1560 2643
internal_value=4.6025e-05 0.000341136 0.000872178 -0.000761504 0.000371787 -0.000438067
internal_weight=2367.32 1737.96 1032.86 629.361 652.644 705.104
internal_count=28972 20620 11042 8352 7026 9578
is_linear=0
shrinkage=0.03


Tree=85
num_leaves=7
num_cat=0
split_feature=11 22 58 14 34 10
split_gain=0.82782 0.588181 0.502134 0.397061 0.507182 0.505237
threshold=0.11541475028367247 -0.14633025568717814 0.41428571428571431 0.29499267845158655 -8.06241210301717 -0.040328100642748936
decision_type=2 2 2 2 10 2
left_child=1 -1 3 4 5 -3
right_child=-2 2 -4 -5 -6 -7
leaf_value=-0.0015823979155907466 0.002392096876203567 -0.00098271414031421553 0.0019406925576904296 -0.0011632054902118872 -0.00018191895669453131 0.002044543850098628
leaf_weight=236.36913557216758 106.74949464824749 60.195856523845578 100.12894148810301 281.13799671083689 1409.6757041977544 181.09999009854801
leaf_count=3407 1177 1157 1047 1220 18081 2942
internal_value=-7.21237e-05 -0.000198067 -3.00959e-05 -0.000141696 3.82089e-05 0.00128028
internal_weight=2375.36 2268.61 2032.24 1932.11 1650.97 241.296
internal_count=29031 27854 24447 23400 22180 4099
is_linear=0
shrinkage=0.03


Tree=86
num_leaves=7
num_cat=0
split_feature=6 8 58 23 20 28
split_gain=0.62276 0.593791 0.459855 0.451105 0.434537 0.469169
threshold=0.24182712512284774 0.23195579730641547 0.41428571428571431 0.5634554578598 0.048780781719493849 2.6185191869735722
decision_type=2 2 2 2 2 8
left_child=1 2 3 -1 5 -2
right_child=4 -3 -4 -5 -6 -7
leaf_value=-0.00049593965092313639 -6.9587328394998569e-05 0.0029412364834094781 0.0016596410619355681 0.0017294222781686799 0.0032821054891322746 0.0028646641871718911
leaf_weight=1838.4967642140691 214.3009526754031 42.373340776248369 93.112888192845276 76.136956421425566 60.36874591477681 53.425011399434879
leaf_count=23409 2232 464 1026 882 608 447
internal_value=-1.9078e-05 -0.000214843 -0.000295699 -0.00039892 0.00117435 0.00059801
internal_weight=2378.21 2050.12 2007.75 1914.63 328.095 267.726
internal_count=29068 25781 25317 24291 3287 2679
is_linear=0
shrinkage=0.03


Tree=87
num_leaves=7
num_cat=0
split_feature=23 28 20 10 62 2
split_gain=0.741558 0.702614 0.643144 0.586853 0.389234 0.368964
threshold=0.24218571823153637 3.936851024627686 0.021901661560699979 -0.033300705698303915 -0.73406424965481676 -0.22345749021660344
decision_type=2 8 2 2 2 2
left_child=1 2 4 -3 -1 -6
right_child=-2 3 -4 -5 5 -7
leaf_value=0.0018783758291635087 0.0012816007188397119 -0.00099134056234258944 0.00054017678600762863 0.0020437446725953424 -0.0021341529922191678 -0.00063210370344636102
leaf_weight=39.783316686050966 360.36165594268823 72.380086002987809 469.78396159835393 196.6320959830191 164.70914721355075 1068.2205545050674
leaf_count=496 3901 974 6007 2223 3173 12250
internal_value=4.76806e-05 -0.000178622 -0.000400413 0.00122087 -0.000749109 -0.000848321
internal_weight=2371.87 2011.51 1742.5 269.012 1272.71 1232.93
internal_count=29024 25123 21926 3197 15919 15423
is_linear=0
shrinkage=0.03


Tree=88
num_leaves=7
num_cat=0
split_feature=0 10 8 62 37 55
split_gain=0.589567 0.510624 0.618077 0.487295 0.537138 0.449288
threshold=0.45322315344415381 0.020192893228201465 -0.082836676944423732 0.047957116314270069 2.7649288366859164 1.0000000180025095e-35
decision_type=2 2 2 2 8 2
left_child=1 5 -3 -4 -5 -1
right_child=-2 2 3 4 -6 -7
leaf_value=-0.00077687962174343794 0.0032192063569057485 -0.0016034036899746319 0.0002339776408548314 0.00066027361703826538 0.0033530840484811779 0.00037637496012839808
leaf_weight=958.21535789433983 40.58417217398528 102.98148963073618 545.04074113114621 172.48136197913846 105.73014625406358 435.95341331444797
leaf_count=12176 440 1842 6047 2093 938 5461
internal_value=1.50792e-05 -5.45349e-05 0.000488396 0.000766164 0.00176447 -0.000416147
internal_weight=2360.99 2320.4 926.234 823.252 278.212 1394.17
internal_count=28997 28557 10920 9078 3031 17637
is_linear=0
shrinkage=0.03


Tree=89
num_leaves=7
num_cat=0
split_feature=14 34 0 3 8 20
split_gain=0.747908 0.715363 0.601198 0.582521 0.470987 0.34273
threshold=0.39233047508114643 -7.7597284168004981 0.0097190459510089217 -0.13576891096710533 0.091647342228290143 0.0389918033855901
decision_type=2 10 2 2 2 2
left_child=1 3 -3 4 -1 -4
right_child=-2 2 5 -5 -6 -7
leaf_value=-0.00067094610570019432 -0.0020944104333620807 -0.00053311603125573946 0.00020541542213983028 0.0027422255281470435 0.0027785864381446963 0.0017458792171542155
leaf_weight=134.11982649043784 137.52788610011339 1168.0300625051896 586.80355041968869 145.00395265346742 37.371331785077928 158.25046688731527
leaf_count=2624 567 15399 6078 2044 650 1613
internal_value=-2.55304e-05 0.000110867 -0.000110078 0.00140886 0.000192454 0.000551401
internal_weight=2367.11 2229.58 1913.08 316.495 171.491 745.054
internal_count=28975 28408 23090 5318 3274 7691
is_linear=0
shrinkage=0.03


Tree=90
num_leaves=7
num_cat=0
split_feature=23 8 22 56 62 52
split_gain=0.832763 0.669682 0.420645 0.410017 0.327165 0.278326
threshold=0.093890670925741007 0.096505437100449273 -0.17127458574862317 60.205391868577216 0.030004022372950866 3.2080875396860176
decision_type=2 2 2 2 2 2
left_child=1 2 -1 -2 -3 -4
right_child=3 4 5 -5 -6 -7
leaf_value=-0.0021094657726676825 0.0014615811959425152 0.00020464478949116881 0.00043521597944211419 -0.00076372438618823734 0.002107497234673347 -0.0005657762653915587
leaf_weight=122.18812007023371 454.95053568060393 203.30942242330639 318.33459434521501 82.248447288875468 128.30202643305529 1057.3454790100222
leaf_count=1866 4914 2372 4089 904 1464 13459
internal_value=8.60048e-05 -0.00022001 -0.000490645 0.00111314 0.000981009 -0.000332676
internal_weight=2366.68 1829.48 1497.87 537.199 331.611 1375.68
internal_count=29068 23250 19414 5818 3836 17548
is_linear=0
shrinkage=0.03


Tree=91
num_leaves=7
num_cat=0
split_feature=0 7 14 16 37 20
split_gain=0.586926 0.539461 0.502904 0.491686 0.505948 0.437752
threshold=0.43128405499265698 -0.11216522766871455 0.54871700466447615 1.0000000180025095e-35 -5.0275678272359068 -0.061662732943448949
decision_type=2 2 2 2 10 2
left_child=1 -1 3 4 -3 -5
right_child=-2 2 -4 5 -6 -7
leaf_value=-0.0017816031969515984 0.0030449014838056397 0.0014988634751235896 -0.0034888594932898347 -0.0031025502304414614 8.4501414267687926e-05 -0.00033444924081160065
leaf_weight=143.91742562036961 45.924109460727777 254.43307818815811 25.447416663169861 61.82861846772721 1645.9299882223713 191.39399403485004
leaf_count=3082 503 3927 110 896 18193 2259
internal_value=7.76086e-06 -6.50769e-05 5.59144e-05 0.000113732 0.00028072 -0.00110252
internal_weight=2368.87 2322.95 2179.03 2153.59 1900.36 253.223
internal_count=28970 28467 25385 25275 22120 3155
is_linear=0
shrinkage=0.03


Tree=92
num_leaves=7
num_cat=0
split_feature=23 6 14 8 5 23
split_gain=0.780709 0.4736 0.466401 0.541335 0.472443 0.473519
threshold=0.6592022477070093 0.23665629321744089 0.39233047508114643 0.1857495755438632 0.0054415274376709228 0.014695792665090914
decision_type=2 2 2 2 2 2
left_child=1 2 3 4 5 -1
right_child=-2 -3 -4 -5 -6 -7
leaf_value=-0.00078827910873321288 0.0027014818529201541 0.00096335936805392501 -0.0020804444283940471 0.0020516899472737865 0.00076895983680744652 0.00051096967986518325
leaf_weight=1138.4830880794616 82.760869356367039 310.84124835848343 111.54006192088127 84.63973831187468 310.12971405714052 316.05826718732715
leaf_count=16021 931 3085 460 991 3587 3737
internal_value=3.56904e-06 -0.000106129 -0.000279696 -0.000160479 -0.000277546 -0.000504403
internal_weight=2354.45 2271.69 1960.85 1849.31 1764.67 1454.54
internal_count=28812 27881 24796 24336 23345 19758
is_linear=0
shrinkage=0.03


Tree=93
num_leaves=7
num_cat=0
split_feature=52 3 11 22 28 31
split_gain=0.658932 0.464006 0.573059 0.395626 0.316761 0.41538
threshold=1.0000000180025095e-35 -0.23845454229250873 0.041596969771587056 -0.089901178299874721 2.7748541831970219 0.071790754795074477
decision_type=2 2 2 2 8 10
left_child=3 -2 -3 -1 5 -5
right_child=1 2 -4 4 -6 -7
leaf_value=-0.00099576740362112442 -0.0013380731045936592 -0.00038661497284370292 0.00086957134113290055 -0.0014140778305971517 0.0034794369009214531 0.0016292140469750254
leaf_weight=57.264533362002112 299.01186666484864 1308.6876789607632 424.60462925911997 42.813076578546315 55.163768568891101 182.2420410947816
leaf_count=868 4838 14996 4811 359 636 2568
internal_value=-6.18165e-05 -0.000267044 -7.56641e-05 0.00114617 0.00160312 0.00101475
internal_weight=2369.79 2032.3 1733.29 337.483 280.219 225.055
internal_count=29076 24645 19807 4431 3563 2927
is_linear=0
shrinkage=0.03


Tree=94
num_leaves=7
num_cat=0
split_feature=52 10 34 14 0 14
split_gain=0.592183 0.526799 0.461555 0.587711 0.430911 0.384379
threshold=1.0000000180025095e-35 -0.0044340168128788951 -8.06241210301717 0.26319809812135292 0.10990866789285088 0.3574918387231264
decision_type=2 2 10 2 2 2
left_child=-1 4 3 -3 5 -2
right_child=1 2 -4 -5 -6 -7
leaf_value=0.0011186619155177096 -0.00086904521017248828 0.0024093687516321522 -4.0543502215332385e-05 -0.0021749548785298242 0.00051140695766678003 -0.0034533630858264112
leaf_weight=336.60821915941779 670.74254153444781 134.79790289374068 962.09109173383331 22.310892879962921 185.27330258663278 48.113818414509296
leaf_count=4442 9429 2210 10669 100 1992 202
internal_value=-2.76369e-05 -0.000222903 0.000211818 0.00166716 -0.000757464 -0.00108702
internal_weight=2359.94 2023.33 1119.2 157.109 904.13 718.856
internal_count=29044 24602 12979 2310 11623 9631
is_linear=0
shrinkage=0.03


Tree=95
num_leaves=7
num_cat=0
split_feature=2 22 15 39 52 27
split_gain=0.719472 0.582301 0.518307 0.515688 0.455953 0.39507
threshold=-0.13039092357885049 0.016580514551003785 1.5000000000000002 1.5000000000000002 1.0000000180025095e-35 1.4379613995552065
decision_type=2 2 2 2 2 8
left_child=1 -1 4 -3 -2 -6
right_child=2 3 -4 -5 5 -7
leaf_value=-0.0010983318011977522 0.0020458344757479405 -0.0027131231165012999 -0.0011223726312943317 0.0010144501179614421 3.2655377593651257e-05 0.0013175311811442852
leaf_weight=697.57847390972893 165.65489056168008 28.843709164299071 164.48622997757047 238.73410185863031 776.83834979821404 288.27311743795872
leaf_count=9704 1896 404 1940 3355 8466 3169
internal_value=-2.02558e-05 -0.000646271 0.000414303 0.000529367 0.000627064 0.000389428
internal_weight=2360.41 965.156 1395.25 267.578 1230.77 1065.11
internal_count=28934 13463 15471 3759 13531 11635
is_linear=0
shrinkage=0.03


Tree=96
num_leaves=7
num_cat=0
split_feature=58 22 52 6 27 14
split_gain=0.578777 0.524643 0.450762 0.344981 0.482459 0.388645
threshold=0.58571428571428574 -0.048587299203045664 1.0000000180025095e-35 0.16416170483672582 0.24648694694042209 0.1677726311369219
decision_type=2 2 2 2 8 2
left_child=1 -1 -3 -4 5 -5
right_child=-2 2 3 4 -6 -7
leaf_value=-0.00079164941921786242 0.0031432628326313432 0.0014038479086798611 -0.00019277247872379147 0.0010321028522418921 0.0018921782661319457 -0.0017042121599487076
leaf_weight=555.18216698933975 44.100528033915907 253.14811758830911 1158.8713471815572 87.876922690891661 183.04069978091866 79.769289940595627
leaf_count=7423 466 3239 14324 1330 1714 412
internal_value=7.58942e-05 4.28205e-06 0.00025802 5.78947e-05 0.000868622 -0.00029253
internal_weight=2361.99 2317.89 1762.71 1509.56 350.687 167.646
internal_count=28908 28442 21019 17780 3456 1742
is_linear=0
shrinkage=0.03


Tree=97
num_leaves=7
num_cat=0
split_feature=22 34 58 0 27 49
split_gain=0.540001 0.462042 0.459683 0.405341 0.4812 0.377749
threshold=-0.050151224992842282 -7.7597284168004981 0.58571428571428574 0.15860509857599192 0.36821904778480535 1.0000000180025095e-35
decision_type=2 8 2 2 8 2
left_child=5 -2 3 -3 -5 -1
right_child=1 2 -4 4 -6 -7
leaf_value=-0.001016564705207284 0.0022762144985900143 -0.00019102460260306912 0.0031134314672938068 -0.00015698330215917772 0.0022933212833159194 0.0026012597425088108
leaf_weight=540.21842222969281 81.793078129354399 1433.248575991136 34.169693240197375 145.2049453619984 131.02854442526586 17.869720278540626
leaf_count=7258 1824 16832 343 1422 1228 157
internal_value=-4.88872e-05 0.00020149 9.17414e-05 1.35873e-05 0.00104481 -0.000856973
internal_weight=2383.53 1825.44 1743.65 1709.48 276.233 558.088
internal_count=29064 21649 19825 19482 2650 7415
is_linear=0
shrinkage=0.03


Tree=98
num_leaves=7
num_cat=0
split_feature=0 60 22 5 31 44
split_gain=0.493891 0.487982 0.452067 0.431558 0.430274 0.352131
threshold=0.43128405499265698 0.18987847554746051 -0.17961477915168436 0.041497736168020639 5.4663106529042134 7.5000000000000009
decision_type=2 2 2 2 8 8
left_child=1 2 -1 4 -4 -6
right_child=-2 -3 3 -5 5 -7
leaf_value=-0.0016937317620066966 0.0026993027955246108 0.00167332657079112 -0.00060353332984027517 0.001229615034699141 -0.00029317085594713938 0.0010011535431118878
leaf_weight=162.02311634735088 47.618875559826847 120.22782590519637 1116.4618607148004 190.96093173258123 390.75945811756537 350.53468187894032
leaf_count=2423 529 1153 11555 2029 5919 5534
internal_value=-4.48841e-05 -0.000112236 -0.000216439 -9.19471e-05 -0.000233648 0.000324054
internal_weight=2378.59 2330.97 2210.74 2048.72 1857.76 741.294
internal_count=29142 28613 27460 25037 23008 11453
is_linear=0
shrinkage=0.03


Tree=99
num_leaves=7
num_cat=0
split_feature=23 22 60 5 14 6
split_gain=0.566563 0.471838 0.436211 0.386074 0.646524 0.333457
threshold=0.6592022477070093 -0.14633025568717814 0.21995843160965151 1.0000000180025095e-35 0.29499267845158655 0.19457218709914328
decision_type=2 2 2 2 2 2
left_child=1 -1 3 5 -5 -3
right_child=-2 2 -4 4 -6 -7
leaf_value=-0.0012543825597370237 0.0023883982205150814 -0.00039284390344973102 0.0020079387309752069 0.0013734606117025931 -0.0016822289379759534 0.00075879046345700245
leaf_weight=239.19078053731937 81.287842943769647 1276.8083831353724 95.385946119029541 337.71115208661649 67.020444601774216 264.9690975167905
leaf_count=3436 915 16627 913 4057 290 2699
internal_value=7.08954e-05 -2.17545e-05 0.000128047 2.61336e-05 0.000839101 -0.00019131
internal_weight=2362.37 2281.09 2041.9 1946.51 404.732 1541.78
internal_count=28937 28022 24586 23673 4347 19326
is_linear=0
shrinkage=0.03


Tree=100
num_leaves=7
num_cat=0
split_feature=52 4 3 24 59 3
split_gain=0.53764 0.397114 0.388264 0.338889 0.319856 0.287733
threshold=1.0000000180025095e-35 -0.054562053072230117 -0.23845454229250873 7.5000000000000009 0.032266116918129535 -0.052461119096686167
decision_type=2 2 2 2 2 2
left_child=-1 2 -2 4 5 -4
right_child=1 -3 3 -5 -6 -7
leaf_value=0.0011264533950395145 -0.0015135371703139684 0.00058619304003324423 -0.00082547414507627345 0.0013973280673561614 0.00061864250049131254 0.00046282526701010466
leaf_weight=335.58659958597855 224.69271504131029 486.59612423946965 782.3381304970826 101.68559290515259 246.07507770607481 187.34542391565628
leaf_count=4414 3758 5668 9147 1247 2705 1996
internal_value=3.24027e-05 -0.000153209 -0.000388789 -0.000187004 -0.000329836 -0.000574388
internal_weight=2364.32 2028.73 1542.14 1317.44 1215.76 969.684
internal_count=28935 24521 18853 15095 13848 11143
is_linear=0
shrinkage=0.03


Tree=101
num_leaves=7
num_cat=0
split_feature=22 5 14 6 9 39
split_gain=0.52147 0.467155 0.829228 0.476806 0.495624 0.353759
threshold=-0.14633025568717814 1.0000000180025095e-35 0.29499267845158655 0.13798175151304556 0.039008459668051963 2.5000000000000004
decision_type=2 2 2 2 2 2
left_child=-1 3 5 -2 -5 -3
right_child=1 2 -4 4 -6 -7
leaf_value=-0.0012318330320607272 -0.00032836426979761848 0.0033396732214998896 -0.0016749255571926387 -5.4215561562726619e-05 0.0019451766797073944 0.0010895083367753731
leaf_weight=242.60011430998566 1230.8005482892768 76.634280338417739 75.12315371632576 257.86129155749222 185.99701713211834 304.23056892171735
leaf_count=3511 16129 912 324 2861 1740 3560
internal_value=5.75865e-05 0.000209471 0.00104962 -2.41639e-05 0.00080802 0.00161613
internal_weight=2373.25 2130.65 455.988 1674.66 443.858 380.865
internal_count=29037 25526 4796 20730 4601 4472
is_linear=0
shrinkage=0.03


Tree=102
num_leaves=7
num_cat=0
split_feature=6 52 23 60 62 6
split_gain=0.6091 0.526712 0.360556 0.30336 0.295909 0.367549
threshold=0.36371854480259908 3.2080875396860176 0.76977473264236462 0.076320957414525867 -0.63828205747447542 -0.11479510819940154
decision_type=2 2 2 2 2 2
left_child=1 -1 3 4 -3 -6
right_child=-2 2 -4 -5 5 -7
leaf_value=0.00072990221633206678 0.0019145419513715652 0.0011908950995732938 0.0023469539833161426 0.00089994323255858778 -0.0015930583765009648 -0.00040642796997340461
leaf_weight=502.90098588852561 131.34897606167942 74.624406449787784 33.307051658193814 132.9314762474387 285.60321743001987 1207.0599280358583
leaf_count=6258 1328 917 388 1216 4740 14110
internal_value=4.40512e-06 -0.000115804 -0.000363924 -0.000430443 -0.000548271 -0.000642566
internal_weight=2367.78 2236.43 1733.53 1700.22 1567.29 1492.66
internal_count=28957 27629 21371 20983 19767 18850
is_linear=0
shrinkage=0.03


Tree=103
num_leaves=7
num_cat=0
split_feature=15 23 6 23 28 20
split_gain=0.575507 0.555554 0.447663 0.452777 0.417086 0.39464
threshold=1.5000000000000002 0.023793512620699179 0.48952383486131046 0.6592022477070093 -4.8387625217437735 0.019277953408326619
decision_type=2 2 2 2 10 2
left_child=2 -2 3 4 -1 -6
right_child=1 -3 -4 -5 5 -7
leaf_value=0.0011180375792157573 -0.0021094677515586841 0.00078676941433403517 0.0029412931752770752 0.0022691010768618441 -0.00046645782280010944 0.00054211713395000761
leaf_weight=238.80784817106905 200.3887916036183 77.046526500838809 39.614263181167189 70.060564986371901 1279.8921697377227 469.45132439024746
leaf_count=3664 2745 821 391 780 15007 5564
internal_value=-4.66667e-05 -0.00130576 0.000125253 5.7093e-05 -3.18219e-05 -0.000194255
internal_weight=2375.26 277.435 2097.83 2058.21 1988.15 1749.34
internal_count=28972 3566 25406 25015 24235 20571
is_linear=0
shrinkage=0.03


Tree=104
num_leaves=7
num_cat=0
split_feature=9 16 28 0 30 27
split_gain=0.526557 0.45658 0.393413 0.413035 0.383018 0.381723
threshold=0.070994377506521933 1.0000000180025095e-35 1.9769558906555178 0.12985551697302053 0.69205939769744884 0.81672570109367382
decision_type=2 2 8 2 8 8
left_child=1 2 -1 4 -4 -2
right_child=5 -3 3 -5 -6 -7
leaf_value=-0.00036495564602216245 0.00016852800482928932 -0.0015411977702040162 -0.0014665419608040472 0.0024713819678695479 0.00075976190010274404 0.0017252551262899824
leaf_weight=1134.3498495670065 366.58490584607353 206.48812100171926 82.682002326939255 82.514903803355992 270.07273560145404 223.72404963464942
leaf_count=15299 3930 2846 889 756 3064 2243
internal_value=8.8019e-06 -0.000249583 -7.09859e-05 0.000686115 0.000211897 0.000777431
internal_weight=2366.42 1776.11 1569.62 435.27 352.755 590.309
internal_count=29027 22854 20008 4709 3953 6173
is_linear=0
shrinkage=0.03


Tree=105
num_leaves=7
num_cat=0
split_feature=58 23 62 17 37 14
split_gain=0.58977 0.524974 0.432502 0.431368 0.587399 0.446722
threshold=0.41428571428571431 0.6592022477070093 -0.73406424965481676 1.0000000180025095e-35 -5.3239102369795228 0.41698071584284324
decision_type=2 2 2 2 10 2
left_child=1 2 -1 4 -4 -6
right_child=-2 -3 3 -5 5 -7
leaf_value=0.001923020321323397 0.0019816229563578308 0.0021536085098365475 0.0011724671421604884 -0.0014801796762377078 -0.00024081834359000019 -0.0023530589668624455
leaf_weight=70.793547538109124 113.93278239946812 76.203144418133888 248.63540726518841 242.05977596351295 1528.8852937532647 86.058182470500469
leaf_count=856 1210 862 3926 3228 18545 355
internal_value=-3.36078e-05 -0.000143841 -0.000233763 -0.000315023 -0.000156588 -0.000367165
internal_weight=2366.57 2252.64 2176.43 2105.64 1863.58 1614.94
internal_count=28982 27772 26910 26054 22826 18900
is_linear=0
shrinkage=0.03


Tree=106
num_leaves=7
num_cat=0
split_feature=5 2 35 52 14 59
split_gain=0.507302 0.351096 0.413575 0.364195 0.343477 0.312345
threshold=0.0045677016861711437 0.019216221318175523 1.0505777813494208 3.493733417550295 0.41698071584284324 -0.11274002973862386
decision_type=2 2 10 2 2 2
left_child=1 3 -3 4 -1 -2
right_child=5 2 -4 -5 -6 -7
leaf_value=0.00056244183245808695 -0.0003333582234569306 0.002198782793536688 -0.00089197600601535526 -0.00063555956278858966 -0.0027100479295703063 0.0013332746896014818
leaf_weight=423.83208108690451 140.2973487918498 95.294263768329984 54.826684453728376 1305.3167571660015 21.052823901176453 323.97861944095348
leaf_count=5525 1480 1140 595 16635 86 3451
internal_value=-4.51587e-05 -0.000263001 0.00108478 -0.00038411 0.000351409 0.000833233
internal_weight=2364.6 1900.32 150.121 1750.2 444.885 464.276
internal_count=28912 23981 1735 22246 5611 4931
is_linear=0
shrinkage=0.03


Tree=107
num_leaves=7
num_cat=0
split_feature=3 28 23 26 58 5
split_gain=0.468703 0.380342 0.38799 0.354573 0.32041 0.275948
threshold=-0.25439241848900124 2.4646303653717045 0.23646302817713741 2.1703369617462163 0.29285714285714287 -0.17569571520095903
decision_type=2 8 2 10 2 2
left_child=-1 2 4 5 -2 -3
right_child=1 3 -4 -5 -6 -7
leaf_value=-0.0011254272335249657 -0.00045576104832969409 -0.0015260247220531746 0.00091094633523996929 -0.0011648135793604604 0.0010799492575371563 0.0013866203981985341
leaf_weight=297.57512366224546 1210.323085961194 23.516212973394431 277.26496218744433 58.766773110255599 126.36768256127834 385.17019856872503
leaf_count=5007 15075 266 2949 509 1412 3923
internal_value=-3.2094e-05 0.000128852 -9.06568e-05 0.000872764 -0.000303637 0.00118658
internal_weight=2378.98 2081.41 1613.96 467.453 1336.69 408.686
internal_count=29141 24134 19436 4698 16487 4189
is_linear=0
shrinkage=0.03


Tree=108
num_leaves=7
num_cat=0
split_feature=52 2 0 10 28 20
split_gain=0.485515 0.479524 0.362191 0.375004 0.370255 0.357187
threshold=1.0000000180025095e-35 -0.12258256293067527 0.43128405499265698 -0.058293182326838049 -3.0097187757492061 -0.13337589789207568
decision_type=2 2 2 2 10 2
left_child=5 -2 3 -3 -5 -1
right_child=1 2 -4 4 -6 -7
leaf_value=-0.0013146782098945639 -0.00067302540669820132 -0.0010675649006478423 0.0031031431708256484 0.0017794986174951859 0.00013782227658211245 0.0014220998413902769
leaf_weight=41.851794448826695 887.23540753603447 179.36471283514402 28.802799336786848 137.00674745198921 791.38392514115549 297.44391726644244
leaf_count=695 11984 2237 294 1877 8190 3776
internal_value=2.33804e-05 -0.000154177 0.000253191 0.00015199 0.000396473 0.00105655
internal_weight=2363.09 2023.79 1136.56 1107.76 928.391 339.296
internal_count=29053 24582 12598 12304 10067 4471
is_linear=0
shrinkage=0.03


Tree=109
num_leaves=7
num_cat=0
split_feature=11 3 39 15 36 22
split_gain=0.460429 0.433496 0.503983 0.462058 0.384702 0.442691
threshold=0.12604534201053932 -0.05448529814257571 5.5000000000000009 1.5000000000000002 -1.3501224730897581 0.02394694811317136
decision_type=2 2 2 2 10 2
left_child=1 3 4 -1 5 -3
right_child=-2 2 -4 -5 -6 -7
leaf_value=-0.00010644111895957587 0.0020933287434581481 0.0052075240778105937 -0.00020639258429039803 -0.0015670417120568973 0.00078724052925376324 0.00031091681365464746
leaf_weight=1642.7897538066318 81.098049174470361 39.92140976304654 226.18873052526033 211.46397599813645 134.35552466858644 26.916644606331829
leaf_count=20650 884 408 2500 2900 1306 317
internal_value=1.7153e-06 -8.14389e-05 0.000768984 -0.000280524 0.00182339 0.00353269
internal_weight=2362.73 2281.64 427.382 1854.25 201.194 66.8381
internal_count=28965 28081 4531 23550 2031 725
is_linear=0
shrinkage=0.03


Tree=110
num_leaves=7
num_cat=0
split_feature=58 6 14 3 62 11
split_gain=0.515403 0.45262 0.5021 0.339401 0.325548 0.308326
threshold=0.13392857142857145 0.008042858460381646 0.48282597936324062 -0.05448529814257571 -0.61832078631483534 0.05368146094790708
decision_type=2 2 2 2 2 2
left_child=1 4 3 -3 -1 -2
right_child=5 2 -4 -5 -6 -7
leaf_value=0.0013752005581975379 0.00042993748909789763 6.8875894011968571e-06 -0.0033794722858580956 0.0013840939213774061 -0.00094092659988906987 0.0023102353080759583
leaf_weight=50.0543804478948 349.33356168589671 897.10244369998691 25.346439629793167 186.31338256329764 767.92646425461862 93.879733867652249
leaf_count=738 3997 10451 105 1844 10832 1045
internal_value=-4.05031e-05 -0.000253453 0.000141685 0.000254216 -0.000784299 0.000870402
internal_weight=2369.96 1926.74 1108.76 1083.42 817.981 443.213
internal_count=29012 23970 12400 12295 11570 5042
is_linear=0
shrinkage=0.03


Tree=111
num_leaves=7
num_cat=0
split_feature=52 8 62 58 7 25
split_gain=0.540986 0.384319 0.397827 0.393515 0.366251 0.304949
threshold=1.0000000180025095e-35 0.20155080908053044 -0.73406424965481676 0.41428571428571431 -0.099986507532864879 -0.84812360340156479
decision_type=2 2 2 2 2 2
left_child=-1 2 -2 4 -4 -6
right_child=1 -3 3 -5 5 -7
leaf_value=0.0010792622157677709 0.0019118205086801011 0.0015546695225605288 -0.0019189485479959847 0.0014367163539603029 0.0023439985548291075 -0.00041273275196965822
leaf_weight=335.1465977957414 60.74451025784947 96.095645684137708 137.52343415972427 91.836564706376521 27.109774918702897 1607.4750346239016
leaf_count=4435 720 989 2777 972 370 18776
internal_value=-1.88852e-05 -0.00020543 -0.00030089 -0.000382818 -0.000484645 -0.000353037
internal_weight=2355.93 2020.78 1924.69 1863.94 1772.11 1634.58
internal_count=29039 24604 23615 22895 21923 19146
is_linear=0
shrinkage=0.03


Tree=112
num_leaves=7
num_cat=0
split_feature=58 15 14 6 3 1
split_gain=0.424055 0.410772 0.438922 0.423649 0.316276 0.337495
threshold=0.29285714285714287 1.5000000000000002 0.48282597936324062 -1.0000000180025095e-35 -0.052461119096686167 0.012773568221931363
decision_type=2 2 2 2 2 2
left_child=1 2 3 -1 5 -3
right_child=-2 4 -4 -5 -6 -7
leaf_value=-0.00041919482951168331 0.0013184921307467512 -0.0024679274632931772 -0.0024776718585090658 0.0005111274873881279 0.00074688509051455297 0.00024574834683220391
leaf_weight=690.93094297997595 210.22676070255693 139.81270967275486 48.24876569211483 1178.1551421507902 53.689923333236948 54.580723340855911
leaf_count=9987 2262 2081 201 13330 609 583
internal_value=6.42303e-05 -6.30391e-05 8.77641e-05 0.000166822 -0.00118678 -0.00173125
internal_weight=2375.64 2165.42 1917.33 1869.09 248.083 194.393
internal_count=29053 26791 23518 23317 3273 2664
is_linear=0
shrinkage=0.03


Tree=113
num_leaves=7
num_cat=0
split_feature=23 15 37 20 23 2
split_gain=0.462243 0.42939 0.451596 0.380027 0.365685 0.29284
threshold=0.24218571823153637 1.5000000000000002 -5.3239102369795228 0.019277953408326619 -0.2926300598015496 -0.144952985337468
decision_type=2 2 10 2 2 2
left_child=1 2 -1 4 -4 -6
right_child=-2 -3 3 -5 5 -7
leaf_value=0.0011545412909189476 0.00095208065405212594 -0.0013506303865455462 -0.0014853941664903863 0.00054794640896070515 -0.00097806570028949628 0.00018502383263158914
leaf_weight=240.82291025077575 367.91852208867203 241.61363614496076 253.19765123448451 414.68616698577534 282.3577531312767 576.74835663777776
leaf_count=3854 3999 3206 3431 4925 3600 6094
internal_value=-1.09211e-05 -0.000191085 -2.58994e-05 -0.000218368 -0.0005064 -0.000204098
internal_weight=2377.34 2009.43 1767.81 1526.99 1112.3 859.106
internal_count=29109 25110 21904 18050 13125 9694
is_linear=0
shrinkage=0.03


Tree=114
num_leaves=7
num_cat=0
split_feature=58 23 14 5 50 8
split_gain=0.555034 0.429555 0.358542 0.490626 0.386573 0.364702
threshold=0.58571428571428574 0.6592022477070093 0.29499267845158655 1.0000000180025095e-35 0.34848484848484856 -0.065582976778210053
decision_type=2 2 2 2 2 2
left_child=1 2 3 5 -5 -1
right_child=-2 -3 -4 4 -6 -7
leaf_value=-0.001162335137696865 0.0030390458679286276 0.0019355046446885658 -0.0010832012201441644 0.00051769730664742828 0.0031388109843574034 -1.6182723052541314e-05
leaf_weight=303.7824089268106 42.504386190674268 81.496992615750059 315.03433068841696 342.31221314283903 50.80962676811032 1227.9378684966068
leaf_count=5830 441 911 1372 4097 585 15825
internal_value=-1.13376e-05 -7.9986e-05 -0.000161596 -5.93977e-06 0.000925926 -0.000249561
internal_weight=2363.88 2321.37 2239.88 1924.84 393.122 1531.72
internal_count=29061 28620 27709 26337 4682 21655
is_linear=0
shrinkage=0.03


Tree=115
num_leaves=7
num_cat=0
split_feature=8 6 9 34 4 45
split_gain=0.550005 0.49607 0.410016 0.498267 0.650808 0.31076
threshold=-0.07294428779198546 0.39607007501703323 0.023325720440886936 -8.06241210301717 -0.10811220821257 0.57738095238095244
decision_type=2 2 2 10 2 8
left_child=-1 2 -2 4 -4 -6
right_child=1 -3 3 -5 5 -7
leaf_value=-0.0010316757368064983 -0.00025221289567731842 0.0023362148902729318 0.00013420287415034563 0.00032134079074854361 0.0010550419447900538 0.0058970981554828878
leaf_weight=341.31947966109146 1049.6441777663131 88.051654243201483 63.894879146420863 759.91179030315834 23.434256357839331 34.274416131724138
leaf_count=6188 12969 847 821 7403 241 456
internal_value=6.45645e-05 0.00025404 0.000147556 0.000621062 0.00232731 0.00437706
internal_weight=2360.53 2019.21 1931.16 881.515 121.604 57.7087
internal_count=28925 22737 21890 8921 1518 697
is_linear=0
shrinkage=0.03


Tree=116
num_leaves=7
num_cat=0
split_feature=23 14 58 3 20 23
split_gain=0.49083 0.45786 0.393544 0.334396 0.285306 0.270663
threshold=0.30260840634152114 0.54871700466447615 0.63333333333333341 -0.23845454229250873 -0.1109930378965765 -0.29784067960771393
decision_type=2 2 2 2 2 2
left_child=1 2 3 4 -1 -5
right_child=-2 -3 -4 5 -6 -7
leaf_value=-0.0020829278109637814 0.0010835027033885645 -0.003761471678004866 0.0027049840784738864 -0.00077640560039620224 -0.00026394871655790748 0.000155091836007927
leaf_weight=133.97110688081011 299.08631328688352 21.959337122738361 32.86112696849159 342.32422409311403 175.70066505071009 1372.1465808293724
leaf_count=2255 3219 95 354 4594 2982 15606
internal_value=-3.24379e-05 -0.000197399 -0.000141337 -0.000200617 -0.00109142 -3.43217e-05
internal_weight=2378.05 2078.96 2057 2024.14 309.672 1714.47
internal_count=29105 25886 25791 25437 5237 20200
is_linear=0
shrinkage=0.03


Tree=117
num_leaves=7
num_cat=0
split_feature=2 28 3 14 8 8
split_gain=0.430907 0.432974 0.454844 0.397604 0.329797 0.365722
threshold=-0.11810182111780149 3.4920481443405156 -0.021637042932224095 0.30265471309037623 0.0825219497368853 0.014717493898777098
decision_type=2 8 2 2 2 2
left_child=-1 3 4 -2 5 -3
right_child=1 2 -4 -5 -6 -7
leaf_value=-0.00044969316043102413 0.00036492437809580893 0.0019782886331433506 0.0047422110440444136 -0.0012211222883646308 0.0024003625103433965 -0.0015849565511470603
leaf_weight=1079.9660985423543 949.23098677027156 31.539885515812784 26.14076360524632 157.11521846801043 63.593482479802333 59.345284154172987
leaf_count=14713 11744 338 258 677 699 652
internal_value=-1.00402e-05 0.00035952 0.00168035 0.000130765 0.000905404 -0.000274881
internal_weight=2366.93 1286.97 180.619 1106.35 154.479 90.8852
internal_count=29081 14368 1947 12421 1689 990
is_linear=0
shrinkage=0.03


Tree=118
num_leaves=7
num_cat=0
split_feature=62 7 11 18 58 10
split_gain=0.489714 0.453112 0.403812 0.339576 0.313231 0.331032
threshold=-0.73406424965481676 -0.099986507532864879 0.11541475028367247 1.0000000180025095e-35 0.58571428571428574 0.020192893228201465
decision_type=2 2 2 2 2 2
left_child=-1 -2 3 4 5 -3
right_child=1 2 -4 -5 -6 -7
leaf_value=0.002149487924129524 -0.0016349709636613533 -0.00046036718477576429 0.0016701241264422248 -0.0014694979382848018 0.0023828520387398676 0.00035307198054740845
leaf_weight=72.147108514560387 174.35934528030339 1077.8504071811039 102.01191787078278 158.65630436851643 35.975640201271744 758.90105553681497
leaf_count=872 3510 13088 1060 1444 345 8829
internal_value=-0.000127785 -0.000207946 -8.42338e-05 -0.000180084 -6.36205e-05 -0.000124182
internal_weight=2379.9 2307.75 2133.4 2031.38 1872.73 1836.75
internal_count=29148 28276 24766 23706 22262 21917
is_linear=0
shrinkage=0.03


Tree=119
num_leaves=7
num_cat=0
split_feature=22 60 6 49 27 8
split_gain=0.410049 0.429461 0.454308 0.425007 0.347201 0.32489
threshold=-0.050151224992842282 0.21995843160965151 0.23665629321744089 1.0000000180025095e-35 0.24648694694042209 0.17588879559356804
decision_type=2 2 2 2 8 2
left_child=3 2 5 -1 -4 -2
right_child=1 -3 4 -5 -6 -7
leaf_value=-0.00085844503532932161 -0.00018500726108336288 0.0022148068695559704 0.00011997084123216671 0.0029992355971022694 0.0023495097237321333 0.0016143519703678995
leaf_weight=538.99067756702425 1405.9345502910437 83.711838746385183 120.37732766091358 17.309409305686131 124.21541996509768 86.481770325568505
leaf_count=7278 17496 797 1261 157 1169 902
internal_value=1.79981e-05 0.000236154 0.000128665 -0.00068757 0.00130004 -7.06879e-05
internal_weight=2377.02 1820.72 1737.01 556.3 244.593 1492.42
internal_count=29060 21625 20828 7435 2430 18398
is_linear=0
shrinkage=0.03


Tree=120
num_leaves=7
num_cat=0
split_feature=23 22 3 58 59 11
split_gain=0.517625 0.406301 0.337316 0.325822 0.511945 0.403948
threshold=0.6592022477070093 -0.11958833139799746 -0.23845454229250873 0.13392857142857145 0.30161928689962514 0.050387111118551028
decision_type=2 2 2 2 2 2
left_child=1 2 -1 -3 -5 -6
right_child=-2 3 -4 4 5 -7
leaf_value=-0.0021575974256809647 0.0021714419595267494 -0.0001147451527676479 -0.00018067215977956815 0.003028764953001918 -0.00029860134671185997 0.0021895648219536611
leaf_weight=133.94089014062774 85.143859480216634 1606.7873789793521 173.12088236107957 67.999647961230949 240.46696886053542 66.94038922234904
leaf_count=2160 935 19459 2160 781 2736 749
internal_value=3.08183e-06 -8.66589e-05 -0.00108386 7.2483e-05 0.000856027 0.000295129
internal_weight=2374.4 2289.26 307.062 1982.19 375.407 307.407
internal_count=28980 28045 4320 23725 4266 3485
is_linear=0
shrinkage=0.03


Tree=121
num_leaves=7
num_cat=0
split_feature=58 14 3 15 24 0
split_gain=0.491845 0.428888 0.502954 0.525262 0.520332 0.369281
threshold=0.41428571428571431 0.41698071584284324 -0.05448529814257571 1.5000000000000002 2.5000000000000004 -0.11639948813011218
decision_type=2 2 2 2 2 2
left_child=1 2 3 5 -5 -1
right_child=-2 -3 -4 4 -6 -7
leaf_value=-0.00079964270793068308 0.0018478015178639143 -0.0018792833020341269 0.00095642625010178826 -0.003018387848678084 -1.5560211277011276e-06 0.0002450100498528974
leaf_weight=402.45834164986445 113.74848859402118 105.0225243344903 393.57213294645771 102.31433105556061 94.975292015413288 1154.1552507702145
leaf_count=6498 1183 432 4372 1533 1261 13729
internal_value=6.19826e-06 -9.45566e-05 1.0317e-06 -0.000217564 -0.00163622 -2.84624e-05
internal_weight=2366.25 2252.5 2147.48 1753.9 197.29 1556.61
internal_count=29008 27825 27393 23021 2794 20227
is_linear=0
shrinkage=0.03


Tree=122
num_leaves=7
num_cat=0
split_feature=0 20 11 8 34 10
split_gain=0.49407 0.351766 0.406791 0.337279 0.299307 0.632519
threshold=0.43128405499265698 0.078711764565629019 -0.0025625589517281121 0.034741422692794628 -7.7597284168004981 -0.040328100642748936
decision_type=2 2 2 2 10 2
left_child=1 4 3 -3 5 -1
right_child=-2 2 -4 -5 -6 -7
leaf_value=-0.0017627535037678128 0.0026764685244217738 -0.0014292085710045648 0.0014355943960727196 0.0016610757528786239 -0.00043022479754495357 0.0014067055174015516
leaf_weight=66.661853638506727 48.478423851251137 100.8699892325094 239.77987865108298 35.191919589415193 1670.5590570830682 212.76068160848808
leaf_count=1266 521 1345 3028 350 19352 3217
internal_value=-4.74295e-05 -0.000115421 0.000713229 -0.000570916 -0.000277959 0.000615787
internal_weight=2374.3 2325.82 375.842 136.062 1949.98 279.423
internal_count=29079 28558 4723 1695 23835 4483
is_linear=0
shrinkage=0.03


Tree=123
num_leaves=7
num_cat=0
split_feature=11 58 0 51 18 6
split_gain=0.416112 0.372689 0.404321 0.394757 0.374774 0.38983
threshold=0.11541475028367247 0.41428571428571431 -0.080396717285697597 0.63333333333333341 1.0000000180025095e-35 0.16416170483672582
decision_type=2 2 2 2 2 2
left_child=1 2 3 -1 -4 -6
right_child=-2 -3 4 -5 5 -7
leaf_value=-0.0011010863221117121 0.0016677152412834548 0.001492590095420808 0.00016831518088672001 0.0014713329758891092 -0.0025406722214752135 0.00091524212946784012
leaf_weight=575.4768448365794 109.42775363492547 108.16881373722572 1405.5284209297097 50.489515540655702 84.531500194221735 36.453276863321662
leaf_count=8853 1191 1143 16323 543 785 301
internal_value=-5.86174e-05 -0.000149158 -0.000238182 -0.000873726 2.64217e-05 -0.00150901
internal_weight=2370.08 2260.65 2152.48 625.966 1526.51 120.985
internal_count=29139 27948 26805 9396 17409 1086
is_linear=0
shrinkage=0.03


Tree=124
num_leaves=7
num_cat=0
split_feature=0 56 9 34 45 14
split_gain=0.457391 0.352061 0.385436 0.308872 0.540008 0.280798
threshold=0.43128405499265698 -9.3163272024016788 0.070994377506521933 -7.0567977031071978 0.21111111111111114 0.33101708310002576
decision_type=2 2 2 10 10 2
left_child=1 3 5 4 -1 -3
right_child=-2 2 -4 -5 -6 -7
leaf_value=0.0027060784744815003 0.0026375454132230038 -0.00051081576933902214 0.00051525981032426082 0.00012974993641970916 -0.00096303910387877446 -0.0021924524739289609
leaf_weight=102.14848240817082 48.212252667697612 847.36639495789132 306.2767808547942 931.71138232396333 47.029926511255326 91.886334329843521
leaf_count=1684 528 11311 3161 10987 1004 389
internal_value=1.08665e-05 -5.46242e-05 -0.000396942 0.000339858 0.00156152 -0.000696692
internal_weight=2374.63 2326.42 1245.53 1080.89 149.178 939.253
internal_count=29064 28536 14861 13675 2688 11700
is_linear=0
shrinkage=0.03


Tree=125
num_leaves=7
num_cat=0
split_feature=7 15 14 37 4 46
split_gain=0.332438 0.336778 0.381701 0.311936 0.378203 0.302461
threshold=-0.12022649761984112 1.5000000000000002 0.54871700466447615 -5.0275678272359068 -0.1573689520379026 10.500000000000002
decision_type=2 2 2 10 2 8
left_child=-1 2 3 4 -2 -6
right_child=1 -3 -4 -5 5 -7
leaf_value=-0.0013758297295436794 -0.00052530049193665171 -0.00082953029613704716 -0.0027823219003743956 0.00020174819022265213 -0.0012498832331408532 0.0023595145092403552
leaf_weight=123.61828078088001 69.862094868731219 260.812891334499 25.67884611338377 1703.0280034884927 17.362280847039074 170.31906388861535
leaf_count=2750 1214 3272 112 18873 223 2549
internal_value=7.86165e-05 0.000164372 0.000298382 0.000352646 0.00130564 0.00197928
internal_weight=2370.68 2247.06 1986.25 1960.57 257.543 187.681
internal_count=28993 26243 22971 22859 3986 2772
is_linear=0
shrinkage=0.03


Tree=126
num_leaves=7
num_cat=0
split_feature=0 52 3 14 31 26
split_gain=0.396222 0.326326 0.312551 0.309851 0.267825 0.376685
threshold=0.43128405499265698 3.2080875396860176 -0.27401120585400146 0.39233047508114643 7.1145739555358896 0.4635885357856751
decision_type=2 2 2 2 8 10
left_child=1 3 -3 -1 5 -4
right_child=-2 2 4 -5 -6 -7
leaf_value=0.00075208055839893204 0.0023530650204085456 -0.0014177756064126794 2.3274568923929761e-05 -0.0018520635085756884 0.00042984077711302217 -0.0011064499539410434
leaf_weight=489.80353423420456 50.568386128987186 189.80016340088332 688.55665818048874 35.31971287727356 478.91077161737485 422.0543781806482
leaf_count=6341 538 3170 7348 145 7197 4131
internal_value=-4.24636e-05 -0.00010497 -0.000298943 0.000545589 -0.000157318 -0.000412086
internal_weight=2355.01 2304.45 1779.32 525.123 1589.52 1110.61
internal_count=28870 28332 21846 6486 18676 11479
is_linear=0
shrinkage=0.03


Tree=127
num_leaves=7
num_cat=0
split_feature=56 9 27 14 62 46
split_gain=0.437051 0.508563 0.348393 0.402043 0.334137 0.325991
threshold=-9.3163272024016788 0.0628118824900714 0.8669240176677705 0.17585003535745194 0.093272578858687963 50.500000000000007
decision_type=2 2 10 2 2 10
left_child=-1 4 3 -3 -2 -4
right_child=1 2 5 -5 -6 -7
leaf_value=0.00034457088951727423 -0.001177095811058572 0.0009595238342995176 0.0029695058416129906 -0.001371544310791578 9.6714971072846289e-05 -0.00062465801278066492
leaf_weight=1100.2538490467705 673.35713401035173 136.81506718572928 67.117512528668158 111.92168472707272 252.33154383127112 27.904553952859715
leaf_count=13883 8418 2063 644 581 3102 269
internal_value=-9.13851e-05 -0.000468976 0.000505924 -0.000101835 -0.000832548 0.00195505
internal_weight=2369.7 1269.45 343.759 248.737 925.689 95.0221
internal_count=28960 15077 3557 2644 11520 913
is_linear=0
shrinkage=0.03


Tree=128
num_leaves=7
num_cat=0
split_feature=58 52 14 10 10 40
split_gain=0.430589 0.408653 0.305662 0.299304 0.273817 0.364693
threshold=0.13392857142857145 3.493733417550295 0.028557834561282684 -0.068081507655543633 0.019491846142484597 1.5000000000000002
decision_type=2 2 2 2 2 2
left_child=1 2 -1 -4 5 -3
right_child=-2 4 3 -5 -6 -7
leaf_value=-0.002352649862029346 0.00086823335134805833 -0.00030359257413930906 -0.0010607380429178779 0.0010273511017924385 9.0941968386890474e-05 -0.0016179312643723506
leaf_weight=20.955173192574875 446.8551372015063 559.30211854065419 63.753420975059271 422.29724526591599 566.47882714529987 282.65973381430376
leaf_count=1525 5074 7366 671 4074 6821 3465
internal_value=4.03849e-05 -0.00015625 0.000566843 0.000737602 -0.000418708 -0.000758648
internal_weight=2362.3 1915.45 507.006 486.051 1408.44 841.962
internal_count=28996 23922 6270 4745 17652 10831
is_linear=0
shrinkage=0.03


Tree=129
num_leaves=7
num_cat=0
split_feature=59 2 62 31 45 56
split_gain=0.469799 0.357222 0.292301 0.417061 0.40984 0.400131
threshold=-0.73819209882540138 -0.18592903834201499 -0.19482401840034888 -3.0769131779670711 0.21111111111111114 1.0392184744495625
decision_type=2 2 2 10 10 2
left_child=-1 -2 -3 4 5 -4
right_child=1 2 3 -5 -6 -7
leaf_value=0.0021290714253091982 -0.00077052011437828442 -0.00054285542167075622 0.0035495560503551659 0.00013878025495661986 -0.000488707381051842 0.00053383694767381463
leaf_weight=85.076323081390001 450.02059675313649 399.55106208333746 87.794451217865571 1193.3239319500863 62.169685738626868 73.463632146711461
leaf_count=970 7609 4368 891 13492 801 697
internal_value=6.31205e-05 -2.34464e-05 0.00016486 0.000366855 0.00152687 0.00228709
internal_weight=2351.4 2266.32 1816.3 1416.75 223.428 161.258
internal_count=28828 27858 20249 15881 2389 1588
is_linear=0
shrinkage=0.03


Tree=130
num_leaves=7
num_cat=0
split_feature=62 7 16 35 0 22
split_gain=0.327684 0.351349 0.340386 0.359638 0.340097 0.291713
threshold=-0.73406424965481676 -0.11216522766871455 1.0000000180025095e-35 2.7500976764907445 0.45322315344415381 0.16433907527176775
decision_type=2 2 2 8 2 2
left_child=-1 5 3 4 -3 -2
right_child=1 2 -4 -5 -6 -7
leaf_value=0.0019533702683115668 -0.0018564039804990992 -4.1247407614619433e-05 -0.00088024514338895163 0.00099986738856972022 0.0027850620863118197 0.0018101545767607067
leaf_weight=72.437783764849883 125.17645271468791 1428.98227571405 256.50517496955581 445.8876041098265 29.368032750498969 14.6541655731271
leaf_count=851 2698 16607 3181 5030 326 332
internal_value=9.49398e-05 2.82229e-05 0.000125084 0.000264395 3.4248e-05 -0.00137698
internal_weight=2373.01 2300.57 2160.74 1904.24 1458.35 139.831
internal_count=29025 28174 25144 21963 16933 3030
is_linear=0
shrinkage=0.03


Tree=131
num_leaves=7
num_cat=0
split_feature=52 14 58 59 62 37
split_gain=0.425502 0.431447 0.409558 0.412198 0.303344 0.33362
threshold=3.2080875396860176 0.39233047508114643 0.13392857142857145 -0.43151483054104545 0.58606219132296966 2.0414093812306731
decision_type=2 2 2 2 2 10
left_child=1 -1 3 -2 5 -4
right_child=2 -3 4 -5 -6 -7
leaf_value=0.00096272516859196406 0.00084551404729971656 -0.0020580449790760305 0.00033722024164300395 -0.00063385279858936972 -0.00029914036134581865 0.0028442728554372875
leaf_weight=500.62668661071802 185.68894079315942 37.087964281439781 111.0023679418664 1309.3039623445948 151.83521658825339 78.214547266252339
leaf_count=6371 2283 152 1455 16267 1777 679
internal_value=-1.37612e-05 0.000720602 -0.000231569 -0.000445708 0.000693057 0.00146429
internal_weight=2373.76 537.715 1836.05 1494.99 341.052 189.217
internal_count=28984 6523 22461 18550 3911 2134
is_linear=0
shrinkage=0.03


Tree=132
num_leaves=7
num_cat=0
split_feature=10 46 7 52 50 26
split_gain=0.353955 0.42789 0.417141 0.404482 0.284472 0.25966
threshold=0.019491846142484597 25.500000000000004 0.079095207294363853 3.493733417550295 0.47727272727272735 -1.1123366951942442
decision_type=2 8 2 2 2 8
left_child=3 -2 -3 4 -1 -4
right_child=1 2 5 -5 -6 -7
leaf_value=0.00021038958567807592 0.0018066005354425052 -0.00024988803175291153 -0.00021197292629861707 -0.00060673693747940072 0.0026435914625976284 0.0020261323557293812
leaf_weight=343.67355252779089 161.23034077510238 596.02692582693999 66.684895980986767 1028.861773732322 39.855945890885778 132.79336682104622
leaf_count=4237 1898 7441 665 13084 508 1200
internal_value=2.88394e-06 0.000445798 0.000150991 -0.000298165 0.000523996 0.00130354
internal_weight=2369.13 956.736 795.505 1412.39 383.529 199.478
internal_count=29033 11204 9306 17829 4745 1865
is_linear=0
shrinkage=0.03


Tree=133
num_leaves=7
num_cat=0
split_feature=37 22 58 28 14 52
split_gain=0.413496 0.416222 0.384872 0.356515 0.308773 0.2628
threshold=-3.2593762866324849 0.11725936413436787 0.13392857142857145 2.6185191869735722 0.26930193856807477 3.493733417550295
decision_type=10 2 2 10 2 2
left_child=-1 2 5 -4 -3 -2
right_child=1 4 3 -5 -6 -7
leaf_value=0.00090356739296841885 0.00014969330869809647 0.0015697600012379907 0.00015605425513932065 0.002700897654029622 -0.0010756309384547874 -0.00077272827063346126
leaf_weight=406.12735645468638 378.52927458230988 183.22780616447562 309.99959714629222 49.303375307936221 42.391457483172417 1007.2938109890383
leaf_count=6930 4205 2464 3375 400 187 11589
internal_value=4.40512e-05 -0.000136744 -0.000295034 0.000568936 0.00104816 -0.000521507
internal_weight=2376.87 1970.75 1745.13 359.303 225.619 1385.82
internal_count=29150 22220 19569 3775 2651 15794
is_linear=0
shrinkage=0.03


Tree=134
num_leaves=7
num_cat=0
split_feature=14 62 2 52 7 40
split_gain=0.447451 0.565099 0.410252 0.3177 0.30553 0.29684
threshold=0.39233047508114643 0.0013221966996064297 -0.11810182111780149 1.0000000180025095e-35 0.13625164827640449 3.5000000000000004
decision_type=2 2 2 2 2 2
left_child=2 -2 3 -1 5 -4
right_child=1 -3 4 -5 -6 -7
leaf_value=0.00091252267854417563 -0.0030671124553199843 0.00060774209450803376 0.00022090207426819783 -0.00052595160377678181 0.0019902288045141568 0.0022055310652562068
leaf_weight=154.44453642971348 79.935355320572853 59.938512369990349 1040.485510999104 872.80810761541943 104.12570696484181 62.867436004453339
leaf_count=2388 331 247 12314 12140 966 711
internal_value=3.03236e-05 -0.00155689 0.000136162 -0.000302969 0.000509169 0.000352777
internal_weight=2374.61 139.874 2234.73 1027.25 1207.48 1103.35
internal_count=29097 578 28519 14528 13991 13025
is_linear=0
shrinkage=0.03


Tree=135
num_leaves=7
num_cat=0
split_feature=8 34 21 8 11 56
split_gain=0.306762 0.326113 0.311258 0.299579 0.322502 0.376179
threshold=-0.18683575907459973 -8.06241210301717 1.0000000180025095e-35 0.093206264621981047 0.043773143004014164 -8.8504427572865296
decision_type=2 10 2 2 2 2
left_child=-1 2 3 4 5 -2
right_child=1 -3 -4 -5 -6 -7
leaf_value=-0.0019363260408363078 0.0037518738431344422 -0.00015139328597127329 6.4866218043665626e-06 0.004300730399789841 -0.0016148664732440316 -2.1277110578739456e-05
leaf_weight=66.999891701241722 36.931531120790169 2002.0723549922986 167.21456273508375 26.587870859715622 24.067798976204358 47.982147741975496
leaf_count=1844 560 22540 2855 341 307 634
internal_value=-7.36293e-05 -1.13517e-05 0.000889869 0.00190416 0.00100715 0.00184217
internal_weight=2371.86 2304.86 302.784 135.569 108.981 84.9137
internal_count=29081 27237 4697 1842 1501 1194
is_linear=0
shrinkage=0.03


Tree=136
num_leaves=7
num_cat=0
split_feature=0 22 26 23 2 52
split_gain=0.364643 0.401634 0.286882 0.272731 0.272337 0.240648
threshold=0.43128405499265698 -0.14633025568717814 -3.1725465059280391 0.87099810360961794 -0.099423698742945224 1.0000000180025095e-35
decision_type=2 2 10 2 2 2
left_child=1 2 -1 5 -2 -3
right_child=4 3 -4 -5 -6 -7
leaf_value=0.00071071073049362948 -0.00033457978505484096 0.00080032328154280125 -0.0017135814611606071 0.0025240000637817401 0.0037562452766873142 -0.00010719994726327439
leaf_weight=50.258428439614363 20.776147570111789 298.87107696573366 189.43068058235804 30.165891981800087 29.792358947859611 1760.0601023757627
leaf_count=831 230 3804 2635 319 296 20989
internal_value=-3.83595e-07 -5.98983e-05 -0.00119715 7.56635e-05 0.00229777 2.77662e-05
internal_weight=2379.35 2328.79 239.689 2089.1 50.5685 2058.93
internal_count=29104 28578 3466 25112 526 24793
is_linear=0
shrinkage=0.03


Tree=137
num_leaves=7
num_cat=0
split_feature=28 36 62 22 6 21
split_gain=0.419929 0.546129 0.396125 0.444429 0.374084 0.348839
threshold=2.8372008800506596 2.5038499549652142 -0.73406424965481676 -0.12591592955337719 0.25651648552478301 1.0000000180025095e-35
decision_type=8 10 2 2 2 2
left_child=2 4 -1 -4 5 -2
right_child=1 -3 3 -5 -6 -7
leaf_value=0.002024584640255205 0.0016834646639061483 -0.0030564859368755215 -0.0013867315343015667 -3.1898850127784275e-05 0.0034289405762817954 -0.00011360867423168272
leaf_weight=64.002058552228846 181.47439274640055 20.333242503460497 241.71721436889493 1626.1931780628511 46.836253660963848 195.08002665115055
leaf_count=793 2019 162 3550 19949 391 2218
internal_value=6.27854e-05 0.000884275 -0.000129477 -0.000213672 0.00113969 0.000773608
internal_weight=2375.64 443.724 1931.91 1867.91 423.391 376.554
internal_count=29082 4790 24292 23499 4628 4237
is_linear=0
shrinkage=0.03


Tree=138
num_leaves=7
num_cat=0
split_feature=3 8 6 23 9 20
split_gain=0.37512 0.291209 0.362147 0.291078 0.24581 0.224055
threshold=-0.23845454229250873 0.093206264621981047 0.11995215246996332 -0.40263861012598101 -0.033776830121175001 -0.1109930378965765
decision_type=2 2 2 2 2 2
left_child=5 3 -3 -2 -4 -1
right_child=1 2 4 -5 -6 -7
leaf_value=-0.0018048110475537694 -0.0010632377317218373 2.2221595059403634e-05 -0.00079102066290023137 7.4065276781264279e-05 0.0022229568885496621 -0.00027429610007966454
leaf_weight=148.80786536089727 227.3239725632593 239.56370394476107 23.514187015010975 1374.7462009877781 150.10655723238597 197.42655646213097
leaf_count=2472 3273 2635 250 15631 1369 3321
internal_value=-6.67679e-05 9.1433e-05 0.000791488 -9.29055e-05 0.00179391 -0.000964293
internal_weight=2361.49 2015.25 413.184 1602.07 173.621 346.234
internal_count=28951 23158 4254 18904 1619 5793
is_linear=0
shrinkage=0.03


Tree=139
num_leaves=7
num_cat=0
split_feature=58 28 22 23 59 15
split_gain=0.467029 0.434431 0.38822 0.346759 0.300971 0.258388
threshold=0.58571428571428574 -4.6511518955230704 0.11725936413436787 -0.34673106389962388 -0.34809338673098683 1.5000000000000002
decision_type=2 10 2 2 2 2
left_child=1 5 3 4 -3 -1
right_child=-2 2 -4 -5 -6 -7
leaf_value=0.0014662259333108249 0.0028501437042151362 0.00075601759280550271 0.001002154969556718 -8.2494432432429003e-05 -0.001608620529216249 -0.0010424987251478669
leaf_weight=243.84095619319123 44.178748887527036 53.271928009053227 234.13032368378481 1500.4365419603419 249.34068347385619 35.903909471293446
leaf_count=3785 463 748 2876 16943 3595 609
internal_value=9.67728e-05 3.22491e-05 -0.000121774 -0.000272441 -0.00118148 0.00111938
internal_weight=2361.1 2316.92 2037.18 1803.05 302.613 279.745
internal_count=29019 28556 24162 21286 4343 4394
is_linear=0
shrinkage=0.03


Tree=140
num_leaves=7
num_cat=0
split_feature=58 14 24 11 3 15
split_gain=0.349101 0.364759 0.342655 0.301412 0.318543 0.368912
threshold=0.41428571428571431 0.54871700466447615 3.5000000000000004 0.12604534201053932 -0.05448529814257571 1.5000000000000002
decision_type=2 2 2 2 2 2
left_child=1 3 -2 4 5 -1
right_child=2 -3 -4 -5 -6 -7
leaf_value=-1.3111383865617102e-05 0.0028117164911756697 -0.0030086973902983759 -0.000366960120205223 0.0017720267963835829 0.00075509371515220273 -0.0013699193138821749
leaf_weight=1544.7156628306257 71.606173726991983 25.019570730626583 45.426371271722019 80.586377938336227 402.57272798384656 194.22650219040224
leaf_count=19805 718 108 493 873 4330 2708
internal_value=0.000116102 2.9476e-05 0.00164615 7.70101e-05 5.28594e-06 -0.000171623
internal_weight=2364.15 2247.12 117.033 2222.1 2141.51 1738.94
internal_count=29035 27824 1211 27716 26843 22513
is_linear=0
shrinkage=0.03


Tree=141
num_leaves=7
num_cat=0
split_feature=23 8 60 20 24 14
split_gain=0.403983 0.412514 0.39705 0.31111 0.274976 0.214472
threshold=0.6592022477070093 -0.065582976778210053 0.15280908577621333 -0.12350961969035351 6.5000000000000009 0.29499267845158655
decision_type=2 2 2 2 2 2
left_child=1 4 3 -3 -1 -5
right_child=-2 2 -4 5 -6 -7
leaf_value=-0.0013028071171920757 0.0019399105845402847 -0.00096786704932186199 0.0016941829756920248 0.00028351775314873777 0.0010320885805677673 -0.00068714031050392068
leaf_weight=325.39639741159044 81.063957478007069 262.44329658598872 118.25044612766942 1296.1489086511574 44.905395472655073 233.24215337634087
leaf_count=5685 903 3432 1043 15969 911 1014
internal_value=-1.97634e-05 -9.75922e-05 8.16452e-05 -3.35846e-05 -0.000999968 0.000131984
internal_weight=2361.45 2280.39 1910.08 1791.83 370.302 1529.39
internal_count=28957 28054 21458 20415 6596 16983
is_linear=0
shrinkage=0.03


Tree=142
num_leaves=7
num_cat=0
split_feature=6 62 22 62 28 7
split_gain=0.363193 0.296708 0.275722 0.270867 0.230794 0.219436
threshold=0.30303618080058076 0.11781113218384863 0.026474360494977523 -0.73406424965481676 2.6185191869735722 -0.12022649761984112
decision_type=2 2 2 2 8 2
left_child=3 2 4 -1 -2 -5
right_child=1 -3 -4 5 -6 -7
leaf_value=0.00167336768701912 -0.0010420418124037845 0.0028978375904676668 0.0023930116309156145 -0.0013376304137082285 0.0018667144284480284 -6.4673193266176374e-05
leaf_weight=66.563893432961777 88.692296623892616 55.828458513249643 36.139579439535737 119.96201663094689 22.903995299711823 1982.3376946896315
leaf_count=805 990 525 363 2669 194 23475
internal_value=3.57539e-05 0.00121628 0.000437398 -8.01209e-05 -0.000340628 -0.0001433
internal_weight=2372.43 203.564 147.736 2168.86 111.596 2102.3
internal_count=29021 2072 1547 26949 1184 26144
is_linear=0
shrinkage=0.03


Tree=143
num_leaves=7
num_cat=0
split_feature=23 58 14 15 28 30
split_gain=0.273911 0.255472 0.290392 0.308645 0.270833 0.246267
threshold=0.87099810360961794 0.41428571428571431 0.48282597936324062 1.5000000000000002 2.2680808305740361 -4.4536819458007804
decision_type=2 2 2 2 10 10
left_child=1 2 3 5 -3 -1
right_child=-2 4 -4 -5 -6 -7
leaf_value=0.00052639611950664974 0.0022197742369702168 0.00035503408773571914 -0.0022756663023037623 -0.0010882409923105053 0.0036395083160163533 -0.00021844841453915533
leaf_weight=552.89381743644481 35.945297637896147 92.617320621444378 48.675446376204491 258.48854008712806 21.068336991593242 1366.3005238208862
leaf_count=8646 398 1023 202 3413 170 15290
internal_value=-7.48357e-05 -0.000119379 -0.0001923 -0.000135543 0.00120876 -2.25252e-06
internal_weight=2375.99 2340.04 2226.36 2177.68 113.686 1919.19
internal_count=29142 28744 27551 27349 1193 23936
is_linear=0
shrinkage=0.03


Tree=144
num_leaves=7
num_cat=0
split_feature=58 11 62 18 34 14
split_gain=0.373871 0.336701 0.339272 0.266649 0.285409 0.566091
threshold=0.58571428571428574 0.1185615240820051 -0.73406424965481676 1.0000000180025095e-35 -7.6034159660339347 0.23169081031993113
decision_type=2 2 2 2 10 2
left_child=1 2 -1 4 5 -4
right_child=-2 -3 3 -5 -6 -7
leaf_value=0.0017643069478343828 0.0024170886688211482 0.0015133272827448053 0.0013031692322428062 -0.0013712739268051937 -0.00030202341850820498 -0.0020095126996503656
leaf_weight=67.810146757459734 44.185235400422243 100.48564433469437 240.06938043628179 166.43478226813022 1691.2865681380208 47.674088671803474
leaf_count=808 454 1084 4636 1609 20120 227
internal_value=-4.65933e-05 -0.000103841 -0.000183739 -0.000253209 -0.000152759 0.000705258
internal_weight=2357.95 2313.76 2213.27 2145.46 1979.03 287.743
internal_count=28938 28484 27400 26592 24983 4863
is_linear=0
shrinkage=0.03


Tree=145
num_leaves=7
num_cat=0
split_feature=23 2 30 27 12 34
split_gain=0.314904 0.305622 0.377763 0.287439 0.268335 0.221023
threshold=0.87099810360961794 -0.12358074257458976 -4.5160851478576651 0.94627901911735546 0.49614426149718432 -1.8597249239683149
decision_type=2 2 8 8 2 10
left_child=1 2 5 4 -3 -1
right_child=-2 3 -4 -5 -6 -7
leaf_value=8.3424826580088033e-05 0.0023721407248750749 0.00053710288620252512 -0.00082807552484115529 0.000731074244372471 -0.00057333491269184896 0.0024247625092472008
leaf_weight=174.81690801682998 35.465753701108042 293.50254488862993 811.24785959289875 479.13348851935007 544.31184389069676 36.050394478603266
leaf_count=3556 396 5763 10074 5268 3553 450
internal_value=-0.000101624 -0.000149071 -0.000535769 0.000152831 -0.00018258 0.000575366
internal_weight=2374.53 2339.06 1022.12 1316.95 837.814 210.867
internal_count=29060 28664 14080 14584 9316 4006
is_linear=0
shrinkage=0.03


Tree=146
num_leaves=7
num_cat=0
split_feature=23 15 9 52 3 24
split_gain=0.359327 0.38527 0.353018 0.31197 0.231183 0.224001
threshold=0.23646302817713741 1.5000000000000002 0.20402260214649418 2.8062982233521478 -0.09741389448386617 2.5000000000000004
decision_type=2 2 2 2 2 2
left_child=1 2 3 -1 5 -3
right_child=-2 4 -4 -5 -6 -7
leaf_value=0.00084944261259930532 0.00084759531780246558 -0.0028263278980392588 0.0024097511705972055 -0.00024789834430136105 7.6238839392185043e-05 -0.00051136521315438114
leaf_weight=267.63657391601009 374.26356105119339 87.960184910974931 43.142309672082774 1447.55375593809 77.61609908961691 69.680382431135513
leaf_count=3482 4009 1314 520 17833 875 969
internal_value=7.29115e-06 -0.000153905 1.45386e-06 -7.27391e-05 -0.00126779 -0.00189461
internal_weight=2367.85 1993.59 1758.33 1715.19 235.257 157.641
internal_count=29002 24993 21835 21315 3158 2283
is_linear=0
shrinkage=0.03


Tree=147
num_leaves=7
num_cat=0
split_feature=8 28 28 46 58 3
split_gain=0.334622 0.354264 0.302357 0.406934 0.283078 0.296042
threshold=-0.082836676944423732 0.70762315392494213 0.31865821778774267 14.500000000000002 0.41428571428571431 -0.30125784561850588
decision_type=2 8 8 8 2 2
left_child=1 -1 3 -2 5 -4
right_child=2 -3 4 -5 -6 -7
leaf_value=3.9307469567000424e-05 0.0015924087204126089 -0.0020423471754622848 -0.0013988337409626293 -0.00044969544412502046 0.0024418152875520229 0.00050305375736494436
leaf_weight=160.37036145076854 88.233062961953692 125.37947230174905 69.693300558603369 830.96993697489961 53.398235062835738 1033.1032496259431
leaf_count=3559 1125 1924 888 10911 467 10120
internal_value=3.22704e-05 -0.000912241 0.000166066 -0.000238649 0.000487111 0.00037137
internal_weight=2361.15 285.75 2075.4 919.203 1156.19 1102.8
internal_count=28994 5483 23511 12036 11475 11008
is_linear=0
shrinkage=0.03


Tree=148
num_leaves=7
num_cat=0
split_feature=0 23 59 7 10 46
split_gain=0.259658 0.257166 0.261284 0.234123 0.240058 0.310566
threshold=0.51080298209407771 0.6592022477070093 -0.64583042927269285 -0.099986507532864879 -0.068081507655543633 36.500000000000007
decision_type=2 2 2 2 2 10
left_child=1 2 -1 -4 -5 -6
right_child=-2 -3 3 4 5 -7
leaf_value=0.0012440225810202356 0.0025628021724437306 0.0015056584179796472 -0.0012359255263412715 -0.0009201592534604972 0.00032512817700128987 -0.0005215282835112331
leaf_weight=110.15798679331783 24.592522442748304 81.317553494067397 168.07216353408876 266.00734259258024 1120.5991379222251 585.23815506964456
leaf_count=1299 268 894 3440 3421 13152 6436
internal_value=-1.74441e-05 -5.5491e-05 -0.000118323 -0.000193914 -9.93088e-05 3.33109e-05
internal_weight=2355.98 2331.39 2250.07 2139.92 1971.84 1705.84
internal_count=28910 28642 27748 26449 23009 19588
is_linear=0
shrinkage=0.03


Tree=149
num_leaves=7
num_cat=0
split_feature=34 10 23 3 27 8
split_gain=0.434327 0.442436 0.34302 0.296402 0.345728 0.266112
threshold=-7.7597284168004981 -0.033987052624992409 0.093890670925741007 -0.10010727317311442 0.61759784817695629 -0.082836676944423732
decision_type=10 2 2 2 8 2
left_child=1 3 -2 4 -1 -3
right_child=2 5 -4 -5 -6 -7
leaf_value=0.0012750808581258385 -0.00034958893469667446 -0.00091981751296433601 0.00054270215531320766 0.0018201363699485275 -0.002864802707171021 0.00200015259877359
leaf_weight=19.50495932425838 1531.5041466820112 26.140912558679702 508.41099705692613 21.452808071160689 48.237982102436945 219.28634309362678
leaf_count=558 18425 701 5242 348 810 3025
internal_value=4.01939e-05 0.00102545 -0.000125639 -0.000725542 -0.00166213 0.00166531
internal_weight=2374.54 334.623 2039.92 89.1957 67.7429 245.427
internal_count=29109 5442 23667 1716 1368 3726
is_linear=0
shrinkage=0.03


Tree=150
num_leaves=7
num_cat=0
split_feature=20 11 2 0 4 23
split_gain=0.30319 0.459867 0.299034 0.31217 0.297102 0.279059
threshold=0.078711764565629019 -0.019357306036584081 -0.18701032006820437 0.47764903910488521 -0.15132751059343583 -0.40263861012598101
decision_type=2 2 2 2 2 2
left_child=2 -2 -1 4 -4 -6
right_child=1 -3 3 -5 5 -7
leaf_value=-0.00088048945712400101 -0.00084559874605685066 0.0014123484814392636 -0.00064581397188719373 0.0029545501834964349 -0.0011216415029880104 0.00040892401557025116
leaf_weight=383.74178949889028 106.06545565678971 273.24915760336444 465.81014097225852 22.455194416455925 110.23181267944165 1002.6249994430109
leaf_count=6402 1336 3453 5427 226 1355 10809
internal_value=9.70928e-06 0.00077547 -0.000139784 4.21044e-05 -1.76596e-05 0.000248678
internal_weight=2364.18 379.315 1984.86 1601.12 1578.67 1112.86
internal_count=29008 4789 24219 17817 17591 12164
is_linear=0
shrinkage=0.03


Tree=151
num_leaves=7
num_cat=0
split_feature=5 37 15 5 12 4
split_gain=0.281691 0.247284 0.267076 0.255466 0.262612 0.311621
threshold=0.0063540462864922886 -5.3239102369795228 1.5000000000000002 -0.16598456877572784 1.0261869549112583 -0.10902032787890345
decision_type=2 10 2 2 2 2
left_child=1 2 3 -1 5 -5
right_child=-2 -3 -4 4 -6 -7
leaf_value=-0.0016307453483104545 0.00068542964107596097 -0.00026957036314172232 -0.0014930542399707932 0.00063060343898488922 -0.00032613311757443293 0.0034522409816907314
leaf_weight=18.893397305277176 454.47128082063864 1667.0029476111231 32.636268553382251 75.52837644360261 51.731438398361206 66.509401077986695
leaf_count=318 4832 20062 588 1614 303 1287
internal_value=2.24871e-05 -0.000137812 0.000733081 0.00112643 0.0014621 0.002092
internal_weight=2366.77 1912.3 245.299 212.663 193.769 142.038
internal_count=29004 24172 4110 3522 3204 2901
is_linear=0
shrinkage=0.03


Tree=152
num_leaves=7
num_cat=0
split_feature=60 14 14 24 47 62
split_gain=0.280154 0.287995 0.263689 0.273758 0.291928 0.274652
threshold=0.15280908577621333 0.13696179645903075 0.48282597936324062 7.5000000000000009 4.5000000000000009 -0.73406424965481676
decision_type=2 2 2 2 8 2
left_child=2 -2 3 4 -1 -6
right_child=1 -3 -4 -5 5 -7
leaf_value=-0.0017776203447824332 -0.00046084624938036732 0.0022040117673643358 -0.0020056223912723343 0.0011498270391383 0.0017752763046358386 -0.00010568658113372249
leaf_weight=80.703278372820932 52.754630544222891 90.139716304838657 51.784214749932289 156.92628065001918 62.567256503796671 1869.4031075312087
leaf_count=1099 829 520 215 2076 753 23531
internal_value=1.21185e-05 0.00125439 -7.30561e-05 -1.79393e-05 -0.000114223 -3.59433e-05
internal_weight=2364.28 142.894 2221.38 2169.6 2012.67 1931.97
internal_count=29023 1349 27674 27459 25383 24284
is_linear=0
shrinkage=0.03


Tree=153
num_leaves=7
num_cat=0
split_feature=3 31 10 31 14 24
split_gain=0.345252 0.311471 0.292279 0.241384 0.245876 0.238466
threshold=-0.23845454229250873 4.4244567751884469 -0.039539116282021912 5.6875586509704599 0.2239044430558475 2.5000000000000004
decision_type=2 8 2 8 2 2
left_child=3 -2 5 4 -1 -3
right_child=1 2 -4 -5 -6 -7
leaf_value=-0.00085485016497313529 -0.00021381423964735531 -0.0012339516140128393 0.00083768878812191566 -0.0018503732315753531 0.0012575931803123553 0.00062556719451990761
leaf_weight=160.55365877156146 1109.6360161829507 123.80391140468419 685.9181986884214 131.48056307181832 60.184413701295853 107.18121191189857
leaf_count=2491 10428 1997 9199 3055 295 1596
internal_value=-2.82826e-05 0.000123624 0.000529893 -0.000881584 -0.000249349 -0.000380948
internal_weight=2378.76 2026.54 916.903 352.219 220.738 230.985
internal_count=29061 23220 12792 5841 2786 3593
is_linear=0
shrinkage=0.03


Tree=154
num_leaves=7
num_cat=0
split_feature=14 28 10 39 14 0
split_gain=0.301299 0.314196 0.497705 0.255739 0.493203 0.327266
threshold=0.54871700466447615 3.936851024627686 -0.068081507655543633 2.5000000000000004 0.19502662274256216 0.15860509857599192
decision_type=2 8 2 2 2 2
left_child=1 3 -3 4 -1 -5
right_child=-2 2 -4 5 -6 -7
leaf_value=0.00022652504924088328 -0.0027248933442822884 -0.0019014262256202993 0.0014584658375196235 -0.00010469438492677464 -0.0022129491630851735 0.00098398711166129346
leaf_weight=162.93784089403925 25.115418031811714 37.797496942221187 255.13642697327305 1467.8136704892968 125.02415125072002 288.82082890480524
leaf_count=2742 109 531 2937 18905 612 3133
internal_value=3.3639e-05 7.47591e-05 0.00097648 -5.85564e-05 -0.000871342 7.88601e-05
internal_weight=2362.65 2337.53 292.934 2044.6 287.962 1756.63
internal_count=28969 28860 3468 25392 3354 22038
is_linear=0
shrinkage=0.03


Tree=155
num_leaves=7
num_cat=0
split_feature=23 22 29 0 8 56
split_gain=0.366583 0.250308 0.20961 0.192394 0.174133 0.17092
threshold=0.6592022477070093 -0.17127458574862317 1.5050709843635561 0.51080298209407771 0.062962246686614168 10.41991856498945
decision_type=2 2 8 2 2 2
left_child=1 2 -1 5 -2 -3
right_child=4 3 -4 -5 -6 -7
leaf_value=-0.0016650658502382113 0.00042318760369632199 0.00018908289173795499 0.00056490825846667138 0.0024065580557924523 0.0031051375560747206 -0.00037169414772600064
leaf_weight=137.3248675824434 46.613838688179385 1335.391123578549 45.458777569525409 19.95266617363086 38.0716937307443 758.64060899853939
leaf_count=2079 553 16365 649 209 391 8839
internal_value=1.04832e-08 -7.50845e-05 -0.00110993 1.9197e-05 0.0018295 -1.48804e-05
internal_weight=2381.45 2296.77 182.784 2113.98 84.6855 2094.03
internal_count=29085 28141 2728 25413 944 25204
is_linear=0
shrinkage=0.03


Tree=156
num_leaves=7
num_cat=0
split_feature=52 58 62 37 14 62
split_gain=0.352007 0.327743 0.460462 0.264379 0.250306 0.239198
threshold=1.0000000180025095e-35 1.0000000180025095e-35 0.43185904965270666 2.4353788910226695 0.030298802961214896 -0.59908568513228022
decision_type=2 2 2 10 2 2
left_child=4 5 3 -3 -1 -2
right_child=1 2 -4 -5 -6 -7
leaf_value=-0.0018920339136471124 0.00090264267373725072 0.00068137267378164362 -0.00033321621094173419 0.0030375754509519531 0.0010474149535460899 -0.00049972972901616522
leaf_weight=19.244829347851919 108.94590943993535 120.61838576264563 242.83306297846138 64.204458662308753 317.39144525118172 1502.3369025396532
leaf_count=1372 1280 1550 2782 553 3067 18508
internal_value=-5.47701e-05 -0.000204126 0.000525877 0.00161378 0.000829638 -0.000399927
internal_weight=2375.57 2038.94 427.656 184.823 336.636 1611.28
internal_count=29112 24673 4885 2103 4439 19788
is_linear=0
shrinkage=0.03


Tree=157
num_leaves=7
num_cat=0
split_feature=0 20 31 28 62 5
split_gain=0.347306 0.314824 0.344506 0.299468 0.238395 0.283196
threshold=0.47764903910488521 0.033396277566731587 4.4244567751884469 3.3290115594863896 -0.73406424965481676 0.040109670895406728
decision_type=2 2 10 8 2 2
left_child=1 3 -3 4 -1 -6
right_child=-2 2 -4 -5 5 -7
leaf_value=0.0014827524208416744 0.0027285934135096754 -4.0005526434379684e-05 0.0014547599455811437 0.00065659130269138887 -0.00059138408899136487 0.00080915424628186
leaf_weight=49.957217545597814 32.401161360146943 319.88318889646325 234.39392387500266 292.36623369209701 1297.8880534108612 135.56151451828191
leaf_count=621 352 3229 3646 3325 16488 1422
internal_value=3.7844e-05 -1.10734e-05 0.000606683 -0.000206213 -0.000379522 -0.000454247
internal_weight=2362.45 2330.05 554.277 1775.77 1483.41 1433.45
internal_count=29083 28731 6875 21856 18531 17910
is_linear=0
shrinkage=0.03


Tree=158
num_leaves=7
num_cat=0
split_feature=14 11 3 30 24 28
split_gain=0.342269 0.417265 0.342264 0.276689 0.272204 0.29539
threshold=0.39233047508114643 0.1185615240820051 -0.05448529814257571 1.0000000180025095e-35 7.5000000000000009 3.4920481443405156
decision_type=2 2 2 10 2 10
left_child=1 2 4 -2 5 -1
right_child=3 -3 -4 -5 -6 -7
leaf_value=-0.00038772283364671894 -0.002801401402092393 0.0019555212188829482 0.0007855007666684187 -0.00020245275350839933 0.0010668889200905216 0.0013826891570291396
leaf_weight=1521.1047439616814 58.035981640219688 93.238428490702063 397.52593681868166 84.19059881567955 134.98253459128318 80.093804989242926
leaf_count=20290 239 1039 4383 348 1868 773
internal_value=-8.66121e-07 9.28072e-05 2.66811e-06 -0.00137732 -0.000180046 -0.000291133
internal_weight=2369.17 2226.95 2133.71 142.227 1736.18 1601.2
internal_count=28940 28353 27314 587 22931 21063
is_linear=0
shrinkage=0.03


Tree=159
num_leaves=7
num_cat=0
split_feature=15 24 28 14 36 12
split_gain=0.29713 0.282546 0.30287 0.280792 0.370955 0.313412
threshold=1.5000000000000002 2.5000000000000004 1.7503175139427187 0.29499267845158655 0.22649571184689798 1.8952124124288499
decision_type=2 2 10 2 10 2
left_child=3 2 -2 -1 5 -5
right_child=1 -3 -4 4 -6 -7
leaf_value=0.00023389158163363331 -0.0023903338158329742 0.00010994200676044259 0.0008122112078163367 -0.002803522774443496 0.00027344383218031463 -7.8733770580860426e-05
leaf_weight=1777.8804314248118 122.09545498841908 126.20555489725666 27.957900775596499 88.423048004508018 161.34251061081886 62.842034980654716
leaf_count=24034 1776 1570 270 389 703 266
internal_value=-3.64327e-05 -0.000943019 -0.00178017 8.72923e-05 -0.000727862 -0.0017466
internal_weight=2366.75 276.259 150.053 2090.49 312.608 151.265
internal_count=29008 3616 2046 25392 1358 655
is_linear=0
shrinkage=0.03


Tree=160
num_leaves=7
num_cat=0
split_feature=58 62 37 3 16 4
split_gain=0.35983 0.314869 0.273564 0.479046 0.345125 0.280929
threshold=0.13392857142857145 0.3633503074105533 2.1110267439510402 -0.05448529814257571 1.0000000180025095e-35 -0.10739354001610167
decision_type=2 2 10 2 2 2
left_child=2 -2 3 4 5 -1
right_child=1 -3 -4 -5 -6 -7
leaf_value=-0.00042745790699543087 0.0019143274685129571 0.00023726593707313701 -0.00063359617770525117 0.0013006495304659356 -0.001630306001552051 0.00062248839230938369
leaf_weight=508.85708171056467 141.24693436015514 312.17611265290179 655.69045889453264 238.03523137769662 117.29705709271366 401.09391367857461
leaf_count=7524 1593 3524 6118 2865 1840 5581
internal_value=3.91646e-05 0.000789727 -0.000141169 0.000116982 -0.000167194 3.70798e-05
internal_weight=2374.4 453.423 1920.97 1265.28 1027.25 909.951
internal_count=29045 5117 23928 17810 14945 13105
is_linear=0
shrinkage=0.03


Tree=161
num_leaves=7
num_cat=0
split_feature=58 37 2 20 36 34
split_gain=0.330833 0.311132 0.29043 0.285069 0.280472 0.439817
threshold=0.41428571428571431 2.0028835970920951 -0.15768710196335237 -0.14022137780524666 1.6017666528001429 1.0000000180025095e-35
decision_type=2 8 2 2 8 10
left_child=2 -2 3 -1 -4 -6
right_child=1 -3 4 -5 5 -7
leaf_value=-0.0021426417458860741 3.6161543535394923e-05 0.0030208222417340063 -8.4843165796380857e-05 -0.00033495462448758512 0.0014192292565322841 -0.00066569948313013416
leaf_weight=82.142100674129324 63.837282292777672 52.399647324346006 1167.6816029846377 572.90391184427426 297.74730890517822 122.32968622678891
leaf_count=1531 763 438 13113 8625 3364 1075
internal_value=1.99441e-05 0.00151436 -6.38848e-05 -0.000590446 0.000155689 0.00081072
internal_weight=2359.04 116.237 2242.8 655.046 1587.76 420.077
internal_count=28909 1201 27708 10156 17552 4439
is_linear=0
shrinkage=0.03


Tree=162
num_leaves=7
num_cat=0
split_feature=23 58 5 46 45 35
split_gain=0.352813 0.298003 0.249945 0.238949 0.461412 0.37074
threshold=0.6592022477070093 0.41428571428571431 -0.17569571520095903 21.500000000000004 0.21111111111111114 -4.0019205439835774
decision_type=2 2 2 8 10 10
left_child=1 2 -1 4 -4 -5
right_child=-2 -3 3 5 -6 -7
leaf_value=-0.0014349930777706307 0.0017875905329225378 0.001390426586144764 0.0018712971775088722 0.00093368033247626602 -0.00045367143989788862 -0.00037090730284417153
leaf_weight=119.55385092354845 85.033758833538741 108.12058655664441 142.1178029938601 214.53692116527236 148.89807981520426 1551.103225764542
leaf_count=1833 941 1135 1451 2885 2192 18679
internal_value=-3.61366e-06 -7.77916e-05 -0.000156763 -7.58756e-05 0.000706176 -0.000208026
internal_weight=2369.36 2284.33 2176.21 2056.66 291.016 1765.64
internal_count=29116 28175 27040 25207 3643 21564
is_linear=0
shrinkage=0.03


Tree=163
num_leaves=7
num_cat=0
split_feature=22 12 34 34 4 10
split_gain=0.296655 0.387861 0.273343 0.265133 0.368814 0.286434
threshold=-0.17127458574862317 1.1802820152750926 0.078877749542395278 -7.7597284168004981 -0.1573689520379026 0.076919483011870085
decision_type=2 2 8 10 2 2
left_child=1 2 -1 4 -2 -6
right_child=3 -3 -4 -5 5 -7
leaf_value=-0.001161740417918909 -0.00068422336624332004 -0.0030911074786917044 0.0014504385644966103 -2.3640732027491996e-05 0.002108208733166909 -0.00046336939983204946
leaf_weight=85.989635152567644 85.899973351071822 51.171589978039265 47.869348848937079 1889.1954843886488 169.31246525274764 45.750308372051222
leaf_count=1758 1604 281 722 21495 2501 676
internal_value=1.04867e-05 -0.00111094 -0.000191709 0.000109847 0.000921583 0.00156488
internal_weight=2375.19 185.031 133.859 2190.16 300.963 215.063
internal_count=29037 2761 2480 26276 4781 3177
is_linear=0
shrinkage=0.03


Tree=164
num_leaves=7
num_cat=0
split_feature=52 0 34 60 0 60
split_gain=0.351093 0.253171 0.259894 0.260374 0.257273 0.254188
threshold=1.0000000180025095e-35 0.51080298209407771 1.9555172547698023 0.06769962104839243 -0.011946484416646806 -0.046679708062699173
decision_type=2 2 8 2 2 2
left_child=-1 2 5 4 -4 -2
right_child=1 -3 3 -5 -6 -7
leaf_value=0.00091595245251476453 0.0003565532763689096 0.0025995391749586254 -0.0009691054864036044 0.00249352502632663 0.00063304618499039351 -0.00055863002272364421
leaf_weight=337.6072130438115 347.61889227369102 20.471077219408471 113.55851588951191 40.248981392476708 326.42035010177642 1172.461542277495
leaf_count=4422 3517 219 1204 306 3392 15887
internal_value=3.50786e-05 -0.000115873 -0.000156455 0.000445763 0.000207184 -0.000348379
internal_weight=2358.39 2020.78 2000.31 480.228 439.979 1520.08
internal_count=28947 24525 24306 4902 4596 19404
is_linear=0
shrinkage=0.03


Tree=165
num_leaves=7
num_cat=0
split_feature=58 2 24 51 17 28
split_gain=0.25885 0.232494 0.388618 0.229532 0.228576 0.267965
threshold=0.58571428571428574 -0.26601015152027624 3.5000000000000004 0.45000000000000007 1.5000000000000002 -4.6511518955230704
decision_type=2 2 2 2 2 10
left_child=1 2 3 -1 5 -3
right_child=-2 4 -4 -5 -6 -7
leaf_value=-0.0029254156935971561 0.0020223480265777086 0.0009748595297632038 0.00046685342396528994 0.00084882273007533336 -0.001249482239167156 -5.7070862107177632e-05
leaf_weight=77.532682863791706 43.527216854417929 249.0554059920396 72.611984977294924 12.75430950662121 114.79870810778812 1793.9025343839894
leaf_count=1957 447 3465 1593 196 1629 19760
internal_value=-4.05521e-05 -8.77559e-05 -0.00114626 -0.00236078 -2.92533e-06 7.28667e-05
internal_weight=2364.18 2320.66 162.899 90.287 2157.76 2042.96
internal_count=29047 28600 3746 2153 24854 23225
is_linear=0
shrinkage=0.03


Tree=166
num_leaves=7
num_cat=0
split_feature=0 9 30 20 17 60
split_gain=0.309381 0.228994 0.212105 0.203058 0.215759 0.20883
threshold=0.43128405499265698 0.21250452471753359 -0.70272719860076893 -0.18177235483015972 1.5000000000000002 0.21995843160965151
decision_type=2 2 8 2 2 2
left_child=1 3 -2 -1 5 -5
right_child=2 -3 -4 4 -6 -7
leaf_value=-0.0010597423080884608 -0.00029682757494196415 0.0018244081783137288 0.0033784980657664892 -6.2330305207602431e-05 -0.0013170615690161779 0.0012910772737298667
leaf_weight=191.7156846767175 19.762458766519558 44.109801798011176 29.164814454154111 1886.5208231915021 106.56190513644833 98.476781007077079
leaf_count=2901 262 549 261 22656 1575 911
internal_value=-5.16455e-05 -0.000105557 0.00209553 -0.000150634 -6.26573e-05 1.0948e-05
internal_weight=2376.31 2327.38 48.9273 2283.28 2091.56 1985
internal_count=29115 28592 523 28043 25142 23567
is_linear=0
shrinkage=0.03


Tree=167
num_leaves=7
num_cat=0
split_feature=52 10 8 60 23 46
split_gain=0.325298 0.264774 0.257824 0.255764 0.341576 0.24378
threshold=1.0000000180025095e-35 0.0088976095945319401 -0.082836676944423732 -0.07007895684143868 -0.20809497178688538 77.500000000000014
decision_type=2 2 2 2 2 10
left_child=-1 3 -3 4 -2 -4
right_child=1 2 5 -5 -6 -7
leaf_value=0.0009267480401924297 -0.0014007373249180462 -0.0010441332943161568 0.00070242872013825562 -0.0005889626991914845 0.0014485670501889402 -0.00058310364558048671
leaf_weight=335.21787795322598 43.959678948274814 105.79025455977535 702.15301821549656 908.45157305907924 122.87659613077994 155.14839263749309
leaf_count=4379 477 1841 7671 11953 1151 1641
internal_value=7.50677e-05 -6.88343e-05 0.000290864 -0.000390713 0.000661048 0.000465741
internal_weight=2373.6 2038.38 963.092 1075.29 166.836 857.301
internal_count=29113 24734 11153 13581 1628 9312
is_linear=0
shrinkage=0.03


Tree=168
num_leaves=7
num_cat=0
split_feature=58 23 10 46 35 5
split_gain=0.279937 0.249357 0.212696 0.308075 0.299997 0.255822
threshold=0.58571428571428574 0.6592022477070093 0.020192893228201465 34.500000000000007 -4.6567099534652439 -0.12467662941611275
decision_type=2 2 2 8 10 2
left_child=1 2 -1 5 -5 -4
right_child=-2 -3 3 4 -6 -7
leaf_value=-0.00034348414348626499 0.0021314280206752314 0.0014849270127979544 -0.0009312132994065838 0.0016606990286162128 -0.00027673103241375094 0.0016989604455382161
leaf_weight=1333.3169586931181 44.623014238663018 82.548919378197752 33.984197737416252 71.197925549815409 620.80556959667592 171.66711292101536
leaf_count=16975 454 908 422 923 7224 1953
internal_value=8.62015e-06 -4.13215e-05 -0.000104169 0.000251162 -5.65783e-05 0.00124129
internal_weight=2358.14 2313.52 2230.97 897.655 692.003 205.651
internal_count=28859 28405 27497 10522 8147 2375
is_linear=0
shrinkage=0.03


Tree=169
num_leaves=7
num_cat=0
split_feature=9 11 14 52 6 34
split_gain=0.282651 0.21548 0.210837 0.262526 0.211689 0.337069
threshold=0.17700548748562586 0.037595905774625286 0.031441512292839389 3.4030194863123442 -0.0061246907733399063 0.57022071878115355
decision_type=2 2 2 2 2 10
left_child=1 2 -1 4 -4 -6
right_child=-2 -3 3 -5 5 -7
leaf_value=-0.0017636300659521068 0.0014588436681319443 0.00035891850002406735 -0.00042427423558463116 -0.00044026880488327218 0.00016334417137569339 0.0024549889073309968
leaf_weight=73.751040869596181 97.349007884564344 614.69171079134685 151.0156283583492 1175.4369803685695 166.89254454523325 79.637782080098987
leaf_count=5098 1138 7352 1597 11549 1582 600
internal_value=-4.56601e-05 -0.000116563 -0.000295145 -0.000215588 0.000443237 0.000970467
internal_weight=2358.77 2261.43 1646.73 1572.98 397.546 246.53
internal_count=28916 27778 20426 15328 3779 2182
is_linear=0
shrinkage=0.03


Tree=170
num_leaves=7
num_cat=0
split_feature=16 24 8 58 60 62
split_gain=0.350721 0.511204 0.330293 0.245082 0.237258 0.219936
threshold=1.0000000180025095e-35 2.5000000000000004 0.2432385036881157 0.63333333333333341 -0.082284770845810526 -0.73406424965481676
decision_type=2 2 2 2 2 2
left_child=2 4 3 5 -2 -1
right_child=1 -3 -4 -5 -6 -7
leaf_value=0.0016480342586930583 0.00098263199394718636 0.00041454213309688215 0.0023481114768205201 0.0022235664965777955 -0.0024887325040022197 -2.8209078261002669e-05
leaf_weight=63.088481278915424 14.810841129627077 127.7420980387833 49.654738189419731 37.029455278738169 134.71423219749704 1942.4157893860538
leaf_count=739 140 1591 549 384 1884 23788
internal_value=1.31754e-05 -0.000970091 0.000147478 8.27999e-05 -0.00210484 3.24368e-05
internal_weight=2369.46 277.267 2092.19 2042.53 149.525 2005.5
internal_count=29075 3615 25460 24911 2024 24527
is_linear=0
shrinkage=0.03


Tree=171
num_leaves=7
num_cat=0
split_feature=58 23 52 59 3 62
split_gain=0.304271 0.299394 0.30307 0.379117 0.420224 0.324646
threshold=0.13392857142857145 0.5634554578598 3.0368918406528054 -0.32409531718308621 -0.05448529814257571 -0.17233128836829292
decision_type=2 2 2 2 2 2
left_child=1 2 5 4 -4 -1
right_child=-2 -3 3 -5 -6 -7
leaf_value=-0.00066863483240365141 0.00074480009787850933 0.0014552583994538052 5.2515799618832683e-05 -0.00064055429617837576 0.0031409221146418455 0.0010808864534713051
leaf_weight=134.98610545962583 445.35285341377312 93.373862030915916 220.30832512769848 1167.7126775927318 38.44941742811352 276.52758736279793
leaf_count=1606 5087 1049 2656 14707 425 3544
internal_value=4.70209e-05 -0.000116888 -0.000204199 -0.000410811 0.000611222 0.000504755
internal_weight=2376.71 1931.36 1837.98 1426.47 258.758 411.514
internal_count=29074 23987 22938 17788 3081 5150
is_linear=0
shrinkage=0.03


Tree=172
num_leaves=7
num_cat=0
split_feature=23 14 0 14 52 7
split_gain=0.25686 0.186347 0.195069 0.180507 0.229942 0.271914
threshold=0.6592022477070093 0.54871700466447615 0.51080298209407771 0.028557834561282684 3.2080875396860176 0.067221720646991251
decision_type=2 2 2 2 2 2
left_child=1 2 3 -1 5 -5
right_child=-2 -3 -4 4 -6 -7
leaf_value=-0.0012980465764123883 0.0015914943393850439 -0.0022038759399163302 0.0023473018380323306 0.00097211102578480485 -0.00012803801544845772 -0.00071651862135009591
leaf_weight=84.765106834078324 83.00458227400668 24.535385593771935 21.863926538731903 381.61798388138413 1666.8415389116853 102.00710122659802
leaf_count=6413 915 105 243 3892 16592 829
internal_value=4.60832e-05 -1.68375e-05 1.65526e-05 -1.65987e-05 3.96866e-05 0.000608642
internal_weight=2364.64 2281.63 2257.1 2235.23 2150.47 483.625
internal_count=28989 28074 27969 27726 21313 4721
is_linear=0
shrinkage=0.03


Tree=173
num_leaves=7
num_cat=0
split_feature=20 14 17 4 46 12
split_gain=0.260818 0.289291 0.224943 0.236833 0.257134 0.289676
threshold=0.18810787357545775 0.24336170466161366 1.5000000000000002 -0.054562053072230117 36.500000000000007 1.1165985182464349
decision_type=2 2 2 2 10 2
left_child=2 -2 3 -1 5 -5
right_child=1 -3 -4 4 -6 -7
leaf_value=-0.00024735030779797013 0.0019081708901665148 -0.0012231339334226846 -0.0013714038871934357 0.00032058886050800173 -0.00046834896132298145 0.0021724260492001304
leaf_weight=1635.5891579317977 100.48147253273055 27.358823612332344 117.3390694319387 228.33100168863893 161.9953403006366 107.33836682140827
leaf_count=19844 1551 125 1759 3409 1810 570
internal_value=-6.94121e-05 0.00119793 -0.000146381 -7.29151e-05 0.000493951 0.000958474
internal_weight=2378.43 127.84 2250.59 2133.25 497.665 335.669
internal_count=29068 1676 27392 25633 5789 3979
is_linear=0
shrinkage=0.03


Tree=174
num_leaves=7
num_cat=0
split_feature=58 59 6 46 7 22
split_gain=0.20999 0.250806 0.248649 0.244799 0.252986 0.205245
threshold=0.13392857142857145 0.30161928689962514 0.34300257385827032 61.500000000000007 0.058897910261680106 0.07277234792473973
decision_type=2 2 2 8 2 2
left_child=-1 -2 3 4 -3 -5
right_child=1 2 -4 5 -6 -7
leaf_value=-0.00014195413634698203 0.0019689380364733451 0.0017973296586735658 0.0024790970021173675 -0.001090261832249254 -0.00099688487340201062 0.0011142271153709439
leaf_weight=1923.0580946789414 82.625090901157819 85.866421766811982 28.990045779151842 174.03323010349413 34.331913938862272 39.245468494365923
leaf_count=23984 945 1079 275 2013 298 459
internal_value=-5.48176e-06 0.000574321 0.000212089 -5.14271e-05 0.000983958 -0.000652878
internal_weight=2368.15 445.092 362.467 333.477 120.198 213.279
internal_count=29053 5069 4124 3849 1377 2472
is_linear=0
shrinkage=0.03


Tree=175
num_leaves=7
num_cat=0
split_feature=0 56 14 27 43 7
split_gain=0.306255 0.21938 0.351046 0.484995 0.271168 0.244239
threshold=0.51080298209407771 -10.089544512863897 0.34418158658302395 0.24428036063909533 1.5000000000000002 -0.13594895106548027
decision_type=2 2 2 10 2 2
left_child=1 4 -3 -4 5 -1
right_child=-2 2 3 -5 -6 -7
leaf_value=-0.0019112793282248142 0.0027182003346126072 -0.00021777695340335644 -0.0034532397835727326 0.00019976800295325373 0.0022800756360835174 0.00018710151267516074
leaf_weight=42.549955817405134 24.694337170454673 1143.0567978070321 64.401783153414726 56.522095911204815 43.235500711016357 994.47443490251317
leaf_count=1040 269 14662 271 238 363 12245
internal_value=-8.05231e-05 -0.000121426 -0.000388348 -0.00186092 0.000191589 8.35712e-05
internal_weight=2368.93 2344.24 1263.98 120.924 1080.26 1037.02
internal_count=29088 28819 15171 509 13648 13285
is_linear=0
shrinkage=0.03


Tree=176
num_leaves=7
num_cat=0
split_feature=11 17 42 0 27 62
split_gain=0.274873 0.259364 0.272239 0.4529 0.291009 0.255222
threshold=0.11541475028367247 1.5000000000000002 2.5000000000000004 0.054809079878030194 0.3428198397159577 -0.73406424965481676
decision_type=2 2 2 2 10 2
left_child=1 2 5 4 -4 -1
right_child=-2 -3 3 -5 -6 -7
leaf_value=0.0017716662322145695 0.0014733888193854748 -0.0012692183860384741 0.0039320658376077395 -0.0013060713312097088 -0.00017005451125344539 -3.733262395890941e-05
leaf_weight=62.763145795324817 114.28958882507868 121.51284092580318 46.309193511959165 27.800219310214743 20.40071955579333 1977.6866818755952
leaf_count=745 1219 1842 474 220 195 24331
internal_value=9.98784e-05 2.41167e-05 0.000103302 0.00159671 0.00281895 2.66802e-05
internal_weight=2370.76 2256.47 2134.96 94.5101 66.7099 2040.45
internal_count=29026 27807 25965 889 669 25076
is_linear=0
shrinkage=0.03


Tree=177
num_leaves=7
num_cat=0
split_feature=28 31 57 35 22 24
split_gain=0.201773 0.205519 0.299185 0.268877 0.223294 0.226683
threshold=3.936851024627686 0.13970446586608889 5.5000000000000009 -0.92004138526935419 -0.14633025568717814 7.5000000000000009
decision_type=10 8 2 10 2 2
left_child=1 2 -1 -4 -3 -6
right_child=-2 4 3 -5 5 -7
leaf_value=-0.0010251938368117967 0.0013313166457589686 -0.00088584988825417493 -0.00068393254979435387 0.002877167759675732 5.8056430030784366e-05 0.0013536210842046432
leaf_weight=349.37661534361541 83.810581855708733 196.29866342144669 32.40093457698822 27.753341213800013 1553.1581817735423 121.97295313136419
leaf_count=2998 727 3134 300 220 20045 1700
internal_value=-3.2539e-05 -8.82443e-05 -0.000688406 0.00113497 4.60517e-05 0.000159865
internal_weight=2364.77 2280.96 409.531 60.1543 1871.43 1675.13
internal_count=29124 28397 3518 520 24879 21745
is_linear=0
shrinkage=0.03


Tree=178
num_leaves=7
num_cat=0
split_feature=16 24 28 58 42 20
split_gain=0.224499 0.358533 0.261326 0.24531 0.218605 0.26051
threshold=1.0000000180025095e-35 2.5000000000000004 0.72805508971214306 0.58571428571428574 2.5000000000000004 -0.22897997413206103
decision_type=2 2 10 2 2 2
left_child=3 2 -2 4 5 -1
right_child=1 -3 -4 -5 -6 -7
leaf_value=-0.0015297895877019133 -0.0026492882536835864 0.00032147041493885191 -4.7711923461724906e-05 0.0021167540985789269 0.0013457700406151909 5.2961554624566649e-06
leaf_weight=95.051214800070738 97.003050652798265 125.53079230160802 52.013478315202519 40.17249895533314 92.360122801270336 1879.8573565217084
leaf_count=1508 1521 1560 538 398 867 22699
internal_value=-6.25475e-05 -0.000853537 -0.00180133 4.40431e-05 -6.2313e-06 -7.59215e-05
internal_weight=2381.99 274.547 149.017 2107.44 2067.27 1974.91
internal_count=29091 3619 2059 25472 25074 24207
is_linear=0
shrinkage=0.03


Tree=179
num_leaves=7
num_cat=0
split_feature=52 50 14 59 59 31
split_gain=0.249069 0.24163 0.241733 0.231283 0.429691 0.314913
threshold=3.2080875396860176 0.88194444444444453 0.39233047508114643 -0.32409531718308621 -0.0057018766070703036 -3.0769131779670711
decision_type=2 2 2 2 2 8
left_child=1 2 -1 -2 5 -5
right_child=3 -3 -4 4 -6 -7
leaf_value=0.00054902311422018479 0.00058812110224502586 0.0031968801568625247 -0.0017997771391414683 0.0017843441740594576 -3.268615381488061e-05 -0.0013381272918726798
leaf_weight=487.56194374206825 272.79689467459684 19.02840567403473 33.115115582942963 22.736771660158411 1122.2269594141981 409.39950409246376
leaf_count=6309 3245 152 136 185 14113 4867
internal_value=-3.58076e-05 0.0005246 0.000368539 -0.000203295 -0.000345063 -0.0011372
internal_weight=2366.87 539.705 520.677 1827.16 1554.36 432.136
internal_count=29007 6597 6445 22410 19165 5052
is_linear=0
shrinkage=0.03


Tree=180
num_leaves=7
num_cat=0
split_feature=8 24 36 28 46 15
split_gain=0.254197 0.275922 0.251073 0.197046 0.321338 0.255561
threshold=-0.082836676944423732 4.5000000000000009 0.36840705623229358 0.55255728960037243 14.500000000000002 1.5000000000000002
decision_type=2 2 10 8 8 2
left_child=1 2 -1 4 -2 -6
right_child=3 -3 -4 -5 5 -7
leaf_value=-0.0021894891935919508 0.0014383004965080959 0.00065729097603335032 -7.8419194878019818e-05 0.00040938877632151288 -0.0001564464724971823 -0.0016663020687157158
leaf_weight=121.98136400652584 90.899718891247176 76.487845405295957 83.578490449057426 1060.2199759117211 819.95882600429468 105.52528942975914
leaf_count=2521 1154 1572 1385 10366 10429 1481
internal_value=9.05729e-06 -0.000819943 -0.00137461 0.000125043 -0.000172664 -0.000344575
internal_weight=2358.65 282.048 205.56 2076.6 1016.38 925.484
internal_count=28908 5478 3906 23430 13064 11910
is_linear=0
shrinkage=0.03


Tree=181
num_leaves=7
num_cat=0
split_feature=28 36 52 20 27 59
split_gain=0.309266 0.234905 0.215238 0.316445 0.314813 0.258732
threshold=4.1135129928588876 -0.40218468779629024 1.0000000180025095e-35 -0.13337589789207568 1.2573214173316958 -0.73819209882540138
decision_type=10 10 2 2 8 2
left_child=2 -2 3 4 -1 -4
right_child=1 -3 5 -5 -6 -7
leaf_value=0.00061279856178591738 -0.00048738072390276145 0.0029034782329153568 0.0015009719475318443 0.0010145670915503902 -0.0039411494106160539 -0.00023108700656200408
leaf_weight=24.575074790598592 23.41758985305205 46.827553770039231 71.017278263927437 287.1764091013174 15.479096006834878 1890.5873229935387
leaf_count=413 223 390 827 3608 265 23213
internal_value=2.25362e-05 0.0018532 -4.14646e-05 0.000659122 -0.00158287 -0.000161085
internal_weight=2359.08 70.2451 2288.84 327.231 40.0542 1961.6
internal_count=28939 613 28326 4286 678 24040
is_linear=0
shrinkage=0.03


Tree=182
num_leaves=7
num_cat=0
split_feature=3 31 28 0 35 2
split_gain=0.257996 0.314152 0.357258 0.353426 0.236063 0.232556
threshold=-0.23845454229250873 4.4244567751884469 2.5611455440521245 0.045127040704022105 1.1854370838652057 -0.1400568767011178
decision_type=2 8 8 2 10 2
left_child=-1 2 -2 4 5 -4
right_child=1 -3 3 -5 -6 -7
leaf_value=-0.00077896499653330915 -0.00050019832696677764 0.00050706684610242556 -0.0011451092365545742 0.0021723285494442495 -0.0018083388204899935 0.0018929030778030106
leaf_weight=345.1508579148649 900.98606360208942 912.16618526962702 28.87706274818629 89.510749194771051 42.367154134903103 47.648433231748641
leaf_count=5806 8762 12730 280 679 344 399
internal_value=-3.30907e-05 9.74638e-05 -0.000240843 0.000851987 -0.000233474 0.000746652
internal_weight=2366.71 2021.56 1109.39 208.403 118.893 76.5255
internal_count=29000 23194 10464 1702 1023 679
is_linear=0
shrinkage=0.03


Tree=183
num_leaves=7
num_cat=0
split_feature=28 11 22 36 35 24
split_gain=0.2775 0.271809 0.214525 0.200562 0.191601 0.190912
threshold=3.936851024627686 0.1185615240820051 -0.027417314992881411 -0.40218468779629024 -5.8057200601085635 7.5000000000000009
decision_type=10 2 2 10 8 2
left_child=1 4 -3 -2 -1 -6
right_child=3 2 -4 -5 5 -7
leaf_value=0.0019713645757547479 -0.000450623855492288 -0.00086263430309828706 0.0021776192328473148 0.0025803225467796111 -0.00018593937291556557 0.00088174301492142113
leaf_weight=30.691783026792109 24.355826997198164 21.621718349400908 75.146205197204836 55.172700643073767 2009.3603052992112 153.00125045381719
leaf_count=496 240 264 781 454 24731 2027
internal_value=6.6946e-05 2.87109e-06 0.00148114 0.00170543 -6.87841e-05 -0.000106683
internal_weight=2369.35 2289.82 96.7679 79.5285 2193.05 2162.36
internal_count=28993 28299 1045 694 27254 26758
is_linear=0
shrinkage=0.03


Tree=184
num_leaves=7
num_cat=0
split_feature=8 56 28 45 14 27
split_gain=0.376474 0.244558 0.319421 0.341841 0.280666 0.366438
threshold=0.272820817612972 -9.3163272024016788 4.1135129928588876 0.13392857142857145 0.31030847995449085 0.24428036063909533
decision_type=2 2 8 10 2 10
left_child=1 2 -1 -4 -3 -6
right_child=-2 4 3 -5 5 -7
leaf_value=0.00015226579254195693 0.0029615302882963191 -9.543682480615988e-05 0.0029028721859111115 -0.00033712623940010557 -0.0026118140308207549 0.00014708643623003221
leaf_weight=965.55812921730103 29.532988204853609 1090.776622560792 72.050952923716977 42.63141577038914 87.620720237493515 76.085401594638824
leaf_count=12249 329 14278 847 601 376 327
internal_value=5.84193e-05 9.22255e-06 0.000338443 0.00176801 -0.000274705 -0.00139491
internal_weight=2364.26 2334.72 1080.24 114.682 1254.48 163.706
internal_count=29007 28678 13697 1448 14981 703
is_linear=0
shrinkage=0.03


Tree=185
num_leaves=7
num_cat=0
split_feature=24 58 8 11 30 10
split_gain=0.324954 0.360874 0.244826 0.253481 0.234477 0.409664
threshold=7.5000000000000009 1.0000000180025095e-35 0.12946595469826874 0.045132024588824704 -4.4536819458007804 -0.033987052624992409
decision_type=2 2 2 2 10 2
left_child=1 4 -3 -4 5 -1
right_child=-2 2 3 -5 -6 -7
leaf_value=-0.0011076554965502451 0.0012271502329329717 0.00032934871286651346 0.00029544330469366797 0.0039393438264530237 -0.00052990736177968198 0.00074352480340066161
leaf_weight=139.68436971862684 167.48367286467692 400.18179312214488 34.708996956353076 27.832655737525783 1224.4017113984446 374.4929087391647
leaf_count=2495 2189 4692 324 271 13573 5509
internal_value=-7.94542e-06 -0.000107041 0.000628989 0.00223657 -0.000305412 0.000229085
internal_weight=2368.79 2201.3 462.723 62.5417 1738.58 514.177
internal_count=29053 26864 5287 595 21577 8004
is_linear=0
shrinkage=0.03


Tree=186
num_leaves=7
num_cat=0
split_feature=20 24 0 11 20 42
split_gain=0.225056 0.227083 0.216712 0.193523 0.223755 0.195901
threshold=0.19301956439588605 1.5000000000000002 0.43128405499265698 0.12604534201053932 -0.025360740860610281 2.5000000000000004
decision_type=2 2 2 2 2 2
left_child=2 -2 3 5 -5 -1
right_child=1 -3 -4 4 -6 -7
leaf_value=-0.00031957010858828255 -0.00030386099392842853 0.0021873355540532914 0.0016603571153306813 -0.0011589169553723243 0.0020256520032068091 0.0010129642273083602
leaf_weight=2026.823756331185 54.145936572458595 66.265902727493085 47.959173845883925 20.336059308901895 59.016692522563972 94.786966023501009
leaf_count=25167 712 878 498 227 597 906
internal_value=-8.26093e-05 0.00112971 -0.000152233 -0.000199061 0.00117117 -0.000255564
internal_weight=2369.33 120.412 2248.92 2200.96 79.3528 2121.61
internal_count=28985 1590 27395 26897 824 26073
is_linear=0
shrinkage=0.03


Tree=187
num_leaves=7
num_cat=0
split_feature=58 35 52 9 4 29
split_gain=0.282808 0.292446 0.411583 0.429263 0.357551 0.349469
threshold=0.58571428571428574 -1.9250325183827608 4.6848083297837935 0.17700548748562586 -0.11310485675779236 -2.3632882833480831
decision_type=2 10 2 2 2 10
left_child=1 4 -3 -4 -1 -6
right_child=-2 2 3 -5 5 -7
leaf_value=-0.00013679608497558214 0.0021442611185506842 0.00017020765602498116 -0.00098669004223061216 0.002117442918061352 0.0020697237176416639 1.8819868771781099e-05
leaf_weight=321.70973304091603 47.550726504705381 1065.8391318474896 597.23976151141687 33.662072871113196 184.32947107788641 121.84504091396229
leaf_count=4491 476 12877 6981 361 2361 1527
internal_value=6.67992e-05 1.53016e-05 -0.000189595 -0.000790613 0.000563289 0.00127996
internal_weight=2372.18 2324.63 1696.74 630.902 627.884 306.175
internal_count=29074 28598 20219 7342 8379 3888
is_linear=0
shrinkage=0.03


Tree=188
num_leaves=7
num_cat=0
split_feature=0 58 14 28 28 14
split_gain=0.223395 0.195273 0.244732 0.455792 0.272895 0.251329
threshold=0.38113940501321814 0.44949494949494956 0.23169081031993113 3.4055582284927373 2.1598283052444462 0.091322581386682478
decision_type=2 2 2 10 8 2
left_child=1 2 5 4 -4 -1
right_child=-2 -3 3 -5 -6 -7
leaf_value=-0.00039740019045473197 0.0015341659356704067 0.0011746047751665205 -0.00046583462950679471 0.0019422482154114289 -0.002037338753835328 0.00037226113521895748
leaf_weight=587.44733967422508 75.592930328217335 105.72237022715854 376.31800231337547 46.88581945002079 129.83745956420898 1049.2773081064224
leaf_count=15890 795 1108 1795 218 610 8602
internal_value=2.93034e-05 -2.66929e-05 -8.97678e-05 -0.000629386 -0.000900614 9.52813e-05
internal_weight=2371.08 2295.49 2189.77 553.041 506.155 1636.72
internal_count=29018 28223 27115 2623 2405 24492
is_linear=0
shrinkage=0.03


Tree=189
num_leaves=7
num_cat=0
split_feature=37 14 13 47 3 20
split_gain=0.25636 0.422715 0.402598 0.392976 0.42035 0.300768
threshold=-4.7639952172214777 0.22746567000592613 2.249904835165133 7.5000000000000009 -0.20754957855929082 0.033396277566731587
decision_type=10 2 2 8 2 2
left_child=1 2 3 -1 -5 -2
right_child=5 -3 -4 4 -6 -7
leaf_value=0.00014470125782649855 -0.00036521164570317994 -0.0015263923847314606 0.00024369125692673416 -0.00058995028504782107 0.0048832417184644034 0.00047258770488897445
leaf_weight=40.401161808753386 1544.2989539487171 52.510484263300896 162.92734456337348 13.322335995850151 52.557043012173381 503.54084617464105
leaf_count=635 17925 253 3295 314 750 5856
internal_value=-3.32895e-05 0.000740811 0.00122187 0.0025715 0.00384455 -0.000157911
internal_weight=2369.56 321.718 269.208 106.281 65.8794 2047.84
internal_count=29028 5247 4994 1699 1064 23781
is_linear=0
shrinkage=0.03


Tree=190
num_leaves=7
num_cat=0
split_feature=14 18 45 35 14 56
split_gain=0.222465 0.205982 0.233403 0.214529 0.205557 0.211791
threshold=0.54871700466447615 1.0000000180025095e-35 0.61250000000000016 0.398994232443246 0.028557834561282684 -54.146786282943538
decision_type=2 2 8 8 2 2
left_child=1 4 3 -3 -1 -6
right_child=-2 2 -4 -5 5 -7
leaf_value=-0.0012187348314772791 -0.0023255533880103029 0.0015588910646410512 -0.001894396108083523 -0.001127156223884429 0.00090206189913245611 6.9781782411069786e-05
leaf_weight=86.095353991375305 25.820644900202751 42.625825593713671 89.445456565706991 44.678234705002978 317.04862760566175 1748.363760035485
leaf_count=6476 112 375 917 403 3379 17285
internal_value=2.08623e-05 5.67188e-05 -0.000899505 0.000209724 0.000139072 0.000201271
internal_weight=2354.08 2328.26 176.75 87.3041 2151.51 2065.41
internal_count=28947 28835 1695 778 27140 20664
is_linear=0
shrinkage=0.03


Tree=191
num_leaves=7
num_cat=0
split_feature=28 10 5 22 56 56
split_gain=0.248307 0.400933 0.339911 0.278107 0.404145 0.378033
threshold=3.936851024627686 -0.068081507655543633 -0.16598456877572784 0.0079607699533509203 -8.8504427572865296 59.067769550593518
decision_type=8 2 2 2 2 2
left_child=-1 -2 -3 4 -4 -6
right_child=1 2 3 -5 5 -7
leaf_value=-0.00015291467565745696 -0.0017991113036223687 -0.0019694667942992336 0.0035645404917591917 -0.00036402687472839642 -0.00029253809427949438 0.0033067257849383209
leaf_weight=2066.9245232898102 38.581774677208159 19.594960091402754 77.139818593976088 53.2071416672552 86.616574841435067 26.845231732353568
leaf_count=25557 535 248 939 578 928 289
internal_value=-3.45138e-05 0.000754801 0.001181 0.00150183 0.00201487 0.000757911
internal_weight=2368.91 301.986 263.404 243.809 190.602 113.462
internal_count=29074 3517 2982 2734 2156 1217
is_linear=0
shrinkage=0.03


Tree=192
num_leaves=7
num_cat=0
split_feature=58 0 41 14 59 37
split_gain=0.225549 0.257856 0.366179 0.242735 0.217471 0.223864
threshold=0.58571428571428574 -0.063224620410833751 1.5000000000000002 0.48282597936324062 1.087410702175392 -5.3239102369795228
decision_type=2 2 2 2 2 8
left_child=1 2 4 -3 5 -1
right_child=-2 3 -4 -5 -6 -7
leaf_value=0.0017713953429849482 0.0019203188734081404 0.00028523981496270589 0.0025022516725157029 -0.0018800071765434072 -0.0030468644308118348 -0.00060230448134470467
leaf_weight=28.257347051636316 46.981872088013915 1562.7852815517981 26.21097371680662 38.131179839372635 21.610541658999864 649.41356144566089
leaf_count=862 474 17936 249 159 332 9102
internal_value=5.5574e-05 9.85748e-06 -0.000455617 0.000222317 -0.000600202 -0.000479007
internal_weight=2373.39 2326.41 725.492 1600.92 699.281 677.671
internal_count=29114 28640 10545 18095 10296 9964
is_linear=0
shrinkage=0.03


Tree=193
num_leaves=7
num_cat=0
split_feature=52 20 0 22 26 45
split_gain=0.269275 0.248359 0.222855 0.288265 0.266206 0.228844
threshold=1.0000000180025095e-35 -0.13337589789207568 1.0000000180025095e-35 0.031996058568839254 -6.9963510036468497 0.5634920634920636
decision_type=2 2 2 2 8 10
left_child=1 -1 4 5 -2 -4
right_child=2 -3 3 -5 -6 -7
leaf_value=-0.0012124654889677372 0.0025396290675771039 0.0010510083117953421 0.0001863607130886996 0.0012627778215512355 -0.00046303231707626563 -0.0013407745246132969
leaf_weight=42.257510925846873 17.335572454845533 297.99584857211448 496.16849491302855 178.96488961332943 1241.4462324262131 97.01973524002824
leaf_count=698 322 3744 5004 1773 16367 1087
internal_value=-2.52944e-05 0.000743307 -0.000157073 0.00024223 -0.00040199 -8.14993e-05
internal_weight=2371.19 340.253 2030.93 772.153 1258.78 593.188
internal_count=28995 4442 24553 7864 16689 6091
is_linear=0
shrinkage=0.03


Tree=194
num_leaves=7
num_cat=0
split_feature=14 37 37 10 14 12
split_gain=0.299349 0.301324 0.25171 0.40441 0.219161 0.226666
threshold=0.39233047508114643 3.3631840287825341 -4.7639952172214777 -0.072943675234614161 0.028557834561282684 0.70736176305224119
decision_type=2 10 10 2 2 2
left_child=2 -2 3 -1 -5 -6
right_child=1 -3 -4 4 5 -7
leaf_value=-0.0016769408196801205 -0.0024257581560378429 0.00029214213366631967 -3.2914793634557178e-05 -0.0012628104685458517 0.0022984418143402554 0.00046862408618294745
leaf_weight=39.687848583940649 77.308897212147713 59.999414592981339 1925.1743854483066 20.45158213666582 140.59187697246671 112.93110707774758
leaf_count=804 317 249 23228 1636 2042 764
internal_value=1.12821e-05 -0.00129891 9.70551e-05 0.000871145 0.00128631 0.00153207
internal_weight=2376.15 137.308 2238.84 313.662 273.975 253.523
internal_count=29040 566 28474 5246 4442 2806
is_linear=0
shrinkage=0.03


Tree=195
num_leaves=7
num_cat=0
split_feature=2 60 11 62 6 10
split_gain=0.246898 0.255862 0.245324 0.309203 0.254021 0.232845
threshold=-0.15768710196335237 -0.043714109775397116 0.038324417991235253 -0.73406424965481676 -0.11479510819940154 -0.028807672067714275
decision_type=2 2 2 2 2 2
left_child=1 5 3 -2 -5 -1
right_child=2 -3 -4 4 -6 -7
leaf_value=0.0021378881360616482 0.0023574341165372606 -0.00074794732039370831 0.00076451366514096366 -0.001144155953557797 7.3095736236545257e-05 -0.00024043175675313405
leaf_weight=48.167829526762944 37.193005713517778 549.00485544235562 500.24813432159135 173.34813442308223 967.57042581163114 97.271376774006058
leaf_count=596 372 9025 5446 2349 10251 1054
internal_value=1.82483e-05 -0.000453608 0.000215015 -2.27826e-05 -0.000120185 0.000634106
internal_weight=2372.8 694.444 1678.36 1178.11 1140.92 145.439
internal_count=29093 10675 18418 12972 12600 1650
is_linear=0
shrinkage=0.03


Tree=196
num_leaves=7
num_cat=0
split_feature=0 23 37 34 9 14
split_gain=0.246341 0.194315 0.198122 0.215549 0.187138 0.18197
threshold=0.51080298209407771 0.6592022477070093 1.1419254851837954 -3.3839408556620278 0.20402260214649418 0.018574260779666323
decision_type=2 2 8 10 2 2
left_child=1 4 3 -3 5 -1
right_child=-2 2 -4 -5 -6 -7
leaf_value=-0.001936653807970331 0.0025982464371924084 0.0017687281355844998 0.0025387616348365879 -0.0018336566274023633 0.0015362909789876983 -5.7918574496147421e-05
leaf_weight=37.432672574548633 23.38149682659423 17.855577259208076 43.523705259431154 22.384628180763684 54.890548824099824 2178.4815328028053
leaf_count=4228 259 280 404 235 659 23107
internal_value=3.91886e-05 2.89565e-06 0.00134135 -0.0002013 -5.21411e-05 -9.82133e-05
internal_weight=2377.95 2354.57 83.7639 40.2402 2270.8 2215.91
internal_count=29172 28913 919 515 27994 27335
is_linear=0
shrinkage=0.03


Tree=197
num_leaves=7
num_cat=0
split_feature=46 51 62 56 6 45
split_gain=0.180684 0.48546 0.357149 0.243159 0.201085 0.193989
threshold=88.500000000000014 0.63333333333333341 0.005990226951039253 9.8372745407823476 0.057969750185561705 0.10555555555555557
decision_type=10 2 2 2 2 10
left_child=1 -1 3 4 -3 -2
right_child=5 2 -4 -5 -6 -7
leaf_value=4.5275207304665272e-05 -0.0017451546481338995 0.0028223017894720482 0.003278907058164741 -0.0015922543165430736 -0.0005045793723963862 -0.00015110210221694467
leaf_weight=1849.3596598888107 80.367025032523088 28.5076807748992 65.248495846288279 27.680586774367839 23.89780173136387 296.24322765355464
leaf_count=23337 773 271 574 255 208 3620
internal_value=6.6567e-05 0.000180823 0.00179169 0.000350544 0.00146744 -0.000527607
internal_weight=2371.3 1994.69 145.335 80.0861 52.4055 376.61
internal_count=29038 24645 1308 734 479 4393
is_linear=0
shrinkage=0.03


Tree=198
num_leaves=7
num_cat=0
split_feature=23 56 43 59 59 28
split_gain=0.227389 0.248502 0.244927 0.272066 0.310131 0.276018
threshold=0.056053634262864367 60.205391868577216 1.5000000000000002 -0.40890381173247609 -0.012425855890321981 3.4920481443405156
decision_type=2 2 2 2 2 10
left_child=2 -2 3 -1 -5 -6
right_child=1 -3 -4 4 5 -7
leaf_value=0.00079008407143067803 0.00071097229902796421 -0.00093867275661586196 0.0014034509226838188 -0.0011259903156974303 -0.00026896255944930923 0.0018540889421130625
leaf_weight=177.5085660823388 508.94320989237167 88.706604824168608 70.43763548322022 402.75623250802164 1073.7255296760704 48.130952346138656
leaf_count=2258 5409 953 562 5042 14330 438
internal_value=-4.66859e-05 0.000454704 -0.000217341 -0.000292219 -0.000422557 -0.000162301
internal_weight=2370.21 597.65 1772.56 1702.12 1524.61 1121.86
internal_count=28992 6362 22630 22068 19810 14768
is_linear=0
shrinkage=0.03


Tree=199
num_leaves=7
num_cat=0
split_feature=22 46 51 62 59 34
split_gain=0.291733 0.235664 0.355156 0.289589 0.281821 0.26638
threshold=-0.17127458574862317 78.500000000000014 0.63333333333333341 0.0086474205568044006 -0.025396244403814654 -7.9077686468760158
decision_type=2 10 2 2 2 10
left_child=-1 2 -2 4 -4 -3
right_child=1 5 3 -5 -6 -7
leaf_value=-0.0011564408230622543 8.0837034683717783e-05 0.0019917683475830297 0.0017577411971708081 0.0030575562252160462 -0.001596953224957731 -0.00083278810689874539
leaf_weight=183.38841066995519 1670.8080435100856 23.291510391107295 40.23910624277778 58.176822751294822 31.077686981880106 354.82408768730238
leaf_count=2758 20688 470 371 502 270 3948
internal_value=-3.96829e-05 5.91853e-05 0.000202748 0.00165716 0.000279256 -0.000611962
internal_weight=2361.81 2178.42 1800.3 129.494 71.3168 378.116
internal_count=29007 26249 21831 1143 641 4418
is_linear=0
shrinkage=0.03


Tree=200
num_leaves=7
num_cat=0
split_feature=28 4 6 7 44 1
split_gain=0.279843 0.271146 0.280518 0.291604 0.364347 0.259437
threshold=3.4920481443405156 -0.10811220821257 0.26166543373410106 0.016782448756189793 2.5000000000000004 -0.029818000655578943
decision_type=8 2 2 2 8 2
left_child=-1 2 3 -2 -5 -3
right_child=1 5 -4 4 -6 -7
leaf_value=-0.00013349651274311371 0.00078896949108457019 -0.0010935854708337921 0.0028000260743121759 0.0010165370014766138 -0.002763971040763564 0.002140973363804284
leaf_weight=2024.0928666808613 84.265051475027576 20.061099080136046 18.038065079599619 28.055320476880297 58.722804809338413 133.37049237580504
leaf_count=25185 1082 230 159 247 713 1410
internal_value=1.74622e-06 0.000782083 8.11911e-06 -0.000424711 -0.00156299 0.00167702
internal_weight=2366.61 342.513 189.081 171.043 86.7781 153.432
internal_count=29026 3841 2201 2042 960 1640
is_linear=0
shrinkage=0.03


Tree=201
num_leaves=7
num_cat=0
split_feature=2 14 25 23 7 60
split_gain=0.168222 0.168237 0.165213 0.23234 0.279553 0.205204
threshold=-0.33051155121998682 0.54871700466447615 0.71085131337075635 -0.36442711546876655 -0.026511761672540955 0.18987847554746051
decision_type=2 2 2 2 2 2
left_child=-1 2 3 4 -2 -5
right_child=1 -3 -4 5 -6 -7
leaf_value=-0.0012687477979173611 -0.0017537271155675259 -0.0020206835308041048 0.001057821426397706 5.7427662569598051e-06 0.00051215720939477274 0.0013318025307755626
leaf_weight=86.21394057708676 129.03734437417006 26.080820322036743 126.01470461577992 1829.5773921785731 69.937493413279299 101.4292491543456
leaf_count=2275 1982 112 1719 21287 778 897
internal_value=-3.99559e-05 1.17991e-05 4.41096e-05 -2.05268e-05 -0.000970897 8.18988e-05
internal_weight=2368.29 2282.08 2256 2129.98 198.975 1931.01
internal_count=29050 26775 26663 24944 2760 22184
is_linear=0
shrinkage=0.03


Tree=202
num_leaves=7
num_cat=0
split_feature=15 24 34 8 6 6
split_gain=0.198039 0.350904 0.221158 0.251585 0.23065 0.357563
threshold=1.5000000000000002 2.5000000000000004 -7.7597284168004981 0.17588879559356804 0.26166543373410106 0.053723125474624003
decision_type=2 2 10 2 2 2
left_child=2 -2 3 4 5 -1
right_child=1 -3 -4 -5 -6 -7
leaf_value=0.0010861852220662882 -0.0017280113078351163 0.0003510581169310084 -7.0533018744693511e-05 0.0033936993569290779 0.0029619567990733617 -0.0011676003125323669
leaf_weight=146.48520128101518 149.56585609167814 129.52792444464285 1810.2378226963338 20.845789059560047 20.376998071442358 96.622381136810873
leaf_count=2636 2006 1609 20789 300 295 1374
internal_value=-4.8245e-05 -0.000784345 5.30985e-05 0.000815873 0.000495293 0.000179685
internal_weight=2373.66 279.094 2094.57 284.33 263.485 243.108
internal_count=29009 3615 25394 4605 4305 4010
is_linear=0
shrinkage=0.03


Tree=203
num_leaves=7
num_cat=0
split_feature=0 52 4 34 36 60
split_gain=0.337245 0.235772 0.185303 0.302706 0.310322 0.259006
threshold=0.51080298209407771 1.0000000180025095e-35 -0.054562053072230117 1.9017455180486047 1.2309709735628636 -0.07007895684143868
decision_type=2 2 2 8 10 2
left_child=1 -1 5 -4 -5 -3
right_child=-2 2 3 4 -6 -7
leaf_value=0.00071011851130242838 0.0029958043283212108 0.00058433549663164874 -6.2100848365725806e-05 0.0023740141766558547 -0.0010293887356121324 -0.00046191668503186976
leaf_weight=343.45303977170261 24.198491295799613 245.96218621666776 365.28442305974022 93.481348310247995 25.14766747970134 1285.0214962451137
leaf_count=4464 270 2322 4406 975 227 16432
internal_value=3.80353e-05 -4.83484e-06 -0.000129609 0.000376949 0.0016286 -0.000291128
internal_weight=2382.55 2358.35 2014.9 483.913 118.629 1530.98
internal_count=29096 28826 24362 5608 1202 18754
is_linear=0
shrinkage=0.03


Tree=204
num_leaves=7
num_cat=0
split_feature=0 42 7 4 10 14
split_gain=0.325939 0.200294 0.308043 0.362347 0.177002 0.176818
threshold=0.5637599454446881 2.5000000000000004 0.0037441515501904312 -0.13417429856230581 -0.011373063510588357 0.31030847995449085
decision_type=2 2 2 2 2 2
left_child=1 5 4 -4 -3 -1
right_child=-2 2 3 -5 -6 -7
leaf_value=-1.0254042156137115e-06 0.0033038768106552663 0.0003340753199188988 0.0019285354461411471 -0.0019821791524167538 0.0043112607900685869 -0.00080854536354162294
leaf_weight=1996.7487922039581 16.556625449331477 17.36158157128375 30.62984596635215 34.925377930048853 21.908521481556818 268.02494366466999
leaf_count=26844 174 217 270 300 238 1148
internal_value=-1.29414e-06 -3.81748e-05 0.00118452 -0.00014154 0.0029776 -9.97257e-05
internal_weight=2386.16 2369.6 104.825 65.5552 39.2701 2264.77
internal_count=29191 29017 1025 570 455 27992
is_linear=0
shrinkage=0.03


Tree=205
num_leaves=7
num_cat=0
split_feature=10 24 14 52 17 28
split_gain=0.188527 0.273955 0.240327 0.264936 0.28361 0.239158
threshold=-0.066940050633441314 1.5000000000000002 0.028557834561282684 2.8062982233521478 1.0000000180025095e-35 -2.9223004579544063
decision_type=2 2 2 2 2 10
left_child=1 -1 -2 4 -4 -5
right_child=2 -3 3 5 -6 -7
leaf_value=-0.0016561954040723113 -0.0014852417126111175 5.5386512607255533e-05 0.0013576161185531097 0.00084694429806217919 -0.00088363083100486913 -0.00013700953716461295
leaf_weight=132.71421478039701 71.858520455585676 203.63297818566207 262.40020161680877 254.18242383189499 55.141306709498167 1393.1395906228572
leaf_count=1918 5325 2806 2485 2743 577 13181
internal_value=-9.86795e-07 -0.000648281 0.000108553 0.000174067 0.000953327 1.90092e-05
internal_weight=2373.07 336.347 2036.72 1964.86 317.542 1647.32
internal_count=29035 4724 24311 18986 3062 15924
is_linear=0
shrinkage=0.03


Tree=206
num_leaves=7
num_cat=0
split_feature=62 0 28 39 29 5
split_gain=0.217536 0.24033 0.376606 0.386499 0.245338 0.203794
threshold=-0.73406424965481676 0.15860509857599192 2.8372008800506596 1.5000000000000002 7.1084141731262216 0.0054415274376709228
decision_type=2 2 8 2 10 2
left_child=-1 4 3 -3 5 -2
right_child=1 2 -4 -5 -6 -7
leaf_value=0.0015737316437532355 -0.00023780162285457859 -0.0024711304235681868 0.00265789043607599 0.00060353519142032977 -0.0020530906170520263 0.00056317397806498277
leaf_weight=70.389644223847426 1528.5764832199347 32.218262070440687 60.335164218209684 279.47269244643394 49.12076493690256 341.31945398860262
leaf_count=847 19995 265 528 3045 563 3718
internal_value=3.9821e-05 -1.39411e-05 0.000673575 0.000218782 -0.000150026 -8.93784e-05
internal_weight=2361.43 2291.04 372.026 311.691 1919.02 1869.9
internal_count=28961 28114 3838 3310 24276 23713
is_linear=0
shrinkage=0.03


Tree=207
num_leaves=7
num_cat=0
split_feature=34 14 21 3 8 56
split_gain=0.250735 0.336372 0.236559 0.328548 0.42311 0.476906
threshold=-7.7597284168004981 0.25872293159897336 1.0000000180025095e-35 -0.13102115419435853 0.09013555216051676 -4.5529060885919135
decision_type=10 2 2 2 2 2
left_child=1 2 3 4 5 -1
right_child=-2 -3 -4 -5 -6 -7
leaf_value=0.0017680847794741947 -7.5774750654638773e-05 -0.0015025716687663937 0.00036925239751206876 0.0036962384435184248 0.0037134364584150256 -0.0030241917206155476
leaf_weight=27.443159288261086 2048.5156127673399 40.558863043785095 161.25782776309643 52.981981971184723 17.319446247129235 28.171774666247074
leaf_count=548 23678 184 3215 682 245 481
internal_value=4.87355e-05 0.000806194 0.00117186 0.00209695 0.000629569 -0.000750379
internal_weight=2376.25 327.733 287.174 125.916 72.9344 55.6149
internal_count=29033 5355 5171 1956 1274 1029
is_linear=0
shrinkage=0.03


Tree=208
num_leaves=7
num_cat=0
split_feature=37 11 37 31 31 33
split_gain=0.206013 0.186684 0.222493 0.21042 0.214741 0.207428
threshold=-6.0122673093444758 0.038324417991235253 4.368883387210535 7.2507096529006967 2.6426282227039342 -1.798007195194562
decision_type=8 2 8 10 10 10
left_child=-1 -2 3 4 -3 -4
right_child=1 2 5 -5 -6 -7
leaf_value=0.001607263227432992 -0.00013613423178864676 0.00044127775164002183 0.00026432068612559462 0.0013818354350273896 -0.00096527907708260797 0.0024128605025451198
leaf_weight=66.942899072688306 1672.7208745302632 210.26633814210072 80.015686113736592 85.962781631475082 166.10623652266804 77.913899637525901
leaf_count=1671 20111 1970 910 1605 2076 602
internal_value=8.03063e-05 2.89419e-05 0.000469213 0.00012663 -0.000188401 0.00140486
internal_weight=2359.93 2292.99 620.265 462.335 376.373 157.93
internal_count=28945 27274 7163 5651 4046 1512
is_linear=0
shrinkage=0.03


Tree=209
num_leaves=7
num_cat=0
split_feature=58 30 10 24 47 10
split_gain=0.253705 0.20511 0.33072 0.275862 0.25644 0.251761
threshold=0.58571428571428574 -7.149808168411254 -0.033300705698303915 1.5000000000000002 10.500000000000002 -0.013297516287747687
decision_type=2 10 2 2 8 2
left_child=1 2 3 4 -1 -4
right_child=-2 -3 5 -5 -6 -7
leaf_value=-0.0032576857702375337 0.0020761641341347876 -0.00012864780492907694 0.0029234715082007362 0.00080611697148848314 0.00020760840779401573 0.00067501508972383811
leaf_weight=37.248734926339239 44.649603298661532 1889.8567623672425 46.337635535048321 54.553440818737727 30.491424545471091 275.30877877818421
leaf_count=692 465 21536 735 1024 524 4099
internal_value=5.56265e-05 8.27685e-06 0.00058116 -0.000706592 -0.00187181 0.00107732
internal_weight=2378.45 2333.8 443.94 122.294 67.7402 321.646
internal_count=29075 28610 7074 2240 1216 4834
is_linear=0
shrinkage=0.03


Tree=210
num_leaves=7
num_cat=0
split_feature=62 28 24 23 12 14
split_gain=0.21304 0.230315 0.223168 0.266905 0.285257 0.21908
threshold=-0.73406424965481676 3.936851024627686 7.5000000000000009 -0.33360724199698127 1.2890240631224419 0.028557834561282684
decision_type=2 10 2 2 2 2
left_child=-1 2 5 -4 -5 -2
right_child=1 -3 3 4 -6 -7
leaf_value=0.0014409506737819335 -0.0017029408693083291 0.0013949211561129925 -0.0010950525350944416 0.0022577076171021704 -0.0010462536335933323 -0.00017542386925264273
leaf_weight=73.936914017540403 78.50785704338341 79.542908162111416 37.898399168916512 95.449271320831031 23.822702817618847 1987.0345183070749
leaf_count=868 5970 693 595 1365 127 19475
internal_value=-4.39871e-05 -9.77014e-05 -0.000157125 0.000898695 0.00156791 -0.000241407
internal_weight=2376.19 2302.26 2222.71 157.17 119.272 2065.54
internal_count=29093 28225 27532 2087 1492 25445
is_linear=0
shrinkage=0.03


Tree=211
num_leaves=7
num_cat=0
split_feature=8 62 24 2 24 58
split_gain=0.196354 0.191737 0.178754 0.216751 0.197078 0.177271
threshold=0.272820817612972 -0.73406424965481676 7.5000000000000009 -0.30932452052898751 3.5000000000000004 0.41428571428571431
decision_type=2 2 2 2 2 2
left_child=1 -1 3 4 -3 -5
right_child=-2 2 -4 5 -6 -7
leaf_value=0.0014404591949738893 0.0021400621260723451 -0.002379178216760541 0.00088610521157371134 -0.00010756818800592372 0.00036819154154764508 0.0011174972571627096
leaf_weight=72.544691623188555 30.002366687636822 58.575539586046943 166.40018587536179 1904.5760593175364 32.112368033762323 102.56824345747009
leaf_count=869 331 1517 2146 22398 757 1013
internal_value=5.59657e-05 2.02024e-05 -3.14355e-05 -0.000108073 -0.00146639 -3.97358e-05
internal_weight=2366.78 2336.78 2264.23 2097.83 90.6879 2007.14
internal_count=29031 28700 27831 25685 2274 23411
is_linear=0
shrinkage=0.03


Tree=212
num_leaves=7
num_cat=0
split_feature=8 24 5 60 60 30
split_gain=0.181336 0.273069 0.207136 0.199531 0.422396 0.334672
threshold=-0.18683575907459973 2.5000000000000004 -0.1680264440280779 -1.0000000180025095e-35 -0.059735952064896451 4.6707973480224618
decision_type=2 2 2 2 2 8
left_child=1 -1 -2 4 5 -4
right_child=2 -3 3 -5 -6 -7
leaf_value=-0.0029498417713567085 -0.0010119856351543206 0.00055864611521690968 0.00015906068827120843 0.00038420664741216365 -0.0008136634188073298 0.0026572341785593024
leaf_weight=34.007813340751454 135.72862308617914 31.618539014540147 342.41837417241186 1330.6918680787203 456.34299134882167 46.482966155745089
leaf_count=928 1776 897 3250 16665 5198 385
internal_value=3.67611e-05 -0.00140911 8.3701e-05 0.000156364 -0.000202634 0.00051678
internal_weight=2377.29 65.6264 2311.66 2175.94 845.244 388.901
internal_count=29099 1825 27274 25498 8833 3635
is_linear=0
shrinkage=0.03


Tree=213
num_leaves=7
num_cat=0
split_feature=15 24 58 46 45 44
split_gain=0.22623 0.353109 0.249507 0.214584 1.16732 0.325142
threshold=1.5000000000000002 2.5000000000000004 0.58571428571428574 21.500000000000004 0.21111111111111114 3.5000000000000004
decision_type=2 2 2 8 10 8
left_child=2 -2 3 4 -1 -5
right_child=1 -3 -4 5 -6 -7
leaf_value=0.0027001359347403032 -0.0017210553958244602 0.00037754404714473511 0.0022228687402630768 -0.00064328215345783066 -0.0010398780022525861 0.00023576482957266573
leaf_weight=140.40724330826197 145.27240038930904 129.23323365527904 40.857236437121173 531.34709513565758 142.02357388054952 1250.5253765369271
leaf_count=1402 2005 1624 416 5681 2118 15917
internal_value=3.99076e-05 -0.000754522 0.000146576 9.49633e-05 0.00084818 -2.84905e-05
internal_weight=2379.67 274.506 2105.16 2064.3 282.431 1781.87
internal_count=29163 3629 25534 25118 3520 21598
is_linear=0
shrinkage=0.03


Tree=214
num_leaves=7
num_cat=0
split_feature=0 40 52 0 2 23
split_gain=0.208309 0.20975 0.365619 0.290737 0.272305 0.228946
threshold=0.5637599454446881 3.5000000000000004 4.6290660748569286 0.10418264054608752 -0.10981932589330708 0.6592022477070093
decision_type=2 2 2 2 2 2
left_child=1 5 3 4 -3 -1
right_child=-2 2 -4 -5 -6 -7
leaf_value=-0.00010797461799900671 0.002698660120984334 0.00054566112115111704 -0.00050900237958760673 -0.0005631385611174944 0.0051618639043113012 0.0014473043299197538
leaf_weight=2152.3699961657694 16.46438816213049 20.494059922639281 59.001439448795281 17.043856136733666 26.977188804070465 78.687239408347523
leaf_count=26540 180 291 623 167 326 885
internal_value=5.18488e-05 2.20064e-05 0.00117708 0.00258043 0.00361069 -4.69081e-05
internal_weight=2371.04 2354.57 123.517 64.5151 47.4712 2231.06
internal_count=29012 28832 1407 784 617 27425
is_linear=0
shrinkage=0.03


Tree=215
num_leaves=7
num_cat=0
split_feature=35 52 12 14 20 30
split_gain=0.217219 0.192679 0.26467 0.261428 0.194297 0.183368
threshold=-5.8057200601085635 3.2080875396860176 2.0230652377702554 0.028557834561282684 0.19301956439588605 3.1080622673034672
decision_type=8 2 2 2 2 8
left_child=-1 2 3 -2 5 -3
right_child=1 4 -4 -5 -6 -7
leaf_value=0.002097493485906566 -0.0021146919569118138 -0.00044911922712256706 -0.0020661977670601997 0.00076609514021878141 0.001043944961801598 0.00026371560401879682
leaf_weight=33.402885556570254 20.547265223809518 1277.0079092130618 25.769764199852943 491.84884546883404 97.889719625236467 426.95689712197054
leaf_count=520 1537 16177 111 4847 1297 4558
internal_value=-5.52187e-06 -4.43393e-05 0.000448694 0.000612305 -0.000193259 -0.00027001
internal_weight=2373.42 2340.02 538.166 512.396 1801.85 1703.96
internal_count=29047 28527 6495 6384 22032 20735
is_linear=0
shrinkage=0.03


Tree=216
num_leaves=7
num_cat=0
split_feature=17 14 5 3 23 35
split_gain=0.239022 0.247152 0.258898 0.217742 0.204106 0.241087
threshold=1.5000000000000002 0.39233047508114643 -0.0052627977282721748 -0.28090621785943798 0.089013785236788281 1.4827447904894753
decision_type=2 2 2 2 2 8
left_child=1 3 -3 -1 5 -5
right_child=-2 2 -4 4 -6 -7
leaf_value=-0.00068979101974554443 -0.0011615307868369535 0.00023604514981074326 -0.0022848057184532782 -0.00016044620194350628 0.00086723230868756412 0.00062697729648164243
leaf_weight=204.33644043368986 124.86631972822943 68.316572278738022 65.127067044377327 898.95110128390661 454.85386768652825 559.89434083370725
leaf_count=3583 1876 281 269 11585 4864 6634
internal_value=6.57684e-05 0.000138669 -0.00106777 0.000219339 0.000319493 0.000143972
internal_weight=2376.35 2251.48 133.444 2118.04 1913.7 1458.85
internal_count=29092 27216 550 26666 23083 18219
is_linear=0
shrinkage=0.03


Tree=217
num_leaves=7
num_cat=0
split_feature=0 23 52 7 47 26
split_gain=0.230601 0.221144 0.315719 0.193037 0.227429 0.261118
threshold=0.5637599454446881 0.089013785236788281 4.532550314726226 -0.02161735818390197 8.5000000000000018 0.55165082216262828
decision_type=2 2 2 2 8 8
left_child=1 -1 -3 -4 -5 -6
right_child=-2 2 3 4 5 -7
leaf_value=-0.00022020742577326315 0.0027538190303369324 0.0010753370184465071 0.0016621663438701874 -0.0016143007243868324 0.0016157735969540114 -0.0011274669257774035
leaf_weight=1795.096089066792 16.527694208605681 312.16692242477438 27.219082875322783 103.8899078379618 53.983340824721381 51.411639489408117
leaf_count=22930 177 3358 434 1023 548 501
internal_value=-2.77815e-05 -5.9013e-05 0.000462871 -0.000356364 -0.000682717 0.000295879
internal_weight=2360.29 2343.77 548.671 236.504 209.285 105.395
internal_count=28971 28794 5864 2506 2072 1049
is_linear=0
shrinkage=0.03


Tree=218
num_leaves=7
num_cat=0
split_feature=58 59 52 29 46 2
split_gain=0.251646 0.414383 0.307754 0.238715 0.27476 0.237779
threshold=0.13392857142857145 0.30161928689962514 3.493733417550295 -4.9199571609497061 34.500000000000007 -0.040399965839020176
decision_type=2 2 2 10 8 2
left_child=2 -2 5 -3 -5 -1
right_child=1 3 -4 4 -6 -7
leaf_value=0.00072721083201260264 0.0023474389173099917 0.0012312407584479715 -0.00043747728162176299 0.0012179744630060709 -0.00093238224667739058 -0.0008452155773799575
leaf_weight=415.55409860197688 84.00207248100196 108.49349115649238 1416.2037250045687 62.766826431034133 196.22320730151841 99.716183398995781
leaf_count=5125 930 1352 17708 652 2158 1207
internal_value=-6.0298e-05 0.000569698 -0.000209737 0.000111908 -0.000385333 0.000412614
internal_weight=2382.96 451.486 1931.47 367.484 258.99 515.27
internal_count=29132 5092 24040 4162 2810 6332
is_linear=0
shrinkage=0.03


Tree=219
num_leaves=7
num_cat=0
split_feature=10 14 46 10 27 10
split_gain=0.269574 0.391713 0.37638 0.288912 0.28249 0.235942
threshold=0.022299581761361213 0.29499267845158655 25.500000000000004 0.0014433447407075988 0.46856297552585607 0.096783336991144844
decision_type=2 2 8 2 10 2
left_child=1 -1 5 4 -3 -2
right_child=2 3 -4 -5 -6 -7
leaf_value=-0.00011563933609633233 0.002200435765520915 -0.0017710073042107438 5.1681208948647686e-05 -0.0033429902246689767 0.00068666283249637044 -0.00050634353031293021
leaf_weight=1247.9432188406936 122.47389288392151 92.050870388746262 762.10490216231847 47.674509614706039 64.427637204527855 32.903622398036532
leaf_count=17414 1431 402 8903 208 283 389
internal_value=-6.64906e-05 -0.000320019 0.000333893 -0.00150561 -0.000778636 0.00163128
internal_weight=2369.58 1452.1 917.482 204.153 156.479 155.378
internal_count=29030 18307 10723 893 685 1820
is_linear=0
shrinkage=0.03


Tree=220
num_leaves=7
num_cat=0
split_feature=29 31 9 39 34 9
split_gain=0.199144 0.264555 0.306081 0.249416 0.246565 0.238711
threshold=-2.6663894653320308 2.9603044986724858 0.18298719167946861 4.5000000000000009 1.2732472072045011 0.022382051411011999
decision_type=10 8 2 2 10 2
left_child=1 3 4 -1 5 -3
right_child=-2 2 -4 -5 -6 -7
leaf_value=0.0022155845401401818 -0.00026935355517525056 -0.00027653929013060218 0.0024804874493878784 0.00031097147343411461 -0.00092942298852771938 0.00081246655789374755
leaf_weight=99.895156195387244 1158.5027510706859 403.88160638450063 34.477932977897581 150.6063767838059 216.72501564153936 313.26734859528369
leaf_count=851 13176 6901 453 1460 2294 3958
internal_value=1.10912e-05 0.000277673 4.88504e-05 0.00112639 -6.62525e-05 0.000203795
internal_weight=2377.36 1218.85 968.352 250.502 933.874 717.149
internal_count=29093 15917 13606 2311 13153 10859
is_linear=0
shrinkage=0.03


Tree=221
num_leaves=7
num_cat=0
split_feature=24 60 37 2 20 20
split_gain=0.186164 0.222756 0.361074 0.257611 0.180141 0.179826
threshold=7.5000000000000009 0.15280908577621333 3.6995119072437315 0.14622659388624251 0.0044444526727554787 0.19301956439588605
decision_type=2 2 10 2 2 2
left_child=1 3 4 5 -3 -1
right_child=-2 2 -4 -5 -6 -7
leaf_value=-0.00030619958138530958 0.0008865759926550851 -0.00074554145278227138 0.0032758672616806654 0.0022796090781121215 0.0017337678803670603 0.00090305258722816334
leaf_weight=1922.9249821828271 171.15966519538779 74.18616120913066 34.393364885821939 27.311202546377899 28.411735382454935 107.83395800035214
leaf_count=23835 2210 720 241 317 288 1417
internal_value=-3.80959e-05 -0.000113891 0.00101543 -0.000193608 3.40394e-05 -0.000237877
internal_weight=2366.22 2195.06 136.991 2058.07 102.598 2030.76
internal_count=29028 26818 1249 25569 1008 25252
is_linear=0
shrinkage=0.03


Tree=222
num_leaves=7
num_cat=0
split_feature=23 2 40 2 40 3
split_gain=0.209501 0.178272 0.360393 0.298921 0.211161 0.285704
threshold=0.6592022477070093 -0.11810182111780149 3.5000000000000004 -0.11171791895446766 1.5000000000000002 0.014043900391801948
decision_type=2 2 2 2 2 2
left_child=1 4 3 -3 -1 -6
right_child=-2 2 -4 -5 5 -7
leaf_value=-5.8069126091718761e-05 0.0013561501031146273 0.0017491187083830202 0.0020390463005786849 -0.00010645943158849845 -0.001188617020085305 0.0017974022543643471
leaf_weight=695.71797560830601 85.400362849817611 74.119674207875505 75.957822837401181 1088.4719034811278 329.74149593379116 22.69861275178846
leaf_count=9625 934 746 785 12269 4425 267
internal_value=-2.14888e-05 -7.86194e-05 0.000164563 2.57486e-05 -0.000364814 -0.000952019
internal_weight=2372.11 2286.71 1238.55 1162.59 1048.16 352.44
internal_count=29051 28117 13800 13015 14317 4692
is_linear=0
shrinkage=0.03


Tree=223
num_leaves=7
num_cat=0
split_feature=28 3 34 29 30 28
split_gain=0.220247 0.170747 0.344111 0.264582 0.231152 0.274481
threshold=-4.8387625217437735 -0.05448529814257571 1.1862364560365679 -1.7804120779037473 3.1740281581878667 2.7748541831970219
decision_type=8 2 10 10 10 10
left_child=-1 4 3 -3 -2 -6
right_child=1 2 -4 -5 5 -7
leaf_value=0.0016175919561979934 -0.00027616501039012272 0.0017788043809324867 -0.00082158836010625498 6.2291516922565913e-05 9.0563312055014797e-05 0.0022043825432278359
leaf_weight=67.219459775602445 1592.4454506925249 173.25748419674346 117.89189980155788 145.9208668883075 211.29572039796039 65.327520798891783
leaf_count=1569 20312 2053 946 1447 2117 551
internal_value=4.15713e-05 -1.11522e-05 0.000515841 0.00101979 -0.000136476 0.000649256
internal_weight=2373.36 2306.14 437.07 319.178 1869.07 276.623
internal_count=28995 27426 4446 3500 22980 2668
is_linear=0
shrinkage=0.03


Tree=224
num_leaves=7
num_cat=0
split_feature=41 46 23 12 62 59
split_gain=0.209285 0.256504 0.198046 0.225768 0.225793 0.143601
threshold=1.5000000000000002 28.500000000000004 0.44235749201673608 0.99826899035058203 0.0013221966996064297 -0.73819209882540138
decision_type=2 10 2 2 2 2
left_child=2 -2 5 4 -4 -1
right_child=1 -3 3 -5 -6 -7
leaf_value=0.0010721196771312975 0.0025294430090592275 -0.00032058045009277354 0.0027072989746597807 -0.000483830400390244 6.8312054286855792e-05 -0.0002198953286917122
leaf_weight=70.711176267417613 52.141368757467717 48.682997615542263 61.279862628260162 67.642400331795216 50.301140394818503 2000.5082694098382
leaf_count=839 428 398 895 361 720 25301
internal_value=-2.44231e-05 0.00124856 -8.67263e-05 0.000843075 0.0016211 -0.000170847
internal_weight=2351.27 100.824 2250.44 179.223 111.581 2071.22
internal_count=28942 826 28116 1976 1615 26140
is_linear=0
shrinkage=0.03


Tree=225
num_leaves=7
num_cat=0
split_feature=60 60 34 31 43 14
split_gain=0.27138 0.234891 0.261946 0.201852 0.259148 0.292747
threshold=-0.058397731817112337 0.20715250849433256 1.1862364560365679 7.1145739555358896 1.5000000000000002 0.23169081031993113
decision_type=2 2 10 8 2 2
left_child=-1 3 -3 -2 5 -5
right_child=1 2 -4 4 -6 -7
leaf_value=0.00070292364558272719 -0.00043450704636666603 0.00011455775292301988 0.0029728172604653758 0.00037877466010139375 0.0029282335805325089 -0.0014025356533213262
leaf_weight=424.01492788217729 1217.1878502576146 84.177491498587187 34.596272388473153 498.97961040133669 20.487521047238261 89.256223723292351
leaf_count=4097 13570 837 274 9613 187 427
internal_value=2.44149e-05 -0.000126365 0.00111331 -0.00021263 0.000230883 8.95603e-05
internal_weight=2368.7 1944.68 118.774 1825.91 608.723 588.236
internal_count=29005 24908 1111 23797 10227 10040
is_linear=0
shrinkage=0.03


Tree=226
num_leaves=7
num_cat=0
split_feature=5 62 30 52 1 12
split_gain=0.245268 0.234415 0.210772 0.227212 0.155965 0.30984
threshold=0.010345172944352167 -0.20261490696083642 -1.47945100069046 4.6974999267505826 1.0000000180025095e-35 1.8417027916902031
decision_type=2 2 8 2 2 2
left_child=-1 2 3 -2 5 -3
right_child=1 4 -4 -5 -6 -7
leaf_value=-0.00018054638884482867 0.0022930695669666147 0.0019842005637109236 -0.0015092945463249649 -0.0013191564094623515 0.00020940717516403331 -0.0016129150755323457
leaf_weight=1957.1889534653455 28.679348020232283 162.69693227915559 67.320636688964441 17.929281412158161 130.14605577039765 17.034376829862595
leaf_count=24629 354 2074 606 195 1149 76
internal_value=-3.83139e-05 0.000607553 -0.000523268 0.000915962 0.00102667 0.00157624
internal_weight=2381 423.807 113.929 46.6086 309.877 179.731
internal_count=29083 4454 1155 549 3299 2150
is_linear=0
shrinkage=0.03


Tree=227
num_leaves=7
num_cat=0
split_feature=0 58 60 56 25 37
split_gain=0.214699 0.172319 0.159969 0.250968 0.196698 0.185635
threshold=0.51080298209407771 0.58571428571428574 -0.058397731817112337 36.191160113022953 -0.28137397267621084 5.3974384229630239
decision_type=2 2 2 2 2 8
left_child=1 2 3 4 -1 -6
right_child=-2 -3 -4 -5 5 -7
leaf_value=0.0021496707827272136 0.0024074078655845319 0.0016593235252880753 -0.00016992739278088873 -0.00083167615295616244 0.00012317047300628619 0.0024532069955875519
leaf_weight=71.067212106485385 23.521051731309853 44.339034372416791 1870.4125919203652 95.191109407809563 236.28301201621071 25.603198609314859
leaf_count=707 258 439 24182 916 2318 174
internal_value=2.34769e-05 -1.05861e-05 -4.98467e-05 0.000466649 0.000851266 0.000432816
internal_weight=2366.42 2342.9 2298.56 428.145 332.953 261.886
internal_count=28994 28736 28297 4115 3199 2492
is_linear=0
shrinkage=0.03


Tree=228
num_leaves=7
num_cat=0
split_feature=14 15 24 28 14 52
split_gain=0.202828 0.180074 0.223738 0.202471 0.152428 0.178188
threshold=0.54871700466447615 1.5000000000000002 2.5000000000000004 1.6879649162292483 0.018574260779666323 1.0000000180025095e-35
decision_type=2 2 2 10 2 2
left_child=1 4 3 -3 -1 -6
right_child=-2 2 -4 -5 5 -7
leaf_value=-0.0015710679870578651 -0.0021837832943225905 -0.0019604948590714634 0.00026284700277670652 0.00059717616654460768 0.00088981715019645911 7.8764760409274345e-05
leaf_weight=35.21674149298633 26.897653505206108 114.91436075308593 126.92190867886529 30.771236828062683 273.37628430873156 1764.1586908558384
leaf_count=3955 115 1688 1592 302 2858 18476
internal_value=2.33906e-05 5.78675e-05 -0.00065305 -0.00141661 0.000154054 0.000191398
internal_weight=2372.26 2345.36 272.608 145.686 2072.75 2037.53
internal_count=28986 28871 3582 1990 25289 21334
is_linear=0
shrinkage=0.03


Tree=229
num_leaves=7
num_cat=0
split_feature=24 33 20 31 25 58
split_gain=0.160746 0.208119 0.252848 0.242581 0.187641 0.171797
threshold=7.5000000000000009 0.55230838060379039 -0.03222984132028562 -0.21579717099666593 0.80429840415603027 0.58571428571428574
decision_type=2 10 2 8 2 2
left_child=4 2 -2 -4 5 -1
right_child=1 -3 3 -5 -6 -7
leaf_value=-0.00019873193381169814 -0.00081290630655701487 -0.00053179059893053416 -0.00065057715011548629 0.0030052016269277709 0.0011307016391593121 0.0015633869400765886
leaf_weight=2069.8145994803199 25.73029479192337 60.025879693508614 16.699240006506443 67.995364485774189 97.005802936968394 41.099844852404203
leaf_count=24935 391 729 151 953 1538 403
internal_value=-2.58367e-05 0.000835338 0.00156094 0.00229181 -9.57857e-05 -0.000157214
internal_weight=2378.37 170.451 110.425 84.6946 2207.92 2110.91
internal_count=29100 2224 1495 1104 26876 25338
is_linear=0
shrinkage=0.03


Tree=230
num_leaves=7
num_cat=0
split_feature=52 62 8 14 2 44
split_gain=0.210848 0.291243 0.320321 0.275413 0.240499 0.224361
threshold=3.493733417550295 0.1025773212846479 0.13416349446087375 0.41698071584284324 -0.051207996899108731 4.5000000000000009
decision_type=2 2 2 2 2 10
left_child=3 -2 -3 4 -1 -6
right_child=1 2 -4 -5 5 -7
leaf_value=0.00094255183205680098 -0.00036516892807087994 0.00017023834611955448 0.002367237039130954 -0.0019351890373475284 -0.0010313822221624646 0.0019606347411229874
leaf_weight=488.8040121429076 1274.3841130523942 380.05594171052508 61.294264251599088 30.031467244029045 108.73378294572467 18.227840125153307
leaf_count=6103 15947 4712 621 123 1307 253
internal_value=3.86756e-05 -0.000135504 0.000521043 0.000496441 0.000644064 -0.000490031
internal_weight=2361.53 1715.73 441.35 645.797 615.766 126.962
internal_count=29066 21280 5333 7786 7663 1560
is_linear=0
shrinkage=0.03


Tree=231
num_leaves=7
num_cat=0
split_feature=25 11 5 60 1 56
split_gain=0.202828 0.178604 0.174277 0.257808 0.270331 0.15828
threshold=-0.72233344346970751 0.056600064605637983 -0.16999007130148744 -0.026912039462096939 -0.08155638484448316 -9.3163272024016788
decision_type=2 2 2 2 2 2
left_child=1 -1 3 -2 -5 -4
right_child=2 -3 5 4 -6 -7
leaf_value=0.00044505818720811047 0.00078922398304203376 0.0033747239903324446 0.00030016332483576277 0.000478856157727639 -0.0027761799522507836 -0.0002141577763655625
leaf_weight=66.132427006668877 42.232789172499906 18.460598460049368 994.98349251443869 28.985093737021089 67.047882457030937 1150.3221883855877
leaf_count=997 472 245 12237 643 931 13535
internal_value=1.22321e-05 0.00137357 -4.39664e-05 -0.00103872 -0.00184122 2.4668e-05
internal_weight=2368.16 84.593 2283.57 138.266 96.033 2145.31
internal_count=29060 1242 27818 2046 1574 25772
is_linear=0
shrinkage=0.03


Tree=232
num_leaves=7
num_cat=0
split_feature=14 22 31 14 60 23
split_gain=0.229144 0.163549 0.243736 0.238901 0.187238 0.235771
threshold=0.018574260779666323 -0.16657381231534177 1.3140016794204714 0.23470056682421211 -0.076149649880633094 -0.35947440878110298
decision_type=2 2 8 2 2 2
left_child=-1 2 -2 -4 5 -3
right_child=1 4 3 -5 -6 -7
leaf_value=-0.0019251751059270498 0.0010454118558962343 -0.00080367026298846578 -0.00054558194309756462 -0.003357924703742471 0.00010054435685458189 0.001274074719143675
leaf_weight=39.349736901713186 46.973555504344404 53.359946453012526 115.67946158722043 27.892517656087875 1831.4442957183346 250.12850712798536
leaf_count=4453 433 548 1702 135 19543 2158
internal_value=9.86997e-05 0.000141042 -0.000679386 -0.00127503 0.000217093 0.000894778
internal_weight=2364.83 2325.48 190.546 143.572 2134.93 303.488
internal_count=28972 24519 2270 1837 22249 2706
is_linear=0
shrinkage=0.03


Tree=233
num_leaves=7
num_cat=0
split_feature=23 35 20 39 14 12
split_gain=0.2178 0.217654 0.191901 0.324993 0.190308 0.298091
threshold=0.44235749201673608 2.1022493161938409 0.078711764565629019 1.5000000000000002 0.089476498918320199 0.58928802915443401
decision_type=2 10 2 2 2 2
left_child=2 -2 4 -4 -1 -6
right_child=1 -3 3 -5 5 -7
leaf_value=-0.00080228645125187965 0.0013881891856010247 -0.00090246222543639842 -0.0018298519191268148 0.00080283158220119074 0.00071643625452934344 -0.00034131668112085859
leaf_weight=467.12178836042585 148.86363921058364 41.183678953471826 38.943516545929015 313.39443952095462 299.23660758882761 1059.595402084291
leaf_count=12897 1644 439 476 3967 2852 6765
internal_value=-7.64809e-05 0.000871501 -0.000162793 0.000469374 -0.000286669 -0.00010485
internal_weight=2368.34 190.047 2178.29 352.338 1825.95 1358.83
internal_count=29040 2083 26957 4443 22514 9617
is_linear=0
shrinkage=0.03


Tree=234
num_leaves=7
num_cat=0
split_feature=52 14 12 59 9 26
split_gain=0.208693 0.180551 0.202958 0.150149 0.307184 0.233141
threshold=1.0000000180025095e-35 0.39233047508114643 1.2324012561936197 -0.32409531718308621 0.073587167284037316 1.1238463521003725
decision_type=2 2 2 2 2 10
left_child=1 2 -1 4 -2 -6
right_child=3 -3 -4 -5 5 -7
leaf_value=0.00045145635530530897 -3.1265134255868399e-05 -0.0015460418884113069 0.0022091367837102538 -0.00019420517837652181 0.0032235129555676588 -0.00012783152105231299
leaf_weight=249.82088089172612 238.01141304482007 20.701039984822273 70.811293326318264 1726.8125103104976 44.826568933087401 27.217901569558308
leaf_count=3963 2925 85 380 20965 480 252
internal_value=3.15218e-05 0.000706896 0.000894713 -8.45563e-05 0.000513105 0.00209614
internal_weight=2378.2 341.333 320.632 2036.87 310.056 72.0445
internal_count=29050 4428 4343 24622 3657 732
is_linear=0
shrinkage=0.03


Tree=235
num_leaves=7
num_cat=0
split_feature=11 62 20 13 52 10
split_gain=0.259608 0.226614 0.183514 0.200347 0.257311 0.198491
threshold=0.11541475028367247 -0.73406424965481676 -0.14022137780524666 2.249904835165133 4.8951062873236824 0.02368650717248048
decision_type=2 2 2 2 2 2
left_child=1 -1 3 4 5 -3
right_child=-2 2 -4 -5 -6 -7
leaf_value=0.0015101003842171359 0.0013863723630651425 -0.0018205467767436862 -5.2262063630479746e-06 -0.0014989590402767539 0.0020711781787713349 0.00098094313875471927
leaf_weight=70.673884114366956 108.90718931570882 49.080868942721281 1918.3496020014863 154.21921909277444 31.824792900821194 28.944132094969973
leaf_count=826 1186 607 23025 2594 365 330
internal_value=2.01132e-05 -5.17615e-05 -0.000108997 -0.00083515 0.000144089 -0.00078793
internal_weight=2362 2253.09 2182.42 264.069 109.85 78.025
internal_count=28933 27747 26921 3896 1302 937
is_linear=0
shrinkage=0.03


Tree=236
num_leaves=7
num_cat=0
split_feature=57 29 56 34 24 14
split_gain=0.185186 0.182382 0.208795 0.18532 0.179943 0.161074
threshold=6.5000000000000009 -1.3024662137031553 -32.339999840426678 -0.32666881879170728 1.5000000000000002 0.02009384226965719
decision_type=2 10 2 10 2 2
left_child=5 4 -3 -4 -2 -1
right_child=1 2 3 -5 -6 -7
leaf_value=-0.001789971365461038 0.0016840837762025647 -0.00059898453273348905 0.0010995559342330465 0.0043416377252077625 -0.00060703849893405614 -7.0059737635966984e-05
leaf_weight=40.213529724816908 32.493329259043094 23.740352393942885 55.424440010334365 20.19024819182232 102.62505919171963 2102.5230881506577
leaf_count=4249 455 314 709 163 1446 21717
internal_value=-2.1735e-05 0.000760809 0.00167165 0.00237124 2.20136e-05 -0.000110503
internal_weight=2377.21 234.473 99.355 75.6147 135.118 2142.74
internal_count=29053 3087 1186 872 1901 25966
is_linear=0
shrinkage=0.03


Tree=237
num_leaves=7
num_cat=0
split_feature=52 4 14 14 62 46
split_gain=0.269976 0.221021 0.203269 0.221003 0.210722 0.211846
threshold=2.8062982233521478 -0.26395813641143168 0.39233047508114643 0.043015923317448725 -0.17580481350493901 95.500000000000014
decision_type=2 2 2 2 2 10
left_child=2 -2 3 -1 -5 -6
right_child=1 -3 -4 4 5 -7
leaf_value=-0.0011441747238860875 0.0019237128672836316 -0.00024083029217543715 -0.0015712261250451951 -0.00018896624553016244 0.0018845322929463564 -0.00047448433708685144
leaf_weight=36.523995923256734 33.486099565925542 1938.475191081001 24.889699086546898 83.269973028451204 208.37248645722866 36.447291392832994
leaf_count=1885 555 23411 102 756 1909 321
internal_value=-5.13529e-05 -0.000194553 0.000660358 0.00085057 0.00109991 0.0015285
internal_weight=2361.46 1971.96 389.503 364.614 328.09 244.82
internal_count=28939 23966 4973 4871 2986 2230
is_linear=0
shrinkage=0.03


Tree=238
num_leaves=7
num_cat=0
split_feature=20 12 42 6 2 2
split_gain=0.185329 0.326412 0.200138 0.28141 0.210279 0.193114
threshold=0.1162521586531305 1.3547343840850861 2.5000000000000004 -0.043879030407207142 -0.10902395886381851 -0.32555673960128756
decision_type=2 2 2 2 2 2
left_child=2 -2 5 -4 -5 -1
right_child=1 -3 3 4 -6 -7
leaf_value=-0.0015660725601866923 0.001260733338708996 -0.0011680613889800816 0.0032927793871351703 -0.0014304728528236005 0.0014843101316756846 -9.5658466268347362e-05
leaf_weight=73.97196284745587 212.44153275369899 55.631116650998592 26.966089740744792 34.199077544733882 34.916244146879762 1936.5311725357606
leaf_count=1944 3101 277 304 316 308 22819
internal_value=4.71143e-06 0.000732824 -9.09688e-05 0.0011799 4.35321e-05 -0.000157242
internal_weight=2374.66 268.073 2106.58 96.0814 69.1153 2010.5
internal_count=29069 3378 25691 928 624 24763
is_linear=0
shrinkage=0.03


Tree=239
num_leaves=7
num_cat=0
split_feature=1 26 2 22 28 62
split_gain=0.185104 0.179086 0.228092 0.155665 0.165884 0.172392
threshold=-0.1493310372628871 -2.3448704481124873 -0.10523754990221064 -0.22711048262002828 -0.81808301806449879 0.0074942127147193888
decision_type=2 8 2 2 10 2
left_child=1 2 -1 4 -2 -6
right_child=3 -3 -4 -5 5 -7
leaf_value=0.0020587071272027257 0.00072863479819787751 -0.0013369033422266207 -0.0020813409842205459 0.00017441461799400611 -0.0028333324445930196 0.00016828245115491539
leaf_weight=27.550700568419416 27.863991068355972 139.51810129644582 8.3465587871614826 2105.9422509789292 38.681117907282896 24.995369778887834
leaf_count=762 592 2655 170 24097 495 320
internal_value=4.35725e-05 -0.000867085 0.000852348 0.000119865 -0.00102867 -0.00179217
internal_weight=2372.9 175.415 35.8973 2197.48 91.5405 63.6765
internal_count=29091 3587 932 25504 1407 815
is_linear=0
shrinkage=0.03


Tree=240
num_leaves=7
num_cat=0
split_feature=1 30 4 29 45 46
split_gain=0.146974 0.218639 0.156619 0.13581 0.13094 0.370056
threshold=-0.15175418703888707 -4.6690707206726065 -0.26395813641143168 -14.187682151794432 0.21111111111111114 16.500000000000004
decision_type=2 10 2 10 10 8
left_child=1 -1 -2 -3 5 -4
right_child=2 3 4 -5 -6 -7
leaf_value=0.00086570767427010065 0.0018647037406179746 0.0010246082572244637 0.0016863539574827318 -0.0017559179748473691 -0.00029632755796147773 4.2681960197658655e-05
leaf_weight=43.383626807131805 32.801503310038242 11.518658405868335 125.92795329471119 112.78458587615751 720.47592539183097 1330.8444212582399
leaf_count=1286 480 183 1220 1995 9085 14793
internal_value=1.03346e-06 -0.000829194 6.7478e-05 -0.00144115 3.20002e-05 0.000195294
internal_weight=2377.74 167.687 2210.05 124.303 2177.25 1456.77
internal_count=29042 3464 25578 2178 25098 16013
is_linear=0
shrinkage=0.03


Tree=241
num_leaves=7
num_cat=0
split_feature=60 14 27 52 52 7
split_gain=0.244071 0.348042 0.266288 0.340653 0.265154 0.355129
threshold=0.15280908577621333 0.13696179645903075 -1.2583226561546323 4.2014291611254064 4.0869609397240021 0.072091013448715949
decision_type=2 2 10 2 2 2
left_child=2 -2 3 4 5 -1
right_child=1 -3 -4 -5 -6 -7
leaf_value=0.00079377680541823791 -0.00070571371584081616 0.0021304911720524448 -0.00025445306671147475 0.0013385119868456509 -0.0031572674134131696 -0.0029492335755818633
leaf_weight=108.91724499395059 55.622827534447424 94.876760914921761 1850.395848593238 221.24865185061935 17.593523262185045 18.235304029542021
leaf_count=1814 864 535 21917 3406 250 243
internal_value=-2.63896e-05 0.0011036 -0.000107732 0.0006211 -0.00049112 8.10867e-05
internal_weight=2366.89 150.5 2216.39 365.995 144.746 127.153
internal_count=29029 1399 27630 5713 2307 2057
is_linear=0
shrinkage=0.03


Tree=242
num_leaves=7
num_cat=0
split_feature=17 49 28 30 8 60
split_gain=0.191576 0.222365 0.187747 0.187578 0.185084 0.15514
threshold=1.5000000000000002 1.5000000000000002 3.1563956737518315 1.0601012110710146 0.272820817612972 0.15280908577621333
decision_type=2 2 8 10 2 2
left_child=1 4 3 -2 5 -1
right_child=2 -3 -4 -5 -6 -7
leaf_value=-0.00013627072115204633 -0.0013291245294585648 0.0026476886507280743 -0.0032118668610935856 0.0011424610945372357 0.0019849985210572967 0.00086765559384772723
leaf_weight=2045.0389647332777 68.836079555680044 18.22276399191469 21.418140299152583 33.419606689130887 30.214020689250901 138.60408656898653
leaf_count=25285 1167 118 295 423 329 1269
internal_value=-6.4522e-05 1.53669e-06 -0.00116768 -0.000491536 -3.20523e-05 -6.88829e-05
internal_weight=2355.75 2232.08 123.674 102.256 2213.86 2183.64
internal_count=28886 27001 1885 1590 26883 26554
is_linear=0
shrinkage=0.03


Tree=243
num_leaves=7
num_cat=0
split_feature=37 60 12 56 4 12
split_gain=0.13715 0.290319 0.286453 0.313676 0.35377 0.392701
threshold=4.2356278277026922 0.076320957414525867 0.6437008281619957 -65.736365827978929 -0.10739354001610167 -0.18814136370070364
decision_type=8 2 2 2 2 2
left_child=-1 2 3 -2 -5 -6
right_child=1 -3 -4 4 5 -7
leaf_value=-0.00014077156688926495 -0.0016230404900092242 0.0025187470866094202 -0.00032372377845301916 0.00024158595946464304 -0.00062773297170675031 0.0042264611080414871
leaf_weight=1810.371391454828 23.447449129074812 42.497415177058429 348.24662880599499 82.540229648409877 16.79638953495305 50.815699493512511
leaf_count=23498 519 300 2178 1538 544 593
internal_value=-1.33004e-05 0.000390948 0.000173567 0.00113445 0.00163951 0.00309506
internal_weight=2374.72 564.344 521.846 173.6 150.152 67.6121
internal_count=29170 5672 5372 3194 2675 1137
is_linear=0
shrinkage=0.03


Tree=244
num_leaves=7
num_cat=0
split_feature=14 5 23 52 6 34
split_gain=0.265483 0.185264 0.164584 0.242653 0.219569 0.212731
threshold=0.54871700466447615 -0.1680264440280779 0.089013785236788281 4.4785643079443433 -0.062330819654157023 -3.7131353815396624
decision_type=2 2 2 2 2 8
left_child=1 -1 -3 4 -4 -6
right_child=-2 2 3 -5 5 -7
leaf_value=-0.00092738331213806056 -0.0025324457204321093 -6.0335031310094545e-07 -0.00030680019129941834 -0.00015215977419823587 -0.00032373131812114461 0.001997815434023015
leaf_weight=145.70240668574115 25.729334145784378 1683.5977705579862 67.893354256812017 216.20187118978356 40.269495637301588 186.21872825594619
leaf_count=2180 111 21232 896 2326 525 1699
internal_value=3.43146e-05 7.31955e-05 0.000143544 0.000609736 0.00115591 0.00158881
internal_weight=2365.61 2339.88 2194.18 510.583 294.382 226.488
internal_count=28969 28858 26678 5446 3120 2224
is_linear=0
shrinkage=0.03


Tree=245
num_leaves=7
num_cat=0
split_feature=6 62 23 37 26 28
split_gain=0.166786 0.216335 0.204735 0.191147 0.166361 0.209609
threshold=0.36371854480259908 0.11781113218384863 0.87099810360961794 2.1110267439510402 2.216194868087769 3.3290115594863896
decision_type=2 2 2 10 10 10
left_child=2 3 4 -2 5 -1
right_child=1 -3 -4 -5 -6 -7
leaf_value=-6.6515214250969148e-05 0.0012225709101051437 0.0027317776162437525 0.0020196451633440081 -0.001260502954899476 -0.00065983325593155034 0.0012349466280940061
leaf_weight=1709.8381265852368 55.186878507665824 34.531141074257903 31.654998558253283 38.917395491618663 387.05995940958383 109.08959693531506
leaf_count=22039 663 332 338 299 4456 949
internal_value=-2.31746e-06 0.00100757 -6.45971e-05 0.00017324 -0.000103484 1.78651e-05
internal_weight=2366.28 128.635 2237.64 94.1043 2205.99 1818.93
internal_count=29076 1294 27782 962 27444 22988
is_linear=0
shrinkage=0.03


Tree=246
num_leaves=7
num_cat=0
split_feature=2 24 12 6 59 39
split_gain=0.251061 0.254093 0.248977 0.39729 0.271284 0.193304
threshold=-0.15768710196335237 3.5000000000000004 1.2890240631224419 0.050783706160532918 -0.32409531718308621 4.5000000000000009
decision_type=2 2 2 2 2 2
left_child=1 2 4 -4 -1 -2
right_child=5 -3 3 -5 -6 -7
leaf_value=0.00084673750939992889 0.00067296664549108516 0.00029829163964680694 0.002208431811331272 -0.0012895279632001745 -0.0015866838122523155 1.4066479778606633e-05
leaf_weight=41.592000718519557 637.50163090582646 272.39975297191995 46.589075610041618 51.022283747792244 280.95877854118589 1052.5781716152851
leaf_count=737 6654 4130 253 263 5204 11858
internal_value=6.82257e-05 -0.000409151 -0.000864073 0.000430096 -0.00125687 0.000265102
internal_weight=2382.64 692.562 420.162 97.6114 322.551 1690.08
internal_count=29099 10587 6457 516 5941 18512
is_linear=0
shrinkage=0.03


Tree=247
num_leaves=7
num_cat=0
split_feature=7 37 9 9 17 6
split_gain=0.166428 0.215747 0.140333 0.132417 0.133566 0.186584
threshold=-0.12022649761984112 2.8468864571657924 0.20402260214649418 0.18901710477833589 1.5000000000000002 0.099377297363558451
decision_type=2 10 2 2 2 2
left_child=1 -1 3 4 -2 -6
right_child=2 -3 -4 -5 5 -7
leaf_value=-0.00015096729185555297 0.00013218271979430061 -0.0027732476559570443 0.0014530026277927604 -0.0019583529353519231 -0.0017236530520328634 0.00064260381136230032
leaf_weight=88.61725303606363 2054.3599477001117 32.328233927546535 56.009637904004194 19.206032277492341 71.972226750745904 40.61106280866079
leaf_count=2271 23781 451 637 211 1134 517
internal_value=2.97272e-05 -0.00101015 9.0056e-05 4.86798e-05 7.53827e-05 -0.000887305
internal_weight=2363.1 120.945 2242.16 2186.15 2166.94 112.583
internal_count=29002 2722 26280 25643 25432 1651
is_linear=0
shrinkage=0.03


Tree=248
num_leaves=7
num_cat=0
split_feature=14 13 47 20 58 25
split_gain=0.198012 0.246752 0.178845 0.19676 0.198473 0.185304
threshold=0.39233047508114643 2.1383330595080281 4.5000000000000009 -0.11499155708706181 0.58571428571428574 0.16605093920669159
decision_type=2 2 8 2 2 2
left_child=2 -2 5 -4 -5 -1
right_child=1 -3 3 4 -6 -7
leaf_value=-0.0020317679256855715 -0.0021884950245305594 0.00027886988147114949 -0.00061473668073972572 0.00011917608400324446 0.0021148178502538649 0.0007170991192182232
leaf_weight=63.905507682648022 75.633885517716408 60.01594515144825 331.19791856882512 1773.6617886691529 36.084899018576834 25.465597565460484
leaf_count=878 314 246 4833 21941 378 376
internal_value=-8.09466e-05 -0.00115265 -1.09102e-05 4.66233e-05 0.00017037 -0.00125516
internal_weight=2365.97 135.65 2230.32 2140.94 1809.75 89.3711
internal_count=28966 560 28406 27152 22319 1254
is_linear=0
shrinkage=0.03


Tree=249
num_leaves=7
num_cat=0
split_feature=11 40 52 27 6 26
split_gain=0.161385 0.156322 0.308473 0.179878 0.172458 0.256917
threshold=0.12604534201053932 3.5000000000000004 4.5920155017666167 0.3515953272581101 0.014091474179862508 -1.1123366951942442
decision_type=2 2 2 8 2 8
left_child=1 4 -3 -4 -1 -6
right_child=-2 2 3 -5 5 -7
leaf_value=-0.00041421634169613164 0.0011928948744333232 0.002285732090684453 0.00088062425047476321 -0.0020805052998308345 -0.00052637181828378164 0.00041299334362549374
leaf_weight=985.64415956081939 85.83694239333272 60.836197169614024 29.458144184318371 26.042500268435106 372.0344364712364 825.8946927699435
leaf_count=13765 909 747 321 285 4386 8770
internal_value=-1.34773e-05 -6.34707e-05 0.00096309 -0.000614327 -0.000122305 0.000119317
internal_weight=2385.75 2299.91 116.337 55.5006 2183.57 1197.93
internal_count=29183 28274 1353 606 26921 13156
is_linear=0
shrinkage=0.03


Tree=250
num_leaves=7
num_cat=0
split_feature=58 62 26 29 10 46
split_gain=0.191597 0.333117 0.25379 0.368293 0.187618 0.1616
threshold=0.13392857142857145 0.3633503074105533 -1.4259068369865415 -5.4691104888916007 0.021638219734481507 41.500000000000007
decision_type=2 2 8 10 2 10
left_child=-1 5 3 -3 -4 -2
right_child=1 2 4 -5 -6 -7
leaf_value=-0.0002415329150289063 0.002239388830858593 0.0016086475433898053 -0.00027288576139186113 -0.00227543589581192 0.0014678775213885784 6.3256182446664647e-05
leaf_weight=1915.7752582355752 95.638029834226472 21.73243157111574 127.80748177613714 74.046604316681623 85.443407006270718 44.139174810203258
leaf_count=23910 1058 285 1461 899 871 497
internal_value=-0.000110694 0.000440896 -0.00011818 -0.00132537 0.000459096 0.00160231
internal_weight=2364.58 448.807 309.03 95.779 213.251 139.777
internal_count=28981 5071 3516 1184 2332 1555
is_linear=0
shrinkage=0.03


Tree=251
num_leaves=7
num_cat=0
split_feature=47 1 1 29 37 1
split_gain=0.149751 0.163365 0.166794 0.140211 0.211266 0.19326
threshold=4.5000000000000009 -0.056488097517617374 0.013716658669713272 7.1084141731262216 -4.7639952172214777 -0.073898937266764345
decision_type=8 2 2 10 8 2
left_child=1 -1 -3 4 5 -2
right_child=3 2 -4 -5 -6 -7
leaf_value=0.00062691812906474182 -0.00084127374878188298 -0.0028676424358937357 -1.1029180883268647e-05 -0.0012893307753108808 -1.1361465295515564e-05 0.0021118541279670773
leaf_weight=28.724468029220589 20.656667868519435 41.17390742059797 28.84092123946175 62.46181341202464 2122.5073502224986 68.035550400600187
leaf_count=477 733 540 269 687 24875 1405
internal_value=-4.26236e-05 -0.00113022 -0.00183937 9.35051e-06 5.16751e-05 0.00140851
internal_weight=2372.4 98.7393 70.0148 2273.66 2211.2 88.6922
internal_count=28986 1286 809 27700 27013 2138
is_linear=0
shrinkage=0.03


Tree=252
num_leaves=7
num_cat=0
split_feature=14 8 10 12 24 11
split_gain=0.190489 0.164453 0.185479 0.298193 0.24782 0.234439
threshold=0.54871700466447615 -0.077890572442508424 -0.022967651235798432 0.42776302437667985 3.5000000000000004 -0.0025625589517281121
decision_type=2 2 2 2 2 2
left_child=1 2 3 -1 5 -4
right_child=-2 -3 4 -5 -6 -7
leaf_value=-0.0010486310461691687 -0.0021814430246399133 9.263262102128487e-05 -0.0032682878054292701 0.0017863942137903406 0.00030624871808157804 -0.00066615266462929229
leaf_weight=61.65818900911836 26.787599802017212 2037.0753332140303 53.279211280285381 52.887565551325679 64.07995052554179 74.496653947629966
leaf_count=1979 115 23075 893 435 1223 1252
internal_value=-3.94244e-05 -5.77466e-06 -0.000642274 0.000298677 -0.00119103 -0.00190964
internal_weight=2370.26 2343.48 306.402 114.546 191.856 127.776
internal_count=28972 28857 5782 2414 3368 2145
is_linear=0
shrinkage=0.03


Tree=253
num_leaves=7
num_cat=0
split_feature=52 43 9 35 34 56
split_gain=0.186037 0.271932 0.245716 0.222654 0.209635 0.230172
threshold=4.8233312210838122 1.5000000000000002 0.031175920904491092 0.048626656849663059 0.48674451063076662 54.880878438748695
decision_type=2 2 2 8 10 2
left_child=1 -1 3 -2 -4 -6
right_child=2 -3 4 -5 5 -7
leaf_value=0.00010475458524783756 -3.6631798873838469e-05 0.0020177094699849263 0.00067525705401748836 -0.0013833685662281781 -0.0024711384120791545 0.00045028580059005142
leaf_weight=1542.5227346086758 189.31705878698267 59.995546800084412 247.86570688209031 257.2271456704766 37.03283807891421 44.849064376670867
leaf_count=19339 2600 490 2803 3197 313 378
internal_value=3.97198e-06 0.000188441 -0.000374385 -0.000825714 0.000243118 -0.000996136
internal_weight=2378.81 1602.52 776.292 446.544 329.748 81.8819
internal_count=29120 19829 9291 5797 3494 691
is_linear=0
shrinkage=0.03


Tree=254
num_leaves=7
num_cat=0
split_feature=28 46 14 58 43 11
split_gain=0.182129 0.356418 0.342233 0.23935 0.228525 0.216864
threshold=0.40712510049343115 14.500000000000002 0.39233047508114643 0.36931818181818188 1.0000000180025095e-35 0.016884929094554493
decision_type=8 8 2 2 2 2
left_child=1 4 -3 5 -1 -2
right_child=3 2 -4 -5 -6 -7
leaf_value=-0.0001001373152811969 -0.0002089407551620898 -0.00035217674192669732 -0.0029555610577267997 0.0018621302551009569 0.0025639974075140114 0.00060612184663357352
leaf_weight=54.552936500986107 722.03493127855472 958.26595438856748 38.053917214274406 65.514039669069462 50.112516571767628 481.35729731241008
leaf_count=885 7706 14183 158 597 534 4975
internal_value=-2.0957e-05 -0.000301861 -0.000479994 0.000223228 0.00128778 0.000119393
internal_weight=2369.89 1100.99 996.32 1268.91 104.665 1203.39
internal_count=29038 15760 14341 13278 1419 12681
is_linear=0
shrinkage=0.03


Tree=255
num_leaves=7
num_cat=0
split_feature=58 3 29 62 31 28
split_gain=0.167257 0.144806 0.20811 0.185802 0.184405 0.232674
threshold=0.58571428571428574 -0.27401120585400146 -6.3393311500549308 0.06400949139297829 4.8067525029182443 0.13585166633129123
decision_type=2 2 8 2 10 8
left_child=1 2 3 -1 5 -3
right_child=-2 4 -4 -5 -6 -7
leaf_value=-0.0033190145427242392 0.0016573156507384351 -0.00074540468414638708 -0.00023400601090781589 0.00043830598611308241 0.00044163996360621757 9.7448490051395669e-05
leaf_weight=32.489498122711666 43.785940806963481 409.23781763005536 186.42161167430459 13.481626450316979 694.00154817056318 986.6075957302819
leaf_count=619 442 4440 3156 254 10540 9531
internal_value=3.35712e-06 -3.48007e-05 -0.000728961 -0.00233569 4.54944e-05 -0.000153206
internal_weight=2366.03 2322.24 232.393 45.9711 2089.85 1395.85
internal_count=28982 28540 4029 873 24511 13971
is_linear=0
shrinkage=0.03


Tree=256
num_leaves=7
num_cat=0
split_feature=10 8 55 24 3 3
split_gain=0.195104 0.36654 0.263731 0.256534 0.247347 0.286919
threshold=0.019491846142484597 -0.082836676944423732 1.0000000180025095e-35 6.5000000000000009 0.003133708628507779 -0.029706310979729009
decision_type=2 2 2 2 2 2
left_child=2 3 -1 -2 5 -4
right_child=1 -3 4 -5 -6 -7
leaf_value=-0.00044996314638573573 -0.0017449829816853048 0.00058262682649957054 0.00036828846486983429 0.0019762202377383627 -0.0017060292356816562 0.0029800722720372654
leaf_weight=978.21128509135451 94.962547278671991 858.09231110845576 375.39100632839836 11.225720724498386 35.005865982035175 32.710012068360811
leaf_count=12356 1642 9289 4792 260 371 324
internal_value=4.6893e-05 0.000374187 -0.000176219 -0.00121537 0.000424696 0.000643897
internal_weight=2385.6 964.281 1421.32 106.188 443.107 408.101
internal_count=29034 11191 17843 1902 5487 5116
is_linear=0
shrinkage=0.03


Tree=257
num_leaves=7
num_cat=0
split_feature=52 57 26 57 35 39
split_gain=0.172584 0.229096 0.19895 0.179277 0.17758 0.192384
threshold=2.9510034708054627 2.5000000000000004 3.7553833723068242 5.5000000000000009 -2.1846357127651568 5.5000000000000009
decision_type=2 2 10 2 8 2
left_child=1 2 4 -3 -1 -6
right_child=-2 3 -4 -5 5 -7
leaf_value=-0.00041792977866664954 -0.00011867198474964889 -0.0010999737567794195 -0.0012664405417884129 0.0007426817609298258 0.0023168493511603371 0.00057763102315495387
leaf_weight=45.847475029120687 1882.153987956277 103.57126455922844 24.073827559070196 72.674430765386205 124.0152380161453 115.2364539874834
leaf_count=668 23000 1188 247 902 1490 1489
internal_value=1.18905e-05 0.000510308 0.000991126 -0.00034108 0.00121821 0.00153593
internal_weight=2367.57 485.419 309.173 176.246 285.099 239.252
internal_count=28984 5984 3894 2090 3647 2979
is_linear=0
shrinkage=0.03


Tree=258
num_leaves=7
num_cat=0
split_feature=42 1 2 4 4 37
split_gain=0.165197 0.352697 0.226038 0.178407 0.27065 0.215461
threshold=2.5000000000000004 0.008718789190482263 -0.079125311427945932 -0.054562053072230117 -0.052346814896713958 -5.3239102369795228
decision_type=2 2 2 2 2 8
left_child=3 2 -2 5 -5 -1
right_child=1 -3 -4 4 -6 -7
leaf_value=0.0014160853493576534 0.0031525399918749123 -0.0011488366195468811 -0.00033172655238459831 0.0032480039463616134 0.00026133186879311602 -0.00026476331783966545
leaf_weight=61.755967894830974 50.671186690567993 34.794572176411748 20.709505525417626 18.968194614280947 533.08167560698348 1643.4602460383321
leaf_count=1539 539 273 196 230 6275 19933
internal_value=1.24165e-05 0.00111572 0.00222511 -4.4172e-05 0.000419915 -0.000195989
internal_weight=2363.44 106.175 71.3807 2257.27 552.05 1705.22
internal_count=28985 1008 735 27977 6505 21472
is_linear=0
shrinkage=0.03


Tree=259
num_leaves=7
num_cat=0
split_feature=14 37 8 33 15 24
split_gain=0.178625 0.302459 0.172202 0.181706 0.162354 0.273604
threshold=0.39233047508114643 3.3631840287825341 -0.24375264605386873 0.3333254059155783 1.5000000000000002 2.5000000000000004
decision_type=2 10 2 10 2 2
left_child=2 -2 3 -1 -4 -6
right_child=1 -3 4 -5 5 -7
leaf_value=-0.0030114615653520703 -0.0021317316850462489 0.00052871583527670319 0.00023203754637796437 0.00088143465415278072 -0.001413301303373299 0.00048733508070614569
leaf_weight=21.293451531324536 76.33987657725811 63.502054423093796 1930.7926899148151 10.863182567059992 139.57353317539673 118.06381113184034
leaf_count=778 313 264 23847 260 1928 1505
internal_value=3.38812e-05 -0.000968966 0.000101097 -0.00179923 0.000137077 -0.000556658
internal_weight=2360.43 139.842 2220.59 32.1566 2188.43 257.637
internal_count=28895 577 28318 1038 27280 3433
is_linear=0
shrinkage=0.03


Tree=260
num_leaves=7
num_cat=0
split_feature=28 8 24 7 56 6
split_gain=0.203283 0.282832 0.222602 0.294641 0.204658 0.221797
threshold=0.38621298968791967 -0.086676879252691463 3.5000000000000004 0.13228038645491155 -34.377289507572236 -0.111752404912606
decision_type=8 2 2 2 2 2
left_child=2 -2 3 -1 -4 -6
right_child=1 -3 4 -5 5 -7
leaf_value=-0.00042395179148231474 -0.0009935080606827244 0.00041610500959113485 0.0013754414223392582 -0.0027909251007872749 -0.0015373476765589769 0.00035898348215292761
leaf_weight=674.48536958833574 134.38261603238061 1154.1059791861917 102.38729281254928 41.57449154247297 65.505314407899277 200.44067938107764
leaf_count=9910 2119 11304 1532 432 1147 2514
internal_value=8.75605e-06 0.000262571 -0.000292473 -0.000597925 0.000301451 -0.000146888
internal_weight=2372.88 1288.49 1084.39 716.06 368.333 265.946
internal_count=28958 13423 15535 10342 5193 3661
is_linear=0
shrinkage=0.03


Tree=261
num_leaves=7
num_cat=0
split_feature=0 31 10 24 6 7
split_gain=0.226483 0.188277 0.224735 0.279614 0.233222 0.213323
threshold=0.51080298209407771 7.317712515592576 -0.040328100642748936 1.5000000000000002 0.049224981338060685 0.013149165923357688
decision_type=2 8 2 2 2 2
left_child=1 -1 3 -3 -5 -4
right_child=-2 2 5 4 -6 -7
leaf_value=-0.0002298083869397373 0.0023763880550084653 -0.0017781804272841391 0.0013282321801141926 -0.00073913761074293394 0.0019852006178193967 9.4542949363615015e-05
leaf_weight=1668.085878939688 24.872897840512451 77.710822438122705 231.42239269459969 53.942274659930263 41.812537355843233 267.65502695250325
leaf_count=17765 269 1425 4108 1118 591 3573
internal_value=-2.36669e-05 -5.91724e-05 0.000361216 -0.000547075 0.000525708 0.000681459
internal_weight=2365.5 2340.63 672.543 173.466 95.7548 499.077
internal_count=28849 28580 10815 3134 1709 7681
is_linear=0
shrinkage=0.03


Tree=262
num_leaves=7
num_cat=0
split_feature=60 8 26 25 4 14
split_gain=0.160797 0.226601 0.248675 0.173171 0.216303 0.204126
threshold=-0.07007895684143868 0.23195579730641547 1.0000000180025095e-35 0.35319360443603237 -0.13608412346856499 0.23852598004373837
decision_type=2 2 10 2 2 2
left_child=3 -2 -3 4 -1 -6
right_child=1 2 -4 -5 5 -7
leaf_value=0.0018228996138259354 -0.00018507512361319687 0.0030260033804839059 -0.00059304974998513412 -0.00072339277016096853 0.00087848230218021529 -0.0011420060973382135
leaf_weight=115.09449504356598 1948.1582967596332 31.646778150694445 24.249285444268025 69.359313460532576 119.51336137857288 59.150860190391541
leaf_count=1089 24980 376 233 707 1347 273
internal_value=-2.15649e-05 -0.000127452 0.00160422 0.00055058 0.000865289 0.000184478
internal_weight=2367.17 2004.05 55.8961 363.118 293.759 178.664
internal_count=29005 25589 609 3416 2709 1620
is_linear=0
shrinkage=0.03


Tree=263
num_leaves=7
num_cat=0
split_feature=46 46 26 25 5 46
split_gain=0.129715 0.223275 0.189059 0.152743 0.180158 0.222606
threshold=259.50000000000006 224.50000000000003 1.2633036375045779 -0.10749469636144092 1.0000000180025095e-35 26.500000000000004
decision_type=10 10 10 2 2 8
left_child=1 3 -2 -1 -5 -6
right_child=2 -3 -4 4 5 -7
leaf_value=0.0003803955748786866 -0.0017500477925338727 0.0020183531114459706 0.00084922046288229242 -0.0003223816500090338 0.0019295652330920063 4.7873002435366342e-05
leaf_weight=669.99351702279819 72.60093120590318 40.718440756201744 29.093699761957396 1232.456182579248 63.025082661653869 253.68825746863149
leaf_count=8398 911 427 305 15607 688 2651
internal_value=1.12287e-06 5.02314e-05 -0.000996972 5.22692e-06 -0.000158427 0.000469923
internal_weight=2361.58 2259.88 101.695 2219.16 1549.17 316.713
internal_count=28987 27771 1216 27344 18946 3339
is_linear=0
shrinkage=0.03


Tree=264
num_leaves=7
num_cat=0
split_feature=3 31 9 5 46 51
split_gain=0.199594 0.172467 0.167414 0.173176 0.163101 0.35641
threshold=-0.25439241848900124 7.8433641791343698 -0.11357292306765431 0.040109670895406728 14.500000000000002 0.29166666666666669
decision_type=2 10 2 2 10 2
left_child=1 -1 -2 4 5 -4
right_child=2 -3 3 -5 -6 -7
leaf_value=-0.00034340544847590975 0.0021581819096777076 -0.002099331679080968 4.5608953297689189e-05 0.00084761822671866572 -0.00033183088785640523 0.002049022151361398
leaf_weight=236.95556543726707 24.548790477274451 55.946905916673131 872.92059115710435 209.9692231095396 893.76052753534168 78.030563655309379
leaf_count=3486 314 1512 10562 2108 10336 696
internal_value=-1.74163e-05 -0.000737037 8.69998e-05 5.19208e-05 -4.2729e-05 0.000229612
internal_weight=2372.13 292.902 2079.23 2054.68 1844.71 950.951
internal_count=29014 4998 24016 23702 21594 11258
is_linear=0
shrinkage=0.03


Tree=265
num_leaves=7
num_cat=0
split_feature=58 14 37 22 42 3
split_gain=0.181558 0.166946 0.164889 0.154089 0.150194 0.13951
threshold=0.21111111111111114 0.54871700466447615 4.0480909427214016 0.05131163903084579 1.0000000180025095e-35 -0.24104394687411326
decision_type=2 2 8 2 2 2
left_child=1 5 3 -2 -4 -1
right_child=2 -3 4 -5 -6 -7
leaf_value=-0.00065338515183977408 -0.00012043002353100821 -0.0022980507601918724 0.00040297291765174569 0.0016336681094016219 0.0032807350525274398 3.3647650048993195e-05
leaf_weight=303.64991154412564 192.99282311173738 20.763786971569061 35.074179809074849 48.347099204256665 26.898459465708584 1745.7755699586414
leaf_count=5195 2241 89 298 582 199 20486
internal_value=-2.71118e-06 -0.000104103 0.000670548 0.000281982 0.00193431 -7.08239e-05
internal_weight=2373.5 2070.19 303.313 241.34 61.9726 2049.43
internal_count=29090 25770 3320 2823 497 25681
is_linear=0
shrinkage=0.03


Tree=266
num_leaves=7
num_cat=0
split_feature=37 33 29 12 52 28
split_gain=0.166581 0.173563 0.263338 0.146936 0.174047 0.13896
threshold=-3.2593762866324849 -1.5964367538690565 -0.60653117299079884 -0.0096060987863124652 4.8635639715042389 4.1135129928588876
decision_type=8 10 8 2 2 10
left_child=1 2 -1 -3 -5 -2
right_child=5 3 -4 4 -6 -7
leaf_value=0.0014478328975837944 -0.00020722122687525578 -8.2170158214458767e-05 -0.0019017620329108498 0.0026918199498689316 -0.0001787200029591437 0.0010628295941309987
leaf_weight=28.108312921336619 2094.4592706549447 45.018103486625478 38.321271907974733 63.983893610537052 23.983989575877786 70.672218001680449
leaf_count=844 24253 1728 816 588 224 599
internal_value=-8.36e-05 0.000725045 -0.000480457 0.00131871 0.00197083 -0.00016107
internal_weight=2364.55 199.416 66.4296 132.986 87.9679 2165.13
internal_count=29052 4200 1660 2540 812 24852
is_linear=0
shrinkage=0.03


Tree=267
num_leaves=7
num_cat=0
split_feature=11 46 4 2 46 30
split_gain=0.149583 0.157464 0.157167 0.1345 0.132234 0.139423
threshold=0.12187863484404493 259.50000000000006 -0.15132751059343583 -0.11686325997209317 229.50000000000003 -5.5780968666076651
decision_type=2 10 2 2 10 10
left_child=1 4 -3 -2 5 -1
right_child=3 2 -4 -5 -6 -7
leaf_value=0.00045288223160601095 -0.00068293648026758523 0.00067079228580410003 -0.001792969453102225 0.0017366967998747671 0.0016801042417601342 -0.00010841232337106318
leaf_weight=515.07022907244391 21.53530435153516 26.657624054700136 70.453778326686006 72.414326426398475 34.469674955820665 1639.8647189460462
leaf_count=8179 262 337 852 730 360 18423
internal_value=5.67143e-05 6.08813e-06 -0.00111717 0.00116972 6.07633e-05 2.72199e-05
internal_weight=2380.47 2286.52 97.1114 93.9496 2189.4 2154.93
internal_count=29143 28151 1189 992 26962 26602
is_linear=0
shrinkage=0.03


Tree=268
num_leaves=7
num_cat=0
split_feature=52 12 39 10 23 39
split_gain=0.305518 0.199957 0.264906 0.427893 0.263196 0.359359
threshold=1.0000000180025095e-35 0.63215620960168362 2.5000000000000004 0.023070112293220157 0.21359800587488123 2.5000000000000004
decision_type=2 2 2 2 2 2
left_child=-1 4 3 -3 5 -2
right_child=1 2 -4 -5 -6 -7
leaf_value=0.0008168381452191509 0.001283031560136674 -0.0021833465609014994 -0.00014182234150118302 0.00017139915201429918 0.0013374197901935144 -0.00036432439954959411
leaf_weight=340.64082275290275 138.96288303303299 155.06026897765696 892.21138510480523 117.55450545251369 141.90409369551344 586.15803183616663
leaf_count=4406 2924 1007 5751 730 2397 11769
internal_value=-1.24629e-06 -0.000141727 -0.000397059 -0.00119782 0.00020192 -3.54647e-05
internal_weight=2372.49 2031.85 1164.83 272.615 867.025 725.121
internal_count=28984 24578 7488 1737 17090 14693
is_linear=0
shrinkage=0.03


Tree=269
num_leaves=7
num_cat=0
split_feature=23 60 14 60 39 44
split_gain=0.207663 0.136463 0.221062 0.197432 0.30293 0.338052
threshold=0.87099810360961794 -0.069324935627928061 0.23852598004373837 -1.0000000180025095e-35 4.5000000000000009 5.5000000000000009
decision_type=2 2 2 2 2 8
left_child=1 2 -1 4 5 -3
right_child=-2 3 -4 -5 -6 -7
leaf_value=0.00089762381683398962 0.0018760593952571844 -0.00052663461674491566 -0.00068166586948177567 -3.2398067689374177e-05 -0.00016812799544781065 -0.0030982897764549621
leaf_weight=247.1269921020139 37.885426233784528 113.73496041737963 107.06083244085312 1436.8385100969463 351.17081323452294 73.590552492183633
leaf_count=2867 399 1197 494 18916 4363 822
internal_value=-8.02999e-05 -0.00012 0.00041464 -0.000217469 -0.000701689 -0.00164272
internal_weight=2367.41 2329.52 354.188 1975.33 538.496 187.326
internal_count=29058 28659 3361 25298 6382 2019
is_linear=0
shrinkage=0.03


Tree=270
num_leaves=7
num_cat=0
split_feature=14 35 29 15 22 8
split_gain=0.184395 0.284045 0.31005 0.196648 0.21162 0.271158
threshold=0.29499267845158655 0.9025924867974261 -0.42453922331333155 1.5000000000000002 0.11519454387418439 0.029239151420191522
decision_type=2 10 8 2 2 2
left_child=3 2 -2 4 -1 -6
right_child=1 -3 -4 -5 5 -7
leaf_value=7.1253303623968961e-05 0.0010755456893750432 -0.0016617909349116728 -0.001172036327572792 -0.00069546170437343987 0.00010169538934353889 0.0022686589006324638
leaf_weight=1587.2560646001366 112.19180716574192 138.37673731148243 90.836550757288933 247.84481810696889 116.5058854247327 85.286009346425999
leaf_count=21333 488 603 394 3530 1751 1037
internal_value=-2.92289e-05 -0.000663998 6.21456e-05 7.98894e-05 0.000190571 0.00108142
internal_weight=2378.3 341.405 203.028 2036.89 1789.05 201.792
internal_count=29136 1485 882 27651 24121 2788
is_linear=0
shrinkage=0.03


Tree=271
num_leaves=7
num_cat=0
split_feature=7 20 52 4 20 3
split_gain=0.192637 0.153472 0.149662 0.228839 0.355653 0.340598
threshold=-0.12022649761984112 0.16439548454469802 1.0000000180025095e-35 -0.084990108229193756 -0.12552529033261525 -0.13027773054401881
decision_type=2 2 2 2 2 2
left_child=1 -1 3 4 -2 -5
right_child=2 -3 -4 5 -6 -7
leaf_value=-0.0014835307464047885 -0.0016061522718317086 0.0012906581996263578 -2.6191151874708035e-05 0.0011164189289100349 0.0017255446888254941 -0.0018940050111062674
leaf_weight=108.28705366479699 25.92826268740464 13.241410897695458 1922.772468156938 59.643466363486368 178.48662107274868 56.325296116468962
leaf_count=2467 408 303 22266 819 2128 600
internal_value=9.92105e-06 -0.00110612 7.50259e-05 0.000664884 0.00124775 -0.000380008
internal_weight=2364.68 121.528 2243.16 320.384 204.415 115.969
internal_count=28991 2770 26221 3955 2536 1419
is_linear=0
shrinkage=0.03


Tree=272
num_leaves=7
num_cat=0
split_feature=24 12 23 28 30 62
split_gain=0.163035 0.194833 0.191121 0.16877 0.245601 0.215547
threshold=7.5000000000000009 1.2496054099487675 -0.38308177873293564 3.936851024627686 0.047693889588117606 -0.73406424965481676
decision_type=2 2 2 10 10 2
left_child=3 2 -2 5 -5 -1
right_child=1 -3 -4 4 -6 -7
leaf_value=0.0014167545394830399 -0.00053595494804270049 -0.00093148801164013705 0.0019555458512796565 -0.00097291603422017888 0.0022610700415129875 -0.00018131238736497743
leaf_weight=68.907726668403484 31.865931941894814 35.219469204545021 102.85313890204998 25.026677099987864 52.267052682582289 2068.0379627295479
leaf_count=803 550 186 1453 235 435 25499
internal_value=-8.93481e-07 0.000867684 0.0013699 -7.11565e-05 0.00122245 -0.000123422
internal_weight=2384.18 169.939 134.719 2214.24 77.2937 2136.95
internal_count=29161 2189 2003 26972 670 26302
is_linear=0
shrinkage=0.03


Tree=273
num_leaves=7
num_cat=0
split_feature=35 14 34 22 7 35
split_gain=0.136553 0.131889 0.16523 0.18571 0.126887 0.19216
threshold=-5.8057200601085635 0.01958279595945853 -7.7597284168004981 -0.04447009382972221 -0.10970891168744298 -2.1449207945002446
decision_type=8 2 8 2 2 8
left_child=-1 -2 3 -3 5 -4
right_child=1 2 4 -5 -6 -7
leaf_value=0.001651803711359561 -0.0015087178036584672 -0.00073363692397847052 0.0014371309252265644 0.0018922037201113734 2.4586835487015687e-05 -0.0013439771644913037
leaf_weight=35.208129415987059 41.873714867426315 28.107057376764715 18.55723349750042 71.97897825576365 2062.2071918696165 117.18552435468882
leaf_count=523 4515 411 300 962 20562 1735
internal_value=1.87125e-05 -1.2785e-05 2.08919e-05 0.00115513 -3.57549e-05 -0.000891255
internal_weight=2375.12 2339.91 2298.04 100.086 2197.95 135.743
internal_count=29008 28485 23970 1373 22597 2035
is_linear=0
shrinkage=0.03


Tree=274
num_leaves=7
num_cat=0
split_feature=9 22 31 31 33 14
split_gain=0.162953 0.188882 0.135434 0.287452 0.278195 0.165543
threshold=0.17700548748562586 0.12528314642922664 -2.4912419319152828 -1.5732512474060056 -0.58578081925710024 0.23169081031993113
decision_type=2 2 8 8 10 2
left_child=2 -2 4 -4 -1 -5
right_child=1 -3 3 5 -6 -7
leaf_value=-0.00021960245940052164 -0.000124066784138906 0.0023638882859405509 -0.001923756633287663 9.481688250087741e-05 0.0024453580532992525 -0.00053336244185507272
leaf_weight=87.038994112052023 53.015146613353863 44.949889232113492 66.826897136401385 1581.1441760811576 47.623565459158272 485.15122002363205
leaf_count=713 572 561 570 23993 376 2303
internal_value=-8.14329e-06 0.00113071 -6.20883e-05 -0.000121796 0.000826753 -5.45335e-05
internal_weight=2365.75 97.965 2267.78 2133.12 134.663 2066.3
internal_count=29088 1133 27955 26866 1089 26296
is_linear=0
shrinkage=0.03


Tree=275
num_leaves=7
num_cat=0
split_feature=29 56 7 14 4 62
split_gain=0.14688 0.271503 0.249866 0.267642 0.289092 0.243419
threshold=-6.3393311500549308 -5.4020883449081074 -0.10193185730468261 0.032531622451814186 -0.15132751059343583 0.11013061016292501
decision_type=10 2 2 2 2 2
left_child=1 2 -1 -4 -5 -3
right_child=-2 5 3 4 -6 -7
leaf_value=-0.0015058443904782974 -7.858295192991986e-05 -0.00060446892695430253 -0.0015616614892273134 5.4169862206464417e-05 0.0021319061011857285 0.0012190993697281563
leaf_weight=23.455586476018652 1704.3855785251653 256.06129101087572 19.611544027051423 85.568399745970964 198.22290185466409 77.688265278178733
leaf_count=494 20112 3302 1231 893 1918 984
internal_value=6.8977e-05 0.00044518 0.00104633 0.00128539 0.0015286 -0.000156873
internal_weight=2364.99 660.608 326.858 303.403 283.791 333.75
internal_count=28934 8822 4536 4042 2811 4286
is_linear=0
shrinkage=0.03


Tree=276
num_leaves=7
num_cat=0
split_feature=20 39 30 31 57 24
split_gain=0.158323 0.292377 0.223354 0.21648 0.195731 0.293859
threshold=0.078711764565629019 4.5000000000000009 4.2398154735565194 5.1014833748340616 5.5000000000000009 1.5000000000000002
decision_type=2 2 8 8 2 2
left_child=4 2 -2 -3 -1 -6
right_child=1 3 -4 -5 5 -7
leaf_value=-0.00019689909899080004 0.00023707374838260876 0.0003151881659833185 -0.002385057239607984 0.0020597079161769373 0.0021728693552872857 7.6791876633805129e-05
leaf_weight=1679.7619154778076 90.423124881635886 138.695026134199 32.151390522252768 116.21009624487488 71.148825348587707 236.18109422700945
leaf_count=20431 1125 1477 323 1818 906 2935
internal_value=3.90028e-05 0.00059383 -0.000578737 0.00115824 -6.88411e-05 0.000615229
internal_weight=2364.57 377.48 122.575 254.905 1987.09 307.33
internal_count=29015 4743 1448 3295 24272 3841
is_linear=0
shrinkage=0.03


Tree=277
num_leaves=7
num_cat=0
split_feature=29 3 37 12 22 36
split_gain=0.155819 0.380906 0.205768 0.221925 0.188536 0.178518
threshold=-5.2713592052459708 -0.24368060096303876 -3.2593762866324849 2.217526270536363 -0.093967332065257814 2.7850493320815821
decision_type=8 2 8 2 2 10
left_child=1 4 -2 5 -1 -4
right_child=2 -3 3 -5 -6 -7
leaf_value=-0.0026608102599132138 0.00083879213555781962 0.00076130213144374385 -0.00022741721095777704 0.0013997386865949488 6.4769097980976918e-05 -0.0017574950121589379
leaf_weight=37.552390247728908 171.66097583304509 490.71248933282914 1509.0097877204535 62.591778576374054 43.062545735621825 62.290260550100356
leaf_count=684 3392 6185 17100 269 839 623
internal_value=1.65861e-05 0.000443988 -0.000120356 -0.000225617 -0.0013584 -0.000298804
internal_weight=2376.88 571.327 1805.55 1633.89 80.6149 1571.3
internal_count=29092 7708 21384 17992 1523 17723
is_linear=0
shrinkage=0.03


Tree=278
num_leaves=7
num_cat=0
split_feature=0 23 14 56 13 33
split_gain=0.168519 0.155234 0.129026 0.353296 0.29039 0.240885
threshold=0.5637599454446881 0.87099810360961794 0.30265471309037623 -10.089544512863897 2.249904835165133 -0.10235480467478432
decision_type=2 2 2 2 2 10
left_child=1 2 -1 5 -5 -4
right_child=-2 -3 3 4 -6 -7
leaf_value=-4.4334599839690443e-05 0.0022775533783583207 0.0016292390988850349 0.0015660620332287141 -0.0024192472341315438 7.4755724418686467e-05 -0.00080745893836226554
leaf_weight=2013.5228970078024 17.151511489937548 35.884322532452643 69.852183058857918 110.33795367181301 63.660176500678062 65.493267148733139
leaf_count=27174 185 391 300 480 276 283
internal_value=-7.31973e-05 -9.98334e-05 -0.000133414 -0.000693689 -0.0015523 0.000440989
internal_weight=2375.9 2358.75 2322.87 309.344 173.998 135.345
internal_count=29089 28904 28513 1339 756 583
is_linear=0
shrinkage=0.03


Tree=279
num_leaves=7
num_cat=0
split_feature=60 12 23 47 28 24
split_gain=0.148826 0.386861 0.227029 0.219799 0.205342 0.172201
threshold=-0.058925466679057355 0.62082147106276486 -0.29784067960771393 4.5000000000000009 0.02759306970983744 1.5000000000000002
decision_type=2 2 2 8 10 2
left_child=1 -1 -3 5 -4 -2
right_child=3 2 4 -5 -6 -7
leaf_value=0.0017242096020232041 -0.0031486639953046272 -0.0017523363593762314 -0.0011108804733953237 9.8585359898484159e-06 0.00082699975242350276 -0.00036732267515585728
leaf_weight=150.65422438498354 25.403458484332077 50.850656028836966 58.378859359771013 1863.9941471578641 168.57429828867316 53.354073939321097
leaf_count=2395 402 340 371 23864 1001 697
internal_value=5.2839e-05 0.000552142 -0.0001213 -5.95417e-05 0.000302677 -0.00151812
internal_weight=2371.21 428.458 277.804 1942.75 226.953 78.7575
internal_count=29070 4107 1712 24963 1372 1099
is_linear=0
shrinkage=0.03


Tree=280
num_leaves=7
num_cat=0
split_feature=15 23 20 6 28 34
split_gain=0.147011 0.266498 0.179669 0.159119 0.21882 0.176875
threshold=1.5000000000000002 0.023793512620699179 -0.034945626747795805 -0.098891722749264346 -1.7104552984237669 -1.6403580506642659
decision_type=2 2 2 2 10 10
left_child=3 2 -2 5 -5 -1
right_child=1 -3 -4 4 -6 -7
leaf_value=-0.0010414903455815937 -0.0024344979313993668 0.00082065924579933906 -0.0005044850556848049 0.00088746286901253434 6.5915614308151773e-05 0.00017380555260625166
leaf_weight=193.05031242140103 59.497490187495714 76.0049472914543 135.19816667289706 365.69985067425296 1314.8671429346432 224.56228136859136
leaf_count=3916 925 830 1810 5285 13451 2754
internal_value=3.28648e-05 -0.000612257 -0.0011844 0.000118606 0.00024888 -0.000399209
internal_weight=2368.88 270.701 194.696 2098.18 1680.57 417.613
internal_count=28971 3565 2735 25406 18736 6670
is_linear=0
shrinkage=0.03


Tree=281
num_leaves=7
num_cat=0
split_feature=8 29 34 0 28 60
split_gain=0.160397 0.153412 0.154598 0.18508 0.200228 0.213064
threshold=0.272820817612972 7.1084141731262216 -7.7597284168004981 -0.043833076261889474 1.8450762033462527 0.15280908577621333
decision_type=2 10 8 2 10 2
left_child=1 2 -1 -4 -5 -6
right_child=-2 -3 3 4 5 -7
leaf_value=0.0011734413355077784 0.0019206303916961215 -0.0013557811259471842 -0.00037865668886115269 1.7968231604231366e-05 0.00056371075302090218 0.0030178576901258936
leaf_weight=96.930278413012275 30.536663745413534 61.049973087501712 736.59840197654557 1135.510330105084 273.89963986125076 27.437042984180152
leaf_count=2365 332 697 10017 12966 2426 204
internal_value=4.97054e-05 1.71022e-05 5.98023e-05 4.98994e-06 0.000202924 0.000876919
internal_weight=2361.96 2331.43 2270.38 2173.45 1436.85 301.337
internal_count=29007 28675 27978 25613 15596 2630
is_linear=0
shrinkage=0.03


Tree=282
num_leaves=7
num_cat=0
split_feature=8 33 60 62 35 10
split_gain=0.134901 0.280939 0.251387 0.142332 0.175157 0.142101
threshold=0.20155080908053044 0.19995569189389548 -0.0063555951150230669 -0.73406424965481676 0.61889503777973254 -0.068081507655543633
decision_type=2 10 2 2 8 2
left_child=3 2 -2 4 -1 -5
right_child=1 -3 -4 5 -6 -7
leaf_value=0.0023739798256790551 -0.00036254473845251958 -0.00092074638603067093 0.0031420231991086144 -0.00065898644232646622 -0.0003826509088826561 3.6066695873843909e-05
leaf_weight=38.251285853504669 24.511706231627613 37.623300943872891 46.531901094364002 297.69096186439856 32.153792467084713 1889.9477304437605
leaf_count=477 225 366 542 4312 350 22701
internal_value=3.59495e-05 0.00102188 0.00203733 -1.57942e-05 0.00122402 -6.10834e-05
internal_weight=2366.71 108.667 71.0436 2258.04 70.4051 2187.64
internal_count=28973 1133 767 27840 827 27013
is_linear=0
shrinkage=0.03


Tree=283
num_leaves=7
num_cat=0
split_feature=27 4 4 45 39 22
split_gain=0.169294 0.248268 0.325371 0.315099 0.291565 0.338348
threshold=-0.48836129903793329 -0.10739354001610167 -0.11986716870232562 0.21111111111111114 6.5000000000000009 -0.088332508874747764
decision_type=10 2 2 10 2 2
left_child=1 2 3 -1 5 -3
right_child=-2 4 -4 -5 -6 -7
leaf_value=0.00097531220671693588 -7.773141457930622e-05 0.0042495372572606566 -0.002303677537128119 -0.0010147809690576534 -0.00038767564717289945 0.0010662573494867147
leaf_weight=202.99418934003916 1756.5427589966857 30.43149621586781 39.546471998270135 98.41613863297971 76.153909917731653 166.5927681059984
leaf_count=2907 19945 463 545 1810 1243 2085
internal_value=7.26562e-05 0.000497147 -4.67918e-05 0.000313789 0.00115372 0.00173945
internal_weight=2370.68 614.135 340.957 301.41 273.178 197.024
internal_count=28998 9053 5262 4717 3791 2548
is_linear=0
shrinkage=0.03


Tree=284
num_leaves=7
num_cat=0
split_feature=28 36 15 24 20 28
split_gain=0.178598 0.229182 0.145635 0.436674 0.159029 0.138911
threshold=3.936851024627686 -0.58502178969016905 1.5000000000000002 1.5000000000000002 -0.061662732943448949 0.47864016890525823
decision_type=10 10 2 2 2 10
left_child=2 -2 -1 5 -5 -4
right_child=1 -3 3 4 -6 -7
leaf_value=2.4490878026320827e-05 -0.00086829306229404212 0.0021930878029983447 -0.0028441827207993063 -0.0013618867769968331 0.00076443806149903328 -0.00043133903844192682
leaf_weight=2029.5364624469075 25.806714365025982 58.860022066626698 68.463285588135477 31.461817484931089 126.97263608040521 35.182210239581764
leaf_count=24862 240 491 1064 469 1560 390
internal_value=-1.02823e-05 0.00126682 -6.27654e-05 -0.00071454 0.000286407 -0.00213517
internal_weight=2376.28 84.6667 2291.62 262.08 158.434 103.645
internal_count=29076 731 28345 3483 2029 1454
is_linear=0
shrinkage=0.03


Tree=285
num_leaves=7
num_cat=0
split_feature=62 7 28 11 30 29
split_gain=0.267293 0.177197 0.171707 0.173035 0.163023 0.248379
threshold=-0.73406424965481676 0.067221720646991251 3.936851024627686 0.12604534201053932 6.1860914230346689 -4.6413476467132559
decision_type=2 2 10 2 10 10
left_child=1 -1 3 4 5 -2
right_child=2 -3 -4 -5 -6 -7
leaf_value=0.0024550148528470262 0.00033109257408166448 -0.00062133140664800415 0.0012405400972839722 0.0012051160433049677 -0.0015440993670360855 -0.00035001296254432487
leaf_weight=53.570056841999758 741.80089254680206 18.234381402377039 79.035258534364402 77.553980583616067 63.586990014300682 1333.9597152915376
leaf_count=683 10131 162 691 827 618 15919
internal_value=8.14798e-06 0.00169334 -5.16704e-05 -0.000103103 -0.000155914 -0.00010619
internal_weight=2367.74 71.8044 2295.94 2216.9 2139.35 2075.76
internal_count=29031 845 28186 27495 26668 26050
is_linear=0
shrinkage=0.03


Tree=286
num_leaves=7
num_cat=0
split_feature=12 59 20 59 27 24
split_gain=0.175684 0.145845 0.192706 0.182988 0.158959 0.232454
threshold=2.217526270536363 -0.32409531718308621 0.10123337249281085 -0.11813460040542091 -0.23264154046773908 1.5000000000000002
decision_type=2 2 2 2 8 2
left_child=1 2 4 -3 -1 -6
right_child=-2 3 -4 -5 5 -7
leaf_value=-0.0008523789774238221 0.0013411077536520162 -0.00079303204911731139 0.0021797956441629183 1.8227212415981296e-05 0.0022294393851625604 6.6727620407092914e-05
leaf_weight=77.272759616316762 81.028366357088089 284.32976923801471 45.848707580240443 1667.4562196316692 51.65669966454152 165.29140997814829
leaf_count=1110 349 3427 586 21175 578 1868
internal_value=4.85744e-05 -2.75066e-06 0.000561334 -0.000103394 0.000245766 0.000657228
internal_weight=2372.88 2291.86 340.07 1951.79 294.221 216.948
internal_count=29093 28744 4142 24602 3556 2446
is_linear=0
shrinkage=0.03


Tree=287
num_leaves=7
num_cat=0
split_feature=6 2 4 2 2 26
split_gain=0.159185 0.238382 0.204742 0.171754 0.38096 0.268764
threshold=0.33479291059673383 -0.14381388199259357 -0.096326110764220443 -0.023566280399040913 0.0035323926537009658 -1.6252155303955076
decision_type=2 2 2 2 2 10
left_child=3 2 -2 -1 5 -5
right_child=1 -3 -4 4 -6 -7
leaf_value=7.8128791651260189e-06 0.00067510029617128442 0.0015326424436750074 -0.0026692761105849925 -0.0035769007154200006 3.2940443421839082e-05 -0.00074133460140444975
leaf_weight=1847.6365170388453 31.835084874008317 116.41344891191693 18.516184392909054 45.991687415866181 233.81764744437532 80.173979970568325
leaf_count=23006 356 1102 203 683 2655 1058
internal_value=-4.13981e-05 0.000825232 -0.000793267 -0.00011029 -0.000700287 -0.00196177
internal_weight=2374.38 166.765 50.3513 2207.62 359.983 126.166
internal_count=29063 1661 559 27402 4396 1741
is_linear=0
shrinkage=0.03


Tree=288
num_leaves=7
num_cat=0
split_feature=20 24 5 62 35 26
split_gain=0.191337 0.375587 0.325861 0.234232 0.257724 0.223544
threshold=0.078711764565629019 1.5000000000000002 -0.030545246024765649 -0.73406424965481676 0.6440069307942714 -2.3448704481124873
decision_type=2 2 2 2 10 8
left_child=3 2 -2 4 -1 -4
right_child=1 -3 5 -5 -6 -7
leaf_value=0.0029434858279511031 -0.0024804459684029385 0.0012898300659546444 -0.0019030870330729965 -0.00024124729780331902 -0.00060185444640751683 0.0010316330690343801
leaf_weight=34.027612356643658 44.593945261207409 229.13795903627761 21.07904377579689 1939.4650029704062 26.835460851667449 86.107247799111065
leaf_count=408 596 2803 279 23652 304 1040
internal_value=-6.26647e-05 0.000544951 -0.000589788 -0.000180507 0.00151595 0.000341348
internal_weight=2381.25 380.918 151.78 2000.33 60.8631 107.186
internal_count=29082 4718 1915 24364 712 1319
is_linear=0
shrinkage=0.03


Tree=289
num_leaves=7
num_cat=0
split_feature=58 10 56 10 46 3
split_gain=0.166113 0.150713 0.141731 0.335954 0.441037 0.293206
threshold=0.63333333333333341 0.16500299507459723 19.66539980993139 0.019491846142484597 26.500000000000004 -0.26199723906781464
decision_type=2 2 2 2 8 2
left_child=1 2 -1 -4 -5 -6
right_child=-2 -3 3 4 5 -7
leaf_value=0.00014342340682897968 0.0016915436232307283 -0.0020664795089357754 -0.00088413812213341506 0.0026839316505289658 -0.0024852710715908576 0.00029367989620939725
leaf_weight=1591.0949403351988 40.784142488002544 22.658296168025117 429.0674453083484 51.730156500241719 30.828912924509495 200.796456555021
leaf_count=19902 414 221 5249 593 461 2192
internal_value=-5.90275e-06 -4.27768e-05 -1.40247e-05 -0.000362781 0.000429906 -0.000163742
internal_weight=2366.96 2326.18 2303.52 712.423 283.356 231.625
internal_count=29032 28618 28397 8495 3246 2653
is_linear=0
shrinkage=0.03


Tree=290
num_leaves=7
num_cat=0
split_feature=28 30 26 22 17 23
split_gain=0.170976 0.253588 0.297925 0.246998 0.213712 0.192211
threshold=0.38621298968791967 0.55545791983604442 2.0151573419570927 0.05131163903084579 1.5000000000000002 -0.14703799721821428
decision_type=8 10 10 2 2 2
left_child=1 4 3 -3 -1 -4
right_child=-2 2 5 -5 -6 -7
leaf_value=0.00012008846739061129 0.00027003370210300977 -0.0022912840173375526 -0.0016172585864887752 0.0004334373748393939 -0.0018670532839220294 0.0014721670735233785
leaf_weight=818.16443185911339 1286.5349423705193 132.67758258950198 16.916184271452948 34.28884472954087 41.753392299957341 48.327823975181673
leaf_count=12212 13443 1495 236 387 811 527
internal_value=3.66541e-05 -0.000238224 -0.00109566 -0.00173885 3.24934e-06 0.000562674
internal_weight=2378.66 1092.13 232.21 166.966 859.918 65.244
internal_count=29111 15668 2645 1882 13023 763
is_linear=0
shrinkage=0.03


Tree=291
num_leaves=7
num_cat=0
split_feature=58 37 11 14 47 3
split_gain=0.157255 0.255994 0.178789 0.174662 0.155111 0.163867
threshold=0.41428571428571431 4.5026123782355763 -0.033617592239144733 0.54871700466447615 4.5000000000000009 -0.27401120585400146
decision_type=2 8 2 2 8 2
left_child=3 2 -2 4 -1 -6
right_child=1 -3 -4 -5 5 -7
leaf_value=-0.0011146684046246811 0.0021117325668508651 0.0035796285049445476 -0.00047865872038779729 -0.0020650709363212801 -0.00065784001125009605 0.00019087680593571444
leaf_weight=88.645730403019115 24.395777806290425 19.119729089550674 70.761764714028686 25.730768829584122 219.03139813456801 1933.462816352403
leaf_count=1192 270 140 790 110 3797 22779
internal_value=7.30893e-05 0.00111215 0.000323109 1.60537e-05 4.90146e-05 0.000101871
internal_weight=2381.15 114.277 95.1575 2266.87 2241.14 2152.49
internal_count=29078 1200 1060 27878 27768 26576
is_linear=0
shrinkage=0.03


Tree=292
num_leaves=7
num_cat=0
split_feature=5 60 42 12 27 58
split_gain=0.254171 0.163128 0.159274 0.261108 0.174463 0.15654
threshold=-0.1680264440280779 -0.029537092930310215 2.5000000000000004 0.44874758246851537 1.0000000180025095e-35 0.58571428571428574
decision_type=2 2 2 2 8 2
left_child=1 -1 5 4 -4 -2
right_child=2 -3 3 -5 -6 -7
leaf_value=0.00035364733763662082 8.7372188750126233e-06 -0.0017440812860683354 0.0011584612974802331 0.0021347842847702562 -0.0026525295378885478 0.0016835523659928439
leaf_weight=43.06181034585461 2082.0147968100355 103.54667575896019 11.956307260552419 68.688301160931587 13.735099913319575 41.471308084204793
leaf_count=481 25462 1713 244 432 236 415
internal_value=2.36362e-05 -0.0011447 0.000105659 0.00124986 -0.0010513 4.91838e-05
internal_weight=2364.47 146.608 2217.87 94.3797 25.6914 2123.49
internal_count=28983 2194 26789 912 480 25877
is_linear=0
shrinkage=0.03


Tree=293
num_leaves=7
num_cat=0
split_feature=10 8 34 20 3 12
split_gain=0.164648 0.208862 0.279253 0.368582 0.306966 0.334145
threshold=-0.068081507655543633 -0.082836676944423732 -7.7597284168004981 0.0082585996285122493 -0.13427932757012195 0.85477978322430281
decision_type=2 2 10 2 2 2
left_child=-1 -2 3 4 -3 -6
right_child=1 2 -4 -5 5 -7
leaf_value=-0.00064653034433077253 -0.00075376675918848129 0.00065108630527946354 2.8819582051653548e-05 -0.00078014308509279583 0.0044330654927681777 0.00037447556049006683
leaf_weight=320.9196214833064 232.10317734490673 118.34004806098528 1550.5298378556326 65.931062539631967 46.705753956222907 29.861376088112593
leaf_count=4566 4402 1791 16386 937 712 178
internal_value=-2.5621e-05 7.45641e-05 0.00018426 0.00107308 0.00170745 0.00307631
internal_weight=2364.39 2043.47 1811.37 260.838 194.907 76.5671
internal_count=28972 24406 20004 3618 2681 890
is_linear=0
shrinkage=0.03


Tree=294
num_leaves=7
num_cat=0
split_feature=16 24 52 44 9 33
split_gain=0.213 0.279476 0.174638 0.161777 0.255411 0.24086
threshold=1.0000000180025095e-35 2.5000000000000004 3.493733417550295 2.5000000000000004 -0.088068108850027596 -0.19765445093313852
decision_type=2 2 2 8 2 10
left_child=2 -2 3 5 -5 -1
right_child=1 -3 -4 4 -6 -7
leaf_value=0.0022983289737518592 -0.0016309111804216918 0.0002436058867195435 -8.509774693765729e-05 0.0020445859271233224 -9.9284258585311617e-05 -2.7551053312617539e-05
leaf_weight=85.630600181524642 149.04793984343996 126.01027678654646 1538.4384998412861 48.110138057236327 353.4062987882935 68.568692160071805
leaf_count=860 2030 1569 18872 848 4195 641
internal_value=-2.424e-05 -0.000793733 8.01215e-05 0.000530932 0.000201038 0.00132538
internal_weight=2369.21 275.058 2094.15 555.716 401.516 154.199
internal_count=29015 3599 25416 6544 5043 1501
is_linear=0
shrinkage=0.03


Tree=295
num_leaves=7
num_cat=0
split_feature=16 24 28 45 45 46
split_gain=0.199398 0.26853 0.243943 0.200318 0.188276 0.462088
threshold=1.0000000180025095e-35 2.5000000000000004 0.30181254446506506 0.10555555555555557 0.23611111111111113 21.500000000000004
decision_type=2 2 10 10 10 8
left_child=4 2 -2 -3 5 -1
right_child=1 3 -4 -5 -6 -7
leaf_value=0.0018303359339318928 -0.0025648353967348955 -0.00082337009674743767 -0.00013061626573941559 0.0014099479409294224 -0.000305552717412953 0.000110389336203075
leaf_weight=147.92726334149484 82.135439586068969 65.417021186440252 63.856910673901439 59.918458119442221 674.61816381762037 1295.3566021104489
leaf_count=1440 1311 827 684 756 8929 15242
internal_value=6.04218e-06 -0.00074459 -0.00157674 0.000269591 0.000105254 0.000298054
internal_weight=2389.23 271.328 145.992 125.335 2117.9 1443.28
internal_count=29189 3578 1995 1583 25611 16682
is_linear=0
shrinkage=0.03


Tree=296
num_leaves=7
num_cat=0
split_feature=23 6 46 3 8 9
split_gain=0.128645 0.123149 0.124927 0.264145 0.312897 0.250403
threshold=0.87099810360961794 0.44355780196661482 53.500000000000007 -0.021637042932224095 -0.01933185355250808 -0.0900270928577942
decision_type=2 2 8 2 2 2
left_child=1 2 3 5 -5 -1
right_child=-2 -3 -4 4 -6 -7
leaf_value=0.0016304221973837065 0.0014601707102546403 0.0011181123901420518 -0.00028541110997624389 -0.00075590182323806356 0.0029013922639834449 -0.00023633755537337878
leaf_weight=62.963338023400865 38.604835595120676 62.57945081446087 1574.7676157299429 26.573229095258284 52.331566137378104 559.1169198131538
leaf_count=1096 403 616 19375 320 531 6732
internal_value=-6.80902e-05 -9.94316e-05 -0.000137657 0.000193619 0.00172322 -2.45897e-05
internal_weight=2376.94 2338.33 2275.75 700.985 78.9048 622.08
internal_count=29073 28670 28054 8679 851 7828
is_linear=0
shrinkage=0.03


Tree=297
num_leaves=7
num_cat=0
split_feature=57 3 34 10 14 31
split_gain=0.174291 0.197624 0.314046 0.173535 0.257165 0.172437
threshold=6.5000000000000009 -0.17696272725284803 -0.953801929950714 0.012875105338428205 0.39233047508114643 0.91920120967552077
decision_type=2 2 8 2 2 10
left_child=3 2 -2 4 5 -1
right_child=1 -3 -4 -5 -6 -7
leaf_value=-0.00075774494128163442 5.298761083157906e-06 0.00013104541353038766 0.0037820211408078988 0.00018936011401698229 -0.0020453600273911687 3.0837669122683486e-05
leaf_weight=366.77524266031105 38.211118637787877 162.46215276408475 31.223552180686966 949.91546367549745 65.892209142446518 736.96754694072297
leaf_count=3927 749 1924 365 11037 272 10608
internal_value=-2.42046e-05 0.00073901 0.00196594 -0.000110785 -0.000354086 -0.00023566
internal_weight=2351.45 231.897 69.4347 2119.55 1169.63 1103.74
internal_count=28882 3038 1114 25844 14807 14535
is_linear=0
shrinkage=0.03


Tree=298
num_leaves=7
num_cat=0
split_feature=7 7 12 28 13 42
split_gain=0.18206 0.312649 0.281457 0.380154 0.282421 0.243886
threshold=0.016221255014606105 0.0082419353912016203 1.0261869549112583 0.26357339322566992 2.249904835165133 2.5000000000000004
decision_type=2 2 2 8 2 2
left_child=1 5 -2 4 -4 -1
right_child=2 -3 3 -5 -6 -7
leaf_value=-3.7990716773926712e-05 0.00010965100594150762 0.0016320167788866908 -0.0033406392724909784 -0.00021000160365642422 -0.0008225837224176139 0.0020054308440174487
leaf_weight=1005.735599122112 694.03178569549345 119.38989881135058 65.75530081987381 335.23497135192156 104.71784994378686 45.448323497083038
leaf_count=14591 9775 1433 319 1782 629 500
internal_value=-2.47709e-05 0.000240371 -0.000283316 -0.00081429 -0.00192514 6.84229e-05
internal_weight=2370.31 1170.57 1199.74 505.708 170.473 1051.18
internal_count=29029 16524 12505 2730 948 15091
is_linear=0
shrinkage=0.03


Tree=299
num_leaves=7
num_cat=0
split_feature=30 3 37 30 3 33
split_gain=0.181974 0.160879 0.298453 0.262011 0.252648 0.251212
threshold=-4.4536819458007804 -0.05448529814257571 2.0771728910428169 4.4439342021942148 0.003133708628507779 -0.06840100387732187
decision_type=8 2 10 10 2 10
left_child=-1 3 4 -2 -3 -4
right_child=1 2 5 -5 -6 -7
leaf_value=0.00053212742294041161 -0.00039663880492478345 0.0019314248557508831 0.00068139016704120317 0.00085626011440242294 -9.801163299452513e-05 -0.0016371023164516623
leaf_weight=453.52966974748415 1392.8859983566799 126.74678185174707 70.750767834018916 158.78781543497462 91.038004208239727 80.359514689072967
leaf_count=7615 16393 1322 556 1492 1015 649
internal_value=-1.65583e-06 -0.000129809 0.000425733 -0.000263764 0.00111602 -0.000576655
internal_weight=2374.1 1920.57 368.895 1551.67 217.785 151.11
internal_count=29042 21427 3542 17885 2337 1205
is_linear=0
shrinkage=0.03


Tree=300
num_leaves=7
num_cat=0
split_feature=35 47 3 20 31 6
split_gain=0.19779 0.204894 0.180044 0.167812 0.196536 0.240716
threshold=-5.5418088592433667 7.5000000000000009 -0.18845474014496674 0.0389918033855901 1.2618216127157214 0.15843995687942938
decision_type=10 8 2 2 10 2
left_child=1 2 -1 -2 5 -5
right_child=3 -3 -4 4 -6 -7
leaf_value=0.0016645106191201166 -0.00019216335811517239 0.0014113306496626522 -0.0010920182829114141 -0.0013120482999213244 0.00078436062767386612 0.0013256731915511743
leaf_weight=19.974904597795103 1608.2133240840485 167.7344642613316 65.601422633859329 93.356236953521147 365.65544382244116 35.380182166583836
leaf_count=363 19562 2198 815 829 4976 264
internal_value=5.34324e-05 0.000828593 -0.000341764 -4.3435e-05 0.000434583 -0.00054383
internal_weight=2355.92 253.311 85.5763 2102.61 494.392 128.736
internal_count=29007 3376 1178 25631 6069 1093
is_linear=0
shrinkage=0.03


Tree=301
num_leaves=7
num_cat=0
split_feature=62 59 37 34 23 10
split_gain=0.139775 0.174149 0.453545 0.205743 0.156091 0.136034
threshold=-0.59908568513228022 -0.90872987583449227 -0.50154423578218965 -1.3244068225224812 1.0000000180025095e-35 -0.15088317440427304
decision_type=2 2 8 8 2 2
left_child=1 3 -3 -1 -4 -2
right_child=5 2 4 -5 -6 -7
leaf_value=0.0013483929486436605 0.0016755858128984767 -0.0014117719774088542 0.0038883458359771205 -0.002223965450658678 0.0006784421209559896 -9.903341689600002e-05
leaf_weight=18.073040145158302 29.585505484836176 25.498180037247948 37.189340619719587 21.197278122068383 26.229903808562085 2204.9244862868654
leaf_count=251 472 417 406 214 247 26889
internal_value=-1.12099e-05 0.000914877 0.00159682 -0.000639902 0.00283398 -6.81764e-05
internal_weight=2362.7 128.188 88.9174 39.2703 63.4192 2234.51
internal_count=28896 1535 1070 465 653 27361
is_linear=0
shrinkage=0.03


Tree=302
num_leaves=7
num_cat=0
split_feature=12 14 11 20 8 52
split_gain=0.142736 0.221627 0.152208 0.167482 0.130403 0.127539
threshold=2.217526270536363 0.48282597936324062 0.1185615240820051 -0.021392561789232416 0.039875531175270602 5.5500862435057874
decision_type=2 2 2 2 2 2
left_child=1 2 5 -4 -5 -1
right_child=-2 -3 3 4 -6 -7
leaf_value=-8.0423325051259576e-05 0.0012229529418777555 -0.0025221843464903093 -0.00071357207493362581 -0.00016871855151938747 0.0025674292786441425 0.00097777747940852979
leaf_weight=2078.8187383118347 77.813445910811424 21.165254935622215 26.053331031056587 19.811164898914285 48.48291318200063 97.804409541771747
leaf_count=26307 335 87 312 246 496 1185
internal_value=3.59674e-05 -9.46562e-06 2.49075e-05 0.0011442 0.00185354 -2.86199e-05
internal_weight=2369.95 2292.14 2270.97 94.3474 68.2941 2176.62
internal_count=28968 28633 28546 1054 742 27492
is_linear=0
shrinkage=0.03


Tree=303
num_leaves=7
num_cat=0
split_feature=0 28 58 62 40 2
split_gain=0.149869 0.220064 0.174391 0.2475 0.241491 0.235897
threshold=0.24234371540576063 2.6716356277465825 0.26136363636363641 0.43185904965270666 1.5000000000000002 -0.040399965839020176
decision_type=2 8 2 2 2 2
left_child=2 -2 3 4 5 -1
right_child=1 -3 -4 -5 -6 -7
leaf_value=0.00040218489443258733 0.00024296214756609313 0.0025126556408616796 0.00077320939491595201 -0.001611672515301129 -0.00053565883750440735 -0.00058544662071927784
leaf_weight=966.05955706608074 172.6596395620727 40.463747573085129 199.60953264427371 87.393003360601142 625.23794704797911 270.68936716055032
leaf_count=12406 1895 351 2194 1103 7650 3358
internal_value=2.70817e-05 0.000767187 -4.95309e-05 -0.000137293 -5.98525e-05 0.000183058
internal_weight=2362.11 213.123 2148.99 1949.38 1861.99 1236.75
internal_count=28957 2246 26711 24517 23414 15764
is_linear=0
shrinkage=0.03


Tree=304
num_leaves=7
num_cat=0
split_feature=59 3 62 26 28 3
split_gain=0.146277 0.287819 0.204937 0.192465 0.192085 0.187935
threshold=-0.32409531718308621 -0.062541062198780348 -0.19119864824441915 -0.67955034971237172 3.4920481443405156 -0.17164709571065659
decision_type=2 2 2 8 10 2
left_child=1 5 -2 -4 -5 -1
right_child=2 -3 3 4 -6 -7
leaf_value=0.00085175302310250972 -0.00098451721006272423 0.0021072123457604249 -0.00049577613380712626 5.4727612590270793e-05 0.0017276265220195937 -0.00061515225399789281
leaf_weight=129.60234226947068 252.51790729101049 64.85999873932451 639.83733520557871 1059.2406140076055 55.653492018347606 169.91412734455662
leaf_count=1723 3067 657 8411 12812 483 1916
internal_value=-0.000101908 0.000443345 -0.000202595 -8.51303e-05 0.000152851 2.65968e-05
internal_weight=2371.63 364.376 2007.25 1754.73 1114.89 299.516
internal_count=29069 4296 24773 21706 13295 3639
is_linear=0
shrinkage=0.03


Tree=305
num_leaves=7
num_cat=0
split_feature=26 8 28 12 5 24
split_gain=0.147552 0.146179 0.254266 0.193199 0.216355 0.17527
threshold=-7.4371142387390128 -0.082836676944423732 0.70762315392494213 0.46648276227425273 -0.032401148333218131 1.5000000000000002
decision_type=8 2 8 2 2 2
left_child=-1 2 3 5 -5 -2
right_child=1 -3 -4 4 -6 -7
leaf_value=0.0019610172842243873 -0.0023185007695024312 7.1603956897547594e-05 -0.0015955895815598334 -0.00055102502109367468 0.0025371180433941833 0.00025352566929184276
leaf_weight=24.445282270549797 28.228304395830492 2065.4035873259127 125.72535671462538 30.336315773427486 38.012116089463234 58.859962549962802
leaf_count=406 964 23235 1933 246 295 1985
internal_value=1.17616e-05 -1.67801e-05 -0.000646205 0.000171736 0.00127107 -0.000733092
internal_weight=2371.01 2346.57 281.162 155.437 68.3484 87.0883
internal_count=29064 28658 5423 3490 541 2949
is_linear=0
shrinkage=0.03


Tree=306
num_leaves=7
num_cat=0
split_feature=57 3 35 14 7 27
split_gain=0.146038 0.225504 0.173643 0.213233 0.184101 0.147974
threshold=6.5000000000000009 -0.18192018457010359 0.52270903542533631 0.16963537215105656 0.044185802647558697 2.7543188333511357
decision_type=2 2 8 2 2 10
left_child=5 -2 3 -3 -4 -1
right_child=1 2 4 -5 -6 -7
leaf_value=-2.2493705740703744e-05 0.0020476599808976889 0.0019372387744374673 -0.0018987818400361578 -0.00076877261743829215 0.00084085301399456367 -0.0010863303884201959
leaf_weight=2013.1691343796847 65.861473032884533 56.32135887426557 48.744787199073471 36.201215863227844 28.017642140621319 115.01139682298526
leaf_count=24574 1055 928 606 190 268 1357
internal_value=-5.30393e-06 0.000688259 7.46621e-05 0.000906747 -0.000917174 -8.47974e-05
internal_weight=2363.33 235.146 169.285 92.5226 76.7624 2128.18
internal_count=28978 3047 1992 1118 874 25931
is_linear=0
shrinkage=0.03


Tree=307
num_leaves=7
num_cat=0
split_feature=12 37 36 28 39 5
split_gain=0.145507 0.188257 0.265396 0.109226 0.174193 0.132393
threshold=-1.2114024329443365 -6.0122673093444758 -1.6440474296213832 3.936851024627686 4.5000000000000009 0.040109670895406728
decision_type=2 8 10 10 2 2
left_child=-1 2 -2 5 -5 -3
right_child=1 3 -4 4 -6 -7
leaf_value=-0.001602454715979675 -0.00087175291720255235 -6.0229509150550567e-05 0.0028417449689421741 0.0025262876913541227 -7.4421462846811413e-05 0.00070328897590021399
leaf_weight=35.602888357549091 20.665093994699419 1974.8266633283347 40.057183516677469 31.140251546166837 51.825926538556814 217.86503132246435
leaf_count=4001 335 21401 577 230 452 2046
internal_value=7.66091e-05 0.000108916 0.00163339 6.12693e-05 0.00106846 1.84819e-05
internal_weight=2371.98 2336.38 60.7223 2275.66 82.9662 2192.69
internal_count=29042 25041 912 24129 682 23447
is_linear=0
shrinkage=0.03


Tree=308
num_leaves=7
num_cat=0
split_feature=43 46 20 24 12 26
split_gain=0.130748 0.301507 0.107935 0.141543 0.16483 0.129612
threshold=1.5000000000000002 28.500000000000004 0.19301956439588605 1.5000000000000002 1.1973027480243996 -7.4371142387390128
decision_type=2 10 2 2 2 8
left_child=2 -2 5 -4 -5 -1
right_child=1 -3 3 4 -6 -7
leaf_value=0.001760284941978292 0.0024955487449403839 -0.00062466687436426845 -0.00033687237980601151 0.0023823602928080235 -0.00064744597272760167 -0.00012919565449819037
leaf_weight=23.206478305743076 47.906355082523078 47.559159333817661 53.757910881889984 49.551309107628185 17.226602122187614 2144.8697201319737
leaf_count=391 383 383 715 785 93 26428
internal_value=-3.60367e-06 0.00102927 -5.09787e-05 0.000787268 0.00161824 -0.000100982
internal_weight=2384.08 95.4655 2288.61 120.536 66.7779 2168.08
internal_count=29178 766 28412 1593 878 26819
is_linear=0
shrinkage=0.03


Tree=309
num_leaves=7
num_cat=0
split_feature=30 8 4 33 25 5
split_gain=0.117136 0.148683 0.118567 0.248599 0.291488 0.263388
threshold=6.4585123062133798 0.058082062290906226 -0.054562053072230117 2.8537016709645591 0.086250980978136951 0.020209334344901301
decision_type=10 2 2 8 2 2
left_child=2 -2 -1 4 5 -4
right_child=1 -3 3 -5 -6 -7
leaf_value=-6.3171889399790993e-05 -0.0019945660085614646 0.00067810473164628144 0.00027464444365658943 0.0019282738562034071 -0.00096550558176566534 0.0025948036680971125
leaf_weight=1756.2566322907805 44.713885374367237 22.327540837228298 290.2470517562615 75.520924049167661 135.27624084227136 42.61801572231343
leaf_count=21985 433 183 3629 873 1508 430
internal_value=1.88689e-05 -0.00113198 5.71707e-05 0.000440047 0.000164658 0.00063872
internal_weight=2366.96 67.0414 2299.92 543.662 468.141 332.865
internal_count=29041 616 28425 6440 5567 4059
is_linear=0
shrinkage=0.03


Tree=310
num_leaves=7
num_cat=0
split_feature=30 52 52 4 50 3
split_gain=0.138553 0.274762 0.297446 0.291791 0.434605 0.403734
threshold=-5.5019521713256827 4.2546053893132312 3.493733417550295 -0.11570690728531779 0.34848484848484856 -0.13427932757012195
decision_type=10 2 2 2 2 2
left_child=1 2 -1 -3 -5 -6
right_child=-2 3 -4 4 5 -7
leaf_value=0.00043579529293614978 -0.00017524790250992612 2.8112720680667925e-05 -0.0016734383289896521 0.00066049725193049287 0.00060289746682811102 0.0061092198316980723
leaf_weight=142.22765512543265 1821.3846936558257 170.83526557087316 90.550667234958382 113.82908326509641 22.65387018508045 22.944109654519707
leaf_count=2307 20210 2816 1435 1832 278 217
internal_value=-4.80488e-05 0.000359306 -0.000419828 0.000904662 0.00178684 0.00397406
internal_weight=2384.43 563.041 232.778 330.262 159.427 45.598
internal_count=29095 8885 3742 5143 2327 495
is_linear=0
shrinkage=0.03


Tree=311
num_leaves=7
num_cat=0
split_feature=22 12 62 14 37 62
split_gain=0.193769 0.219325 0.50526 0.184837 0.163479 0.154064
threshold=-0.17127458574862317 1.8952124124288499 -1.0000000180025095e-35 0.41698071584284324 -4.7639952172214777 -0.19482401840034888
decision_type=2 2 2 2 8 2
left_child=-1 3 5 4 -2 -3
right_child=1 2 -4 -5 -6 -7
leaf_value=-0.00082684061911803182 0.0012606358331824423 0.00081398805841043217 0.0028814782722214366 -0.0018906734336583914 4.2459294006717851e-05 -0.001430913201211253
leaf_weight=187.73296878996189 94.727064332764712 45.812393181025982 72.413481436669827 32.591201409697533 1878.4837472256622 45.036018252372742
leaf_count=2798 2169 203 320 134 23078 204
internal_value=7.28149e-05 0.000154117 0.00117828 6.5324e-05 0.000107001 -0.000330408
internal_weight=2356.8 2169.06 163.262 2005.8 1973.21 90.8484
internal_count=28906 26108 727 25381 25247 407
is_linear=0
shrinkage=0.03


Tree=312
num_leaves=7
num_cat=0
split_feature=41 27 46 36 33 28
split_gain=0.172341 0.245058 0.215682 0.149579 0.181533 0.122039
threshold=1.5000000000000002 0.83988973498344432 21.500000000000004 -4.3384773486346253 -4.4328936735788966 0.30181254446506506
decision_type=2 8 10 8 8 10
left_child=3 2 -2 -1 -5 -6
right_child=1 -3 -4 4 5 -7
leaf_value=0.002190071917808678 0.0018218872263687888 0.0030658033032667218 -0.0011741575088974133 -0.0019770319229168091 -0.00026171209374066041 0.00018175415689587369
leaf_weight=16.171985772147309 26.96547466982156 28.899128364399076 42.144500334747136 35.040924853659817 1174.8216766722326 1047.0070685604151
leaf_count=315 225 230 359 535 16796 10638
internal_value=-1.02129e-05 0.00116081 7.73742e-05 -6.55685e-05 -9.13216e-05 -5.28565e-05
internal_weight=2371.05 98.0091 69.11 2273.04 2256.87 2221.83
internal_count=29098 814 584 28284 27969 27434
is_linear=0
shrinkage=0.03


Tree=313
num_leaves=7
num_cat=0
split_feature=14 12 52 57 26 22
split_gain=0.132745 0.159225 0.141459 0.270797 0.252804 0.18433
threshold=0.54871700466447615 2.217526270536363 1.0000000180025095e-35 1.5000000000000002 -0.11190669238567351 0.057660533975890681
decision_type=2 2 2 2 8 2
left_child=1 2 3 4 -1 -5
right_child=-2 -3 -4 5 -6 -7
leaf_value=-0.00010094870739416791 -0.0018611465307586841 0.0013396556782042986 -0.00017826751337064972 -0.00089715838839438111 0.0021473035573859609 0.0014752812885349598
leaf_weight=73.315882228052942 26.426719382405281 63.408176720142365 1942.9570500661648 129.1368676473503 103.15106826176634 27.858298615086824
leaf_count=1082 113 273 24303 1607 1355 365
internal_value=-6.39745e-05 -3.58427e-05 -7.9848e-05 0.000482099 0.00125791 -0.000413043
internal_weight=2366.25 2339.83 2276.42 333.462 176.467 156.995
internal_count=29098 28985 28712 4409 2437 1972
is_linear=0
shrinkage=0.03


Tree=314
num_leaves=7
num_cat=0
split_feature=28 36 5 6 5 24
split_gain=0.134969 0.441609 0.299971 0.282258 0.256127 0.253669
threshold=2.6185191869735722 2.6100349741903224 0.024665023087645833 0.24182712512284774 -0.17569571520095903 1.5000000000000002
decision_type=8 10 2 2 2 2
left_child=-1 2 3 4 -2 -6
right_child=1 -3 -4 -5 5 -7
leaf_value=-9.0680081095009444e-05 -0.0018405552063471323 -0.0029478464393542878 -0.0010313540236879407 0.0029121318188042476 0.001516362122648903 -0.00017232697222354271
leaf_weight=1884.1097706761066 24.788177070731763 22.390055757015944 69.825995889725164 50.03823256213218 203.25480410119053 125.1843094486394
leaf_count=23885 316 176 655 420 2387 1284
internal_value=2.56602e-05 0.000461096 0.000680112 0.00099424 0.000649858 0.000886646
internal_weight=2379.59 495.482 473.092 403.266 353.227 328.439
internal_count=29123 5238 5062 4407 3987 3671
is_linear=0
shrinkage=0.03


Tree=315
num_leaves=7
num_cat=0
split_feature=24 22 62 10 12 12
split_gain=0.146475 0.162034 0.158274 0.29183 0.341691 0.269904
threshold=7.5000000000000009 -0.0037163329871693555 0.093272578858687963 -0.10849158720022237 0.83469214014116755 2.217526270536363
decision_type=2 2 2 2 2 2
left_child=2 -2 3 4 -1 -4
right_child=1 -3 5 -5 -6 -7
leaf_value=-0.00026134335116707668 -0.00047851769274416149 0.0014041039377992049 0.00018411337998219525 -0.00033055957862344209 0.0034450767388550635 0.0030800579497127214
leaf_weight=46.258795638277661 54.931352012848947 116.32765483873663 575.9754412832408 1519.4986203719018 31.148206543177366 20.615345358848572
leaf_count=986 754 1457 7030 18487 197 88
internal_value=-1.26519e-05 0.000807167 -8.00326e-05 -0.000235567 0.00145361 0.00033331
internal_weight=2364.76 171.259 2193.5 1596.91 77.407 596.591
internal_count=28999 2211 26788 19670 1183 7118
is_linear=0
shrinkage=0.03


Tree=316
num_leaves=7
num_cat=0
split_feature=52 5 52 9 57 4
split_gain=0.121154 0.2175 0.142718 0.139893 0.169399 0.227129
threshold=5.2948482013347258 -0.060166106372232527 5.2452359502923676 -0.044217016121873023 1.0000000180025095e-35 -0.090656191819951132
decision_type=2 2 2 2 2 2
left_child=2 -2 -1 -3 5 -5
right_child=1 3 -4 4 -6 -7
leaf_value=-0.00015313514295031732 -0.0013306167143174721 -0.00042958233122416221 -0.001957235605017833 -0.0012903710897610656 0.0018769690438294924 0.0015459445456888659
leaf_weight=2059.0763134431036 42.721773288736586 59.296354091551621 30.344182414468378 42.260913083446212 111.84838826733176 39.498185692122206
leaf_count=25301 515 858 373 480 1156 427
internal_value=-0.000107698 0.000451108 -0.000188534 0.00079125 0.00116789 9.90145e-05
internal_weight=2385.05 295.626 2089.42 252.904 193.607 81.7591
internal_count=29110 3436 25674 2921 2063 907
is_linear=0
shrinkage=0.03


Tree=317
num_leaves=7
num_cat=0
split_feature=24 33 2 3 29 27
split_gain=0.127304 0.253762 0.156892 0.154996 0.135813 0.25021
threshold=7.5000000000000009 0.55230838060379039 -0.4364840423690311 -0.16970843676988259 -5.2713592052459708 0.85123017430305492
decision_type=2 10 2 2 8 10
left_child=2 3 -1 -2 5 -4
right_child=1 -3 4 -5 -6 -7
leaf_value=-0.0020419137942067011 5.966652211292323e-05 -0.00075563291853736694 -0.00025285819780056121 0.0023279540780151804 -0.0001750147966419899 0.0010542703087839881
leaf_weight=25.955381537263747 41.980664807313588 59.081930993474089 267.30772189836716 69.422295816882979 1664.9401422086667 244.19783713671495
leaf_count=790 670 703 3791 854 19236 3000
internal_value=-1.3803e-05 0.000752375 -7.62445e-05 0.0015485 -4.3571e-05 0.000379428
internal_weight=2372.89 170.485 2202.4 111.403 2176.45 511.506
internal_count=29044 2227 26817 1524 26027 6791
is_linear=0
shrinkage=0.03


Tree=318
num_leaves=7
num_cat=0
split_feature=28 30 4 39 46 51
split_gain=0.148193 0.225503 0.177683 0.251728 0.178268 0.348574
threshold=0.1514529958367348 -0.53890436887741078 -0.20436778731148145 3.5000000000000004 29.500000000000004 0.29166666666666669
decision_type=10 10 2 2 10 2
left_child=1 2 3 -1 5 -4
right_child=-2 -3 4 -5 -6 -7
leaf_value=-0.0030062771703295906 0.00022066917217793391 -0.0010045409594258651 7.3731464582725605e-05 4.5529557528378264e-06 -0.00052449319524170205 0.0020123443040739688
leaf_weight=31.403998003806919 1196.8796039283625 264.96289308468113 468.73515741302981 62.973855466232635 252.30306353385095 91.784139581723139
leaf_count=637 12159 3146 7205 1190 3796 910
internal_value=-1.32337e-05 -0.000251915 -2.35426e-05 -0.00118933 0.000124628 0.000420884
internal_weight=2369.04 1172.16 907.2 94.3779 812.822 560.519
internal_count=29043 16884 13738 1827 11911 8115
is_linear=0
shrinkage=0.03


Tree=319
num_leaves=7
num_cat=0
split_feature=23 35 47 26 14 5
split_gain=0.156288 0.199583 0.178915 0.181607 0.202142 0.164337
threshold=0.23646302817713741 1.3141032215725219 6.5000000000000009 -1.4259068369865415 0.23852598004373837 -0.048913423265342849
decision_type=2 8 8 10 2 2
left_child=-1 2 -2 4 5 -4
right_child=1 -3 3 -5 -6 -7
leaf_value=-0.00012718031596168917 -0.00030142023042645363 -0.00037443504409323075 -0.00086278823018854929 0.0023183921693370473 -0.0017434727091350589 0.0021015808905631606
leaf_weight=2000.5435012051312 63.128926896373741 134.67088362874347 18.156506047525909 96.751624253665796 19.768115296959877 42.299103771452792
leaf_count=25124 672 1372 261 1006 90 587
internal_value=-2.12567e-05 0.000532772 0.00103624 0.00150399 0.000373713 0.0012152
internal_weight=2375.32 374.775 240.104 176.975 80.2237 60.4556
internal_count=29112 3988 2616 1944 938 848
is_linear=0
shrinkage=0.03


Tree=320
num_leaves=7
num_cat=0
split_feature=8 33 9 56 9 3
split_gain=0.125899 0.217044 0.147789 0.130663 0.223834 0.302907
threshold=-0.24375264605386873 0.85074551651875197 0.025829555421129666 -9.6805957392006441 0.078232396420591654 -0.094645198920377302
decision_type=2 10 2 2 2 2
left_child=1 2 -1 4 -2 -6
right_child=3 -3 -4 -5 5 -7
leaf_value=-0.0039092599159560228 0.00043552219702041722 0.0014867994467727737 0.00032038729713042209 -0.00024628153776560938 -0.0028935655975730838 -0.00011460709027012194
leaf_weight=16.707383574219424 836.04125283440226 7.8183131489204234 8.3378594841924478 1262.9991332632635 32.364796695357654 217.31309775015689
leaf_count=640 10742 177 238 14767 325 2252
internal_value=-6.92939e-05 -0.00168065 -0.00281153 -3.97179e-05 0.000200629 -0.00057239
internal_weight=2381.58 32.8636 25.0452 2348.72 1085.72 249.678
internal_count=29141 1055 878 28086 13319 2577
is_linear=0
shrinkage=0.03


Tree=321
num_leaves=7
num_cat=0
split_feature=14 22 34 9 29 8
split_gain=0.169481 0.140758 0.176636 0.161786 0.138768 0.175638
threshold=0.54871700466447615 -0.17127458574862317 -0.18974224726359046 -0.079165344035164106 0.48707108199596411 0.1017392184113864
decision_type=2 2 10 2 10 2
left_child=1 2 4 -4 5 -1
right_child=-2 -3 3 -5 -6 -7
leaf_value=-0.0026394867648408533 -0.0020150137402402454 0.00011113287312271136 -0.0008929545026297236 0.001710164108209365 0.00012240132053345772 0.00049242936271093405
leaf_weight=64.951391796930693 26.635989382863045 2149.3387498070806 33.492605416337028 33.580093768425286 37.698497559526004 16.951691899215803
leaf_count=1239 114 26102 374 334 550 296
internal_value=9.74466e-06 4.13223e-05 -0.000727247 0.000463098 -0.00137902 -0.00200822
internal_weight=2362.65 2336.01 186.674 67.0727 119.602 81.9031
internal_count=29009 28895 2793 708 2085 1535
is_linear=0
shrinkage=0.03


Tree=322
num_leaves=7
num_cat=0
split_feature=60 12 2 23 31 37
split_gain=0.147134 0.179501 0.211599 0.192875 0.160129 0.141169
threshold=-0.058397731817112337 0.63215620960168362 -0.016245551984552971 -0.28602476814494948 -0.91419744491577137 7.8067487717916579
decision_type=2 2 2 2 8 10
left_child=1 -1 3 -3 -5 -2
right_child=5 2 -4 4 -6 -7
leaf_value=0.0011797202497866414 -0.00018233690207071382 -0.0012518027155081347 -0.0019285536782184579 0.0021641671605337532 0.00020472854683428195 -0.0019311556245803557
leaf_weight=152.01866179142962 1912.5647060572519 49.247962769120932 36.569196395576 40.515444155782461 156.04275976493955 32.626406737137586
leaf_count=2403 24705 336 216 232 956 249
internal_value=-0.000109808 0.000383615 -7.06639e-05 0.000270325 0.000693836 -0.000221397
internal_weight=2379.59 434.394 282.375 245.806 196.558 1945.19
internal_count=29097 4143 1740 1524 1188 24954
is_linear=0
shrinkage=0.03


Tree=323
num_leaves=7
num_cat=0
split_feature=23 39 46 8 8 3
split_gain=0.158182 0.186428 0.194512 0.166849 0.336067 0.398767
threshold=0.056053634262864367 3.5000000000000004 52.500000000000007 0.031050070870900535 0.091647342228290143 -0.029706310979729009
decision_type=2 2 8 2 2 2
left_child=3 2 -2 -1 5 -5
right_child=1 -3 -4 4 -6 -7
leaf_value=9.473357535365269e-05 0.00059095065954461058 0.0006313217888422101 -0.0020090334959504243 -0.0014849114199029202 0.00018512441484174028 0.001106502585632736
leaf_weight=1034.1355529151624 42.594905593316071 508.44746918577584 44.529311467311345 329.96081516152481 344.96345471046516 55.860691199399298
leaf_count=14286 355 5563 425 3741 3962 587
internal_value=-7.79273e-06 0.000410912 -0.000807937 -0.000150604 -0.000494373 -0.00109124
internal_weight=2360.49 595.572 87.1242 1764.92 730.785 385.822
internal_count=28919 6343 780 22576 8290 4328
is_linear=0
shrinkage=0.03


Tree=324
num_leaves=7
num_cat=0
split_feature=52 4 52 31 39 59
split_gain=0.140294 0.257745 0.162354 0.131856 0.128346 0.109776
threshold=5.5116732369970016 -0.15921284516775622 5.4785805624389932 2.7316896915435795 6.5000000000000009 -0.32409531718308621
decision_type=2 2 2 10 2 2
left_child=2 3 5 -2 -3 -1
right_child=1 4 -4 -5 -6 -7
leaf_value=0.00054003418396660779 -0.0023561478408942096 0.0025521723428758455 -0.0019946885625489997 0.00062499862375098173 0.00027066373410812236 -4.113885595017206e-05
leaf_weight=337.05766295167268 16.994841342093423 57.626511651324108 25.504171949170996 19.960762703791261 36.915908342474722 1854.0469987413235
leaf_count=3985 167 631 289 299 451 22981
internal_value=7.64736e-05 0.000992343 1.79279e-05 -0.000955762 0.00177242 5.03103e-05
internal_weight=2348.11 131.498 2216.61 36.9556 94.5424 2191.1
internal_count=28803 1548 27255 466 1082 26966
is_linear=0
shrinkage=0.03


Tree=325
num_leaves=7
num_cat=0
split_feature=3 42 57 31 8 9
split_gain=0.132971 0.356755 0.318503 0.211293 0.19608 0.201414
threshold=-0.18602493817889718 1.5000000000000002 6.5000000000000009 -2.6779907420277591 0.093206264621981047 -0.032937180993864439
decision_type=2 2 2 10 2 2
left_child=1 2 3 4 5 -1
right_child=-2 -3 -4 -5 -6 -7
leaf_value=0.0012949710677217848 -8.7997131104614366e-05 0.002141667563316193 0.002180782205860341 -0.00031894528476440547 0.0035015043221692868 -0.0020823245509512516
leaf_weight=40.480799228069372 1695.6346644526784 82.288198817230295 51.737630933988839 484.54039365099743 15.807187868398612 13.307453078101387
leaf_count=657 18969 1019 877 7263 199 165
internal_value=5.50031e-05 0.00040357 0.000136565 -8.95704e-05 0.00134683 0.000263959
internal_weight=2383.8 688.162 605.873 554.136 69.5954 53.7883
internal_count=29149 10180 9161 8284 1021 822
is_linear=0
shrinkage=0.03


Tree=326
num_leaves=7
num_cat=0
split_feature=0 30 10 56 25 28
split_gain=0.146658 0.138564 0.142178 0.197323 0.208364 0.207206
threshold=0.5637599454446881 6.7772393226623544 0.020192893228201465 -74.966626193240756 0.19999323422248552 -2.773900985717773
decision_type=2 10 2 2 2 10
left_child=1 2 -1 4 -4 -5
right_child=-2 -3 3 5 -6 -7
leaf_value=-0.0001532644004211838 0.0022403098944678915 -0.0013893816568350888 -0.0017159106876608904 0.0014653255914659944 0.001272807550786094 0.00024446158643328319
leaf_weight=1372.2736017751158 16.642091909772716 52.720453967340291 67.19439124193741 144.74199139502889 20.616419824014883 685.91140720908879
leaf_count=17503 176 505 931 2101 276 7449
internal_value=2.70333e-05 1.86328e-06 3.97819e-05 0.000326756 -0.000955823 0.000472098
internal_weight=2360.1 2343.46 2290.74 918.464 87.8108 830.653
internal_count=28941 28765 28260 10757 1207 9550
is_linear=0
shrinkage=0.03


Tree=327
num_leaves=7
num_cat=0
split_feature=18 23 37 46 23 0
split_gain=0.158871 0.151992 0.16353 0.156717 0.150359 0.268232
threshold=1.0000000180025095e-35 0.03194616509436355 -1.0962850146202572 238.50000000000003 -0.29784067960771393 0.22311640574959193
decision_type=2 2 8 8 2 2
left_child=4 2 -2 -4 5 -1
right_child=1 -3 3 -5 -6 -7
leaf_value=-0.00079051227656493875 0.00066756256034776885 0.00044484717570107934 -0.000626487952082302 -0.0030032240622756595 0.00013917114299100033 0.0015919628852680782
leaf_weight=339.75393610208994 22.744802271015942 50.452517810743302 56.044367448077537 47.55874332645908 1817.9266329812526 38.998696957423817
leaf_count=5160 278 439 535 455 21707 520
internal_value=-4.59717e-05 -0.0008859 -0.00141094 -0.00188584 2.53385e-05 -0.000510558
internal_weight=2373.48 176.8 126.348 103.603 2196.68 378.753
internal_count=29094 1707 1268 990 27387 5680
is_linear=0
shrinkage=0.03


Tree=328
num_leaves=7
num_cat=0
split_feature=29 31 14 29 35 20
split_gain=0.152959 0.29111 0.2784 0.230801 0.210947 0.210472
threshold=-4.6413476467132559 2.6005110144615178 0.23169081031993113 -3.9135632514953609 1.1276230867952111 -0.1091155291616183
decision_type=10 8 2 10 8 2
left_child=1 -1 -3 5 -4 -2
right_child=3 2 4 -5 -6 -7
leaf_value=0.0020251434110710544 0.001138720722749011 0.000448462677733557 0.00041248698936783011 -4.6499472438920494e-05 -0.0016895688360364419 -0.0019510343959468527
leaf_weight=73.616789947496727 17.537697057006881 636.49217920386582 64.460961058735847 1374.6418678366026 101.77928847074509 93.928316789621022
leaf_count=629 258 10131 306 15913 480 1176
internal_value=2.75343e-05 0.00033973 0.000162148 -0.000157606 -0.000897324 -0.00141118
internal_weight=2362.46 876.349 802.732 1486.11 166.24 111.466
internal_count=28893 11546 10917 17347 786 1434
is_linear=0
shrinkage=0.03


Tree=329
num_leaves=7
num_cat=0
split_feature=28 36 62 7 11 28
split_gain=0.12659 0.172134 0.138863 0.176818 0.130911 0.147863
threshold=3.936851024627686 -0.58502178969016905 -0.73406424965481676 0.067221720646991251 0.1185615240820051 1.4307671189308169
decision_type=10 10 2 2 2 8
left_child=2 -2 3 -1 -4 -6
right_child=1 -3 4 -5 5 -7
leaf_value=0.0019421013019776555 -0.00078996879724236397 0.0018965082551294131 -0.00013166180332018081 -0.0010636146640247374 -6.0720473947754667e-05 0.0021979505858029879
leaf_weight=54.189353061607108 24.6964749279432 57.916512554045767 2112.1998031195253 16.973624247009866 57.029451026581228 37.279872648243327
leaf_count=692 233 479 26303 164 668 354
internal_value=7.51129e-06 0.00109483 -3.65399e-05 0.00118247 -8.1012e-05 0.000957237
internal_weight=2360.29 82.613 2277.67 71.163 2206.51 94.3093
internal_count=28893 712 28181 856 27325 1022
is_linear=0
shrinkage=0.03


Tree=330
num_leaves=7
num_cat=0
split_feature=58 62 58 39 5 28
split_gain=0.160848 0.25321 0.267825 0.22055 0.204936 0.201646
threshold=0.58571428571428574 0.43185904965270666 0.13392857142857145 5.5000000000000009 -0.022629310771724771 -2.433073759078979
decision_type=2 2 2 2 2 8
left_child=1 2 -1 -2 -4 -3
right_child=3 5 4 -5 -6 -7
leaf_value=-2.610428288639897e-05 0.0033301225063105621 0.0013657189590098296 9.5176580113844967e-05 -0.00035975533805621861 0.0021483170463061454 -0.0012032424746680308
leaf_weight=1907.485007637908 20.340631084574852 22.77092716190964 83.331925443315413 24.702436611638404 84.441972055312362 223.51793997752247
leaf_count=23884 193 443 922 254 965 2424
internal_value=5.91206e-06 -3.19543e-05 7.75538e-05 0.00160881 0.00119126 -0.000921705
internal_weight=2366.59 2321.55 2075.26 45.0431 167.774 246.289
internal_count=29085 28638 25771 447 1887 2867
is_linear=0
shrinkage=0.03


Tree=331
num_leaves=7
num_cat=0
split_feature=31 28 5 14 49 0
split_gain=0.137866 0.155569 0.231563 0.296159 0.286131 0.242804
threshold=0.69224226474761974 0.30181254446506506 -0.011802728108489247 0.079724691009794194 1.0000000180025095e-35 -0.045991148544362363
decision_type=10 8 2 2 2 2
left_child=1 -1 3 -3 5 -5
right_child=-2 2 -4 4 -6 -7
leaf_value=-0.0010201840179519448 0.00025553652238559577 -0.0014470332866757273 -0.00057584563113280331 -0.00014650708397212972 -0.0013291427000308737 0.0019823551786583371
leaf_weight=164.05468517227564 1619.1080807303224 45.401511363685131 304.97303005569847 66.124826397746801 33.496850520372391 155.93217211961746
leaf_count=1530 21627 1213 3012 486 219 1077
internal_value=9.88521e-05 -0.000229673 -2.55471e-06 0.000578226 0.000978973 0.00136942
internal_weight=2389.09 769.983 605.928 300.955 255.554 222.057
internal_count=29164 7537 6007 2995 1782 1563
is_linear=0
shrinkage=0.03


Tree=332
num_leaves=7
num_cat=0
split_feature=40 10 42 33 27 2
split_gain=0.170297 0.230964 0.255083 0.319303 0.229064 0.275606
threshold=1.5000000000000002 0.022299581761361213 2.5000000000000004 -4.1148953636487322 0.94627901911735546 -0.037416137556083418
decision_type=2 2 2 10 8 2
left_child=4 2 3 -2 5 -1
right_child=1 -3 -4 -5 -6 -7
leaf_value=0.0001934486225067637 -0.0029409851939314158 0.00030293668037685345 0.00091832133581228829 -0.0006338845642996988 0.00068833266410804671 -0.0010032263310333343
leaf_weight=793.13475744865718 55.241435974021442 314.76651461122674 65.499989862088114 375.13659840397304 557.10606125820777 210.88968013739213
leaf_count=10106 824 3496 655 4571 6750 2618
internal_value=2.3441e-05 -0.000326925 -0.000724825 -0.000990073 0.000206298 -6.53209e-05
internal_weight=2371.78 810.645 495.878 430.378 1561.13 1004.02
internal_count=29020 9546 6050 5395 19474 12724
is_linear=0
shrinkage=0.03


Tree=333
num_leaves=7
num_cat=0
split_feature=3 29 37 57 15 28
split_gain=0.0997533 0.178687 0.131965 0.131391 0.20396 0.21811
threshold=-0.33442794876440579 -5.0188486576080313 3.6544905763418813 1.5000000000000002 1.5000000000000002 0.24740580469369891
decision_type=2 8 8 2 2 10
left_child=1 -1 -3 4 -2 -6
right_child=3 2 -4 -5 5 -7
leaf_value=-0.0024828704664564085 0.00041687425292038556 -0.00071912064411286771 0.0015441268963850981 -0.0001877567560886842 -0.0017643693752099627 0.00054595763949265633
leaf_weight=29.716900566680124 1015.8405970628664 70.131384486332536 22.645143266068771 1083.4658266308834 75.53870315788663 57.98094801325351
leaf_count=614 12438 1222 325 12521 1172 634
internal_value=1.14402e-06 -0.00079874 -7.02095e-05 4.83915e-05 0.0002707 -0.000792973
internal_weight=2355.32 122.493 92.7765 2232.83 1149.36 133.52
internal_count=28926 2161 1547 26765 14244 1806
is_linear=0
shrinkage=0.03


Tree=334
num_leaves=7
num_cat=0
split_feature=57 57 26 20 27 24
split_gain=0.159704 0.244049 0.349791 0.247844 0.213936 0.187147
threshold=5.5000000000000009 1.5000000000000002 -3.4908951520919795 0.078711764565629019 -0.47999110817909235 1.5000000000000002
decision_type=2 2 10 2 8 2
left_child=1 4 -3 -4 -1 -2
right_child=5 2 3 -5 -6 -7
leaf_value=0.0010926597586544595 0.0017810029493851892 0.0011381664798472491 -0.00095777261089559937 0.00054560464493942369 4.1228368873626223e-05 0.00022981979929024006
leaf_weight=199.30235278284817 85.408994117635302 98.217566678940784 562.81310422427487 112.3982406044961 1042.708861904277 277.28197608017945
leaf_count=3261 1071 1281 6244 1304 12472 3524
internal_value=6.2547e-05 -4.27444e-05 -0.000457826 -0.000703204 0.000217329 0.00063309
internal_weight=2378.13 2015.44 773.429 675.211 1242.01 362.691
internal_count=29157 24562 8829 7548 15733 4595
is_linear=0
shrinkage=0.03


Tree=335
num_leaves=7
num_cat=0
split_feature=14 27 36 52 11 52
split_gain=0.154207 0.313227 0.241993 0.186473 0.166911 0.160189
threshold=0.34418158658302395 2.1703000047069643e-14 0.10954006180011976 5.5674706565789913 0.11541475028367247 3.2080875396860176
decision_type=2 10 10 2 2 2
left_child=3 -2 -3 4 5 -1
right_child=1 2 -4 -5 -6 -7
leaf_value=0.00041255850945375196 -0.0019805472582617644 -0.0012838586167337577 0.0012379470434150336 0.0012828124630961076 0.0011319498296386613 -0.00022509804503939948
leaf_weight=452.47055349210859 94.565816521644592 47.539349928498268 75.105191186070442 94.847093442687765 98.44237914273981 1512.357670645797
leaf_count=5961 397 200 316 1177 1112 19921
internal_value=-2.94497e-05 -0.000772915 0.000237351 4.85983e-05 -1.40513e-05 -7.69098e-05
internal_weight=2375.33 217.21 122.645 2158.12 2063.27 1964.83
internal_count=29084 913 516 28171 26994 25882
is_linear=0
shrinkage=0.03


Tree=336
num_leaves=7
num_cat=0
split_feature=30 26 27 2 2 46
split_gain=0.148971 0.207062 0.259987 0.191087 0.280585 0.379981
threshold=-4.4536819458007804 0.1845023259520531 0.11685854569077493 0.035388068549968198 -0.045126029248445949 60.500000000000007
decision_type=10 10 10 2 2 8
left_child=1 2 3 4 5 -1
right_child=-2 -3 -4 -5 -6 -7
leaf_value=-0.00058761581085674925 -0.00011889389375232881 0.0012654373045615835 -0.0011738198743343031 0.0024682516515938955 -0.0017544060410299776 0.0014592521979672249
leaf_weight=139.31325040746015 1704.2403133386688 174.09561908958131 104.99585171754006 28.144580499269068 45.442566595273092 173.60306257012417
leaf_count=2114 18695 2552 1683 384 806 2783
internal_value=2.99308e-05 0.000407112 8.39115e-05 0.000446569 0.000225095 0.000557991
internal_weight=2369.84 665.595 491.499 386.503 358.359 312.916
internal_count=29017 10322 7770 6087 5703 4897
is_linear=0
shrinkage=0.03


Tree=337
num_leaves=7
num_cat=0
split_feature=43 56 46 29 3 31
split_gain=0.17438 0.271274 0.214734 0.149509 0.227046 0.226142
threshold=1.5000000000000002 24.286910355388581 20.500000000000004 -5.2713592052459708 -0.29504535991373265 2.6426282227039342
decision_type=2 2 10 8 2 10
left_child=3 2 -2 4 -1 -6
right_child=1 -3 -4 -5 5 -7
leaf_value=-0.00140149891209114 0.0037862899430191848 -0.0010079163507620205 0.00045425184972011228 -0.00017924183332732559 0.0024795424538637582 0.00036029592222958318
leaf_weight=48.679396855150117 27.845474877394736 28.228413867764175 38.061970653478056 1709.8120451063878 40.892186827259138 472.34649966834695
leaf_count=949 210 229 310 20634 344 6284
internal_value=1.51821e-05 0.00121567 0.00217536 -3.96736e-05 0.000380715 0.000573308
internal_weight=2365.87 94.1359 65.9074 2271.73 561.918 513.239
internal_count=28960 749 520 28211 7577 6628
is_linear=0
shrinkage=0.03


Tree=338
num_leaves=7
num_cat=0
split_feature=58 37 36 28 25 25
split_gain=0.168216 0.160771 0.137601 0.137259 0.0991296 0.209113
threshold=0.63333333333333341 -6.0122673093444758 -1.6686408275945317 0.72805508971214306 -0.14371426120886729 -0.21055096221997913
decision_type=2 8 10 8 2 2
left_child=1 2 -1 -2 5 -3
right_child=3 4 -4 -5 -6 -7
leaf_value=-0.00040974263452366538 -3.803487605709771e-05 -3.1337624230974272e-05 0.0022077204427725797 0.0029924711721579485 -0.00021277146471745915 0.0013792685038429098
leaf_weight=23.771606837282889 23.852472822065465 507.31242882306105 41.037767514877487 20.128116183564998 1654.8571914449567 106.14037616812857
leaf_count=650 265 6311 979 172 19556 1173
internal_value=-9.44547e-06 -4.75508e-05 0.00132122 0.00164633 -9.22862e-05 0.000230936
internal_weight=2377.1 2333.12 64.8094 43.9806 2268.31 613.453
internal_count=29106 28669 1629 437 27040 7484
is_linear=0
shrinkage=0.03


Tree=339
num_leaves=7
num_cat=0
split_feature=62 3 58 36 59 46
split_gain=0.196596 0.172267 0.167971 0.31825 0.28081 0.245231
threshold=-0.73406424965481676 -0.17989246777593096 0.13392857142857145 -2.7806727744782198 0.30161928689962514 15.500000000000002
decision_type=2 2 2 8 2 10
left_child=1 -1 3 -2 5 -4
right_child=2 -3 4 -5 -6 -7
leaf_value=0.0031062432541757814 -0.0019645408521523845 0.00029529031537838283 0.0031913704439860461 -5.161974428888633e-05 0.00012211457976404134 7.2821992362427814e-05
leaf_weight=24.295792091055773 71.889642725407612 51.49009100854164 47.389018959744135 1788.7842940507689 367.63302530540386 38.327539824647829
leaf_count=323 1102 556 524 22091 4173 436
internal_value=4.32299e-05 0.00145349 -9.01235e-06 -0.000135635 0.000502393 0.00195023
internal_weight=2389.81 75.7859 2314.02 1860.67 453.35 85.7166
internal_count=29205 879 28326 23193 5133 960
is_linear=0
shrinkage=0.03


Tree=340
num_leaves=7
num_cat=0
split_feature=23 0 12 16 3 7
split_gain=0.161764 0.202668 0.239253 0.188005 0.206696 0.169407
threshold=0.056053634262864367 -0.10578613248612527 1.2173076213701333 1.0000000180025095e-35 -0.052461119096686167 0.027163452021187577
decision_type=2 2 2 2 2 2
left_child=3 2 -2 5 -5 -1
right_child=1 -3 -4 4 -6 -7
leaf_value=0.00022833620844710215 0.00025138442943315451 0.00076714979144038194 -0.0022665403295190948 -0.0014580662706704392 0.00069198573286584971 -0.00042306461727953333
leaf_weight=1015.096922511133 113.34708198450971 450.13038173181121 37.514037691056728 155.17032055393793 46.532202420581598 543.23907405557111
leaf_count=13998 1798 4356 206 2288 527 5734
internal_value=3.14652e-05 0.000452222 -0.000476715 -0.000113952 -0.000952798 6.92929e-09
internal_weight=2361.03 600.992 150.861 1760.04 201.703 1558.34
internal_count=28907 6360 2004 22547 2815 19732
is_linear=0
shrinkage=0.03


Tree=341
num_leaves=7
num_cat=0
split_feature=10 8 12 2 43 62
split_gain=0.166631 0.234884 0.198278 0.230503 0.22335 0.321736
threshold=0.012875105338428205 -0.07294428779198546 0.17203562411664788 -0.072185504654205909 1.0000000180025095e-35 0.093272578858687963
decision_type=2 2 2 2 2 2
left_child=-1 -2 3 -3 -4 -6
right_child=1 2 4 -5 5 -7
leaf_value=-0.0001759599122121877 -0.00078440322343201088 0.00050968843943505454 0.00042693287345301465 -0.0015300342070864348 0.00067483133085000004 0.0034844884060611634
leaf_weight=1304.9350780740206 138.93445189637714 110.29833580854756 574.4396169167012 76.020508981862804 114.57810155674815 48.946774180978537
leaf_count=16650 2388 2741 4277 1905 774 330
internal_value=5.06632e-05 0.000327856 0.000501652 -0.000358089 0.000720602 0.00166817
internal_weight=2368.15 1063.22 924.283 186.319 737.964 163.525
internal_count=29065 12415 10027 4646 5381 1104
is_linear=0
shrinkage=0.03


Tree=342
num_leaves=7
num_cat=0
split_feature=62 57 22 31 39 29
split_gain=0.194396 0.167826 0.291543 0.3124 0.321912 0.236957
threshold=-0.73406424965481676 1.5000000000000002 0.2402959944777163 -3.3264520764350887 2.5000000000000004 -6.3393311500549308
decision_type=2 2 2 8 2 10
left_child=-1 -2 3 -3 -5 -6
right_child=1 2 -4 4 5 -7
leaf_value=0.0014309467294293596 0.00018646498449734441 0.0018130042597507118 0.0023088351435727929 -0.0018008697373883414 0.000585871336773133 -0.00057644109135983096
leaf_weight=72.559131906426046 1234.561394420205 44.212621454615146 26.741347497678362 142.96926189871738 198.90829806780675 647.11830521275988
leaf_count=873 15659 356 376 1599 2545 7585
internal_value=6.0913e-07 -5.06354e-05 -0.000325956 -0.000415628 -0.000532409 -0.000299519
internal_weight=2367.07 2294.51 1059.95 1033.21 988.996 846.027
internal_count=28993 28120 12461 12085 11729 10130
is_linear=0
shrinkage=0.03


Tree=343
num_leaves=7
num_cat=0
split_feature=4 35 29 28 56 9
split_gain=0.159603 0.131444 0.194702 0.251304 0.168749 0.166803
threshold=-0.26395813641143168 -1.3908272945218614 -2.1996616125106807 1.0291944146156313 -36.443879439617213 -0.048459337465090596
decision_type=2 8 8 8 2 2
left_child=-1 2 3 5 -5 -2
right_child=1 -3 -4 4 -6 -7
leaf_value=0.0016388712442889518 -0.001521504468293392 -0.00017152678710863261 -0.00014170793518136155 -0.00018170832048438874 0.0027938019412872615 0.00071002460889516244
leaf_weight=41.644031139556319 29.794594723760383 1781.8780697722541 305.23429877322633 20.46523921051994 68.342736411490478 115.43769417356816
leaf_count=693 677 21042 3854 238 702 1731
internal_value=-1.07611e-05 -4.72607e-05 0.000358989 0.000991043 0.00215912 0.0001837
internal_weight=2362.8 2321.15 539.275 234.04 88.808 145.232
internal_count=28937 28244 7202 3348 940 2408
is_linear=0
shrinkage=0.03


Tree=344
num_leaves=7
num_cat=0
split_feature=12 52 23 30 1 9
split_gain=0.138731 0.25387 0.28869 0.258339 0.24248 0.288477
threshold=1.5211808536821372 5.2948482013347258 0.056053634262864367 2.3697137832641606 0.048838777233250801 0.089100826128745897
decision_type=2 2 2 8 2 2
left_child=1 2 -1 -3 5 -2
right_child=4 3 -4 -5 -6 -7
leaf_value=-0.0005412047880400966 0.0012940275815650655 0.00010398070596394981 0.00034368094143673701 0.0022729141866433852 -0.00093283544092842249 -0.00079337259421072531
leaf_weight=1296.0891031282517 238.5298899486661 179.50689812943165 437.12908223507111 58.755317907198332 84.215221524238586 70.896830275654793
leaf_count=18701 1177 2455 5182 703 391 334
internal_value=-8.7438e-05 -0.000190369 -0.000317339 0.000708847 0.000420016 0.000805891
internal_weight=2365.12 1971.48 1733.22 238.262 393.642 309.427
internal_count=28943 27041 23883 3158 1902 1511
is_linear=0
shrinkage=0.03


Tree=345
num_leaves=7
num_cat=0
split_feature=22 14 35 33 1 9
split_gain=0.0984002 0.123481 0.121573 0.142796 0.235651 0.176089
threshold=0.20472838845710067 0.24336170466161366 -5.8057200601085635 -2.4343761422981816 -0.049976537998411896 -0.0900270928577942
decision_type=2 2 8 8 2 2
left_child=2 -2 -1 4 -4 -6
right_child=1 -3 3 -5 5 -7
leaf_value=0.0015224973431602782 0.0012996236868625334 -0.00090559667250481848 0.00058479245336509351 -4.5002918090930266e-05 0.00095949877652421378 -0.0017761453335955457
leaf_weight=30.924314326664899 83.707944321387913 22.361639067530632 69.105653676466318 1994.7249998658372 18.152920818887651 141.77475377803785
leaf_count=482 1294 102 1278 23852 301 1604
internal_value=-5.55662e-05 0.00079675 -9.90038e-05 -0.000128268 -0.000821228 -0.00142744
internal_weight=2360.75 106.07 2254.68 2223.76 229.033 159.928
internal_count=28913 1396 27517 27035 3183 1905
is_linear=0
shrinkage=0.03


Tree=346
num_leaves=7
num_cat=0
split_feature=3 34 36 3 8 3
split_gain=0.120222 0.291694 0.260432 0.278838 0.269066 0.24216
threshold=-0.13207999961434044 0.68634541829427087 1.2886690916888641 -0.13500852777754943 0.031050070870900535 -0.05448529814257571
decision_type=2 10 10 2 2 2
left_child=1 2 3 4 -1 -2
right_child=5 -3 -4 -5 -6 -7
leaf_value=9.8767036115288912e-05 -0.00059350224257719096 0.00096435322216790391 0.00089844605495981817 0.0022943876952513753 -0.0010331103626631964 0.00031994906792165618
leaf_weight=412.09024481396773 613.63435614766786 336.16254160914104 196.72929649488651 25.871606373228133 336.72985726999468 441.02689338303753
leaf_count=7070 6847 3313 2514 296 4360 4645
internal_value=2.50889e-05 0.000216563 -4.94009e-05 -0.000298484 -0.000417123 -0.000212108
internal_weight=2362.24 1307.58 971.421 774.692 748.82 1054.66
internal_count=29045 17553 14240 11726 11430 11492
is_linear=0
shrinkage=0.03


Tree=347
num_leaves=7
num_cat=0
split_feature=24 23 62 62 47 25
split_gain=0.145105 0.20593 0.132286 0.184984 0.14255 0.157356
threshold=7.5000000000000009 -0.44192729517884305 -0.59908568513228022 -0.19482401840034888 4.5000000000000009 -0.020600772979598666
decision_type=2 2 2 2 8 2
left_child=2 -2 -1 -4 5 -5
right_child=1 -3 3 4 -6 -7
leaf_value=0.00083283097150061455 -0.0011604288841477479 0.0012644513431613318 -0.0007024360307717433 0.00046625805113738566 5.7305757037835307e-05 -0.0022793065966375038
leaf_weight=121.99940010288265 31.330365492613055 142.60081870853901 418.32833395616035 25.61842758039711 1586.5595646190341 39.457104520406574
leaf_count=1428 508 1735 4929 312 19537 525
internal_value=-2.1286e-05 0.000788313 -8.88155e-05 -0.000146878 -2.78549e-06 -0.00128032
internal_weight=2365.89 173.931 2191.96 2069.96 1651.64 65.0755
internal_count=28974 2243 26731 25303 20374 837
is_linear=0
shrinkage=0.03


Tree=348
num_leaves=7
num_cat=0
split_feature=29 47 4 52 52 46
split_gain=0.13838 0.293968 0.216483 0.251972 0.193304 0.189291
threshold=7.1084141731262216 10.500000000000002 -0.16185564234216762 4.1891041807993874 3.2580117037813596 14.500000000000002
decision_type=8 8 2 2 2 8
left_child=5 2 -2 4 -4 -1
right_child=1 -3 3 -5 -6 -7
leaf_value=0.00099147404215105066 -0.003297413062066502 0.00033442063423766579 -0.00030602967368120287 0.00054103409947519037 -0.003866577127753281 -5.567020705226646e-05
leaf_weight=158.95642630069051 36.668432068428956 134.2265611270559 29.086422977503389 59.916980775538832 19.625979408621788 1922.8795758570195
leaf_count=1955 555 1676 340 678 236 23551
internal_value=-5.66873e-05 -0.000671232 -0.00156197 -0.000747583 -0.00215479 2.86409e-05
internal_weight=2361.36 279.524 145.298 108.629 48.7124 2081.84
internal_count=28991 3485 1809 1254 576 25506
is_linear=0
shrinkage=0.03


Tree=349
num_leaves=7
num_cat=0
split_feature=11 5 12 14 12 31
split_gain=0.199337 0.156364 0.143067 0.134958 0.119978 0.136198
threshold=0.11541475028367247 0.072618382624780639 0.70736176305224119 0.028557834561282684 -0.45952914139485451 6.7624967098236093
decision_type=2 2 2 2 2 8
left_child=3 -2 -3 -1 5 -5
right_child=1 2 -4 4 -6 -7
leaf_value=-0.0011237788504981046 0.0024521120452934138 0.0015376302261939012 -0.00088669786772274043 -0.00011212462297957663 -1.3602975928945885e-05 0.0021023890885934322
leaf_weight=84.434098113808432 43.379177019756753 30.433918200433254 38.253200113773346 45.872437799349427 2087.7673423290253 42.506590459495783
leaf_count=6432 466 510 221 1192 19111 1099
internal_value=5.02566e-05 0.00123112 0.000246373 -1.34478e-05 3.45762e-05 0.0010584
internal_weight=2372.65 112.066 68.6871 2260.58 2176.15 88.379
internal_count=29031 1197 731 27834 21402 2291
is_linear=0
shrinkage=0.03


Tree=350
num_leaves=7
num_cat=0
split_feature=10 10 12 1 30 14
split_gain=0.145041 0.331624 0.4107 0.203982 0.193626 0.208949
threshold=-0.068081507655543633 -0.10849158720022237 0.92658541670047612 -0.025739084591239945 -4.4536819458007804 0.043015923317448725
decision_type=2 2 2 2 10 2
left_child=1 2 -1 -3 5 -2
right_child=4 3 -4 -5 -6 -7
leaf_value=-0.00068553844379916308 -0.00090083462249508791 -0.0001551209206599221 0.0026745931237273906 -0.0020456227915893223 -7.8579032824532258e-05 0.00077588954777735005
leaf_weight=75.997721131105209 68.27058567754284 89.108795486245072 43.785785987973213 117.20952707141987 1470.2714443276054 508.70445327460766
leaf_count=1479 3800 1449 264 1441 15822 4858
internal_value=1.04618e-05 -0.000567376 0.000654169 -0.00127403 0.000104815 0.000565524
internal_weight=2373.35 326.102 119.784 206.318 2047.25 576.975
internal_count=29113 4633 1743 2890 24480 8658
is_linear=0
shrinkage=0.03


Tree=351
num_leaves=7
num_cat=0
split_feature=24 14 22 23 45 14
split_gain=0.123335 0.233299 0.170754 0.133836 0.132234 0.284177
threshold=7.5000000000000009 0.25872293159897336 -0.05745798193042901 -0.38308177873293564 0.15476190476190479 0.12583873758014394
decision_type=2 2 2 2 10 2
left_child=4 2 -2 -4 5 -1
right_child=1 -3 3 -5 -6 -7
leaf_value=-0.0003776582169306539 -0.00069285072645065512 -0.0014658529188786135 -0.00022196443784439979 0.0022010791984185263 -0.00031260043668157746 0.00050272512236016408
leaf_weight=528.00152868282748 26.822595134493895 25.493384048342705 23.414718449057546 93.97881831752602 832.88098131975858 845.73370839655399
leaf_count=10788 444 118 397 1226 10983 5103
internal_value=4.50237e-05 0.000800782 0.00127053 0.0017383 -1.64516e-05 0.000164062
internal_weight=2376.33 169.71 144.216 117.394 2206.62 1373.74
internal_count=29059 2185 2067 1623 26874 15891
is_linear=0
shrinkage=0.03


Tree=352
num_leaves=7
num_cat=0
split_feature=24 23 62 20 33 56
split_gain=0.202291 0.144064 0.136757 0.131687 0.127215 0.132771
threshold=7.5000000000000009 0.87099810360961794 0.48219415816700645 -0.1128229010464465 0.55230838060379039 54.880878438748695
decision_type=2 2 2 2 10 2
left_child=1 -1 3 -2 5 -5
right_child=2 -3 -4 4 -6 -7
leaf_value=-0.00010463498738417911 -0.00081341903244746595 0.0015821884586746759 -0.0010295175732024976 0.0027884602493652199 0.00027344992030628945 -6.6581835166399042e-05
leaf_weight=2162.6258719428442 17.359419249929488 36.561785260098986 19.0869231337565 66.369265421992168 47.24663105251966 17.57396858301945
leaf_count=26433 253 379 239 935 567 198
internal_value=8.7964e-06 -6.95564e-05 0.000982743 0.00128992 0.00160614 0.00224728
internal_weight=2366.82 2199.19 167.636 148.549 131.19 83.9432
internal_count=29004 26812 2192 1953 1700 1133
is_linear=0
shrinkage=0.03


Tree=353
num_leaves=7
num_cat=0
split_feature=20 34 13 52 9 35
split_gain=0.17599 0.15429 0.161395 0.131655 0.172975 0.168175
threshold=-0.22897997413206103 -2.3655136922995248 2.249904835165133 5.5194522185044432 0.065303883610993305 0.49843954001412255
decision_type=2 8 2 2 2 8
left_child=1 -1 -3 5 -5 -2
right_child=3 2 -4 4 -6 -7
leaf_value=0.00044811526370394704 0.00023977571065515518 -5.4027480128126042e-05 -0.0028177698031509532 3.0883249136459586e-05 0.0023593764683116237 -0.00028722348148287378
leaf_weight=33.171196734183468 1051.0547101633128 29.709038847824559 44.87998468382284 69.872621320653707 39.06445667729713 1110.6515622081643
leaf_count=743 13237 332 700 892 396 12719
internal_value=-3.62891e-05 -0.00116711 -0.00185349 2.22595e-05 0.00099404 -3.10642e-05
internal_weight=2378.4 107.76 74.589 2270.64 108.937 2161.71
internal_count=29019 1775 1032 27244 1288 25956
is_linear=0
shrinkage=0.03


Tree=354
num_leaves=7
num_cat=0
split_feature=42 0 22 33 12 11
split_gain=0.176176 0.299353 0.142173 0.292143 0.210285 0.199429
threshold=2.5000000000000004 0.059941397577958584 0.078804000594955598 -2.2493744790554042 0.53663709009109106 -0.019357306036584081
decision_type=2 2 2 10 2 2
left_child=2 -2 -1 4 -4 -5
right_child=1 -3 3 5 -6 -7
leaf_value=-0.00013701239025251823 0.0021407747218374486 -0.0010811812580716681 0.00070513938137155914 -0.00034073590358770243 -0.0023661462252126215 0.0013458612330535821
leaf_weight=1891.1810629964457 72.952709005214274 30.440407987684011 27.563669759896584 81.956384075980168 39.532599188387394 221.58404665719718
leaf_count=23282 753 244 705 985 270 2675
internal_value=2.65272e-05 0.00118049 -3.11873e-05 0.000498201 -0.00117663 0.000894134
internal_weight=2365.21 103.393 2261.82 370.637 67.0963 303.54
internal_count=28914 997 27917 4635 975 3660
is_linear=0
shrinkage=0.03


Tree=355
num_leaves=7
num_cat=0
split_feature=58 46 62 58 24 4
split_gain=0.144863 0.246902 0.221231 0.257173 0.183362 0.166273
threshold=0.29285714285714287 54.500000000000007 0.39929903259246352 0.13392857142857145 7.5000000000000009 -0.26395813641143168
decision_type=2 8 2 2 2 2
left_child=2 -2 3 4 5 -1
right_child=1 -3 -4 -5 -6 -7
leaf_value=0.0017162315459360717 0.0020225958305009339 -3.2591866265605865e-05 -0.0012808567824731793 0.0012636903737005235 0.00090654856115190659 -0.00023687872078361567
leaf_weight=30.23099296039436 71.127542858128436 148.78083421036717 124.13598091114545 120.94569123460678 137.62290982442209 1741.0902135587094
leaf_count=516 721 1588 1528 1402 1786 21473
internal_value=-2.48933e-05 0.000691203 -0.000100857 -2.27699e-05 -0.000110437 -0.000194098
internal_weight=2373.93 219.908 2154.03 2029.89 1908.94 1771.32
internal_count=29014 2309 26705 25177 23775 21989
is_linear=0
shrinkage=0.03


Tree=356
num_leaves=7
num_cat=0
split_feature=20 33 12 20 2 3
split_gain=0.20826 0.302931 0.150521 0.15902 0.162251 0.151002
threshold=-0.14022137780524666 -3.0466334021960688 1.6688795427895509 -0.3673851886144362 -0.15246427199250287 -0.31709521807708602
decision_type=2 8 2 2 2 2
left_child=1 -1 3 -3 5 -5
right_child=-2 2 -4 4 -6 -7
leaf_value=0.0023000965193002531 9.5022375127358266e-05 0.0014490335902378982 -0.0028443454573393811 0.00026874653311495994 -0.00037365843299979175 -0.0027692934219718263
leaf_weight=17.683821620477829 2084.7571856421564 18.819126647082157 26.833019316196442 17.18405698845163 158.98554501813487 51.474238317430718
leaf_count=304 24803 359 127 379 2123 921
internal_value=-1.10486e-05 -0.000748914 -0.00102043 -0.000718691 -0.000951329 -0.00207142
internal_weight=2375.74 290.98 273.296 246.463 227.644 68.6583
internal_count=29016 4213 3909 3782 3423 1300
is_linear=0
shrinkage=0.03


Tree=357
num_leaves=7
num_cat=0
split_feature=31 29 31 60 45 52
split_gain=0.186147 0.213093 0.145029 0.232086 0.197476 0.12356
threshold=-3.0769131779670711 6.6498911380767831 -1.4681209325790403 -0.069324935627928061 0.19090909090909094 1.0000000180025095e-35
decision_type=8 10 8 2 8 2
left_child=1 -1 3 -2 -5 -4
right_child=2 -3 5 4 -6 -7
leaf_value=0.0020127505930690988 0.0011595107823106536 -0.00071763750698385792 0.00054679042704049445 0.00044279021978369995 -0.0023831042950236952 -9.1879799684539419e-05
leaf_weight=71.553912199800834 27.029547967482358 31.422450792742893 309.91226222284604 26.689049059059471 72.360078860307112 1834.4312209097843
leaf_count=560 210 286 4190 203 621 22978
internal_value=1.17036e-06 0.00118982 -5.77226e-05 -0.00100744 -0.00165088 2.53395e-06
internal_weight=2373.4 102.976 2270.42 126.079 99.0491 2144.34
internal_count=29048 846 28202 1034 824 27168
is_linear=0
shrinkage=0.03


Tree=358
num_leaves=7
num_cat=0
split_feature=14 8 33 47 14 42
split_gain=0.184247 0.150907 0.145705 0.144892 0.170357 0.141447
threshold=0.48282597936324062 -0.18683575907459973 0.80352658033370983 4.5000000000000009 0.10621980043636091 2.5000000000000004
decision_type=2 2 10 8 2 2
left_child=1 2 -1 4 -3 -5
right_child=-2 3 -4 5 -6 -7
leaf_value=-0.002081660005208793 -0.0016770191994255469 0.00049993586310228763 0.00083364019688113951 -1.0417858090520216e-05 -0.0020019636770264339 0.0011505286815015471
leaf_weight=49.102546187816188 54.660201951861382 33.299245127942413 14.710144193202721 2068.2558058758441 57.15987691283226 88.964176760753617
leaf_count=1482 227 798 325 24890 382 846
internal_value=-9.74109e-05 -5.29947e-05 -0.00138773 -9.12204e-06 -0.00112289 4.25477e-05
internal_weight=2366.15 2311.49 63.8127 2247.68 90.4591 2157.22
internal_count=28950 28723 1807 26916 1180 25736
is_linear=0
shrinkage=0.03


Tree=359
num_leaves=7
num_cat=0
split_feature=29 0 31 1 33 28
split_gain=0.111669 0.221437 0.203247 0.146872 0.140032 0.139496
threshold=7.1084141731262216 0.035083606160400745 -3.9655054211616512 -0.017865762496966361 -4.5959437688191729 -2.9223004579544063
decision_type=10 2 8 2 8 8
left_child=2 3 -1 -2 -4 -6
right_child=1 -3 4 -5 5 -7
leaf_value=0.0018663079761179018 -0.00016030960202315355 0.00089979705151267859 -0.0016082618811155247 -0.0035852016861929684 0.00089785475289838547 -5.0939980662298221e-05
leaf_weight=42.45937811024487 19.110968532389961 24.115499845473096 39.036462352320086 21.378018241142854 139.44458520492481 2078.5096772924735
leaf_count=311 248 237 654 238 2873 24374
internal_value=-1.66944e-05 -0.001159 2.02788e-05 -0.00232057 -2.25288e-05 1.24737e-05
internal_weight=2364.05 64.6045 2299.45 40.489 2256.99 2217.95
internal_count=28935 723 28212 486 27901 27247
is_linear=0
shrinkage=0.03


Tree=360
num_leaves=7
num_cat=0
split_feature=0 45 46 10 1 1
split_gain=0.141704 0.139257 0.542562 0.248825 0.208819 0.294006
threshold=0.5637599454446881 0.21111111111111114 28.500000000000004 0.010216498429617629 -0.059673990366743222 0.0019109119514537584
decision_type=2 8 10 2 2 2
left_child=1 2 3 -1 -4 -6
right_child=-2 -3 4 -5 5 -7
leaf_value=0.00047791979594609586 0.0021215660093536893 -0.00018217124102069799 0.00081626558981801468 0.0025473705505883746 -0.0017461628953522213 0.00018781973674199053
leaf_weight=111.17394257267006 17.31033579754876 1789.7357877737377 92.620661242573988 99.397362420451827 129.56582221778808 139.92475179664325
leaf_count=1181 172 23125 1146 938 1309 1203
internal_value=-2.72468e-05 -5.18682e-05 0.00035149 0.00152598 -0.000354142 -0.00077121
internal_weight=2379.73 2362.42 572.683 210.571 362.111 269.491
internal_count=29074 28902 5777 2119 3658 2512
is_linear=0
shrinkage=0.03


Tree=361
num_leaves=7
num_cat=0
split_feature=26 2 11 2 56 33
split_gain=0.153847 0.13499 0.355193 0.224521 0.219734 0.179236
threshold=-7.4371142387390128 -0.030951818371168029 -1.0000000180025095e-35 0.0035323926537009658 -25.314329894695046 -2.6781713714202242
decision_type=8 2 2 2 2 10
left_child=-1 -2 4 -4 -3 -5
right_child=1 2 3 5 -6 -7
leaf_value=0.001981756070385865 0.00010692956970373382 -0.00094712609856621797 -0.0017138794249475229 0.0015019048448836737 0.0024182138031854043 -0.00059991665801025276
leaf_weight=25.724613857339136 1905.8446938388952 19.016303321463056 145.8196131051227 35.084306452481542 45.548590819700621 184.90527970157564
leaf_count=431 23486 252 1932 427 495 2052
internal_value=2.79238e-05 -1.94521e-06 -0.00047556 -0.000841572 0.00143293 -0.000213986
internal_weight=2361.94 2336.22 430.374 365.809 64.5649 219.99
internal_count=29075 28644 5158 4411 747 2479
is_linear=0
shrinkage=0.03


Tree=362
num_leaves=7
num_cat=0
split_feature=23 8 8 52 12 52
split_gain=0.131481 0.149221 0.162852 0.123922 0.179823 0.216818
threshold=0.6592022477070093 0.066767145187295915 0.00092776988620146838 3.0368918406528054 2.217526270536363 5.2948482013347258
decision_type=2 2 2 2 2 2
left_child=3 2 -2 -1 5 -5
right_child=1 -3 -4 4 -6 -7
leaf_value=0.00033477567788888781 0.0012817165874135744 0.0022883675359905687 -0.0016383837726094651 -0.00039531458955188812 0.0012676397568048296 0.00051031589262627867
leaf_weight=522.36225416621892 27.445597437385004 36.412745033740066 21.789946550503373 1440.0712312949909 63.647149413824081 275.68713712418685
leaf_count=6367 335 367 236 18290 275 3286
internal_value=-2.24173e-05 0.00106766 -6.90378e-05 -6.74218e-05 -0.000186702 -0.000247685
internal_weight=2387.42 85.6483 49.2355 2301.77 1779.41 1715.76
internal_count=29156 938 571 28218 21851 21576
is_linear=0
shrinkage=0.03


Tree=363
num_leaves=7
num_cat=0
split_feature=4 7 27 28 45 57
split_gain=0.11355 0.132619 0.0891 0.191367 0.128232 0.115112
threshold=-0.26395813641143168 -0.0017193675664304081 2.831257820129395 0.84631505608558666 0.84523809523809534 3.5000000000000004
decision_type=2 2 10 10 8 2
left_child=1 -1 5 4 -4 -2
right_child=2 -3 3 -5 -6 -7
leaf_value=-0.00039896358825817487 9.3460775588640122e-05 0.0026122371230494646 0.0016788524812540002 -0.0018128569271630918 -0.00085509537157700142 -0.00037721128940193576
leaf_weight=19.212945167440921 1580.9893336194655 20.272187647758983 26.047761839348823 67.188064550980926 26.989633832243271 652.52800098687294
leaf_count=373 19276 300 364 667 396 7909
internal_value=-6.02675e-05 0.00136249 -8.97981e-05 -0.000852688 0.000458287 -4.51157e-05
internal_weight=2393.23 39.4851 2353.74 120.225 53.0374 2233.52
internal_count=29285 673 28612 1427 760 27185
is_linear=0
shrinkage=0.03


Tree=364
num_leaves=7
num_cat=0
split_feature=60 37 28 14 29 52
split_gain=0.177604 0.369054 0.190868 0.15877 0.266162 0.162339
threshold=0.18987847554746051 4.2356278277026922 1.191333055496216 0.41698071584284324 -1.217168867588043 1.0000000180025095e-35
decision_type=2 10 10 2 8 2
left_child=3 2 -2 5 -5 -1
right_child=1 -3 -4 4 -6 -7
leaf_value=0.00062402848240936408 -0.00082340841613299436 0.0038143879162260948 0.0015632605165781523 0.00034617333868638489 -0.0024927269913208208 -0.00011575072736155588
leaf_weight=302.08231208796497 64.38006175076589 22.917504145763814 40.83692994620651 53.026819080114365 51.946743994951248 1836.8639710540738
leaf_count=4132 665 167 367 218 214 23246
internal_value=-3.29102e-06 0.00104092 0.00015819 -6.7272e-05 -0.00115329 -8.85438e-06
internal_weight=2372.05 128.134 105.217 2243.92 104.974 2138.95
internal_count=29009 1199 1032 27810 432 27378
is_linear=0
shrinkage=0.03


Tree=365
num_leaves=7
num_cat=0
split_feature=0 30 60 30 62 36
split_gain=0.187572 0.275161 0.114833 0.25191 0.159598 0.095734
threshold=0.43128405499265698 -0.61560413241386402 0.20715250849433256 -1.5694435834884641 0.68034269734319863 -2.7806727744782198
decision_type=2 8 2 10 2 8
left_child=2 -2 5 -4 -5 -1
right_child=1 -3 3 4 -6 -7
leaf_value=-0.001030292648605588 -0.00087943251699797468 0.0031018686448199355 -0.0011192928010106391 0.0029634160524437798 0.0003360621723635788 -6.5484107795855939e-05
leaf_weight=86.90142032156291 19.743188019609079 30.122933720936999 33.742756225925405 34.977654890157282 44.154022859875113 2120.2141962498281
leaf_count=1380 268 259 342 297 411 26054
internal_value=-1.61806e-05 0.00164198 -5.87154e-05 0.000834394 0.00169958 -0.000107947
internal_weight=2369.86 49.8661 2319.99 112.874 79.1317 2207.12
internal_count=29011 527 28484 1050 708 27434
is_linear=0
shrinkage=0.03


Tree=366
num_leaves=7
num_cat=0
split_feature=17 2 42 8 25 11
split_gain=0.173581 0.187507 0.293232 0.209573 0.199745 0.167858
threshold=1.5000000000000002 -0.016245551984552971 2.5000000000000004 0.272820817612972 0.020281437400415495 -0.0020512587935967038
decision_type=2 2 2 2 2 2
left_child=1 2 -1 5 -4 -3
right_child=-2 3 4 -5 -6 -7
leaf_value=0.00014023210882163886 -0.0010157931420707554 0.00086593549749440209 0.0027401554909822004 0.001594228565947965 -0.00020476347907052536 -0.0010078814185245874
leaf_weight=1809.7661685877538 121.01639166599489 42.530152851366438 57.117317016934976 28.988654697546735 28.088991204742342 283.76019465518766
leaf_count=22111 1854 487 530 324 272 3440
internal_value=4.6104e-05 0.000107453 0.000226409 -0.000515855 0.0018498 -0.000745153
internal_weight=2371.27 2250.25 1894.97 355.279 85.2063 326.29
internal_count=29018 27164 22913 4251 802 3927
is_linear=0
shrinkage=0.03


Tree=367
num_leaves=7
num_cat=0
split_feature=30 27 45 14 27 60
split_gain=0.110135 0.175332 0.197242 0.196466 0.24562 0.255227
threshold=-4.4536819458007804 0.92803868651390087 0.84523809523809534 0.11973436911002584 2.7543188333511357 -0.0060703741307942859
decision_type=10 10 8 2 10 2
left_child=-1 -2 -3 -4 5 -5
right_child=1 2 3 4 -6 -7
leaf_value=0.00034162870579073306 -0.00032030139634507888 -0.00024566510553538073 -0.00013850290610501763 0.00044840397376093229 -0.00056272110243834261 0.0031075592890474498
leaf_weight=662.34016195795266 1154.8801863135595 270.71228016447276 105.70179809015826 59.06054849177599 37.225880235433578 74.5687615275383
leaf_count=10259 12664 2834 2143 362 231 452
internal_value=1.63345e-05 -0.0001115 0.000326966 0.000876508 0.00147739 0.00204533
internal_weight=2364.49 1702.15 547.269 276.557 170.855 133.629
internal_count=28945 18686 6022 3188 1045 814
is_linear=0
shrinkage=0.03


Tree=368
num_leaves=7
num_cat=0
split_feature=36 27 28 52 28 28
split_gain=0.146243 0.211551 0.203796 0.122092 0.117783 0.143897
threshold=2.7850493320815821 0.37970060110092169 0.33909092843532568 4.0609433169719571 -5.5560250282287589 0.40712510049343115
decision_type=10 10 10 2 8 8
left_child=4 3 -3 -2 -1 -6
right_child=1 2 -4 -5 5 -7
leaf_value=0.0014078524239213347 -0.00014161162062860134 0.0018305174213688095 -0.0010649485302022751 -0.0031536923126695956 -0.00020502802834887135 0.00028003157260424535
leaf_weight=50.186929767951369 18.503370893828105 27.570187347650062 42.534448073711246 31.391443287022412 990.4320590569987 1214.5283472529409
leaf_count=1207 205 343 372 347 13878 12787
internal_value=4.22525e-05 -0.000936511 0.000160121 -0.00224681 9.82383e-05 6.22088e-05
internal_weight=2375.15 119.999 70.1046 49.8948 2255.15 2204.96
internal_count=29139 1267 715 552 27872 26665
is_linear=0
shrinkage=0.03


Tree=369
num_leaves=7
num_cat=0
split_feature=52 52 9 47 41 31
split_gain=0.130759 0.307355 0.27475 0.133921 0.172448 0.284798
threshold=5.5116732369970016 5.4785805624389932 0.065303883610993305 4.5000000000000009 1.5000000000000002 5.7426032423973092
decision_type=2 2 2 8 2 8
left_child=1 3 -2 -1 -5 -6
right_child=2 -3 -4 4 5 -7
leaf_value=-0.00115517436075304 -0.00015673029389737502 -0.0028211635091674615 0.0025831101647778619 -7.7336535786342084e-05 -4.5900703146856547e-05 0.0033241568666885304
leaf_weight=87.726026783813722 89.627801054826705 27.160777484765276 41.136823698645458 2031.9676627471781 59.241162906866521 26.193965072277933
leaf_count=1150 1127 293 425 25296 427 233
internal_value=-5.98521e-05 -0.000115288 0.000827462 -6.93743e-05 -1.91701e-05 0.00122739
internal_weight=2363.05 2232.29 130.765 2205.13 2117.4 85.4351
internal_count=28951 27399 1552 27106 25956 660
is_linear=0
shrinkage=0.03


Tree=370
num_leaves=7
num_cat=0
split_feature=60 4 8 48 46 12
split_gain=0.126153 0.20237 0.284716 0.191467 0.156002 0.136594
threshold=-0.07007895684143868 -0.10902032787890345 0.020192772333002349 1.5000000000000002 65.500000000000014 0.70736176305224119
decision_type=2 2 2 2 8 2
left_child=1 2 -1 -2 -4 -6
right_child=3 -3 4 -5 5 -7
leaf_value=0.0021037517235800401 -0.00013215130653716566 -0.00029280661427828942 0.001244515805548532 0.0023069008296720071 0.00065044249310670943 -0.0020285432402688593
leaf_weight=106.83111444325186 1998.7629748802283 155.34154123079497 35.336046559736133 19.406482844613492 21.749844678910449 34.026220861822367
leaf_count=1083 25588 1442 294 128 308 205
internal_value=-5.24405e-06 0.000509612 0.00112313 -9.7439e-05 -0.000121016 -0.00104381
internal_weight=2371.45 353.285 197.943 2018.17 91.1121 55.7761
internal_count=29048 3332 1890 25716 807 513
is_linear=0
shrinkage=0.03


Tree=371
num_leaves=7
num_cat=0
split_feature=0 52 12 34 56 35
split_gain=0.131386 0.124476 0.327229 0.299153 0.240232 0.237063
threshold=0.5637599454446881 4.859114313416061 1.3991943569473884 2.0118137871225676 40.574683477972442 -1.2097117379307745
decision_type=2 2 2 8 2 10
left_child=1 -1 5 4 -4 -3
right_child=-2 2 3 -5 -6 -7
leaf_value=0.00015739402508292477 0.0021341310975015871 0.00087079835825643601 0.0011372225694326211 -0.0031819552772176123 -0.0013937800473803217 -0.00040508626489090438
leaf_weight=1632.7925155575649 16.559103171457537 195.55717311025364 42.642728321254253 48.504898026585579 87.452861502766609 351.8169966864225
leaf_count=20288 176 2928 211 243 447 4840
internal_value=3.58679e-05 1.21904e-05 -0.000312089 -0.00138982 -0.000542211 5.81867e-05
internal_weight=2375.33 2358.77 725.975 178.6 130.096 547.374
internal_count=29133 28957 8669 901 658 7768
is_linear=0
shrinkage=0.03


Tree=372
num_leaves=7
num_cat=0
split_feature=35 28 27 2 56 14
split_gain=0.134696 0.202358 0.284325 0.215988 0.255937 0.313877
threshold=1.3141032215725219 1.6219857931137087 2.6235826015472417 -0.051207996899108731 10.41991856498945 0.30265471309037623
decision_type=10 10 10 2 2 2
left_child=1 3 -3 4 5 -1
right_child=-2 2 -4 -5 -6 -7
leaf_value=0.00029170083148609058 -0.00034405724428309732 0.0010051916480109263 -0.0018619991283737542 -0.00073161708475494823 -0.0004542593415311297 0.002360888497277943
leaf_weight=570.82533064400195 726.04354945613886 335.64332264172845 25.039094136096537 295.78692588506965 358.35310800425941 65.279976606369019
leaf_count=8510 8211 3164 266 3844 4757 282
internal_value=-6.25815e-06 0.000143476 0.000761285 -3.37566e-05 0.000179029 0.000537304
internal_weight=2376.97 1650.93 360.682 1290.25 994.458 636.105
internal_count=29034 20823 3430 17393 13549 8792
is_linear=0
shrinkage=0.03


Tree=373
num_leaves=7
num_cat=0
split_feature=3 5 31 20 50 25
split_gain=0.131001 0.16366 0.210639 0.241842 0.159587 0.158694
threshold=-0.27401120585400146 -0.0014409012549983907 6.3777670860290536 -0.23380589943984037 0.40833333333333338 -0.041404885215648383
decision_type=2 2 10 2 2 2
left_child=1 2 3 -1 5 -3
right_child=-2 4 -4 -5 -6 -7
leaf_value=0.0036573988302655786 7.2629147932366971e-05 -0.0021146683227227991 -0.0017102864347698238 3.1681541590115058e-05 -0.0035765350768865341 4.2456617249031162e-06
leaf_weight=13.695459240378112 2131.2476247809245 40.494812425080454 23.953893045516452 55.551407220598776 13.878668296616523 85.863927944999887
leaf_count=224 24920 724 587 816 240 1509
internal_value=-2.35359e-06 -0.000661794 0.000297184 0.0011198 -0.00127648 -0.000780095
internal_weight=2364.69 233.438 93.2008 69.2469 140.237 126.359
internal_count=29020 4100 1627 1040 2473 2233
is_linear=0
shrinkage=0.03


Tree=374
num_leaves=7
num_cat=0
split_feature=28 44 25 35 10 14
split_gain=0.118499 0.183077 0.125066 0.195217 0.116759 0.112635
threshold=3.936851024627686 3.5000000000000004 0.80429840415603027 0.37581722926009792 0.0021292968127636027 0.024351301301510152
decision_type=10 8 2 10 2 2
left_child=2 -2 5 -4 -3 -1
right_child=1 4 3 -5 -6 -7
leaf_value=-0.0012676662301827689 0.0025667631903469571 -0.0011665752711571048 0.0021272680993265135 -0.00033169175528555307 0.0012288108596964589 -2.4013358517442413e-05
leaf_weight=57.635417046258226 31.422307501081377 29.801277562975883 50.394736717542401 51.509428059740458 23.951560555025935 2133.4085260406137
leaf_count=5101 242 262 869 759 217 21581
internal_value=3.03478e-05 0.00106761 -1.26516e-05 0.000965769 -7.38969e-05 -6.23384e-05
internal_weight=2378.12 85.1751 2292.95 101.904 53.7528 2191.04
internal_count=29031 721 28310 1628 479 26682
is_linear=0
shrinkage=0.03


Tree=375
num_leaves=7
num_cat=0
split_feature=58 39 30 11 3 24
split_gain=0.162658 0.248717 0.155471 0.156353 0.119713 0.222266
threshold=0.41428571428571431 3.5000000000000004 -0.61560413241386402 0.0010201673329362888 -0.18602493817889718 7.5000000000000009
decision_type=2 2 10 2 2 2
left_child=4 -2 -3 -4 -1 -6
right_child=1 2 3 -5 5 -7
leaf_value=0.00029937555802415867 0.0031288080725514929 -0.00099008085914054837 0.0026464799120573214 -0.00040732740732778595 -0.00027941645268448532 0.0010341272692620371
leaf_weight=657.68786134266702 27.213527785264887 43.4020376613189 22.292972260387614 24.00173311540857 1484.2783701238513 115.90583659062395
leaf_count=9778 264 514 198 223 16648 1398
internal_value=2.00189e-05 0.00106512 0.000187975 0.00127211 -3.85533e-05 -0.000178441
internal_weight=2374.78 116.91 89.6967 46.2947 2257.87 1600.18
internal_count=29023 1199 935 421 27824 18046
is_linear=0
shrinkage=0.03


Tree=376
num_leaves=7
num_cat=0
split_feature=11 36 26 62 7 59
split_gain=0.125375 0.165317 0.199158 0.1281 0.17144 0.107101
threshold=0.12187863484404493 0.36840705623229358 -0.80479297041892994 -0.73406424965481676 0.067221720646991251 -0.90872987583449227
decision_type=2 8 10 2 2 2
left_child=3 2 -2 4 5 -1
right_child=1 -3 -4 -5 -6 -7
leaf_value=0.00027849454439874072 0.0012537295680026266 0.0020849955690436487 -0.0020722544003464235 -8.0391533971694413e-05 -0.00099868164771775309 0.0029211482754835445
leaf_weight=25.343544265662786 26.486666938697454 48.559090451220982 19.327110684476793 2201.7361226075009 18.439145060954615 27.944076198618859
leaf_count=318 288 498 205 27102 166 342
internal_value=9.06007e-06 0.00102581 -0.000269267 -3.74533e-05 0.00112915 0.0019069
internal_weight=2367.84 94.3729 45.8138 2273.46 71.7268 53.2876
internal_count=28919 991 493 27928 826 660
is_linear=0
shrinkage=0.03


Tree=377
num_leaves=7
num_cat=0
split_feature=26 2 2 47 31 11
split_gain=0.142538 0.221564 0.265694 0.253519 0.252418 0.218401
threshold=2.216194868087769 0.019216221318175523 -0.030951818371168029 7.5000000000000009 1.2041435390710833 -1.0000000180025095e-35
decision_type=10 2 2 10 8 2
left_child=1 2 -1 5 -3 -4
right_child=-2 4 3 -5 -6 -7
leaf_value=0.00013536841751032598 -0.00048822830614016921 -0.00046802793609038352 0.00086829499711418292 0.00086927292705683292 0.0018099547739337555 -0.0021439461379904596
leaf_weight=1597.0939852811571 416.76057888113428 59.953562636161223 20.488150998600759 40.296000333852135 123.63370620788191 114.79937896490446
leaf_count=19946 4729 509 272 473 1576 1547
internal_value=8.79321e-06 0.000116623 1.13202e-05 -0.00106351 0.00108029 -0.0016594
internal_weight=2373.03 1956.26 1772.68 175.584 183.587 135.288
internal_count=29052 24323 22238 2292 2085 1819
is_linear=0
shrinkage=0.03


Tree=378
num_leaves=7
num_cat=0
split_feature=30 28 0 51 23 31
split_gain=0.107265 0.215147 0.132849 0.237686 0.183319 0.167537
threshold=5.5154550075531015 2.2331211566925053 -0.082834659705539646 0.63333333333333341 -0.048283689974516257 7.1779637932777414
decision_type=10 10 2 2 2 8
left_child=2 -2 3 -1 -5 -4
right_child=1 -3 5 4 -6 -7
leaf_value=-0.00042004924021325616 -0.0017855917027804725 0.00073251840929046018 6.4468026039148763e-05 0.0032501560754240929 1.3951484012363638e-05 0.00073288621364217771
leaf_weight=595.03645377895737 65.845767416991293 43.80092993285507 1123.0689940272132 19.356208540033549 34.185193461598828 473.85151773854159
leaf_count=9227 671 357 11169 244 333 7002
internal_value=7.33651e-05 -0.000802524 0.000119503 -0.000240088 0.00151128 0.000266133
internal_weight=2355.15 109.647 2245.5 648.578 53.5414 1596.92
internal_count=29003 1028 27975 9804 577 18171
is_linear=0
shrinkage=0.03


Tree=379
num_leaves=7
num_cat=0
split_feature=2 23 46 23 30 26
split_gain=0.139765 0.18926 0.170557 0.187279 0.170555 0.163479
threshold=-0.016245551984552971 -0.2807553654279728 27.500000000000004 -0.47205769117471158 0.78509482741355907 2.9395263195037846
decision_type=2 2 8 2 8 10
left_child=1 2 3 -1 -4 -3
right_child=-2 5 4 -5 -6 -7
leaf_value=0.0019724719206914583 -0.0005853233834868702 7.9772988888340525e-05 -0.00026044016702031172 -0.0011445205656318111 -0.0016393223679129899 0.0010193963520371647
leaf_weight=36.90428072103532 366.7360140553501 1416.8404997400648 220.10646735594491 19.355852845823392 122.00356853555422 179.2109996303916
leaf_count=572 4445 16750 3568 263 1466 1935
internal_value=-5.53377e-05 4.45505e-05 -0.000532376 0.000889207 -0.00078477 0.000190968
internal_weight=2361.16 1994.42 398.37 56.2601 342.11 1596.05
internal_count=28999 24554 5869 835 5034 18685
is_linear=0
shrinkage=0.03


Tree=380
num_leaves=7
num_cat=0
split_feature=14 8 34 10 10 17
split_gain=0.160845 0.110879 0.124636 0.152155 0.132116 0.102297
threshold=0.54871700466447615 -0.18683575907459973 -7.7597284168004981 0.070812240434956722 0.01142098889952395 1.5000000000000002
decision_type=2 2 8 2 2 2
left_child=1 -1 3 4 -3 -4
right_child=-2 2 5 -5 -6 -7
leaf_value=-0.0011206953307479142 -0.0020020990655791218 0.00047823836212815062 4.8345340485069113e-05 -0.00097382598474453743 0.0027951337533634909 -0.00083076727233489687
leaf_weight=65.222173744085012 26.209434762597084 57.889605263073463 2052.5691945829021 21.285973639853182 32.046745422761887 116.43081633103429
leaf_count=1834 113 1275 23133 398 651 1663
internal_value=-1.78819e-05 1.26967e-05 4.98675e-05 0.000986011 0.00150089 -2.44102e-06
internal_weight=2371.65 2345.44 2280.22 111.222 89.9364 2169
internal_count=29067 28954 27120 2324 1926 24796
is_linear=0
shrinkage=0.03


Tree=381
num_leaves=7
num_cat=0
split_feature=9 12 14 52 50 12
split_gain=0.116235 0.112352 0.222787 0.16243 0.306739 0.250698
threshold=0.21250452471753359 2.217526270536363 0.48282597936324062 3.2080875396860176 0.88194444444444453 0.71744288138732937
decision_type=2 2 2 2 2 2
left_child=1 2 3 4 -1 -5
right_child=-2 -3 -4 5 -6 -7
leaf_value=0.00029180898894271869 0.0014054500227717532 0.0010784522437167208 -0.0024418089401900623 0.000237064086989664 0.0035010530200748403 -0.00048492270312972175
leaf_weight=493.02262518901262 45.247152428783011 75.819370105862617 23.882102727890015 841.0694159798295 18.551105942577124 872.18916846625507
leaf_count=6195 538 327 98 15998 154 5637
internal_value=4.54561e-05 1.30769e-05 -2.74597e-05 9.26687e-06 0.000473079 -0.000131168
internal_weight=2369.78 2324.53 2248.71 2224.83 511.574 1713.26
internal_count=28947 28409 28082 27984 6349 21635
is_linear=0
shrinkage=0.03


Tree=382
num_leaves=7
num_cat=0
split_feature=33 4 7 58 26 7
split_gain=0.156785 0.241803 0.192217 0.161708 0.157778 0.137869
threshold=-2.4343761422981816 -0.19336163759324201 0.03458243437682329 0.17424242424242428 -3.3290315866470332 -0.11442251084148294
decision_type=8 2 2 2 10 2
left_child=1 2 -1 -3 -5 -2
right_child=5 3 -4 4 -6 -7
leaf_value=0.002687226007334567 -0.00081304098070119886 -0.0013052384617590848 -0.0011379125472392529 0.0022369926586775866 -0.00099551909649491649 0.00019806163796153915
leaf_weight=23.091154542431468 119.40836333605694 196.92063644752488 11.406652751902582 17.524949059356004 18.488666157980333 1993.1295424141717
leaf_count=465 2456 2667 179 227 217 22895
internal_value=4.98854e-05 -0.000621068 0.00145096 -0.000975032 0.000721788 0.000137349
internal_weight=2379.97 267.432 34.4978 232.934 36.0136 2112.54
internal_count=29106 3755 644 3111 444 25351
is_linear=0
shrinkage=0.03


Tree=383
num_leaves=7
num_cat=0
split_feature=17 2 14 3 24 20
split_gain=0.128117 0.147923 0.273921 0.280953 0.234843 0.306236
threshold=1.5000000000000002 -0.15768710196335237 0.24336170466161366 -0.13151222909790641 1.5000000000000002 0.021901661560699979
decision_type=2 2 2 2 2 2
left_child=1 2 4 -4 -1 -6
right_child=-2 -3 3 -5 5 -7
leaf_value=-0.0014619088075509567 -0.00087086273850712202 0.00023484038276147802 0.0021275228620457063 -0.00061373930532763283 -0.00069283851767625395 0.0011515083816505129
leaf_weight=173.60525427298853 125.82773430424277 1583.0814305731328 66.359171807765961 53.799332246184349 259.90403483025148 105.89949904079549
leaf_count=3198 1890 17125 319 249 4510 1746
internal_value=2.40395e-05 7.78926e-05 -0.000296692 0.000947304 -0.000586002 -0.00014247
internal_weight=2368.48 2242.65 659.567 120.159 539.409 365.804
internal_count=29037 27147 10022 568 9454 6256
is_linear=0
shrinkage=0.03


Tree=384
num_leaves=7
num_cat=0
split_feature=29 52 12 52 45 4
split_gain=0.183662 0.137497 0.238565 0.188116 0.190482 0.301012
threshold=7.1084141731262216 5.2948482013347258 1.2496054099487675 5.2452359502923676 0.23611111111111113 -0.037217216577408015
decision_type=10 2 2 2 8 2
left_child=1 3 -3 4 5 -1
right_child=-2 2 -4 -5 -6 -7
leaf_value=0.00084265246735184521 -0.0014407095268301055 0.0012661180306693537 -0.00053068390014817594 -0.0020331164073473362 -0.00013261294919807758 -0.0011938471412127484
leaf_weight=423.53417183679994 63.263743185554631 193.61145382923132 91.934068754315376 30.295558172510937 1484.3768986630457 67.87855484103784
leaf_count=4276 706 2858 493 368 19506 684
internal_value=3.82232e-05 8.51334e-05 0.000689239 -3.84693e-06 3.73503e-05 0.000543152
internal_weight=2354.89 2291.63 285.546 2006.09 1975.79 491.413
internal_count=28891 28185 3351 24834 24466 4960
is_linear=0
shrinkage=0.03


Tree=385
num_leaves=7
num_cat=0
split_feature=28 2 31 11 36 14
split_gain=0.136254 0.246896 0.230203 0.229678 0.258574 0.232354
threshold=0.40712510049343115 -0.21026662239804747 1.0884591341018679 0.019440736757063704 2.2241051130824623 0.11044141884522519
decision_type=10 2 8 2 10 2
left_child=2 -2 -1 -4 5 -5
right_child=1 -3 3 4 -6 -7
leaf_value=-0.0011751303634462541 -0.00092637317456738819 0.00037880764471288713 0.00024479415436854204 -5.390330297227936e-05 0.0014876275461170689 -0.0015503562319353608
leaf_weight=196.95165838301182 141.86300809132808 926.37237533752341 700.36115608976979 168.3413022053719 37.101855776156299 201.82228270173073
leaf_count=1892 1990 8616 10416 4271 459 1339
internal_value=-5.17132e-05 0.000198494 -0.000256543 -8.41524e-05 -0.000642141 -0.000889126
internal_weight=2372.81 1068.24 1304.58 1107.63 407.265 370.164
internal_count=28983 10606 18377 16485 6069 5610
is_linear=0
shrinkage=0.03


Tree=386
num_leaves=7
num_cat=0
split_feature=36 12 14 27 61 31
split_gain=0.132292 0.120112 0.29849 0.131125 0.221951 0.128066
threshold=-4.0522509154070301 2.217526270536363 0.44372475136155481 2.7543188333511357 1.0000000180025095e-35 6.4961094856262216
decision_type=8 2 2 10 2 10
left_child=-1 2 3 -2 5 -5
right_child=1 -3 -4 4 -6 -7
leaf_value=0.0018650393496004089 2.3308215383221028e-05 0.0010311474652526381 -0.0023475565968367348 -0.0033983576275167151 9.1579344735448506e-05 -0.00023831927316227944
leaf_weight=23.130473037890624 2119.1950445477414 80.050523415207863 41.345811605453491 27.414473329205066 76.727000763290562 19.018906325218268
leaf_count=417 26704 345 169 318 908 299
internal_value=-1.76836e-05 -4.38863e-05 -8.59007e-05 -3.39615e-05 -0.000947137 -0.00237561
internal_weight=2386.88 2363.75 2283.7 2242.36 123.16 46.4334
internal_count=29160 28743 28398 28229 1525 617
is_linear=0
shrinkage=0.03


Tree=387
num_leaves=7
num_cat=0
split_feature=60 14 9 14 57 34
split_gain=0.147538 0.212586 0.186401 0.179451 0.153382 0.217459
threshold=0.15280908577621333 0.13696179645903075 -0.0072329084628519674 0.54871700466447615 1.5000000000000002 -12.057457129160563
decision_type=2 2 2 2 2 10
left_child=3 2 -2 4 -1 -6
right_child=1 -3 -4 -5 5 -7
leaf_value=0.00022698315535423782 -0.0021217053528300388 0.0017408002738555199 0.00089539760544893039 -0.0021518679212733562 0.0019008036222937978 -0.00035859931176851945
leaf_weight=1215.3143876546819 23.240742098074406 91.5993762165308 32.546393710421398 25.388830631971359 30.056726782699116 969.08872924334719
leaf_count=15512 390 520 470 109 594 11524
internal_value=2.98036e-05 0.000917697 -0.000492971 -3.24408e-05 1.42289e-06 -0.000272469
internal_weight=2387.24 147.387 55.7871 2239.85 2214.46 999.145
internal_count=29119 1380 860 27739 27630 12118
is_linear=0
shrinkage=0.03


Tree=388
num_leaves=7
num_cat=0
split_feature=28 62 10 29 5 5
split_gain=0.120939 0.306133 0.332325 0.191805 0.283319 0.30675
threshold=3.3290115594863896 -0.13376813099014651 0.008252361353122151 -0.56424757838249195 -0.082908782617035368 -0.038102123883681227
decision_type=8 2 2 8 2 2
left_child=-1 2 -2 -3 -5 -6
right_child=1 3 -4 4 5 -7
leaf_value=-3.0456866437339438e-05 -0.0024353003075020972 0.0022711856133044166 0.0010362556042783991 -0.001143712427346043 0.0035495034452612804 0.00042768114597191464
leaf_weight=2003.6201659520739 46.687699141679332 70.983569976873696 36.406419535400346 57.906075212405995 27.84576060436666 126.978050525242
leaf_count=24975 508 625 366 713 329 1516
internal_value=6.21271e-05 0.000555237 -0.000966362 0.00101861 0.00051745 0.00117044
internal_weight=2370.43 366.808 83.0941 283.713 212.73 154.824
internal_count=29032 4057 874 3183 2558 1845
is_linear=0
shrinkage=0.03


Tree=389
num_leaves=7
num_cat=0
split_feature=2 3 9 30 28 3
split_gain=0.122044 0.336744 0.147406 0.225222 0.291257 0.196723
threshold=0.049266716355808975 -0.17489911252796583 0.0023231156798794697 4.4439342021942148 0.96241387724876415 -0.16008181421594678
decision_type=2 2 2 10 10 2
left_child=2 -2 3 -1 -5 -4
right_child=1 -3 5 4 -6 -7
leaf_value=-0.00044700403459876681 0.0025808952011708236 -0.00017882822889882317 0.0011364641444227034 -0.0011978972890606899 0.0021882484715280356 3.8731363191226225e-05
leaf_weight=884.90266852118657 51.535322580311913 109.30732443908346 160.31583028146997 26.806115971063264 57.452851047273725 1075.7875484267715
leaf_count=12908 620 1135 1808 315 555 11660
internal_value=3.22296e-05 0.000804721 -2.74909e-05 -0.000302822 0.00109818 0.000189079
internal_weight=2366.11 160.843 2205.27 969.162 84.259 1236.1
internal_count=29001 1755 27246 13778 870 13468
is_linear=0
shrinkage=0.03


Tree=390
num_leaves=7
num_cat=0
split_feature=36 28 59 12 28 56
split_gain=0.167309 0.188302 0.159068 0.267082 0.251985 0.213505
threshold=3.451496905180472 0.87002286314964306 0.650782737894117 1.4466772774681855 2.0496582984924321 -54.146786282943538
decision_type=10 10 2 2 8 2
left_child=2 -2 -1 4 5 -4
right_child=1 -3 3 -5 -6 -7
leaf_value=1.0099596397838151e-05 0.0028127499441950605 -0.00044499617844341187 0.0016228905581977698 -0.0027751117632963548 0.0018899348740329907 -0.0012935324950099792
leaf_weight=2104.433255107986 28.454405629949179 23.231389042455703 18.53044907329604 39.786790758371353 29.548457056516781 117.65321230373229
leaf_count=26157 326 203 281 193 313 1569
internal_value=-2.84664e-05 0.00151372 -6.93492e-05 -0.000845595 -0.000250824 -0.000812825
internal_weight=2361.64 51.6858 2309.95 205.519 165.732 136.184
internal_count=29042 529 28513 2356 2163 1850
is_linear=0
shrinkage=0.03


Tree=391
num_leaves=7
num_cat=0
split_feature=8 22 3 14 7 62
split_gain=0.159246 0.220378 0.210071 0.270629 0.251429 0.215564
threshold=0.031050070870900535 0.1129017403921858 -0.10197767860913241 0.063592368035906746 0.12528337013728921 0.43185904965270666
decision_type=2 2 2 2 2 2
left_child=2 -2 3 -1 -5 -4
right_child=1 -3 5 4 -6 -7
leaf_value=-0.00055665748074057019 -0.00039503038145201797 0.00094544592620348679 -4.122797809478636e-05 0.00088142749143222548 -0.0013065092708306892 -0.0020887416569666953
leaf_weight=168.39267127608764 904.52534973910952 115.92609104473377 369.44334064464783 722.18333768472075 41.847521632909775 42.975274151656777
leaf_count=6751 9819 1247 4149 6233 290 466
internal_value=4.6234e-05 -0.000235051 0.00025983 0.000507546 0.000746259 -0.000298981
internal_weight=2365.29 1020.45 1344.84 932.424 764.031 412.419
internal_count=28955 11066 17889 13274 6523 4615
is_linear=0
shrinkage=0.03


Tree=392
num_leaves=7
num_cat=0
split_feature=14 30 54 23 39 12
split_gain=0.204412 0.308478 0.242713 0.200051 0.203675 0.197908
threshold=0.39233047508114643 0.047693889588117606 1.0000000180025095e-35 0.060465222511442603 2.5000000000000004 1.8952124124288499
decision_type=2 10 2 2 2 2
left_child=2 -2 3 5 -5 -1
right_child=1 -3 -4 4 -6 -7
leaf_value=-0.00034179036404404422 -0.0026085797783954499 0.00013230841931615242 0.00084166062250574708 -0.0015978386563243949 0.00060314964477652198 0.0013594818692075304
leaf_weight=1405.3846091559972 58.149678930640221 78.746369376778603 275.78387582812866 31.664982968126424 451.11354975090944 54.609767034649849
leaf_count=19349 240 325 3332 298 5077 260
internal_value=-4.64526e-05 -0.00113027 2.51959e-05 -9.44208e-05 0.000429293 -0.00026934
internal_weight=2355.45 136.896 2218.56 1942.77 482.779 1459.99
internal_count=28881 565 28316 24984 5375 19609
is_linear=0
shrinkage=0.03


Tree=393
num_leaves=7
num_cat=0
split_feature=60 37 56 2 9 27
split_gain=0.148443 0.222185 0.160474 0.202909 0.234192 0.165491
threshold=1.0000000180025095e-35 3.8051069147746879 -9.3163272024016788 -0.35737889576073417 0.064057768228513293 0.24887426197528842
decision_type=2 8 2 2 2 10
left_child=2 -2 3 -1 5 -5
right_child=1 -3 -4 4 -6 -7
leaf_value=-0.0019205617705539701 9.7900544240040155e-05 0.0021183492300874489 -0.00035095831896913031 0.00094414468005513813 -0.00049027537695463318 2.3008669307412103e-05
leaf_weight=30.351277782348916 174.02199172083056 58.755467087496072 1137.2740675632376 388.11624932236737 268.09941375761991 314.88968534304877
leaf_count=890 1670 424 13962 5395 2825 3925
internal_value=-2.91703e-05 0.000674132 -0.000108498 0.000167592 0.000251766 0.00053766
internal_weight=2371.51 232.777 2138.73 1001.46 971.105 703.006
internal_count=29091 2094 26997 13035 12145 9320
is_linear=0
shrinkage=0.03


Tree=394
num_leaves=7
num_cat=0
split_feature=58 8 20 8 62 13
split_gain=0.137478 0.129241 0.358102 0.288475 0.242611 0.182341
threshold=0.58571428571428574 0.031050070870900535 0.1162521586531305 0.045754104643065181 0.11781113218384863 2.3502401828962087
decision_type=2 2 2 2 2 2
left_child=1 -1 3 5 -4 -3
right_child=-2 2 4 -5 -6 -7
leaf_value=0.00013364842958030307 0.0014289965836889792 -0.0025589163931291508 0.00196320352632937 -0.00027496685665140121 -0.0010771422789884598 -0.00032715377865745281
leaf_weight=1320.9578670554329 47.081704854819691 81.511283096275292 83.703869907534681 760.44478067905584 24.403718729969114 56.646692324487958
leaf_count=17678 468 826 901 8279 268 697
internal_value=-2.57755e-05 -6.11882e-05 -0.000315644 -0.000514879 0.0012438 -0.00172771
internal_weight=2374.75 2327.67 1006.71 898.603 108.108 138.158
internal_count=29117 28649 10971 9802 1169 1523
is_linear=0
shrinkage=0.03


Tree=395
num_leaves=7
num_cat=0
split_feature=14 30 7 12 10 11
split_gain=0.177704 0.147787 0.158946 0.327021 0.236765 0.338813
threshold=0.017016422102197667 6.4585123062133798 0.016221255014606105 1.0261869549112583 0.021638219734481507 0.058197748176694021
decision_type=2 10 2 2 2 2
left_child=-1 2 -2 -4 -5 -6
right_child=1 -3 3 4 5 -7
leaf_value=-0.0018431018629855916 0.00039634466093836526 -0.0012005082485709389 0.00032693309083937363 -0.0012845293751583137 -0.00062022487499269121 0.0019436808551272682
leaf_weight=33.154292725419509 1116.977079979144 66.213560916483402 664.73783036414534 261.31140794232488 173.3388829678297 52.10158883780241
leaf_count=4106 13411 586 8251 1419 943 275
internal_value=6.50674e-05 9.99101e-05 0.00014297 -0.000104107 -0.000687492 2.97074e-05
internal_weight=2367.83 2334.68 2268.47 1151.49 486.752 225.44
internal_count=28991 24885 24299 10888 2637 1218
is_linear=0
shrinkage=0.03


Tree=396
num_leaves=7
num_cat=0
split_feature=14 29 31 0 34 35
split_gain=0.120009 0.12292 0.195841 0.150424 0.142165 0.146791
threshold=0.028557834561282684 7.1084141731262216 -3.0769131779670711 0.035083606160400745 -7.7597284168004981 1.2887895518086026
decision_type=2 10 8 2 8 10
left_child=-1 2 -2 -3 -4 -6
right_child=1 3 4 -5 5 -7
leaf_value=-0.001060292917328579 0.0014898808770159237 -0.0021089929280281488 0.0011198620820995501 0.00061014983744919716 0.00012018105799183846 -0.00041620133642946371
leaf_weight=87.864709399276762 72.136001506820321 41.278457859531045 87.024559224024415 22.783245967701077 1398.6412299014628 671.50393354333937
leaf_count=6670 535 397 1064 196 13972 6370
internal_value=-3.14617e-05 1.23875e-05 5.21037e-05 -0.00119013 -2.62865e-06 -5.49725e-05
internal_weight=2381.23 2293.37 2229.31 64.0617 2157.17 2070.15
internal_count=29204 22534 21941 593 21406 20342
is_linear=0
shrinkage=0.03


Tree=397
num_leaves=7
num_cat=0
split_feature=6 51 35 27 8 39
split_gain=0.164375 0.204816 0.171992 0.210588 0.14042 0.158089
threshold=0.23665629321744089 0.36666666666666675 -0.026750195189379149 -0.52812734246253956 0.011339216015322786 5.5000000000000009
decision_type=2 2 8 8 2 2
left_child=-1 2 4 -4 5 -2
right_child=1 -3 3 -5 -6 -7
leaf_value=-0.00010477776391104033 -0.0010354045236509156 0.0022241707468524156 -0.0014435953671200633 0.0012737516848761116 -0.0012817412812409336 0.0019411377842308195
leaf_weight=2018.7077526458306 20.712730301427655 48.333447329234332 21.997738984879106 148.46910117100924 77.484475480334368 25.554411889519542
leaf_count=25609 223 396 276 1362 805 315
internal_value=-8.76315e-07 0.000597034 0.000265408 0.000862532 -0.000560117 0.000661415
internal_weight=2361.26 342.552 294.218 170.467 123.752 46.2671
internal_count=28986 3377 2981 1638 1343 538
is_linear=0
shrinkage=0.03


Tree=398
num_leaves=7
num_cat=0
split_feature=42 0 2 12 9 13
split_gain=0.244716 0.460948 0.191792 0.175121 0.250175 0.238308
threshold=2.5000000000000004 0.025819958273992975 -0.079125311427945932 0.63215620960168362 -0.14424217077992177 1.7005986908310777
decision_type=2 2 2 2 2 2
left_child=3 2 -2 5 -5 -1
right_child=1 -3 -4 4 -6 -7
leaf_value=0.002743026101946845 0.0035480697601353978 -0.0012085275116676534 0.00016692274634602463 0.0014697576165201031 -0.00041834960234092951 0.00012094074966903951
leaf_weight=22.294956261990592 47.310425741481595 36.204744614195079 21.891784266801551 56.910681173205376 1216.533890126273 962.54803628375521
leaf_count=224 500 305 212 399 7795 19560
internal_value=-2.34848e-05 0.00132423 0.00263458 -9.19508e-05 -0.000323175 0.000207276
internal_weight=2363.69 105.407 69.2022 2258.29 1273.44 984.843
internal_count=28995 1017 712 27978 8194 19784
is_linear=0
shrinkage=0.03


Tree=399
num_leaves=7
num_cat=0
split_feature=5 7 34 62 56 7
split_gain=0.111618 0.316348 0.261336 0.210008 0.352687 0.198012
threshold=0.0045677016861711437 0.068468390775356699 -1.8201286296049752 0.019299237682112121 -5.7805460950781891 -0.04609045287984892
decision_type=2 2 8 2 2 2
left_child=-1 3 -3 4 -2 -5
right_child=1 2 -4 5 -6 -7
leaf_value=-6.5616684153864762e-05 0.00138110919164557 0.0009794931665450088 -0.0015495495984014106 -0.00031762501498382617 -0.0011046063992398111 0.002394470878330026
leaf_weight=1899.3594710062753 105.91229076456511 48.22214544354938 95.148639409802854 28.024822760955431 82.68383121851366 104.00618143883185
leaf_count=24032 1185 526 724 404 935 1103
internal_value=3.68358e-05 0.000448758 -0.000690515 0.000963669 0.000290582 0.00183697
internal_weight=2363.36 463.998 143.371 320.627 188.596 132.031
internal_count=28909 4877 1250 3627 2120 1507
is_linear=0
shrinkage=0.03


end of trees

feature_importances:
Column_14=133
Column_0=108
Column_52=107
Column_3=97
Column_28=96
Column_23=91
Column_6=88
Column_8=88
Column_2=81
Column_9=78
Column_58=75
Column_7=67
Column_62=66
Column_20=65
Column_22=62
Column_11=58
Column_10=56
Column_12=56
Column_24=55
Column_31=51
Column_5=46
Column_34=46
Column_46=44
Column_37=42
Column_60=42
Column_56=41
Column_4=39
Column_30=38
Column_15=36
Column_27=35
Column_1=34
Column_29=33
Column_35=32
Column_26=30
Column_59=30
Column_36=27
Column_39=25
Column_33=22
Column_45=21
Column_25=18
Column_57=16
Column_42=15
Column_47=15
Column_17=13
Column_16=12
Column_13=8
Column_40=8
Column_43=8
Column_51=8
Column_18=7
Column_44=7
Column_50=7
Column_41=5
Column_49=4
Column_21=3
Column_55=2
Column_48=1
Column_54=1
Column_61=1

parameters:
[boosting: gbdt]
[objective: custom]
[metric: custom]
[tree_learner: serial]
[device_type: cpu]
[data_sample_strategy: bagging]
[data: ]
[valid: ]
[num_iterations: 100]
[learning_rate: 0.03]
[num_leaves: 7]
[num_threads: 4]
[seed: 1]
[deterministic: 0]
[force_col_wise: 0]
[force_row_wise: 0]
[histogram_pool_size: -1]
[max_depth: -1]
[min_data_in_leaf: 200]
[min_sum_hessian_in_leaf: 0.001]
[bagging_fraction: 0.8]
[pos_bagging_fraction: 1]
[neg_bagging_fraction: 1]
[bagging_freq: 1]
[bagging_seed: 18467]
[bagging_by_query: 0]
[feature_fraction: 0.7]
[feature_fraction_bynode: 1]
[feature_fraction_seed: 26500]
[extra_trees: 0]
[extra_seed: 15724]
[early_stopping_round: 0]
[early_stopping_min_delta: 0]
[first_metric_only: 0]
[max_delta_step: 0]
[lambda_l1: 0]
[lambda_l2: 10]
[linear_lambda: 0]
[min_gain_to_split: 0]
[drop_rate: 0.1]
[max_drop: 50]
[skip_drop: 0.5]
[xgboost_dart_mode: 0]
[uniform_drop: 0]
[drop_seed: 6334]
[top_rate: 0.2]
[other_rate: 0.1]
[min_data_per_group: 100]
[max_cat_threshold: 32]
[cat_l2: 10]
[cat_smooth: 10]
[max_cat_to_onehot: 4]
[top_k: 20]
[monotone_constraints: ]
[monotone_constraints_method: basic]
[monotone_penalty: 0]
[feature_contri: ]
[forcedsplits_filename: ]
[refit_decay_rate: 0.9]
[cegb_tradeoff: 1]
[cegb_penalty_split: 0]
[cegb_penalty_feature_lazy: ]
[cegb_penalty_feature_coupled: ]
[path_smooth: 0]
[interaction_constraints: ]
[verbosity: -1]
[saved_feature_importance_type: 0]
[use_quantized_grad: 0]
[num_grad_quant_bins: 4]
[quant_train_renew_leaf: 0]
[stochastic_rounding: 1]
[linear_tree: 0]
[max_bin: 255]
[max_bin_by_feature: ]
[min_data_in_bin: 3]
[bin_construct_sample_cnt: 200000]
[data_random_seed: 41]
[is_enable_sparse: 1]
[enable_bundle: 1]
[use_missing: 1]
[zero_as_missing: 0]
[feature_pre_filter: 1]
[pre_partition: 0]
[two_round: 0]
[header: 0]
[label_column: ]
[weight_column: ]
[group_column: ]
[ignore_column: ]
[categorical_feature: ]
[forcedbins_filename: ]
[precise_float_parser: 0]
[parser_config_file: ]
[objective_seed: 19169]
[num_class: 1]
[is_unbalance: 0]
[scale_pos_weight: 1]
[sigmoid: 1]
[boost_from_average: 1]
[reg_sqrt: 0]
[alpha: 0.9]
[fair_c: 1]
[poisson_max_delta_step: 0.7]
[tweedie_variance_power: 1.5]
[lambdarank_truncation_level: 30]
[lambdarank_norm: 1]
[label_gain: ]
[lambdarank_position_bias_regularization: 0]
[eval_at: ]
[multi_error_top_k: 1]
[auc_mu_weights: ]
[num_machines: 1]
[local_listen_port: 12400]
[time_out: 120]
[machine_list_filename: ]
[machines: ]
[gpu_platform_id: -1]
[gpu_device_id: -1]
[gpu_device_id_list: ]
[gpu_use_dp: 0]
[num_gpu: 1]

end of parameters

pandas_categorical:null
