tree
version=v4
num_class=1
num_tree_per_iteration=1
label_index=0
max_feature_idx=51
feature_names=Column_0 Column_1 Column_2 Column_3 Column_4 Column_5 Column_6 Column_7 Column_8 Column_9 Column_10 Column_11 Column_12 Column_13 Column_14 Column_15 Column_16 Column_17 Column_18 Column_19 Column_20 Column_21 Column_22 Column_23 Column_24 Column_25 Column_26 Column_27 Column_28 Column_29 Column_30 Column_31 Column_32 Column_33 Column_34 Column_35 Column_36 Column_37 Column_38 Column_39 Column_40 Column_41 Column_42 Column_43 Column_44 Column_45 Column_46 Column_47 Column_48 Column_49 Column_50 Column_51
feature_infos=[-1.5:1.1378085248773275] [-0.65126850471515707:0.37662757893341542] [-0.89369309109059225:0.47469057112468926] [-0.69709537970074653:0.543401177123638] [-0.42558769501258892:0.14904297998034507] [-0.6163377394831181:0.30508602410562058] [-1.2905151995717952:1.1774788477297498] [-0.56798094398185506:0.44187583633246075] [-0.74688237599969354:0.56521699076800569] [-0.56165919826588495:0.60794858683591646] [-0.29668586324092766:0.27088796598397202] [-0.54521570969690814:0.33407008527263843] [-4.8320950260756934:3.6505665213757363] [0.69314718055994529:3.1780538303479458] [0.00020218195911662692:0.8613550482540554] [1:5] [0:5] [0:5] [0:1] [0:1] [-0.80237898886916392:0.7845620406467031] [0:1] [-0.65825629227986959:0.7845620406467031] [-3:2.2018254632834284] [0:24] [-2.2475508029092017:3.1516524289230405] [-75.649192810058594:16.799999237060547] [-77.407508850097656:14.32053279876709] [-113.28507995605469:13.934700965881348] [-65.764854431152344:82.94964599609375] [-216.87321472167969:32.5] [-67.799999237060547:237.32306671142578] [0:1] [-24.34213415781657:16.799999237060547] [-89.101097106933594:32.5] [-70.730913675257142:15.425550371408463] [-22.543879124940716:15.343613442964852] [-69.293544291953253:31.116615288425237] [0:1] [0:10] [0:9] [0:4] [0:6] [0:3] [1:12] [0:1] [2:1073] [2:13] [0:4] [0:3] [0:1] [0:1]
tree_sizes=915 919 920 916 915 925 922 922 919 926 918 926 919 925 922 921 920 923 923 923 923 920 915 921 926 920 927 930 931 920 921 928 924 926 928 927 925 921 919 918 934 926 928 928 927 927 931 925 924 921 929 928 925 927 932 923 925 927 917 928 931 934 925 929 924 933 925 922 931 916 929 923 925 931 931 928 930 922 924 929 933 925 926 930 921 929 927 924 931 931 926 927 918 932 917 931 929 929 929 928 928 933 936 921 929 928 925 925 927 929 925 930 933 923 932 926 928 934 927 922 927 925 930 936 925 923 921 929 934 923 923 931 932 929 921 935 917 925 930 927 927 921 929 922 914 921 922 922 932 934 924 933 930 918 916 930 934 931 929 922 920 915 926 928 929 928 917 928 925 926 925 922 917 927 921 931 923 918 928 927 931 930 928 916 930 921 920 933 933 929 931 917 921 924 923 923 925 926 929 927 930 918 921 931 921 921 932 925 930 924 928 927 936 918 919 923 923 930 919 930 925 923 929 925 931 925 922 925 927 930 926 919 930 917 925 928 919 919 928 940 917 927 926 921 927 927 925 929 929 922 924 929 924 934 921 931 920 928 917 923 922 913 929 932 931 929 925 932 920 928 929 918 926 915 922 926 922 926 924 929 917 927 929 928 927 925 936 934 923 923 925 934 922 934 936 918 925 928 926 926 930 921 922 925 929 920 926 926 932 921 930 937 930 928 933 927 934 928 926 931 933 930 918 925 926 930 928 929 924 930 923 926 923 926 927 919 922 930 924 923 923 927 920 924 923 930 925 928 927 924 926 926 928 926 922 927 920 932 927 924 924 921 934 925 922 925 923 923 928 923 935 922 929 924 925 929 932 930 925 921 931 928 935 923 933 929 927 919 919 929 922 927 927 929 926 923 941 925 927 920

Tree=0
num_leaves=7
num_cat=0
split_feature=6 1 6 9 9 1
split_gain=11.3365 4.46796 2.6742 1.36146 1.28639 0.91291
threshold=0.16152142083573268 -0.016971396531225761 0.36371854480259908 0.023325720440886936 0.0093953318209146573 0.027704115724147747
decision_type=2 2 2 2 2 2
left_child=1 4 -2 5 -1 -3
right_child=2 3 -4 -5 -6 -7
leaf_value=-0.0037911694371683463 0.0026256128819479724 -0.0014052244379215105 0.0078234445670544994 0.0015017550870835665 -0.0014238856420709725 0.001357154510774607
leaf_weight=440.58231043179694 420.64615275402321 415.18860818573739 110.94637072843034 440.41742837664788 416.74408802195103 135.36406521470053
leaf_count=6650 4461 5465 1277 4655 5094 1445
internal_value=1.55954e-05 -0.00109759 0.00383485 0.000275945 -0.00267012 -0.000713945
internal_weight=2379.89 1848.3 531.593 990.97 857.326 550.553
internal_count=29047 23309 5738 11565 11744 6910
is_linear=0
shrinkage=0.03


Tree=1
num_leaves=7
num_cat=0
split_feature=0 1 9 0 9 8
split_gain=10.0827 4.02926 1.91326 1.78597 1.45297 1.04667
threshold=0.095660893944477784 -0.016971396531225761 -0.00083983020227340599 0.43128405499265698 -0.001550057337436919 0.19018880061373819
decision_type=2 2 2 2 2 2
left_child=1 4 5 -2 -1 -3
right_child=3 2 -4 -5 -6 -7
leaf_value=-0.0039237629576675415 0.0029154482498412555 -0.0016730309653976297 0.0013575056798472633 0.0090534854663710859 -0.0014134172241399884 0.0042900649907534026
leaf_weight=385.62262047149125 504.31686055695172 392.50561818067217 565.04504091283889 40.403237494610948 474.92580224148696 18.893862863653339
leaf_count=5943 5384 5130 6098 515 5823 259
internal_value=-2.12248e-05 -0.00108639 0.000234356 0.00352572 -0.00257049 -0.00130386
internal_weight=2381.71 1836.99 976.445 544.72 860.548 411.399
internal_count=29152 23253 11487 5899 11766 5389
is_linear=0
shrinkage=0.03


Tree=2
num_leaves=7
num_cat=0
split_feature=6 7 3 23 9 9
split_gain=9.90534 5.95361 2.08565 0.976163 0.896694 0.796946
threshold=0.23665629321744089 -0.0065878012032775978 -0.23845454229250873 0.6592022477070093 0.055715336754302701 0.023325720440886936
decision_type=2 2 2 2 2 2
left_child=1 4 -3 5 -1 -4
right_child=-2 2 3 -5 -6 -7
leaf_value=-0.0034256973250642508 0.0049436294564104708 -0.0022973059251755797 -8.903238467309108e-05 0.0049119364608239905 -0.001067355711232474 0.0015572789533089327
leaf_weight=566.28933735533792 306.83459199388744 193.66128873242997 490.83936395245837 45.174724232987501 209.81111208157381 561.63496011315146
leaf_count=8482 3338 2813 5577 501 2559 5751
internal_value=2.62136e-06 -0.000750965 0.000498533 0.0010081 -0.00280983 0.000795882
internal_weight=2374.25 2067.41 1291.31 1097.65 776.1 1052.47
internal_count=29021 25683 14642 11829 11041 11328
is_linear=0
shrinkage=0.03


Tree=3
num_leaves=7
num_cat=0
split_feature=7 6 3 8 0 9
split_gain=9.08037 5.10081 1.88507 1.4293 1.16354 0.784437
threshold=-0.0065878012032775978 0.23665629321744089 -0.23845454229250873 0.17161035903387303 -0.02450163067153199 0.10172015794999288
decision_type=2 2 2 2 2 2
left_child=4 2 -2 5 -1 -4
right_child=1 -3 3 -5 -6 -7
leaf_value=-0.0032899905150935386 -0.0021902912036445197 0.0048537616775659875 0.0002274049077706079 0.0045188281217988548 -0.00069520288867670169 0.0023391233884417612
leaf_weight=578.45846269649337 190.50032906321576 287.87662660182104 821.9092527765315 83.959743327461183 220.04960952838883 186.90712832426652
leaf_count=8505 2785 3028 8914 904 2850 1948
internal_value=-6.273e-06 0.00131614 0.000491159 0.000974231 -0.00259237 0.00063777
internal_weight=2369.66 1571.15 1283.28 1092.78 798.508 1008.82
internal_count=28934 17579 14551 11766 11355 10862
is_linear=0
shrinkage=0.03


Tree=4
num_leaves=7
num_cat=0
split_feature=6 7 6 3 2 9
split_gain=8.92954 4.55366 1.87426 1.74803 0.797337 0.756964
threshold=0.16152142083573268 -0.016929792587989 0.36371854480259908 -0.23845454229250873 -0.12258256293067527 0.10172015794999288
decision_type=2 2 2 2 2 2
left_child=1 5 -2 -3 -5 -1
right_child=2 3 -4 4 -6 -7
leaf_value=-0.0034547490028455931 0.0022594462266978389 -0.0025833002304618841 0.0065340928058338979 -0.00052758063431990567 0.0011898259205516367 -0.00036643076870080223
leaf_weight=566.17355846187274 419.86158359242836 182.59107470654999 117.1887856136309 387.55039940401912 623.41370368699427 84.43297426000936
leaf_count=8374 4454 2627 1296 4420 6740 1093
internal_value=-7.37844e-05 -0.00106719 0.0032946 3.85455e-05 0.000532744 -0.00306557
internal_weight=2381.21 1844.16 537.05 1193.56 1010.96 650.607
internal_count=29004 23254 5750 13787 11160 9467
is_linear=0
shrinkage=0.03


Tree=5
num_leaves=7
num_cat=0
split_feature=7 0 3 5 22 0
split_gain=8.70446 4.71213 1.89183 1.20977 1.15405 1.05792
threshold=-0.0051080101533378863 0.15860509857599192 -0.22822997418419208 1.0000000180025095e-35 0.078804000594955598 -0.019411122178935366
decision_type=2 2 2 2 2 2
left_child=4 2 -2 -4 5 -1
right_child=1 -3 3 -5 -6 -7
leaf_value=-0.0037177799773589915 -0.0021377881419934876 0.0043825872103846536 0.00040416827881815752 0.002855215027590207 3.9658958508019441e-05 -0.0010471886942572163
leaf_weight=483.13656570405874 202.64892518217675 343.09487298678141 791.63348234345904 226.78830216702772 137.07803712657187 196.80218785142642
leaf_count=6985 2914 3589 8712 2209 2095 2537
internal_value=2.04275e-05 0.00132956 0.000443092 0.000972438 -0.00247166 -0.00297118
internal_weight=2381.18 1564.17 1221.07 1018.42 817.017 679.939
internal_count=29041 17424 13835 10921 11617 9522
is_linear=0
shrinkage=0.03


Tree=6
num_leaves=7
num_cat=0
split_feature=7 6 9 6 2 11
split_gain=8.64343 4.62096 1.98981 1.16545 1.01341 0.665326
threshold=-0.0024204920742622658 0.25651648552478301 0.023325720440886936 -0.098891722749264346 -0.12128386504990162 0.055819465285533686
decision_type=2 2 2 2 2 2
left_child=3 2 4 -1 -2 -6
right_child=1 -3 -4 -5 5 -7
leaf_value=-0.0034211329362411847 -0.0017520636822009577 0.0050571247136321001 0.0019657343764083509 -0.0011698636826617916 -0.00015602161337889504 0.0025312686488647698
leaf_weight=424.5989729440189 282.04113202929148 252.84164565199171 580.70881394483149 425.26784569476149 316.85109501139959 101.81619891099399
leaf_count=6527 3687 2651 5895 5451 3719 1121
internal_value=8.9695e-05 0.0014316 0.000682617 -0.00232132 -0.000393458 0.000541308
internal_weight=2384.13 1534.26 1281.42 849.867 700.708 418.667
internal_count=29051 17073 14422 11978 8527 4840
is_linear=0
shrinkage=0.03


Tree=7
num_leaves=7
num_cat=0
split_feature=7 6 9 6 23 8
split_gain=8.06049 3.63466 1.28405 1.16791 0.823873 0.646146
threshold=0.0042086823490470734 0.2667575269502151 0.018007673149755699 -0.0061246907733399063 0.30260840634152114 0.013076764264284587
decision_type=2 2 2 2 2 2
left_child=3 2 4 -1 -2 -4
right_child=1 -3 5 -5 -6 -7
leaf_value=-0.0027220341269813273 -0.00073060556786684724 0.004841873806626539 0.00054495264728066735 -0.00059479318316349504 0.0020922972829954195 0.0026842243483226262
leaf_weight=671.05381787690567 475.81988348200684 233.41113521522493 218.96302035835106 362.83798061870039 105.1626394604682 314.6916849251138
leaf_count=9719 5836 2444 2271 4588 1176 3039
internal_value=-6.15238e-06 0.00151754 0.000784547 -0.00198834 -0.000192879 0.00183263
internal_weight=2381.94 1348.05 1114.64 1033.89 580.983 533.655
internal_count=29073 14766 12322 14307 7012 5310
is_linear=0
shrinkage=0.03


Tree=8
num_leaves=7
num_cat=0
split_feature=0 7 9 7 2 22
split_gain=7.14465 3.35528 1.89714 1.48232 0.927766 0.715163
threshold=0.12985551697302053 -0.026511761672540955 0.023325720440886936 0.11494993947104391 0.0035323926537009658 -0.12591592955337719
decision_type=2 2 2 2 2 2
left_child=1 5 4 -2 -3 -1
right_child=3 2 -4 -5 -6 -7
leaf_value=-0.005685515642669307 0.0020296187114317997 -0.0013884210187543199 0.0012274750133285772 0.0057585675758976152 0.0018435207553531075 -0.0022880611911568552
leaf_weight=60.733021400024882 300.8751648098696 666.02334927849006 605.26286700816127 145.88830535588204 81.911830570839811 504.35927667775832
leaf_count=1039 3346 8273 6341 1496 1027 7509
internal_value=-2.70864e-05 -0.000826112 -1.02288e-05 0.0033467 -0.00101481 -0.00274571
internal_weight=2365.05 1918.29 1353.2 446.763 747.935 565.092
internal_count=29031 24189 15641 4842 9300 8548
is_linear=0
shrinkage=0.03


Tree=9
num_leaves=7
num_cat=0
split_feature=7 1 9 2 9 7
split_gain=6.80603 2.70019 1.31816 1.23307 0.795088 0.615668
threshold=0.0053352882057605801 0.076353479001081914 0.031175920904491092 -0.12128386504990162 -0.013678457054386762 -0.077330164743557459
decision_type=2 2 2 2 2 2
left_child=2 3 5 4 -2 -1
right_child=1 -3 -4 -5 -6 -7
leaf_value=-0.0041674497983738073 -0.0019932748999545381 0.0041683464740474782 -0.00043238731006604706 0.0016439372127094308 0.00053522740982397607 -0.0019903548217315003
leaf_weight=170.75064912275411 167.15319470179384 252.46410127935815 404.32120077547734 602.44766332022846 295.80363399058115 469.11582082368841
leaf_count=3328 2287 2524 4921 6406 3145 6244
internal_value=1.07077e-05 0.00143947 -0.00178908 0.000760072 -0.000400545 -0.00262651
internal_weight=2362.06 1317.87 1044.19 1065.4 462.957 639.866
internal_count=28855 14362 14493 11838 5432 9572
is_linear=0
shrinkage=0.03


Tree=10
num_leaves=7
num_cat=0
split_feature=0 7 9 7 2 9
split_gain=6.85012 3.29057 1.6952 1.24771 0.806475 0.646353
threshold=0.13324839327893698 -0.014010867030889553 0.023325720440886936 0.12833199245291757 -0.12006328197522399 0.0023231156798794697
decision_type=2 2 2 2 2 2
left_child=1 5 4 -2 -3 -1
right_child=3 2 -4 -5 -6 -7
leaf_value=-0.0033656721276018276 0.0022810327485870609 -0.0020150902344606013 0.001357814237196734 0.0059279794515480809 5.7745810638665037e-05 -0.0014431086007445958
leaf_weight=324.53927306785772 317.03469483880326 286.30485188926104 579.96772060776129 119.73484556796029 391.71196281199809 347.55025616468629
leaf_count=5286 3491 3792 5963 1211 4666 4538
internal_value=4.21953e-05 -0.000729225 0.000179168 0.0033911 -0.000834113 -0.00240721
internal_weight=2366.84 1930.07 1257.98 436.77 678.017 672.09
internal_count=28947 24245 14421 4702 8458 9824
is_linear=0
shrinkage=0.03


Tree=11
num_leaves=7
num_cat=0
split_feature=1 1 9 20 28 5
split_gain=5.97811 2.22995 1.44124 0.84553 0.817675 0.687155
threshold=0.023404913722626024 -0.055450539438006201 0.022382051411011999 0.074720667585627579 3.5756520032882695 0.0054415274376709228
decision_type=2 2 2 2 8 2
left_child=1 3 5 -1 -4 -3
right_child=-2 2 4 -5 -6 -7
leaf_value=-0.0027833696412528424 0.0025760230024788537 -0.0015254934448273728 0.00042684854869608853 -4.9638225528855893e-06 0.0032764013101414034 0.0010139192041716449
leaf_weight=529.57032841887849 586.94470252306201 507.00029363672365 421.77134966783342 120.65761904645478 106.86280118639115 110.35269359641825
leaf_count=7699 5863 6792 4499 1912 1121 1276
internal_value=-2.68228e-05 -0.000886901 -8.6041e-05 -0.00227569 0.00105302 -0.00106264
internal_weight=2383.16 1796.22 1145.99 650.228 528.634 617.353
internal_count=29162 23299 13688 9611 5620 8068
is_linear=0
shrinkage=0.03


Tree=12
num_leaves=7
num_cat=0
split_feature=6 6 7 2 2 3
split_gain=6.40015 2.31374 1.48278 1.3968 0.786596 0.753445
threshold=0.014091474179862508 0.36371854480259908 -0.026511761672540955 -0.15246427199250287 -0.14381388199259357 -0.23845454229250873
decision_type=2 2 2 2 2 2
left_child=2 3 -1 -2 -3 -4
right_child=1 4 5 -5 -6 -7
leaf_value=-0.0029576248437556785 -0.00060144440811751995 0.0010779380959988569 -0.003116473685746338 0.0016376498157874191 0.0066770752930350331 -0.00026394157347793491
leaf_weight=480.22016787950997 355.21516183129279 35.62527892208891 89.737648369395174 808.64568868809147 83.097288955788827 521.31117023009574
leaf_count=7433 4587 439 1330 8473 881 5904
internal_value=-4.57893e-05 0.00138621 -0.00172615 0.000954967 0.0052112 -0.000726295
internal_weight=2373.85 1282.58 1091.27 1163.86 118.723 611.049
internal_count=29047 14380 14667 13060 1320 7234
is_linear=0
shrinkage=0.03


Tree=13
num_leaves=7
num_cat=0
split_feature=7 6 3 23 3 14
split_gain=5.489 3.11958 1.39443 0.910825 0.77857 0.729948
threshold=-0.0065878012032775978 0.24182712512284774 -0.23845454229250873 0.6592022477070093 -0.052461119096686167 0.39233047508114643
decision_type=2 2 2 2 2 2
left_child=4 2 -2 5 -1 -4
right_child=1 -3 3 -5 -6 -7
leaf_value=-0.0024682185107922699 -0.0019298114631881125 0.0037346259704924495 0.00077739116893160427 0.0045311856790381461 0.00016042161767678534 -0.0021628356517219816
leaf_weight=661.25874440673215 195.67630374815781 291.19035875273403 993.67307542805793 44.984388362267055 118.07049834076315 72.637204058468342
leaf_count=9873 2828 3000 11148 485 1456 299
internal_value=-2.41638e-05 0.000981604 0.000344536 0.000758641 -0.00207299 0.000558868
internal_weight=2377.49 1598.16 1306.97 1111.29 779.329 1066.31
internal_count=29089 17760 14760 11932 11329 11447
is_linear=0
shrinkage=0.03


Tree=14
num_leaves=7
num_cat=0
split_feature=6 6 6 22 31 22
split_gain=5.68233 1.90925 1.40893 1.07549 1.03791 0.82451
threshold=0.13798175151304556 -0.034900565005044369 0.36371854480259908 -0.17961477915168436 7.1145739555358896 0.078804000594955598
decision_type=2 2 2 2 8 2
left_child=1 5 -2 -3 -5 -1
right_child=2 3 -4 4 -6 -7
leaf_value=-0.0025777580705787528 0.0015842305918705858 -0.0031768849163039334 0.0051817319506674833 -0.00051798543381956501 0.0015978048575727467 9.5387986023670102e-05
leaf_weight=610.45228923895047 519.1130415344669 84.434479844756424 116.43566727472353 621.82854511935147 301.7315264735953 123.88326228765072
leaf_count=8566 5501 1176 1283 6270 4403 1926
internal_value=-9.31419e-05 -0.000979156 0.00231337 -0.000126916 0.000182964 -0.00213157
internal_weight=2377.88 1742.33 635.549 1007.99 923.56 734.336
internal_count=29125 22341 6784 11849 10673 10492
is_linear=0
shrinkage=0.03


Tree=15
num_leaves=7
num_cat=0
split_feature=0 7 0 8 3 16
split_gain=5.17802 2.26909 1.21863 1.16814 1.09193 0.947532
threshold=0.09277109581368094 -0.025502887856832423 0.43128405499265698 0.17588879559356804 -0.05448529814257571 1.0000000180025095e-35
decision_type=2 2 2 2 2 2
left_child=1 -1 -2 4 5 -3
right_child=2 3 -4 -5 -6 -7
leaf_value=-0.0023273323349973711 0.0020311579868962041 -0.00037856804457640065 0.0069393381663369561 0.0032646930349583131 0.001493020571969834 -0.0032187142983884946
leaf_weight=555.10757602343801 521.21202813633136 827.28082552441629 42.90839259637869 79.633594452636316 236.95136349945096 111.8954057583469
leaf_count=8466 5461 9755 516 942 2500 1413
internal_value=3.47788e-05 -0.000748641 0.00251885 -3.79097e-05 -0.000287162 -0.000747295
internal_weight=2374.99 1810.87 564.12 1255.76 1176.13 939.176
internal_count=29053 23076 5977 14610 13668 11168
is_linear=0
shrinkage=0.03


Tree=16
num_leaves=7
num_cat=0
split_feature=0 9 2 0 0 34
split_gain=4.61086 2.07521 1.21717 1.02589 0.946057 0.930812
threshold=0.10990866789285088 0.0023231156798794697 -0.13039092357885049 -0.070420499292836988 0.43128405499265698 -7.1850922008355447
decision_type=2 2 2 2 2 10
left_child=1 3 -3 -1 -2 -4
right_child=4 2 5 -5 -6 -7
leaf_value=-0.0029594350884907679 0.0020419563814877491 -0.00093612360855868822 0.0037653966870843107 -0.0008403242677439965 0.006393116462067399 0.00058523137629285687
leaf_weight=355.81837275333237 462.47294597764267 437.70876985212089 90.9958731563529 496.13486558781005 43.802857516944641 492.32528231182368
leaf_count=5602 4862 5368 1221 6498 524 4945
internal_value=2.34212e-05 -0.000665315 0.000247476 -0.00174944 0.00253496 0.00113643
internal_weight=2379.26 1872.98 1021.03 851.953 506.276 583.321
internal_count=29020 23634 11534 12100 5386 6166
is_linear=0
shrinkage=0.03


Tree=17
num_leaves=7
num_cat=0
split_feature=7 7 3 15 31 20
split_gain=4.94375 1.93099 1.40358 0.791262 0.780066 0.747455
threshold=-0.014010867030889553 0.13625164827640449 -0.23845454229250873 1.5000000000000002 7.317712515592576 0.078711764565629019
decision_type=2 2 2 2 8 2
left_child=5 2 -2 4 -4 -1
right_child=1 -3 3 -5 -6 -7
leaf_value=-0.0025288236888656897 -0.0015927501828336894 0.0039399535694535645 0.00067479362960083265 -0.0010585314990764901 0.0023930638973502253 7.8050085442666099e-05
leaf_weight=584.90356100126519 225.98439980659168 157.79559524025535 807.7148321615532 151.8508488231455 334.89942812614026 118.04294790810673
leaf_count=8492 3274 1523 7630 1745 4564 1888
internal_value=-1.39633e-06 0.000883209 0.000542303 0.000924387 0.00119481 -0.00209611
internal_weight=2381.19 1678.25 1520.45 1294.47 1142.61 702.947
internal_count=29116 18736 17213 13939 12194 10380
is_linear=0
shrinkage=0.03


Tree=18
num_leaves=7
num_cat=0
split_feature=1 9 7 8 7 8
split_gain=4.84806 1.77303 1.03099 0.818606 0.698501 0.54035
threshold=0.027704115724147747 -0.00083983020227340599 -0.0043389159645402745 0.09013555216051676 0.18380788343820717 -0.082836676944423732
decision_type=2 2 2 2 2 2
left_child=1 3 -3 -1 -2 -4
right_child=4 2 5 -5 -6 -7
leaf_value=-0.0022589289498760367 0.0019679654853208975 -0.0010524788384434283 -0.0018181788595088408 0.00032439926246689458 0.0054090195942330258 0.0011391926482839964
leaf_weight=655.3518478210317 508.25206783620524 431.25638853572309 52.8028006372042 129.57628767442657 55.112862646405119 545.27642905031098
leaf_count=9812 4976 5578 768 1787 551 5594
internal_value=-1.32508e-05 -0.000769481 5.19246e-05 -0.00183376 0.00239306 0.000852488
internal_weight=2377.63 1814.26 1029.34 784.928 563.365 598.079
internal_count=29066 23539 11940 11599 5527 6362
is_linear=0
shrinkage=0.03


Tree=19
num_leaves=7
num_cat=0
split_feature=1 2 28 3 20 20
split_gain=4.58346 1.6672 1.08338 0.763494 0.715545 0.645275
threshold=0.014932138176119917 -0.12442259507719146 3.4920481443405156 -0.07023774593832123 -0.051581292375768986 0.03625850364957612
decision_type=2 2 8 2 2 2
left_child=1 5 -3 -4 -2 -1
right_child=4 2 3 -5 -6 -7
leaf_value=-0.0022563806535834566 0.00023229989008302597 -0.00040484415681988636 0.00092226790092975164 0.00564995062407995 0.0026068282603214045 -0.00027796186428746269
leaf_weight=629.19794092312804 148.63836914813146 739.79853554989677 113.41336453601252 35.079371014609933 514.91792257365887 197.22256864933297
leaf_count=8980 1575 8865 1359 376 4975 2940
internal_value=-1.24301e-05 -0.00083197 7.23205e-05 0.00232513 0.00208627 -0.00179321
internal_weight=2378.27 1714.71 888.291 148.493 663.556 826.421
internal_count=29070 22520 10600 1735 6550 11920
is_linear=0
shrinkage=0.03


Tree=20
num_leaves=7
num_cat=0
split_feature=0 6 7 8 22 9
split_gain=4.22135 1.94212 1.01203 0.95695 0.783932 0.748075
threshold=-0.014113597315281166 0.23665629321744089 0.0072464800480730833 -0.06990035275415965 0.078804000594955598 0.020537998115049607
decision_type=2 2 2 2 2 2
left_child=2 3 4 -2 -1 -5
right_child=1 -3 -4 5 -6 -7
leaf_value=-0.0026822497367600317 -0.0017016308594619816 0.0030411956934687954 -6.4973141928591712e-05 -2.9076673907847106e-05 3.1547704513364837e-05 0.0016360831812831764
leaf_weight=530.79726940693217 154.21151425235439 322.00448339799186 287.284383238788 501.03804454044439 116.14375353622017 460.51664644142147
leaf_count=7693 2350 3357 3068 6101 1821 4653
internal_value=8.11043e-06 0.00102586 -0.00155248 0.000422395 -0.00220198 0.000777048
internal_weight=2372 1437.77 934.225 1115.77 646.941 961.555
internal_count=29043 16461 12582 13104 9514 10754
is_linear=0
shrinkage=0.03


Tree=21
num_leaves=7
num_cat=0
split_feature=0 6 8 2 7 20
split_gain=4.12309 1.93556 1.03668 0.80836 0.801209 0.651429
threshold=-0.021691069456108433 0.36371854480259908 0.096505437100449273 -0.14691763258225213 -0.026511761672540955 -0.16397402756179688
decision_type=2 2 2 2 2 2
left_child=4 2 5 -3 -1 -2
right_child=1 3 -4 -5 -6 -7
leaf_value=-0.002381484226716901 -0.001646424154734979 0.00046618851413871763 0.0023062825135332253 0.0059224531918168804 -0.00057982384141035776 0.00054760751278693951
leaf_weight=461.92999707475246 129.90518179332139 35.058045842044521 275.5513508101576 87.300920629524626 435.685031367786 939.72001595294569
leaf_count=7273 1762 419 3067 903 4935 10611
internal_value=6.87307e-05 0.00104604 0.000699756 0.00451247 -0.00152302 0.000268362
internal_weight=2365.15 1467.54 1345.18 122.359 897.615 1069.63
internal_count=28970 16762 15440 1322 12208 12373
is_linear=0
shrinkage=0.03


Tree=22
num_leaves=7
num_cat=0
split_feature=6 7 8 9 7 2
split_gain=3.59902 1.79737 1.37991 1.0504 0.736455 0.652835
threshold=0.19457218709914328 -0.026511761672540955 0.17161035903387303 0.023325720440886936 0.13625164827640449 -0.094548359017348094
decision_type=2 2 2 2 2 2
left_child=1 -1 3 -3 -2 -6
right_child=4 2 -4 -5 5 -7
leaf_value=-0.0020020049116825835 0.001568798406918179 -0.0010317616167294674 0.0032917940912577915 0.00068191854151081308 0.0014212079035868278 0.006181643057810912
leaf_weight=560.98813403956592 322.7816852927499 712.88074813978164 95.898588814889081 571.1596173811995 51.103478729899507 65.319612807128578
leaf_count=8632 3455 8834 1106 5873 466 639
internal_value=-2.91008e-05 -0.00058642 -6.76822e-07 -0.000270113 0.00239202 0.00436977
internal_weight=2380.13 1940.93 1379.94 1284.04 439.205 116.423
internal_count=29005 24445 15813 14707 4560 1105
is_linear=0
shrinkage=0.03


Tree=23
num_leaves=7
num_cat=0
split_feature=7 6 3 23 20 31
split_gain=3.59744 1.75401 0.8502 0.713743 0.646833 0.58286
threshold=-0.0024204920742622658 0.23665629321744089 -0.23845454229250873 0.6592022477070093 0.078711764565629019 4.8067525029182443
decision_type=2 2 2 2 2 8
left_child=4 2 -2 5 -1 -4
right_child=1 -3 3 -5 -6 -7
leaf_value=-0.001829277702459805 -0.0013747282159429794 0.0030089080984404223 -4.7414657571677025e-05 0.0041204356205088001 0.00036919052278489023 0.0013919399291085811
leaf_weight=694.40860914069344 181.96575869608205 296.83615226438269 554.39214271807577 45.462420833413489 141.65152109169867 455.08960398292402
leaf_count=9867 2678 2995 4910 483 2182 5818
internal_value=0.000115941 0.00097716 0.000469356 0.000797362 -0.00145684 0.000608757
internal_weight=2369.81 1533.75 1236.91 1054.94 836.06 1009.48
internal_count=28933 16884 13889 11211 12049 10728
is_linear=0
shrinkage=0.03


Tree=24
num_leaves=7
num_cat=0
split_feature=6 7 3 9 15 14
split_gain=3.53898 1.71474 0.966472 0.834271 0.615866 0.772926
threshold=0.16152142083573268 -0.026511761672540955 -0.23845454229250873 0.036293356546028985 1.5000000000000002 0.41698071584284324
decision_type=2 2 2 2 2 2
left_child=1 -1 -3 -2 5 -4
right_child=3 2 4 -5 -6 -7
leaf_value=-0.0020122199811748384 0.0010993090646694609 -0.0019358266135904008 0.00080896710487821035 0.0035197837178942929 -0.0014977917789493853 -0.0027064700357843324
leaf_weight=547.52000878087711 326.57892631238792 190.49796007503755 908.83312499665772 217.1977017148165 135.30615289299749 50.287938229739666
leaf_count=8511 3698 2819 10292 2040 1555 207
internal_value=9.30708e-06 -0.000622804 -1.97922e-05 0.00211221 0.000328224 0.000598623
internal_weight=2376.22 1832.45 1284.93 543.777 1094.43 959.121
internal_count=29122 23384 14873 5738 12054 10499
is_linear=0
shrinkage=0.03


Tree=25
num_leaves=7
num_cat=0
split_feature=6 1 0 22 3 31
split_gain=3.58986 1.35677 0.958844 0.945956 0.760094 0.790962
threshold=0.16152142083573268 -0.016971396531225761 0.43128405499265698 0.065706561287968632 -0.23845454229250873 4.4244567751884469
decision_type=2 2 2 2 2 8
left_child=1 3 -2 -1 -3 -6
right_child=2 4 -4 -5 5 -7
leaf_value=-0.0020390569857334831 0.0016383446385239062 -0.0018470296520264435 0.0059550201908267356 0.00049638157210518566 -0.00043589110062790043 0.001379751032538776
leaf_weight=668.07074714283226 510.473993843887 144.62265967275016 43.59055165326572 160.31137651071185 442.34024659416173 405.3128455291444
leaf_count=9306 5297 2138 513 2394 4022 5362
internal_value=-1.50845e-05 -0.000659774 0.00207751 -0.00154832 9.00596e-05 0.000438239
internal_weight=2374.72 1820.66 554.065 828.382 992.276 847.653
internal_count=29032 23222 5810 11700 11522 9384
is_linear=0
shrinkage=0.03


Tree=26
num_leaves=7
num_cat=0
split_feature=0 6 25 11 9 9
split_gain=3.02796 1.75717 1.01964 0.959736 0.694277 0.58472
threshold=-0.070420499292836988 0.36371854480259908 -0.12553892411983228 0.11541475028367247 0.070994377506521933 0.0093953318209146573
decision_type=2 2 2 2 2 2
left_child=3 2 -2 5 -4 -1
right_child=1 -3 4 -5 -6 -7
leaf_value=-0.0026871759412710754 0.0021181965398497241 0.0040015014936964953 -0.00038628479543030726 0.0030541948508502974 0.0011993883891386308 -0.0009515277185236094
leaf_weight=362.02458264572488 242.5243750771333 121.22330840592622 937.33742486353731 29.037106624571607 326.89326363976579 361.32479257366504
leaf_count=5764 2468 1308 11388 363 3339 4464
internal_value=-5.67629e-05 0.000670406 0.000377793 -0.00161833 2.99191e-05 -0.00184499
internal_weight=2380.36 1627.98 1506.76 752.386 1264.23 723.349
internal_count=29094 18503 17195 10591 14727 10228
is_linear=0
shrinkage=0.03


Tree=27
num_leaves=7
num_cat=0
split_feature=0 1 3 8 20 14
split_gain=3.14698 1.39426 0.914978 0.818998 0.677562 0.612788
threshold=-0.014113597315281166 0.076353479001081914 -0.23845454229250873 0.0027490410024839829 -0.04559983228999414 0.48282597936324062
decision_type=2 2 2 2 2 2
left_child=3 2 -2 -1 -5 -4
right_child=1 -3 5 4 -6 -7
leaf_value=-0.0023131217295955389 -0.0015300025754333537 0.0028468718264807206 0.00087032876038877968 -0.0025219091709013145 0.0001119440394283567 -0.0030098381207169598
leaf_weight=454.9884791187651 180.59945571614662 241.13002375062206 993.67812352394685 105.64443394064438 363.22799583774759 28.401173450052738
leaf_count=7038 2746 2360 11291 1314 4216 119
internal_value=-6.06363e-05 0.000812532 0.000384546 -0.00141931 -0.000521776 0.00073439
internal_weight=2367.67 1443.81 1202.68 923.861 468.872 1022.08
internal_count=29084 16516 14156 12568 5530 11410
is_linear=0
shrinkage=0.03


Tree=28
num_leaves=7
num_cat=0
split_feature=0 0 5 7 25 9
split_gain=3.03327 1.65768 0.818159 0.796429 0.637524 0.577861
threshold=-0.014113597315281166 0.25467716190514639 1.0000000180025095e-35 -0.099986507532864879 -0.18705234995231049 0.097985122183450013
decision_type=2 2 2 2 2 2
left_child=3 2 4 -1 -2 -5
right_child=1 -3 -4 5 -6 -7
leaf_value=-0.0032354380229613882 0.0020051482833656248 0.003329042553851037 0.0018033279600459624 -0.0013080535706643216 -0.00031183285418810247 0.0010044737513017646
leaf_weight=167.39087524163187 111.4919315840234 187.83507360095973 269.80369718265138 652.06680047439295 878.76408696032013 106.41255190403899
leaf_count=3286 1144 2098 2733 8071 10522 1179
internal_value=-8.11238e-05 0.000774845 0.000370881 -0.00141368 -3.35279e-05 -0.000974763
internal_weight=2373.77 1447.89 1260.06 925.87 990.256 758.479
internal_count=29033 16497 14399 12536 11666 9250
is_linear=0
shrinkage=0.03


Tree=29
num_leaves=7
num_cat=0
split_feature=6 7 8 9 6 5
split_gain=2.81096 1.78112 1.13435 1.04119 0.708266 0.494068
threshold=0.23665629321744089 -0.026511761672540955 0.17588879559356804 0.0093953318209146573 0.42668974520217573 0.0015575776623878367
decision_type=2 2 2 2 2 2
left_child=1 5 3 -3 -2 -1
right_child=4 2 -4 -5 -6 -7
leaf_value=-0.0021498584753346065 0.0017417742386055359 -0.0008991508622308241 0.0031559357280035415 0.00073746660009357692 0.0051240463323877798 0.0002495641110490387
leaf_weight=478.47908560960786 259.09381314966595 657.77603272415581 97.575495137076359 724.84785432429635 69.564092770800926 89.424503927119076
leaf_count=7533 2639 8325 1122 7416 760 1263
internal_value=5.53212e-05 -0.000361669 0.000188562 -4.20111e-05 0.00258783 -0.00177425
internal_weight=2376.76 2048.1 1480.2 1382.62 328.658 567.904
internal_count=29058 25659 16863 15741 3399 8796
is_linear=0
shrinkage=0.03


Tree=30
num_leaves=7
num_cat=0
split_feature=1 9 31 8 5 5
split_gain=3.1598 1.32177 0.865107 0.822206 0.654796 0.567963
threshold=0.013716658669713272 0.023325720440886936 4.3782451562583455 0.083843680629882594 0.05626915884245625 0.038604658147736857
decision_type=2 2 8 2 2 2
left_child=1 3 5 -1 -5 -3
right_child=-2 2 -4 4 -6 -7
leaf_value=-0.0018487034802899553 0.001709194249952146 -0.0011449191160816923 0.0012435112969868265 -0.00036115002479701565 0.0044628110965604659 0.0025375065163965463
leaf_weight=781.44048377958825 672.23231441696407 344.51596486021299 372.81713950799895 147.91020152284182 20.272464162902907 32.713134539779276
leaf_count=11492 6616 3278 5117 2001 243 283
internal_value=-1.69906e-05 -0.000705714 0.000234894 -0.00144335 0.000438152 -0.000768298
internal_weight=2371.9 1699.67 750.046 949.623 168.183 377.229
internal_count=29030 22414 8678 13736 2244 3561
is_linear=0
shrinkage=0.03


Tree=31
num_leaves=7
num_cat=0
split_feature=0 6 11 9 22 2
split_gain=2.39238 1.46428 0.952562 0.859659 0.699845 0.616172
threshold=-0.070420499292836988 0.36371854480259908 0.070211581863720243 -0.001550057337436919 -0.22711048262002828 -0.11810182111780149
decision_type=2 2 2 2 2 2
left_child=3 2 4 -1 -2 -4
right_child=1 -3 5 -5 -6 -7
leaf_value=-0.0025217782439005622 -0.0027004265319765892 0.0036570893988402773 -0.00045669640043241502 -0.00047261504892303241 0.00024195269683726259 0.0031806262135097526
leaf_weight=328.33515991354943 67.237456808157731 123.39869818638545 53.851362130197231 417.35946553814574 1244.6191890318587 148.67714288539719
leaf_count=5339 987 1304 635 5191 14141 1538
internal_value=1.33054e-06 0.000642297 0.00037426 -0.00139631 7.18568e-05 0.0022375
internal_weight=2383.48 1637.78 1514.39 745.695 1311.86 202.529
internal_count=29135 18605 17301 10530 15128 2173
is_linear=0
shrinkage=0.03


Tree=32
num_leaves=7
num_cat=0
split_feature=0 8 6 11 3 15
split_gain=2.17555 1.0607 0.88437 0.806238 0.591037 0.657777
threshold=-0.014113597315281166 -0.065582976778210053 0.34300257385827032 0.055819465285533686 -0.05448529814257571 1.5000000000000002
decision_type=2 2 2 2 2 2
left_child=3 -2 4 -1 5 -3
right_child=1 2 -4 -5 -6 -7
leaf_value=-0.00160177126521097 -0.0013039667684979759 0.00063926749161382712 0.003278023983156012 0.00067636860466688004 0.0020294923414463507 -0.0018238880627159441
leaf_weight=767.44717046513688 203.97939623036655 777.97213277837727 125.99769630064839 164.54443592153257 227.55425782466773 101.60698266630061
leaf_count=10442 3050 8542 1259 2157 2326 1227
internal_value=-7.48911e-05 0.000655833 0.000987896 -0.00119665 0.000700257 0.000337425
internal_weight=2369.1 1437.11 1233.13 931.992 1107.13 879.579
internal_count=29003 16404 13354 12599 12095 9769
is_linear=0
shrinkage=0.03


Tree=33
num_leaves=7
num_cat=0
split_feature=1 2 34 5 11 3
split_gain=2.26111 1.17547 1.05638 0.588772 0.544418 0.498671
threshold=0.013716658669713272 -0.12358074257458976 -8.5750682751337681 0.035743683369342978 0.038324417991235253 -0.05448529814257571
decision_type=2 2 10 2 2 2
left_child=1 -1 -3 5 -2 -4
right_child=4 2 3 -5 -6 -7
leaf_value=-0.0013500690086409646 0.00087250283287513837 0.0025419942798941509 -0.0010078898895398071 0.0018782803687803495 0.0026889570545959524 0.00092170471406550819
leaf_weight=819.56908088829368 460.10545354578062 137.38030003773747 503.75822668071487 93.066392472246662 221.60517951726797 148.90920304803876
leaf_count=11896 4492 2002 5978 986 2167 1613
internal_value=4.5879e-05 -0.000538974 0.000220446 -0.000235211 0.00149332 -0.000560378
internal_weight=2384.39 1702.68 883.114 745.734 681.711 652.667
internal_count=29134 22475 10579 8577 6659 7591
is_linear=0
shrinkage=0.03


Tree=34
num_leaves=7
num_cat=0
split_feature=0 9 2 34 11 31
split_gain=2.12556 1.38076 0.690042 0.951346 0.647627 0.521429
threshold=0.13324839327893698 0.0093953318209146573 -0.12358074257458976 -9.4591316580772382 -0.0025625589517281121 4.8580053746700296
decision_type=2 2 2 10 2 8
left_child=1 2 -1 -4 -3 -6
right_child=-2 4 3 -5 5 -7
leaf_value=-0.0020657015252393868 0.0018792097332282322 -0.00061408186273782459 0.0027655749907568583 -0.00093716594856658216 0.00018602537634797636 0.0019078588363978695
leaf_weight=433.20400228590006 453.95153157971799 356.04082607326563 62.666459443746135 441.03380632578046 351.94317923032213 281.32084491106798
leaf_count=6934 4718 3919 1023 5340 3285 3847
internal_value=5.56267e-05 -0.000381625 -0.00120103 -0.000431631 0.000398628 0.0009687
internal_weight=2380.16 1926.21 936.904 503.7 989.305 633.264
internal_count=29066 24348 13297 6363 11051 7132
is_linear=0
shrinkage=0.03


Tree=35
num_leaves=7
num_cat=0
split_feature=6 2 6 1 8 9
split_gain=3.0733 1.36743 0.831214 0.688381 0.604116 0.52384
threshold=0.23665629321744089 -0.13887900742504869 0.008042858460381646 0.025734717296613713 -0.031195507464356908 0.0093953318209146573
decision_type=2 2 2 2 2 2
left_child=1 3 5 -1 -2 -3
right_child=4 2 -4 -5 -6 -7
leaf_value=-0.0017358397453081508 7.4950980317808083e-05 -0.0015087029715520701 0.00091365639168263164 0.00087045297575464448 0.0032545622297961633 0.00024399832166108806
leaf_weight=707.22193338282523 67.627783164381981 294.62502728185791 640.89118340413552 98.312635518610477 262.02727315953234 304.4759733415558
leaf_count=10553 850 3906 6785 1032 2509 3422
internal_value=-2.00067e-05 -0.000456753 0.000169468 -0.00141098 0.00262369 -0.000628561
internal_weight=2375.18 2045.53 1239.99 805.535 329.655 599.101
internal_count=29057 25698 14113 11585 3359 7328
is_linear=0
shrinkage=0.03


Tree=36
num_leaves=7
num_cat=0
split_feature=2 0 28 22 1 0
split_gain=1.98605 1.28236 0.87023 0.772705 0.713599 0.594791
threshold=-0.12358074257458976 0.43128405499265698 3.5756520032882695 -0.13849726733780846 0.014932138176119917 0.050437554827161953
decision_type=2 2 8 2 2 2
left_child=3 2 4 -1 -2 -5
right_child=1 -3 -4 5 -6 -7
leaf_value=-0.0032143366650276761 -0.00028387556287902605 0.005940568388283181 0.0024846381770416972 -0.0011249292821532489 0.0012915981522166537 0.00057023762979911154
leaf_weight=113.45101034050458 726.74897425671224 31.860104118066374 177.52137525234139 683.64425252543879 389.51233975728974 247.60916789679322
leaf_count=1821 8792 346 1966 9702 3733 2707
internal_value=-3.67822e-06 0.00076477 0.000592727 -0.000976781 0.000272463 -0.000672935
internal_weight=2370.35 1325.64 1293.78 1044.7 1116.26 931.253
internal_count=29067 14837 14491 14230 12525 12409
is_linear=0
shrinkage=0.03


Tree=37
num_leaves=7
num_cat=0
split_feature=6 8 5 0 3 14
split_gain=2.25146 1.1199 0.744645 0.716905 0.629177 0.438255
threshold=-1.0000000180025095e-35 0.094868333819522685 0.0054415274376709228 0.24784494778980673 -0.21048548514267693 0.3574918387231264
decision_type=2 2 2 2 2 2
left_child=2 4 -1 5 -2 -3
right_child=1 3 -4 -5 -6 -7
leaf_value=-0.0015777330918668152 -0.0011564725414672846 0.0018637665912307642 0.00065225287954861903 0.004976423188059742 0.00059896542194311827 -0.0016038142839900663
leaf_weight=746.3313373575802 220.90708103001816 252.61866097117309 158.14323220771621 59.008710860012798 894.53295323459315 29.729111045598984
leaf_count=10623 3096 2854 1952 640 9604 123
internal_value=-1.67473e-05 0.00071169 -0.00118496 0.00218911 0.000244123 0.00145629
internal_weight=2361.27 1456.8 904.475 341.356 1115.44 282.348
internal_count=28892 16317 12575 3617 12700 2977
is_linear=0
shrinkage=0.03


Tree=38
num_leaves=7
num_cat=0
split_feature=2 7 3 3 36 6
split_gain=1.82645 1.33371 0.541915 0.489088 0.486097 0.458955
threshold=-0.12258256293067527 0.039062211674606682 -0.1778015458023888 -0.052461119096686167 3.3061308419435393 0.46566345646028368
decision_type=2 2 2 2 8 2
left_child=2 3 -1 -2 5 -3
right_child=1 4 -4 -5 -6 -7
leaf_value=-0.001781095299398657 -0.00041924715312433009 0.0012603857452825344 -0.00036941332270679577 0.0013497235053521657 0.0045163667815395336 0.0047258638027402808
leaf_weight=376.68451340662432 602.94056958865258 453.21012918179622 686.18040319799911 172.56379106806708 51.091808353317901 29.492469868448097
leaf_count=6089 7486 4464 8196 1908 509 296
internal_value=3.77427e-05 0.000785121 -0.000881658 -1.34473e-05 0.00192421 0.00156374
internal_weight=2372.16 1309.3 1062.86 775.504 533.794 482.703
internal_count=28948 14663 14285 9394 5269 4760
is_linear=0
shrinkage=0.03


Tree=39
num_leaves=7
num_cat=0
split_feature=1 8 22 5 14 6
split_gain=1.5887 1.03163 0.927863 0.906072 0.820401 0.580765
threshold=0.013716658669713272 0.1857495755438632 -0.045879365535205184 0.0093609206520028996 0.3574918387231264 -0.021584616391623918
decision_type=2 2 2 2 2 2
left_child=1 2 -1 5 -5 -4
right_child=-2 -3 3 4 -6 -7
leaf_value=-0.001840058959041572 0.0012582634033065565 0.0030207986330033168 -0.0013384191889301159 0.00235174598350971 -0.0033217515501929281 8.7715695314559316e-05
leaf_weight=401.6154948870535 675.46100843086606 63.844487953232601 449.70265329997346 169.07943002303364 17.411871790885925 580.21246445211
leaf_count=5718 6584 791 6655 2094 73 7006
internal_value=4.00253e-05 -0.000453781 -0.000608596 -0.00019032 0.00167994 -0.000541875
internal_weight=2357.33 1681.87 1618.02 1216.41 186.491 1029.92
internal_count=28921 22337 21546 15828 2167 13661
is_linear=0
shrinkage=0.03


Tree=40
num_leaves=7
num_cat=0
split_feature=1 9 11 8 7 2
split_gain=1.56173 1.2306 0.851938 0.705129 0.512077 0.471097
threshold=0.082165593606877987 -0.00083983020227340599 0.039636586419285552 0.21568786132497855 -0.11216522766871455 -0.13039092357885049
decision_type=2 2 2 2 2 2
left_child=1 3 5 4 -1 -3
right_child=-2 2 -4 -5 -6 -7
leaf_value=-0.0035459607184282998 0.0022573241461077589 -0.00083609261939261356 0.0016864438316521043 0.0033343500480331836 -0.00099892769979860268 0.00051301973022160462
leaf_weight=70.542396250792081 237.04515160576557 420.76324181829114 311.22942462901119 22.010399941937067 815.33845869859215 497.56141936057247
leaf_count=1718 2295 5098 3413 292 11027 5215
internal_value=-1.54847e-06 -0.000261405 0.000356553 -0.00109307 -0.00123906 -0.000107472
internal_weight=2374.49 2137.45 1229.55 907.891 885.881 918.325
internal_count=29058 26763 13726 13037 12745 10313
is_linear=0
shrinkage=0.03


Tree=41
num_leaves=7
num_cat=0
split_feature=0 6 15 14 3 28
split_gain=1.65887 0.982533 0.698948 0.691896 0.691235 0.687674
threshold=-0.021691069456108433 0.36371854480259908 1.5000000000000002 0.48282597936324062 -0.27401120585400146 3.936851024627686
decision_type=2 2 2 2 2 8
left_child=4 2 3 5 -1 -2
right_child=1 -3 -4 -5 -6 -7
leaf_value=-0.0032207148739363477 0.00041862196937434944 0.0030574647700052798 -0.0014269662491946118 -0.0032151221090335382 -0.00068422074447848941 0.0023438027900323194
leaf_weight=101.81815282080788 962.75117607027641 125.79952326003695 160.43404879770242 31.081229709088802 799.09605159828789 193.84113415650791
leaf_count=1898 11045 1319 1929 131 10453 2358
internal_value=4.6801e-06 0.000623284 0.000375297 0.000628633 -0.0010031 0.000758601
internal_weight=2374.82 1473.91 1348.11 1187.67 900.914 1156.59
internal_count=29133 16782 15463 13534 12351 13403
is_linear=0
shrinkage=0.03


Tree=42
num_leaves=7
num_cat=0
split_feature=0 23 35 10 20 6
split_gain=1.97034 1.17442 0.767284 0.892897 0.617463 0.506861
threshold=0.17398201701971175 0.53695668113750106 5.003676373951345 -0.033987052624992409 -0.11737841827648585 0.008042858460381646
decision_type=2 2 8 2 2 2
left_child=1 2 4 -4 -1 -6
right_child=-2 -3 3 -5 5 -7
leaf_value=-0.0021091236372736575 0.0020662793968063749 0.0028112311965149041 -0.0017512772498353719 0.0021224694607927946 -0.00099114214320153893 0.00012538199366123295
leaf_weight=237.88517321573454 352.70439814639394 91.83852878928883 66.194486255990341 178.42559243005235 793.17701982625294 668.46793040668126
leaf_count=3346 3718 1067 940 2177 10636 7221
internal_value=2.85217e-05 -0.000332863 -0.000495011 0.00104662 -0.000721728 -0.000483129
internal_weight=2388.69 2035.99 1944.15 244.62 1699.53 1461.64
internal_count=29105 25387 24320 3117 21203 17857
is_linear=0
shrinkage=0.03


Tree=43
num_leaves=7
num_cat=0
split_feature=6 8 22 7 18 0
split_gain=1.67876 0.817451 0.798638 0.732304 0.660404 0.573847
threshold=0.16416170483672582 0.21568786132497855 -0.17127458574862317 -0.12022649761984112 1.0000000180025095e-35 0.43128405499265698
decision_type=2 2 2 2 2 2
left_child=1 2 -1 -4 -5 -2
right_child=5 -3 3 4 -6 -7
leaf_value=-0.0026170324735826115 0.0011234840017352525 0.003057719503683741 -0.0025219014539514251 4.6165056375212139e-05 -0.0021655648950186586 0.0044103907413950939
leaf_weight=140.38230977658532 503.31903066387167 49.41716451162938 116.56472582876449 1398.8460153330525 123.02262708323542 45.105661456065718
leaf_count=2140 5147 550 2449 17111 1132 512
internal_value=2.75094e-05 -0.000410224 -0.000523122 -0.000328927 -0.000145593 0.00146796
internal_weight=2376.66 1828.23 1778.82 1638.43 1521.87 548.425
internal_count=29041 23382 22832 20692 18243 5659
is_linear=0
shrinkage=0.03


Tree=44
num_leaves=7
num_cat=0
split_feature=1 3 8 33 15 7
split_gain=1.69565 1.04269 0.936917 0.736824 0.672205 0.616763
threshold=0.013716658669713272 -0.05448529814257571 0.1857495755438632 -2.7783357153336206 1.5000000000000002 -0.064111362205404768
decision_type=2 2 2 10 2 2
left_child=1 2 4 -3 5 -1
right_child=-2 3 -4 -5 -6 -7
leaf_value=-0.0020355810218279308 0.0012942494850354581 0.0038512868999387309 0.0027216402374216518 0.00032356125104527218 -0.0027972029830622934 -0.00036036361393914154
leaf_weight=244.26748187432531 688.1013689992833 57.938915428181645 54.829552883747965 257.50346038150019 153.24397493066499 919.67769303821842
leaf_count=4412 6693 723 680 2882 2249 11405
internal_value=4.98564e-05 -0.000462209 -0.000819662 0.00106995 -0.000986469 -0.000726272
internal_weight=2375.56 1687.46 1372.02 315.442 1317.19 1163.95
internal_count=29044 22351 18746 3605 18066 15817
is_linear=0
shrinkage=0.03


Tree=45
num_leaves=7
num_cat=0
split_feature=2 9 6 30 11 31
split_gain=1.33218 1.03049 0.894206 0.70445 0.484654 0.446095
threshold=-0.12258256293067527 -0.00083983020227340599 0.27142463987063664 -8.7915186882019025 0.041596969771587056 5.2978154122829446
decision_type=2 2 2 10 2 8
left_child=1 -1 3 -2 -5 -3
right_child=2 5 -4 4 -6 -7
leaf_value=-0.0018129237621517494 0.0020359883188395896 -0.00062094470261255755 0.0027185311711993721 -0.00038620958849506712 0.0010647068465110948 0.0010088614123624988
leaf_weight=458.39415383699816 180.30273974309966 350.6590186348767 157.1003947352001 694.9543101080053 283.46648880135035 250.23027652467135
leaf_count=7263 2632 3430 1552 7519 2986 3652
internal_value=2.99112e-05 -0.000758055 0.000665184 0.000365912 4.06666e-05 6.31653e-05
internal_weight=2375.11 1059.28 1315.82 1158.72 978.421 600.889
internal_count=29034 14345 14689 13137 10505 7082
is_linear=0
shrinkage=0.03


Tree=46
num_leaves=7
num_cat=0
split_feature=0 34 23 10 22 11
split_gain=1.51392 0.862375 0.728356 0.646736 0.535648 0.610004
threshold=0.09277109581368094 -8.06241210301717 0.0096934542110093131 -0.040328100642748936 -0.11958833139799746 0.10214623264916185
decision_type=2 10 2 2 2 2
left_child=1 3 4 -1 -3 -6
right_child=-2 2 -4 -5 5 -7
leaf_value=-0.0014008150682620448 0.0013464770827111246 -0.0026045713468377117 0.00043779355406797381 0.0018758377193720417 -0.00096024550995907213 0.0022990260844619678
leaf_weight=63.470927679270972 578.16966494455119 165.87997572103632 378.33674722316209 213.73622518227785 912.73959977916093 45.390332089969888
leaf_count=1279 5999 2336 4151 3320 11412 537
internal_value=2.6159e-05 -0.000407934 -0.000692165 0.00110294 -0.00107301 -0.000783689
internal_weight=2357.72 1779.55 1502.35 277.207 1124.01 958.13
internal_count=29034 23035 18436 4599 14285 11949
is_linear=0
shrinkage=0.03


Tree=47
num_leaves=7
num_cat=0
split_feature=1 8 3 15 37 0
split_gain=1.37988 0.904709 0.829248 0.753628 0.75059 0.525819
threshold=0.013716658669713272 0.21568786132497855 -0.052461119096686167 1.5000000000000002 -2.711502918601036 0.43128405499265698
decision_type=2 2 2 2 10 2
left_child=1 2 3 4 -1 -2
right_child=5 -3 -4 -5 -6 -7
leaf_value=0.000738715420008693 0.0008383700712900553 0.0034951032784337104 0.00078715342676502638 -0.0028415528904084521 -0.0010618955931952191 0.0040111533874259073
leaf_weight=260.11425455668359 643.17275923883426 39.758625993563328 301.06328492824105 154.92791454750113 927.72098542016465 42.004795097105671
leaf_count=4717 6207 474 3423 2263 11383 444
internal_value=-3.77969e-05 -0.000499597 -0.000616764 -0.000935031 -0.000664719 0.00108778
internal_weight=2368.76 1683.59 1643.83 1342.76 1187.84 685.178
internal_count=28911 22260 21786 18363 16100 6651
is_linear=0
shrinkage=0.03


Tree=48
num_leaves=7
num_cat=0
split_feature=6 2 6 7 11 14
split_gain=1.60636 0.988906 0.705705 0.660718 0.5138 0.460578
threshold=0.0062496900679481675 -0.14142113188108929 0.36371854480259908 -0.10970891168744298 0.11541475028367247 0.33101708310002576
decision_type=2 2 2 2 2 2
left_child=3 -2 5 -1 -5 -3
right_child=1 2 -4 4 -6 -7
leaf_value=-0.0026035888488875765 -0.00029528387146166739 0.0013544605086821518 0.0038392941984975327 -0.00058908491202565652 0.0028257267788054726 -0.00083204270910791373
leaf_weight=139.09723633629619 466.42165553171071 696.04199792889995 87.303939532139339 856.69619228687952 31.734789371839724 92.057067036628723
leaf_count=2862 5781 7830 856 10891 376 386
internal_value=0.000135951 0.000816888 0.0014061 -0.000752572 -0.000437014 0.00109183
internal_weight=2369.35 1341.82 875.403 1027.53 888.431 788.099
internal_count=28982 14853 9072 14129 11267 8216
is_linear=0
shrinkage=0.03


Tree=49
num_leaves=7
num_cat=0
split_feature=0 23 9 31 11 2
split_gain=1.43327 0.697417 0.666669 0.667529 0.564243 0.556038
threshold=-0.011946484416646806 0.5634554578598 0.023325720440886936 5.1014833748340616 0.047295468434199968 -0.11810182111780149
decision_type=2 2 2 8 2 2
left_child=4 2 5 -4 -1 -2
right_child=1 -3 3 -5 -6 -7
leaf_value=-0.001251463453816688 -0.0011113197248926881 0.0032309462951141273 0.0003210456188174432 0.002297527171994444 0.00054021064164181233 0.00054298165592285227
leaf_weight=729.13934101414634 304.11394415231189 77.874885720899329 361.02127264323644 263.01917174441041 195.07672052376438 428.07810071232961
leaf_count=10066 4131 829 3041 3208 2598 5001
internal_value=4.42798e-05 0.000636442 0.000464907 0.00117719 -0.000871556 -0.000149843
internal_weight=2358.32 1434.11 1356.23 624.04 924.216 732.192
internal_count=28874 16210 15381 6249 12664 9132
is_linear=0
shrinkage=0.03


Tree=50
num_leaves=7
num_cat=0
split_feature=0 22 0 5 15 28
split_gain=1.39775 0.82852 0.570656 0.485284 0.376648 0.374723
threshold=-0.082834659705539646 -0.032912855154096969 0.15860509857599192 0.0063540462864922886 1.5000000000000002 -2.9223004579544063
decision_type=2 2 2 2 2 10
left_child=3 4 5 -1 -2 -3
right_child=1 2 -4 -5 -6 -7
leaf_value=-0.0014601722990734607 -0.00025287464118573373 0.001624277985650779 0.0020519616560800997 0.00065743884700760489 -0.0026955943289828487 0.00018751000662978578
leaf_weight=587.32850113388849 404.72388859992498 201.79274247965077 277.18587362009566 110.33675442659296 56.632189898518845 729.36987379737548
leaf_count=8688 4888 2762 2814 1433 742 7611
internal_value=-2.3686e-06 0.000468807 0.000879834 -0.00112071 -0.000603549 0.000512823
internal_weight=2367.37 1669.7 1208.35 697.665 461.356 931.163
internal_count=28938 18817 13187 10121 5630 10373
is_linear=0
shrinkage=0.03


Tree=51
num_leaves=7
num_cat=0
split_feature=23 0 14 16 37 4
split_gain=1.11982 0.937337 0.686267 0.721181 0.751781 0.683283
threshold=0.6592022477070093 -0.061030352456659824 0.48282597936324062 1.0000000180025095e-35 -4.7639952172214777 -0.18588143746483662
decision_type=2 2 2 2 10 2
left_child=1 -1 3 4 5 -3
right_child=-2 2 -4 -5 -6 -7
leaf_value=-0.00092446056416921427 0.0033731479835410237 -0.0012958308083314408 -0.0031136280668888619 -0.0012426073532770443 0.00039674595031393849 0.0029949870851665346
leaf_weight=738.43717658566311 79.204323789890623 34.390421279793372 39.480119362473488 182.18221153272316 1095.226400376996 184.39943139706156
leaf_count=10573 924 601 165 2163 11832 2653
internal_value=7.58782e-05 -5.32263e-05 0.000368981 0.000480938 0.00072748 0.00229338
internal_weight=2353.32 2274.12 1535.68 1496.2 1314.02 218.79
internal_count=28911 27987 17414 17249 15086 3254
is_linear=0
shrinkage=0.03


Tree=52
num_leaves=7
num_cat=0
split_feature=0 8 22 22 31 23
split_gain=1.25944 0.997208 0.627041 0.594425 0.554878 0.551314
threshold=-0.10074689009360614 0.096505437100449273 0.18698751424822957 -0.16657381231534177 7.1145739555358896 0.15993114253995475
decision_type=2 2 2 2 8 2
left_child=2 3 -1 -2 5 -5
right_child=1 -3 -4 4 -6 -7
leaf_value=-0.0013173306438215816 -0.0018289524322647934 0.0018552672222572014 0.0020993356921372437 -0.00050786346836381832 0.0012622754296113131 0.0012885543794764712
leaf_weight=600.00740013134782 119.25234864043887 366.05907992194989 43.618136311124545 680.94602809858043 371.43477106743376 187.82188402494648
leaf_count=8771 1651 3931 696 6851 5360 1756
internal_value=6.54642e-05 0.000487906 -0.00105721 0.000108859 0.000308329 -0.000109246
internal_weight=2369.14 1725.51 643.626 1359.46 1240.2 868.768
internal_count=29016 19549 9467 15618 13967 8607
is_linear=0
shrinkage=0.03


Tree=53
num_leaves=7
num_cat=0
split_feature=2 7 1 14 22 26
split_gain=1.23063 0.667245 0.559891 0.452803 0.433426 0.461579
threshold=-0.13141471107107575 0.039897863826386042 0.023404913722626024 0.41698071584284324 -0.1175780078446144 0.20993329584598544
decision_type=2 2 2 2 2 10
left_child=2 4 -1 -3 -2 -6
right_child=1 3 -4 -5 5 -7
leaf_value=-0.0011772265702233772 -0.0016267699994846571 0.0015773650588991946 0.00065221148732717393 -0.0014956022980970789 0.00092402320488308635 -0.00059515721518247884
leaf_weight=781.74631073203636 114.00468113643001 525.35855894256383 179.05401799082756 39.164896741509438 420.4552629734535 300.43475231528282
leaf_count=11508 1520 5313 1837 161 5147 3435
internal_value=-1.12103e-05 0.000554974 -0.000833087 0.00134185 1.33343e-05 0.000291416
internal_weight=2360.22 1399.42 960.8 564.523 834.895 720.89
internal_count=28921 15576 13345 5474 10102 8582
is_linear=0
shrinkage=0.03


Tree=54
num_leaves=7
num_cat=0
split_feature=6 8 3 15 23 33
split_gain=1.25969 0.970612 0.655918 0.652398 0.582769 0.577038
threshold=0.23665629321744089 0.17588879559356804 -0.05448529814257571 1.5000000000000002 -0.29784067960771393 -2.8285782039165492
decision_type=2 2 2 2 2 10
left_child=1 2 3 4 -1 -4
right_child=-2 -3 5 -5 -6 -7
leaf_value=-0.0017446425123655597 0.0016720018471147124 0.0022497118797305351 0.0031090040388496295 -0.0023526633825201766 -0.00018798643444188648 9.9635127625099891e-05
leaf_weight=259.39413502646494 332.13338962066337 116.91760590439662 61.099909683107398 185.12697111847228 1117.4384877453122 300.14818153934903
leaf_count=3974 3388 1349 732 2578 13922 3213
internal_value=-1.32145e-05 -0.000294386 -0.000459887 -0.000725851 -0.000491725 0.000678661
internal_weight=2372.26 2040.13 1923.21 1561.96 1376.83 361.248
internal_count=29156 25768 24419 20474 17896 3945
is_linear=0
shrinkage=0.03


Tree=55
num_leaves=7
num_cat=0
split_feature=23 0 0 31 3 0
split_gain=1.23787 1.22417 0.905654 0.646355 0.540341 0.394274
threshold=0.6592022477070093 0.43128405499265698 -0.070420499292836988 7.1145739555358896 -0.21520618712269954 0.14883985829859611
decision_type=2 2 2 8 2 2
left_child=1 2 -1 5 -5 -4
right_child=-2 -3 3 4 -6 -7
leaf_value=-0.0010568115190504976 0.0034759006218055542 0.0043830973059935741 -0.00052399187233698489 -0.00089452638587510626 0.0016132489323972138 0.00078233538897499034
leaf_weight=709.44743611107697 82.085335741227027 44.227535000187345 783.79540523586911 89.083192984835478 388.16148494690424 272.10122637019958
leaf_count=10223 940 487 7880 1767 5174 2531
internal_value=6.55345e-05 -7.14812e-05 -0.000178401 0.00023229 0.00113639 -0.000183174
internal_weight=2368.9 2286.82 2242.59 1533.14 477.245 1055.9
internal_count=29002 28062 27575 17352 6941 10411
is_linear=0
shrinkage=0.03


Tree=56
num_leaves=7
num_cat=0
split_feature=0 5 23 28 22 14
split_gain=1.07979 0.857364 0.648351 0.580172 0.540715 0.450502
threshold=0.12985551697302053 0.0054415274376709228 -0.29784067960771393 2.7218337059021001 0.057660533975890681 0.28840184532638774
decision_type=2 2 2 8 2 2
left_child=1 2 -1 4 5 -2
right_child=3 -3 -4 -5 -6 -7
leaf_value=-0.0018390500492897646 0.00077507243682643128 0.0010758410094238227 -0.0002726863033281669 0.0035520813461056336 0.0030978035503636705 -0.0020281797326076544
leaf_weight=283.43824027324445 270.21766811423004 340.12246200843947 1282.0250896317448 77.263613971415907 65.353972731449176 53.371233075857162
leaf_count=4287 3191 3771 16128 688 711 230
internal_value=4.90265e-05 -0.000268998 -0.000566161 0.00132728 0.000807365 0.000265778
internal_weight=2371.79 1905.59 1565.46 466.206 388.943 323.589
internal_count=29006 24186 20415 4820 4132 3421
is_linear=0
shrinkage=0.03


Tree=57
num_leaves=7
num_cat=0
split_feature=2 11 0 14 9 1
split_gain=1.13648 0.756559 0.72756 0.732885 0.588185 0.439511
threshold=-0.10307668424263151 0.083220980289434435 0.43128405499265698 0.30265471309037623 -0.0072329084628519674 0.023404913722626024
decision_type=2 2 2 2 2 2
left_child=4 2 3 -2 -1 -6
right_child=1 -3 -4 -5 5 -7
leaf_value=-0.0013833067843873809 0.00055470175272998143 0.0025870863076813736 0.0047788422467621655 -0.0018253773085088873 -0.0004505606701644841 0.0012792480917641457
leaf_weight=518.07527594541898 779.05878728447715 153.1922877135803 22.483029080613051 126.69637955725193 605.81428452243563 158.36486011435045
leaf_count=7939 9813 1640 232 546 7428 1446
internal_value=-1.13653e-05 0.000701459 0.000366006 0.00020548 -0.000613325 -8.01898e-05
internal_weight=2363.68 1081.43 928.238 905.755 1282.25 764.179
internal_count=29044 12231 10591 10359 16813 8874
is_linear=0
shrinkage=0.03


Tree=58
num_leaves=7
num_cat=0
split_feature=23 3 0 31 4 50
split_gain=1.04195 0.926 0.750267 0.609969 0.546049 0.70004
threshold=0.5634554578598 -0.25439241848900124 0.22311640574959193 4.4244567751884469 -0.11310485675779236 0.38750000000000007
decision_type=2 2 2 8 2 2
left_child=1 -1 3 -3 -5 -6
right_child=-2 2 -4 4 5 -7
leaf_value=-0.0017239584788592984 0.0026639165203979848 -0.00064723275996808648 0.001807829978515918 -0.00027038947597225526 0.00058250412408694457 0.0036445589228237076
leaf_weight=288.61818492037128 113.34468351618852 940.18351693841396 190.64937476854539 434.10489651348325 317.52925362116366 77.15634878911078
leaf_count=4803 1311 9057 1962 6454 4495 890
internal_value=-2.11348e-05 -0.000167698 6.91007e-05 -0.000127398 0.000462991 0.00125637
internal_weight=2361.59 2248.24 1959.62 1768.97 828.79 394.686
internal_count=28972 27661 22858 20896 11839 5385
is_linear=0
shrinkage=0.03


Tree=59
num_leaves=7
num_cat=0
split_feature=23 9 8 6 2 11
split_gain=1.05685 1.01088 0.608181 0.515738 0.405942 0.424937
threshold=0.6592022477070093 0.0093953318209146573 0.060473747763171735 -0.067753865702373767 -0.11076169100178429 0.070211581863720243
decision_type=2 2 2 2 2 2
left_child=1 3 -3 -1 -5 -6
right_child=-2 2 -4 4 5 -7
leaf_value=-0.0018321589139815475 0.0031930902091897081 2.9681791494087135e-05 0.0014854458402980412 -0.0010743605107834775 -0.00020246121537196424 0.0021142199145656876
leaf_weight=290.01534935271775 80.146886762959184 822.05036308785202 366.89018543317798 380.71517511529964 358.3095959352795 78.529806752689183
leaf_count=4934 926 9183 3680 5228 4262 892
internal_value=6.5163e-06 -0.000118055 0.000487553 -0.000766701 -0.000371173 0.000251999
internal_weight=2376.66 2296.51 1188.94 1107.57 817.555 436.839
internal_count=29105 28179 12863 15316 10382 5154
is_linear=0
shrinkage=0.03


Tree=60
num_leaves=7
num_cat=0
split_feature=2 22 0 34 3 35
split_gain=0.99593 0.687325 0.636216 0.634349 0.375022 0.347049
threshold=0.049266716355808975 -0.14633025568717814 0.0097190459510089217 -7.7597284168004981 -0.13576891096710533 1.0028532557189467
decision_type=2 2 2 10 2 10
left_child=1 -1 3 4 -3 -2
right_child=5 2 -4 -5 -6 -7
leaf_value=-0.001717508485866533 0.0031541699257761962 -0.00026197587674044328 0.00070128781893696738 -0.00072168918236984391 0.0021221271218985803 0.00018804920003255202
leaf_weight=228.32645989628509 102.92990651889704 108.81002656121564 710.47294804221019 1051.0904299750691 115.72619660856435 53.721823780331761
leaf_count=3269 1167 2042 7232 13117 1613 587
internal_value=-2.77109e-05 -0.000195181 -1.24428e-05 -0.000412325 0.00100488 0.0022093
internal_weight=2371.08 2214.43 1986.1 1275.63 224.536 156.652
internal_count=29027 27273 24004 16772 3655 1754
is_linear=0
shrinkage=0.03


Tree=61
num_leaves=7
num_cat=0
split_feature=3 1 15 36 27 4
split_gain=0.893419 0.666349 0.652995 0.556832 0.504063 0.603366
threshold=-0.05448529814257571 0.012773568221931363 1.5000000000000002 -2.1025767191692633 -0.48836129903793329 -0.077407502821264004
decision_type=2 2 2 10 10 2
left_child=1 2 4 -2 5 -1
right_child=3 -3 -4 -5 -6 -7
leaf_value=-0.00031160719884024547 0.0033470880389173175 0.00050366379713167285 -0.0024858263320427206 0.00060512590416140685 -0.00085558453665984823 0.0023508254540199817
leaf_weight=253.04271548968973 73.598294472205453 565.94731589045841 155.1467592662375 363.84694056445733 860.78828513930785 98.714507659213268
leaf_count=4158 861 5628 2282 3813 10853 1521
internal_value=-7.80473e-05 -0.000355967 -0.000712754 0.00113094 -0.00046741 0.000479888
internal_weight=2371.08 1933.64 1367.69 437.445 1212.55 351.757
internal_count=29116 24442 18814 4674 16532 5679
is_linear=0
shrinkage=0.03


Tree=62
num_leaves=7
num_cat=0
split_feature=9 23 22 6 8 23
split_gain=0.979523 0.682755 0.524269 0.477116 0.469538 0.364268
threshold=0.070994377506521933 0.6592022477070093 -0.14126040448979257 0.37328057453897412 0.043821519293810389 -0.29784067960771393
decision_type=2 2 2 2 2 2
left_child=1 2 -1 5 -2 -4
right_child=4 -3 3 -5 -6 -7
leaf_value=-0.0017600078080743343 0.00034988362779812842 0.0024380371504353969 -0.001351711745135063 0.00205328606012523 0.0020876223834914768 -0.00015165134768903372
leaf_weight=239.90176207714831 363.0668650586158 65.048346811643569 275.48813091084594 65.690215313166846 223.01585340610472 1139.984334377732
leaf_count=3483 3966 740 4113 671 2221 13839
internal_value=-1.87894e-05 -0.000368428 -0.000487971 -0.00027152 0.00103506 -0.000393059
internal_weight=2372.2 1786.11 1721.06 1481.16 586.083 1415.47
internal_count=29033 22846 22106 18623 6187 17952
is_linear=0
shrinkage=0.03


Tree=63
num_leaves=7
num_cat=0
split_feature=8 3 0 5 5 0
split_gain=1.05084 0.627569 0.434759 0.379329 0.332979 0.341653
threshold=0.098072561250374127 -0.27401120585400146 0.26637299733887193 0.05626915884245625 0.0054415274376709228 1.0000000180025095e-35
decision_type=2 2 2 2 2 2
left_child=1 -1 3 -2 5 -3
right_child=2 4 -4 -5 -6 -7
leaf_value=-0.0018687730152468006 0.00047960317805873832 -0.00065740418414612705 0.0036124495024515693 0.0030744651702554571 0.00077585597928213801 0.00030710825755429614
leaf_weight=199.72305022360524 341.34911962374463 929.00393219494435 53.335272407624871 50.805305896443315 292.67237776005641 502.67053738195682
leaf_count=3411 3902 12205 567 519 3134 5279
internal_value=-1.3745e-05 -0.000318993 0.00128268 0.000883869 -0.000129749 -0.000318976
internal_weight=2369.56 1924.07 445.49 392.154 1724.35 1431.67
internal_count=29017 24029 4988 4421 20618 17484
is_linear=0
shrinkage=0.03


Tree=64
num_leaves=7
num_cat=0
split_feature=2 0 5 20 22 31
split_gain=0.859497 0.704209 0.699344 0.562362 0.361879 0.353652
threshold=-0.11810182111780149 0.43128405499265698 0.038604658147736857 0.016920310110096485 0.11725936413436787 3.4341850355267529
decision_type=2 2 2 2 2 10
left_child=3 2 4 -1 -2 -5
right_child=1 -3 -4 5 -6 -7
leaf_value=-0.0011195813862058188 -0.00017564031767973868 0.0042677304410437067 0.002018641906276849 -0.0006629933253880653 0.0015439874829363221 0.0013201075048504315
leaf_weight=782.28888796883984 959.01537052147614 32.020577689982019 174.71981936960947 145.6492438231362 114.26327387901256 160.19243578147143
leaf_count=10558 10848 337 1763 1549 1339 2638
internal_value=-8.05986e-05 0.00044486 0.00031363 -0.000697143 1.99974e-05 0.000384616
internal_weight=2368.15 1280.02 1248 1088.13 1073.28 305.842
internal_count=29032 14287 13950 14745 12187 4187
is_linear=0
shrinkage=0.03


Tree=65
num_leaves=7
num_cat=0
split_feature=11 6 2 20 33 1
split_gain=0.870613 0.622582 0.492312 0.444815 0.438318 0.425279
threshold=0.11541475028367247 0.045911477314306115 -0.15162683127551821 -0.047101553536393399 -4.4328936735788966 -0.016971396531225761
decision_type=2 2 2 2 10 2
left_child=1 3 -3 5 -4 -1
right_child=-2 2 4 -5 -6 -7
leaf_value=-0.00269731141534265 0.0024611031931482288 -0.00056085053889527259 0.0028327504192917721 -0.00025825433709307749 0.00054093868334459958 -0.00049238124282099862
leaf_weight=145.45395185807138 111.53044948045863 333.44457020988921 76.321654177329037 884.9988874457049 651.52645691361977 170.7423115997517
leaf_count=2345 1222 4210 883 11813 6408 2219
internal_value=-1.28306e-05 -0.000145078 0.000382484 -0.000610504 0.000816392 -0.00155827
internal_weight=2374.02 2262.49 1061.29 1201.2 727.848 316.196
internal_count=29100 27878 11501 16377 7291 4564
is_linear=0
shrinkage=0.03


Tree=66
num_leaves=7
num_cat=0
split_feature=0 5 0 15 6 20
split_gain=0.813936 0.736355 0.620018 0.432321 0.484757 0.354032
threshold=0.43128405499265698 0.0054415274376709228 -0.082834659705539646 1.5000000000000002 0.14041157467724572 0.1162521586531305
decision_type=2 2 2 2 2 2
left_child=1 2 -1 5 -5 -4
right_child=-2 -3 3 4 -6 -7
leaf_value=-0.0011331031344455442 0.0035097239044611589 0.0010281552643997089 5.7864293620083874e-05 -0.0024650704708047552 0.00082530939987676829 0.0017096943119110498
leaf_weight=579.15411080038757 48.690918334701564 437.41868539902498 1028.6060812794021 107.26905538688879 55.243017447239254 121.84845903463429
leaf_count=8686 534 4691 11818 1343 619 1431
internal_value=2.04002e-05 -6.7222e-05 -0.000324524 3.80115e-05 -0.00136356 0.00024604
internal_weight=2378.23 2329.54 1892.12 1312.97 162.512 1150.45
internal_count=29122 28588 23897 15211 1962 13249
is_linear=0
shrinkage=0.03


Tree=67
num_leaves=7
num_cat=0
split_feature=3 23 28 2 0 15
split_gain=0.867004 0.674896 0.684532 0.48194 0.436009 0.348941
threshold=-0.25439241848900124 0.6592022477070093 3.3290115594863896 0.035388068549968198 0.0024944110686502823 1.5000000000000002
decision_type=2 2 8 2 2 2
left_child=-1 2 4 5 -2 -4
right_child=1 -3 3 -5 -6 -7
leaf_value=-0.0014787000201098848 -0.00052465328653988766 0.0028316712283398392 0.0013338741428409969 0.0047055624282902756 0.0004593802463384303 -0.0014936008001683499
leaf_weight=303.77944291438325 1027.1484192032221 74.973571068898309 249.1798466729233 25.367500193824526 655.68127196733258 37.742142074508592
leaf_count=5029 13270 796 2668 258 6649 444
internal_value=-8.75944e-06 0.000213021 0.000100985 0.00136781 -0.000140795 0.000924167
internal_weight=2373.87 2070.09 1995.12 312.289 1682.83 286.922
internal_count=29114 24085 23289 3370 19919 3112
is_linear=0
shrinkage=0.03


Tree=68
num_leaves=7
num_cat=0
split_feature=23 6 3 31 8 23
split_gain=0.800093 0.722021 0.560338 0.534465 0.349935 0.288693
threshold=0.6592022477070093 0.38423634378809263 -0.24104394687411326 4.4244567751884469 -0.0025337686025503898 -0.34673106389962388
decision_type=2 2 2 8 2 2
left_child=1 2 -1 5 -5 -4
right_child=-2 -3 3 4 -6 -7
leaf_value=-0.0013725585879694174 0.0027606345713682241 0.0022861237760831276 -0.0016401336346564279 -0.00020171162423945698 0.0010201404621807003 -0.00027030566507075306
leaf_weight=320.29559763897851 80.422587672248483 97.362861127941869 157.05465388519224 354.8965853570553 500.08700095029781 846.14986063953256
leaf_count=5327 937 997 1754 5660 6421 7816
internal_value=-7.15859e-06 -0.000116615 -0.000233955 -3.13981e-05 0.000516491 -0.000498827
internal_weight=2356.27 2275.85 2178.48 1858.19 854.984 1003.2
internal_count=28912 27975 26978 21651 12081 9570
is_linear=0
shrinkage=0.03


Tree=69
num_leaves=7
num_cat=0
split_feature=2 28 8 0 23 46
split_gain=0.738425 0.614145 0.450682 0.42682 0.3624 0.324266
threshold=-0.12258256293067527 3.4920481443405156 0.0825219497368853 0.09277109581368094 0.63824474067777626 14.500000000000002
decision_type=2 8 2 2 2 8
left_child=4 3 -3 5 -1 -2
right_child=1 2 -4 -5 -6 -7
leaf_value=-0.00066708933508670442 0.0017719739097313125 0.00074152087343129535 0.0037149461510293897 0.0011196763365802405 0.0023477744672456753 -0.00033218227028952431
leaf_weight=1007.9290447520034 62.34137112996541 114.96226070844568 74.314342961239163 329.24390627499088 27.568787937168963 738.35715455000172
leaf_count=13834 744 1227 802 3231 357 8669
internal_value=3.14956e-05 0.000500538 0.00203679 0.00022759 -0.000565134 -0.000148519
internal_weight=2354.72 1319.22 189.277 1129.94 1035.5 800.699
internal_count=28864 14673 2029 12644 14191 9413
is_linear=0
shrinkage=0.03


Tree=70
num_leaves=7
num_cat=0
split_feature=6 0 14 22 4 28
split_gain=0.755976 0.521735 0.431083 0.472002 0.547323 0.417006
threshold=0.0096351177276822967 0.43128405499265698 0.39233047508114643 -0.032912855154096969 -0.15353645157540793 -2.8463437557220455
decision_type=2 2 2 2 2 8
left_child=-1 2 3 4 -2 -5
right_child=1 -3 -4 5 -6 -7
leaf_value=-0.00059284689478118237 -0.0021874945824912955 0.0033056548653956604 -0.0016535595381473793 0.0033027968293744508 0.00036218672911709034 0.00068411168363737343
leaf_weight=1029.5658734191675 100.38691285645473 46.690994877018966 79.815689831972122 49.858635939715896 234.65626483611413 817.71943746792385
leaf_count=14280 1333 527 328 894 2842 8785
internal_value=1.4217e-05 0.000485375 0.000357912 0.000503945 -0.000443016 0.000870525
internal_weight=2358.69 1329.13 1282.44 1202.62 335.043 867.578
internal_count=28989 14709 14182 13854 4175 9679
is_linear=0
shrinkage=0.03


Tree=71
num_leaves=7
num_cat=0
split_feature=22 0 31 28 39 6
split_gain=0.814416 0.491694 0.508108 0.484585 0.606848 0.476066
threshold=-0.14335910153964015 0.15860509857599192 7.1145739555358896 2.7218337059021001 2.5000000000000004 -0.098891722749264346
decision_type=2 2 8 8 2 2
left_child=-1 2 -2 4 -3 -4
right_child=1 3 5 -5 -6 -7
leaf_value=-0.0015642462388643834 -0.0003439925087835673 -0.0019973371598677419 -0.00086005900005494741 0.0035201587984342113 0.0013218075193758482 0.0012091819922694003
leaf_weight=254.80239447709755 1221.8253950316284 53.001257960801013 121.71071100710833 57.556543186074123 231.20277264842298 429.48790347733302
leaf_count=3626 13173 458 2628 503 2522 6071
internal_value=4.61663e-06 0.000200115 -3.13895e-06 0.00122469 0.00065597 0.000745087
internal_weight=2369.59 2114.78 1773.02 341.761 284.204 551.199
internal_count=28981 25355 21872 3483 2980 8699
is_linear=0
shrinkage=0.03


Tree=72
num_leaves=7
num_cat=0
split_feature=0 22 10 5 14 46
split_gain=0.733981 0.63091 0.477702 0.44374 0.423656 0.376051
threshold=0.43128405499265698 0.078804000594955598 0.022299581761361213 -0.042159717438902615 0.3574918387231264 26.500000000000004
decision_type=2 2 2 2 2 8
left_child=1 2 4 -3 -1 -4
right_child=-2 3 5 -5 -6 -7
leaf_value=-0.0004945268225115566 0.0034029022459574382 -0.00036467406828359698 0.0016590423173288718 0.0017717500777253447 -0.0025124577920582298 -3.547109233188587e-05
leaf_weight=1115.9810417597182 45.511314191564452 129.99959059618413 135.92598267184803 240.2044724689913 93.430353119969368 610.98446507075278
leaf_count=14685 514 1646 1606 3012 389 7155
internal_value=-6.49725e-06 -8.74701e-05 -0.00030342 0.00103167 -0.000669743 0.000290748
internal_weight=2372.04 2326.53 1956.32 370.204 1209.41 746.91
internal_count=29007 28493 23835 4658 15074 8761
is_linear=0
shrinkage=0.03


Tree=73
num_leaves=7
num_cat=0
split_feature=11 0 20 25 2 35
split_gain=0.675819 0.532083 0.519288 0.397199 0.390259 0.371489
threshold=0.037595905774625286 -0.082834659705539646 0.051820253105676985 -0.50444776004145153 -0.13887900742504869 -1.6141221154895091
decision_type=2 2 2 2 2 8
left_child=1 5 4 -3 -2 -1
right_child=2 3 -4 -5 -6 -7
leaf_value=0.00036987647315758299 -0.00089241913357616899 0.0024425630174330537 0.0025453495958064612 -6.4610431560959718e-05 0.00091150030620014682 -0.0015158250128995423
leaf_weight=117.8242762156442 140.72330000187503 49.77173090679571 120.1164673360181 1163.5817079022236 376.66853568115039 397.04252826646552
leaf_count=1943 2038 514 1471 13304 4125 5638
internal_value=2.08679e-05 -0.000287395 0.000848069 5.73592e-05 0.000413241 -0.00108547
internal_weight=2365.73 1728.22 637.508 1213.35 517.392 514.867
internal_count=29033 21399 7634 13818 6163 7581
is_linear=0
shrinkage=0.03


Tree=74
num_leaves=7
num_cat=0
split_feature=3 15 6 28 4 24
split_gain=0.810486 0.657383 0.535106 0.49489 0.697387 0.387346
threshold=-0.05448529814257571 1.5000000000000002 -0.098891722749264346 -2.2047880887985225 -0.10739354001610167 1.0000000180025095e-35
decision_type=2 2 2 10 2 2
left_child=1 2 -1 4 -4 -3
right_child=-2 5 3 -5 -6 -7
leaf_value=-0.0010651729866742504 0.0011648637413674637 -0.0041528999194756274 -2.8515247598074741e-05 -6.7969695867187358e-05 0.00299431561258776 -0.0010456168621158593
leaf_weight=361.4465371989063 434.17181238668854 39.871103148499969 150.02291015762603 1089.5624024033605 116.40958180552116 174.47432157903677
leaf_count=5845 4635 616 2276 11626 1699 2292
internal_value=8.81995e-06 -0.000255663 -5.58309e-05 0.000219042 0.00135276 -0.00178296
internal_weight=2365.96 1931.79 1717.44 1355.99 266.432 214.345
internal_count=28989 24354 21446 15601 3975 2908
is_linear=0
shrinkage=0.03


Tree=75
num_leaves=7
num_cat=0
split_feature=23 6 16 28 10 20
split_gain=0.829085 0.516515 0.436059 0.49154 0.55261 0.395362
threshold=0.6592022477070093 0.18780664719232143 1.0000000180025095e-35 -4.6511518955230704 -0.040328100642748936 0.033396277566731587
decision_type=2 2 2 10 2 2
left_child=1 2 3 4 -1 -3
right_child=-2 5 -4 -5 -6 -7
leaf_value=-0.0013673196715746148 0.0028060967453975134 0.00035115386537159886 -0.0015039161441383763 -0.00031667513339327634 0.0019895468478380507 0.0024705372680958269
leaf_weight=50.851023093913682 84.417550756654236 349.10307218873641 220.76812312597758 1411.1653205602488 167.64507476561994 94.219850880268496
leaf_count=928 945 3524 3000 17221 2470 969
internal_value=5.0939e-05 -6.22002e-05 -0.0002832 -0.000109667 0.00118265 0.000846151
internal_weight=2378.17 2293.75 1850.43 1629.66 218.496 443.323
internal_count=29057 28112 23619 20619 3398 4493
is_linear=0
shrinkage=0.03


Tree=76
num_leaves=7
num_cat=0
split_feature=22 6 28 4 50 20
split_gain=0.675845 0.585913 0.541104 0.548239 0.457987 0.429878
threshold=-0.045879365535205184 0.24182712512284774 -3.0097187757492061 -0.11310485675779236 0.86607142857142871 0.19301956439588605
decision_type=2 2 10 2 2 2
left_child=4 2 3 -2 -1 -4
right_child=1 -3 5 -5 -6 -7
leaf_value=-0.00099479044614432001 2.3807613380483101e-05 0.0016815528713121941 -0.00028297678745493757 0.0027655699125236259 0.0030549810158586794 0.001778912574858099
leaf_weight=559.23982703933143 134.44975315686315 244.08819347358076 1193.8501666394586 118.57479136020993 16.742353235837072 88.489912153221667
leaf_count=7556 2181 2396 13725 1768 145 1136
internal_value=5.76007e-05 0.000346937 0.000125255 0.00136497 -0.000826948 -0.000128029
internal_weight=2355.43 1779.45 1535.36 253.025 575.982 1282.34
internal_count=28907 21206 18810 3949 7701 14861
is_linear=0
shrinkage=0.03


Tree=77
num_leaves=7
num_cat=0
split_feature=23 9 27 0 50 50
split_gain=0.65641 0.529219 0.435051 0.492915 0.41354 0.386312
threshold=0.6592022477070093 -0.00083983020227340599 0.92803868651390087 0.22311640574959193 0.9545454545454547 0.31666666666666676
decision_type=2 2 8 2 2 2
left_child=1 -1 -3 4 5 -4
right_child=-2 2 3 -5 -6 -7
leaf_value=-0.00057435470350735893 0.0025159551350700882 -7.2477865011210505e-05 0.00047684438336496562 0.003969861065467417 -0.0025651444471187978 0.0027061905763972128
leaf_weight=975.16822955285897 83.513335002178792 832.20114483562065 339.17616568366066 37.654749592009466 22.736791367642581 80.316013702424243
leaf_count=13691 951 9239 3752 354 163 893
internal_value=5.23031e-05 -4.82114e-05 0.000344216 0.00105356 0.000722953 0.000956746
internal_weight=2370.77 2287.25 1312.08 479.884 442.229 419.492
internal_count=29043 28092 14401 5162 4808 4645
is_linear=0
shrinkage=0.03


Tree=78
num_leaves=7
num_cat=0
split_feature=2 9 23 0 8 33
split_gain=0.852198 0.683028 0.403197 0.472582 0.449239 0.453721
threshold=-0.10307668424263151 0.12697815730467368 0.15993114253995475 0.41048980854476308 0.19576212233796778 -1.4780885924895604
decision_type=2 2 2 2 2 10
left_child=-1 2 3 4 -2 -6
right_child=1 -3 -4 -5 5 -7
leaf_value=-0.00053338841647537977 -0.00040378002010946017 0.0025995887534775979 0.0014661461142470248 0.0035388620992152287 0.0046460747708123949 -4.3489735740460509e-05
leaf_weight=1278.708267969545 666.60001743352041 125.60436791478423 204.82056700089015 22.411645133164711 23.434082895633765 41.347716865828261
leaf_count=16727 7848 1282 2152 220 292 452
internal_value=-1.06624e-05 0.000605072 0.000319596 -7.06091e-06 -0.000161986 0.00204735
internal_weight=2362.93 1084.22 958.614 753.793 731.382 64.7818
internal_count=28973 12246 10964 8812 8592 744
is_linear=0
shrinkage=0.03


Tree=79
num_leaves=7
num_cat=0
split_feature=3 14 5 0 22 23
split_gain=0.580986 0.627721 0.523055 0.466185 0.425081 0.347358
threshold=-0.23845454229250873 0.39233047508114643 0.010345172944352167 0.17398201701971175 -0.11958833139799746 -0.36442711546876655
decision_type=2 2 2 2 2 2
left_child=4 2 3 5 -1 -2
right_child=1 -3 -4 -5 -6 -7
leaf_value=-0.0024328805405446634 -0.0013105159522975845 -0.0018992103636647946 0.0012903665639928457 0.0012794948631076586 -0.00032076741149445208 1.266949146366048e-05
leaf_weight=137.03146526447381 202.20543774732505 120.12370036542416 346.6069800297264 214.73791413079016 214.47701173920359 1124.928972680791
leaf_count=2212 2990 495 3735 2301 3565 13687
internal_value=-8.13726e-05 0.000117335 0.000254933 1.53565e-05 -0.00118867 -0.000197227
internal_weight=2360.11 2008.6 1888.48 1541.87 351.508 1327.13
internal_count=28985 23208 22713 18978 5777 16677
is_linear=0
shrinkage=0.03


Tree=80
num_leaves=7
num_cat=0
split_feature=20 2 11 34 10 11
split_gain=0.818422 0.597601 0.54879 0.433768 0.445119 0.380884
threshold=0.033396277566731587 -0.12258256293067527 -0.032561775155470186 -7.7597284168004981 -0.068081507655543633 0.11541475028367247
decision_type=2 2 2 10 2 2
left_child=1 -1 -2 4 -3 -5
right_child=2 3 -4 5 -6 -7
leaf_value=-0.00091291872275139874 -0.00062920689521671022 -0.0020098053905275672 0.0015259281058721977 -0.00024435181598008907 0.0023352194800105152 0.0021093484659205951
leaf_weight=787.89300011654268 134.55175122618675 17.390505379706156 424.71483179670759 819.63800197662204 120.27031990489922 56.874644002877176
leaf_count=10779 1671 297 5238 8738 1653 569
internal_value=1.32743e-05 -0.000298506 0.00100549 0.000183073 0.00168738 -6.95553e-05
internal_weight=2361.33 1802.07 559.267 1014.17 137.661 876.513
internal_count=28945 22036 6909 11257 1950 9307
is_linear=0
shrinkage=0.03


Tree=81
num_leaves=7
num_cat=0
split_feature=8 22 0 15 23 23
split_gain=0.760965 0.540568 0.537846 0.417737 0.39973 0.323178
threshold=0.1017392184113864 -0.17127458574862317 0.22311640574959193 1.5000000000000002 -0.3897436099444907 0.023793512620699179
decision_type=2 2 2 2 2 2
left_child=1 -1 -2 4 -3 -5
right_child=2 3 -4 5 -6 -7
leaf_value=-0.0019213704406289105 0.00061327355801476635 -0.0010449441990674907 0.0033899312158014944 -0.0019037113483894954 0.00027554950962502516 0.00053841100915111794
leaf_weight=152.33427433139877 365.2009724023228 234.56414218439022 67.685068935767049 172.3970395080396 1310.4190575402026 61.473800191422924
leaf_count=2203 4071 3597 700 2301 15393 688
internal_value=-7.96963e-06 -0.000263946 0.00111416 -0.000112063 6.96374e-05 -0.00126604
internal_weight=2364.07 1931.19 432.886 1778.85 1544.98 233.871
internal_count=28953 24182 4771 21979 18990 2989
is_linear=0
shrinkage=0.03


Tree=82
num_leaves=7
num_cat=0
split_feature=3 15 14 1 14 5
split_gain=0.693677 0.64126 0.492177 0.476609 0.34721 0.456647
threshold=-0.05448529814257571 1.5000000000000002 0.41698071584284324 -0.14739576358016615 0.29499267845158655 1.0000000180025095e-35
decision_type=2 2 2 2 2 2
left_child=1 3 -2 -1 5 -5
right_child=2 -3 -4 4 -6 -7
leaf_value=-0.0016516614673502935 0.0013544967769810853 -0.0017451813404262379 -0.0023715137292007736 1.3559072654857791e-06 -0.00094977825461241023 0.0013104701561767462
leaf_weight=140.1931052042637 405.4182641277439 213.39048062154325 25.53551073372364 1054.8750996235176 224.98307722806931 300.37554202089086
leaf_count=2882 4494 2913 105 14223 976 3482
internal_value=1.07314e-05 -0.000233008 0.00108494 -3.64466e-05 0.000116335 0.000298979
internal_weight=2364.77 1933.82 430.954 1720.43 1580.23 1355.25
internal_count=29075 24476 4599 21563 18681 17705
is_linear=0
shrinkage=0.03


Tree=83
num_leaves=7
num_cat=0
split_feature=22 11 7 15 10 31
split_gain=0.620735 0.622159 0.456826 0.409918 0.379511 0.446749
threshold=-0.17127458574862317 0.11541475028367247 -0.11216522766871455 1.5000000000000002 -0.066940050633441314 5.246087074279786
decision_type=2 2 2 2 2 8
left_child=-1 2 -2 4 -4 -6
right_child=1 -3 3 -5 5 -7
leaf_value=-0.0016160710488026372 -0.0016271175032458408 0.0022769961718940709 -0.00078828713440042073 -0.0010141297547771936 5.7390237954263076e-05 0.0011212324958478415
leaf_weight=188.48198879079428 131.90436873381259 105.69592722336529 239.52830372293829 234.92198912001913 901.52890034613665 577.55188852484571
leaf_count=2783 2784 1122 2971 2856 8558 8078
internal_value=-9.29204e-06 0.000135638 1.6759e-05 0.000135477 0.000297578 0.00047754
internal_weight=2379.61 2191.13 2085.44 1953.53 1718.61 1479.08
internal_count=29152 26369 25247 22463 19607 16636
is_linear=0
shrinkage=0.03


Tree=84
num_leaves=7
num_cat=0
split_feature=8 3 11 28 4 37
split_gain=0.685994 0.464694 0.416559 0.394066 0.471136 0.350386
threshold=0.17588879559356804 -0.23845454229250873 0.11541475028367247 3.936851024627686 -0.19546427761834698 -6.0122673093444758
decision_type=2 2 2 8 2 10
left_child=1 -1 3 5 -5 -3
right_child=-2 2 -4 4 -6 -7
leaf_value=-0.001077995903481921 0.0019346019110668639 0.0021484109001476273 0.0021898844736476172 -0.0021345353749961877 0.0016625392734581567 -0.00022937204673200936
leaf_weight=332.6221820404171 156.54173742202693 47.91327078352333 73.859934093430638 25.374630586244166 201.9763786526164 1528.2744147099729
leaf_count=5500 1700 1106 823 342 2196 17385
internal_value=7.78373e-05 -6.18043e-05 0.000122994 2.67405e-05 0.00116667 -0.000144003
internal_weight=2366.56 2210.02 1877.4 1803.54 227.351 1576.19
internal_count=29052 27352 21852 21029 2538 18491
is_linear=0
shrinkage=0.03


Tree=85
num_leaves=7
num_cat=0
split_feature=8 6 20 37 10 10
split_gain=0.626275 0.544025 0.454098 0.520283 0.346626 0.333296
threshold=-0.082836676944423732 0.35238029990707909 0.11399151356298122 -4.7639952172214777 -0.033300705698303915 0.010216498429617629
decision_type=2 2 2 10 2 2
left_child=-1 2 3 4 -2 -5
right_child=1 -3 -4 5 -6 -7
leaf_value=-0.0012714186033500586 -0.00067111774910691652 0.0020144891574734275 0.001321634811775953 -0.00072773683763589379 0.001772918247391799 0.00016967399746461363
leaf_weight=294.20199595834129 65.311107522516977 126.79247653321363 216.19687950302614 811.23979091248475 184.56838270748267 675.88977858834551
leaf_count=5552 1066 1256 2568 8963 2557 7117
internal_value=3.73702e-07 0.000185483 5.70965e-05 -0.000106959 0.00113288 -0.000321461
internal_weight=2374.2 2080 1953.21 1737.01 249.879 1487.13
internal_count=29079 23527 22271 19703 3623 16080
is_linear=0
shrinkage=0.03


Tree=86
num_leaves=7
num_cat=0
split_feature=23 22 8 31 23 22
split_gain=0.575335 0.389408 0.317572 0.285979 0.244885 0.29674
threshold=0.6592022477070093 -0.14633025568717814 0.11402980281713519 -0.45297667384147638 -0.34673106389962388 0.075072235373632196
decision_type=2 2 2 10 2 2
left_child=1 3 4 -1 5 -3
right_child=-2 2 -4 -5 -6 -7
leaf_value=0.00075656036735210444 0.0023587674149804709 -0.0013118657949612873 0.00095875572218941433 -0.0016887491252750805 8.797062638374568e-05 0.00093961340130771813
leaf_weight=48.650153628899716 82.746948063839227 236.8010324210918 306.1596688713762 188.41237438071403 1449.6181647286576 59.206769795680884
leaf_count=576 934 3510 3292 2837 16937 918
internal_value=4.2347e-05 -5.12931e-05 8.38017e-05 -0.00117661 -7.42406e-05 -0.000845541
internal_weight=2371.6 2288.85 2051.79 237.063 1745.63 296.008
internal_count=29004 28070 24657 3413 21365 4428
is_linear=0
shrinkage=0.03


Tree=87
num_leaves=7
num_cat=0
split_feature=3 8 3 6 37 33
split_gain=0.665816 0.480563 0.446819 0.36077 0.483289 0.354985
threshold=-0.05448529814257571 0.15650755934233088 -0.24104394687411326 0.11143223992980024 2.0771728910428169 -2.1569413443406416
decision_type=2 2 2 2 10 10
left_child=1 2 -1 4 -2 -3
right_child=3 5 -4 -5 -6 -7
leaf_value=-0.001409665503821521 0.0012846724420756475 0.0034499130304823287 -0.00017771654816876561 0.0023019615076687238 -0.0011101632563003223 0.00039917067679636473
leaf_weight=315.16816702327924 203.34777913065045 37.447069561691023 1452.8956109685532 128.71265818580287 108.46885244804434 136.13569292987813
leaf_count=5252 2558 471 17337 1191 920 1445
internal_value=-1.44071e-05 -0.000254317 -0.000404012 0.00102518 0.000442992 0.00120938
internal_weight=2382.18 1941.65 1768.06 440.529 311.817 173.583
internal_count=29174 24505 22589 4669 3478 1916
is_linear=0
shrinkage=0.03


Tree=88
num_leaves=7
num_cat=0
split_feature=3 15 0 14 20 1
split_gain=0.522484 0.535147 0.450288 0.405911 0.351235 0.332837
threshold=-0.05448529814257571 1.5000000000000002 0.43128405499265698 0.41698071584284324 -0.042527351285024634 -0.1493310372628871
decision_type=2 2 2 2 2 2
left_child=1 2 5 -2 -3 -1
right_child=3 4 -4 -5 -6 -7
leaf_value=-0.0015104644565312267 0.0011388233572393125 -0.0031735126783409662 0.0028871105319300547 -0.0021907821645886496 -0.00064943871505189954 -3.4712253345621797e-06
leaf_weight=134.27944479178404 417.91104306699708 72.940580623660935 35.64802867884282 26.535356685519218 140.95300564804347 1538.0927933109051
leaf_count=2800 4584 1079 402 110 1856 18259
internal_value=-1.91408e-05 -0.000234358 -5.32659e-05 0.000896198 -0.00161348 -0.000132731
internal_weight=2366.36 1921.91 1708.02 444.446 213.894 1672.37
internal_count=29090 24396 21461 4694 2935 21059
is_linear=0
shrinkage=0.03


Tree=89
num_leaves=7
num_cat=0
split_feature=11 3 33 15 45 46
split_gain=0.697805 0.664234 0.497717 0.457784 0.411739 0.544834
threshold=0.1185615240820051 -0.05448529814257571 -2.7783357153336206 1.5000000000000002 0.23611111111111113 17.500000000000004
decision_type=2 2 10 2 10 8
left_child=1 3 -3 4 5 -1
right_child=-2 2 -4 -5 -6 -7
leaf_value=0.0021582662647565759 0.0023321741310791694 0.0030778735895757221 0.0004277935756233883 -0.0016706175010350983 -0.00089165725082634159 -9.5101927544195215e-05
leaf_weight=96.633038864121772 97.823565559694543 68.882411679951474 357.80049126414815 209.73300412565004 528.41395049646962 1016.3753773127974
leaf_count=984 1084 815 3696 2880 7220 12427
internal_value=-2.64254e-05 -0.000137468 0.000916301 -0.000383976 -0.000210454 0.000118015
internal_weight=2375.66 2277.84 426.683 1851.16 1641.42 1113.01
internal_count=29106 28022 4511 23511 20631 13411
is_linear=0
shrinkage=0.03


Tree=90
num_leaves=7
num_cat=0
split_feature=14 10 46 37 20 30
split_gain=0.579346 0.444841 0.468899 0.459875 0.424362 0.399381
threshold=0.39233047508114643 0.020192893228201465 25.500000000000004 -4.7639952172214777 0.078711764565629019 2.2592194080352788
decision_type=2 2 8 10 2 10
left_child=1 4 -3 -4 -1 -2
right_child=5 2 3 -5 -6 -7
leaf_value=-0.0004439329628825027 -0.002974550997749481 0.002160923176418699 0.0022948794170973077 4.4923627896171434e-05 0.00098104068242363244 0.00029562843230112186
leaf_weight=1140.7251437958621 84.85825189948082 143.48205612727907 83.654153313764255 647.09176018717699 215.15561073401477 49.462559506297112
leaf_count=14790 350 1835 1390 7548 2885 204
internal_value=9.08301e-06 0.000127739 0.000651537 0.000329997 -0.000212286 -0.00183329
internal_weight=2364.43 2230.11 874.228 730.746 1355.88 134.321
internal_count=29002 28448 10773 8938 17675 554
is_linear=0
shrinkage=0.03


Tree=91
num_leaves=7
num_cat=0
split_feature=6 5 14 9 31 0
split_gain=0.559836 0.429286 0.589525 0.361504 0.478813 0.300678
threshold=0.36371854480259908 0.0054415274376709228 0.30265471309037623 0.023325720440886936 4.3782451562583455 0.015936908556869359
decision_type=2 2 2 2 8 2
left_child=1 3 5 -1 -5 -3
right_child=-2 2 -4 4 -6 -7
leaf_value=-0.00070768476851265638 0.0018367953258223249 0.0018848579838427527 -0.0016963663913156192 -0.00053095294407867982 0.00091662623822123801 0.00010743439963475059
leaf_weight=1008.6789091340324 128.11400034243707 215.79045522050001 66.8764937967062 434.5438559820177 372.99723476573126 140.06023045338225
leaf_count=14248 1305 2817 287 3946 4971 1455
internal_value=-1.72015e-05 -0.000130984 0.000719377 -0.000331762 0.000140707 0.00120734
internal_weight=2367.06 2238.95 422.727 1816.22 807.541 355.851
internal_count=29029 27724 4559 23165 8917 4272
is_linear=0
shrinkage=0.03


Tree=92
num_leaves=7
num_cat=0
split_feature=22 6 28 23 20 39
split_gain=0.586896 0.431468 0.685601 0.463844 0.339068 0.36916
threshold=-0.14633025568717814 0.23665629321744089 2.5611455440521245 0.6592022477070093 0.053797648712828272 3.5000000000000004
decision_type=2 2 8 2 2 2
left_child=-1 3 4 -2 5 -3
right_child=1 2 -4 -5 -6 -7
leaf_value=-0.0013164116790026312 -4.1678465445485596e-05 -0.0019502718689591615 0.003834634938526578 0.0025798470947686488 0.002502286910982848 0.00072777740626343412
leaf_weight=238.08606742619304 1769.6435129279853 57.639139597536996 61.686635375022888 52.894655671087094 47.099263344425708 137.21039078541799
leaf_count=3464 21856 502 508 612 503 1458
internal_value=6.50708e-05 0.000225206 0.00125302 4.80676e-05 0.000468748 -0.000120959
internal_weight=2364.26 2126.17 303.635 1822.54 241.949 194.85
internal_count=28903 25439 2971 22468 2463 1960
is_linear=0
shrinkage=0.03


Tree=93
num_leaves=7
num_cat=0
split_feature=23 14 28 22 1 3
split_gain=0.741319 0.625028 0.436515 0.423218 0.455376 0.423135
threshold=0.6592022477070093 0.54871700466447615 -4.8387625217437735 0.078804000594955598 0.013716658669713272 -0.13576891096710533
decision_type=2 2 10 2 2 2
left_child=1 2 5 4 -4 -1
right_child=-2 -3 3 -5 -6 -7
leaf_value=-2.2990679834226093e-05 0.0027443215373444633 -0.0039808471031871689 -0.00063946374388151937 0.00085280074070055744 0.00043537554107015537 0.0023136904116413197
leaf_weight=138.94564059344702 80.320147161721252 25.423361569643021 1160.5860031408083 325.61542219057446 500.76955838737194 129.65169075474842
leaf_count=2501 917 110 15057 3990 4746 1674
internal_value=7.86827e-05 -2.6751e-05 3.51915e-05 -0.000120161 -0.000314817 0.00114749
internal_weight=2361.31 2280.99 2255.57 1986.97 1661.36 268.597
internal_count=28995 28078 27968 23793 19803 4175
is_linear=0
shrinkage=0.03


Tree=94
num_leaves=7
num_cat=0
split_feature=0 14 11 3 34 29
split_gain=0.542012 0.37553 0.393814 0.36586 0.440867 0.416717
threshold=0.51080298209407771 0.39233047508114643 0.1185615240820051 -0.05448529814257571 0.9394595821698507 -1.5645492076873777
decision_type=2 2 2 2 10 10
left_child=1 2 3 -1 5 -5
right_child=-2 -3 -4 4 -6 -7
leaf_value=-0.00019013545983260279 0.0038691756760995 -0.0014709226869065453 0.0019115940874274472 0.0024016384702619646 -0.00075216885027754986 9.7435426652122802e-05
leaf_weight=1740.5372312900581 22.807132031477522 139.1431587561965 91.290429480315652 157.99169132480165 109.50726028368808 123.4079970571911
leaf_count=22970 262 574 1053 2037 949 1349
internal_value=3.96335e-05 -1.35027e-05 8.39111e-05 -2.9302e-06 0.000814564 0.00142915
internal_weight=2384.68 2361.88 2222.73 2131.44 390.907 281.4
internal_count=29194 28932 28358 27305 4335 3386
is_linear=0
shrinkage=0.03


Tree=95
num_leaves=7
num_cat=0
split_feature=23 0 14 2 17 34
split_gain=0.642613 0.598073 0.465338 0.488166 0.489357 0.468495
threshold=0.6592022477070093 0.51080298209407771 0.39233047508114643 -0.13887900742504869 1.0000000180025095e-35 4.4953301946322126
decision_type=2 2 2 2 2 8
left_child=1 2 3 -1 5 -5
right_child=-2 -3 -4 4 -6 -7
leaf_value=-0.0006315017926186334 0.0024561014578689585 0.0040698416403562258 -0.0018346185671542234 0.00027951817636783297 -0.0012198005611318758 0.0021059932367813224
leaf_weight=833.75964256952284 80.219699177891016 20.206400469818618 133.36740517616272 1010.1722148307017 158.69593118212651 135.27998718997696
leaf_count=12254 910 235 550 11595 1941 1557
internal_value=-2.77097e-05 -0.000124956 -0.000179952 -6.86695e-05 0.000293224 0.000511588
internal_weight=2371.7 2291.48 2271.28 2137.91 1304.15 1145.45
internal_count=29042 28132 27897 27347 15093 13152
is_linear=0
shrinkage=0.03


Tree=96
num_leaves=7
num_cat=0
split_feature=3 15 6 14 36 8
split_gain=0.555334 0.518234 0.470245 0.421246 0.402297 0.350394
threshold=-0.05448529814257571 1.5000000000000002 -0.067753865702373767 0.41698071584284324 -1.5023717474476952 0.045754104643065181
decision_type=2 2 2 2 10 2
left_child=1 2 -1 4 -2 -6
right_child=3 -3 -4 -5 5 -7
leaf_value=-0.00096446023494606791 0.0027585427353856327 -0.0016514788866301166 0.00016984985534890853 -0.0023042171452240072 -0.00012282886473252334 0.0019423549545030368
leaf_weight=431.20980454536038 93.273765233869199 214.98294296057429 1284.2419524487923 25.680027961730957 216.5157612185576 101.44052018970251
leaf_count=6756 1116 2918 14730 106 2375 1028
internal_value=-7.82184e-05 -0.000297489 -0.000119217 0.000875579 0.00112414 0.000575181
internal_weight=2367.34 1930.43 1715.45 436.91 411.23 317.956
internal_count=29029 24404 21486 4625 4519 3403
is_linear=0
shrinkage=0.03


Tree=97
num_leaves=7
num_cat=0
split_feature=0 23 30 2 20 4
split_gain=0.540246 0.489017 0.362498 0.412764 0.353562 0.305308
threshold=0.43128405499265698 0.27114193562210215 -5.04211401939392 0.092820933508002232 0.033396277566731587 -0.10672938198275451
decision_type=2 2 10 2 2 2
left_child=1 2 3 5 -4 -1
right_child=-2 -3 4 -5 -6 -7
leaf_value=-0.00043124167969798622 0.0028058811018280105 0.00096829028243980311 -0.00077254101922139766 0.0042261895639169877 0.00031025338295921385 0.0010097530621745038
leaf_weight=288.81802877146401 49.260586323565803 324.29027583371499 1117.1137608964636 14.211185467196627 351.36401486181421 228.19126191845862
leaf_count=4821 525 3501 12583 224 3932 3424
internal_value=-2.29462e-05 -9.46725e-05 -0.000271013 0.000395352 -0.000513114 0.000211859
internal_weight=2373.25 2323.99 1999.7 531.22 1468.48 517.009
internal_count=29010 28485 24984 8469 16515 8245
is_linear=0
shrinkage=0.03


Tree=98
num_leaves=7
num_cat=0
split_feature=23 8 14 27 3 17
split_gain=0.616945 0.436103 0.464742 0.505058 0.39746 0.377443
threshold=0.6592022477070093 -0.065582976778210053 0.41698071584284324 0.35734252631664282 -0.052461119096686167 1.0000000180025095e-35
decision_type=2 2 2 8 2 2
left_child=1 -1 4 -4 5 -3
right_child=-2 2 3 -5 -6 -7
leaf_value=-0.0010557157671865732 0.0023893479486835826 0.00012649420450390125 -0.003674952471451574 0.00036279934970729087 0.0010844882778805397 -0.0013402139669313699
leaf_weight=376.06323702447116 80.493173099355772 1307.3598477693158 50.806248649954796 48.463355548679829 332.3939519035921 169.42945883132052
leaf_count=6629 910 15374 209 200 3482 2200
internal_value=-4.04698e-05 -0.000136123 4.96427e-05 -0.00185092 0.000163528 -4.9661e-05
internal_weight=2365.01 2284.52 1908.45 99.2696 1809.18 1476.79
internal_count=29004 28094 21465 409 21056 17574
is_linear=0
shrinkage=0.03


Tree=99
num_leaves=7
num_cat=0
split_feature=14 20 34 4 20 13
split_gain=0.675981 0.528973 0.633491 0.490061 0.425844 0.415297
threshold=0.39233047508114643 -0.14473202904713631 -7.7597284168004981 -0.10595612851939977 0.016920310110096485 2.249904835165133
decision_type=2 2 10 2 2 2
left_child=1 5 3 -3 -4 -1
right_child=-2 2 4 -5 -6 -7
leaf_value=0.00032167623412526119 -0.0019686395124914034 0.00047008587026594646 -0.00022678375114232237 0.0031203561637625143 0.00079044179084972839 -0.0020372966596658303
leaf_weight=108.17335959515185 136.91904517263174 143.982936778164 1171.7070705235528 107.54627373346011 529.65790297876811 157.34825544492924
leaf_count=1313 565 2517 13910 1672 6398 2642
internal_value=2.36437e-06 0.000132302 0.000304524 0.00167924 9.26607e-05 -0.00109946
internal_weight=2355.33 2218.42 1952.89 251.529 1701.36 265.522
internal_count=29017 28452 24497 4189 20308 3955
is_linear=0
shrinkage=0.03


Tree=100
num_leaves=7
num_cat=0
split_feature=22 23 49 6 7 24
split_gain=0.518963 0.436709 0.414876 0.36769 0.282929 0.272107
threshold=-0.032912855154096969 0.63824474067777626 1.0000000180025095e-35 0.37328057453897412 -0.031087146515573903 7.5000000000000009
decision_type=2 2 2 2 2 2
left_child=2 3 4 5 -1 -2
right_child=1 -3 -4 -5 -6 -7
leaf_value=-0.0019696446721779504 4.9975092715715342e-05 0.0025725914441002912 0.0027806258936310421 0.002164405739337696 -0.00042717420337690055 0.0014915573620873479
leaf_weight=131.02953819808317 1483.0346907928324 67.780494965263642 21.179456272395328 77.454372592212167 481.10815019070287 118.0941333755618
leaf_count=2269 17748 740 190 768 5863 1528
internal_value=0.00010637 0.000372963 -0.000623127 0.000269434 -0.000783696 0.000164899
internal_weight=2379.68 1746.36 633.317 1678.58 612.138 1601.13
internal_count=29106 20784 8322 20044 8132 19276
is_linear=0
shrinkage=0.03


Tree=101
num_leaves=7
num_cat=0
split_feature=10 8 6 35 11 6
split_gain=0.449287 0.585145 0.332855 0.325371 0.344141 0.316777
threshold=0.0062204845710711757 -0.082836676944423732 0.42668974520217573 -4.0019205439835774 0.037595905774625286 -0.012909618092655449
decision_type=2 2 2 10 2 2
left_child=-1 -2 3 -3 5 -5
right_child=1 2 -4 4 -6 -7
leaf_value=-0.00040583811338369517 -0.0014022451668650134 0.0017906183011744071 0.0030859717754948769 -0.0010684909793880289 0.0012447976187101948 0.00038678496729364193
leaf_weight=1219.6985994136776 130.49364041001536 147.18137531809043 39.179360032314435 191.08163214332308 233.09530295687728 397.67200854298426
leaf_count=15561 2289 1749 378 2324 2551 4053
internal_value=-7.35313e-06 0.000419293 0.000666513 0.000538169 0.000295044 -9.54859e-05
internal_weight=2358.4 1138.7 1008.21 969.03 821.849 588.754
internal_count=28905 13344 11055 10677 8928 6377
is_linear=0
shrinkage=0.03


Tree=102
num_leaves=7
num_cat=0
split_feature=14 2 16 20 24 3
split_gain=0.542814 0.478905 0.416663 0.369124 0.462915 0.312939
threshold=0.29499267845158655 -0.13887900742504869 1.0000000180025095e-35 0.015499765050349739 1.5000000000000002 -0.32564364217597136
decision_type=2 2 2 2 2 2
left_child=1 3 5 -1 -5 -3
right_child=-2 2 -4 4 -6 -7
leaf_value=-0.00086684243518028281 -0.0011822377897915469 -0.0013582725497096307 -0.00094090103432133794 -0.0013407331741229689 0.0014174625176818219 0.00080659082393864955
leaf_weight=566.72552547673695 330.89346777647734 54.89657810179051 153.88117812894052 71.924810638593044 158.53366137837293 1031.4592258760968
leaf_count=8780 1436 858 1985 1166 2355 12407
internal_value=-7.40895e-05 0.000110778 0.00047806 -0.000459473 0.000536687 0.000685803
internal_weight=2368.31 2037.42 1240.24 797.184 230.458 1086.36
internal_count=28987 27551 15250 12301 3521 13265
is_linear=0
shrinkage=0.03


Tree=103
num_leaves=7
num_cat=0
split_feature=8 6 15 6 14 27
split_gain=0.72589 0.376272 0.54638 0.391719 0.327013 0.293472
threshold=0.17588879559356804 -0.067753865702373767 1.5000000000000002 0.10131665326871787 0.48282597936324062 0.24174065142869952
decision_type=2 2 2 2 2 8
left_child=1 -1 4 -4 -3 -5
right_child=-2 2 3 5 -6 -7
leaf_value=-0.00079240417389180853 0.0019464463008628064 0.00038627927043472909 -0.0024354823329001104 -0.001590478457841545 -0.0021583442289095566 0.0015348258134179566
leaf_weight=559.51393185756751 153.0622893529362 1414.0262136443926 111.57636288568028 38.688412303919904 37.105496294796467 50.942914111539721
leaf_count=8622 1685 16102 1425 439 156 553
internal_value=1.45313e-05 -0.000127318 0.000101305 -0.0013257 0.000306887 0.000161585
internal_weight=2364.92 2211.85 1652.34 201.208 1451.13 89.6313
internal_count=28982 27297 18675 2417 16258 992
is_linear=0
shrinkage=0.03


Tree=104
num_leaves=7
num_cat=0
split_feature=0 5 14 22 6 34
split_gain=0.563914 0.416855 0.391003 0.306483 0.27278 0.370217
threshold=0.43128405499265698 0.0054415274376709228 0.37241343134243193 -0.045879365535205184 0.13798175151304556 -3.3355445315440488
decision_type=2 2 2 2 2 8
left_child=1 4 3 -3 -1 -6
right_child=-2 2 -4 -5 5 -7
leaf_value=-0.00050865797131235979 0.0029289232634333333 -0.00047312306013753643 -0.0018914223853598328 0.0014365872284383245 -0.0011024834377723674 0.00079871050790354399
leaf_weight=1414.6871749383135 46.407835541758686 93.506757287541404 37.780866965651512 311.2209608515841 114.02364749042317 353.33634381863521
leaf_count=18893 512 1126 157 3461 1580 3336
internal_value=-3.52299e-05 -0.000106699 0.000711847 0.000994606 -0.000301902 0.00032149
internal_weight=2370.96 2324.56 442.509 404.728 1882.05 467.36
internal_count=29065 28553 4744 4587 23809 4916
is_linear=0
shrinkage=0.03


Tree=105
num_leaves=7
num_cat=0
split_feature=2 10 20 46 34 28
split_gain=0.378569 0.423788 0.398103 0.377472 0.377341 0.373434
threshold=-0.15768710196335237 0.020192893228201465 0.033396277566731587 48.500000000000007 -7.9077686468760158 3.936851024627686
decision_type=2 2 2 8 10 10
left_child=2 -2 5 -3 -5 -1
right_child=1 3 -4 4 -6 -7
leaf_value=-0.0010736928864860671 -6.0433917645650536e-05 0.0019951471588249042 0.00075018850478329648 0.0025574553784751784 0.0001167490440531552 0.0023203865491886006
leaf_weight=505.06117997661931 987.80212067477987 193.74683812641888 167.75118538108654 55.915076370874885 430.32695756276371 21.692161562852561
leaf_count=7786 11075 2089 2644 772 4442 201
internal_value=9.27599e-05 0.000337459 -0.000491313 0.000907968 0.000443297 -0.000893296
internal_weight=2362.3 1667.79 694.505 679.989 486.242 526.753
internal_count=29009 18378 10631 7303 5214 7987
is_linear=0
shrinkage=0.03


Tree=106
num_leaves=7
num_cat=0
split_feature=0 11 20 10 12 9
split_gain=0.459148 0.40817 0.352082 0.2951 0.370049 0.263216
threshold=0.51080298209407771 0.037595905774625286 -0.03365419083972529 0.025054346025492086 1.2173076213701333 0.0023231156798794697
decision_type=2 2 2 2 2 2
left_child=1 -1 -3 4 5 -4
right_child=-2 2 3 -5 -6 -7
leaf_value=-0.00031299914832248158 0.0034711430545689087 -0.00054320767140566043 -0.0002926281683897677 0.0019670285953063658 -0.0012001487609869038 0.0018624740477214438
leaf_weight=1718.1712778136134 23.359007650811691 176.54937276584678 77.428666983847506 168.71161385331652 83.059672705829144 126.95481673657196
leaf_count=21252 266 2251 1293 1873 428 1702
internal_value=-2.39579e-05 -7.32419e-05 0.000572582 0.00100682 0.00039606 0.00107047
internal_weight=2374.23 2350.88 632.704 456.155 287.443 204.383
internal_count=29065 28799 7547 5296 3423 2995
is_linear=0
shrinkage=0.03


Tree=107
num_leaves=7
num_cat=0
split_feature=11 15 24 9 28 34
split_gain=0.385629 0.303214 0.402567 0.303055 0.269792 0.263104
threshold=0.12604534201053932 1.5000000000000002 2.5000000000000004 0.11227022819925254 1.6219857931137087 0.9394595821698507
decision_type=2 2 2 2 10 10
left_child=1 3 4 -1 -3 -5
right_child=-2 2 -4 5 -6 -7
leaf_value=-0.00011783843318658307 0.0018723091123139788 -0.0026440110910141935 0.00023776481397171624 0.0014561972948895169 0.0003473242287911646 -0.00065849344196309179
leaf_weight=1749.9786327456532 82.706788576964755 116.93147513730219 124.66314409102779 204.41713783174055 31.788531278725713 63.776503510540351
leaf_count=21729 880 1669 1578 2374 315 502
internal_value=-2.48467e-05 -0.000101156 -0.00102009 2.77389e-05 -0.00202302 0.000947729
internal_weight=2374.26 2291.56 273.383 2018.17 148.72 268.194
internal_count=29047 28167 3562 24605 1984 2876
is_linear=0
shrinkage=0.03


Tree=108
num_leaves=7
num_cat=0
split_feature=11 0 36 3 31 31
split_gain=0.562129 0.328254 0.2956 0.283381 0.29847 0.259525
threshold=0.1185615240820051 0.43128405499265698 -1.1233726574314964 -0.24368060096303876 5.6875586509704599 5.4663106529042134
decision_type=2 2 8 2 10 8
left_child=1 3 -2 4 -1 -5
right_child=2 -3 -4 5 -6 -7
leaf_value=-0.00029670753213819435 -0.00085146368190249801 0.0022255029246342753 0.0028282413188647081 -0.00028380330694749672 -0.0022136778624671678 0.00043178258559202351
leaf_weight=219.31844108959194 20.038014719146304 43.759747559553944 81.422847767942585 1163.9742542477034 102.58701855683466 735.99163407381275
leaf_count=2982 246 467 863 11469 2395 10619
internal_value=1.02178e-05 -9.17113e-05 0.00209033 -0.000147116 -0.00095591 -5.79674e-06
internal_weight=2367.09 2265.63 101.461 2221.87 321.905 1899.97
internal_count=29041 27932 1109 27465 5377 22088
is_linear=0
shrinkage=0.03


Tree=109
num_leaves=7
num_cat=0
split_feature=5 3 39 15 23 27
split_gain=0.389238 0.299959 0.406119 0.299207 0.313287 0.244043
threshold=0.040109670895406728 -0.05448529814257571 5.5000000000000009 1.5000000000000002 0.074064324804505657 0.37970060110092169
decision_type=2 2 2 2 2 8
left_child=1 3 5 -1 -5 -3
right_child=-2 2 -4 4 -6 -7
leaf_value=-0.00019260784359856819 0.0011020792998360431 0.00034315299360241307 -0.00032471160884063111 -0.0020336930617141915 0.00067581126787238151 0.0025020047767230491
leaf_weight=1546.5440163186868 232.26336044957861 89.725648573308717 216.33224101443193 151.42359020284493 44.945599928381853 98.600956870359369
leaf_count=19661 2426 908 2393 2190 528 992
internal_value=-3.82929e-05 -0.000166162 0.000560578 -0.000337128 -0.00141084 0.00154261
internal_weight=2379.84 2147.57 404.659 1742.91 196.369 188.327
internal_count=29098 26672 4293 22379 2718 1900
is_linear=0
shrinkage=0.03


Tree=110
num_leaves=7
num_cat=0
split_feature=14 2 11 6 20 39
split_gain=0.462822 0.384461 0.344461 0.305094 0.254279 0.423422
threshold=0.54871700466447615 -0.13887900742504869 0.13054892327865072 0.46566345646028368 0.016920310110096485 1.5000000000000002
decision_type=2 2 2 2 2 2
left_child=1 4 3 -3 -1 -6
right_child=-2 2 -4 -5 5 -7
leaf_value=-0.00068130023048810053 -0.0033183779237089552 0.00022811725993377515 0.0024134517171348871 0.002757328185835697 -0.0025539617432714943 0.00089230116684913734
leaf_weight=642.92056732927449 25.793283581733704 1354.8108244995965 64.208310285233893 34.477671054715756 27.41870486352127 222.78603474848205
leaf_count=9110 112 15128 660 332 389 3214
internal_value=6.78359e-05 0.000118979 0.000418911 0.000310141 -0.000368371 0.000431004
internal_weight=2372.42 2346.62 1453.5 1389.29 893.125 250.205
internal_count=28945 28833 16120 15460 12713 3603
is_linear=0
shrinkage=0.03


Tree=111
num_leaves=7
num_cat=0
split_feature=7 11 15 20 37 47
split_gain=0.534989 0.393404 0.286304 0.296046 0.274131 0.410873
threshold=-0.11442251084148294 0.12604534201053932 1.5000000000000002 -0.064441823881852989 -5.3239102369795228 9.5000000000000018
decision_type=2 2 2 2 10 8
left_child=-1 2 4 -4 5 -2
right_child=1 -3 3 -5 -6 -7
leaf_value=-0.0017044194525970666 -9.8212661666635152e-05 0.0020950134096368177 -0.002487350067913726 -0.00022386169508896661 6.5455366736596457e-05 0.0023169432009980668
leaf_weight=137.72798258790863 123.71553053616663 80.699427839252166 62.065529082756257 195.28188476810465 1659.2259421125054 118.36512157612015
leaf_count=2941 1882 853 887 2349 18374 1804
internal_value=4.46407e-05 0.000159313 7.76219e-05 -0.000842376 0.000205902 0.00112774
internal_weight=2377.08 2239.35 2158.65 257.347 1901.31 242.081
internal_count=29090 26149 25296 3236 22060 3686
is_linear=0
shrinkage=0.03


Tree=112
num_leaves=7
num_cat=0
split_feature=8 34 10 8 20 31
split_gain=0.460361 0.337286 0.290645 0.510903 0.309386 0.315479
threshold=0.15985040140113685 -6.6052406628926592 0.019491846142484597 -0.082836676944423732 -0.13522312755489707 0.69224226474761974
decision_type=2 10 2 2 2 8
left_child=2 -2 4 -4 -1 -6
right_child=1 -3 3 -5 5 -7
leaf_value=-0.0015686626615865815 0.0038879988915138507 0.00073203155483915049 -0.0015522594227128296 0.0005890906356327048 -0.0010796162807431781 6.9869204072428015e-05
leaf_weight=165.68011066393228 29.134184692375129 172.52060751698446 105.70244803870446 754.10603078339773 275.03780347667634 868.77679545231513
leaf_count=2409 460 1719 1856 8293 2384 11888
internal_value=1.44384e-05 0.00135014 -0.000115352 0.00031102 -0.000395541 -0.000213494
internal_weight=2370.96 201.655 2169.3 859.808 1309.49 1143.81
internal_count=29009 2179 26830 10149 16681 14272
is_linear=0
shrinkage=0.03


Tree=113
num_leaves=7
num_cat=0
split_feature=23 28 6 3 47 46
split_gain=0.307934 0.308478 0.481112 0.432191 0.328725 0.307231
threshold=0.23646302817713741 2.8372008800506596 0.16152142083573268 -0.029706310979729009 9.5000000000000018 27.500000000000004
decision_type=2 8 2 2 8 8
left_child=1 5 3 -3 -5 -1
right_child=-2 2 -4 4 -6 -7
leaf_value=0.00067868838132734458 0.00082372969715333001 -0.00039217684092887097 0.0025972797678035691 -3.832530956151883e-05 0.0045403787194226615 -0.00046437840690070431
leaf_weight=241.19837107165949 374.60717476427089 272.34107132302597 78.161678333766758 25.435813276097178 21.241277509601787 1359.2848691434483
leaf_count=3194 4052 3194 692 234 211 17513
internal_value=4.62473e-05 -0.000102925 0.000635449 9.04555e-05 0.00247876 -0.00028897
internal_weight=2372.27 1997.66 397.18 319.018 46.6771 1600.48
internal_count=29090 25038 4331 3639 445 20707
is_linear=0
shrinkage=0.03


Tree=114
num_leaves=7
num_cat=0
split_feature=2 28 23 25 20 8
split_gain=0.383994 0.327163 0.279615 0.278289 0.264042 0.36824
threshold=-0.12358074257458976 -3.6651935577392574 0.0048041920519477652 0.92021287062809021 0.03625850364957612 -0.0034302509355331879
decision_type=2 10 2 2 2 2
left_child=4 -2 3 -3 -1 -6
right_child=1 2 -4 -5 5 -7
leaf_value=-0.00072982633407255634 0.0014995739837885113 -0.00031767772434387908 0.000790932700487705 0.0021915582565116137 -0.00032312157391151185 0.0021547799422874927
leaf_weight=778.6956583262363 169.69085951824673 771.50438903630129 373.37208333643503 31.976854987209663 185.99675002176082 64.913866459799465
leaf_count=10747 2444 8402 3641 399 2806 682
internal_value=-2.561e-05 0.000306963 0.000123815 -0.000192103 -0.000459327 0.000375961
internal_weight=2376.15 1346.54 1176.85 803.481 1029.61 250.911
internal_count=29121 14886 12442 8801 14235 3488
is_linear=0
shrinkage=0.03


Tree=115
num_leaves=7
num_cat=0
split_feature=28 2 20 4 23 6
split_gain=0.408445 0.417509 0.336213 0.320916 0.276224 0.264068
threshold=3.4920481443405156 0.06458550201925832 0.19301956439588605 -0.0020833416793370244 0.23646302817713741 0.2331993160368192
decision_type=8 2 2 2 2 2
left_child=2 3 4 5 -1 -2
right_child=1 -3 -4 -5 -6 -7
leaf_value=-0.00039078279491176857 -3.1946528935072291e-05 0.0045227504176251669 0.0013847677681412499 0.0032792588976863729 0.00055897053293542853 0.0025287219509622307
leaf_weight=1595.4870193586394 268.50478046119679 17.761927576153539 113.78194638859713 27.273598070954904 323.55765599821461 31.858763855881989
leaf_count=20207 3150 184 1513 318 3493 274
internal_value=3.14892e-05 0.000970014 -0.000131944 0.000649163 -0.000228584 0.000312382
internal_weight=2378.23 345.399 2032.83 327.637 1919.04 300.364
internal_count=29139 3926 25213 3742 23700 3424
is_linear=0
shrinkage=0.03


Tree=116
num_leaves=7
num_cat=0
split_feature=23 28 2 9 29 34
split_gain=0.417066 0.525057 0.456971 0.623364 0.329946 0.285031
threshold=0.27762682234310315 2.7748541831970219 -0.13141471107107575 0.056792973733582587 -4.8599228858947745 -7.7597284168004981
decision_type=2 8 2 2 8 10
left_child=1 5 -3 4 -4 -1
right_child=-2 2 3 -5 -6 -7
leaf_value=0.0011508748941896712 0.001001806693352445 -0.00039145707392534924 0.0032307906542965877 0.0037116367255565653 -9.1494355948187498e-05 -0.00047975778156371125
leaf_weight=93.496022361476207 325.62491951443371 165.90191031969152 22.913398643024266 75.103539826464839 144.56377508997684 1539.5841012272285
leaf_count=2291 3557 1988 231 660 1604 18730
internal_value=2.15074e-05 -0.000138969 0.000810571 0.00161559 0.000519473 -0.000379966
internal_weight=2367.19 2041.56 408.483 242.581 167.477 1633.08
internal_count=29061 25504 4483 2495 1835 21021
is_linear=0
shrinkage=0.03


Tree=117
num_leaves=7
num_cat=0
split_feature=37 14 23 20 46 10
split_gain=0.346995 0.312592 0.284469 0.260571 0.280025 0.547118
threshold=-4.7639952172214777 0.25872293159897336 0.43391558689026416 -0.14473202904713631 31.500000000000004 -0.0024964083446186581
decision_type=10 2 2 2 8 2
left_child=1 -1 3 -2 5 -5
right_child=2 -3 -4 4 -6 -7
leaf_value=0.0013238360689770635 -0.0011683230384033105 -0.0013434860721414934 0.0010547212491685983 -0.00058762514078691775 -0.00022896443783065279 0.0019518435519437561
leaf_weight=283.17299686104525 201.48423647801974 37.47114560008049 175.69588377908804 136.04181434749626 1385.2312770822318 154.09239249507664
leaf_count=5082 2721 171 1875 1641 15824 1739
internal_value=7.89354e-05 0.000980922 -6.60436e-05 -0.000175995 -5.04303e-05 0.0007812
internal_weight=2373.19 320.644 2052.55 1876.85 1675.37 290.134
internal_count=29053 5253 23800 21925 19204 3380
is_linear=0
shrinkage=0.03


Tree=118
num_leaves=7
num_cat=0
split_feature=23 8 50 35 12 22
split_gain=0.350386 0.304042 0.313461 0.257234 0.344185 0.290905
threshold=0.6592022477070093 -0.082836676944423732 0.88194444444444453 -4.0019205439835774 0.80979885906415161 0.07692831307178441
decision_type=2 2 2 10 2 2
left_child=1 -1 3 4 -3 -5
right_child=-2 2 -4 5 -6 -7
leaf_value=-0.001002999785965495 0.0017730085958808913 0.0017158862610027648 0.0019272162131756122 -0.00035186246803982612 -0.00043739416660231123 0.00069408825753535452
leaf_weight=282.47829973325133 83.632510887051467 149.06079026462976 65.606982781086117 1415.9018674288091 109.43236575648189 277.9942232821486
leaf_count=5421 928 2665 507 15721 702 3158
internal_value=-2.62186e-05 -9.90192e-05 3.18414e-05 -4.13459e-05 0.000821962 -0.00017714
internal_weight=2384.11 2300.47 2018 1952.39 258.493 1693.9
internal_count=29102 28174 22753 22246 3367 18879
is_linear=0
shrinkage=0.03


Tree=119
num_leaves=7
num_cat=0
split_feature=28 23 17 10 5 26
split_gain=0.424117 0.401299 0.380937 0.416629 0.372772 0.385126
threshold=3.4920481443405156 0.093890670925741007 1.5000000000000002 -0.068081507655543633 -0.16598456877572784 1.7226975560188296
decision_type=8 2 2 2 2 10
left_child=1 -1 3 -2 -5 -6
right_child=2 -3 -4 4 5 -7
leaf_value=-0.00038583912535846012 -0.0013371415251080896 0.00058612046376931438 -0.0023427991782979784 -0.0017400144405949373 0.0023365497299096655 -0.0011554484793711531
leaf_weight=1532.859234094256 41.116197604918852 498.64416110195452 19.757261271239258 19.269480100367218 236.89035730122123 26.062443838920444
leaf_count=19786 542 5378 288 225 2583 223
internal_value=2.05655e-05 -0.000145564 0.000980496 0.00124775 0.00165721 0.00196079
internal_weight=2374.6 2031.5 343.096 323.338 282.222 262.953
internal_count=29025 25164 3861 3573 3031 2806
is_linear=0
shrinkage=0.03


Tree=120
num_leaves=7
num_cat=0
split_feature=22 11 1 40 15 37
split_gain=0.367937 0.263572 0.252853 0.230791 0.355126 0.336065
threshold=-0.14633025568717814 0.12604534201053932 -0.016971396531225761 1.5000000000000002 1.5000000000000002 -4.7639952172214777
decision_type=2 2 2 2 2 10
left_child=2 3 -1 4 5 -2
right_child=1 -3 -4 -5 -6 -7
leaf_value=-0.002409548267032898 0.0017605828536803615 0.0017373070948143198 -0.00037158952883487511 -0.00037011416910778268 -0.0010408399832292602 0.00027496160716564144
leaf_weight=74.763867710833438 148.7124001099728 79.211379466985818 168.19128249250934 694.36897074052831 148.3146642241627 1049.9843877433741
leaf_count=1315 2387 828 2246 8117 1915 12165
internal_value=1.2612e-05 0.00014099 -0.00106919 7.08811e-05 0.000299261 0.000472311
internal_weight=2363.55 2120.59 242.955 2041.38 1347.01 1198.7
internal_count=28973 25412 3561 24584 16467 14552
is_linear=0
shrinkage=0.03


Tree=121
num_leaves=7
num_cat=0
split_feature=5 0 28 17 39 9
split_gain=0.316184 0.441536 0.35465 0.310197 0.288493 0.265556
threshold=0.0054415274376709228 0.09277109581368094 2.5611455440521245 1.5000000000000002 1.5000000000000002 0.066586863161557028
decision_type=2 2 8 2 2 2
left_child=1 3 4 -1 -3 -6
right_child=-2 2 -4 -5 5 -7
leaf_value=-0.00030119910029374996 0.00070251562381074201 -0.0021543210161529065 0.0023679411034040732 -0.0021201959304057612 -1.8694834446290502e-05 0.0018192682643991093
leaf_weight=1392.9763677433366 460.8898988244473 30.859348944970407 78.016558325150982 80.357254431350157 243.04260204947786 89.686746078135911
leaf_count=18259 4883 274 679 1299 2811 853
internal_value=5.73278e-06 -0.000164748 0.000657699 -0.000414034 0.000237165 0.000515352
internal_weight=2375.83 1914.94 441.605 1473.33 363.589 332.729
internal_count=29058 24175 4617 19558 3938 3664
is_linear=0
shrinkage=0.03


Tree=122
num_leaves=7
num_cat=0
split_feature=23 14 5 8 7 2
split_gain=0.328722 0.295626 0.479267 0.349569 0.334669 0.29378
threshold=0.6592022477070093 0.31030847995449085 1.0000000180025095e-35 -0.06990035275415965 0.079095207294363853 -0.038773112512268705
decision_type=2 2 2 2 2 2
left_child=1 2 3 -1 -3 -4
right_child=-2 4 5 -5 -6 -7
leaf_value=-0.0011194120393007261 0.0017347732744749285 -0.00033452464314448417 0.0014286693730014182 1.270324382478787e-05 -0.002630179249065456 -0.00033175558829490794
leaf_weight=292.41303754801629 82.048612598271575 206.41741398721933 293.77756396611221 1302.4147829878493 71.043948248028755 114.08868675288977
leaf_count=5672 910 890 3424 16472 299 1327
internal_value=-2.31413e-05 -9.36964e-05 3.5265e-05 -0.000200553 -0.000993375 0.000940087
internal_weight=2362.2 2280.16 2002.69 1594.83 277.461 407.866
internal_count=28994 28084 26895 22144 1189 4751
is_linear=0
shrinkage=0.03


Tree=123
num_leaves=7
num_cat=0
split_feature=23 15 20 37 5 46
split_gain=0.397192 0.301602 0.271172 0.268892 0.274475 0.254916
threshold=0.30260840634152114 1.5000000000000002 -0.039456798980361633 -4.7639952172214777 -0.16598456877572784 25.500000000000004
decision_type=2 2 2 10 2 8
left_child=1 3 -3 4 -1 -5
right_child=-2 2 -4 5 -6 -7
leaf_value=-0.0021404778661481471 0.00094837749095347951 -0.0025717657174469488 -0.0004451337994808163 0.00075314467028889445 0.0010928261910779483 -0.00035719128749396058
leaf_weight=16.784899133082945 307.31542661480489 73.165307463699719 169.55270193977049 205.93189458717825 245.31709387333831 1354.9808252810617
leaf_count=309 3295 1079 2153 2443 3932 15806
internal_value=-4.03342e-05 -0.000191283 -0.00116259 -5.63261e-05 0.000814712 -0.000206842
internal_weight=2373.05 2065.73 242.718 1823.01 262.102 1560.91
internal_count=29017 25722 3232 22490 4241 18249
is_linear=0
shrinkage=0.03


Tree=124
num_leaves=7
num_cat=0
split_feature=8 23 14 43 46 0
split_gain=0.268072 0.256044 0.245739 0.291892 0.313813 0.274375
threshold=0.21568786132497855 0.87099810360961794 0.54871700466447615 1.5000000000000002 28.500000000000004 -0.070420499292836988
decision_type=2 2 2 2 10 2
left_child=1 2 3 5 -5 -1
right_child=-2 -3 -4 4 -6 -7
leaf_value=-0.00062039771317533971 0.0015804718224920438 0.0022396035557092123 -0.0025937897855295581 0.0030375484796094261 -0.00036320934557013818 0.000106343821023656
leaf_weight=673.70351833288441 84.756960354949115 33.231813887425233 24.775007359683514 45.446061347611248 40.21448312792927 1471.7542901705019
leaf_count=10044 899 360 106 367 336 16975
internal_value=1.67679e-05 -4.7752e-05 -9.11826e-05 -5.19432e-05 0.00156994 -0.000123683
internal_weight=2373.88 2289.13 2255.89 2231.12 85.6605 2145.46
internal_count=29087 28188 27828 27722 703 27019
is_linear=0
shrinkage=0.03


Tree=125
num_leaves=7
num_cat=0
split_feature=8 5 14 25 28 30
split_gain=0.308933 0.266292 0.296937 0.281073 0.263241 0.240191
threshold=0.15985040140113685 0.0054415274376709228 0.30265471309037623 0.34581806767277129 4.1135129928588876 -2.4971752166748042
decision_type=2 2 2 2 8 8
left_child=1 -1 3 -3 -2 -5
right_child=4 2 -4 5 -6 -7
leaf_value=-0.00026634558686650632 0.00059267349068032606 0.0013133972548004676 -0.0012666854865580693 0.0014396624864763117 0.0035417986424010023 -0.0021819853644156691
leaf_weight=1781.3575276755146 178.04776546463836 278.28206759580644 56.563799887895584 17.444162468134891 23.65116569865495 35.118920436769258
leaf_count=22699 1892 3258 242 269 247 404
internal_value=-4.66657e-06 -0.000110955 0.000592274 0.000937934 0.00108946 -0.000942065
internal_weight=2370.47 2168.77 387.409 330.845 201.699 52.5631
internal_count=29011 26872 4173 3931 2139 673
is_linear=0
shrinkage=0.03


Tree=126
num_leaves=7
num_cat=0
split_feature=14 0 45 46 28 20
split_gain=0.469493 0.388498 0.356579 0.357546 0.335073 0.244748
threshold=0.29499267845158655 0.17398201701971175 0.23611111111111113 31.500000000000004 2.6716356277465825 0.099119844594873455
decision_type=2 2 10 8 8 2
left_child=1 5 3 -2 -3 -1
right_child=2 4 -4 -5 -6 -7
leaf_value=-9.3242449880320632e-05 0.0017313044137788956 0.00069385651548174233 -0.0024683558735087274 -0.00091641659364950887 0.0032441421361437722 0.00092143867947530817
leaf_weight=1488.0307295585371 49.449708059430122 252.61656519456301 91.171523720026016 194.37481436133385 49.51630894257687 239.626712468802
leaf_count=20641 213 2928 398 844 492 3392
internal_value=5.53898e-05 0.000228275 -0.0009684 -0.000332383 0.00120236 5.1987e-05
internal_weight=2364.79 2029.79 334.996 243.825 302.133 1727.66
internal_count=28908 27453 1455 1057 3420 24033
is_linear=0
shrinkage=0.03


Tree=127
num_leaves=7
num_cat=0
split_feature=11 14 8 15 24 28
split_gain=0.33195 0.352239 0.305225 0.285179 0.462654 0.326598
threshold=0.1185615240820051 0.54871700466447615 -0.18683575907459973 1.5000000000000002 2.5000000000000004 -4.8387625217437735
decision_type=2 2 2 2 2 10
left_child=1 2 -1 5 -5 -4
right_child=-2 -3 3 4 -6 -7
leaf_value=-0.0018920433945762687 0.0016291086821047936 -0.0030076685767381939 0.0012123051575462784 -0.0019708319679146249 0.00047518228109160143 2.208956352868169e-05
leaf_weight=66.179718666273402 98.019921729806811 26.222411692142487 226.64191894093528 142.40261246555019 122.23337626003195 1687.7804724331363
leaf_count=1829 1072 113 3271 1900 1475 19394
internal_value=4.10019e-06 -7.28568e-05 -2.53964e-05 3.96794e-05 -0.000864872 0.000168562
internal_weight=2369.48 2271.46 2245.24 2179.06 264.636 1914.42
internal_count=29054 27982 27869 26040 3375 22665
is_linear=0
shrinkage=0.03


Tree=128
num_leaves=7
num_cat=0
split_feature=23 14 5 50 8 24
split_gain=0.325558 0.308702 0.341608 0.286669 0.268152 0.298333
threshold=0.63824474067777626 0.29499267845158655 1.0000000180025095e-35 0.29285714285714293 -0.077890572442508424 4.5000000000000009
decision_type=2 2 2 2 2 2
left_child=1 2 4 -4 5 -1
right_child=-2 -3 3 -5 -6 -7
leaf_value=-0.0015677055266164319 0.0017215681146793991 -0.00087835639765580179 0.00051648674471669958 0.0027368958711934009 7.6295414517307158e-05 0.00065299795297230404
leaf_weight=187.15518078170135 88.249087961594341 328.68185728788376 349.62570106954081 53.302575195441023 1298.6931260019774 68.764248764433432
leaf_count=3715 994 1429 4151 608 16701 1428
internal_value=3.05529e-05 -4.19341e-05 0.000102256 0.000869387 -0.000100856 -0.000968896
internal_weight=2374.47 2286.22 1957.54 402.928 1554.61 255.919
internal_count=29026 28032 26603 4759 21844 5143
is_linear=0
shrinkage=0.03


Tree=129
num_leaves=7
num_cat=0
split_feature=1 15 24 14 29 42
split_gain=0.288213 0.20078 0.367385 0.235442 0.285057 0.208683
threshold=0.17373143202228761 1.5000000000000002 2.5000000000000004 0.41698071584284324 -1.217168867588043 2.5000000000000004
decision_type=2 2 2 2 8 2
left_child=1 3 -3 5 -5 -1
right_child=-2 2 -4 4 -6 -7
leaf_value=-1.2709751799187521e-05 0.0022745200358834441 -0.0018253500961909941 0.00032935813575672555 0.00019839359632113629 -0.0027408757035180284 0.001467643535910582
leaf_weight=1862.8093549009791 35.887765155988745 150.01711729710223 123.59784060178208 55.108116015791893 51.364356115460396 79.828913680044934
leaf_count=23680 348 2007 1564 227 212 824
internal_value=-8.06186e-05 -0.000126602 -0.000874727 -2.29425e-05 -0.00133315 5.53271e-05
internal_weight=2358.61 2322.73 273.615 2049.11 106.472 1942.64
internal_count=28862 28514 3571 24943 439 24504
is_linear=0
shrinkage=0.03


Tree=130
num_leaves=7
num_cat=0
split_feature=0 9 14 13 30 13
split_gain=0.264366 0.243673 0.259619 0.594572 0.495347 0.36002
threshold=0.43128405499265698 0.17700548748562586 0.23169081031993113 1.8688348091416842 -14.187368869781492 2.249904835165133
decision_type=2 2 2 2 10 2
left_child=1 2 3 -1 -4 -6
right_child=-2 -3 4 -5 5 -7
leaf_value=0.0026931983296857747 0.0020717738546662994 0.0014509055483789149 -0.0032470140163582861 4.2184280876352187e-05 -0.00092235520033095921 0.00065818824968525683
leaf_weight=69.979814816033468 49.560020308068488 96.25146180432057 46.237576052546501 1594.4401591317292 304.51437456905842 211.5917956829071
leaf_count=800 523 1121 219 23973 1423 1019
internal_value=9.81251e-05 4.73188e-05 -1.95664e-05 0.000169064 -0.000571071 -0.000274174
internal_weight=2372.58 2323.02 2226.76 1664.42 562.344 516.106
internal_count=29078 28555 27434 24773 2661 2442
is_linear=0
shrinkage=0.03


Tree=131
num_leaves=7
num_cat=0
split_feature=14 34 21 6 9 7
split_gain=0.377234 0.384182 0.483226 0.338248 0.305512 0.305411
threshold=0.29499267845158655 -7.7597284168004981 1.0000000180025095e-35 0.044054902801323313 -0.043244038953144943 0.078026486580175955
decision_type=2 10 2 2 2 2
left_child=1 2 4 -3 -1 -2
right_child=5 3 -4 -5 -6 -7
leaf_value=-0.00017129038890981415 -0.00039019204089613618 -0.00046444824359761724 7.0398279532795954e-06 0.00037301013859412566 0.0031495379582577813 -0.0023898268826040687
leaf_weight=31.1718007507734 245.820117816329 918.61642893421231 171.14521749707637 805.30013650338515 97.447945415158756 88.358069837093353
leaf_count=690 1078 13059 3263 9170 1286 377
internal_value=-5.4658e-05 0.000101026 0.00107383 -7.33479e-05 0.00239042 -0.000972978
internal_weight=2357.86 2023.68 299.765 1723.92 128.62 334.178
internal_count=28923 27468 5239 22229 1976 1455
is_linear=0
shrinkage=0.03


Tree=132
num_leaves=7
num_cat=0
split_feature=10 26 4 5 12 9
split_gain=0.282848 0.32603 0.342784 0.338995 0.278998 0.345951
threshold=0.020192893228201465 -3.5496078729629512 -0.067425017777280147 0.041497736168020639 0.80979885906415161 -0.00083983020227340599
decision_type=2 10 2 2 2 2
left_child=4 2 -2 -3 5 -1
right_child=1 3 -4 -5 -6 -7
leaf_value=-0.000463499600595093 0.0029527257670745105 -3.1481385673236164e-05 0.00040502156828235345 0.0020070573549348125 -0.00064138174843616168 0.00079912027691837219
leaf_weight=364.42850051840651 78.59563072869787 676.52941590675618 110.68806212412892 72.315289322985336 651.16378594562411 399.31665357557358
leaf_count=7294 978 7870 1444 710 3960 6685
internal_value=7.76822e-05 0.000478921 0.00155798 0.000189233 -0.000189846 0.000198445
internal_weight=2353.04 938.128 189.284 748.845 1414.91 763.745
internal_count=28941 11002 2422 8580 17939 13979
is_linear=0
shrinkage=0.03


Tree=133
num_leaves=7
num_cat=0
split_feature=3 5 14 28 10 20
split_gain=0.390056 0.28781 0.290747 0.457037 0.294526 0.274489
threshold=-0.23845454229250873 -0.1680264440280779 0.25872293159897336 2.8372008800506596 0.020910049349147499 -0.07742621740912993
decision_type=2 2 2 10 2 2
left_child=5 -2 -3 4 -4 -1
right_child=1 2 3 -5 -6 -7
leaf_value=-0.0016865564589809796 -0.0011609076015388321 0.00048265757565737127 -0.0016426473658327711 0.0016741471084104993 0.00013336614344588519 -2.8775507160173695e-05
leaf_weight=173.34258272318402 121.53001482930267 1494.4819539457385 186.16908891499043 67.382667511701584 144.56921078264713 177.04707389460236
leaf_count=2804 1650 19740 846 299 651 2998
internal_value=3.65476e-05 0.000198299 0.000291221 -0.000421621 -0.000885202 -0.000872944
internal_weight=2364.52 2014.13 1892.6 398.121 330.738 350.39
internal_count=28988 23186 21536 1796 1497 5802
is_linear=0
shrinkage=0.03


Tree=134
num_leaves=7
num_cat=0
split_feature=2 28 22 7 11 6
split_gain=0.25886 0.264923 0.256429 0.245745 0.689782 0.359751
threshold=-0.12358074257458976 2.7748541831970219 -0.009694829531628547 0.016221255014606105 0.052003242452109209 -0.028764923327641866
decision_type=2 8 2 2 2 2
left_child=-1 -2 -3 5 -5 -4
right_child=1 2 3 4 -6 -7
leaf_value=-0.00034360408922893019 7.0599202014487447e-05 -0.00045875408737450283 0.00021374501441054564 -0.0010221929619703462 0.0035176678220295954 0.004045210138718747
leaf_weight=1031.5925068695797 1074.0341901739739 66.474313717975747 35.277354342397302 77.106087527703494 36.42230321560055 54.551250997930765
leaf_count=14210 12221 689 388 690 297 610
internal_value=1.19951e-05 0.000285486 0.00110773 0.00161729 0.000601149 0.00271266
internal_weight=2375.46 1343.87 269.831 203.357 113.528 89.8286
internal_count=29105 14895 2674 1985 987 998
is_linear=0
shrinkage=0.03


Tree=135
num_leaves=7
num_cat=0
split_feature=23 20 16 24 34 34
split_gain=0.297614 0.303075 0.27684 0.538579 0.301558 0.246693
threshold=-0.29784067960771393 0.072496924379499131 1.0000000180025095e-35 2.5000000000000004 -7.6034159660339347 -6.4986504515012102
decision_type=2 2 2 2 8 8
left_child=1 -1 4 -4 -2 -6
right_child=2 -3 3 -5 5 -7
leaf_value=-0.0011544182921967619 0.0019066133796624006 0.00091407820011460915 -0.0019923464393724385 0.00089068098300590956 -0.002003867153918394 0.00019092244901274682
leaf_weight=339.86310193911777 80.782176597582293 70.081998857494909 137.60081259324215 88.826983210165054 37.474580706941197 1612.7560200458975
leaf_count=4937 1735 1045 1836 1037 636 17705
internal_value=-6.26577e-05 -0.000787453 9.23665e-05 -0.000871508 0.000222729 0.000129312
internal_weight=2367.39 409.945 1957.44 226.428 1731.01 1650.23
internal_count=28931 5982 22949 2873 20076 18341
is_linear=0
shrinkage=0.03


Tree=136
num_leaves=7
num_cat=0
split_feature=23 20 13 6 2 8
split_gain=0.352902 0.361835 0.307358 0.305959 0.387945 0.226602
threshold=0.40899141719713178 -0.17088694983793853 2.249904835165133 0.36371854480259908 -0.14381388199259357 0.035873196321995655
decision_type=2 2 2 2 2 2
left_child=1 2 5 -3 -5 -1
right_child=-2 3 -4 4 -6 -7
leaf_value=0.00131980142237988 0.0011797512374939207 -4.1579134751212246e-05 -0.0021649224168990948 -0.0010434465721713007 0.0027333149404926331 -0.0015133479873582281
leaf_weight=50.555183111107908 210.53535569331143 1855.3442636889522 120.06358915331657 29.28400052478537 68.047476913779974 33.84412551834248
leaf_count=637 2328 22720 2033 342 618 377
internal_value=3.6568e-05 -7.99349e-05 -0.00124967 4.82903e-05 0.00160566 0.000143745
internal_weight=2367.67 2157.14 204.463 1952.68 97.3315 84.3993
internal_count=29055 26727 3047 23680 960 1014
is_linear=0
shrinkage=0.03


Tree=137
num_leaves=7
num_cat=0
split_feature=23 24 14 2 31 46
split_gain=0.265223 0.244921 0.273853 0.268008 0.261349 0.542529
threshold=0.87099810360961794 7.5000000000000009 0.25872293159897336 -0.32555673960128756 -3.0769131779670711 60.500000000000007
decision_type=2 2 2 2 10 8
left_child=1 3 -3 -1 5 -5
right_child=-2 2 -4 4 -6 -7
leaf_value=-0.0016705964876273429 0.0022765873190433395 0.0016023498371541291 -0.0014809451022048034 -0.0005334658581743159 -0.00012786439119700989 0.0020116608458625872
leaf_weight=79.319743288855534 38.079947052930947 140.97049078741111 23.098867565393448 135.21053856716026 1798.5960210318008 151.29240959777962
leaf_count=2060 411 2052 107 1531 21197 1672
internal_value=7.1059e-05 2.54089e-05 0.00110812 -6.13826e-05 7.51551e-06 0.000833047
internal_weight=2366.57 2328.49 164.069 2164.42 2085.1 286.503
internal_count=29030 28619 2159 26460 24400 3203
is_linear=0
shrinkage=0.03


Tree=138
num_leaves=7
num_cat=0
split_feature=28 14 8 36 10 10
split_gain=0.331594 0.293628 0.282746 0.288808 0.232005 0.385297
threshold=3.4920481443405156 0.23169081031993113 0.17588879559356804 -0.31463022402453183 -0.068081507655543633 -0.10849158720022237
decision_type=10 2 2 10 2 2
left_child=2 -2 4 -4 5 -1
right_child=1 -3 3 -5 -6 -7
leaf_value=0.00048472514455495137 0.00018145958363031955 0.0029562149188098108 0.0024814834055422431 -8.7272092494335149e-05 -5.7445335709819362e-05 -0.0017393550293338202
leaf_weight=103.23569196354947 80.497037449036725 51.727465957403183 64.888490738987457 81.726925651106285 1809.1015987295104 186.96499492667499
leaf_count=1569 915 239 760 865 22131 2646
internal_value=-6.47877e-06 0.0013985 -9.50271e-05 0.00113545 -0.00018594 -0.000958372
internal_weight=2378.14 132.225 2245.92 146.615 2099.3 290.201
internal_count=29125 1154 27971 1625 26346 4215
is_linear=0
shrinkage=0.03


Tree=139
num_leaves=7
num_cat=0
split_feature=23 8 24 14 35 31
split_gain=0.291674 0.33695 0.383182 0.349322 0.336549 0.261785
threshold=0.6592022477070093 -0.082836676944423732 4.5000000000000009 0.29499267845158655 0.95222773868590604 1.0000000180025095e-35
decision_type=2 2 2 2 8 10
left_child=1 2 -1 -3 5 -5
right_child=-2 3 -4 4 -6 -7
leaf_value=-0.001675832248873195 0.0016085506741150145 0.00022109921581294311 0.00073432610433402134 -0.0012035857310606852 -0.0018663286188824655 0.0010973897394996593
leaf_weight=208.76235185220139 85.076085433538537 1695.921768161701 74.886340263212333 69.505942106246948 144.43444712460041 91.144897788763046
leaf_count=3937 940 21320 1515 301 627 397
internal_value=-1.97856e-05 -8.71673e-05 -0.00103619 5.18425e-05 -0.000866185 8.96752e-05
internal_weight=2369.73 2284.66 283.649 2001.01 305.085 160.651
internal_count=29037 28097 5452 22645 1325 698
is_linear=0
shrinkage=0.03


Tree=140
num_leaves=7
num_cat=0
split_feature=3 29 15 24 29 31
split_gain=0.437938 0.290385 0.263033 0.361727 0.280316 0.359086
threshold=-0.27401120585400146 2.8479831218719487 1.5000000000000002 2.5000000000000004 -4.9199571609497061 2.6426282227039342
decision_type=2 10 2 2 10 8
left_child=1 -1 4 -4 5 -2
right_child=2 -3 3 -5 -6 -7
leaf_value=-0.0015873541299931222 0.0030134461641488724 0.0013237742607720266 -0.0017915258912242461 0.00043218199810044855 -1.7954641536708378e-05 0.00052174736626806853
leaf_weight=209.71555496947258 47.905633119633421 28.116838556306902 131.80371390702203 116.9749217373901 1228.7166318405216 607.06065154797398
leaf_count=3711 404 400 1730 1403 13625 7739
internal_value=-9.77715e-06 -0.00120367 0.000128374 -0.000769649 0.000250414 0.000746572
internal_weight=2370.29 237.832 2132.46 248.779 1883.68 654.966
internal_count=29012 4111 24901 3133 21768 8143
is_linear=0
shrinkage=0.03


Tree=141
num_leaves=7
num_cat=0
split_feature=3 39 24 11 30 2
split_gain=0.321377 0.428099 0.339385 0.246618 0.232951 0.216688
threshold=-0.05448529814257571 5.5000000000000009 2.5000000000000004 0.12604534201053932 4.330371856689454 -0.093506337728302566
decision_type=2 2 2 2 10 2
left_child=3 4 -3 -1 -2 -5
right_child=1 2 -4 5 -6 -7
leaf_value=-0.00022483959012323406 0.0020517651456015092 -0.001149732943807274 0.0010577190609907985 -0.00075572047115678859 -0.00086775794362023971 0.0023879723187012424
leaf_weight=1859.3454068552965 182.11745998368133 127.31873488618294 105.47338825621409 23.329233953147195 22.576277162879705 51.285099837114103
leaf_count=23577 1892 1436 1121 275 167 500
internal_value=1.30286e-05 0.000737834 -0.00014721 -0.000153883 0.00170434 0.0014319
internal_weight=2371.45 437.486 232.792 1933.96 204.694 74.6143
internal_count=28968 4616 2557 24352 2059 775
is_linear=0
shrinkage=0.03


Tree=142
num_leaves=7
num_cat=0
split_feature=10 8 14 0 37 33
split_gain=0.291606 0.351916 0.309079 0.442871 0.30828 0.331404
threshold=0.022299581761361213 -0.082836676944423732 0.29499267845158655 1.0000000180025095e-35 3.4568573691778717 -0.25598695874214167
decision_type=2 2 2 2 8 10
left_child=2 -2 -1 -4 -3 -6
right_child=1 4 3 -5 5 -7
leaf_value=-0.00010246606949349904 -0.0011859718360857046 0.0002073773014505422 -0.0025147669897519292 0.00024691431333117583 0.0022789533334719911 7.6818357521457449e-05
leaf_weight=1254.3543060058728 102.43611269371468 564.67203106186935 112.37730310857296 88.342596933245659 154.76579618058167 99.285232866881415
leaf_count=17410 1803 6681 498 379 1463 805
internal_value=-1.81479e-05 0.00039705 -0.000281912 -0.00134524 0.000607033 0.00145384
internal_weight=2376.23 921.159 1455.07 200.72 818.723 254.051
internal_count=29039 10752 18287 877 8949 2268
is_linear=0
shrinkage=0.03


Tree=143
num_leaves=7
num_cat=0
split_feature=0 41 5 7 10 17
split_gain=0.279247 0.202131 0.252777 0.208313 0.214888 0.34377
threshold=0.5637599454446881 1.5000000000000002 -0.048913423265342849 -0.11216522766871455 -0.066940050633441314 1.5000000000000002
decision_type=2 2 2 2 2 2
left_child=1 3 -3 -1 -5 -6
right_child=-2 2 -4 4 5 -7
leaf_value=-0.0011406886441822106 0.0030838639027322701 -0.00038429224423065035 0.0024562194556328977 -0.00074511039108469089 0.000223464385910813 -0.001522996258505369
leaf_weight=144.3076515836583 16.452022461569868 45.958918678574264 54.384908983018249 288.8206623850856 1730.6734033140674 97.767912003095262
leaf_count=3044 186 386 432 3810 19793 1409
internal_value=1.85861e-05 -1.56768e-05 0.0012383 -7.65211e-05 1.03138e-06 0.000122304
internal_weight=2378.37 2361.91 100.344 2261.57 2117.26 1828.44
internal_count=29060 28874 818 28056 25012 21202
is_linear=0
shrinkage=0.03


Tree=144
num_leaves=7
num_cat=0
split_feature=0 3 39 22 34 35
split_gain=0.33655 0.252781 0.40975 0.338622 0.402869 0.290888
threshold=0.51080298209407771 -0.05448529814257571 5.5000000000000009 0.019898063495520094 3.299478481213252 -1.033565650383631
decision_type=2 2 2 2 8 10
left_child=1 -1 3 5 -5 -3
right_child=-2 2 -4 4 -6 -7
leaf_value=-0.00015783479926038426 0.0030538215735126414 0.0043063458631686629 -0.0002234947956866155 0.0013373349535887053 -0.0025798666409818146 0.00095537430504783881
leaf_weight=1907.7600243334891 22.739278700959403 45.803168578073382 230.86795455595711 78.560737171792425 22.339511109516025 52.807155040791258
leaf_count=24162 255 494 2538 821 195 502
internal_value=3.32256e-05 -9.03106e-06 0.000639184 0.00160047 0.000315633 0.00276504
internal_weight=2360.88 2338.14 430.379 199.511 100.9 98.6103
internal_count=28967 28712 4550 2012 1016 996
is_linear=0
shrinkage=0.03


Tree=145
num_leaves=7
num_cat=0
split_feature=5 23 17 6 30 9
split_gain=0.230388 0.194759 0.190002 0.214892 0.190742 0.181988
threshold=-0.1680264440280779 0.87099810360961794 1.5000000000000002 0.44355780196661482 1.2031251788139345 0.21250452471753359
decision_type=2 2 2 2 10 2
left_child=-1 2 3 5 -4 -2
right_child=1 -3 4 -5 -6 -7
leaf_value=-0.0011546161975633431 -4.2972620322587894e-05 0.0019652280662063623 -0.0019319507072687037 0.0017535502698742837 0.0005275620409051808 0.0017934540511363175
leaf_weight=148.55130340321921 1994.9311130627902 35.786984941689298 76.641805459541501 55.019677472650073 36.875886637251824 39.772314937901683
leaf_count=2201 23926 384 1231 530 428 485
internal_value=-4.94746e-05 2.86553e-05 -1.15375e-05 5.578e-05 -0.00115496 1.51964e-06
internal_weight=2387.58 2239.03 2203.24 2089.72 113.518 2034.7
internal_count=29185 26984 26600 24941 1659 24411
is_linear=0
shrinkage=0.03


Tree=146
num_leaves=7
num_cat=0
split_feature=22 28 35 6 40 26
split_gain=0.262655 0.221936 0.363668 0.394916 0.335998 0.38345
threshold=-0.16657381231534177 1.9769558906555178 0.45136178348449968 0.25183200222538094 1.5000000000000002 3.83968198299408
decision_type=2 8 8 2 2 8
left_child=-1 -2 -3 4 5 -4
right_child=1 2 3 -5 -6 -7
leaf_value=-0.00098604927266661901 -6.2995753614169999e-05 0.0015941195020672326 -0.00094053501951069074 0.0024590675251484977 -0.0013838504125382239 0.0014248502804409915
leaf_weight=198.05745970321004 1557.3176764249947 208.29675922112074 98.350751540972851 44.843095196411014 138.28659366560169 134.92028682189994
leaf_count=2911 19938 1973 906 375 1446 1671
internal_value=3.27774e-05 0.000129331 0.000602223 8.02964e-05 -0.00026372 0.000429899
internal_weight=2380.07 2182.02 624.697 416.401 371.558 233.271
internal_count=29220 26309 6371 4398 4023 2577
is_linear=0
shrinkage=0.03


Tree=147
num_leaves=7
num_cat=0
split_feature=7 22 31 29 31 12
split_gain=0.246381 0.197387 0.256729 0.191558 0.488411 0.299424
threshold=-0.11216522766871455 -0.17127458574862317 -0.45297667384147638 -4.5260703563690177 2.6426282227039342 0.70736176305224119
decision_type=2 2 10 10 8 2
left_child=-1 2 -2 4 -3 -6
right_child=1 3 -4 -5 5 -7
leaf_value=-0.001073635999606313 0.0012636849664943604 0.0027881845028926776 -0.001325461275806726 2.9868287903472756e-05 0.00095225589649937858 -0.00027757741509965559
leaf_weight=142.84141062159324 35.988139266264625 74.143030941486359 141.67390331742354 1283.9117971566739 358.4096814605 338.21698002889752
leaf_count=3069 428 616 2122 13934 6749 2165
internal_value=9.24025e-05 0.000171469 -0.0007616 0.000255447 0.00062601 0.000359685
internal_weight=2375.18 2232.34 177.662 2054.68 770.77 696.627
internal_count=29083 26014 2550 23464 9530 8914
is_linear=0
shrinkage=0.03


Tree=148
num_leaves=7
num_cat=0
split_feature=5 0 34 20 27 37
split_gain=0.234362 0.239541 0.240122 0.275365 0.215001 0.219356
threshold=1.0000000180025095e-35 0.09277109581368094 1.0779262681802118 0.05674886364857646 0.36821904778480535 -3.4990554167975287
decision_type=2 2 8 2 10 10
left_child=1 -1 3 4 5 -3
right_child=-2 2 -4 -5 -6 -7
leaf_value=-0.00035400272895177098 0.00055384782839976664 0.0013681932635468072 0.0015043383422941679 0.0017261715202945903 0.00055771312417177111 -0.0015946963418267312
leaf_weight=1439.4370082821988 505.34911936501157 18.879046250658575 123.99146162858233 55.449074512056541 105.38544482633006 129.14886865526205
leaf_count=19188 5331 329 1048 618 1142 1374
internal_value=-1.30551e-05 -0.000168197 0.000443733 -1.58682e-05 -0.000448102 -0.00115415
internal_weight=2377.64 1872.29 432.854 308.862 253.413 148.028
internal_count=29030 23699 4511 3463 2845 1703
is_linear=0
shrinkage=0.03


Tree=149
num_leaves=7
num_cat=0
split_feature=34 11 20 20 14 12
split_gain=0.285127 0.257687 0.253189 0.219997 0.213828 0.205341
threshold=-7.7597284168004981 0.1185615240820051 -0.025360740860610281 0.19301956439588605 0.028557834561282684 -0.44460984314173552
decision_type=8 2 2 2 2 2
left_child=-1 3 -3 4 -2 -6
right_child=1 2 -4 -5 5 -7
leaf_value=0.0013065166874125518 -0.0018898266416889286 -0.0010527823417773206 0.0020811299887418104 0.00097915863376351947 0.0011531109217800936 -0.00032999596679654958
leaf_weight=111.75502562982729 66.184573387494311 25.174935065384489 72.471166186616756 113.35981766652549 78.234620649367571 1899.5438615977764
leaf_count=2611 4701 290 736 1415 2016 17212
internal_value=-0.000108514 -0.000184101 0.00125041 -0.0002545 -0.000327354 -0.000265823
internal_weight=2366.72 2254.97 97.6461 2157.32 2043.96 1977.78
internal_count=28981 26370 1026 25344 23929 19228
is_linear=0
shrinkage=0.03


Tree=150
num_leaves=7
num_cat=0
split_feature=42 0 0 22 14 28
split_gain=0.266286 0.298611 0.263676 0.273974 0.259667 0.261421
threshold=2.5000000000000004 0.059941397577958584 0.12985551697302053 -0.22711048262002828 0.31030847995449085 1.5940046310424807
decision_type=2 2 2 2 2 8
left_child=2 -2 3 -1 5 -4
right_child=1 -3 4 -5 -6 -7
leaf_value=-0.0018347369482166417 0.0024089079276544858 -0.00081615432694019728 0.00033526598087005202 -0.0001196541705531656 -0.0011170734593632041 0.0019833685274427445
leaf_weight=78.240830482624006 72.556801666272804 31.645422975532711 270.43044857782661 1723.684868809054 59.636484608054161 121.27040316932835
leaf_count=1299 748 263 3205 21926 251 1172
internal_value=3.04666e-05 0.00144378 -4.09824e-05 -0.000203839 0.000599534 0.00088219
internal_weight=2357.47 104.202 2253.26 1801.93 451.337 391.701
internal_count=28864 1011 27853 23225 4628 4377
is_linear=0
shrinkage=0.03


Tree=151
num_leaves=7
num_cat=0
split_feature=3 4 34 10 11 45
split_gain=0.244209 0.287348 0.314803 0.22841 0.271525 0.241441
threshold=-0.052461119096686167 -0.016031578350727303 2.8185694018999743 0.020192893228201465 0.056600064605637983 0.23611111111111113
decision_type=2 2 10 2 2 10
left_child=3 2 -2 5 -5 -1
right_child=1 -3 -4 4 -6 -7
leaf_value=-0.00011805127231963915 0.0013314012642412193 -0.00087101252586113036 -0.0012399818490878543 -4.4358335990513282e-05 0.0013325392419775825 -0.0010329137298489008
leaf_weight=789.6685664257966 307.29847281728871 84.834313680534251 41.514559278264642 622.45857890536718 152.36681698367465 379.05581223385525
leaf_count=9779 3282 920 315 7572 1732 5425
internal_value=-1.33986e-05 0.000622054 0.000999335 -0.00015764 0.000239933 -0.000421017
internal_weight=2377.2 433.647 348.813 1943.55 774.825 1168.72
internal_count=29025 4517 3597 24508 9304 15204
is_linear=0
shrinkage=0.03


Tree=152
num_leaves=7
num_cat=0
split_feature=24 8 2 2 43 46
split_gain=0.258515 0.322971 0.251221 0.269605 0.234362 0.404951
threshold=7.5000000000000009 -0.20080579020220421 0.0075826068008753864 -0.016245551984552971 1.5000000000000002 31.500000000000004
decision_type=2 2 2 2 2 10
left_child=1 -1 3 4 -3 -6
right_child=-2 2 -4 -5 5 -7
leaf_value=-0.0023022702347486861 0.001048188485319872 -0.00018424408756751408 0.00080500218237422908 -0.0015899297574121457 0.0030009095157852266 -0.0010083217184972365
leaf_weight=50.757850336522097 166.47353969421238 1730.8902405861154 243.25556047697319 107.99937453662278 44.992278732359409 31.918671070598066
leaf_count=1443 2188 20599 2709 1541 349 261
internal_value=-5.72573e-05 -0.000144881 -8.37824e-05 -0.000200228 -0.000108917 0.00141247
internal_weight=2376.29 2209.81 2159.06 1915.8 1807.8 76.9109
internal_count=29090 26902 25459 22750 21209 610
is_linear=0
shrinkage=0.03


Tree=153
num_leaves=7
num_cat=0
split_feature=23 6 22 12 12 37
split_gain=0.248549 0.265529 0.24193 0.315031 0.29876 0.225466
threshold=0.6592022477070093 0.52439334828904993 -0.17961477915168436 1.1973027480243996 0.91420160896898706 1.0825329619563293
decision_type=2 2 2 2 2 8
left_child=1 2 3 4 -1 -2
right_child=5 -3 -4 -5 -6 -7
leaf_value=-0.00093635566633255471 -0.00010765539692373311 0.0024323704692132205 5.5170704372702792e-05 -0.0030221194086876026 0.002455679388764038 0.0028187296126821397
leaf_weight=100.78762405790621 40.312913991656387 29.975692688545678 2088.8300425166381 43.675456754863262 19.688824579119682 45.127543406328186
leaf_count=2074 526 300 25224 238 144 422
internal_value=7.14594e-05 8.71608e-06 -3.41364e-05 -0.00110848 -0.000236291 0.00157138
internal_weight=2368.4 2282.96 2252.98 164.152 120.476 85.4405
internal_count=28928 27980 27680 2456 2218 948
is_linear=0
shrinkage=0.03


Tree=154
num_leaves=7
num_cat=0
split_feature=14 3 50 34 15 24
split_gain=0.307246 0.298656 0.314644 0.275878 0.2732 0.423084
threshold=0.39233047508114643 -0.05448529814257571 0.40833333333333338 3.779900630315145 1.5000000000000002 2.5000000000000004
decision_type=2 2 2 8 2 2
left_child=1 4 3 -3 -1 -6
right_child=-2 2 -4 -5 5 -7
leaf_value=8.9783667736224133e-05 -0.0012882000425040215 0.00077928021294023601 0.002995949129759006 -0.0018487846676837171 -0.0023017561404105723 0.00036598236753372025
leaf_weight=1620.7309691254923 137.78807218372822 333.57769197117887 43.934724528342485 30.616886336589232 103.7048219681019 96.56096439177054
leaf_count=21057 568 3745 427 330 1532 1335
internal_value=3.68327e-05 0.000124124 0.000847195 0.000514843 -4.16758e-05 -0.00105924
internal_weight=2366.91 2229.13 408.129 364.195 1821 200.266
internal_count=28994 28426 4502 4075 23924 2867
is_linear=0
shrinkage=0.03


Tree=155
num_leaves=7
num_cat=0
split_feature=14 0 3 29 23 35
split_gain=0.330361 0.257089 0.218268 0.21916 0.210141 0.253733
threshold=0.54871700466447615 0.51080298209407771 -0.27401120585400146 -6.3393311500549308 0.065275037149729279 1.3141032215725219
decision_type=2 2 2 8 2 10
left_child=1 2 3 -1 -4 -6
right_child=-2 -3 4 -5 5 -7
leaf_value=-0.002522678115878529 -0.0028824267786471494 0.0026415160625933624 -0.00011143288297504216 -0.00037123291511686145 0.0010404998272209942 -0.00033898770145986628
leaf_weight=46.727722540614195 26.338399156928062 22.703909279662184 1567.5465045909223 190.56160653545521 345.4687199430773 175.12367510842159
leaf_count=884 113 254 19237 3203 3687 1744
internal_value=-4.38654e-05 6.23312e-08 -3.69272e-05 -0.000879783 6.25888e-05 0.000578807
internal_weight=2374.47 2348.13 2325.43 237.289 2088.14 520.592
internal_count=29122 29009 28755 4087 24668 5431
is_linear=0
shrinkage=0.03


Tree=156
num_leaves=7
num_cat=0
split_feature=0 20 28 31 30 39
split_gain=0.284875 0.250421 0.195499 0.419458 0.263333 0.261331
threshold=0.51080298209407771 -0.14240583741539647 0.31865821778774267 1.0347650349140169 -1.8160970211029051 4.5000000000000009
decision_type=2 2 8 10 10 2
left_child=1 -1 3 -3 5 -5
right_child=-2 2 -4 4 -6 -7
leaf_value=-0.00083348476735124451 0.002741305038835214 -0.0015435880785641791 0.00036217615519508982 -0.00059736902253311561 -0.00058431860911626493 0.00098945532161251654
leaf_weight=284.11914372720639 24.251498329162132 165.56378712051082 1142.8098458126769 122.51011979216128 303.54036956845084 320.27708506627823
leaf_count=4095 260 1552 11729 2181 3772 5377
internal_value=2.51579e-05 -1.45572e-05 0.000102171 -0.000224071 8.51873e-05 0.000546917
internal_weight=2363.07 2338.82 2054.7 911.891 746.328 442.787
internal_count=28966 28706 24611 12882 11330 7558
is_linear=0
shrinkage=0.03


Tree=157
num_leaves=7
num_cat=0
split_feature=9 45 8 45 14 2
split_gain=0.213658 0.253862 0.231356 0.184436 0.374581 0.363971
threshold=0.20402260214649418 0.13392857142857145 -0.24375264605386873 0.23611111111111113 0.31030847995449085 -0.099423698742945224
decision_type=2 10 2 10 2 2
left_child=2 -2 -1 -4 5 -5
right_child=1 -3 3 4 -6 -7
leaf_value=-0.0022297748400036416 -0.00011241035293054026 0.0035540944559323676 0.00020204572251489016 -0.00076115698184683488 -0.0022697172442563479 0.00062730174135163343
leaf_weight=32.029702170722885 33.537299241754226 23.267772639228497 1549.5222781860211 363.79440976539627 73.151535674929619 301.83633968906361
leaf_count=1018 384 287 17705 5470 314 3934
internal_value=2.39155e-05 0.00169662 -2.41395e-05 1.63005e-05 -0.000370777 -0.000131582
internal_weight=2377.14 56.8051 2320.33 2288.3 738.782 665.631
internal_count=29112 671 28441 27423 9718 9404
is_linear=0
shrinkage=0.03


Tree=158
num_leaves=7
num_cat=0
split_feature=5 2 28 10 12 10
split_gain=0.271131 0.249007 0.208325 0.176491 0.40803 0.647981
threshold=-0.1680264440280779 -0.32555673960128756 3.936851024627686 0.020192893228201465 0.80979885906415161 -0.11080044181128694
decision_type=2 2 10 2 2 2
left_child=-1 -2 3 4 -3 -6
right_child=1 2 -4 -5 5 -7
leaf_value=-0.0011540027124082983 -0.0015088454892578456 0.00041322913536203585 0.0016465243291512851 0.00046634324630337269 0.0027002052221287449 -0.00094879642771391064
leaf_weight=147.5901928403764 70.240315714298049 660.38824857768486 75.409541021101177 840.77605704021698 37.959068678319454 542.45234666392207
leaf_count=2202 1775 11400 633 9535 239 3292
internal_value=4.89813e-05 0.000133501 0.000193698 0.000133446 -9.40531e-05 -0.000668458
internal_weight=2374.82 2227.23 2156.99 2081.58 1240.8 580.411
internal_count=29076 26874 25099 24466 14931 3531
is_linear=0
shrinkage=0.03


Tree=159
num_leaves=7
num_cat=0
split_feature=3 6 47 9 22 30
split_gain=0.305228 0.217075 0.202845 0.178617 0.200078 0.184196
threshold=-0.33442794876440579 0.46566345646028368 4.5000000000000009 0.20402260214649418 0.12528314642922664 4.5657768249511728
decision_type=2 2 8 2 2 10
left_child=-1 2 -2 5 -5 -4
right_child=1 -3 3 4 -6 -7
leaf_value=-0.0014134853439157051 -0.0012986733309379801 0.0017837627406827124 -5.900544824678593e-05 -0.00039510910648141233 0.0029655410601358042 0.00095624686180818689
leaf_weight=123.41638082903228 91.282464839809109 54.12404016929213 1883.849510387663 23.274146103532985 29.365667483652942 165.76712160208263
leaf_count=2167 1174 521 22977 262 366 1502
internal_value=-1.92392e-05 6.32389e-05 1.28839e-05 7.57119e-05 0.0016538 2.73494e-05
internal_weight=2371.08 2247.66 2193.54 2102.26 52.6398 2049.62
internal_count=28969 26802 26281 25107 628 24479
is_linear=0
shrinkage=0.03


Tree=160
num_leaves=7
num_cat=0
split_feature=1 28 12 8 42 3
split_gain=0.226188 0.276585 0.230169 0.224126 0.220343 0.216866
threshold=0.013716658669713272 0.44503499567508703 1.0106926661018913 0.21568786132497855 2.5000000000000004 -0.17164709571065659
decision_type=2 8 2 2 2 2
left_child=3 2 -2 4 -1 -4
right_child=1 -3 5 -5 -6 -7
leaf_value=-0.00032068884020275174 0.00039544597917880436 0.000995660489020808 0.00051830059663841507 0.0018051087379446474 0.0012796943071412155 -0.0020989977489648554
leaf_weight=1566.6332137389982 209.331448014942 376.31048036535503 38.217791877686977 39.601487937616184 71.68034107494168 73.333073932677507
leaf_count=21175 2908 3169 216 460 754 391
internal_value=4.14927e-06 0.000454534 -0.000190977 -0.000184575 -0.000243329 -0.00123343
internal_weight=2375.11 697.193 320.882 1677.92 1638.31 111.551
internal_count=29073 6684 3515 22389 21929 607
is_linear=0
shrinkage=0.03


Tree=161
num_leaves=7
num_cat=0
split_feature=3 29 31 8 31 44
split_gain=0.208682 0.225754 0.504757 0.255451 0.246288 0.20275
threshold=-0.33078305683041948 -5.2713592052459708 2.6426282227039342 0.15294247729622662 4.4244567751884469 5.5000000000000009
decision_type=2 10 8 2 8 8
left_child=-1 2 -2 4 5 -4
right_child=1 -3 3 -5 -6 -7
leaf_value=-0.001104824344977868 0.0032955674530493529 -0.00014176675852381991 -0.0029718713083939333 0.0019542170076041806 0.0002797176685372263 0.00023520122690912464
leaf_weight=134.73137696055346 43.847417640732601 1497.7627318411105 30.794378351652995 63.11721112189116 575.85841778985923 28.985443311510608
leaf_count=2272 370 17209 278 746 7818 309
internal_value=-6.28887e-07 7.03898e-05 0.000494488 0.000274701 8.02442e-05 -0.001606
internal_weight=2375.1 2240.37 742.603 698.755 635.638 59.7798
internal_count=29002 26730 9521 9151 8405 587
is_linear=0
shrinkage=0.03


Tree=162
num_leaves=7
num_cat=0
split_feature=20 31 28 36 0 4
split_gain=0.214089 0.203443 0.338552 0.337928 0.308007 0.38034
threshold=-0.13337589789207568 7.1145739555358896 0.36967353522777563 2.3557031798107486 -0.10074689009360614 -0.20436778731148145
decision_type=2 8 8 10 2 2
left_child=-1 2 -2 -4 -3 -6
right_child=1 4 3 -5 5 -7
leaf_value=-0.00069312315357203651 -0.00055688940485275936 -0.00049653104505575766 0.00053716741601293207 -0.0015000930131056623 -0.0014646715983279871 0.0013420111634540454
leaf_weight=312.24772585486062 649.45428958439152 156.31513316465134 769.17334444372682 71.238184361718595 40.72732215054566 372.5525177999516
leaf_count=4466 7687 3152 7360 584 672 5111
internal_value=2.62801e-05 0.000138176 -4.70451e-05 0.000348868 0.000615102 0.00103735
internal_weight=2371.71 2059.46 1489.87 840.412 569.595 413.28
internal_count=29032 24566 15631 7944 8935 5783
is_linear=0
shrinkage=0.03


Tree=163
num_leaves=7
num_cat=0
split_feature=23 0 8 5 33 34
split_gain=0.275757 0.284342 0.235097 0.226864 0.202751 0.19835
threshold=0.87099810360961794 0.51080298209407771 -0.18683575907459973 -0.16999007130148744 0.45048219043140619 -8.5750682751337681
decision_type=2 2 2 2 10 10
left_child=1 2 4 -4 -1 -5
right_child=-2 -3 3 5 -6 -7
leaf_value=-0.0026510433195677764 0.0023215870076100614 0.0027239601751930876 -0.0011686374905725998 0.00082385721649511025 0.0006376156071802218 -2.7496132786914974e-05
leaf_weight=45.014503472397337 36.731701229291502 23.852287033165339 128.20631458557909 273.95636778813787 19.576050220872276 1852.6957599971793
leaf_count=1355 393 260 1687 4131 428 20882
internal_value=3.97174e-05 -5.76463e-06 -4.54091e-05 9.3646e-06 -0.00170246 8.55182e-05
internal_weight=2380.03 2343.3 2319.45 2254.86 64.5906 2126.65
internal_count=29136 28743 28483 26700 1783 25013
is_linear=0
shrinkage=0.03


Tree=164
num_leaves=7
num_cat=0
split_feature=5 24 24 5 22 28
split_gain=0.217058 0.265619 0.255666 0.384971 0.242232 0.237749
threshold=1.0000000180025095e-35 1.5000000000000002 1.5000000000000002 0.020209334344901301 0.017644685037042519 2.3411862850189213
decision_type=2 2 2 2 2 8
left_child=1 5 3 -2 -3 -1
right_child=2 4 -4 -5 -6 -7
leaf_value=-0.00091463641909564754 0.0032911142586356515 -0.00012138246117451107 4.3473654273197702e-05 0.00040693609774942227 0.00086061285497013925 0.00021079651786998455
leaf_weight=531.8305726126564 55.621665112907067 794.07672745818854 328.4335792796337 123.4017675066716 304.98890154721448 240.77315782767255
leaf_count=7325 594 9841 3438 1337 3831 2750
internal_value=6.58574e-06 -0.000143082 0.000550707 0.00142974 0.000156422 -0.000565696
internal_weight=2379.13 1871.67 507.457 179.023 1099.07 772.604
internal_count=29116 23747 5369 1931 13672 10075
is_linear=0
shrinkage=0.03


Tree=165
num_leaves=7
num_cat=0
split_feature=5 51 34 36 22 7
split_gain=0.187771 0.259712 0.176214 0.332101 0.260126 0.377205
threshold=0.040109670895406728 0.29166666666666669 2.1799540619055437 1.0894810424358756 0.03751501617419823 0.090597407464409738
decision_type=2 2 8 8 2 2
left_child=2 -2 4 -4 -1 -6
right_child=1 -3 3 -5 5 -7
leaf_value=-0.00043320083631799843 0.00026564514598401449 0.0026581705656384346 0.0014079601497596992 -0.00019934640847313312 3.3301235653864808e-05 0.0024902218572107043
leaf_weight=1261.6434733903006 186.67546731350012 43.289651436265558 179.51801018754486 291.66719116811873 345.16957498213742 57.251366862677969
leaf_count=16427 2036 359 1602 3384 4652 565
internal_value=1.22169e-05 0.000808029 -7.68587e-05 0.000429559 -0.000221962 0.000434746
internal_weight=2365.21 229.965 2135.25 471.185 1664.06 402.421
internal_count=29025 2395 26630 4986 21644 5217
is_linear=0
shrinkage=0.03


Tree=166
num_leaves=7
num_cat=0
split_feature=28 20 3 47 3 6
split_gain=0.302909 0.35498 0.292487 0.284252 0.24108 0.292513
threshold=3.936851024627686 0.0096336115716138555 -0.13427932757012195 10.500000000000002 -0.15933571801603122 0.042425337046742263
decision_type=8 2 2 8 2 2
left_child=-1 2 4 -4 5 -2
right_child=1 -3 3 -5 -6 -7
leaf_value=-0.00010825653449349802 -0.00044800482398465807 -0.00091986685202273902 0.00074065592386061225 0.0040762617173015622 -0.0015666067001924877 0.0025300727910029554
leaf_weight=2067.8774214014265 51.231262509361841 66.952687291312031 47.276287201792002 47.638507471303456 29.876526556559838 53.073390747769736
leaf_count=25523 752 753 463 494 332 691
internal_value=2.16178e-05 0.000902677 0.00145151 0.00264378 0.000483264 0.00115611
internal_weight=2363.93 296.049 229.096 94.9148 134.181 104.305
internal_count=29008 3485 2732 957 1775 1443
is_linear=0
shrinkage=0.03


Tree=167
num_leaves=7
num_cat=0
split_feature=14 5 14 50 14 24
split_gain=0.238036 0.20995 0.251641 0.344023 0.227795 0.264293
threshold=0.54871700466447615 0.0054415274376709228 0.29499267845158655 0.2678571428571429 0.09043214034984999 1.5000000000000002
decision_type=2 2 2 2 2 2
left_child=1 4 3 -3 5 -1
right_child=-2 2 -4 -5 -6 -7
leaf_value=-0.0013770913970087052 -0.0023228256096550779 0.00053670411934490802 -0.00092910355041686803 0.0030414747023722421 0.00011867612913102644 -2.4149825091811269e-05
leaf_weight=220.45290661143372 28.484910488128662 339.31929296170711 70.767398521304131 49.272901009535417 1367.3755369335413 298.80077134893509
leaf_count=6272 123 3986 305 575 9748 8028
internal_value=1.76024e-05 5.57584e-05 0.000623652 0.000922643 -8.50723e-05 -0.000613717
internal_weight=2374.47 2345.99 459.36 388.592 1886.63 519.254
internal_count=29037 28914 4866 4561 24048 14300
is_linear=0
shrinkage=0.03


Tree=168
num_leaves=7
num_cat=0
split_feature=20 14 7 0 25 31
split_gain=0.2334 0.322683 0.208806 0.201786 0.213736 0.289689
threshold=0.19301956439588605 0.24804748656381939 -0.11216522766871455 0.43128405499265698 -0.14371426120886729 5.1014833748340616
decision_type=2 2 2 2 2 8
left_child=2 -2 -1 4 -4 -6
right_child=1 -3 3 -5 5 -7
leaf_value=-0.0011235119725998171 0.0020408209805484164 -0.0013661921276767125 0.00052541533325950593 0.0018492775958281337 -0.00051011960474664909 0.00032634199132374679
leaf_weight=129.40121469998849 97.594318254850805 24.92488519847393 553.85648221714655 46.170487619121559 874.73291440546745 634.85190710765892
leaf_count=2814 1490 112 6622 497 8377 9118
internal_value=7.35828e-05 0.00129692 1.17268e-06 7.51347e-05 2.67099e-05 -0.000158515
internal_weight=2361.53 122.519 2239.01 2109.61 2063.44 1509.58
internal_count=29030 1602 27428 24614 24117 17495
is_linear=0
shrinkage=0.03


Tree=169
num_leaves=7
num_cat=0
split_feature=43 46 20 14 4 46
split_gain=0.171205 0.466884 0.162411 0.191959 0.176873 0.233674
threshold=1.5000000000000002 28.500000000000004 0.19301956439588605 0.24336170466161366 -0.15353645157540793 67.500000000000014
decision_type=2 10 2 2 2 10
left_child=2 -2 4 -4 -1 -6
right_child=1 -3 3 -5 5 -7
leaf_value=-0.00050478879506141335 0.0029690148558152532 -0.00088614881623468641 0.0016121954644207515 -0.0010226140828563052 0.00028025853720310738 -0.00061897804905660042
leaf_weight=640.96022130691563 50.034298741258681 46.691757860593498 92.370136902551167 25.299454405903816 1191.7023223099532 322.06085927423555
leaf_count=8647 389 378 1429 115 14381 3670
internal_value=2.50512e-05 0.00119938 -2.9971e-05 0.00100997 -9.11657e-05 8.61347e-05
internal_weight=2369.12 96.7261 2272.39 117.67 2154.72 1513.76
internal_count=29009 767 28242 1544 26698 18051
is_linear=0
shrinkage=0.03


Tree=170
num_leaves=7
num_cat=0
split_feature=14 8 34 4 11 14
split_gain=0.267224 0.234818 0.275873 0.308179 0.298681 0.364584
threshold=0.54871700466447615 -0.082836676944423732 -8.06241210301717 -0.16185564234216762 0.079165156582517757 0.23169081031993113
decision_type=2 2 10 2 2 2
left_child=1 -1 3 -3 5 -5
right_child=-2 2 -4 4 -6 -7
leaf_value=-0.00072669024702852112 -0.0025259377786772501 -0.00060692942338815871 3.5799305023409451e-05 0.0026476542207510942 -0.0010566709233881815 -0.0006010706859305915
leaf_weight=286.91857765612076 26.447779536247253 71.151495135505684 1781.3478612909385 146.48072544831666 26.793942101707216 34.729335978627205
leaf_count=5543 114 1176 19294 2356 329 164
internal_value=2.33173e-05 6.26321e-05 0.000175522 0.00103505 0.00159879 0.00202616
internal_weight=2373.87 2347.42 2060.5 279.155 208.004 181.21
internal_count=28976 28862 23319 4025 2849 2520
is_linear=0
shrinkage=0.03


Tree=171
num_leaves=7
num_cat=0
split_feature=24 3 34 31 8 47
split_gain=0.344781 0.226507 0.253931 0.191431 0.172125 0.164547
threshold=7.5000000000000009 -0.2460034743292461 0.41100562115510314 -1.0000000180025095e-35 0.2432385036881157 4.5000000000000009
decision_type=2 2 10 8 2 8
left_child=4 -2 3 -3 5 -1
right_child=1 2 -4 -5 -6 -7
leaf_value=-0.001445150629519742 -0.0011535453956596773 -0.00046347446478172256 -0.00031590888460292498 0.0028581363958669124 0.0013833650883634794 -0.00017453518791468424
leaf_weight=86.305990820808802 24.409734729037154 15.558499477803705 41.409598288591951 87.6523875061539 51.205779025855009 2077.7552605702076
leaf_count=1130 427 144 424 1215 553 25245
internal_value=-8.66932e-05 0.00118038 0.00162344 0.00236071 -0.000188244 -0.000231623
internal_weight=2384.3 169.03 144.62 103.211 2215.27 2164.06
internal_count=29138 2210 1783 1359 26928 26375
is_linear=0
shrinkage=0.03


Tree=172
num_leaves=7
num_cat=0
split_feature=14 14 8 34 14 6
split_gain=0.262006 0.190855 0.178502 0.166296 0.224903 0.183095
threshold=0.48282597936324062 0.018574260779666323 0.272820817612972 -8.06241210301717 0.18271767455519689 -0.11479510819940154
decision_type=2 2 2 8 2 2
left_child=1 -1 3 4 -3 -5
right_child=-2 2 -4 5 -6 -7
leaf_value=-0.001791024050078696 -0.0018800653892052282 0.0019233666967030999 0.002076644252769808 -0.00058105092440591461 -0.0012512844968745099 0.00013077524095016433
leaf_weight=39.470421011123108 54.871069833636284 75.002257229760289 30.10185519978404 388.15450028888881 18.696189716458321 1765.2430893210694
leaf_count=4442 228 1238 288 4978 102 17691
internal_value=4.64379e-07 5.28944e-05 9.25458e-05 5.68843e-05 0.00123033 3.7432e-07
internal_weight=2371.54 2316.67 2277.2 2247.1 93.6984 2153.4
internal_count=28967 28739 24297 24009 1340 22669
is_linear=0
shrinkage=0.03


Tree=173
num_leaves=7
num_cat=0
split_feature=22 18 28 33 30 47
split_gain=0.25463 0.180016 0.225999 0.263762 0.360689 0.454485
threshold=-0.17127458574862317 1.0000000180025095e-35 3.3290115594863896 1.5162374774614971 -2.2976633310317989 10.500000000000002
decision_type=2 2 8 10 10 8
left_child=-1 2 -2 4 5 -4
right_child=1 -3 3 -5 -6 -7
leaf_value=-0.00101448010303949 5.7684730190161921e-05 -0.00080842641072596084 -0.0009273399724060474 -0.0016312054324626513 0.0026349174842606056 0.0017943344906132047
leaf_weight=184.39170945089427 1696.2394408989203 164.00034050433896 103.58609029836953 24.664257889147848 92.136080963769928 98.325418992782943
leaf_count=2786 21120 1544 1286 217 786 1216
internal_value=2.61933e-05 0.000118492 0.000197555 0.000917566 0.00117797 0.000420171
internal_weight=2363.34 2178.95 2014.95 318.712 294.048 201.912
internal_count=28955 26169 24625 3505 3288 2502
is_linear=0
shrinkage=0.03


Tree=174
num_leaves=7
num_cat=0
split_feature=0 20 5 39 31 33
split_gain=0.24339 0.193457 0.291219 0.366673 0.278971 0.240175
threshold=0.51080298209407771 0.078711764565629019 -0.042159717438902615 5.5000000000000009 2.4736126661300664 -2.2493744790554042
decision_type=2 2 2 2 10 8
left_child=1 -1 3 4 -3 -4
right_child=-2 2 5 -5 -6 -7
leaf_value=-0.00014316996066174133 0.0025034927816510112 -0.0036102525218370792 -0.00093568520118680822 0.00095806460846463665 0.00014461837423607873 0.0015545091363859183
leaf_weight=1963.3545670259336 24.811659169266932 32.292439152020961 34.479448541300371 65.635751539724879 29.478744386171456 210.92602195043582
leaf_count=23957 272 310 485 900 416 2574
internal_value=1.3465e-05 -2.35386e-05 0.000593763 -0.00054228 -0.00204786 0.0011817
internal_weight=2360.98 2336.17 372.812 127.407 61.7712 245.405
internal_count=28914 28642 4685 1626 726 3059
is_linear=0
shrinkage=0.03


Tree=175
num_leaves=7
num_cat=0
split_feature=35 45 14 46 2 46
split_gain=0.198229 0.17118 0.393407 0.392817 0.291407 0.222859
threshold=-5.5418088592433667 0.23611111111111113 0.39233047508114643 21.500000000000004 -0.10129412141597506 84.500000000000014
decision_type=8 10 2 8 2 10
left_child=-1 3 4 -2 -3 -5
right_child=1 2 -4 5 -6 -7
leaf_value=0.0019384451892312171 0.0015054586016831977 -0.00076076699051061435 -0.0031857231422708753 0.00013486744837064689 0.00043425770032508787 -0.0010921711800841985
leaf_weight=38.377379380981438 167.46414193196688 382.56370331265498 32.286641582846642 1281.6166648187791 336.09985955402954 138.53643992787693
leaf_count=612 1674 5751 134 15292 4160 1429
internal_value=3.76402e-05 -1.67411e-06 -0.000371991 0.000174719 -0.000203596 8.36961e-06
internal_weight=2376.94 2338.57 750.95 1587.62 718.664 1420.15
internal_count=29052 28440 10045 18395 9911 16721
is_linear=0
shrinkage=0.03


Tree=176
num_leaves=7
num_cat=0
split_feature=8 33 1 34 34 3
split_gain=0.171082 0.143628 0.247522 0.193005 0.181397 0.163752
threshold=0.272820817612972 -2.4343761422981816 -0.062760053651792172 -2.6794698536396022 -7.4533436298370352 -0.078987904123971733
decision_type=2 8 2 10 10 2
left_child=1 2 -1 4 -4 -5
right_child=-2 -3 3 5 -6 -7
leaf_value=0.00080514557243312396 0.0019560830199225596 7.4459044547085204e-05 -0.00018821176950695545 -0.001027382796392294 -0.003356293056118224 0.0012182341367691835
leaf_weight=69.108764790929854 30.496859352104366 2069.8520972322149 25.200937154935673 95.102657624520361 43.317535578244133 31.124415603699163
leaf_count=1383 341 24911 520 886 660 265
internal_value=2.2878e-05 -1.06234e-05 -0.000656414 -0.00118907 -0.00236345 -0.00042489
internal_weight=2364.2 2333.71 263.854 194.746 68.5185 126.227
internal_count=28966 28625 3714 2331 1180 1151
is_linear=0
shrinkage=0.03


Tree=177
num_leaves=7
num_cat=0
split_feature=29 31 24 47 51 46
split_gain=0.191378 0.281795 0.23603 0.224175 0.205033 0.576474
threshold=-4.6413476467132559 2.6426282227039342 7.5000000000000009 7.5000000000000009 0.63333333333333341 87.500000000000014
decision_type=8 10 2 8 2 10
left_child=1 -1 4 -4 -2 -6
right_child=2 -3 3 -5 5 -7
leaf_value=0.001951157692778943 -0.00044426180920835066 0.00012140127832688649 0.0026422034461907975 8.2794753700116784e-06 0.0017768767671060429 -0.0019418593616400868
leaf_weight=77.547799129737541 1436.4341718914802 574.52984532041592 37.778407818987034 74.479220255103428 112.6853273275774 44.678256549523212
leaf_count=663 17336 8090 475 981 984 408
internal_value=-6.84312e-05 0.000365187 -0.000235328 0.0010383 -0.00033095 0.000668122
internal_weight=2358.13 652.078 1706.06 112.258 1593.8 157.364
internal_count=28937 8753 20184 1456 18728 1392
is_linear=0
shrinkage=0.03


Tree=178
num_leaves=7
num_cat=0
split_feature=23 22 30 25 23 30
split_gain=0.274892 0.19443 0.151999 0.140915 0.177728 0.237166
threshold=0.87099810360961794 -0.22711048262002828 -6.7167258262634268 0.80429840415603027 -0.36442711546876655 -2.4971752166748042
decision_type=2 2 8 2 2 10
left_child=1 2 -1 4 5 -3
right_child=-2 3 -4 -5 -6 -7
leaf_value=0.0009467990633664048 0.0022645290200395242 0.00037091564868417239 -0.001788463091057441 0.0010475774485804719 5.8577165534049777e-05 -0.0015047493231291856
leaf_weight=16.120341778587317 37.275357626815094 93.379863340203883 81.574534773011692 102.74091192823835 1891.5967929660546 147.3080603882554
leaf_count=383 399 1662 1169 1579 21936 1843
internal_value=-3.61153e-07 -4.60644e-05 -0.00129112 1.38667e-05 -4.05986e-05 -0.000791279
internal_weight=2370 2332.72 97.6949 2235.03 2132.28 240.688
internal_count=28971 28572 1552 27020 25441 3505
is_linear=0
shrinkage=0.03


Tree=179
num_leaves=7
num_cat=0
split_feature=14 3 29 28 5 14
split_gain=0.308324 0.197028 0.237427 0.226122 0.182604 0.330643
threshold=0.54871700466447615 -0.27401120585400146 1.5050709843635561 3.936851024627686 1.0000000180025095e-35 0.29499267845158655
decision_type=2 2 10 10 2 2
left_child=1 2 -1 4 -3 -6
right_child=-2 3 -4 -5 5 -7
leaf_value=-0.001137225512297197 -0.0026767818088143536 -2.9046272372198457e-05 0.0011804858485830517 0.0017278453131758466 0.00099191698255647544 -0.0011531267459767717
leaf_weight=196.69209501511068 26.729144752025604 1588.9406363850576 40.644460358307697 72.375028821639717 383.55048844724661 68.67596136033535
leaf_count=3532 115 19494 595 613 4401 295
internal_value=5.10753e-05 9.32973e-05 -0.000708631 0.000186261 0.000123443 0.000648267
internal_weight=2377.61 2350.88 237.337 2113.54 2041.17 452.226
internal_count=29045 28930 4127 24803 24190 4696
is_linear=0
shrinkage=0.03


Tree=180
num_leaves=7
num_cat=0
split_feature=15 24 20 29 14 46
split_gain=0.258749 0.482294 0.253041 0.324274 0.311674 0.292091
threshold=1.5000000000000002 2.5000000000000004 0.016920310110096485 -2.3632882833480831 0.25872293159897336 55.500000000000007
decision_type=2 2 2 8 2 10
left_child=2 -2 5 -4 -5 -1
right_child=1 -3 3 4 -6 -7
leaf_value=0.00012614198716434381 -0.0019634975034387454 0.00049537429708543788 0.0013722454528574898 0.00044581919212772082 -0.001813130904286625 -0.00082606078668667326
leaf_weight=1157.5510835172317 150.49271461204626 123.95886969190906 264.28371523431269 239.86020585853839 60.484063223004341 375.96079161015223
leaf_count=14336 2028 1564 3380 3179 270 4305
internal_value=-2.53241e-05 -0.00087455 8.93823e-05 0.000626458 -5.28586e-05 -0.000111143
internal_weight=2372.59 274.452 2098.14 564.628 300.344 1533.51
internal_count=29062 3592 25470 6829 3449 18641
is_linear=0
shrinkage=0.03


Tree=181
num_leaves=7
num_cat=0
split_feature=23 15 14 1 13 36
split_gain=0.221678 0.207319 0.248796 0.184568 0.19031 0.180904
threshold=0.056053634262864367 1.5000000000000002 0.48282597936324062 -0.07933974179684776 2.602003343538398 0.46549034574906339
decision_type=2 2 2 2 2 8
left_child=1 2 5 -3 -5 -1
right_child=-2 3 -4 4 -6 -7
leaf_value=-0.00032288347512413426 0.00047207113178843408 0.00046822886307284779 -0.0022215043110326094 -0.0018836241652291804 0.0010285414161976206 0.00032304360955218793
leaf_weight=787.71656263446494 592.02569139937987 49.678440533054527 37.053016543388367 142.51957004587166 16.827644928009249 753.95089548395481
leaf_count=10717 6340 860 155 1713 289 9086
internal_value=-2.63049e-05 -0.000193054 -7.25795e-05 -0.00105811 -0.00153351 -6.94739e-06
internal_weight=2379.77 1787.75 1578.72 209.026 159.347 1541.67
internal_count=29160 22820 19958 2862 2002 19803
is_linear=0
shrinkage=0.03


Tree=182
num_leaves=7
num_cat=0
split_feature=0 24 35 14 22 14
split_gain=0.201064 0.20468 0.227057 0.169561 0.151508 0.308691
threshold=0.5637599454446881 7.5000000000000009 -1.3341565879139428 0.028557834561282684 0.07692831307178441 0.26930193856807477
decision_type=2 2 10 2 2 2
left_child=1 3 -3 -1 -5 -6
right_child=-2 2 -4 4 5 -7
leaf_value=-0.0013851877530455742 0.0025545120863197939 0.0025144942564903337 0.00019281151841594847 -0.00017757278112915542 0.0009377649018624814 -0.0012671734339072802
leaf_weight=81.431215966207674 17.177753463271074 46.291953306063078 121.90206412482075 1751.0960118379444 275.98921127431095 62.219411700963974
leaf_count=6076 180 663 1534 17051 3037 275
internal_value=-1.11119e-05 -4.07496e-05 0.000937057 -0.000120462 -6.48056e-05 0.000507386
internal_weight=2356.11 2338.93 168.194 2170.74 2089.3 338.209
internal_count=28816 28636 2197 26439 20363 3312
is_linear=0
shrinkage=0.03


Tree=183
num_leaves=7
num_cat=0
split_feature=37 14 12 2 5 13
split_gain=0.270324 0.281371 0.340002 0.259458 0.334657 0.268196
threshold=-5.3239102369795228 0.23169081031993113 0.08222193731774953 -0.12258256293067527 -0.029853053360327907 2.3502401828962087
decision_type=10 2 2 2 2 2
left_child=1 2 -1 4 -4 -5
right_child=-2 -3 3 5 -6 -7
leaf_value=-0.00027517069157834048 -8.1098904219189001e-05 -0.0010807843356966797 0.0022142577989454951 0.0044136871791687418 -0.0013626815915022397 0.00096643475762793734
leaf_weight=83.1028125694138 2081.8169921051885 47.428144678473473 40.961370259523392 47.125619927421212 34.650490071624517 42.561205144971609
leaf_count=3032 24201 224 400 390 336 418
internal_value=4.08763e-05 0.000873827 0.00127441 0.00202471 0.00060736 0.00303883
internal_weight=2377.65 295.83 248.401 165.299 75.6119 89.6868
internal_count=29001 4800 4576 1544 736 808
is_linear=0
shrinkage=0.03


Tree=184
num_leaves=7
num_cat=0
split_feature=23 24 15 7 12 12
split_gain=0.186254 0.25511 0.207019 0.219363 0.302505 0.300822
threshold=0.24218571823153637 3.5000000000000004 1.5000000000000002 0.016221255014606105 1.0261869549112583 0.91420160896898706
decision_type=2 2 2 2 2 2
left_child=2 -2 3 5 -5 -1
right_child=1 -3 -4 4 -6 -7
leaf_value=-0.00014705947300185372 -0.00025968108571119942 0.0012956007960863902 -0.00096548170926333222 0.00010816557828344811 -0.0010671478477559963 0.00092871690839712803
leaf_weight=610.01550096779829 172.24302568144049 194.0170029954752 236.20961382088717 447.21828691085102 340.0892101675272 367.22133022919297
leaf_count=11392 1737 2201 3177 6476 1847 2199
internal_value=-3.60538e-05 0.000576728 -0.00015054 -3.66229e-05 -0.000406545 0.000262503
internal_weight=2367.01 366.26 2000.75 1764.54 787.307 977.237
internal_count=29029 3938 25091 21914 8323 13591
is_linear=0
shrinkage=0.03


Tree=185
num_leaves=7
num_cat=0
split_feature=43 46 3 22 31 31
split_gain=0.206355 0.25201 0.279113 0.216769 0.257234 0.167532
threshold=1.5000000000000002 13.500000000000002 -0.15465352698132812 -0.16657381231534177 -0.45297667384147638 4.4754498004913339
decision_type=2 10 2 2 8 8
left_child=3 -2 -3 4 -1 -5
right_child=1 2 -4 5 -6 -7
leaf_value=0.0014026708187873957 0.0034531970476126936 0.0021661830883234179 -0.001228878365019331 -0.00015092060405690053 -0.0013875174128840076 0.00038705873103881544
leaf_weight=27.46494674263522 24.912500695325434 28.658561953809112 40.270238793455064 1130.7700514653116 163.45313861887553 949.91741259413539
leaf_count=251 191 243 314 11147 2617 14166
internal_value=6.47397e-05 0.00137253 0.000278295 4.93532e-06 -0.000936293 9.53651e-05
internal_weight=2365.45 93.8413 68.9288 2271.61 190.918 2080.69
internal_count=28929 748 557 28181 2868 25313
is_linear=0
shrinkage=0.03


Tree=186
num_leaves=7
num_cat=0
split_feature=28 11 44 33 26 35
split_gain=0.227351 0.227962 0.219522 0.208007 0.290317 0.186845
threshold=3.936851024627686 0.1185615240820051 5.5000000000000009 0.21640296777089438 -0.77013680338859547 -5.8057200601085635
decision_type=10 2 8 8 10 8
left_child=1 5 -2 4 -3 -1
right_child=2 3 -4 -5 -6 -7
leaf_value=0.0018292286263277069 0.0026335711855045942 0.0015771463419603747 -0.00025703808179715647 0.0024980447294391688 -0.0022885345500444228 -0.00020532869491016279
leaf_weight=31.473035167553462 44.723785388283432 30.281556418980472 38.766677356790751 46.667808464320842 20.92082912940532 2149.9662080918933
leaf_count=498 364 347 357 490 210 26662
internal_value=-4.28734e-05 -0.000101915 0.00140746 0.00124525 -0.000118189 -0.000167762
internal_weight=2362.8 2279.31 83.4905 97.8702 51.2024 2181.44
internal_count=28928 28207 721 1047 557 27160
is_linear=0
shrinkage=0.03


Tree=187
num_leaves=7
num_cat=0
split_feature=23 18 7 6 46 35
split_gain=0.344486 0.217426 0.32858 0.261979 0.210626 0.208309
threshold=0.056053634262864367 1.0000000180025095e-35 -0.02161735818390197 0.52439334828904993 11.500000000000002 -4.0019205439835774
decision_type=2 2 2 2 10 10
left_child=1 3 -3 5 -4 -1
right_child=-2 2 4 -5 -6 -7
leaf_value=0.00062056996889958227 0.00064719866717367425 0.00092910109126956297 -0.0034826041542526487 0.0025893582101912866 -0.00061987386491142455 -0.00028648064210171981
leaf_weight=263.41444466641406 593.33979806522257 36.370452788192779 44.860006184200756 22.357155055156909 49.166690189391375 1366.1945974176779
leaf_count=3688 6349 424 419 221 455 17585
internal_value=2.72607e-05 -0.000181573 -0.00131519 -8.47166e-05 -0.00218916 -0.000136972
internal_weight=2375.7 1782.36 130.397 1651.97 94.0267 1629.61
internal_count=29141 22792 1298 21494 874 21273
is_linear=0
shrinkage=0.03


Tree=188
num_leaves=7
num_cat=0
split_feature=10 14 34 12 10 13
split_gain=0.215522 0.40644 0.234983 0.443796 0.433734 0.231566
threshold=0.020192893228201465 0.39233047508114643 -7.7597284168004981 0.85477978322430281 0.074163495308822533 2.1383330595080281
decision_type=2 2 10 2 2 2
left_child=1 5 4 -4 -2 -1
right_child=2 -3 3 -5 -6 -7
leaf_value=0.00059820588541853069 0.002730371420722421 -0.0021643087177145776 -0.00050593543640369378 0.00088642379053544462 -0.00054694413980589771 -0.00029193318873503723
leaf_weight=345.31293440642185 83.901239123719279 78.164015248417854 406.15890829014825 398.72211199998856 54.614035220161895 1003.3943675540795
leaf_count=3607 1264 323 6611 2312 812 14078
internal_value=4.14614e-05 -0.000190767 0.000391019 0.000186225 0.00148837 -6.13032e-05
internal_weight=2370.27 1426.87 943.396 804.881 138.515 1348.71
internal_count=29007 18008 10999 8923 2076 17685
is_linear=0
shrinkage=0.03


Tree=189
num_leaves=7
num_cat=0
split_feature=11 37 14 0 20 14
split_gain=0.266766 0.216125 0.207561 0.197244 0.20536 0.304873
threshold=0.12604534201053932 0.77577399950888437 0.023831776168779833 0.43128405499265698 0.03625850364957612 0.25872293159897336
decision_type=2 8 2 2 2 2
left_child=2 -2 -1 4 -4 -6
right_child=1 -3 3 -5 5 -7
leaf_value=-0.0016764283597654227 -0.00038549801425724427 0.0025787104006634465 -0.0002380137706308205 0.0017357366807258675 0.00080532261139932009 -0.00096619927679166473
leaf_weight=61.246482194052078 30.760050120239612 52.223608100321144 1660.4647944029421 45.462218640372157 411.34809668362141 101.30538912117481
leaf_count=5479 397 496 17052 383 4739 455
internal_value=-1.86461e-05 0.00155666 -8.25335e-05 -3.12072e-05 -7.59536e-05 0.000443464
internal_weight=2362.81 82.9837 2279.83 2218.58 2173.12 512.653
internal_count=29001 893 28108 22629 22246 5194
is_linear=0
shrinkage=0.03


Tree=190
num_leaves=7
num_cat=0
split_feature=20 10 23 29 3 27
split_gain=0.205399 0.199585 0.234403 0.216104 0.220339 0.186617
threshold=-0.22897997413206103 -0.068081507655543633 -0.01950030710326844 -8.5289578437805158 -0.0036267450728716326 -0.12379998341202735
decision_type=2 2 2 8 2 8
left_child=-1 2 -2 -4 5 -5
right_child=1 -3 3 4 -6 -7
leaf_value=-0.001219198110675669 0.00047657601857575366 0.00015975295950399965 0.0011277901918103079 -0.00012241892658016782 0.0010611283567469455 -0.002516722872930823
leaf_weight=111.26195993475267 102.53703886113362 1953.7699110249814 23.226013146748301 39.440854141837917 18.612400023790542 117.20342782855732
leaf_count=1811 1638 23021 325 669 219 1431
internal_value=-1.63493e-05 4.81262e-05 -0.00065823 -0.00123921 -0.00159685 -0.00195739
internal_weight=2366.05 2254.79 301.02 198.483 175.257 156.644
internal_count=29114 27303 4282 2644 2319 2100
is_linear=0
shrinkage=0.03


Tree=191
num_leaves=7
num_cat=0
split_feature=8 8 33 24 12 33
split_gain=0.198416 0.185202 0.147005 0.140245 0.171 0.21522
threshold=-0.24375264605386873 0.2432385036881157 0.82490885816514503 7.5000000000000009 0.9684030709266962 0.55230838060379039
decision_type=2 2 10 2 2 10
left_child=2 3 -1 -2 5 -5
right_child=1 -3 -4 4 -6 -7
leaf_value=-0.0028681467371476795 -5.2154683881757338e-05 0.0016744607074426364 0.00088576572104245572 0.0023213549407217404 -0.00047448898657419746 -0.00031079067591707597
leaf_weight=25.261227490322199 2121.9715379457921 52.215877251815982 7.4994869949878185 73.317019658978097 56.10612565279007 38.856214560510125
leaf_count=852 25367 565 172 1218 328 589
internal_value=2.27272e-05 5.94454e-05 -0.00200263 1.5505e-05 0.00082375 0.00145878
internal_weight=2375.23 2342.47 32.7607 2290.25 168.279 112.173
internal_count=29091 28067 1024 27502 2135 1807
is_linear=0
shrinkage=0.03


Tree=192
num_leaves=7
num_cat=0
split_feature=41 46 34 31 36 31
split_gain=0.175154 0.307931 0.170653 0.314181 0.317561 0.2722
threshold=1.5000000000000002 28.500000000000004 0.68634541829427087 2.8233501147478823 2.0119547919203078 4.3782451562583455
decision_type=2 10 10 10 10 10
left_child=2 -2 -1 4 -4 -5
right_child=1 -3 3 5 -6 -7
leaf_value=-0.00021160672081497228 0.0025133290990103411 -0.00054505750116613143 0.0013515801986566651 -0.0016369295373058368 -0.0014483063726116021 0.00026035120575930415
leaf_weight=1641.42772547614 55.125071479938924 48.929752246942371 281.62559040030465 86.965113767189905 33.355641197413206 221.20295647665625
leaf_count=22318 444 402 2290 836 254 2486
internal_value=6.28069e-06 0.00115349 -5.12716e-05 0.000367736 0.00101964 -0.000309683
internal_weight=2368.63 104.055 2264.58 623.149 314.981 308.168
internal_count=29030 846 28184 5866 2544 3322
is_linear=0
shrinkage=0.03


Tree=193
num_leaves=7
num_cat=0
split_feature=20 3 17 6 26 33
split_gain=0.187399 0.327548 0.27416 0.259893 0.33263 0.258603
threshold=-0.055802066885117775 -0.05448529814257571 1.0000000180025095e-35 0.24182712512284774 -0.86810749769210804 0.47070539991060895
decision_type=2 2 2 2 8 10
left_child=1 2 -1 -2 -5 -6
right_child=3 -3 -4 4 5 -7
leaf_value=-0.00034744320953326808 8.956562423546795e-06 0.0025931899007646856 -0.0023067515352331687 -0.00033417373385878651 0.0028873933393351084 0.00046266004188233369
leaf_weight=494.27970472638845 1534.0780165400647 20.45082996180281 64.923958759434754 98.681857548770495 83.7133138126228 76.35734153969679
leaf_count=6595 18755 207 993 1005 816 673
internal_value=7.96545e-06 -0.000456326 -0.00061145 0.000159778 0.00102035 0.00182595
internal_weight=2372.49 579.654 559.204 1792.83 258.753 160.071
internal_count=29044 7795 7588 21249 2494 1489
is_linear=0
shrinkage=0.03


Tree=194
num_leaves=7
num_cat=0
split_feature=30 8 22 24 8 14
split_gain=0.206331 0.310529 0.250626 0.255582 0.240971 0.248089
threshold=3.1740281581878667 0.17588879559356804 0.11725936413436787 1.5000000000000002 0.12946595469826874 0.093090228726925933
decision_type=8 2 2 2 2 2
left_child=2 4 -1 -4 5 -2
right_child=1 -3 3 -5 -6 -7
leaf_value=-0.00022557685068405465 -0.00063521871371679725 0.0028070122457981767 -0.00043680012905907494 0.0016134980506900263 -0.0018333152927351619 0.00088078060463390247
leaf_weight=1593.8468829197373 121.2111380485585 40.477105547557585 82.9275063223904 133.05260486272164 33.034333487856202 381.28999569267035
leaf_count=20202 2875 380 1134 1694 321 2564
internal_value=6.36607e-05 0.000553038 -9.42762e-05 0.000841775 0.000334346 0.000509839
internal_weight=2385.84 576.013 1809.83 215.98 535.535 502.501
internal_count=29170 6140 23030 2828 5760 5439
is_linear=0
shrinkage=0.03


Tree=195
num_leaves=7
num_cat=0
split_feature=0 33 1 26 2 25
split_gain=0.154746 0.163242 0.264061 0.185357 0.181704 0.166699
threshold=0.5637599454446881 -2.4343761422981816 -0.11730422281682748 -0.71324846148490895 -0.10758830915720431 -0.16291419865406295
decision_type=2 8 2 10 2 2
left_child=1 2 4 -4 -1 -3
right_child=-2 5 3 -5 -6 -7
leaf_value=0.0025018121873461156 0.0022926829953994754 0.00051917072621749576 -0.0014326729356653395 0.00083468479672449902 -0.0012223471680690534 -8.6856488639536314e-05
leaf_weight=26.000217136752326 16.399968839657959 544.3897068160295 194.50796054053353 31.75825844774954 10.2764187559369 1544.3820877760882
leaf_count=693 180 6691 2468 370 171 18420
internal_value=8.61517e-06 -1.69576e-05 -0.000707621 -0.00109257 0.00141067 7.28115e-05
internal_weight=2367.71 2351.31 262.543 226.266 36.2766 2088.77
internal_count=28993 28813 3702 2838 864 25111
is_linear=0
shrinkage=0.03


Tree=196
num_leaves=7
num_cat=0
split_feature=46 4 26 33 37 6
split_gain=0.154597 0.184663 0.141638 0.230807 0.140127 0.222807
threshold=7.5000000000000009 -0.1298155610160566 -7.4371142387390128 -4.1148953636487322 5.7742995181470187 0.36371854480259908
decision_type=8 2 8 8 10 2
left_child=1 -1 -2 -4 5 -5
right_child=2 -3 3 4 -6 -7
leaf_value=-0.00051611305933015224 0.0018505533597877074 0.0033047195618596458 -0.0018548675154965897 -0.00016924346764003853 0.00086446267454152125 0.0011563028280987342
leaf_weight=15.726940740598364 24.569994994322769 16.776434342260472 54.421763411388383 2015.9206811671902 136.40052946039941 110.99549050262431
leaf_count=218 397 215 817 25257 1061 1123
internal_value=-2.37831e-05 0.00176952 -5.60848e-05 -8.416e-05 -3.36111e-05 -9.4981e-05
internal_weight=2374.81 32.5034 2342.31 2317.74 2263.32 2126.92
internal_count=29088 433 28655 28258 27441 26380
is_linear=0
shrinkage=0.03


Tree=197
num_leaves=7
num_cat=0
split_feature=4 4 30 33 29 37
split_gain=0.203234 0.306818 0.232458 0.293403 0.28324 0.220789
threshold=-0.054562053072230117 -0.052346814896713958 -5.6590349674224845 -1.695377210776011 -2.3632882833480831 -7.2184343947916085
decision_type=2 2 10 8 10 8
left_child=5 -2 3 -3 -4 -1
right_child=1 2 4 -5 -6 -7
leaf_value=0.0019940031482945557 0.003514213560567833 -0.0014134718125421745 0.00066846616830973339 0.0020460489613485515 -0.00086178789036405769 -0.00019059191281051507
leaf_weight=32.67418922521756 19.108472281717695 19.829447729847743 237.18794303710456 104.17320879653562 184.53167821126408 1775.2697884376394
leaf_count=851 225 378 2756 1477 1819 21541
internal_value=1.51758e-05 0.000506803 0.000340157 0.00142864 -5.57831e-06 -0.000140359
internal_weight=2372.77 564.831 545.722 124.003 421.72 1807.94
internal_count=29047 6655 6430 1855 4575 22392
is_linear=0
shrinkage=0.03


Tree=198
num_leaves=7
num_cat=0
split_feature=23 5 28 22 2 0
split_gain=0.199119 0.191789 0.190599 0.170162 0.203453 0.23969
threshold=0.87099810360961794 -0.1680264440280779 -4.4903969764709464 -0.14335910153964015 -0.15162683127551821 -0.039070394050255523
decision_type=2 2 8 2 2 2
left_child=1 -1 -3 4 -4 -6
right_child=-2 2 3 -5 5 -7
leaf_value=-0.0010476914859985738 0.0019199694029845326 0.0014532051602280493 -0.0020690513875516198 8.2737489909757203e-05 -0.0019946223713341229 0.00051344272326745409
leaf_weight=144.94456014427124 38.213923002243973 73.158613719846471 64.630525115790078 1887.4237800789124 36.590411045239307 120.4558602826728
leaf_count=2182 413 1640 1105 21762 485 1466
internal_value=1.16639e-05 -2.77522e-05 4.44617e-05 -1.10306e-05 -0.000778512 -0.000155338
internal_weight=2365.42 2327.2 2182.26 2109.1 221.677 157.046
internal_count=29053 28640 26458 24818 3056 1951
is_linear=0
shrinkage=0.03


Tree=199
num_leaves=7
num_cat=0
split_feature=23 36 11 24 14 28
split_gain=0.192743 0.174908 0.193172 0.182081 0.196599 0.180099
threshold=0.87099810360961794 2.7850493320815821 0.042938828058801636 7.5000000000000009 0.25872293159897336 2.5611455440521245
decision_type=2 10 2 2 2 8
left_child=1 3 -3 5 -5 -1
right_child=-2 2 -4 4 -6 -7
leaf_value=-0.00018707835694746193 0.0019252980970867644 -0.0017320860463820795 0.00086396966962104429 0.0013870866194224186 -0.0012751044867984006 0.00048826760450465501
leaf_weight=1625.2520184773894 36.529155404277844 90.448396037390921 27.805491885868832 140.11734834167873 21.790244951844215 444.12677658814937
leaf_count=20644 386 952 281 2018 102 4749
internal_value=1.32571e-05 -2.45037e-05 -0.0011019 3.72576e-05 0.000975465 -4.04856e-05
internal_weight=2386.07 2349.54 118.254 2231.29 161.908 2069.38
internal_count=29132 28746 1233 27513 2120 25393
is_linear=0
shrinkage=0.03


Tree=200
num_leaves=7
num_cat=0
split_feature=11 36 14 42 14 12
split_gain=0.210906 0.302667 0.190338 0.168191 0.165776 0.150033
threshold=0.11541475028367247 -0.1510490776819742 0.54871700466447615 1.0000000180025095e-35 0.023831776168779833 2.217526270536363
decision_type=2 8 2 2 2 2
left_child=2 -2 4 -3 -1 -6
right_child=1 3 -4 -5 5 -7
leaf_value=-0.0014943050335286762 -0.00070119056369720499 0.00054311247886577863 -0.0022853492686702895 0.0035408626074604228 -6.2696139051730102e-05 0.0013732441034785832
leaf_weight=60.761896917480044 42.866062293993309 34.105370541685261 25.316090494394302 34.251985004171729 2130.9917240459472 57.555099040269852
leaf_count=5458 472 369 108 337 22126 249
internal_value=-3.52011e-05 0.00118438 -9.97589e-05 0.00230539 -6.51536e-05 -1.88589e-05
internal_weight=2385.85 111.223 2274.62 68.3574 2249.31 2188.55
internal_count=29119 1178 27941 706 27833 22375
is_linear=0
shrinkage=0.03


Tree=201
num_leaves=7
num_cat=0
split_feature=3 39 37 28 22 3
split_gain=0.19921 0.306329 0.280935 0.306156 0.244249 0.22981
threshold=-0.05448529814257571 5.5000000000000009 2.0414093812306731 0.84631505608558666 0.075072235373632196 -0.10521998794801178
decision_type=2 2 10 10 2 2
left_child=5 2 4 -4 -2 -1
right_child=1 -3 3 -5 -6 -7
leaf_value=4.2174059716894308e-06 0.0031651871634672262 -0.00018055211188891656 0.0018930804249452007 -0.001626031731155447 0.0005080496875640517 -0.00089732861847481864
leaf_weight=1650.1848918941105 76.442776739830151 230.72362955263816 28.938521434552968 41.981516522821039 55.64395774435252 290.8455267866957
leaf_count=21151 862 2533 235 288 646 3237
internal_value=-4.30679e-06 0.000569456 0.00139032 -0.000133587 0.00216036 -0.000134778
internal_weight=2374.76 433.73 203.007 70.92 132.087 1941.03
internal_count=28952 4564 2031 523 1508 24388
is_linear=0
shrinkage=0.03


Tree=202
num_leaves=7
num_cat=0
split_feature=7 26 14 14 46 33
split_gain=0.219827 0.247653 0.21543 0.209163 0.152061 0.141162
threshold=-0.12022649761984112 -2.2228192090988155 0.54871700466447615 0.02009384226965719 50.500000000000007 -4.5959437688191729
decision_type=2 10 2 2 10 8
left_child=1 4 3 -2 -1 -5
right_child=2 -3 -4 5 -6 -7
leaf_value=0.0021884509241415638 -0.0017827921923704512 -0.0018543507912451673 -0.0021363591473808987 -0.001371515918774677 -0.001365678771236369 0.00022770102079040563
leaf_weight=19.973068982304543 39.433154883095995 93.33732311197673 27.778710156679153 40.996948687359691 8.6855684753390943 2146.557796549052
leaf_count=579 3921 1951 119 435 231 21853
internal_value=4.22002e-05 -0.00114812 0.000111389 0.000148851 0.00103667 0.000191625
internal_weight=2376.76 121.996 2254.77 2226.99 28.6586 2187.55
internal_count=29089 2761 26328 26209 810 22288
is_linear=0
shrinkage=0.03


Tree=203
num_leaves=7
num_cat=0
split_feature=14 5 30 2 2 51
split_gain=0.187087 0.178269 0.228523 0.211257 0.278205 0.214182
threshold=0.48282597936324062 0.010345172944352167 -4.4536819458007804 -0.038773112512268705 -0.14691763258225213 0.29166666666666669
decision_type=2 2 10 2 2 2
left_child=1 2 -1 4 -3 -6
right_child=-2 3 -4 -5 5 -7
leaf_value=0.00038359147828368221 -0.0016348788474205022 -0.0005137131041825253 -0.00033808503130655491 -0.00048040796202889244 0.00091890479231810989 0.0031720457418086944
leaf_weight=545.23274357250193 55.372326612472534 78.232661931600887 1361.468225262739 120.85232292959699 171.20748915465083 45.116279586800374
leaf_count=8808 230 993 15587 1272 1786 365
internal_value=-5.21098e-05 -7.51908e-06 -0.000130793 0.000548073 0.000971963 0.00150821
internal_weight=2377.48 2322.11 1906.7 415.409 294.556 216.324
internal_count=29041 28811 24395 4416 3144 2151
is_linear=0
shrinkage=0.03


Tree=204
num_leaves=7
num_cat=0
split_feature=28 45 3 13 3 46
split_gain=0.303795 0.308453 0.240108 0.251678 0.234544 0.168205
threshold=4.2889230251312265 0.23611111111111113 -0.13427932757012195 2.249904835165133 -0.16163954611005366 14.500000000000002
decision_type=8 10 2 2 2 8
left_child=5 2 -2 -4 -3 -1
right_child=1 4 3 -5 -6 -7
leaf_value=0.00082036196636488582 0.00045163125975720774 0.0012025254464115786 0.0040191927656737254 0.00086960646876024176 -0.0017738674855335766 -0.00016105852674364008
leaf_weight=160.99618345865747 95.975508692907169 32.057015297352336 44.910243285587057 51.303454005974345 46.721229732269421 1944.7089581154141
leaf_count=2000 1196 528 362 551 606 23858
internal_value=4.07603e-05 0.000967462 0.00159191 0.00257975 -0.000563666 -8.24991e-05
internal_weight=2376.67 270.967 192.189 96.2137 78.7782 2105.71
internal_count=29101 3243 2109 913 1134 25858
is_linear=0
shrinkage=0.03


Tree=205
num_leaves=7
num_cat=0
split_feature=0 20 12 35 24 26
split_gain=0.222414 0.160254 0.227115 0.276438 0.221967 0.379778
threshold=0.5637599454446881 0.078711764565629019 1.8952124124288499 0.52270903542533631 1.5000000000000002 -2.3448704481124873
decision_type=2 2 2 8 2 8
left_child=1 2 -1 -4 5 -3
right_child=-2 4 3 -5 -6 -7
leaf_value=-0.00020422673314864504 0.0027227346513341308 -0.0028588567958167358 0.0022286182458476195 -0.0002089229220898657 0.001121153243933798 0.00047623217624216668
leaf_weight=1821.2171638743748 17.329134649888147 30.292815688764676 69.766895040869713 84.874225147068501 231.25230580673087 121.09616086509777
leaf_count=23416 178 423 311 380 2850 1486
internal_value=3.18953e-05 7.12132e-07 -0.000108787 0.000959351 0.000554505 -0.000326907
internal_weight=2375.83 2358.5 1975.86 154.641 382.641 151.389
internal_count=29044 28866 24107 691 4759 1909
is_linear=0
shrinkage=0.03


Tree=206
num_leaves=7
num_cat=0
split_feature=8 5 22 0 8 8
split_gain=0.169612 0.156393 0.156909 0.222143 0.191829 0.285935
threshold=0.272820817612972 -0.17569571520095903 -0.045879365535205184 1.0000000180025095e-35 0.034741422692794628 -0.12871561826217473
decision_type=2 2 2 2 2 2
left_child=1 -1 4 -4 5 -3
right_child=-2 2 3 -5 -6 -7
leaf_value=-0.0010384374221997885 0.001898182824552335 -0.0022800265663635469 -0.00012487371285035108 0.00058223606613720419 -0.0010762367548412298 0.00039563978198022562
leaf_weight=127.57240366732003 30.622805666702334 31.174159600719577 1033.8306821295118 639.26277226483217 228.62700876427698 273.34899399639107
leaf_count=1933 331 759 13367 6308 2732 3591
internal_value=-2.38654e-05 -5.70763e-05 4.09882e-06 0.000147156 -0.000439277 5.79479e-05
internal_weight=2364.44 2333.82 2206.24 1673.09 533.15 304.523
internal_count=29021 28690 26757 19675 7082 4350
is_linear=0
shrinkage=0.03


Tree=207
num_leaves=7
num_cat=0
split_feature=0 5 23 39 12 39
split_gain=0.193359 0.25032 0.230631 0.378258 0.194755 0.184882
threshold=0.09277109581368094 0.0054415274376709228 0.0096934542110093131 2.5000000000000004 1.8952124124288499 3.5000000000000004
decision_type=2 2 2 2 2 2
left_child=1 2 4 -4 -1 -3
right_child=-2 5 3 -5 -6 -7
leaf_value=-0.000637010825323276 0.0004620171746159589 0.0015729025105567535 -0.0027114677995116231 0.0006757472719017988 0.00085957569497326937 7.1650218271385375e-05
leaf_weight=1060.3392133981542 583.3163192224456 102.46968332462711 22.907107343547978 303.88318169600097 75.882166050374508 217.87349407121656
leaf_count=15350 5940 1102 208 3543 346 2472
internal_value=-7.47387e-06 -0.000162759 -0.000329336 0.000364854 -0.000530435 0.00058494
internal_weight=2366.67 1783.35 1463.01 326.79 1136.22 320.343
internal_count=28961 23021 19447 3751 15696 3574
is_linear=0
shrinkage=0.03


Tree=208
num_leaves=7
num_cat=0
split_feature=37 21 10 10 37 28
split_gain=0.23842 0.225118 0.391347 0.378962 0.275871 0.178264
threshold=-3.2593762866324849 1.0000000180025095e-35 0.070812240434956722 -0.040328100642748936 -5.1798036239401553 0.018742006272077564
decision_type=10 2 2 2 10 8
left_child=1 2 3 -1 -5 -2
right_child=5 -3 -4 4 -6 -7
leaf_value=-0.00026736895397115211 -0.00046777819521423792 9.0081626140152199e-05 -0.0014323283611344193 0.0037379797998811238 -0.00012513067539041597 0.00012012954377731215
leaf_weight=41.530064434569795 729.724873806088 243.97937911408371 26.969987412070623 80.243278761103284 19.620177795295604 1238.1833101988595
leaf_count=710 9756 4436 377 1057 321 12378
internal_value=3.9195e-05 0.0006861 0.00149633 0.00211266 0.00303669 -9.91368e-05
internal_weight=2380.25 412.343 168.364 141.394 99.8635 1967.91
internal_count=29035 6901 2465 2088 1378 22134
is_linear=0
shrinkage=0.03


Tree=209
num_leaves=7
num_cat=0
split_feature=17 42 1 2 6 30
split_gain=0.172054 0.201108 0.360097 0.226016 0.183265 0.159184
threshold=1.5000000000000002 2.5000000000000004 0.006955427595177182 -0.079125311427945932 -0.33659105896845676 -0.087621204555034624
decision_type=2 2 2 2 2 10
left_child=1 4 3 -3 -1 -2
right_child=5 2 -4 -5 -6 -7
leaf_value=-0.0011592101451415209 -0.001790539130501829 0.0035447336727457567 -0.0010744728760841448 -0.00010169007096681725 0.00014042486331818278 0.00026778502486316506
leaf_weight=92.559767089725938 72.091274780890672 45.258190297987312 29.851617203094065 20.400783270131797 2046.6746320893872 53.587963799713179
leaf_count=2019 1255 482 240 194 24135 632
internal_value=8.01227e-05 0.000142504 0.00142132 0.00254807 7.90607e-05 -0.000957845
internal_weight=2360.42 2234.74 95.5106 65.659 2139.23 125.679
internal_count=28957 27070 916 676 26154 1887
is_linear=0
shrinkage=0.03


Tree=210
num_leaves=7
num_cat=0
split_feature=18 23 14 46 31 0
split_gain=0.16131 0.179984 0.205515 0.198058 0.23225 0.226646
threshold=1.0000000180025095e-35 -0.29784067960771393 0.025905745963115897 36.500000000000007 4.134804606437684 0.22311640574959193
decision_type=2 2 2 8 8 2
left_child=1 3 -3 4 -1 -5
right_child=-2 2 -4 5 -6 -7
leaf_value=-0.00070670576808862511 -0.00080329073139675687 -0.0014303206492873731 0.00029425858025500202 -0.0010825489014113147 0.0023433872033986336 0.0013500051288044056
leaf_weight=38.184580762404948 179.3522980165435 54.662746606292785 1751.9912871476263 277.29127215285553 34.607236179348547 30.553157788875978
leaf_count=428 1700 4398 17193 4127 693 432
internal_value=3.70722e-05 0.000109322 0.000234493 -0.000475584 0.000851288 -0.000806243
internal_weight=2366.64 2187.29 1806.65 380.636 72.7918 307.844
internal_count=28971 27271 21591 5680 1121 4559
is_linear=0
shrinkage=0.03


Tree=211
num_leaves=7
num_cat=0
split_feature=3 28 0 31 0 3
split_gain=0.212564 0.200744 0.183298 0.188172 0.244118 0.31217
threshold=-0.33078305683041948 -0.091835949569940553 0.51080298209407771 7.1145739555358896 -0.2001739035187943 -0.2133422532378986
decision_type=2 8 2 10 2 2
left_child=1 -1 3 -2 -5 -6
right_child=2 -3 -4 4 5 -7
leaf_value=0.00043278088898241585 -8.3131548297038822e-05 -0.0018969386806381794 0.0023188606416263929 -0.00069603477306500155 -0.0010274288016587818 0.0013301287148936123
leaf_weight=46.210413724445971 1762.7153965599719 85.598394289147109 22.741058460436761 95.175792036825442 52.723375117027899 299.64993701776257
leaf_count=1029 18802 1239 247 2187 1116 4331
internal_value=1.9269e-05 -0.00110725 9.04045e-05 5.71355e-05 0.000599333 0.000958764
internal_weight=2364.81 131.809 2233.01 2210.26 447.549 352.373
internal_count=28951 2268 26683 26436 7634 5447
is_linear=0
shrinkage=0.03


Tree=212
num_leaves=7
num_cat=0
split_feature=20 24 11 4 25 50
split_gain=0.126762 0.318418 0.245346 0.189985 0.208192 0.190911
threshold=0.033396277566731587 1.5000000000000002 -0.0025625589517281121 -0.07257295570118126 -0.67107566491726511 0.68333333333333346
decision_type=2 2 2 2 2 2
left_child=3 2 -2 4 -1 -6
right_child=1 -3 -4 -5 5 -7
leaf_value=0.0012828564433282567 -0.0018932474439898148 0.00089642470037672596 0.00018013761888832164 0.00029884431685990576 -0.00054784290809773068 0.00098060106181228728
leaf_weight=56.209924161084928 68.973316357063595 351.82320870138938 142.5866791656008 555.89201031495759 1122.4934668124479 69.645887117134407
leaf_count=819 861 4251 1784 6578 14031 673
internal_value=-3.61531e-05 0.000352849 -0.000550774 -0.000158896 -0.000363484 -0.000451135
internal_weight=2367.62 563.383 211.56 1804.24 1248.35 1192.14
internal_count=28997 6896 2645 22101 15523 14704
is_linear=0
shrinkage=0.03


Tree=213
num_leaves=7
num_cat=0
split_feature=14 37 47 42 6 10
split_gain=0.16436 0.422777 0.194374 0.207367 0.239203 0.238956
threshold=0.41698071584284324 3.3631840287825341 4.5000000000000009 2.5000000000000004 0.14993193094951227 0.019491846142484597
decision_type=2 10 8 2 2 2
left_child=2 -2 -1 5 -5 -4
right_child=1 -3 3 4 -6 -7
leaf_value=-0.0012083327765977923 -0.0025838313633694474 0.00088025258088789387 -0.0002096344516898811 0.002308746479792487 -0.0009412692648286448 0.00044245942621370319
leaf_weight=94.250720637151971 61.03472600877285 50.25101064145565 1239.7983474169741 64.633179660188034 21.714384565129876 839.7312943310535
leaf_count=1287 249 208 16272 679 177 10200
internal_value=-1.97627e-08 -0.00107602 5.74675e-05 0.00011785 0.00147858 5.45438e-05
internal_weight=2371.41 111.286 2260.13 2165.88 86.3476 2079.53
internal_count=29072 457 28615 27328 856 26472
is_linear=0
shrinkage=0.03


Tree=214
num_leaves=7
num_cat=0
split_feature=0 23 37 34 46 45
split_gain=0.174402 0.150536 0.193556 0.212636 0.15529 0.503913
threshold=0.5637599454446881 0.6592022477070093 1.0825329619563293 -3.3355445315440488 31.500000000000004 0.21111111111111114
decision_type=2 2 8 10 8 10
left_child=1 4 3 -3 5 -1
right_child=-2 2 -4 -5 -6 -7
leaf_value=0.0013797617459161728 0.0023843093473889707 0.0016404108333635968 0.0023216558641218385 -0.0019458973945697079 -0.00022153616842324016 -0.00057208638605525642
leaf_weight=223.9103035191074 16.820366544474382 17.67576185692451 43.333647872088477 22.571523981168866 1812.7136060607736 234.05324720020872
leaf_count=2243 174 278 398 237 22194 3483
internal_value=-2.13713e-05 -4.85712e-05 0.00113101 -0.000357855 -9.6759e-05 0.000391315
internal_weight=2371.08 2354.26 83.5809 40.2473 2270.68 457.964
internal_count=29007 28833 913 515 27920 5726
is_linear=0
shrinkage=0.03


Tree=215
num_leaves=7
num_cat=0
split_feature=41 46 23 36 26 24
split_gain=0.18543 0.360411 0.167069 0.173686 0.154287 0.144787
threshold=1.5000000000000002 28.500000000000004 0.6592022477070093 -1.0124206562371303 -7.9768853187561026 7.5000000000000009
decision_type=2 10 2 10 8 2
left_child=2 -2 4 -4 -1 -6
right_child=1 -3 3 -5 5 -7
leaf_value=0.0021255351408857618 0.0025853216369681213 -0.00070407130048032824 -0.00099339690509898763 0.0018579533939411203 -0.00024989106757218144 0.00067465326128277698
leaf_weight=16.450936838635243 56.216892451047897 48.533300783950835 19.017802612681407 62.292938445985783 2029.1578869886725 155.21187786589144
leaf_count=291 450 399 268 658 24941 2036
internal_value=-4.43965e-05 0.00113272 -0.000103133 0.00115529 -0.000154641 -0.000181422
internal_weight=2386.88 104.75 2282.13 81.3107 2200.82 2184.37
internal_count=29043 849 28194 926 27268 26977
is_linear=0
shrinkage=0.03


Tree=216
num_leaves=7
num_cat=0
split_feature=14 35 33 46 35 3
split_gain=0.171819 0.221146 0.300027 0.193896 0.155363 0.154719
threshold=0.29499267845158655 1.2630479871295395 -0.5333401858806609 21.500000000000004 2.6145815517132482 -0.25261853576022025
decision_type=2 8 10 10 8 2
left_child=5 2 3 -2 -3 -1
right_child=1 4 -4 -5 -6 -7
leaf_value=-0.00051662269269502233 0.00027247156163511362 -0.0025418234036873998 0.0012932791644734312 -0.0020542831299458181 -0.00049517281582704361 0.00023919794523674255
leaf_weight=272.80728930668556 59.511992573738098 57.397429883480072 88.080805718898773 55.387320041656494 78.407977998256683 1772.2302538947115
leaf_count=5013 259 249 384 239 341 22644
internal_value=3.19879e-05 -0.000583819 5.38165e-05 -0.000923816 -0.00147518 0.000136348
internal_weight=2383.82 338.786 202.98 114.899 135.805 2045.04
internal_count=29129 1472 882 498 590 27657
is_linear=0
shrinkage=0.03


Tree=217
num_leaves=7
num_cat=0
split_feature=6 42 1 8 27 29
split_gain=0.152702 0.273728 0.172912 0.165754 0.239414 0.19921
threshold=0.008042858460381646 2.5000000000000004 -0.009289923273514902 -0.082836676944423732 2.0704999570593262e-14 1.5854980349540713
decision_type=2 2 2 2 8 8
left_child=1 -1 -3 4 -2 -5
right_child=3 2 -4 5 -6 -7
leaf_value=-0.00036926358962026732 0.00070100425120445294 0.0030532624977175644 -0.00033358432427050866 0.00010638474009481054 -0.0017344274352257133 0.00097113641688354401
leaf_weight=974.06766307720682 54.826291399076581 25.657083365367725 19.003130696481094 900.54656720324419 77.312312860740349 318.25409989326727
leaf_count=13749 944 306 179 9296 1242 3326
internal_value=1.91075e-05 -0.000256807 0.00181477 0.00022753 -0.000745704 0.000338255
internal_weight=2369.67 1018.73 44.6602 1350.94 132.139 1218.8
internal_count=29042 14234 485 14808 2186 12622
is_linear=0
shrinkage=0.03


Tree=218
num_leaves=7
num_cat=0
split_feature=14 37 17 6 45 8
split_gain=0.249783 0.272574 0.171223 0.1639 0.158023 0.173942
threshold=0.39233047508114643 3.3631840287825341 1.5000000000000002 0.44355780196661482 0.42261904761904767 -0.026351395010586361
decision_type=2 10 2 2 10 2
left_child=2 -2 3 -1 5 -4
right_child=1 -3 4 -5 -6 -7
leaf_value=0.00011677857155262101 -0.0022858893059194934 0.00028184623753329461 0.00030495934503995098 0.001615193995972211 0.00080273997908581786 -0.0023139062620208518
leaf_weight=2049.2956370791071 74.740993037819862 62.816871970891953 30.191696681606118 57.99344080343144 28.525768032006454 62.660226285574026
leaf_count=26023 307 261 503 607 530 817
internal_value=2.19562e-05 -0.00117368 0.000100666 0.000165449 -0.000951044 -0.0015155
internal_weight=2366.22 137.558 2228.67 2107.29 121.378 92.8519
internal_count=29048 568 28480 26630 1850 1320
is_linear=0
shrinkage=0.03


Tree=219
num_leaves=7
num_cat=0
split_feature=30 44 8 10 10 24
split_gain=0.234653 0.187619 0.179298 0.202617 0.185837 0.167452
threshold=-6.2062907218933097 7.5000000000000009 0.22302350241666452 0.0056013474197862201 -0.13712252329736316 1.5000000000000002
decision_type=8 10 2 2 2 2
left_child=-1 2 4 -4 -2 -6
right_child=1 -3 3 -5 5 -7
leaf_value=0.00072445011668145656 0.0015709623695211845 0.0015760438148716886 -0.0004847789610109092 0.0026246801657042579 -0.00064989100208616738 -8.2521672147572225e-05
leaf_weight=289.54439094697591 38.368991841387469 43.886789598036557 29.660871578671504 31.611065365665127 786.23160598197137 1144.5873391961504
leaf_count=5251 521 600 284 316 9121 12831
internal_value=-6.10114e-05 -0.000173598 -0.000218954 0.00126261 -0.0002712 -0.000315713
internal_weight=2363.89 2074.35 2030.46 61.2719 1969.19 1930.82
internal_count=28924 23673 23073 600 22473 21952
is_linear=0
shrinkage=0.03


Tree=220
num_leaves=7
num_cat=0
split_feature=42 0 10 4 45 40
split_gain=0.172791 0.32652 0.158137 0.26004 0.399296 0.206731
threshold=2.5000000000000004 0.025819958273992975 0.020192893228201465 -0.080099546914921813 0.17424242424242428 1.5000000000000002
decision_type=2 2 2 2 8 2
left_child=2 -2 5 4 -4 -1
right_child=1 -3 3 -5 -6 -7
leaf_value=-4.193581440367982e-05 0.0021532816849268118 -0.0011003574618612864 0.0029313929996378986 -9.9479442701992768e-05 0.00028756835492263434 -0.00084273419038486514
leaf_weight=935.06955314651714 72.16276781714987 34.36916466220282 61.449153421563096 657.97630400204798 192.71453831862891 411.40298991743475
leaf_count=11994 726 292 561 7797 2347 5216
internal_value=-2.75248e-05 0.00109925 -8.52825e-05 0.000218286 0.00101354 -0.000291022
internal_weight=2365.14 106.532 2258.61 912.14 254.164 1346.47
internal_count=28933 1018 27915 10705 2908 17210
is_linear=0
shrinkage=0.03


Tree=221
num_leaves=7
num_cat=0
split_feature=37 28 36 8 36 22
split_gain=0.190983 0.17944 0.173183 0.138226 0.137871 0.129949
threshold=-6.0122673093444758 3.936851024627686 -0.40218468779629024 0.272820817612972 -1.5023717474476952 -0.14633025568717814
decision_type=8 10 10 2 10 2
left_child=4 3 -3 5 -1 -2
right_child=1 2 -4 -5 -6 -7
leaf_value=-0.00024681499256663179 -0.00077953142470205399 -0.00051980174588055477 0.002183324629507172 0.0016642784730367742 0.0023995204268029455 -2.4607037329603028e-05
leaf_weight=24.447845882517868 219.30206696002278 27.511236394522712 52.210678754374385 30.550610458129086 41.26812433305895 1960.8121722060023
leaf_count=693 3126 250 442 329 957 23116
internal_value=3.00443e-05 -1.88789e-05 0.00129654 -7.19408e-05 0.00151245 -0.000103759
internal_weight=2356.1 2290.39 79.7219 2210.66 65.716 2180.11
internal_count=28913 27263 692 26571 1650 26242
is_linear=0
shrinkage=0.03


Tree=222
num_leaves=7
num_cat=0
split_feature=20 46 33 34 27 6
split_gain=0.158041 0.216489 0.259703 0.193192 0.216714 0.259109
threshold=-0.11737841827648585 16.500000000000004 1.2880738029877346 -7.7597284168004981 2.1703000047069643e-14 0.19457218709914328
decision_type=2 8 10 8 8 2
left_child=1 -1 -3 -2 -5 -6
right_child=3 2 -4 4 5 -7
leaf_value=0.0013357064614197482 0.0012833583656503085 -0.0012551219106012486 0.00092591951483404289 -0.00042890568636746648 8.8693822910433524e-06 0.0011268608676999422
leaf_weight=35.893950609723106 97.475169192635803 269.13958584977081 52.000288082868792 724.9140358371078 960.93118939263513 221.5736787886126
leaf_count=538 2111 3836 676 8637 11157 2022
internal_value=-5.87551e-05 -0.00063113 -0.000884662 4.58005e-05 -2.38059e-05 0.000226048
internal_weight=2361.93 357.034 321.14 2004.89 1907.42 1182.5
internal_count=28977 5050 4512 23927 21816 13179
is_linear=0
shrinkage=0.03


Tree=223
num_leaves=7
num_cat=0
split_feature=9 22 34 46 45 46
split_gain=0.152202 0.273958 0.196132 0.141595 0.245756 0.221005
threshold=0.17700548748562586 0.12528314642922664 -0.59308522318800272 68.500000000000014 0.21111111111111114 21.500000000000004
decision_type=2 2 8 10 8 10
left_child=3 2 -2 4 5 -1
right_child=1 -3 -4 -5 -6 -7
leaf_value=0.0014779307293918825 -0.0020368049481688643 0.0024637570869917086 0.0011340114798724869 -0.0005828068083662555 -0.00018559519692921245 5.0427467399207523e-05
leaf_weight=159.61145272757858 24.699247804586776 47.183410126133822 26.362293612910435 464.99445148353698 1412.3195586800721 231.66845024918439
leaf_count=1589 316 569 244 5463 18512 2313
internal_value=-7.00507e-05 0.00102957 -0.000482142 -0.000121981 -6.14784e-07 0.000655056
internal_weight=2366.84 98.245 51.0615 2268.59 1803.6 391.28
internal_count=29006 1129 560 27877 22414 3902
is_linear=0
shrinkage=0.03


Tree=224
num_leaves=7
num_cat=0
split_feature=42 12 35 0 28 8
split_gain=0.192585 0.259885 0.139699 0.155588 0.329538 0.351193
threshold=2.5000000000000004 0.62082147106276486 -5.8057200601085635 1.0000000180025095e-35 0.44503499567508703 -0.027359839328138336
decision_type=2 2 8 2 10 2
left_child=2 -2 -1 -4 5 -5
right_child=1 -3 3 4 -6 -7
leaf_value=0.0016426301841482695 -0.00070635284989840127 0.0022060869285835077 -0.00028958157083864785 0.0010479324646319908 0.0007743795881945193 -0.00090693896427449894
leaf_weight=32.503102420479991 36.852665947051719 67.084974244236946 1382.5331577625766 103.43628443629132 449.32080106268404 300.79821947379969
leaf_count=508 608 395 18742 1515 3944 3324
internal_value=-1.58916e-06 0.00120208 -6.17697e-05 -9.37473e-05 0.000223132 -0.0003935
internal_weight=2372.53 103.938 2268.59 2236.09 853.555 404.235
internal_count=29036 1003 28033 27525 8783 4839
is_linear=0
shrinkage=0.03


Tree=225
num_leaves=7
num_cat=0
split_feature=12 4 34 51 46 34
split_gain=0.133317 0.1381 0.27307 0.263425 0.36092 0.255066
threshold=-1.3299716597933675 -0.054562053072230117 0.72547724843025219 0.63333333333333341 79.500000000000014 -8.06241210301717
decision_type=2 2 8 2 10 8
left_child=-1 3 -3 5 -5 -2
right_child=1 2 -4 4 -6 -7
leaf_value=-0.0016905153039529397 0.0015096742119142927 -3.9049914188709263e-05 0.0013024448318265001 0.0019294080398013791 -0.00098134247757927632 -0.00024244468646384586
leaf_weight=28.678003784356406 68.590027451515198 343.68751482758671 215.99648520490155 115.52829269040376 47.88104134472087 1567.3047538157552
leaf_count=3584 1074 3860 2020 1004 426 17199
internal_value=5.70476e-05 8.53389e-05 0.000492442 -4.33148e-05 0.00106911 -0.000160256
internal_weight=2387.67 2358.99 559.684 1799.3 163.409 1635.89
internal_count=29167 25583 5880 19703 1430 18273
is_linear=0
shrinkage=0.03


Tree=226
num_leaves=7
num_cat=0
split_feature=24 23 6 26 31 36
split_gain=0.135632 0.232926 0.209533 0.144689 0.140283 0.275103
threshold=7.5000000000000009 -0.44192729517884305 0.088573461965568492 -0.36284579336643213 -3.0769131779670711 -0.82813063176624746
decision_type=2 2 2 10 8 10
left_child=4 -2 3 -3 5 -1
right_child=1 2 -4 -5 -6 -7
leaf_value=-0.00051762284166491888 -0.0012166524858886177 0.0035796269638474448 5.289578362287903e-05 0.00080457163131928029 -6.3019677563767775e-05 0.0024810644583831971
leaf_weight=47.839879296487197 31.254638657497708 33.99399658938637 62.417339741368778 39.796836795518175 2110.3966415862669 46.883349941112101
leaf_count=416 507 490 693 513 26085 366
internal_value=5.40382e-05 0.000851926 0.00137734 0.00235762 -1.0128e-05 0.00106177
internal_weight=2372.58 167.463 136.208 73.7908 2205.12 94.7232
internal_count=29070 2203 1696 1003 26867 782
is_linear=0
shrinkage=0.03


Tree=227
num_leaves=7
num_cat=0
split_feature=10 26 51 20 31 46
split_gain=0.156677 0.21781 0.200973 0.219209 0.180271 0.350584
threshold=-0.059234358152359064 -3.1725465059280391 0.45000000000000007 -0.15687891035923066 -2.6779907420277591 13.500000000000002
decision_type=2 10 2 2 8 10
left_child=1 2 3 -1 5 -2
right_child=4 -3 -4 -5 -6 -7
leaf_value=0.00071443084101838195 0.0028659136560118259 -0.00018065691471222788 0.0010390327264169273 -0.0031212755823899051 1.0311072295188069e-05 -0.0003654931529745158
leaf_weight=12.665044729423242 48.654746427200735 312.85955708244001 12.588105722563339 57.465868670144118 1868.9965154991223 58.229563266038895
leaf_count=241 405 4222 151 946 22607 453
internal_value=-2.80112e-05 -0.000565227 -0.00184339 -0.00242587 8.1846e-05 0.00122482
internal_weight=2371.46 395.579 82.719 70.1309 1975.88 106.884
internal_count=29025 5560 1338 1187 23465 858
is_linear=0
shrinkage=0.03


Tree=228
num_leaves=7
num_cat=0
split_feature=35 2 30 14 14 20
split_gain=0.147716 0.15727 0.339974 0.309143 0.332173 0.230652
threshold=-5.8057200601085635 -0.12258256293067527 5.3577802181243905 0.14316709230607655 0.095819453300558619 0.10123337249281085
decision_type=8 2 8 2 2 2
left_child=-1 2 5 4 -4 -2
right_child=1 -3 3 -5 -6 -7
leaf_value=0.0017213132915899667 -0.00028939671815663993 0.00017656578007724 -0.0015857561182664856 -0.0028087779658338692 0.0021248829184035362 0.0010424447284350573
leaf_weight=33.668528994661756 754.07801826138166 1320.6207263749384 44.28612756280927 76.22873193770647 26.208369746804237 128.25359860807657
leaf_count=519 10396 14558 1153 445 256 1819
internal_value=-7.61863e-06 -3.95822e-05 -0.000316002 -0.00160374 -0.000113623 -8.62907e-05
internal_weight=2383.34 2349.68 1029.05 146.723 70.4945 882.332
internal_count=29146 28627 14069 1854 1409 12215
is_linear=0
shrinkage=0.03


Tree=229
num_leaves=7
num_cat=0
split_feature=8 5 24 27 9 50
split_gain=0.159417 0.258032 0.277268 0.188485 0.293375 0.233817
threshold=-0.077890572442508424 1.0000000180025095e-35 1.5000000000000002 0.92803868651390087 0.0628118824900714 0.9545454545454547
decision_type=2 2 2 8 2 2
left_child=1 2 -1 5 -5 -2
right_child=3 -3 -4 4 -6 -7
leaf_value=-0.0020421498762857363 -0.00017534198545048047 0.0016507559716036142 -0.00013692339846256365 0.00010391296769918069 0.0014098860969379956 0.0022913747577713219
leaf_weight=106.83713675083709 1285.3381782369252 30.913407287414884 170.83123824206996 535.08800953673199 208.87444511812646 25.554002846591175
leaf_count=1971 14650 497 3350 6305 1989 198
internal_value=1.00063e-05 -0.000614665 -0.000915495 0.000106337 0.000484414 -0.000110274
internal_weight=2363.44 308.582 277.668 2054.85 743.962 1310.89
internal_count=28960 5818 5321 23142 8294 14848
is_linear=0
shrinkage=0.03


Tree=230
num_leaves=7
num_cat=0
split_feature=46 51 33 4 4 24
split_gain=0.161344 0.24868 0.231184 0.22181 0.176384 0.195389
threshold=66.500000000000014 0.63333333333333341 0.53020520508289348 -0.034273052067661382 -0.041912193714936659 7.5000000000000009
decision_type=10 2 10 2 2 2
left_child=1 4 -3 -2 5 -1
right_child=3 2 -4 -5 -6 -7
leaf_value=-0.00018717788692486682 -0.00013401262647771964 0.002121751418883217 -0.0005626283601752912 -0.0017343788106959541 0.00067486038020573192 0.0010799065849498382
leaf_weight=1297.8439384221565 421.79059409472393 92.270152338547632 35.275787485763431 86.189526008151006 335.04891202645376 109.58991724264342
leaf_count=16426 4942 807 315 978 4110 1531
internal_value=3.51884e-05 0.000164213 0.0013924 -0.00043379 6.68802e-05 -8.15936e-05
internal_weight=2378.01 1870.03 127.546 507.98 1742.48 1407.43
internal_count=29109 23189 1122 5920 22067 17957
is_linear=0
shrinkage=0.03


Tree=231
num_leaves=7
num_cat=0
split_feature=5 5 14 46 36 27
split_gain=0.118994 0.190232 0.173424 0.202049 0.153139 0.151461
threshold=-0.12742022119778793 -0.1680264440280779 0.058597513766199129 51.500000000000007 -0.33286029554790614 1.664324223995209
decision_type=2 2 2 8 10 10
left_child=1 5 -3 4 -4 -1
right_child=-2 2 3 -5 -6 -7
leaf_value=-0.00065130329617279668 -0.00012016710935691253 -0.001068241106690408 0.0014657656459614199 0.0024537228227798041 -0.0013334274622107433 0.0017043421350541302
leaf_weight=128.54189798203879 2073.9810684911208 18.575681657530367 25.0535250864923 80.885963521897793 25.329153306782246 20.012383230321575
leaf_count=1932 25039 714 205 679 207 285
internal_value=-3.89328e-05 0.000511264 0.00123091 0.00160885 7.07387e-05 -0.000246486
internal_weight=2372.38 298.399 149.844 131.269 50.3827 148.554
internal_count=29061 4022 1805 1091 412 2217
is_linear=0
shrinkage=0.03


Tree=232
num_leaves=7
num_cat=0
split_feature=14 17 30 0 4 10
split_gain=0.183176 0.148326 0.204932 0.171889 0.170092 0.238719
threshold=0.54871700466447615 1.5000000000000002 1.2031251788139345 0.51080298209407771 -0.054562053072230117 0.060057399923026854
decision_type=2 2 10 2 2 2
left_child=1 3 -3 4 5 -1
right_child=-2 2 -4 -5 -6 -7
leaf_value=-6.8052350447298356e-05 -0.0022276744835633112 -0.0017684024734079052 0.00066999199741355679 0.0021750447800717595 0.00045454847599512779 -0.001522949012607079
leaf_weight=1579.4939730993065 25.021443828940392 85.659277635859326 39.469246049877256 22.732696658291388 518.83517078001751 98.564292571041733
leaf_count=19639 107 1414 474 252 6085 1131
internal_value=-7.39426e-05 -4.15969e-05 -0.0010066 1.70744e-05 -1.501e-05 -0.000162024
internal_weight=2369.78 2344.75 125.129 2219.63 2196.89 1678.06
internal_count=29102 28995 1888 27107 26855 20770
is_linear=0
shrinkage=0.03


Tree=233
num_leaves=7
num_cat=0
split_feature=34 24 3 34 11 33
split_gain=0.139377 0.140913 0.227871 0.196581 0.121726 0.226315
threshold=-8.06241210301717 1.5000000000000002 -0.21662013604108663 -10.167560433348017 0.11541475028367247 0.094721203049023969
decision_type=8 2 2 10 2 8
left_child=1 2 -1 -4 -2 -6
right_child=4 -3 3 -5 5 -7
leaf_value=-0.0027176814657215434 -9.8234712159330461e-06 0.0018536694113796771 -0.001061515673628703 0.0029884724458411741 -0.00042489824502554092 0.0021568613503745678
leaf_weight=11.413499551577841 2154.2530110277003 66.893029715778539 13.22824614838464 12.67305593629135 51.943568764487281 55.723527404479682
leaf_count=359 25543 1423 379 237 539 579
internal_value=9.32678e-05 0.00111586 -0.000319021 0.00120053 4.14523e-05 0.000981046
internal_weight=2366.13 104.208 37.3148 25.9013 2261.92 107.667
internal_count=29059 2398 975 616 26661 1118
is_linear=0
shrinkage=0.03


Tree=234
num_leaves=7
num_cat=0
split_feature=24 8 3 34 31 36
split_gain=0.164804 0.198175 0.188147 0.196212 0.173766 0.162981
threshold=7.5000000000000009 -0.18683575907459973 -0.24840842680730271 1.6432187557220461 -0.37458548694849009 0.70821791668627332
decision_type=2 2 2 10 8 10
left_child=1 -1 -2 4 -4 -6
right_child=2 -3 3 -5 5 -7
leaf_value=-0.0016745199015989012 -0.0012386505145145319 -1.4314350034609708e-05 -0.00076567558387457733 -0.00097058980661596261 0.0029871149260548785 0.00048565738856303105
leaf_weight=56.725379779061768 23.760205504950136 2148.4056111496466 16.449366667773575 22.527813719585538 66.02924013644224 40.411965335370041
leaf_count=1610 428 25293 146 222 923 488
internal_value=6.42617e-06 -6.43886e-05 0.000881529 0.00128536 0.00174083 0.00216067
internal_weight=2374.31 2205.13 169.179 145.418 122.891 106.441
internal_count=29110 26903 2207 1779 1557 1411
is_linear=0
shrinkage=0.03


Tree=235
num_leaves=7
num_cat=0
split_feature=14 34 31 5 50 2
split_gain=0.167727 0.23603 0.231415 0.182829 0.401284 0.295521
threshold=0.34418158658302395 -0.82666482528050733 1.5699270963668825 1.0000000180025095e-35 0.34848484848484856 -0.037416137556083418
decision_type=2 10 10 2 2 2
left_child=3 -2 -3 -1 5 -5
right_child=1 2 -4 4 -6 -7
leaf_value=-7.4264373730933901e-05 -0.0020422083811793001 0.0009227335463157535 -0.0013710279377424086 0.00073911368120894994 0.0027044239441718922 -0.0010172216907753738
leaf_weight=1697.4490065810533 74.664650410413742 84.578129008412361 58.089012056589127 279.9624685914896 59.312557201832533 113.0235760229989
leaf_count=22963 313 356 243 3224 621 1252
internal_value=-1.22686e-05 -0.000787327 -3.98352e-05 6.93696e-05 0.000598365 0.000221281
internal_weight=2367.08 217.332 142.667 2149.75 452.299 392.986
internal_count=28972 912 599 28060 5097 4476
is_linear=0
shrinkage=0.03


Tree=236
num_leaves=7
num_cat=0
split_feature=12 35 4 2 7 2
split_gain=0.160719 0.164646 0.30449 0.257927 0.256037 0.196628
threshold=-1.3299716597933675 -5.5418088592433667 -0.18902925422116787 -0.15768710196335237 0.047565510876340068 -0.20233081321394239
decision_type=2 10 2 2 2 2
left_child=-1 2 -2 5 -5 -4
right_child=1 -3 3 4 -6 -7
leaf_value=-0.0018609936973118654 -0.0015357609867546421 1.4129049439043889e-05 0.0013184262413130751 0.00095221618605994456 0.0036125632109140315 -0.0017684548318369045
leaf_weight=28.116986763721798 33.71425125002861 2083.5788456336595 23.671240587718785 119.38976044952869 41.701721432618797 32.397256411612034
leaf_count=3560 485 22497 391 1315 387 354
internal_value=7.20351e-05 0.000103156 0.000813662 0.00122996 0.0018118 -0.000462922
internal_weight=2362.57 2334.45 250.874 217.16 161.091 56.0685
internal_count=28989 25429 2932 2447 1702 745
is_linear=0
shrinkage=0.03


Tree=237
num_leaves=7
num_cat=0
split_feature=6 29 10 39 35 14
split_gain=0.13279 0.234526 0.23701 0.189511 0.177159 0.166461
threshold=0.2667575269502151 3.2074543237686162 0.076919483011870085 1.5000000000000002 2.1732988511522615 0.39233047508114643
decision_type=2 8 2 2 10 2
left_child=5 2 3 -2 -5 -1
right_child=1 -3 -4 4 -6 -7
leaf_value=1.8301936651397325e-05 -0.0013687073379644165 0.0025960377477653347 -0.0014624923760662033 0.0016095186576175857 -0.00059132347447072165 -0.0010862232586974969
leaf_weight=1980.1936704994005 24.454038955271244 36.368647113326006 47.364138004690176 126.89975919062272 37.544034173246473 120.90028737485409
leaf_count=25846 191 361 468 1306 377 498
internal_value=3.17943e-05 0.000642363 0.000248421 0.000729376 0.00110195 -5.00985e-05
internal_weight=2373.72 272.631 236.262 188.898 164.444 2101.09
internal_count=29047 2703 2342 1874 1683 26344
is_linear=0
shrinkage=0.03


Tree=238
num_leaves=7
num_cat=0
split_feature=14 23 12 11 43 7
split_gain=0.120403 0.118907 0.157749 0.185769 0.171749 0.26449
threshold=0.54871700466447615 0.089013785236788281 1.8952124124288499 0.0036613275059433977 1.5000000000000002 0.0023617417915568601
decision_type=2 2 2 2 2 2
left_child=1 2 4 -4 -1 -6
right_child=-2 -3 3 -5 5 -7
leaf_value=-0.00025790357111951824 -0.0017678515485485581 0.00037956830148521038 0.0019164464829080582 -0.00034096069772722237 0.0030395328960292935 -0.00051487947569000051
leaf_weight=1628.0518699072709 25.318343818187714 548.78254783287412 61.439523227512836 55.898910142481327 26.551590719725937 33.860104537568986
leaf_count=22082 108 5888 275 253 268 263
internal_value=-2.92241e-05 -3.13167e-06 -0.000120884 0.000898716 -0.000196614 0.00125714
internal_weight=2379.9 2354.58 1805.8 117.338 1688.46 60.4117
internal_count=29137 29029 23141 528 22613 531
is_linear=0
shrinkage=0.03


Tree=239
num_leaves=7
num_cat=0
split_feature=9 10 26 14 37 22
split_gain=0.191905 0.149681 0.269793 0.196337 0.235366 0.280632
threshold=0.20402260214649418 -0.068081507655543633 -4.1137127876281729 0.028557834561282684 -1.2079439754080439 0.062665106312501481
decision_type=2 2 10 2 10 2
left_child=1 2 -1 -3 5 -5
right_child=-2 3 -4 4 -6 -7
leaf_value=-0.0024524527324649979 0.0015513710424876024 -0.0014293855612879536 -0.00023209962472176785 0.00093718360425042277 -0.00011138005781710783 -0.00080242217945829687
leaf_weight=51.267585219262401 58.430458992545027 68.962788103410276 264.86855112132616 443.36777121201158 1377.8657721821219 94.190671775490046
leaf_count=833 676 5136 3664 4954 12576 1020
internal_value=-1.43762e-05 -6.06865e-05 -0.000656329 3.70214e-05 9.69674e-05 0.000623283
internal_weight=2358.95 2300.52 316.136 1984.39 1915.42 537.558
internal_count=28859 28183 4497 23686 18550 5974
is_linear=0
shrinkage=0.03


Tree=240
num_leaves=7
num_cat=0
split_feature=5 8 36 6 41 6
split_gain=0.220834 0.193616 0.177917 0.160594 0.153954 0.177884
threshold=-0.16999007130148744 0.272820817612972 1.2886690916888641 -0.10864771739847377 1.5000000000000002 -0.047568132886519496
decision_type=2 2 8 2 2 2
left_child=2 4 3 -1 -2 -6
right_child=1 -3 -4 -5 5 -7
leaf_value=0.0014067171600624681 -9.5147233014501729e-06 0.002141217574746905 -0.0024915542594046301 -0.0010174033585819467 0.0028854506919427378 0.00022545064278399661
leaf_weight=25.677457847865298 2103.0795303477644 30.426408152445219 43.773860568122473 70.654003855772316 25.935344603843987 66.275942790322006
leaf_count=587 25757 332 581 947 247 501
internal_value=9.04632e-06 8.37953e-05 -0.00110489 -0.000299719 4.56995e-05 0.00118271
internal_weight=2365.82 2225.72 140.105 96.3315 2195.29 92.2113
internal_count=28952 26837 2115 1534 26505 748
is_linear=0
shrinkage=0.03


Tree=241
num_leaves=7
num_cat=0
split_feature=34 14 21 11 9 10
split_gain=0.13151 0.36292 0.25079 0.234359 0.253052 0.187722
threshold=-7.7597284168004981 0.26319809812135292 1.0000000180025095e-35 0.073901803392830076 -0.043244038953144943 -0.040328100642748936
decision_type=10 2 2 2 2 2
left_child=1 2 3 4 -1 -6
right_child=-2 -3 -4 -5 5 -7
leaf_value=-0.00017380010474118615 -9.1776646373925274e-05 -0.0019562900198898192 0.00012481257297564319 -0.0010597446120834285 0.00027467316497289295 0.003763355380421256
leaf_weight=26.690031378122512 2034.8493021345639 36.211310818791389 166.93945894480566 15.573865760583429 19.125247288495302 64.099571372848004
leaf_count=603 23663 163 3315 220 292 811
internal_value=-1.09688e-06 0.000546499 0.000910857 0.00187015 0.00233904 0.00307711
internal_weight=2363.49 328.639 292.428 125.489 109.915 83.2248
internal_count=29067 5404 5241 1926 1706 1103
is_linear=0
shrinkage=0.03


Tree=242
num_leaves=7
num_cat=0
split_feature=29 29 22 31 14 12
split_gain=0.149218 0.173697 0.146719 0.317654 0.269685 0.170874
threshold=7.1084141731262216 5.6539938449859628 -0.17127458574862317 0.39445105195045477 0.24804748656381939 1.8952124124288499
decision_type=10 10 2 10 2 2
left_child=1 2 3 -1 -5 -4
right_child=-2 -3 5 4 -6 -7
leaf_value=0.0012765782490632587 -0.0013188186549880903 0.0018523016758152959 1.6657145203227968e-06 -0.00071030438967569593 -0.0038938358164708744 0.0010105295337664813
leaf_weight=41.964444736076985 64.361931553226896 36.966303735855035 1922.2265302735614 111.63001309119863 23.049972057342529 153.98924534767866
leaf_count=488 709 385 24400 2062 110 690
internal_value=3.85399e-06 4.66041e-05 8.92043e-06 -0.000796964 -0.00148663 8.09765e-05
internal_weight=2354.19 2289.83 2252.86 176.644 134.68 2076.22
internal_count=28844 28135 27750 2660 2172 25090
is_linear=0
shrinkage=0.03


Tree=243
num_leaves=7
num_cat=0
split_feature=24 37 20 11 2 33
split_gain=0.156061 0.162804 0.162146 0.192486 0.176167 0.128528
threshold=7.5000000000000009 5.0818135818742496 -0.024062497715091068 -0.023286993554386109 -0.17203558811031541 0.55230838060379039
decision_type=2 10 2 2 2 10
left_child=-1 2 4 -4 -2 -5
right_child=1 -3 3 5 -6 -7
leaf_value=-7.6191387621740698e-05 0.0016182320264728645 -0.0013514786153007087 -0.00019918574468393905 0.0031552918620885158 -0.001708469789253011 0.00047221174322548381
leaf_weight=2206.0469349484047 14.524715090519747 18.367704834090546 33.07003090751823 54.177109119598754 25.197140916832723 26.780896914191544
leaf_count=26898 282 162 488 685 320 324
internal_value=-6.84277e-06 0.000837382 0.00116544 0.00170354 -0.000411219 0.00241722
internal_weight=2378.16 172.118 153.75 114.028 39.7219 80.958
internal_count=29159 2261 2099 1497 602 1009
is_linear=0
shrinkage=0.03


Tree=244
num_leaves=7
num_cat=0
split_feature=11 8 8 23 39 5
split_gain=0.105208 0.152241 0.132102 0.253172 0.192247 0.220582
threshold=0.12187863484404493 0.04180537921113487 0.022738297402343902 0.0048041920519477652 2.5000000000000004 0.024665023087645833
decision_type=2 2 2 2 2 2
left_child=2 -2 -1 -4 -5 -6
right_child=1 -3 3 4 5 -7
leaf_value=0.00017909317238354647 -0.00076650258512845899 0.0016249390259366057 -0.00058683197364194496 -0.001708422850779858 0.0010339994532350331 -0.00097494522465491952
leaf_weight=1236.8867910899862 27.385287900688127 68.830555172404274 719.83787681841932 25.018401493085548 239.7682494064793 52.837776676402427
leaf_count=16627 319 690 8224 201 2440 469
internal_value=1.32852e-05 0.000936197 -2.96858e-05 -0.00027793 0.000418682 0.000651001
internal_weight=2370.56 96.2158 2274.35 1037.46 317.624 292.606
internal_count=28970 1009 27961 11334 3110 2909
is_linear=0
shrinkage=0.03


Tree=245
num_leaves=7
num_cat=0
split_feature=5 0 34 34 37 46
split_gain=0.185192 0.277824 0.177696 0.234938 0.186061 0.161011
threshold=0.0054415274376709228 0.025819958273992975 0.90226624409357714 -1.8201286296049752 0.51628097310436494 332.50000000000006
decision_type=2 2 10 8 10 10
left_child=5 -2 3 -3 -5 -1
right_child=1 2 -4 4 -6 -7
leaf_value=-4.087987033374433e-05 0.0011900156140100908 0.00040745156880746882 0.001041236992973336 -0.0036910306020786435 -0.00059889277657089836 -0.0018374727332311435
leaf_weight=1865.2831763778086 267.22718203158001 67.805433885252569 55.354745871387422 23.042312403558753 47.701122782891616 36.019320235645864
leaf_count=23606 3061 767 423 224 388 492
internal_value=4.71747e-05 0.000579753 -0.000278393 -0.000840229 -0.00193845 -8.43512e-05
internal_weight=2362.43 461.131 193.904 138.549 70.7434 1901.3
internal_count=28961 4863 1802 1379 612 24098
is_linear=0
shrinkage=0.03


Tree=246
num_leaves=7
num_cat=0
split_feature=23 11 7 26 39 2
split_gain=0.124161 0.156189 0.130078 0.259112 0.274699 0.283706
threshold=0.6592022477070093 0.030122048253541093 0.016221255014606105 -0.98960256576538075 2.5000000000000004 -0.13399824061862514
decision_type=2 2 2 10 2 2
left_child=2 -2 -1 -4 5 -5
right_child=1 -3 3 4 -6 -7
leaf_value=0.00015296382137069517 -8.4112110756343885e-05 0.0023346463967109992 -0.0008151371150553954 -0.0033990263542551954 0.00034279295849420818 -2.3972243305224082e-05
leaf_weight=1168.3358195352193 50.766418844897998 34.50842107651988 482.34535638330271 28.237814125604928 560.38443324161926 54.518481121165678
leaf_count=16418 569 370 5373 277 5586 444
internal_value=-2.43942e-05 0.001037 -6.81825e-05 -0.000297074 9.79969e-05 -0.00141789
internal_weight=2379.1 85.2748 2293.82 1125.49 643.141 82.7563
internal_count=29037 939 28098 11680 6307 721
is_linear=0
shrinkage=0.03


Tree=247
num_leaves=7
num_cat=0
split_feature=18 39 0 35 5 14
split_gain=0.174884 0.251499 0.171033 0.175701 0.189499 0.185482
threshold=1.0000000180025095e-35 2.5000000000000004 0.5637599454446881 2.7500976764907445 -0.1680264440280779 0.23169081031993113
decision_type=2 2 2 8 2 2
left_child=2 -2 3 -1 -5 -6
right_child=1 -3 -4 4 5 -7
leaf_value=-0.00014082914442047892 -0.0029348286479390657 -0.00029649875936057558 0.0024048550141893637 -0.0014519001591290909 0.00098982728494065525 -0.00035923140179526341
leaf_weight=1663.1735244005395 32.994174207095057 145.06040816172026 17.134513777040411 32.398528599122074 354.21331868378911 116.75884974002838
leaf_count=21027 315 1382 180 456 5053 548
internal_value=-3.75753e-05 -0.000915456 3.78529e-05 8.17006e-06 0.000493628 0.000654866
internal_weight=2361.73 178.055 2183.68 2166.54 503.371 470.972
internal_count=28961 1697 27264 27084 6057 5601
is_linear=0
shrinkage=0.03


Tree=248
num_leaves=7
num_cat=0
split_feature=0 2 20 9 3 33
split_gain=0.192329 0.166205 0.264969 0.201055 0.170232 0.159734
threshold=0.5637599454446881 -0.15768710196335237 -0.16397402756179688 -0.14798290358996727 -0.28090621785943798 -0.27240810294946033
decision_type=2 2 2 2 2 8
left_child=1 2 3 -1 -4 -6
right_child=-2 -3 4 -5 5 -7
leaf_value=0.00055418895726784393 0.0025498063172765834 0.00014871491462253462 -0.0015116886899513833 -0.0028721901241544156 0.00054795943017709359 -0.00046348279329904682
leaf_weight=16.823554425616749 16.64612498198403 1659.7810052619316 67.144518844637787 50.749847310828045 246.50598880532198 300.79732038683142
leaf_count=397 170 18148 1401 893 3846 4039
internal_value=1.54241e-05 -1.33563e-05 -0.000404225 -0.00205766 -0.00019235 -6.27008e-06
internal_weight=2358.45 2341.8 682.021 67.5734 614.448 547.303
internal_count=28894 28724 10576 1290 9286 7885
is_linear=0
shrinkage=0.03


Tree=249
num_leaves=7
num_cat=0
split_feature=2 24 3 13 2 20
split_gain=0.124751 0.229944 0.12475 0.230551 0.143108 0.135063
threshold=-0.32555673960128756 3.5000000000000004 -0.33078305683041948 2.3502401828962087 -0.14603336372588738 -0.10165010230677253
decision_type=2 2 2 2 2 2
left_child=1 -1 3 4 -2 -4
right_child=2 -3 5 -5 -6 -7
leaf_value=-0.0022213884006731005 0.0016152535299610187 0.00057663264213630853 0.00062419247428913333 -0.0022834542742912515 -0.00083514402383150525 -2.9449671407354212e-05
leaf_weight=51.49387900653528 28.0270655087661 40.491471239831299 326.45859078585636 48.36404370306991 39.718537678243592 1837.7531456478173
leaf_count=1375 417 999 4141 877 516 20754
internal_value=-2.73928e-05 -0.00105394 1.84379e-05 -0.000898983 0.000255979 7.15658e-05
internal_weight=2372.31 91.9854 2280.32 116.11 67.7456 2164.21
internal_count=29079 2374 26705 1810 933 24895
is_linear=0
shrinkage=0.03


Tree=250
num_leaves=7
num_cat=0
split_feature=2 24 4 34 31 31
split_gain=0.165824 0.274566 0.18351 0.14997 0.277311 0.311566
threshold=-0.26601015152027624 3.5000000000000004 -0.26395813641143168 2.1799540619055437 2.8233501147478823 4.625139832496644
decision_type=2 2 2 10 10 10
left_child=1 -1 -2 -4 -5 -6
right_child=2 -3 3 4 5 -7
leaf_value=-0.0018939449327443725 0.0020182177111748522 0.00047763834899575207 -6.6383540403978637e-05 0.0015072837507957323 -0.0021170484928008256 0.0006543781550738052
leaf_weight=92.112349003233248 32.770359474990983 71.323737801692914 1877.2209020479349 151.16336714429781 44.853948126314208 100.0482601521071
leaf_count=2220 489 1608 22178 1137 381 1015
internal_value=2.22371e-06 -0.000891117 7.21295e-05 3.36755e-05 0.000649546 -0.000284794
internal_weight=2369.49 163.436 2206.06 2173.29 296.066 144.902
internal_count=29028 3828 25200 24711 2533 1396
is_linear=0
shrinkage=0.03


Tree=251
num_leaves=7
num_cat=0
split_feature=0 42 40 11 18 44
split_gain=0.16062 0.230062 0.333028 0.300526 0.233998 0.227308
threshold=0.0049738517671575342 2.5000000000000004 1.5000000000000002 0.047295468434199968 1.0000000180025095e-35 1.5000000000000002
decision_type=2 2 2 2 2 10
left_child=1 2 4 -4 -1 -5
right_child=-2 -3 3 5 -6 -7
leaf_value=0.00018162782174823897 0.00032791872730573014 0.0014283536883471933 -0.0013799462030488244 -0.0014118048680288727 -0.0015302097856590064 0.0012423149203748759
leaf_weight=903.84745506169565 885.53794918602216 66.175613232189789 331.41167099654558 33.89772979891859 68.009996812907048 77.532623638340738
leaf_count=12594 9032 688 4518 295 713 1135
internal_value=1.04006e-05 -0.000180396 -0.000265146 -0.000937108 4.74697e-05 0.000385143
internal_weight=2366.41 1480.88 1414.7 442.842 971.857 111.43
internal_count=28975 19943 19255 5948 13307 1430
is_linear=0
shrinkage=0.03


Tree=252
num_leaves=7
num_cat=0
split_feature=29 1 30 46 27 25
split_gain=0.130201 0.21319 0.148311 0.2833 0.249845 0.274559
threshold=7.1084141731262216 -0.0055955794140909393 -4.4536819458007804 15.500000000000002 0.92803868651390087 0.30434636240963703
decision_type=10 2 8 8 8 2
left_child=2 -2 3 -1 5 -4
right_child=1 -3 4 -5 -6 -7
leaf_value=0.0025365456769770017 0.00067426070252150699 -0.0024840598428881315 -4.0698383888223567e-05 0.00029423348469562692 0.00042429349528046373 -0.0011898774216715453
leaf_weight=50.338977576291654 27.801375695620663 34.587277794489637 924.41316025701235 341.5937273040181 756.2985102761013 224.84353803668637
leaf_count=791 348 357 9984 6128 8710 2619
internal_value=7.54913e-05 -0.00117794 0.000114486 0.000638175 4.00476e-06 -0.000273851
internal_weight=2359.88 62.3887 2297.49 391.933 1905.56 1149.26
internal_count=28937 705 28232 6919 21313 12603
is_linear=0
shrinkage=0.03


Tree=253
num_leaves=7
num_cat=0
split_feature=4 4 26 42 33 2
split_gain=0.142725 0.196001 0.182387 0.286084 0.166855 0.345316
threshold=-0.054562053072230117 -0.052346814896713958 2.216194868087769 2.5000000000000004 -0.60244818528493238 -0.11810182111780149
decision_type=2 2 8 2 10 2
left_child=2 -2 4 -4 -1 -6
right_child=1 -3 3 -5 5 -7
leaf_value=-0.00034002888524558824 0.0027954303242063252 0.00023100776166777042 -0.00085858803292544652 0.0020699096978064155 -0.00038377382114262304 0.00095460244462504927
leaf_weight=652.14496717462316 18.421934536891058 538.40925699553918 453.17849831900094 22.706604855135083 319.98742470002617 358.49345182260731
leaf_count=8706 227 6377 5532 199 4227 3762
internal_value=-5.21904e-05 0.000363668 -0.000181669 -0.000679131 -1.80513e-08 0.000326987
internal_weight=2363.34 556.831 1806.51 475.885 1330.63 678.481
internal_count=29030 6604 22426 5731 16695 7989
is_linear=0
shrinkage=0.03


Tree=254
num_leaves=7
num_cat=0
split_feature=3 39 22 30 36 8
split_gain=0.157161 0.278231 0.345491 0.55847 0.452465 0.227568
threshold=-0.029706310979729009 6.5000000000000009 0.0079607699533509203 3.745649099349976 -0.52176460685829318 -0.0051025346220285794
decision_type=2 2 2 8 10 2
left_child=-1 2 4 -4 -2 -3
right_child=1 5 3 -5 -6 -7
leaf_value=8.7300593766448018e-06 0.0044504009857152041 -0.0018258250814786043 0.0012915596576694984 -0.0032000182673368976 0.00045441563317444664 0.00063114138884660985
leaf_weight=2040.7398646318907 45.477956781978719 48.503992608108092 87.944919566274621 23.434632217045873 51.914714914397337 72.316555607016198
leaf_count=25487 483 570 958 220 503 782
internal_value=0.000108213 0.000705786 0.00134635 0.000160738 0.00256101 -0.000419389
internal_weight=2370.33 329.593 208.772 111.38 97.3927 120.821
internal_count=29003 3516 2164 1178 986 1352
is_linear=0
shrinkage=0.03


Tree=255
num_leaves=7
num_cat=0
split_feature=28 29 35 35 28 14
split_gain=0.125161 0.226798 0.214468 0.138207 0.260482 0.161227
threshold=3.3290115594863896 -0.42453922331333155 1.6910658819334852 2.6999616237091169 1.5330328345298769 0.23169081031993113
decision_type=10 10 10 10 10 2
left_child=3 2 -2 5 -5 -1
right_child=1 -3 -4 4 -6 -7
leaf_value=1.3952221616805879e-05 0.0024135560687028588 -0.00081685234986589642 -0.00027246372084025367 0.00099268139008724162 -0.00098864129852777472 -0.00062912452505690746
leaf_weight=1437.0500090667629 69.695204827236012 46.568679208867252 37.466969506349415 240.49549397200462 69.616887277050409 454.04865097999573
leaf_count=21801 627 385 320 2906 671 2148
internal_value=1.32783e-05 0.000813576 0.00153135 -4.60405e-05 0.000530906 -0.000142946
internal_weight=2354.94 153.731 107.162 2201.21 310.112 1891.1
internal_count=28858 1332 947 27526 3577 23949
is_linear=0
shrinkage=0.03


Tree=256
num_leaves=7
num_cat=0
split_feature=14 27 28 45 3 30
split_gain=0.182057 0.161077 0.221888 0.259869 0.153198 0.305664
threshold=0.54871700466447615 2.831257820129395 4.2889230251312265 0.63068181818181823 -0.05448529814257571 3.2510889768600468
decision_type=2 10 10 8 2 10
left_child=1 2 4 -4 -1 -6
right_child=-2 -3 3 -5 5 -7
leaf_value=-9.7066745858677516e-06 -0.0020491493977821745 -0.000925291050095705 0.0037115950581850313 -0.00014835128923384243 0.00099152109785166621 -0.0012011414304637378
leaf_weight=1779.5549482852512 25.975334778428078 120.12908846104983 23.694622835144401 28.009416657034308 334.31467253930168 59.81250221747905
leaf_count=22797 111 1443 201 248 3722 499
internal_value=6.948e-05 0.000101542 0.000160863 0.0019354 0.000109984 0.000637276
internal_weight=2371.49 2345.52 2225.39 51.704 2173.68 394.127
internal_count=29021 28910 27467 449 27018 4221
is_linear=0
shrinkage=0.03


Tree=257
num_leaves=7
num_cat=0
split_feature=28 14 31 36 7 2
split_gain=0.161912 0.275241 0.25826 0.219668 0.389229 0.211753
threshold=0.40712510049343115 0.39233047508114643 1.1432949304580691 2.4572729233862005 0.044185802647558697 -0.20233081321394239
decision_type=10 2 8 10 2 2
left_child=1 2 -1 5 -5 -2
right_child=3 -3 -4 4 -6 -7
leaf_value=-0.0010929991955661478 -0.00061980478697861742 -0.0021817103940174115 7.5702090541545793e-05 -0.0024460463500185418 0.0012575185860013703 0.00060779256285511442
leaf_weight=192.05855158378836 140.53098750283243 50.504253357648849 1071.8932929934672 55.539191367919557 33.87229317612946 829.83825434593018
leaf_count=1933 1945 208 16350 541 255 7781
internal_value=1.72193e-05 -0.000204575 -0.000109069 0.000291654 -0.00105764 0.000425501
internal_weight=2374.24 1314.46 1263.95 1059.78 89.4115 970.369
internal_count=29013 18491 18283 10522 796 9726
is_linear=0
shrinkage=0.03


Tree=258
num_leaves=7
num_cat=0
split_feature=8 30 14 27 9 28
split_gain=0.163427 0.245823 0.133474 0.250827 0.21533 0.239207
threshold=0.21568786132497855 -6.512173891067504 0.30265471309037623 2.2749999685478791e-14 0.01715718428605716 1.3001968264579775
decision_type=2 10 2 8 2 10
left_child=2 -2 -1 -4 -5 -6
right_child=1 -3 3 4 5 -7
leaf_value=3.3360149104226788e-05 0.003465060863062515 0.00016305944393764881 -0.0016507682238662566 -0.0010273911740363406 0.0021627098472786353 -0.0005459038122961876
leaf_weight=1990.0548398579995 19.900453478388954 66.483570269716438 118.37910810112953 79.000203862786293 53.918259873986244 48.232820689678192
leaf_count=26843 277 623 513 347 232 206
internal_value=-5.91569e-06 0.00120433 -5.66158e-05 -0.000636174 7.85195e-05 0.00094914
internal_weight=2375.97 86.384 2289.59 299.53 181.151 102.151
internal_count=29041 900 28141 1298 785 438
is_linear=0
shrinkage=0.03


Tree=259
num_leaves=7
num_cat=0
split_feature=17 28 39 28 35 6
split_gain=0.14882 0.146754 0.190682 0.133235 0.131381 0.131285
threshold=1.5000000000000002 3.936851024627686 4.5000000000000009 -4.8387625217437735 5.4827701594823841 0.054891938152957648
decision_type=2 10 2 8 10 2
left_child=1 3 -3 -1 -5 -4
right_child=-2 2 5 4 -6 -7
leaf_value=0.0011536822765883933 -0.0011055700246915818 0.0026641094735987661 -0.0014865813317452036 -0.00019796153942490383 0.0014483420334426504 0.0010941710894350138
leaf_weight=61.462568569899304 123.07320526597323 29.860975465271622 22.352860459359363 2072.5231421512726 34.663690216257237 29.321266739629209
leaf_count=1456 1869 219 220 24710 360 243
internal_value=-0.000130546 -7.25618e-05 0.00110475 -0.000121693 -0.000164167 -8.22219e-05
internal_weight=2373.26 2250.18 81.5351 2168.65 2107.19 51.6741
internal_count=29077 27208 682 26526 25070 463
is_linear=0
shrinkage=0.03


Tree=260
num_leaves=7
num_cat=0
split_feature=0 30 24 29 12 25
split_gain=0.133508 0.142808 0.165312 0.171891 0.150448 0.215078
threshold=0.5637599454446881 -4.4536819458007804 7.5000000000000009 -20.769062042236325 1.2496054099487675 -0.028788839109833261
decision_type=2 8 2 8 2 2
left_child=1 -1 3 -3 5 -4
right_child=-2 2 4 -5 -6 -7
leaf_value=0.00039329840528089764 0.00206406156870811 -0.002337691926538623 0.0026578920825000058 -0.00022957532736719757 -0.0009250353324168158 5.9596635414820807e-05
leaf_weight=451.33185437650536 16.412550504668616 25.688409611146199 44.409165162185673 1745.1009694624227 28.562260299921036 61.610079012927599
leaf_count=7526 176 334 619 19319 152 857
internal_value=-5.75668e-05 -8.1001e-05 -0.000194817 -0.000273113 0.000783018 0.00128325
internal_weight=2373.12 2356.7 1905.37 1770.79 134.582 106.019
internal_count=28983 28807 21281 19653 1628 1476
is_linear=0
shrinkage=0.03


Tree=261
num_leaves=7
num_cat=0
split_feature=31 4 45 12 6 12
split_gain=0.18712 0.387859 0.398199 0.32391 0.298287 0.248763
threshold=-3.0769131779670711 -0.19009356972803074 0.5634920634920636 0.63215620960168362 0.057969750185561705 0.05302674870514857
decision_type=10 2 8 2 2 2
left_child=1 -1 -3 4 5 -4
right_child=-2 2 3 -5 -6 -7
leaf_value=-0.0016724816994462786 -3.0294161577584244e-05 -0.00016884074722136168 0.0012734184130888417 0.0007482103884752521 0.00071006364723154194 0.0065384189844984921
leaf_weight=42.162060947681312 2045.603058260429 116.19539879471995 18.585703391465358 87.331536240875721 27.623812020989135 22.797509931027889
leaf_count=600 25344 1081 564 563 521 255
internal_value=7.57564e-05 0.000744814 0.00116474 0.00210646 0.00351311 0.00488186
internal_weight=2360.3 314.696 272.534 156.339 69.007 41.3832
internal_count=28928 3584 2984 1903 1340 819
is_linear=0
shrinkage=0.03


Tree=262
num_leaves=7
num_cat=0
split_feature=11 8 20 14 37 0
split_gain=0.179405 0.164254 0.155268 0.131531 0.10658 0.12587
threshold=0.12604534201053932 0.039875531175270602 -0.0037831467690219718 0.01958279595945853 -6.0122673093444758 -0.080396717285697597
decision_type=2 2 2 2 8 2
left_child=3 -2 -3 -1 -5 -6
right_child=1 2 -4 4 5 -7
leaf_value=-0.0015215689113571144 -0.00067998137339900255 -0.00017189837642303665 0.0027847838108459662 0.0011547621490273843 -0.00039204268766878113 0.00010783049780777009
leaf_weight=42.416584404709283 23.734557776595466 20.89333141152747 45.492959189577959 59.565858732908964 629.93050540518016 1545.7165280599147
leaf_count=4593 271 221 421 847 7472 15138
internal_value=1.83942e-05 0.00126134 0.00195356 -3.60853e-05 -1.24459e-06 -3.80329e-05
internal_weight=2367.75 90.1208 66.3863 2277.63 2235.21 2175.65
internal_count=28963 913 642 28050 23457 22610
is_linear=0
shrinkage=0.03


Tree=263
num_leaves=7
num_cat=0
split_feature=18 24 2 7 25 0
split_gain=0.174861 0.268972 0.143113 0.234176 0.260834 0.224193
threshold=1.0000000180025095e-35 1.0000000180025095e-35 -0.18701032006820437 0.042437708825805089 -0.3668427487841453 0.47764903910488521
decision_type=2 2 2 2 2 2
left_child=2 -2 3 -1 -5 -4
right_child=1 -3 5 4 -6 -7
leaf_value=-1.428863545058136e-05 -0.0029454285679650946 -0.00027432092108844601 9.6049046453222563e-05 0.0011856486727494617 -0.0021541917155081243 0.0025122794587953694
leaf_weight=305.43489154608687 35.238405021606013 145.80394060665276 1731.1057176607865 19.350804086832795 97.166379452566616 25.29820641153492
leaf_count=5871 372 1352 19573 260 1268 260
internal_value=-5.09161e-05 -0.000921192 2.52912e-05 -0.000464321 -0.00154965 0.000144877
internal_weight=2359.4 181.042 2178.36 421.952 116.517 1756.4
internal_count=28956 1724 27232 7399 1528 19833
is_linear=0
shrinkage=0.03


Tree=264
num_leaves=7
num_cat=0
split_feature=1 46 8 23 6 12
split_gain=0.144543 0.353877 0.330661 0.283748 0.234709 0.210567
threshold=-0.033988457061687169 42.500000000000007 0.049180099024404615 -0.28602476814494948 -0.091694358373072785 1.8952124124288499
decision_type=2 8 2 2 2 2
left_child=1 2 -1 -3 -5 -2
right_child=5 3 -4 4 -6 -7
leaf_value=0.00051975267507988507 -0.0002936125122359287 -0.00077910425054416232 0.0033265762803518445 -0.00016227917963505809 0.0013952748287868633 0.00092103208962527553
leaf_weight=117.66187917266507 1469.9980242579186 255.08026386486017 49.180850614618976 194.92737337907602 144.74294174063834 130.94706970453262
leaf_count=1957 16980 3977 586 3075 1728 581
internal_value=-2.75564e-05 0.000310203 0.00148845 -3.94736e-05 0.000522359 -0.000189162
internal_weight=2362.54 761.593 166.843 594.751 339.67 1600.95
internal_count=28884 11323 2543 8780 4803 17561
is_linear=0
shrinkage=0.03


Tree=265
num_leaves=7
num_cat=0
split_feature=28 46 45 35 35 12
split_gain=0.149856 0.227523 0.291983 0.200032 0.255727 0.283888
threshold=0.40712510049343115 14.500000000000002 0.55050505050505061 0.52270903542533631 -0.25130463191731406 0.6437008281619957
decision_type=8 8 10 10 10 2
left_child=1 2 -1 4 5 -2
right_child=3 -3 -4 -5 -6 -7
leaf_value=0.0018537908931261192 0.0010981528390612903 -0.00029704044955605838 -0.0016212651331434967 -0.00013922312399620122 0.001789340743738387 -0.00017534777738873632
leaf_weight=85.086378870357294 262.41239724506158 992.04751677429886 19.826839986606501 502.30538784273085 130.3461628012592 368.14087498188019
leaf_count=1027 4760 14316 399 4874 1290 2322
internal_value=0.000102487 -0.000153335 0.00111313 0.000324101 0.000627801 0.000363505
internal_weight=2360.17 1096.96 104.913 1263.2 760.899 630.553
internal_count=28988 15742 1426 13246 8372 7082
is_linear=0
shrinkage=0.03


Tree=266
num_leaves=7
num_cat=0
split_feature=49 50 33 33 12 12
split_gain=0.137391 0.121454 0.241767 0.179012 0.387825 0.337899
threshold=1.5000000000000002 0.57738095238095244 -2.5075402048726874 -7.1349828243255606 0.70736176305224119 0.010160425626149163
decision_type=2 2 10 10 2 2
left_child=1 3 -3 4 5 -1
right_child=-2 2 -4 -5 -6 -7
leaf_value=-0.00011421058612640738 0.0019721439747238459 -0.0017866682354768413 0.00086293405336685498 -5.2398439133963515e-05 -0.00075233123822277177 0.0035881463861734747
leaf_weight=34.353190852736589 21.195815234910697 81.326916361111216 39.532655576593243 2106.569641604452 61.072175998240709 49.692697523161769
leaf_count=1109 138 885 381 25645 419 549
internal_value=-5.89043e-06 -3.1765e-05 -0.00092028 1.97842e-05 0.00100343 0.0022236
internal_weight=2393.74 2372.55 120.86 2251.69 145.118 84.0459
internal_count=29126 28988 1266 27722 2077 1658
is_linear=0
shrinkage=0.03


Tree=267
num_leaves=7
num_cat=0
split_feature=0 42 31 3 3 7
split_gain=0.160128 0.287367 0.208224 0.283037 0.259273 0.228045
threshold=-0.082834659705539646 2.5000000000000004 5.1014833748340616 -0.21662013604108663 -0.21662013604108663 -0.005925155982972369
decision_type=2 2 10 2 2 2
left_child=1 -1 4 5 -2 -4
right_child=2 -3 3 -5 -6 -7
leaf_value=-0.00059618896087952188 0.00082575185722691706 0.0021530354887408297 0.0016471967179731209 0.00094703792643556245 -0.00033202065258621075 -0.0015218732535917977
leaf_weight=652.77094852439768 200.94477375637507 26.387726324843243 17.850195278791944 394.90991430761642 990.3735524553922 76.148412933136569
leaf_count=9779 2468 307 398 5286 9330 1416
internal_value=-7.44988e-05 -0.00045968 8.29925e-05 0.000597771 -0.000131486 -0.000819551
internal_weight=2359.39 679.159 1680.23 488.909 1191.32 93.9986
internal_count=28984 10086 18898 7100 11798 1814
is_linear=0
shrinkage=0.03


Tree=268
num_leaves=7
num_cat=0
split_feature=51 46 46 31 6 5
split_gain=0.121727 0.597112 0.231326 0.250794 0.219333 0.202713
threshold=0.36666666666666675 21.500000000000004 13.500000000000002 5.1508205467835078 0.14041157467724572 -0.0061031609853398989
decision_type=2 10 8 10 2 2
left_child=2 -2 3 -1 -3 -6
right_child=1 4 -4 -5 5 -7
leaf_value=-0.0021119838208409065 0.002252304103475003 -0.00082487676349371594 -2.8874664966691953e-06 0.00047070704416634561 0.0023997668970402422 -0.00054973134085381016
leaf_weight=88.319903463125229 109.18928585282993 189.34514407871757 1866.6626895640657 46.838304538687225 34.4508313073311 33.953589867567644
leaf_count=1074 1009 1877 23623 806 294 286
internal_value=8.81351e-08 0.00049484 -9.261e-05 -0.0012462 -0.000305981 0.00105235
internal_weight=2368.76 366.939 2001.82 135.158 257.75 68.4044
internal_count=28969 3466 25503 1880 2457 580
is_linear=0
shrinkage=0.03


Tree=269
num_leaves=7
num_cat=0
split_feature=24 12 23 8 0 27
split_gain=0.155842 0.189339 0.164851 0.163838 0.158062 0.195318
threshold=7.5000000000000009 1.2678934155088519 -0.38308177873293564 -0.18683575907459973 0.13324839327893698 0.25374642014503485
decision_type=2 2 2 2 2 8
left_child=3 2 -2 -1 -5 -6
right_child=1 -3 -4 4 5 -7
leaf_value=-0.0015198728719589859 -0.00048432462555845547 -0.001009461259595884 0.0018341300284192281 -0.00015805450302896066 -0.00014673400664749523 0.0011351241636899684
leaf_weight=58.670011693960987 31.440922664594837 32.306129314005375 106.86202193441568 1719.0356883132627 212.72611894056899 201.17585008731112
leaf_count=1622 550 171 1500 21031 2172 1933
internal_value=-8.03441e-06 0.000839176 0.00130995 -7.74989e-05 -3.09167e-05 0.00048839
internal_weight=2362.22 170.609 138.303 2191.61 2132.94 413.902
internal_count=28979 2221 2050 26758 25136 4105
is_linear=0
shrinkage=0.03


Tree=270
num_leaves=7
num_cat=0
split_feature=7 7 37 10 12 8
split_gain=0.172067 0.308693 0.245143 0.243266 0.320785 0.241173
threshold=0.016221255014606105 0.0072464800480730833 4.1625789027858646 0.016030404953842423 1.2173076213701333 0.080980403707584733
decision_type=2 2 10 2 2 2
left_child=1 -1 5 4 -2 -3
right_child=3 2 -4 -5 -6 -7
leaf_value=4.0751647856847037e-05 -0.00020721165305031216 0.0026376923621173574 -0.001279440005702741 0.00015909830541844118 -0.00164392036946455 -0.00039099752077899601
leaf_weight=1036.8199609597505 423.28139131126227 93.860394902178086 17.678018090780824 578.38426814519335 201.52079945802689 27.594398639746942
leaf_count=14850 5575 1176 154 5907 1024 349
internal_value=-3.23939e-05 0.000224714 0.00150094 -0.000283463 -0.000689198 0.00197218
internal_weight=2379.14 1175.95 139.133 1203.19 624.802 121.455
internal_count=29035 16529 1679 12506 6599 1525
is_linear=0
shrinkage=0.03


Tree=271
num_leaves=7
num_cat=0
split_feature=28 30 14 14 5 12
split_gain=0.150387 0.158431 0.135499 0.125612 0.172823 0.114611
threshold=3.936851024627686 0.090292263776063933 0.01958279595945853 0.41698071584284324 -0.015971814958304659 1.0523622879260948
decision_type=10 10 2 2 2 2
left_child=2 -2 -1 -4 -5 -3
right_child=1 5 3 4 -6 -7
leaf_value=-0.0014746706178254479 -0.0005407179193663719 0.00031948330448225437 0.00011271405576911452 0.00028643600532284828 -0.0020317502103548344 0.0029809914742772339
leaf_weight=42.825818175319 26.787965737050399 26.169752939138561 2154.3009725939482 52.322364687919617 49.301070138812065 32.621879272162914
leaf_count=4668 248 313 23286 215 203 169
internal_value=7.60681e-05 0.0012421 2.74663e-05 6.23646e-05 -0.000919463 0.00201494
internal_weight=2384.33 85.5796 2298.75 2255.92 101.623 58.7916
internal_count=29102 730 28372 23704 418 482
is_linear=0
shrinkage=0.03


Tree=272
num_leaves=7
num_cat=0
split_feature=7 12 23 9 12 27
split_gain=0.113968 0.284015 0.324915 0.292387 0.269287 0.300016
threshold=0.014956244135982724 1.4232214000409498 -0.30983018319683281 0.041598032841551516 1.3991943569473884 0.92803868651390087
decision_type=2 2 2 2 2 10
left_child=1 -1 -3 -4 -2 -6
right_child=4 2 3 -5 5 -7
leaf_value=1.9679505758858458e-05 7.7808374491008663e-05 -0.00076426007187761823 0.0030236420338018602 0.00027150652922016614 -0.0014961745373108647 0.00056185902931003091
leaf_weight=968.08821431544493 909.44417421403341 47.441115871071815 81.308069601655006 59.543059550225735 221.69391826540232 81.852438002824783
leaf_count=15407 11189 254 418 289 1088 399
internal_value=1.96719e-05 0.000231753 0.00126613 0.00195533 -0.000182754 -0.000940998
internal_weight=2369.37 1156.38 188.292 140.851 1212.99 303.546
internal_count=29044 16368 961 707 12676 1487
is_linear=0
shrinkage=0.03


Tree=273
num_leaves=7
num_cat=0
split_feature=11 46 28 30 5 12
split_gain=0.139098 0.148389 0.150497 0.189029 0.128579 0.160972
threshold=0.12187863484404493 7.5000000000000009 3.936851024627686 0.090292263776063933 0.072618382624780639 0.72771413783885563
decision_type=2 8 10 10 2 2
left_child=1 -1 -3 -4 -2 -6
right_child=4 2 3 -5 5 -7
leaf_value=0.0018149832250839463 0.0024285301897818065 -5.8872870408374514e-05 -0.00073026304184809008 0.002120697800259092 0.0016436549964699062 -0.0010276521780178518
leaf_weight=30.828027447685599 32.049442024319433 2169.4969462256995 25.394835170824081 52.11780726024881 27.863831703958567 34.090809673070908
leaf_count=417 337 26967 235 435 458 197
internal_value=7.16747e-05 2.25866e-05 -9.9369e-06 0.00120995 0.0011446 0.000235218
internal_weight=2371.84 2277.84 2247.01 77.5126 94.0041 61.9546
internal_count=29046 28054 27637 670 992 655
is_linear=0
shrinkage=0.03


Tree=274
num_leaves=7
num_cat=0
split_feature=8 27 27 20 10 0
split_gain=0.1388 0.107608 0.163862 0.250154 0.177789 0.17388
threshold=0.272820817612972 2.7543188333511357 0.8669240176677705 -0.057351285746932941 -0.012080606582713161 0.16238132957205023
decision_type=2 10 10 2 2 2
left_child=1 2 -1 4 -4 -5
right_child=-2 -3 3 5 -6 -7
leaf_value=-8.359497535985614e-05 0.0017740011853539471 -0.00080361422039157925 0.00063512453783291616 0.00055055344092077327 -0.0015680320664625434 0.0021442977537090694
leaf_weight=1683.123431417247 30.921500612690579 127.28802778420504 49.586886711738771 343.48246796434978 68.128808969311649 68.839892287156545
leaf_count=20997 337 1512 679 3977 852 651
internal_value=4.18815e-05 1.1547e-05 6.18341e-05 0.000516637 -0.000662905 0.000861113
internal_weight=2371.37 2340.45 2213.16 530.038 117.716 412.322
internal_count=29005 28668 27156 6159 1531 4628
is_linear=0
shrinkage=0.03


Tree=275
num_leaves=7
num_cat=0
split_feature=34 31 1 31 31 3
split_gain=0.156574 0.259251 0.23834 0.232832 0.346493 0.333909
threshold=0.68634541829427087 3.2932063043117528 -1.0000000180025095e-35 2.8233501147478823 4.625139832496644 -0.16008181421594678
decision_type=8 10 2 8 8 2
left_child=1 2 -1 5 -5 -2
right_child=3 -3 -4 4 -6 -7
leaf_value=-3.5440791863119041e-05 0.0020209199881569859 0.00014702461993035081 -0.0011316383054197042 -0.0015977329444711245 0.0002647792669466868 0.00012268520768678905
leaf_weight=325.52437217708211 128.577182803303 787.81328670762014 387.05935480305925 103.06837611028459 429.58382754068589 212.9852741677314
leaf_count=3677 1097 12970 3546 993 5141 1625
internal_value=-4.22587e-05 -0.000227702 -0.000638291 0.00027499 -0.000118419 0.000874412
internal_weight=2374.61 1500.4 712.584 874.215 532.652 341.562
internal_count=29049 20193 7223 8856 6134 2722
is_linear=0
shrinkage=0.03


Tree=276
num_leaves=7
num_cat=0
split_feature=7 46 33 30 25 45
split_gain=0.209481 0.205049 0.204869 0.14797 0.140567 0.136872
threshold=-0.12022649761984112 75.500000000000014 1.1538988600174587 -4.6690707206726065 0.76501809049847169 0.61250000000000016
decision_type=2 8 8 10 2 10
left_child=1 2 -1 -3 -2 -6
right_child=4 3 -4 -5 5 -7
leaf_value=0.0019522188438215896 9.4334009110206996e-05 0.00022954412498579478 -0.0019809307796657075 -0.0024282769954017203 0.0016517744089593106 -0.00096653264703939557
leaf_weight=25.679933958337642 2139.9269603113353 22.955417825141922 8.5626630871556682 65.614668398746289 84.019317238067742 15.223495553189421
leaf_count=667 24876 700 144 1258 1079 237
internal_value=8.03402e-05 -0.00107795 0.000743259 -0.00178602 0.000148379 0.00119843
internal_weight=2361.98 122.813 34.2426 88.5701 2239.17 99.2428
internal_count=28961 2769 811 1958 26192 1316
is_linear=0
shrinkage=0.03


Tree=277
num_leaves=7
num_cat=0
split_feature=17 24 35 46 5 36
split_gain=0.130578 0.207313 0.15979 0.19391 0.340522 0.247687
threshold=1.0000000180025095e-35 2.5000000000000004 1.9067245318243904 171.50000000000003 -0.0070111583657184225 1.9405647631372429
decision_type=2 2 8 8 2 10
left_child=2 -2 -1 5 -5 -4
right_child=1 -3 3 4 -6 -7
leaf_value=-0.00013926144992852795 -0.0013548065286488225 0.00026317726038321658 -0.00063909476430470567 0.001982356699067885 9.3188473805023552e-05 0.0011432871914931345
leaf_weight=1432.0702386763587 151.36131679633399 122.69497237633914 226.70524354279041 141.13327091856627 201.27761420214665 89.813912531011738
leaf_count=17730 2048 1573 2689 1652 2355 918
internal_value=-4.31098e-05 -0.000646671 3.86972e-05 0.000421759 0.000906013 -0.00011381
internal_weight=2365.06 274.056 2091 658.93 342.411 316.519
internal_count=28965 3621 25344 7614 4007 3607
is_linear=0
shrinkage=0.03


Tree=278
num_leaves=7
num_cat=0
split_feature=14 34 37 14 33 37
split_gain=0.0995832 0.123523 0.123663 0.203017 0.197985 0.238794
threshold=0.01958279595945853 -8.5750682751337681 4.2356278277026922 0.13246601614204592 -0.21770142515500385 4.9922645269996595
decision_type=2 8 8 2 8 8
left_child=-1 -2 -3 -4 -5 -6
right_child=1 2 3 4 5 -7
leaf_value=-0.0012244096594490048 0.0011800133255807175 -8.6597722126710531e-05 0.0011935780904826334 0.0009645291461043349 0.0012842602585167995 -0.00094281132455329732
leaf_weight=43.566640327626374 79.040265741758049 1696.4243080755696 189.98188213538378 117.3132114186883 45.631156966090202 195.76844827085733
leaf_count=4735 1109 18166 2987 650 261 1143
internal_value=5.4945e-05 8.40695e-05 4.04249e-05 0.000427667 6.54612e-07 -0.000487495
internal_weight=2367.73 2324.16 2245.12 548.695 358.713 241.4
internal_count=29051 24316 23207 5041 2054 1404
is_linear=0
shrinkage=0.03


Tree=279
num_leaves=7
num_cat=0
split_feature=33 35 21 46 1 46
split_gain=0.118763 0.178935 0.189307 0.236452 0.310872 0.184841
threshold=-2.1569413443406416 -5.8057200601085635 1.0000000180025095e-35 201.50000000000003 -0.035784215080985733 12.500000000000002
decision_type=8 10 2 8 2 10
left_child=1 -1 5 4 -4 -3
right_child=-2 2 3 -5 -6 -7
leaf_value=0.0015013036521140726 3.9390053419909647e-06 0.0014506785327839506 0.0015387170448653935 -0.0023764933340290526 -0.0015178701365523429 -0.00084238829463970002
leaf_weight=24.117055060807616 2040.9783130990108 46.909511701494921 40.292375987628475 91.806607508973684 64.614905339898542 61.560863310354762
leaf_count=395 24489 643 714 1307 751 750
internal_value=-8.24435e-05 -0.000602171 -0.000810755 -0.00134395 -0.000312165 0.000188025
internal_weight=2370.28 329.301 305.184 196.714 104.907 108.47
internal_count=29049 4560 4165 2772 1465 1393
is_linear=0
shrinkage=0.03


Tree=280
num_leaves=7
num_cat=0
split_feature=43 1 46 3 29 2
split_gain=0.157147 0.30704 0.244776 0.15956 0.289016 0.223205
threshold=1.5000000000000002 -0.032953759280335872 15.500000000000002 -0.23092848058452742 1.4356062412261965 -0.1654693975911132
decision_type=2 2 10 2 10 2
left_child=3 -2 -3 4 -1 -6
right_child=1 2 -4 -5 5 -7
leaf_value=-0.0010988090057736232 0.0033203173294210232 0.0017931774099970241 -0.0013887390581570332 -3.0747328327288699e-05 -0.0010451205209459024 0.0022260049057388014
leaf_weight=296.54109547921689 25.428474212065339 26.896322422195226 43.081430464982986 1917.5215996969491 22.889718597929459 38.844904581608716
leaf_count=5164 232 188 332 22269 404 475
internal_value=-8.88886e-05 0.00104433 -9.44588e-05 -0.000140757 -0.000712713 0.00103653
internal_weight=2371.2 95.4062 69.9778 2275.8 358.276 61.7346
internal_count=29064 752 520 28312 6043 879
is_linear=0
shrinkage=0.03


Tree=281
num_leaves=7
num_cat=0
split_feature=29 31 12 39 11 34
split_gain=0.132172 0.231718 0.222602 0.259046 0.370387 0.399091
threshold=-6.0286889076232901 2.6426282227039342 2.217526270536363 2.5000000000000004 0.037595905774625286 -4.6401984890302019
decision_type=10 8 2 2 2 10
left_child=1 -1 3 4 5 -2
right_child=2 -3 -4 -5 -6 -7
leaf_value=0.0025850436996939685 0.0014043013668619002 0.00018302872896580198 0.0014343560929626718 -8.0666354301549162e-05 0.00072394496538894578 -0.0023370865221865123
leaf_weight=28.370539878495038 23.464151164458599 668.23476105494774 64.361740738153458 1364.1599071805103 65.867869833251461 156.35451628314331
leaf_count=252 509 9000 277 16695 739 1540
internal_value=-2.84475e-05 0.000316055 -0.000172814 -0.000245527 -0.00112195 -0.00180062
internal_weight=2370.81 696.605 1674.21 1609.85 245.687 179.819
internal_count=29012 9252 19760 19483 2788 2049
is_linear=0
shrinkage=0.03


Tree=282
num_leaves=7
num_cat=0
split_feature=9 8 33 10 10 10
split_gain=0.214787 0.204457 0.180245 0.241197 0.411033 0.323555
threshold=0.20402260214649418 0.272820817612972 -2.4343761422981816 0.076919483011870085 0.02368650717248048 -0.0087211861905087309
decision_type=2 2 10 2 2 2
left_child=1 2 3 4 5 -1
right_child=-2 -3 -4 -5 -6 -7
leaf_value=-0.00014430280049726113 0.0016435588266871062 0.0020533110953498347 3.9319107680369091e-05 -0.0021380137653511564 0.0011628929613343014 -0.0022329685956204181
leaf_weight=183.68454107063008 58.687270594935399 30.552945260307752 1819.9093687596906 68.705757459276356 112.1141194315278 96.23109789355658
leaf_count=2793 694 328 21741 865 1405 1190
internal_value=-9.79816e-06 -5.86809e-05 -9.58149e-05 -0.000619091 -0.000306331 -0.000914611
internal_weight=2369.89 2311.2 2280.64 460.736 392.03 279.916
internal_count=29016 28322 27994 6253 5388 3983
is_linear=0
shrinkage=0.03


Tree=283
num_leaves=7
num_cat=0
split_feature=28 36 31 35 31 9
split_gain=0.20103 0.298475 0.158781 0.224853 0.284755 0.221777
threshold=3.936851024627686 -0.78853732115951247 0.91920120967552077 1.3141032215725219 7.1145739555358896 -0.029266982272064871
decision_type=10 10 8 10 10 2
left_child=2 -2 5 -4 -5 -1
right_child=1 -3 3 4 -6 -7
leaf_value=0.00038692220567741986 -0.001211462157094151 0.0023639070625165342 0.00025751731320480895 -0.00095123282892794645 0.00038330733649878743 -0.00094152278290742723
leaf_weight=150.88507418066729 23.203449739841744 57.243652034085244 1141.883397813901 374.91123878268991 222.74917702475796 392.29459749662783
leaf_count=1543 214 484 16257 3841 3403 3182
internal_value=-7.50398e-05 0.00131273 -0.00012946 1.12625e-05 -0.000455725 -0.000572182
internal_weight=2363.17 80.4471 2282.72 1739.54 597.66 543.18
internal_count=28924 698 28226 23501 7244 4725
is_linear=0
shrinkage=0.03


Tree=284
num_leaves=7
num_cat=0
split_feature=8 11 45 14 9 11
split_gain=0.147719 0.312041 0.246634 0.245853 0.29982 0.191438
threshold=0.021871440464763001 0.040845797078602634 0.15476190476190479 0.26319809812135292 0.027572361426717363 0.086556293906567619
decision_type=2 2 8 2 2 2
left_child=5 3 -3 -2 -5 -1
right_child=1 2 -4 4 -6 -7
leaf_value=0.00031133938066301342 -0.00031218030982840605 0.0017353569673281735 8.436435718847362e-06 -0.0027988463319073538 -0.00022214899178692253 -0.0013376089449683444
leaf_weight=1179.351989944902 570.72879982057202 87.393890187144279 316.09884242585395 80.575943574309349 77.113919451832771 57.138273377495352
leaf_count=15923 7291 775 3558 367 340 756
internal_value=-7.99225e-07 -0.000247294 0.000415399 -0.000615034 -0.00162717 0.000225022
internal_weight=2368.4 1131.91 403.493 728.419 157.69 1236.49
internal_count=29010 12331 4333 7998 707 16679
is_linear=0
shrinkage=0.03


Tree=285
num_leaves=7
num_cat=0
split_feature=7 36 47 20 40 3
split_gain=0.149899 0.194556 0.190297 0.174147 0.152732 0.338492
threshold=-0.099986507532864879 2.1152116817535549 7.5000000000000009 0.17155510485080089 1.5000000000000002 -0.021637042932224095
decision_type=2 8 8 2 2 2
left_child=1 2 -1 -4 -2 -6
right_child=4 -3 3 -5 5 -7
leaf_value=0.0011105440479873578 0.00020695315413077171 -0.0028827684332795264 -0.0014834274186665503 0.0015600183125043857 -0.00056591906638350049 0.0012309076751580114
leaf_weight=45.096427279117052 1435.904042326234 25.070249741431326 93.982866516918875 11.760462635371367 659.93418055394432 100.24083960603457
leaf_count=1003 16839 429 1962 226 7541 1021
internal_value=-4.3835e-05 -0.000861797 -0.000367554 -0.00103941 2.52947e-05 -0.000316074
internal_weight=2371.99 175.91 150.84 105.743 2196.08 760.175
internal_count=29021 3620 3191 2188 25401 8562
is_linear=0
shrinkage=0.03


Tree=286
num_leaves=7
num_cat=0
split_feature=11 35 23 22 2 50
split_gain=0.150859 0.212496 0.230482 0.217204 0.180641 0.214564
threshold=0.0014482995248277168 -3.0091040468257328 0.10415050753596523 0.064025004426336782 -0.1400568767011178 0.23611111111111113
decision_type=2 10 2 2 2 2
left_child=-1 2 -2 4 -3 -6
right_child=1 3 -4 -5 5 -7
leaf_value=0.00021586470957679814 -0.0015200239002667029 -0.00097156747044664649 0.00088049671693377107 0.00085245932698584646 -0.00016910395475507899 0.0018440883454306394
leaf_weight=1196.7656300847884 179.76029975229176 228.53975366044324 37.446606736571994 178.11966347915586 506.44693042364088 42.489670060691424
leaf_count=14742 2493 3283 464 2174 5445 403
internal_value=-2.02122e-05 -0.000260901 -0.00108563 -6.41373e-05 -0.000282288 1.69292e-05
internal_weight=2369.57 1172.8 217.207 955.596 777.476 548.937
internal_count=29004 14262 2957 11305 9131 5848
is_linear=0
shrinkage=0.03


Tree=287
num_leaves=7
num_cat=0
split_feature=20 14 0 7 12 27
split_gain=0.172663 0.269153 0.314539 0.192001 0.302909 0.257943
threshold=0.033396277566731587 0.25872293159897336 0.0024944110686502823 0.092541895905280461 0.51621250825172316 0.35734252631664282
decision_type=2 2 2 2 2 10
left_child=3 -2 -3 -1 -5 -6
right_child=1 2 -4 4 5 -7
leaf_value=-4.8024581380068117e-05 0.00073098973922847328 -0.0021002146433831124 0.00089901485635272632 0.00060688530209325768 -0.0024046536028852826 -0.00028481515760681644
leaf_weight=1504.7145427162468 456.69408380478853 64.106577217578888 47.042069464921951 82.135218168550637 110.02471033856273 96.014184914529324
leaf_count=19381 6433 294 206 1409 676 590
internal_value=-4.16959e-05 0.000409784 -0.000861405 -0.000186168 -0.000881689 -0.00147572
internal_weight=2360.73 567.843 111.149 1792.89 288.174 206.039
internal_count=28989 6933 500 22056 2675 1266
is_linear=0
shrinkage=0.03


Tree=288
num_leaves=7
num_cat=0
split_feature=4 4 21 30 30 31
split_gain=0.138302 0.23689 0.222848 0.169745 0.20241 0.207711
threshold=-0.21495683995723311 -0.23217017653840558 1.0000000180025095e-35 6.4585123062133798 4.5657768249511728 2.3131842613220219
decision_type=2 2 2 10 10 10
left_child=1 2 -1 4 -2 -6
right_child=3 -3 -4 -5 5 -7
leaf_value=0.0014771251619392295 0.0001230378234036564 -0.0020165669068896125 -0.00085752312634069833 -0.001273773504919334 0.0027232967121675745 0.00023370573054373592
leaf_weight=51.707921550376341 1986.7997418431187 64.487843987211818 81.234959169727517 63.115644324105233 46.227785853203386 69.568568121176213
leaf_count=686 24445 909 1357 587 363 686
internal_value=7.87876e-05 -0.000661886 9.03454e-05 0.000149041 0.000197578 0.00136507
internal_weight=2363.14 197.431 132.943 2165.71 2102.6 115.796
internal_count=29033 2952 2043 26081 25494 1049
is_linear=0
shrinkage=0.03


Tree=289
num_leaves=7
num_cat=0
split_feature=4 7 7 4 46 8
split_gain=0.167659 0.302493 0.158147 0.241873 0.2008 0.239894
threshold=-0.26395813641143168 -0.005925155982972369 0.018538749469152363 -0.22377282686453862 13.500000000000002 0.096505437100449273
decision_type=2 2 2 2 8 2
left_child=1 -1 -2 -4 5 -5
right_child=2 -3 3 4 -6 -7
leaf_value=-0.0009092178362007429 0.00022866967217235047 0.0035243018120951256 -0.0020013178836231003 9.4365030514420819e-05 -0.00028367236370543779 0.0031832597245683297
leaf_weight=18.478499333898071 1181.5764944762341 22.242989568738267 57.970636533107609 70.832743433595169 988.11687660217285 23.700208920403384
leaf_count=354 16495 329 647 770 10119 252
internal_value=2.35801e-05 0.00172986 -1.36298e-05 -0.000264435 -0.000153969 0.00109922
internal_weight=2362.92 40.7215 2322.2 1140.62 1082.65 94.533
internal_count=28966 683 28283 11788 11141 1022
is_linear=0
shrinkage=0.03


Tree=290
num_leaves=7
num_cat=0
split_feature=24 12 0 27 28 20
split_gain=0.119903 0.167058 0.116017 0.223735 0.194062 0.157183
threshold=7.5000000000000009 0.9684030709266962 0.22311640574959193 0.24648694694042209 0.49270007014274603 -0.058683049081463289
decision_type=2 2 2 8 10 2
left_child=2 -2 -1 4 -4 -5
right_child=1 -3 3 5 -6 -7
leaf_value=-0.00015244559916116867 0.0013360634080484884 -0.00058129276907053671 0.00066211335625038757 -0.00049635712754616873 -0.0016063287820235691 0.0019551910614840715
leaf_weight=1959.438256198584 115.80213653563987 53.665742538869381 67.014948748459574 26.105226509564091 51.487363542197272 91.383601290755905
leaf_count=24338 1871 313 808 283 451 864
internal_value=-1.54255e-05 0.000730332 -7.6042e-05 0.000538747 -0.000371793 0.00141427
internal_weight=2364.9 169.468 2195.43 235.991 118.502 117.489
internal_count=28928 2184 26744 2406 1259 1147
is_linear=0
shrinkage=0.03


Tree=291
num_leaves=7
num_cat=0
split_feature=10 33 12 14 30 11
split_gain=0.152517 0.292954 0.226184 0.175391 0.199794 0.225854
threshold=-0.068081507655543633 3.2821061015129094 1.636631030039146 0.023831776168779833 -5.1136610507965079 -0.13044875723726959
decision_type=2 8 2 2 10 2
left_child=1 2 -1 -2 5 -5
right_child=3 -3 -4 4 -6 -7
leaf_value=-0.00063642985821120608 -0.0015855700499652202 -0.0029242111000456305 0.0017646700747851005 -0.0020393619437879488 -0.00012719694459732283 0.00070315934136877989
leaf_weight=256.04633100362844 51.158749158086721 35.925699382612947 30.950488150119781 19.065274545922875 1510.2636511102319 478.87732450291514
leaf_count=3944 4518 530 150 243 14412 5348
internal_value=-9.91572e-05 -0.000694913 -0.00032679 -2.83195e-06 4.51446e-05 0.000560071
internal_weight=2382.29 322.923 286.997 2059.36 2008.21 497.943
internal_count=29145 4624 4094 24521 20003 5591
is_linear=0
shrinkage=0.03


Tree=292
num_leaves=7
num_cat=0
split_feature=9 44 25 27 27 12
split_gain=0.144497 0.203341 0.119095 0.176194 0.270906 0.179086
threshold=0.20402260214649418 2.5000000000000004 -0.14371426120886729 2.5118331909179692 1.963445842266083 0.3982694603160582
decision_type=2 10 2 10 10 2
left_child=2 -2 -1 4 -4 -6
right_child=1 -3 3 -5 5 -7
leaf_value=0.0002804292484372744 -3.5824930924742052e-05 0.0033025905519857039 -0.00020273003698332458 -0.0012866552366626279 -0.00061230306445238518 0.0024574178234496283
leaf_weight=626.2535041350784 39.468087009969167 17.863920987525489 1488.9718981702463 114.78580523852725 19.392963404359762 48.400069624185562
leaf_count=7921 450 219 18103 1351 436 343
internal_value=-2.97031e-05 0.00134039 -6.95479e-05 -0.000201556 -0.000113846 0.00161346
internal_weight=2355.14 57.332 2297.8 1671.55 1556.76 67.793
internal_count=28823 669 28154 20233 18882 779
is_linear=0
shrinkage=0.03


Tree=293
num_leaves=7
num_cat=0
split_feature=29 3 28 35 30 27
split_gain=0.154536 0.174835 0.192701 0.303238 0.267435 0.281659
threshold=7.1084141731262216 -0.27401120585400146 1.9769558906555178 0.52270903542533631 -1.8635266423225401 2.2749999685478791e-14
decision_type=10 2 8 8 10 10
left_child=1 -1 4 -4 -3 -6
right_child=-2 2 3 -5 5 -7
leaf_value=-0.00075443314475115365 -0.0013781866390838928 0.00038203798534630986 0.0014815109008278979 6.3722447171612602e-05 -0.0010876434961715504 1.4701061150572665e-05
leaf_weight=230.3322587874718 64.267468016827479 632.88362540326489 197.46869729971513 395.63888453668915 336.9798360101413 522.44687999441521
leaf_count=4005 716 9371 1821 4078 3568 5559
internal_value=-3.11339e-05 1.2015e-05 9.98648e-05 0.000552498 -8.25108e-05 -0.000425065
internal_weight=2380.02 2315.75 2085.42 593.108 1492.31 859.427
internal_count=29118 28402 24397 5899 18498 9127
is_linear=0
shrinkage=0.03


Tree=294
num_leaves=7
num_cat=0
split_feature=45 46 1 2 36 10
split_gain=0.152323 0.575065 0.363145 0.289805 0.251711 0.286784
threshold=0.21111111111111114 28.500000000000004 -1.0000000180025095e-35 -0.038773112512268705 2.7850493320815821 -0.038713482808696929
decision_type=10 8 2 2 8 2
left_child=1 2 -1 -3 -2 -6
right_child=4 3 -4 -5 5 -7
leaf_value=0.0032496983568217545 -0.00012747392526740503 0.00016360679338219052 0.00064587699081605277 -0.00088775710455577255 -0.0040141928548804006 -0.0005739306080578834
leaf_weight=67.485752131091431 684.48290359409293 1093.0757404208416 145.59817273635417 290.22904302782263 23.402731906506233 75.286025026289281
leaf_count=807 9084 13106 1319 3394 389 1034
internal_value=-2.22589e-06 0.00016574 0.00157924 -6.17667e-05 -0.000342374 -0.00168401
internal_weight=2379.56 1596.39 213.084 1383.3 783.172 98.6888
internal_count=29133 18626 2126 16500 10507 1423
is_linear=0
shrinkage=0.03


Tree=295
num_leaves=7
num_cat=0
split_feature=8 25 27 9 30 12
split_gain=0.114628 0.13643 0.192633 0.243768 0.167494 0.107646
threshold=-0.21528253151904458 0.76501809049847169 0.059055147692561157 0.022382051411011999 -0.22359406948089597 0.66774427654683499
decision_type=2 2 8 2 8 2
left_child=5 -2 4 -4 -3 -1
right_child=1 2 3 -5 -6 -7
leaf_value=-0.002068042001662931 1.7750295348642449e-05 0.00089390903885004311 0.00011931403144525524 0.0034671629187947159 -0.0022146651920167694 0.00064772986990078974
leaf_weight=32.53082651810837 2217.9408191801631 28.634494494530372 37.369429726328235 32.888338564080186 16.651893619738985 13.379290148615835
leaf_count=1267 26035 541 575 363 200 104
internal_value=4.04278e-05 7.22898e-05 0.0010344 0.00192321 -0.000442953 -0.00130231
internal_weight=2379.4 2333.48 115.544 70.2578 45.2864 45.9101
internal_count=29085 27714 1679 938 741 1371
is_linear=0
shrinkage=0.03


Tree=296
num_leaves=7
num_cat=0
split_feature=29 14 2 35 10 34
split_gain=0.146254 0.114268 0.119357 0.142128 0.168528 0.169324
threshold=-22.289890289306637 0.54871700466447615 -0.33051155121998682 -4.0019205439835774 -0.064629986497661565 -3.1568396935860314
decision_type=8 2 2 8 2 10
left_child=-1 2 -2 4 -4 -6
right_child=1 -3 3 -5 5 -7
leaf_value=-0.0019357650411542858 -0.00098602184357428281 -0.001617862051302206 -0.0012376182523127599 7.0284532224289265e-05 -0.00016104555944470664 0.0023325067678223324
leaf_weight=23.494941450131591 79.911265814153012 25.96421405673027 15.850828349066431 2116.3498074640665 34.184663596563041 66.852740407630336
leaf_count=315 2165 111 238 24789 666 710
internal_value=3.28423e-05 6.0772e-05 8.6497e-05 0.000129099 0.00110452 0.00155032
internal_weight=2362.61 2339.11 2313.15 2233.24 116.888 101.037
internal_count=28994 28679 28568 26403 1614 1376
is_linear=0
shrinkage=0.03


Tree=297
num_leaves=7
num_cat=0
split_feature=14 29 30 10 31 7
split_gain=0.143307 0.142702 0.193561 0.211097 0.17645 0.1814
threshold=0.024351301301510152 7.1084141731262216 -4.4536819458007804 -0.085600275758596647 -3.9655054211616512 -0.099986507532864879
decision_type=2 10 8 2 8 2
left_child=-1 2 3 -2 -4 -6
right_child=1 -3 4 -5 5 -7
leaf_value=-0.001318188464906774 -0.0012556429524472868 -0.0012945071059620402 0.0016874542239388337 0.0009250276160688469 -0.001159143545712526 -2.3121505043379016e-05
leaf_weight=63.97211400597007 36.441437683999538 61.708860263228416 40.66734616458416 333.30477059260011 126.64078990928829 1711.6199491787702
leaf_count=5673 477 595 293 3992 1718 16250
internal_value=-1.83606e-05 2.31561e-05 6.4887e-05 0.000682699 -5.96602e-05 -0.000107232
internal_weight=2374.36 2310.38 2248.67 369.746 1878.93 1838.26
internal_count=28998 23325 22730 4469 18261 17968
is_linear=0
shrinkage=0.03


Tree=298
num_leaves=7
num_cat=0
split_feature=7 14 31 27 2 8
split_gain=0.12155 0.400941 0.261159 0.221538 0.218962 0.317177
threshold=0.092541895905280461 0.11380351179899834 1.5699270963668825 0.24428036063909533 -0.021198987348574106 0.15650755934233088
decision_type=2 2 8 10 2 2
left_child=4 2 -2 -3 5 -1
right_child=1 3 -4 -5 -6 -7
leaf_value=0.00010344032280130878 -0.0014014681747131249 -0.0020158785677920252 0.0016478897017349829 -0.00027818960820647122 -0.00070512957774915091 0.003127809109754587
leaf_weight=1666.5862473891466 25.715514613082632 130.47191870212555 86.499089377641212 131.61439320445061 300.99831409702892 21.82975382078439
leaf_count=21439 383 756 1578 753 3789 213
internal_value=-6.73688e-05 -0.000555826 0.000891593 -0.00118554 2.68528e-05 0.000160729
internal_weight=2363.72 374.301 112.215 262.086 1989.41 1688.42
internal_count=28911 3470 1961 1509 25441 21652
is_linear=0
shrinkage=0.03


Tree=299
num_leaves=7
num_cat=0
split_feature=28 26 36 24 20 35
split_gain=0.155915 0.310983 0.174706 0.167204 0.234909 0.184669
threshold=3.5756520032882695 2.1703369617462163 -0.40218468779629024 7.5000000000000009 -0.07742621740912993 -1.3000034306730541
decision_type=10 10 10 2 2 10
left_child=3 2 -2 -1 -5 -6
right_child=1 -3 -4 4 5 -7
leaf_value=-0.00019786592965880478 2.7437537925594471e-05 -0.0015828898366460316 0.0026011850213205146 -0.0014545623969027825 0.0028401530391872513 0.00047939880452166432
leaf_weight=2086.7403186865849 36.656260631629266 25.655371115542948 58.487143646460027 26.010983755171765 37.226379814732354 95.560686780081596
leaf_count=25917 344 219 477 398 522 1184
internal_value=-6.71321e-05 0.000940294 0.00170651 -0.000125255 0.000784106 0.00129379
internal_weight=2366.34 120.799 95.1434 2245.54 158.798 132.787
internal_count=29061 1040 821 28021 2104 1706
is_linear=0
shrinkage=0.03


Tree=300
num_leaves=7
num_cat=0
split_feature=29 27 31 14 26 35
split_gain=0.134468 0.198265 0.183738 0.203371 0.175057 0.174787
threshold=-2.6193454265594478 2.5118331909179692 -3.0769131779670711 0.48282597936324062 -3.2238070964813228 -1.4534139958294954
decision_type=8 10 8 2 10 10
left_child=5 2 4 -4 -2 -1
right_child=1 -3 3 -5 -6 -7
leaf_value=0.0010233566802383669 -0.00032810820538112299 -0.0017666025130019789 -0.00012734733041352986 -0.0024330158175584872 0.002186737269484968 6.8307628724978176e-05
leaf_weight=210.95223550905939 39.050648322096094 57.317901684204116 1190.7821325744444 25.521766483783722 49.183068130165339 793.5011690792453
leaf_count=3105 352 651 14400 105 377 10103
internal_value=1.51734e-05 -0.000178548 -9.58645e-05 -0.000195173 0.00115362 0.000276995
internal_weight=2366.31 1361.86 1304.54 1216.3 88.2337 1004.45
internal_count=29093 15885 15234 14505 729 13208
is_linear=0
shrinkage=0.03


Tree=301
num_leaves=7
num_cat=0
split_feature=29 31 12 12 4 5
split_gain=0.16838 0.296205 0.186078 0.277027 0.336181 0.17422
threshold=7.1084141731262216 -3.0769131779670711 0.70736176305224119 0.08222193731774953 -0.10739354001610167 0.038604658147736857
decision_type=8 10 2 2 2 2
left_child=1 -1 3 -2 -5 -3
right_child=2 5 -4 4 -6 -7
leaf_value=0.0018286748005696056 -0.0013584012501654842 -9.1084856710744891e-05 -0.0014267858891225751 -0.00064118140152700511 0.0029658876745891185 0.00082655087412997457
leaf_weight=73.266459675505757 56.75533875398105 1812.6055822359776 140.48920299485326 40.690871292725205 36.541227780282497 197.39751570299268
leaf_count=567 1657 22880 901 452 368 2073
internal_value=-1.78154e-05 7.53272e-05 -0.000702562 0.000103158 0.00120981 2.67961e-06
internal_weight=2357.75 2083.27 274.477 133.987 77.2321 2010
internal_count=28898 25520 3378 2477 820 24953
is_linear=0
shrinkage=0.03


Tree=302
num_leaves=7
num_cat=0
split_feature=7 46 33 22 1 37
split_gain=0.111424 0.13061 0.142777 0.137085 0.148637 0.126773
threshold=-0.099986507532864879 75.500000000000014 -0.30963544547557825 0.17127105232297715 -0.24275502304883051 0.91128484167233892
decision_type=2 8 8 2 2 8
left_child=1 2 -1 4 -3 -4
right_child=-2 3 5 -5 -6 -7
leaf_value=0.0017176739221656228 1.1922434003682089e-06 0.00019480634311538862 0.0009650657065037898 0.0010910417575100868 -0.0021961777138872337 -0.0022666389156352873
leaf_weight=26.164765355933923 2205.8912196772726 29.340669341007015 11.86678525386378 12.641221954778301 81.845441433571978 14.762287796242164
leaf_count=636 25480 703 276 262 1557 205
internal_value=-5.83511e-05 -0.000762226 0.000431491 -0.00126538 -0.00160122 -0.000956188
internal_weight=2382.51 176.621 52.7938 123.827 111.186 26.6291
internal_count=29119 3639 1117 2522 2260 481
is_linear=0
shrinkage=0.03


Tree=303
num_leaves=7
num_cat=0
split_feature=14 12 29 3 36 12
split_gain=0.135008 0.132205 0.170148 0.274502 0.231271 0.182241
threshold=0.54871700466447615 2.217526270536363 -6.3393311500549308 -0.27401120585400146 0.99086790154417048 0.08222193731774953
decision_type=2 2 10 2 8 2
left_child=1 2 3 4 -1 -5
right_child=-2 -3 -4 5 -6 -7
leaf_value=-0.0028850321010543772 -0.0017506704337703057 0.0013827704107262416 -9.8105168473177436e-05 -0.0002778887233275797 0.00039281324778819978 0.00096703932666873801
leaf_weight=28.440346360381227 25.879680395126343 60.605094626545906 1643.0953979672195 132.70068114020978 34.850263435568195 447.6856260932982
leaf_count=575 111 262 19950 3854 685 3629
internal_value=7.64924e-05 0.000103978 6.42136e-05 0.000473722 -0.00127279 0.000682511
internal_weight=2373.26 2347.38 2286.77 643.677 63.2906 580.386
internal_count=29066 28955 28693 8743 1260 7483
is_linear=0
shrinkage=0.03


Tree=304
num_leaves=7
num_cat=0
split_feature=23 26 24 47 46 25
split_gain=0.144946 0.147953 0.138736 0.12873 0.145767 0.382781
threshold=0.91331497538274975 -7.4371142387390128 7.5000000000000009 4.5000000000000009 41.500000000000007 0.0078804257311116416
decision_type=2 8 2 8 8 2
left_child=1 -1 3 -3 5 -5
right_child=-2 2 -4 4 -6 -7
leaf_value=0.0019040984296546739 0.0017832864251173411 -0.0012238140233912366 0.00073480872605100533 -0.00026618902202995323 -0.00023666548339888453 0.00138962073783389
leaf_weight=24.571304065058939 29.715218279510736 84.235267446434591 166.97116358985659 339.3817766145803 1535.4281358007574 187.2193067256012
leaf_count=414 318 1117 2176 4270 18625 2106
internal_value=-1.40174e-05 -4.43607e-05 -7.31641e-05 -0.000139138 -8.91354e-05 0.000337417
internal_weight=2367.52 2337.81 2313.24 2146.26 2062.03 526.601
internal_count=29026 28708 28294 26118 25001 6376
is_linear=0
shrinkage=0.03


Tree=305
num_leaves=7
num_cat=0
split_feature=47 29 0 51 34 12
split_gain=0.134068 0.121252 0.110772 0.183792 0.189518 0.202139
threshold=4.5000000000000009 0.71922805905342113 -0.082834659705539646 0.55000000000000016 -8.7693125208218863 0.38888825249164888
decision_type=8 8 2 2 8 2
left_child=1 -1 3 4 5 -2
right_child=2 -3 -4 -5 -6 -7
leaf_value=-0.00019721674198205181 -0.0005566926452063429 -0.0023434149459523788 0.00022104566034476157 0.0013437361054258199 -0.000513744754997982 0.0037270926579465406
leaf_weight=66.252440150245093 14.958713744650597 28.782071658293717 1613.9547906281077 50.578433025861159 578.45035378049943 10.402421481907366
leaf_count=883 703 377 18092 511 8364 91
internal_value=3.97252e-05 -0.00100844 8.78724e-05 -0.000238963 -0.00039127 0.00175751
internal_weight=2363.38 95.0345 2268.34 654.39 603.811 25.3611
internal_count=29021 1260 27761 9669 9158 794
is_linear=0
shrinkage=0.03


Tree=306
num_leaves=7
num_cat=0
split_feature=10 21 27 8 42 0
split_gain=0.131338 0.273297 0.146637 0.140758 0.115415 0.270792
threshold=-0.10849158720022237 1.0000000180025095e-35 0.12245597690343858 0.055641481923860689 2.5000000000000004 0.059941397577958584
decision_type=2 2 10 2 2 2
left_child=1 -1 3 -3 -2 -6
right_child=4 2 -4 -5 5 -7
leaf_value=0.0025434946340931464 -0.00017290438131399376 -0.0023286387530927146 0.00099911945946349473 0.00085071985427828093 0.0017884714600100969 -0.0012707227222746728
leaf_weight=41.89733882364817 2152.8456256942591 27.260029750003014 35.883504200493917 12.552251398796214 69.216046221554279 30.296591633697972
leaf_count=566 26314 464 518 184 703 242
internal_value=-7.27878e-05 0.000864186 -0.000253646 -0.00135668 -0.00012531 0.000826113
internal_weight=2369.95 117.593 75.6958 39.8123 2252.36 99.5126
internal_count=28991 1732 1166 648 27259 945
is_linear=0
shrinkage=0.03


Tree=307
num_leaves=7
num_cat=0
split_feature=0 8 51 22 3 3
split_gain=0.182287 0.327403 0.212251 0.216239 0.205779 0.20129
threshold=1.0000000180025095e-35 0.23195579730641547 0.36666666666666675 0.016580514551003785 -0.11999103846651298 -0.058150843722415461
decision_type=2 2 2 2 2 2
left_child=1 -1 3 -2 -4 -6
right_child=2 -3 4 -5 5 -7
leaf_value=-0.00022854724251344298 -0.00013086473669925635 0.0025299457956070737 0.0022628097336523079 0.00098780277264574629 -0.0013989211541128878 0.0016225333609430966
leaf_weight=1429.0529409295559 562.27798081227229 29.828165214217734 85.184614675585181 204.00677400437417 32.489399705082178 27.234332243911922
leaf_count=19359 5972 344 795 2129 246 197
internal_value=5.24086e-05 -0.000155308 0.000383052 0.000175845 0.00139669 1.39784e-05
internal_weight=2370.07 1458.88 911.193 766.285 144.908 59.7237
internal_count=29042 19703 9339 8101 1238 443
is_linear=0
shrinkage=0.03


Tree=308
num_leaves=7
num_cat=0
split_feature=4 25 7 4 2 40
split_gain=0.112747 0.122619 0.157626 0.270163 0.199518 0.231757
threshold=-0.26395813641143168 -0.68817808138982428 0.018538749469152363 -0.21495683995723311 -0.16454142246658118 2.5000000000000004
decision_type=2 2 2 2 2 2
left_child=-1 -2 -3 -4 5 -5
right_child=1 2 3 4 -6 -7
leaf_value=0.0013769053488918691 0.00092956587149430839 0.00013215248502644717 -0.002092203347271926 -0.00052028037326936282 -1.3223023744238799e-05 -0.0029815353725168672
leaf_weight=39.871436499350239 96.661078865261516 1151.4331856173085 66.433124776056502 185.23778543446679 795.62032151600579 34.243393778218888
leaf_count=680 1369 15829 761 2310 7576 422
internal_value=-3.47783e-05 -6.4721e-05 -0.000111714 -0.000370174 -0.000238166 -0.00101748
internal_weight=2369.5 2329.63 2232.97 1081.53 1015.1 219.481
internal_count=28947 28267 26898 11069 10308 2732
is_linear=0
shrinkage=0.03


Tree=309
num_leaves=7
num_cat=0
split_feature=20 29 33 29 29 22
split_gain=0.165724 0.169664 0.138066 0.112653 0.151685 0.148407
threshold=-0.22897997413206103 0.48707108199596411 1.2880738029877346 -22.289890289306637 -6.3393311500549308 0.016580514551003785
decision_type=2 10 10 8 8 2
left_child=1 2 -1 -2 5 -5
right_child=3 -3 -4 4 -6 -7
leaf_value=-0.0021564897982797866 -0.0017171255954266287 0.00090707441231393582 0.00069798556644432323 0.00017196019569167277 -5.856617805760779e-05 0.001389173962004719
leaf_weight=73.148130005196435 22.65147347463062 22.765436917252373 13.62687961294432 276.92185001636972 1838.7208815233898 126.1747276285314
leaf_count=1258 300 335 197 3738 21538 1679
internal_value=-2.47171e-05 -0.0011134 -0.00168243 3.261e-05 5.78364e-05 0.00057737
internal_weight=2374.01 109.54 86.775 2264.47 2241.82 403.097
internal_count=29045 1790 1455 27255 26955 5417
is_linear=0
shrinkage=0.03


Tree=310
num_leaves=7
num_cat=0
split_feature=0 8 33 10 11 2
split_gain=0.110876 0.0989907 0.23895 0.236438 0.201689 0.254571
threshold=0.51080298209407771 0.031050070870900535 -2.5075402048726874 0.032062122892752835 0.040845797078602634 -0.035460441638604658
decision_type=2 2 8 2 2 2
left_child=1 -1 3 -3 -4 -6
right_child=-2 2 4 -5 5 -7
leaf_value=0.0001691440260760218 0.0017144423572576131 -0.0024095897739846053 -0.00039470104133912647 0.00027849112704139521 0.0011924679666201442 -0.00045317871220793216
leaf_weight=1326.221001212456 24.416204993845895 71.323140801134286 564.37783206626773 43.197870023141149 196.43004862876842 136.21390794118633
leaf_count=17670 258 871 6101 507 1931 1552
internal_value=2.40584e-05 -8.23683e-07 -0.000223141 -0.0014547 -5.16055e-05 0.000525035
internal_weight=2362.18 2337.76 1011.54 114.521 897.022 332.644
internal_count=28890 28632 10962 1378 9584 3483
is_linear=0
shrinkage=0.03


Tree=311
num_leaves=7
num_cat=0
split_feature=28 31 2 27 22 24
split_gain=0.160256 0.257075 0.213037 0.187592 0.262251 0.221766
threshold=0.40712510049343115 1.0347650349140169 -0.21026662239804747 -0.37909398972988123 -0.14633025568717814 1.0000000180025095e-35
decision_type=10 8 2 8 2 2
left_child=1 -1 -2 -3 5 -5
right_child=2 3 -4 4 -6 -7
leaf_value=-0.0011307923269006901 -0.00073947748815502063 0.00080748771705868106 0.0004889739556149064 0.00020963155333025423 5.864640633045102e-06 -0.0025899847095273236
leaf_weight=202.71358642994892 138.43889198388206 203.89800053588988 905.38982289709384 38.134574953466654 805.05151385319186 59.007933029177366
leaf_count=1913 1968 4197 8520 636 10758 953
internal_value=4.49332e-05 -0.000175669 0.000320578 7.93933e-06 -0.000179632 -0.00157397
internal_weight=2352.63 1308.81 1043.83 1106.09 902.194 97.1425
internal_count=28945 18457 10488 16544 12347 1589
is_linear=0
shrinkage=0.03


Tree=312
num_leaves=7
num_cat=0
split_feature=16 2 25 14 27 3
split_gain=0.156916 0.192413 0.169254 0.154383 0.284462 0.13624
threshold=1.0000000180025095e-35 -0.084058579181022372 -0.050724926640652195 0.41698071584284324 0.23923654854297641 -0.16785735431418722
decision_type=2 2 2 2 8 2
left_child=3 5 -3 -1 -5 -2
right_child=1 2 -4 4 -6 -7
leaf_value=0.00015958754568226488 -0.0011415812794843255 0.00022044563829389278 -0.0027142953756254221 -0.0024121233266729057 0.00054370056340196228 0.00042577685238037131
leaf_weight=1990.053677166361 67.717048282560427 23.106975182425231 49.791501937783323 49.563985422253609 51.793488219380379 130.10696245258441
leaf_count=24972 1116 273 668 204 213 1521
internal_value=1.05583e-05 -0.000655664 -0.00186968 9.9507e-05 -0.000988515 -0.000139859
internal_weight=2362.13 270.722 72.8985 2091.41 101.357 197.824
internal_count=28967 3578 941 25389 417 2637
is_linear=0
shrinkage=0.03


Tree=313
num_leaves=7
num_cat=0
split_feature=31 25 3 0 6 2
split_gain=0.137403 0.174367 0.174749 0.171817 0.360741 0.185703
threshold=0.57699209451675426 0.6117465106135872 -0.13812056655055602 -0.30748311598497979 -0.067753865702373767 -0.15345128501971331
decision_type=10 2 2 2 2 2
left_child=1 -1 -3 -2 5 -5
right_child=3 2 -4 4 -6 -7
leaf_value=-0.00047046251234562979 0.0010037199808341246 0.0027176482435693483 -0.00053920091344706656 3.8363204945645055e-05 0.00025943506409526395 -0.0015546935314014985
leaf_weight=693.03279211628251 175.21278351463843 22.442999291582964 22.215522550512105 106.40067064392497 1183.0585271631426 160.83910053198633
leaf_count=6783 3559 257 198 1769 14285 2113
internal_value=-1.08151e-05 -0.000347674 0.00129528 0.000143249 3.31331e-05 -0.000941917
internal_weight=2363.2 737.691 44.6585 1625.51 1450.3 267.24
internal_count=28964 7238 455 21726 18167 3882
is_linear=0
shrinkage=0.03


Tree=314
num_leaves=7
num_cat=0
split_feature=10 10 36 34 23 17
split_gain=0.160125 0.21328 0.208225 0.202211 0.157234 0.146127
threshold=-0.10849158720022237 -0.068081507655543633 -0.67531750651283373 -0.82666482528050733 -0.05827866977183193 1.5000000000000002
decision_type=2 2 10 8 2 2
left_child=3 2 4 -1 -2 -3
right_child=1 5 -4 -5 -6 -7
leaf_value=-0.00034026719376836529 8.5483270715599766e-05 8.991128398697818e-05 -0.00019982574359178449 0.0020065407143825273 -0.0028863665393963726 -0.001001285380997077
leaf_weight=53.594208112219349 20.756114432530012 1941.9347432517388 129.70003123785136 66.778878868324682 52.79232696373947 107.08287403726717
leaf_count=1017 370 22844 1679 752 787 1580
internal_value=-6.64796e-06 -6.55363e-05 -0.000968486 0.00101571 -0.00213783 2.82987e-05
internal_weight=2372.64 2252.27 203.248 120.373 73.5484 2049.02
internal_count=29029 27260 2836 1769 1157 24424
is_linear=0
shrinkage=0.03


Tree=315
num_leaves=7
num_cat=0
split_feature=29 1 31 26 35 34
split_gain=0.138547 0.166283 0.159595 0.195504 0.148242 0.153036
threshold=7.1084141731262216 -0.0055955794140909393 -3.0769131779670711 -2.7759344577789302 -4.0019205439835774 -7.7597284168004981
decision_type=10 2 8 10 8 8
left_child=2 -2 3 -1 -4 -6
right_child=1 -3 4 -5 5 -7
leaf_value=-0.00027510681554424054 0.00038521025729154807 -0.002416851939473798 0.0011286713679896966 0.0025532539164542655 0.0010896828786856676 -0.00011227968386643733
leaf_weight=36.624580884585157 28.797252163989469 35.231322764535435 89.236892274202546 39.148955601267517 89.96337106610008 2059.8552460263309
leaf_count=302 348 357 1427 288 2074 24331
internal_value=2.85586e-06 -0.00127481 4.35277e-05 0.00131349 -5.09924e-06 -5.71688e-05
internal_weight=2378.86 64.0286 2314.83 75.7735 2239.06 2149.82
internal_count=29127 705 28422 590 27832 26405
is_linear=0
shrinkage=0.03


Tree=316
num_leaves=7
num_cat=0
split_feature=10 7 0 2 31 12
split_gain=0.234676 0.221222 0.243334 0.375125 0.26776 0.220326
threshold=0.022299581761361213 0.073212705060667835 1.0000000180025095e-35 0.030898945264477454 3.2041662931442265 0.75151563850214331
decision_type=2 2 2 2 10 2
left_child=1 2 3 -1 -5 -2
right_child=5 -3 -4 4 -6 -7
leaf_value=-0.00049922156743159259 -0.00012937881648832577 -0.00099308818372161717 0.00063817176362741845 0.0033236874474255737 -0.00040856754749919635 0.00078934758711096274
leaf_weight=811.42604018113343 440.11210282729007 279.81029714253964 312.39261064009042 31.728139399783686 26.194102337525692 487.9967790581286
leaf_count=11538 7834 2641 3518 329 367 2940
internal_value=-1.39094e-05 -0.000250236 -6.7488e-05 -0.000325434 0.0018242 0.00035695
internal_weight=2389.66 1461.55 1181.74 869.348 57.9222 928.109
internal_count=29167 18393 15752 12234 696 10774
is_linear=0
shrinkage=0.03


Tree=317
num_leaves=7
num_cat=0
split_feature=14 27 1 1 31 27
split_gain=0.117458 0.113286 0.154273 0.139942 0.151473 0.111891
threshold=0.54871700466447615 2.7543188333511357 0.0019109119514537584 -0.073898937266764345 7.7178410291671762 2.1689987182617192
decision_type=2 10 2 2 10 10
left_child=1 5 3 -3 -5 -1
right_child=-2 2 -4 4 -6 -7
leaf_value=-1.698626155464188e-05 -0.0016887027067638055 0.00012003656032498819 0.00057775695062705018 -0.0031594503002287545 3.5160282573942699e-06 0.0010112668777956342
leaf_weight=2121.7759113160282 28.742949932813644 31.214731851301622 40.966144292149693 38.571457358193584 18.90943735698238 89.707476652751211
leaf_count=26286 123 452 411 425 268 1068
internal_value=-5.03257e-05 -2.31139e-05 -0.000851802 -0.00150372 -0.00227261 2.90887e-05
internal_weight=2369.89 2341.15 129.662 88.6956 57.4809 2211.48
internal_count=29033 28910 1556 1145 693 27354
is_linear=0
shrinkage=0.03


Tree=318
num_leaves=7
num_cat=0
split_feature=34 20 20 20 4 12
split_gain=0.167653 0.172833 0.132676 0.141758 0.183889 0.132777
threshold=-8.06241210301717 -0.13337589789207568 -0.22897997413206103 -0.20397437497519835 -0.11483049734146869 1.8952124124288499
decision_type=8 2 2 2 2 2
left_child=1 -1 -2 4 -4 -5
right_child=2 -3 3 5 -6 -7
leaf_value=-0.0012849081116712885 -0.0010859492198063083 0.0015767319241569056 0.0031335908531213187 -0.00014397229727156272 -0.00046954383748729799 0.0007115222410853879
leaf_weight=15.488048121827886 104.4265787298209 89.962033098592656 18.335894496645778 1959.0294257252244 19.060497436788864 168.13056150823832
leaf_count=423 1619 2006 243 23806 234 747
internal_value=-3.39669e-05 0.00108154 -9.03277e-05 -3.75221e-05 0.00158552 -7.33412e-05
internal_weight=2374.43 105.45 2268.98 2164.56 37.3964 2127.16
internal_count=29078 2429 26649 25030 477 24553
is_linear=0
shrinkage=0.03


Tree=319
num_leaves=7
num_cat=0
split_feature=36 24 47 8 1 8
split_gain=0.139949 0.172723 0.202968 0.220447 0.209335 0.155257
threshold=0.41656062269577809 7.5000000000000009 4.5000000000000009 -0.082836676944423732 -0.05329299508428318 -0.020460043238205838
decision_type=10 2 8 2 2 2
left_child=1 2 4 -4 -1 -5
right_child=-2 -3 3 5 -6 -7
leaf_value=0.00077781369015334498 0.0002264921002680631 0.00094324693514089594 -0.0012931836616784716 0.00055089026035137572 -0.0030141699686300075 -0.000287482443193341
leaf_weight=13.391726913629098 952.56514255679213 93.40756475366652 149.51976138303871 246.52928038797108 36.664723204448819 876.2165953238873
leaf_count=263 10703 1253 3033 3209 491 9974
internal_value=-5.32522e-05 -0.000241745 -0.000331903 -0.000249356 -0.0020391 -0.000100157
internal_weight=2368.29 1415.73 1322.32 1272.27 50.0565 1122.75
internal_count=28926 18223 16970 16216 754 13183
is_linear=0
shrinkage=0.03


Tree=320
num_leaves=7
num_cat=0
split_feature=14 43 7 31 3 28
split_gain=0.127786 0.143984 0.271603 0.0956734 0.193702 0.194631
threshold=0.54871700466447615 1.5000000000000002 0.0023617417915568601 4.4754498004913339 -0.23845454229250873 1.5061076879501345
decision_type=2 2 2 10 2 10
left_child=1 3 -3 -1 5 -5
right_child=-2 2 -4 4 -6 -7
leaf_value=-0.00025134715508318779 -0.0018770398724452426 0.0028125681928707845 -0.00025342486431566909 -0.00026994281044940373 0.00035423312121315656 -0.0030362629833239453
leaf_weight=1422.6059046633309 25.091866374015808 34.541598141659051 58.925857770256698 114.42501245364838 697.7314175463689 19.401241771003697
leaf_count=14904 107 324 427 2736 10239 293
internal_value=-7.98654e-05 -5.27768e-05 0.00104196 -0.000102571 0.000151914 -0.000854208
internal_weight=2372.72 2347.63 93.4675 2254.16 831.558 133.826
internal_count=29030 28923 751 28172 13268 3029
is_linear=0
shrinkage=0.03


Tree=321
num_leaves=7
num_cat=0
split_feature=15 3 22 33 37 33
split_gain=0.27269 0.168288 0.234487 0.392048 0.25667 0.247927
threshold=1.5000000000000002 -0.14713213189756572 -0.14633025568717814 -3.3820373614629102 0.64108576005958129 -1.6207603017489114
decision_type=2 2 2 10 10 10
left_child=1 2 3 -1 5 -5
right_child=-2 -3 -4 4 -6 -7
leaf_value=0.0025167234291783845 -0.00083833937151348015 -0.00010712451952342668 0.00064690238268159516 -0.0024895898556752814 -0.0019839823947440101 0.0011679194685280923
leaf_weight=23.311470048385672 272.99947547938791 1077.9143765120534 824.51025023589318 12.134451575344427 95.534847832634114 58.763927628810052
leaf_count=416 3619 11695 10870 283 1073 1005
internal_value=3.60885e-05 0.000153635 0.0004291 -0.000502334 -0.00104388 0.000311564
internal_weight=2365.17 2092.17 1014.25 189.745 166.433 70.8984
internal_count=28961 25342 13647 2777 2361 1288
is_linear=0
shrinkage=0.03


Tree=322
num_leaves=7
num_cat=0
split_feature=12 9 3 41 30 28
split_gain=0.0911624 0.0985994 0.103599 0.182185 0.179068 0.3193
threshold=2.217526270536363 0.21250452471753359 -0.12074451889168968 1.5000000000000002 4.5657768249511728 1.0291944146156313
decision_type=2 2 2 2 10 10
left_child=1 2 3 4 -1 -6
right_child=-2 -3 -4 -5 5 -7
leaf_value=-3.1324923705428864e-05 0.00098023456181546803 0.0012450281824620249 -0.00027667146310658897 0.0017327179815104306 -0.00092530135242274768 0.0023031170235298919
leaf_weight=1263.0808624726342 82.645949363708496 47.673333239567 824.84137344287592 52.152977622114122 35.728488054010086 68.258741543395445
leaf_count=17499 356 580 9092 473 414 640
internal_value=5.76182e-05 2.02321e-05 -1.11958e-05 0.000143953 7.12e-05 0.00121002
internal_weight=2374.38 2291.74 2244.06 1419.22 1367.07 103.987
internal_count=29054 28698 28118 19026 18553 1054
is_linear=0
shrinkage=0.03


Tree=323
num_leaves=7
num_cat=0
split_feature=14 37 3 31 46 33
split_gain=0.288321 0.205443 0.123502 0.258139 0.18408 0.167863
threshold=0.39233047508114643 3.3631840287825341 -0.23845454229250873 5.5799275338649759 418.50000000000006 0.94481597095727932
decision_type=2 10 2 8 8 10
left_child=2 -2 3 4 -1 -6
right_child=1 -3 -4 -5 5 -7
leaf_value=-0.00074249685283338186 -0.0022435315641726422 -4.6411011190324666e-06 0.00016457379105067066 -0.0014339094342399367 0.0016097424075970776 -0.00086024118067564012
leaf_weight=89.093794882646762 76.073768317699432 64.621522530913353 1916.3127373552707 131.9486565105617 85.023918467457406 26.338496787881013
leaf_count=1181 312 268 22796 3088 1158 305
internal_value=-1.32737e-05 -0.00128375 7.15479e-05 -0.00045389 0.000228681 0.00100282
internal_weight=2389.41 140.695 2248.72 332.405 200.456 111.362
internal_count=29108 580 28528 5732 2644 1463
is_linear=0
shrinkage=0.03


Tree=324
num_leaves=7
num_cat=0
split_feature=35 4 10 9 4 9
split_gain=0.172031 0.407432 0.249444 0.324893 0.296219 0.18567
threshold=-4.0019205439835774 -0.19009356972803074 -0.013297516287747687 -0.031976958790728711 -0.054562053072230117 0.052396254831633293
decision_type=10 2 2 2 2 2
left_child=1 -1 3 -3 5 -4
right_child=-2 2 4 -5 -6 -7
leaf_value=-0.0018196142673019096 -0.00014636450318519052 -0.00066098444001391635 0.00035647899641783401 0.0033318050789867054 0.0017413207536650093 -0.0018542814857512844
leaf_weight=45.114963921485469 2024.4497369206656 21.016467958746944 86.083076238108333 58.97218854574021 79.92515583417844 44.106392845220398
leaf_count=764 24389 378 1166 739 1015 435
internal_value=-4.14603e-05 0.000577965 0.00099903 0.00232585 0.000411202 -0.00047134
internal_weight=2359.67 335.218 290.103 79.9887 210.115 130.189
internal_count=28886 4497 3733 1117 2616 1601
is_linear=0
shrinkage=0.03


Tree=325
num_leaves=7
num_cat=0
split_feature=10 23 27 8 8 3
split_gain=0.118936 0.122756 0.108388 0.192323 0.310855 0.221964
threshold=0.16500299507459723 0.87099810360961794 1.5100193619728091 0.031050070870900535 0.045754104643065181 -0.1221444446280943
decision_type=2 2 10 2 2 2
left_child=1 2 3 5 -5 -1
right_child=-2 -3 -4 4 -6 -7
leaf_value=0.00051980291986607088 -0.0017789481239688877 0.0016120270002059744 0.00046170630665314855 -0.0017252216089079543 -0.00016542413451016126 -0.00033746049144576747
leaf_weight=665.40561872927356 22.782397511589807 33.907324131345376 388.29154864777229 128.33469869304099 698.08764155533572 446.08881666022353
leaf_count=9803 231 369 4573 1406 7627 5069
internal_value=1.57668e-05 4.0524e-05 1.08153e-05 -8.14341e-05 -0.000425375 0.000175806
internal_weight=2382.9 2360.12 2326.21 1937.92 826.422 1111.49
internal_count=29078 28847 28478 23905 9033 14872
is_linear=0
shrinkage=0.03


Tree=326
num_leaves=7
num_cat=0
split_feature=7 30 28 7 9 45
split_gain=0.147686 0.214397 0.20853 0.198035 0.203245 0.1887
threshold=0.017958685558979535 4.5657768249511728 2.8372008800506596 0.0082419353912016203 0.11227022819925254 0.82575757575757591
decision_type=2 10 10 2 2 10
left_child=3 -2 -3 5 -5 -1
right_child=1 2 -4 4 -6 -7
leaf_value=-0.00014086311137536002 -0.00047916606478940599 -1.483212672316771e-05 0.0027915110955742946 0.0015312172186312549 -0.0013490390221809776 0.0014035067144828725
leaf_weight=984.32909107340674 1067.4386763121292 69.844675338361412 26.089444158598781 128.84275129163871 18.214201466704253 66.701937931473367
leaf_count=13776 11334 587 183 1564 203 1298
internal_value=-0.000115789 -0.000355141 0.000939828 0.000117644 0.00111129 -3.05482e-05
internal_weight=2361.46 1163.37 95.9341 1198.09 147.057 1051.03
internal_count=28945 12104 770 16841 1767 15074
is_linear=0
shrinkage=0.03


Tree=327
num_leaves=7
num_cat=0
split_feature=7 36 46 45 46 2
split_gain=0.095031 0.187654 0.18789 0.133743 0.373682 0.252118
threshold=-0.099986507532864879 2.1152116817535549 66.500000000000014 0.19090909090909094 28.500000000000004 -0.10041980849009892
decision_type=2 8 8 10 8 2
left_child=1 2 -1 4 -2 -5
right_child=3 -3 -4 5 -6 -7
leaf_value=0.0014023013676223561 0.0015094248700784055 -0.0025507079129717734 -0.00077022480441774782 -0.0007034714606038734 9.8660793663894703e-05 0.00036470630935060385
leaf_weight=41.593882572546136 186.07180809846614 25.466131436405703 107.52095838854439 405.93440835335059 1235.7026848160313 372.25632255358505
leaf_count=904 1747 438 2305 5476 13838 4331
internal_value=6.58573e-05 -0.000588528 -0.000114178 0.000120215 0.000292544 -0.000194352
internal_weight=2374.55 174.581 149.115 2199.97 1421.77 778.191
internal_count=29039 3647 3209 25392 15585 9807
is_linear=0
shrinkage=0.03


Tree=328
num_leaves=7
num_cat=0
split_feature=5 13 8 12 33 20
split_gain=0.142286 0.121093 0.145103 0.136662 0.127131 0.109131
threshold=-0.17569571520095903 2.3502401828962087 0.015616859328444975 0.89214219319236066 1.1538988600174587 -0.11499155708706181
decision_type=2 2 2 2 8 2
left_child=1 2 4 -3 -1 -2
right_child=5 3 -4 -5 -6 -7
leaf_value=-0.0014427885786041856 -0.00040176143109599825 -0.00091712925943029228 -0.0033056283623412292 0.0016352101988140553 0.0011951326961733258 0.00016887014313722679
leaf_weight=36.467879323521629 349.12232001946541 37.070467450655997 20.548350120894611 21.582971751689911 16.405386946513318 1881.5466669411107
leaf_count=540 4853 943 172 150 195 22100
internal_value=1.98726e-05 -0.000900874 -0.00163587 0.000123447 -0.000564395 7.81661e-05
internal_weight=2362.74 132.075 73.4216 58.6534 52.8733 2230.67
internal_count=28953 2000 907 1093 735 26953
is_linear=0
shrinkage=0.03


Tree=329
num_leaves=7
num_cat=0
split_feature=18 24 28 6 28 13
split_gain=0.132196 0.275083 0.217022 0.153986 0.130807 0.172982
threshold=1.0000000180025095e-35 1.5000000000000002 0.38621298968791967 0.46566345646028368 -0.30187015235424036 1.7005986908310777
decision_type=2 2 10 2 10 2
left_child=3 2 -2 4 5 -1
right_child=1 -3 -4 -5 -6 -7
leaf_value=-0.0020338893902038324 -0.0033095695085465838 0.0001836404921341046 -2.4262816367879533e-05 0.0015591880893843675 -0.00013962866768874117 0.00042138724579314751
leaf_weight=16.916162498062477 39.63528499181848 114.59008971555158 28.714017142308876 51.675305048353039 1358.5294043870526 770.45797589849099
leaf_count=140 430 1046 240 511 14671 12058
internal_value=1.54264e-05 -0.000737698 -0.00210864 8.11785e-05 3.85196e-05 0.000343792
internal_weight=2380.52 182.939 68.3493 2197.58 2145.9 787.374
internal_count=29096 1716 670 27380 26869 12198
is_linear=0
shrinkage=0.03


Tree=330
num_leaves=7
num_cat=0
split_feature=5 51 26 26 34 11
split_gain=0.130744 0.276746 0.247985 0.1685 0.160407 0.152514
threshold=0.040109670895406728 0.45000000000000007 2.5607888698577885 1.6240779757499697 -1.5402464071909583 0.0025538786546224503
decision_type=2 2 8 10 10 2
left_child=5 2 3 4 -2 -1
right_child=1 -3 -4 -5 -6 -7
leaf_value=7.6733105243348228e-05 0.0013207063121034477 0.0026292536135492273 -0.0015980399666739584 0.002743907763532772 -0.00067826934768358755 -0.0004340649351092239
leaf_weight=1210.9723392839078 54.281342836620752 38.06898713321425 47.955696175282355 19.524351655505598 73.022072669700719 916.81758126751811
leaf_count=14890 742 297 502 189 671 11571
internal_value=-6.97037e-05 0.000590349 8.29268e-05 0.00069884 0.000208192 -0.000144359
internal_weight=2360.64 232.852 194.783 146.828 127.303 2127.79
internal_count=28862 2401 2104 1602 1413 26461
is_linear=0
shrinkage=0.03


Tree=331
num_leaves=7
num_cat=0
split_feature=46 27 14 20 2 33
split_gain=0.114605 0.143308 0.414263 0.232567 0.200004 0.25202
threshold=66.500000000000014 0.94627901911735546 0.11973436911002584 0.070930766860682795 -0.12756990807523247 -0.06840100387732187
decision_type=10 10 2 2 2 10
left_child=1 -1 3 -3 5 -4
right_child=-2 2 4 -5 -6 -7
leaf_value=2.6812795613507459e-05 -0.0003237855889063816 -0.0009845779501892935 -0.0013369600408329699 0.0014780281878975328 0.0018578286769256769 0.0013524587872463941
leaf_weight=1378.0789766135131 498.03581141895847 151.42552821876598 44.346174992620945 34.476877195877023 190.92753531038761 64.539300926029682
leaf_count=17354 5856 3161 285 700 1136 410
internal_value=7.62986e-05 0.000184365 0.000621816 -0.000475737 0.00129575 0.000236805
internal_weight=2361.83 1863.79 485.715 185.902 299.813 108.885
internal_count=28902 23046 5692 3861 1831 695
is_linear=0
shrinkage=0.03


Tree=332
num_leaves=7
num_cat=0
split_feature=17 8 2 2 8 10
split_gain=0.135274 0.173139 0.169807 0.188663 0.15309 0.133536
threshold=1.5000000000000002 -0.043122813827331533 -0.10129412141597506 -0.084058579181022372 0.272820817612972 -0.066940050633441314
decision_type=2 2 2 2 2 2
left_child=4 -2 -3 -4 5 -1
right_child=1 2 3 -5 -6 -7
leaf_value=-0.00053491284671225968 0.00097139682793076347 -0.0025939446289165559 0.0018069263282208493 -0.0013596070751829871 0.0018989880542252605 0.00012622692481388322
leaf_weight=310.85122136090649 26.967173282813746 47.068395397567656 17.305232014507055 34.790769537910819 30.245333919301629 1913.065191399277
leaf_count=4320 537 661 209 505 329 22442
internal_value=9.98154e-06 -0.000908546 -0.00146194 -0.000186152 6.51634e-05 3.18343e-05
internal_weight=2380.29 126.132 99.1644 52.096 2254.16 2223.92
internal_count=29003 1912 1375 714 27091 26762
is_linear=0
shrinkage=0.03


Tree=333
num_leaves=7
num_cat=0
split_feature=46 51 31 28 22 30
split_gain=0.1214 0.376882 0.274846 0.166426 0.263341 0.257591
threshold=15.500000000000002 0.22500000000000003 1.816660672426224 1.9769558906555178 -0.0024874698261204966 2.2075163125991826
decision_type=8 2 10 8 2 10
left_child=1 -1 -3 -2 5 -5
right_child=3 2 -4 4 -6 -7
leaf_value=-0.00041611257105024068 -0.00020461387205040595 0.00029908781203145181 0.0032428518385140635 -0.0014788404951193478 0.00077158129672989404 0.00094430409891324313
leaf_weight=133.14935110730585 1549.4339792375977 56.228328350465745 53.090343754272908 101.57466643466614 422.20458931010216 52.716662632068619
leaf_count=1935 20183 455 603 1177 4258 454
internal_value=3.08847e-05 0.000652892 0.00188068 -4.27815e-05 0.000388244 -0.000643841
internal_weight=2368.4 242.468 109.319 2125.93 576.496 154.291
internal_count=29065 2993 1058 26072 5889 1631
is_linear=0
shrinkage=0.03


Tree=334
num_leaves=7
num_cat=0
split_feature=35 47 13 36 35 31
split_gain=0.133168 0.218067 0.196844 0.263807 0.234654 0.217373
threshold=1.2887895518086026 4.5000000000000009 2.249904835165133 -0.36866372978594486 2.7918702757192988 1.3140016794204714
decision_type=10 8 2 10 10 10
left_child=1 -1 3 -2 -5 -4
right_child=2 -3 5 4 -6 -7
leaf_value=-0.0013259854590094099 0.0013400310628348391 0.00031422038820674771 0.0015121438869600274 -0.0019570788245993434 -0.00016604515062155917 -0.00016075839565581922
leaf_weight=66.713186715031043 35.565314488601871 1571.4399226459936 76.652284358395264 139.55917412391864 121.20639148377813 354.23194842314115
leaf_count=919 339 19778 652 1351 1142 4814
internal_value=9.0197e-05 0.000239784 -0.000245449 -0.000827296 -0.00116147 0.000164391
internal_weight=2365.37 1638.15 727.215 296.331 260.766 430.884
internal_count=28995 20697 8298 2832 2493 5466
is_linear=0
shrinkage=0.03


Tree=335
num_leaves=7
num_cat=0
split_feature=12 25 29 31 20 37
split_gain=0.161618 0.1275 0.13084 0.237252 0.17928 0.170207
threshold=2.217526270536363 -0.14371426120886729 -5.2713592052459708 2.6005110144615178 -0.22108477916783234 -2.6517848856392359
decision_type=2 2 10 8 2 10
left_child=1 -1 3 -3 -5 -4
right_child=-2 2 5 4 -6 -7
leaf_value=0.00035230025860892789 0.0012924832935965545 0.0024712442689754236 0.00056316894918475538 -0.0016186228203921298 0.00022040770417109334 -0.00049020561337183711
leaf_weight=624.31233061722014 79.001841828227043 29.136677999049425 152.9178455080837 42.51325066856225 512.43824927994865 940.6769065533008
leaf_count=8101 340 252 2823 740 6808 10029
internal_value=3.80977e-05 -1.03555e-05 -0.000146598 0.000213548 5.33679e-05 -0.000339143
internal_weight=2381 2302 1677.68 584.088 554.951 1093.59
internal_count=29093 28753 20652 7800 7548 12852
is_linear=0
shrinkage=0.03


Tree=336
num_leaves=7
num_cat=0
split_feature=47 33 1 29 37 10
split_gain=0.140072 0.251238 0.175747 0.146591 0.143801 0.12473
threshold=4.5000000000000009 -0.60244818528493238 -0.0047459684712888332 -22.289890289306637 3.1336227143922497 -0.13712252329736316
decision_type=8 10 2 8 10 2
left_child=1 2 -1 -2 -3 -5
right_child=3 4 -4 5 -6 -7
leaf_value=-9.0930604498113999e-05 -0.0019245705390290976 -0.00067409461444133914 -0.003665415814376803 0.0015630644707630072 0.0020972609239644133 8.9492898414598334e-05
leaf_weight=19.655370717518963 21.891062514623627 36.313566941185854 26.01976336131338 43.003362524177646 16.934439252130687 2212.2667543943098
leaf_count=337 291 490 314 668 146 26790
internal_value=4.64749e-05 -0.00100488 -0.00241982 9.63413e-05 0.00039952 0.000124367
internal_weight=2376.08 98.9231 45.6751 2277.16 53.248 2255.27
internal_count=29036 1287 651 27749 636 27458
is_linear=0
shrinkage=0.03


Tree=337
num_leaves=7
num_cat=0
split_feature=25 28 11 46 10 34
split_gain=0.142651 0.160141 0.156846 0.203167 0.153103 0.14468
threshold=-0.0080961325236624786 0.1514529958367348 0.02973273943648877 81.500000000000014 -0.014628570490896635 -2.2217697302500405
decision_type=2 10 2 8 2 8
left_child=1 5 -3 4 -4 -1
right_child=-2 2 3 -5 -6 -7
leaf_value=-0.00074767027402178755 -0.00019559374801609834 0.00023541911271401654 0.00041915368856005019 0.00036009214983935778 0.0033245259433850823 0.00036038517104672199
leaf_weight=187.69762307990459 1483.0654796844465 318.34619221874163 27.413961098296568 94.806289721629582 46.935439203632995 219.68559468688909
leaf_count=3351 18206 3313 276 908 436 2566
internal_value=-1.55226e-05 0.000281767 0.000643223 0.00135472 0.00242996 -0.000155822
internal_weight=2377.95 894.885 487.502 169.156 74.3494 407.383
internal_count=29056 10850 4933 1620 712 5917
is_linear=0
shrinkage=0.03


Tree=338
num_leaves=7
num_cat=0
split_feature=11 33 26 30 3 20
split_gain=0.214022 0.201198 0.266755 0.130831 0.133212 0.122336
threshold=0.11541475028367247 0.094721203049023969 -1.4902939796447752 6.4585123062133798 -0.1621718717164152 0.0389918033855901
decision_type=2 8 10 10 2 2
left_child=3 2 -2 5 -5 -1
right_child=1 -3 -4 4 -6 -7
leaf_value=-0.0001478661742769195 0.0016887858364364916 0.0023636115011615058 -0.0018932191428847121 0.00030737603106111765 -0.0022642424385498497 0.00038114377414343107
leaf_weight=1688.9324307442002 27.982184705440886 54.966977487725671 26.899381231982261 25.888232932891697 37.412717392668128 502.03632872813614
leaf_count=20920 308 587 285 266 321 6238
internal_value=-1.91062e-06 0.00123357 -8.80811e-05 -6.72967e-05 -0.00131407 -2.54684e-05
internal_weight=2364.12 109.849 54.8816 2254.27 63.301 2190.97
internal_count=28925 1180 593 27745 587 27158
is_linear=0
shrinkage=0.03


Tree=339
num_leaves=7
num_cat=0
split_feature=24 6 9 33 20 2
split_gain=0.118268 0.13223 0.184156 0.142561 0.131839 0.0972232
threshold=7.5000000000000009 0.088573461965568492 0.02848717256303545 0.18371013800303146 -0.01249043064831115 -0.15768710196335237
decision_type=2 2 2 10 2 2
left_child=5 3 -3 4 -2 -1
right_child=1 2 -4 -5 -6 -7
leaf_value=-0.00045443282632646776 -0.00026628176789776907 -0.0014534105187385723 0.0012738454096013169 1.0423842359129359e-05 0.0029081034426186188 -1.2735301580411295e-05
leaf_weight=617.71899093087995 13.224572589213492 41.750705456594005 29.482213903451338 44.540545794647187 41.478084982547443 1573.0028520857886
leaf_count=9514 224 528 283 576 600 17184
internal_value=-7.85464e-05 0.000660293 -0.000306782 0.00131896 0.00221814 -0.00013878
internal_weight=2361.2 170.476 71.2329 99.2432 54.7027 2190.72
internal_count=28909 2211 811 1400 824 26698
is_linear=0
shrinkage=0.03


Tree=340
num_leaves=7
num_cat=0
split_feature=12 15 24 28 29 44
split_gain=0.12006 0.119885 0.231596 0.126389 0.159033 0.18729
threshold=-1.3299716597933675 1.5000000000000002 2.5000000000000004 -2.9223004579544063 0.84706589579582225 4.5000000000000009
decision_type=2 2 2 8 10 8
left_child=-1 3 -3 4 5 -2
right_child=1 2 -4 -5 -6 -7
leaf_value=-0.0016779540283952496 0.0029669214111880341 -0.0013345128259242196 0.00039003056245148445 3.8389596828943141e-05 -0.00033946735118009849 0.00019283917828006325
leaf_weight=27.920605975872604 39.449541263282299 145.07290753442794 121.35117229167372 1934.8175097615458 49.436056759208441 41.994949460029602
leaf_count=3544 555 1787 1401 20200 710 667
internal_value=-3.42657e-06 2.36998e-05 -0.000563322 0.00010176 0.000969353 0.00171404
internal_weight=2360.04 2332.12 266.424 2065.7 130.881 81.4445
internal_count=28864 25320 3188 22132 1932 1222
is_linear=0
shrinkage=0.03


Tree=341
num_leaves=7
num_cat=0
split_feature=31 33 24 12 33 3
split_gain=0.121257 0.214323 0.154902 0.169313 0.148416 0.176486
threshold=-2.6779907420277591 -0.58578081925710024 7.5000000000000009 1.2890240631224419 0.51296412510176503 -0.22822997418419208
decision_type=8 10 2 2 10 2
left_child=1 -1 -2 4 5 -4
right_child=2 -3 3 -5 -6 -7
leaf_value=-9.8528200955651509e-05 -0.00014465400509265462 0.0023205910831654514 -0.00065855249103230896 -0.0010636483638949306 -5.3093553081793832e-05 0.0025295440723335418
leaf_weight=83.003785210894421 2082.4479512784019 43.842347491998225 15.087484766903797 28.211469411849976 51.748569436662365 67.887330479978118
leaf_count=686 25931 355 316 149 695 967
internal_value=-2.11241e-05 0.000846079 -7.36482e-05 0.000789754 0.00122454 0.00194136
internal_weight=2372.23 126.846 2245.38 162.935 134.723 82.9748
internal_count=29099 1041 28058 2127 1978 1283
is_linear=0
shrinkage=0.03


Tree=342
num_leaves=7
num_cat=0
split_feature=9 2 24 3 9 34
split_gain=0.125191 0.128017 0.274348 0.170929 0.10582 0.106548
threshold=0.20402260214649418 -0.33051155121998682 3.5000000000000004 -0.34071975605380717 0.18901710477833589 -8.06241210301717
decision_type=2 2 2 2 2 8
left_child=1 2 3 -1 5 -3
right_child=-2 4 -4 -5 -6 -7
leaf_value=0.00066065585384408334 0.0012625921919972012 0.0009480492009677217 0.00067436283633980738 -0.003271494523776894 -0.0018115084180045926 -3.2538549836429126e-05
leaf_weight=8.9121186256234051 56.725274132099003 94.690813862864161 37.429898775066249 36.066989321814617 18.955605075869244 2094.5573185163666
leaf_count=261 675 1974 944 987 212 23873
internal_value=-1.85218e-05 -5.55978e-05 -0.00114955 -0.00251393 -9.77391e-06 1.39924e-05
internal_weight=2347.34 2290.61 82.409 44.9791 2208.2 2189.25
internal_count=28926 28251 2192 1248 26059 25847
is_linear=0
shrinkage=0.03


Tree=343
num_leaves=7
num_cat=0
split_feature=1 2 1 14 27 13
split_gain=0.100366 0.244142 0.224192 0.2842 0.279269 0.269787
threshold=0.013716658669713272 0.11575103954537215 0.046064816122687695 0.070392197216880295 1.0339779853820803 2.3502401828962087
decision_type=2 2 2 2 8 2
left_child=1 -1 3 -2 5 -4
right_child=2 -3 4 -5 -6 -7
leaf_value=-0.00020324854797572957 -0.0013554967230270487 0.0023659895525703608 -0.0012966139741503156 0.0013625904510830495 0.0010160882298768359 0.0004409685030571455
leaf_weight=1652.6303868668037 32.528077421447961 24.003739114268683 189.77851274679415 218.38718992471695 125.23391726089176 127.93568661512109
leaf_count=22124 896 283 1635 1539 1149 1402
internal_value=-2.71892e-05 -0.000152656 0.000273847 0.000971777 -0.000134233 -0.000604827
internal_weight=2370.5 1676.63 693.863 250.915 442.948 317.714
internal_count=29028 22407 6621 2435 4186 3037
is_linear=0
shrinkage=0.03


Tree=344
num_leaves=7
num_cat=0
split_feature=14 37 28 27 26 40
split_gain=0.117338 0.217995 0.122017 0.216669 0.118697 0.151361
threshold=0.41698071584284324 3.3631840287825341 3.936851024627686 1.5100193619728091 1.5959402322769167 3.5000000000000004
decision_type=2 10 10 10 10 2
left_child=2 -2 4 -4 5 -1
right_child=1 -3 3 -5 -6 -7
leaf_value=-0.00018109136797023006 -0.0019802720802638988 0.00051685380475923858 0.0021079820611960912 -0.00099193899881230797 0.00040492534434322043 0.0010170811827141578
leaf_weight=1564.1408671297395 60.883442148566246 50.561495542526245 53.001109726494178 22.790585136739537 522.99145768972812 91.07047189574223
leaf_count=20623 249 209 473 213 6128 1108
internal_value=1.04264e-05 -0.000898078 5.91142e-05 0.00116887 1.53346e-05 -0.000109455
internal_weight=2365.44 111.445 2253.99 75.7917 2178.2 1655.21
internal_count=29003 458 28545 686 27859 21731
is_linear=0
shrinkage=0.03


Tree=345
num_leaves=7
num_cat=0
split_feature=9 46 36 14 10 10
split_gain=0.119624 0.145723 0.118529 0.32805 0.242334 0.218745
threshold=0.20402260214649418 49.500000000000007 -1.0353813748779577 0.25872293159897336 -0.068081507655543633 -0.013297516287747687
decision_type=2 10 10 2 2 2
left_child=2 -2 3 4 -1 -6
right_child=1 -3 -4 -5 5 -7
leaf_value=-0.0014785162646153893 3.4496706497537898e-05 0.0028659624470258349 8.9379454898420404e-05 -0.0017568281621719319 0.0011512539730285769 -0.00021206588962447922
leaf_weight=82.760051604389446 39.160383762384299 18.403596692951396 1629.3131939959712 116.96275180578232 140.00177491514478 352.67386174708372
leaf_count=1453 485 198 19124 530 2235 5104
internal_value=-1.45647e-05 0.00122994 -5.05631e-05 -0.000376452 -7.06617e-05 0.000190539
internal_weight=2379.28 57.564 2321.71 692.398 575.436 492.676
internal_count=29129 683 28446 9322 8792 7339
is_linear=0
shrinkage=0.03


Tree=346
num_leaves=7
num_cat=0
split_feature=29 3 29 33 1 9
split_gain=0.131848 0.251425 0.22999 0.338282 0.226625 0.198995
threshold=-6.3393311500549308 -0.28090621785943798 -10.023824214935301 -1.1844320495923359 0.02455429619338809 -0.043244038953144943
decision_type=8 2 10 10 2 2
left_child=1 -1 -3 -4 5 -5
right_child=-2 2 3 4 -6 -7
leaf_value=-0.0015083937098786711 -0.00011154690884108051 -9.0265791829879948e-05 0.0032200301396403098 0.0020504915504295259 0.0021867827149610287 -0.00067551670710948796
leaf_weight=43.232134896126809 1930.1862839556852 186.59911797838868 52.398676294484176 20.53857966925716 45.395213699666783 104.66421291965526
leaf_count=827 23056 2352 766 349 435 1369
internal_value=-3.02487e-06 0.000451968 0.000689898 0.00131858 0.000588593 -0.00010975
internal_weight=2383.01 452.828 409.596 222.997 170.598 125.203
internal_count=29154 6098 5271 2919 2153 1718
is_linear=0
shrinkage=0.03


Tree=347
num_leaves=7
num_cat=0
split_feature=14 12 28 26 29 12
split_gain=0.118501 0.246562 0.232714 0.211279 0.180471 0.237313
threshold=0.29499267845158655 1.5211808536821372 1.5654451847076418 -0.21780242025852201 -5.9599242210388175 0.08222193731774953
decision_type=2 2 8 10 10 2
left_child=4 -2 -3 -4 5 -1
right_child=1 2 3 -5 -6 -7
leaf_value=-0.00049735147806563291 -0.0018062442402050913 0.00075395621708631666 0.00031162649295506112 -0.0021974742896663808 -0.00013898232404299456 0.00081348497531022522
leaf_weight=161.3045650657441 90.117007568478584 138.0700865983963 52.976813673973083 54.129161715507507 1406.183918159164 460.32480498217046
leaf_count=4999 403 597 226 233 18587 4026
internal_value=-3.78893e-05 -0.000551689 -3.78506e-05 -0.00103579 4.93564e-05 0.000470851
internal_weight=2363.11 335.293 245.176 107.106 2027.81 621.629
internal_count=29071 1459 1056 459 27612 9025
is_linear=0
shrinkage=0.03


Tree=348
num_leaves=7
num_cat=0
split_feature=10 4 4 7 28 12
split_gain=0.127867 0.0929885 0.158502 0.235841 0.22042 0.192414
threshold=0.16500299507459723 -0.26395813641143168 -0.21495683995723311 1.0000000180025095e-35 1.9423517584800722 0.94035492899265571
decision_type=2 2 2 2 10 2
left_child=1 -1 3 5 -5 -3
right_child=-2 2 -4 4 -6 -7
leaf_value=0.0013541263571508037 -0.0018150994309786329 -0.00067350140611267698 9.6861127468872392e-05 -0.0024335966591561807 0.00092713048677619527 0.0022372052643256893
leaf_weight=38.582879996392876 23.36762847477803 46.604363958060276 2152.7812029831402 73.902851384016685 16.502898790873587 22.485534910112619
leaf_count=655 233 1067 25873 946 141 141
internal_value=2.92132e-05 5.51564e-05 2.77439e-05 -0.000855835 -0.00178888 0.000436891
internal_weight=2374.23 2350.86 2312.28 159.496 90.4058 69.0899
internal_count=29056 28823 28168 2295 1087 1208
is_linear=0
shrinkage=0.03


Tree=349
num_leaves=7
num_cat=0
split_feature=36 36 31 28 39 0
split_gain=0.106298 0.141995 0.187694 0.11059 0.192808 0.220876
threshold=3.451496905180472 2.7850493320815821 5.8388801664114007 2.7748541831970219 4.5000000000000009 0.13921158150790605
decision_type=10 10 10 10 2 2
left_child=1 3 -3 -1 -5 -6
right_child=-2 2 -4 4 5 -7
leaf_value=-8.2227442141548373e-05 0.0012272263756750446 -0.0024441580515441918 0.00048952276662503802 0.0016859174164959073 -0.00074830353303593274 0.0016273732967501862
leaf_weight=2023.3134948433144 49.823124388756696 39.226997017860413 27.912253227550536 81.118568941019475 110.78431397257373 39.733041940722615
leaf_count=25806 515 331 397 630 1041 335
internal_value=-2.15659e-05 -5.35076e-05 -0.00131917 -1.01657e-05 0.000596638 -5.88666e-05
internal_weight=2371.91 2322.09 67.1393 2254.95 231.636 150.517
internal_count=29055 28540 728 27812 2006 1376
is_linear=0
shrinkage=0.03


Tree=350
num_leaves=7
num_cat=0
split_feature=2 47 44 11 29 31
split_gain=0.166926 0.397211 0.254857 0.249108 0.16761 0.209194
threshold=-0.030951818371168029 7.5000000000000009 3.5000000000000004 -1.0000000180025095e-35 -2.5728654861450191 -2.6779907420277591
decision_type=2 10 10 2 8 8
left_child=-1 3 -3 -2 -5 -6
right_child=1 2 -4 4 5 -7
leaf_value=0.00015574419683428957 0.00083352473945294927 -0.00040234716188003558 0.0024737598544114889 -0.00046969552119370246 0.0007960993925130611 -0.0023353295177786478
leaf_weight=1927.6823951078259 50.874024156597443 48.503328183898702 48.022581308730878 129.71483852478559 17.11709573213011 136.98803559088265
leaf_count=23801 616 460 615 1654 153 1668
internal_value=3.59732e-05 -0.000490834 0.00112644 -0.000976405 -0.00131816 -0.00196019
internal_weight=2358.9 431.22 96.5259 334.694 283.82 154.105
internal_count=28967 5166 1075 4091 3475 1821
is_linear=0
shrinkage=0.03


Tree=351
num_leaves=7
num_cat=0
split_feature=14 27 8 9 0 28
split_gain=0.218891 0.327772 0.227889 0.127762 0.112945 0.242369
threshold=0.3574918387231264 -2.2450000097319099e-14 0.02650286464424256 0.20402260214649418 0.13324839327893698 1.5940046310424807
decision_type=2 10 2 2 2 10
left_child=3 -2 -3 4 -1 -6
right_child=1 2 -4 -5 5 -7
leaf_value=-0.00015423860791205138 -0.0026629431732515061 0.0010805160184188907 -0.001256667210991389 0.0013003120784013977 -9.7898929546595177e-05 0.0014356244312003028
leaf_weight=1723.3830433925614 62.04562896490097 63.017275243997574 67.418390363454819 55.259709598612972 287.74993754565367 126.07718091085553
leaf_count=23214 259 263 281 664 3311 1117
internal_value=-9.45892e-05 -0.00103835 -0.00013097 -7.39637e-06 -4.71068e-05 0.000392156
internal_weight=2384.95 192.481 130.436 2192.47 2137.21 413.827
internal_count=29109 803 544 28306 27642 4428
is_linear=0
shrinkage=0.03


Tree=352
num_leaves=7
num_cat=0
split_feature=0 23 4 27 10 46
split_gain=0.102676 0.0992331 0.0931169 0.0939249 0.0937072 0.318266
threshold=0.5637599454446881 0.87099810360961794 -0.26395813641143168 0.5955900549888612 0.020192893228201465 26.500000000000004
decision_type=2 2 2 8 2 8
left_child=1 2 3 -1 -4 -6
right_child=-2 -3 4 -5 5 -7
leaf_value=-0.00013681033483086495 0.0018346822902865715 0.001302393434356554 -0.00025891034656707397 0.0025148183954428064 0.0012882166990964912 -0.00013161643596136871
leaf_weight=21.388977303402498 16.41244312148774 38.131398050871212 1353.9160070867511 14.874147089023607 164.22767331084469 762.74346177089319
leaf_count=393 170 401 16995 255 1928 8876
internal_value=-2.56081e-05 -4.62732e-05 -7.39682e-05 0.00125931 -0.00010057 0.000130994
internal_weight=2371.69 2355.28 2317.15 36.2631 2280.89 926.971
internal_count=29018 28848 28447 648 27799 10804
is_linear=0
shrinkage=0.03


Tree=353
num_leaves=7
num_cat=0
split_feature=8 2 47 22 2 7
split_gain=0.179568 0.141132 0.177516 0.177358 0.174373 0.236131
threshold=0.272820817612972 -0.025319950630632453 7.5000000000000009 -0.027417314992881411 0.019216221318175523 0.083241582879136286
decision_type=2 2 10 2 2 2
left_child=1 -1 4 -4 5 -3
right_child=-2 2 3 -5 -6 -7
leaf_value=2.0655200109191675e-06 0.0018529651343534225 -0.0022538931246948186 0.0021037111674655166 -0.00046237618847697829 -0.00024563193139172406 0.00076152274164319341
leaf_weight=1961.3408341410104 33.121152613777667 112.94354733530781 28.75598215253558 57.479420006275177 151.63917481771205 23.624878584116232
leaf_count=24129 349 1624 340 626 1695 260
internal_value=-6.59526e-05 -0.000100946 -0.00062654 0.000522994 -0.000976498 -0.00171589
internal_weight=2368.9 2335.78 374.443 86.2354 288.208 136.568
internal_count=29023 28674 4545 966 3579 1884
is_linear=0
shrinkage=0.03


Tree=354
num_leaves=7
num_cat=0
split_feature=30 30 3 2 45 46
split_gain=0.160822 0.145781 0.192542 0.161419 0.160203 0.299808
threshold=6.1860914230346689 4.5657768249511728 -0.10446029604938235 -0.13399824061862514 0.23611111111111113 55.500000000000007
decision_type=10 10 2 2 8 10
left_child=1 4 3 -3 5 -1
right_child=-2 2 -4 -5 -6 -7
leaf_value=0.00098222397583551651 -0.0012428785670100487 -2.0040342978565204e-05 -0.00061864693174860182 0.0027291326448930409 -0.00013075428346629708 -0.00044984954461441807
leaf_weight=346.55781886327895 76.387462303740904 28.141619169618934 36.249489570502192 49.67434827843681 1631.4305776053225 201.04178025235888
leaf_count=3493 712 276 300 449 21683 2096
internal_value=2.80616e-05 7.56118e-05 0.00107591 0.00184585 1.85738e-05 0.000457824
internal_weight=2369.48 2293.1 114.065 77.816 2179.03 547.6
internal_count=29009 28297 1025 725 27272 5589
is_linear=0
shrinkage=0.03


Tree=355
num_leaves=7
num_cat=0
split_feature=4 4 26 47 27 39
split_gain=0.127055 0.162183 0.193987 0.223754 0.294748 0.288701
threshold=-0.26395813641143168 -0.21495683995723311 -1.3002029657363889 5.5000000000000009 0.24887426197528842 3.5000000000000004
decision_type=2 2 8 8 10 2
left_child=-1 -2 -3 5 -5 -4
right_child=1 2 3 4 -6 -7
leaf_value=0.0015050598749320667 -0.00093114816180146006 -0.0003857047355236176 -0.0023658436979918864 0.00077215675883976693 -0.0001126296861273544 7.555323293801332e-05
leaf_weight=40.060495197889395 154.38319122922258 648.38042777695227 54.422585365886334 725.09560430335114 624.47957271838095 133.00469459616579
leaf_count=676 2207 8334 641 8592 7032 1603
internal_value=9.57266e-06 -2.23286e-05 4.58226e-05 0.000229178 0.000364929 -0.000717273
internal_weight=2379.83 2339.77 2185.38 1537 1349.58 187.427
internal_count=29085 28409 26202 17868 15624 2244
is_linear=0
shrinkage=0.03


Tree=356
num_leaves=7
num_cat=0
split_feature=25 0 1 3 46 14
split_gain=0.139537 0.200706 0.208881 0.196487 0.208164 0.198871
threshold=-0.16291419865406295 -0.10578613248612527 0.10814563802575541 -0.1221444446280943 86.500000000000014 0.21015457828167985
decision_type=2 2 2 2 8 2
left_child=1 -1 3 5 -5 -3
right_child=-2 2 -4 4 -6 -7
leaf_value=-0.00013072499711358078 -0.00015677025290739149 0.0010912966068583089 -0.00045306789119532259 0.0015943594772164272 -0.0011757469744631715 0.0036408667655777574
leaf_weight=334.27558514874545 1737.9629716707859 93.174912490416318 67.822811766294762 36.74094265839085 41.249414279591292 39.858635172247887
leaf_count=5022 21055 1194 635 332 399 192
internal_value=-1.94421e-05 0.000366099 0.000945587 0.00139527 0.000162126 0.00205632
internal_weight=2351.09 613.122 278.847 211.024 77.9904 133.034
internal_count=28829 7774 2752 2117 731 1386
is_linear=0
shrinkage=0.03


Tree=357
num_leaves=7
num_cat=0
split_feature=10 14 22 10 30 2
split_gain=0.139373 0.248465 0.202786 0.139169 0.16645 0.246981
threshold=-0.10849158720022237 0.15798468976626598 -0.0071880963819397651 -0.088699937224130582 -4.4536819458007804 0.098962179174684514
decision_type=2 2 2 2 10 2
left_child=1 2 -1 -2 5 -5
right_child=3 -3 -4 4 -6 -7
leaf_value=-0.0019569911787351538 -0.0011706905878703722 0.0025211290682261175 0.00095094725035092971 0.00032461128593884231 -0.00012621602251743015 0.0033589841815820747
leaf_weight=24.033002217649482 79.06662021484226 45.497494570910931 49.121064888429828 599.06634967362334 1555.4450490941526 15.376127472380174
leaf_count=520 1139 259 969 9061 16850 225
internal_value=4.65297e-05 0.00100687 -0.000124844 -8.36931e-06 3.91596e-05 0.000453121
internal_weight=2367.61 118.652 73.1541 2248.95 2169.89 614.442
internal_count=29023 1748 1489 27275 26136 9286
is_linear=0
shrinkage=0.03


Tree=358
num_leaves=7
num_cat=0
split_feature=14 12 31 11 4 46
split_gain=0.107176 0.135306 0.133763 0.15442 0.13368 0.338456
threshold=0.024351301301510152 -0.54525944056278763 17.051245212554935 0.02622712467843118 -0.0056879219886698243 70.500000000000014
decision_type=2 2 10 2 2 10
left_child=-1 -2 4 -4 -3 -6
right_child=1 2 3 -5 5 -7
leaf_value=-0.0010878842487198088 0.0011691135109747452 -2.1143140935203765e-05 -0.0022048308151644503 0.00067891488604352292 0.0013378739875303763 -0.0013385055840402747
leaf_weight=64.698842371115461 86.048170376569033 1938.7204267177731 39.105394462123513 19.54205683991313 174.74270220845938 46.490634938701987
leaf_count=5760 2505 18125 417 205 1589 412
internal_value=3.07489e-05 6.67168e-05 1.89064e-05 -0.00128501 6.00692e-05 0.000741889
internal_weight=2369.35 2304.65 2218.6 58.6475 2159.95 221.233
internal_count=29013 23253 20748 622 20126 2001
is_linear=0
shrinkage=0.03


Tree=359
num_leaves=7
num_cat=0
split_feature=0 35 46 46 46 29
split_gain=0.153424 0.0953978 0.139529 0.162291 0.133903 0.136136
threshold=0.5637599454446881 2.654843834255423 20.500000000000004 197.50000000000003 238.50000000000003 -9.0849843025207502
decision_type=2 10 8 10 10 8
left_child=1 4 -3 -4 5 -1
right_child=-2 2 3 -5 -6 -7
leaf_value=-0.00085564256782099171 0.002199789301621141 0.0019255021007980645 -7.575946677329988e-05 0.0020548283684880347 -0.0011358424865648279 7.4812796107396353e-06
leaf_weight=171.66550618442125 17.488944097189233 36.83045632392168 284.95556809345726 26.186992471804842 103.43827984487871 1735.1229371165828
leaf_count=2350 172 435 3205 268 1259 21370
internal_value=-2.87458e-05 -5.44922e-05 0.000397193 0.00016196 -0.000134259 -7.42831e-05
internal_weight=2375.69 2358.2 347.973 311.143 2010.23 1906.79
internal_count=29059 28887 3908 3473 24979 23720
is_linear=0
shrinkage=0.03


Tree=360
num_leaves=7
num_cat=0
split_feature=9 46 24 9 14 39
split_gain=0.142653 0.139549 0.105012 0.146191 0.326349 0.414959
threshold=0.20402260214649418 49.500000000000007 7.5000000000000009 0.040683921287555297 0.16152996323495974 2.5000000000000004
decision_type=2 10 2 2 2 2
left_child=2 -2 3 -1 -5 -6
right_child=1 -3 -4 4 5 -7
leaf_value=8.3303899402683825e-05 0.00018384875150591381 0.0030001291325282668 0.00066003839760992214 0.00019429308169569912 -0.0026219026836397886 -0.00041741452788348759
leaf_weight=1396.8254787680053 40.523691937385593 17.584977795835584 167.6292842363473 375.8969180144195 98.323173433542252 282.0687680542469
leaf_count=18358 491 188 2189 5852 503 1497
internal_value=-1.86954e-06 0.00135148 -4.14088e-05 -9.88184e-05 -0.000431886 -0.00103979
internal_weight=2378.85 58.1087 2320.74 2153.11 756.289 380.392
internal_count=29078 679 28399 26210 7852 2000
is_linear=0
shrinkage=0.03


Tree=361
num_leaves=7
num_cat=0
split_feature=29 45 3 29 13 14
split_gain=0.133303 0.28018 0.394565 0.398817 0.395349 0.451367
threshold=-5.2713592052459708 0.5634920634920636 -0.20754957855929082 -8.2864756584167463 2.249904835165133 0.22746567000592613
decision_type=10 8 2 8 2 2
left_child=1 -1 -3 -4 5 -5
right_child=-2 2 3 4 -6 -7
leaf_value=-0.00039611057976537761 -0.00014954721050458833 -0.00079295378748541574 9.4511806104487987e-06 0.0046064880269398962 0.00082294693300254216 0.00016096093392382362
leaf_weight=294.10130621181452 1581.5235596404818 107.03148361315834 152.33412799917278 65.078730723122135 133.70904575302848 29.329477980732918
leaf_count=3404 18559 1997 2010 859 1950 139
internal_value=8.72811e-06 0.000326839 0.000762194 0.0012088 0.00197569 0.0033731
internal_weight=2363.11 781.584 487.483 380.451 228.117 94.4082
internal_count=28918 10359 6955 4958 2948 998
is_linear=0
shrinkage=0.03


Tree=362
num_leaves=7
num_cat=0
split_feature=14 24 10 27 10 33
split_gain=0.115108 0.153141 0.13116 0.248647 0.188105 0.201359
threshold=0.028557834561282684 1.0000000180025095e-35 -0.13712252329736316 0.059055147692561157 -0.068081507655543633 -1.6731217913329599
decision_type=2 2 2 10 2 10
left_child=1 -1 3 -2 5 -4
right_child=2 -3 4 -5 -6 -7
leaf_value=-0.0025138314464057594 -0.00058990530568398089 -2.7842956951322009e-05 -0.0019202623591748852 0.0034260707135425842 0.00020676475145720683 -0.000117692891368372
leaf_weight=24.672228156530764 21.23695713467896 63.145637070454541 67.940495409071445 19.890904732048512 1976.6205965336412 201.25191719830036
leaf_count=1739 223 4959 777 213 19113 2119
internal_value=9.6873e-05 -0.000911865 0.00013941 0.00164258 0.000104722 -0.000625121
internal_weight=2374.76 87.8179 2286.94 41.1279 2245.81 269.192
internal_count=29143 6698 22445 436 22009 2896
is_linear=0
shrinkage=0.03


Tree=363
num_leaves=7
num_cat=0
split_feature=35 10 29 24 29 5
split_gain=0.116042 0.165374 0.15382 0.22097 0.195597 0.18285
threshold=-1.4534139958294954 -0.14285715872471486 -2.1996616125106807 1.5000000000000002 -3.9135632514953609 -1.0000000180025095e-35
decision_type=8 2 8 2 10 2
left_child=2 -2 4 5 -1 -4
right_child=1 -3 3 -5 -6 -7
leaf_value=0.00036642413459698673 0.001855661240976085 -0.00010292783161483309 0.0004967938246984722 0.00059677311471254837 0.0021860789443907715 -0.0018638682800020284
leaf_weight=163.78381186825573 29.655490270291921 1808.1161539464956 41.116014941595495 189.4846482470748 72.666809218761045 70.56494720261253
leaf_count=2339 463 21338 538 2388 1011 908
internal_value=5.24552e-05 -6.14511e-05 0.000435841 -1.83865e-05 0.000991658 -0.00102537
internal_weight=2375.39 1837.77 537.616 301.166 236.451 111.681
internal_count=28985 21801 7184 3834 3350 1446
is_linear=0
shrinkage=0.03


Tree=364
num_leaves=7
num_cat=0
split_feature=10 43 7 2 31 11
split_gain=0.17738 0.150649 0.261155 0.202026 0.130959 0.156878
threshold=0.16500299507459723 1.5000000000000002 0.0023617417915568601 -0.10307668424263151 16.62941670417786 0.0014482995248277168
decision_type=2 2 2 2 10 2
left_child=1 4 -3 -4 5 -1
right_child=-2 2 3 -5 -6 -7
leaf_value=0.0002990256452627488 -0.0022079453628002601 0.0028604230589039299 -0.0015702715841969957 0.0014497456392092683 -0.0011561032933633179 -0.00020640540993859747
leaf_weight=1114.6778158913366 21.499385396717116 36.139422610402107 31.199909309856594 28.68056027404964 73.998781059955945 1077.1222851275525
leaf_count=13701 215 332 232 202 1430 13000
internal_value=2.86713e-05 5.82542e-05 0.00116356 -0.000123326 6.50687e-06 5.08309e-05
internal_weight=2383.32 2361.82 96.0199 59.8805 2265.8 2191.8
internal_count=29112 28897 766 434 28131 26701
is_linear=0
shrinkage=0.03


Tree=365
num_leaves=7
num_cat=0
split_feature=10 12 22 27 7 14
split_gain=0.141068 0.478902 0.202866 0.127164 0.0947138 0.325181
threshold=-0.10849158720022237 0.92658541670047612 -0.0071880963819397651 -0.2534083873033523 0.10196185586319181 0.11380351179899834
decision_type=2 2 2 10 2 2
left_child=1 2 -1 -4 -2 -6
right_child=4 -3 3 -5 5 -7
leaf_value=-0.0022293141225057456 5.8628692040234012e-05 0.0031487650897066614 0.0021652410518367008 -0.00049548422141199998 0.0009426645725495391 -0.0011145991018464412
leaf_weight=25.900492126645986 1946.2615577907272 44.45059372112155 17.40624768147245 32.49272880499484 90.515051350637805 217.57602368295193
leaf_count=526 24583 263 391 572 1547 1251
internal_value=3.58526e-05 0.000995818 -0.000486563 0.000639187 -1.95248e-05 -0.000499555
internal_weight=2374.6 120.25 75.7995 49.899 2254.35 308.091
internal_count=29133 1752 1489 963 27381 2798
is_linear=0
shrinkage=0.03


Tree=366
num_leaves=7
num_cat=0
split_feature=33 27 20 4 11 31
split_gain=0.12872 0.166765 0.149143 0.180296 0.231136 0.192477
threshold=-2.4343761422981816 -2.2708764076232906 0.1183779956362993 -0.076428017033287457 -0.086314717207781597 11.109849989414217
decision_type=8 10 2 2 2 8
left_child=1 -1 -2 4 -4 -6
right_child=2 -3 3 -5 5 -7
leaf_value=0.0018577265562060418 3.3579776307542941e-07 -0.00080472724080394653 -0.001436326977975866 -0.00031304090259894193 0.0022804445593574783 -0.00053036731503455423
leaf_weight=13.651181975204961 1874.613393435895 248.33369237050647 15.525380435516125 82.034023914195132 110.02688049705466 22.763738140813075
leaf_count=444 22414 3299 219 947 1286 383
internal_value=1.15891e-05 -0.000602794 9.05441e-05 0.000794111 0.00138757 0.0017952
internal_weight=2366.95 261.985 2104.96 230.35 148.316 132.791
internal_count=28992 3743 25249 2835 1888 1669
is_linear=0
shrinkage=0.03


Tree=367
num_leaves=7
num_cat=0
split_feature=26 31 47 33 49 1
split_gain=0.139934 0.158276 0.144784 0.227233 0.172527 0.152685
threshold=-7.4371142387390128 -0.54130202531814564 4.5000000000000009 -0.58578081925710024 1.5000000000000002 -1.0000000180025095e-35
decision_type=8 10 8 10 2 2
left_child=1 -1 3 5 -4 -2
right_child=2 -3 4 -5 -6 -7
leaf_value=-0.00051493527473007214 -0.00023708718060034162 0.0034036513922421391 1.217196744396188e-06 0.00029098047300798926 0.0023567385070335078 -0.0036221243243188292
leaf_weight=11.856842121109368 20.399336432048585 12.593231705599463 2215.4005739734566 51.213352852326352 18.34316480346024 25.379676956566982
leaf_count=129 343 289 27092 616 116 303
internal_value=7.44373e-06 0.0019055 -2.0523e-05 -0.00109863 3.09778e-05 -0.00242666
internal_weight=2355.19 24.4501 2330.74 96.9924 2233.74 45.779
internal_count=28888 418 28470 1262 27208 646
is_linear=0
shrinkage=0.03


Tree=368
num_leaves=7
num_cat=0
split_feature=30 29 3 31 20 20
split_gain=0.162227 0.116205 0.212484 0.196901 0.15566 0.15413
threshold=6.4585123062133798 -6.3393311500549308 -0.26199723906781464 6.2198004722595224 -0.01249043064831115 -0.20397437497519835
decision_type=10 8 2 10 2 2
left_child=1 2 -1 4 -4 -3
right_child=-2 5 3 -5 -6 -7
leaf_value=-0.0012954053339123031 -0.0014080085581510723 0.00087713355412270117 -0.00018120899056636402 0.00025892722254958157 0.0024647941066140897 -0.00016750046591436132
leaf_weight=44.668276024924126 65.657238565385342 126.94874964194605 24.948699931614101 252.46777539237519 69.984066670876928 1776.0617725603806
leaf_count=882 600 1909 262 3653 707 20879
internal_value=-4.11755e-05 3.86532e-06 0.000467467 0.000724037 0.00181841 -9.35927e-05
internal_weight=2360.74 2295.08 392.069 347.401 94.9328 1903.01
internal_count=28892 28292 5504 4622 969 22788
is_linear=0
shrinkage=0.03


Tree=369
num_leaves=7
num_cat=0
split_feature=23 31 9 14 13 14
split_gain=0.153068 0.128845 0.216501 0.339933 0.26482 0.18297
threshold=0.87099810360961794 4.8067525029182443 -0.029266982272064871 0.22062327066278198 2.1383330595080281 0.39233047508114643
decision_type=2 8 2 2 2 2
left_child=1 2 3 -1 -5 -3
right_child=-2 5 -4 4 -6 -7
leaf_value=-0.00021340331531392127 0.0016721979806962228 0.00030908112371086485 -0.00046193891108264933 -2.8425285225206858e-07 0.0028470164899166176 -0.0017209306691517842
leaf_weight=266.36413830582751 38.800072189595085 975.8947770431696 941.77712598111248 49.446887582540512 62.50097568333149 31.784792497754097
leaf_count=3886 408 15359 8735 237 316 131
internal_value=9.3289e-06 -2.54228e-05 -0.000219719 0.000379637 0.00169248 0.000228768
internal_weight=2366.57 2327.77 1320.09 378.312 111.948 1007.68
internal_count=29072 28664 13174 4439 553 15490
is_linear=0
shrinkage=0.03


Tree=370
num_leaves=7
num_cat=0
split_feature=10 8 31 10 0 28
split_gain=0.123967 0.186899 0.188994 0.158044 0.181837 0.21404
threshold=-0.059234358152359064 -0.020460043238205838 2.3638752102851872 -0.013297516287747687 -0.10578613248612527 -0.078744590282440172
decision_type=2 2 8 2 2 10
left_child=1 2 -1 4 -2 -6
right_child=3 -3 -4 -5 5 -7
leaf_value=0.0017468650543376095 -0.00032971130692953176 -0.00095214993577624177 -0.0004300948247849934 -6.777560768668066e-05 0.0017429578476147445 0.00029402311817118971
leaf_weight=47.291416354593821 152.01945816603256 252.71497738690232 88.34673692524666 1431.1544507770741 145.24918977631023 236.89453620475251
leaf_count=519 2321 3152 1802 16723 2024 2274
internal_value=-1.14808e-07 -0.000482893 0.00039675 9.72455e-05 0.000532498 0.000875152
internal_weight=2353.67 388.353 135.638 1965.32 534.163 382.144
internal_count=28815 5473 2321 23342 6619 4298
is_linear=0
shrinkage=0.03


Tree=371
num_leaves=7
num_cat=0
split_feature=27 27 45 5 10 5
split_gain=0.133889 0.125983 0.14497 0.11814 0.20077 0.187154
threshold=2.831257820129395 3.8546711206436162 0.5634920634920636 0.040109670895406728 -0.034778824009529148 0.10011361625165317
decision_type=10 10 8 2 2 2
left_child=3 2 -2 -1 -5 -6
right_child=1 -3 -4 4 5 -7
leaf_value=-3.7830899348802985e-05 0.00018239057356536094 0.00024849274180011467 -0.0024753714258988401 -0.00073355547301862383 0.0017202335382248564 -0.00061566777104483765
leaf_weight=2034.8655430502986 25.117436682805419 46.383309668279253 48.404343862785026 58.633512435422745 125.68249941576505 34.330865141935647
leaf_count=25372 282 562 590 685 1230 323
internal_value=-1.9195e-05 -0.000955748 -0.00165427 3.46395e-05 0.000681251 0.00121233
internal_weight=2373.42 119.905 73.5218 2253.51 218.647 160.013
internal_count=29044 1434 872 27610 2238 1553
is_linear=0
shrinkage=0.03


Tree=372
num_leaves=7
num_cat=0
split_feature=8 8 10 12 10 49
split_gain=0.128018 0.309942 0.302851 0.306186 0.273446 0.394245
threshold=0.031050070870900535 0.045754104643065181 0.026635124583975153 0.98384470213440667 0.074163495308822533 1.0000000180025095e-35
decision_type=2 2 2 2 2 2
left_child=-1 2 3 -2 5 -3
right_child=1 4 -4 -5 -6 -7
leaf_value=0.00019372558017113545 -0.0007172266582380428 5.9163942801536279e-05 0.00022984483446549084 -0.0041263688054218699 -0.0011860657234250144 0.0033094051132619949
leaf_weight=1339.9921626444266 54.865513167518657 698.19266699824948 59.470585679111537 40.163844548165798 140.85086745809531 25.307974981609732
leaf_count=17860 878 7627 602 227 1543 211
internal_value=1.6069e-06 -0.000250494 -0.00144408 -0.00241378 -2.30699e-05 0.000216425
internal_weight=2358.84 1018.85 154.5 95.0294 864.352 723.501
internal_count=28948 11088 1707 1105 9381 7838
is_linear=0
shrinkage=0.03


Tree=373
num_leaves=7
num_cat=0
split_feature=28 39 13 44 14 33
split_gain=0.137624 0.300559 0.133636 0.124957 0.130765 0.134173
threshold=3.3290115594863896 4.5000000000000009 2.3502401828962087 7.5000000000000009 0.54871700466447615 1.2880738029877346
decision_type=10 2 2 10 2 10
left_child=3 -2 -3 4 5 -1
right_child=1 2 -4 -5 -6 -7
leaf_value=-0.00021530060979890511 0.0024145942733573905 -0.0010976816631395729 0.00089293215237306147 0.001287608237360784 -0.0020625255648705782 0.0003882212351890507
leaf_weight=1745.6194386402785 53.985273994505405 55.611832875292748 46.769844540627673 47.468927792215254 21.095814645290375 399.13810448392178
leaf_count=22389 421 469 470 755 90 4531
internal_value=-3.1987e-05 0.000800455 -0.000189793 -9.41331e-05 -0.000130195 -0.000101705
internal_weight=2369.69 156.367 102.382 2213.32 2165.85 2144.76
internal_count=29125 1360 939 27765 27010 26920
is_linear=0
shrinkage=0.03


Tree=374
num_leaves=7
num_cat=0
split_feature=34 2 10 4 10 3
split_gain=0.132073 0.128342 0.134927 0.132822 0.122689 0.186617
threshold=-8.06241210301717 -0.11899299885839242 0.069638677136652977 -0.14822698285483091 -0.10849158720022237 -0.042300276583011685
decision_type=8 2 2 2 2 2
left_child=1 2 -1 -3 5 -2
right_child=4 3 -4 -5 -6 -7
leaf_value=0.00075401228433988755 0.00023091710120196909 -0.00043367013916384054 -0.0020775330240679359 0.0027534041437883849 -8.5100468374161431e-05 0.0030692016115094183
leaf_weight=46.765739683818538 93.496245843009092 12.539554988587041 10.657642310485242 35.884605469298549 2153.4976818020514 17.569113179692067
leaf_count=1254 1360 294 225 664 25089 200
internal_value=1.71604e-05 0.00100519 -1.7037e-06 0.00199514 -3.32373e-05 0.000896328
internal_weight=2370.41 105.848 57.4234 48.4242 2264.56 111.065
internal_count=29086 2437 1479 958 26649 1560
is_linear=0
shrinkage=0.03


Tree=375
num_leaves=7
num_cat=0
split_feature=4 6 7 4 26 12
split_gain=0.15054 0.167853 0.144315 0.242183 0.180823 0.280927
threshold=-0.26395813641143168 0.056348450270674276 0.027163452021187577 -0.21495683995723311 -0.98960256576538075 0.63215620960168362
decision_type=2 2 2 2 10 2
left_child=1 -1 -2 -4 5 -5
right_child=2 -3 3 4 -6 -7
leaf_value=-9.641542120460588e-05 0.00017194114630768697 0.0033257550131594342 -0.0019622602458546782 0.00035959000590077392 0.00017084399108546671 -0.0012596372529250866
leaf_weight=24.912472232652362 1303.3424082498532 15.5899623799487 63.540372119401582 148.61516271333676 565.71796751150396 246.70801642537117
leaf_count=441 17888 230 738 2720 5422 1522
internal_value=-1.98135e-06 0.00161853 -3.69783e-05 -0.000301832 -0.000172974 -0.000657062
internal_weight=2368.43 40.5024 2327.92 1024.58 961.041 395.323
internal_count=28961 671 28290 10402 9664 4242
is_linear=0
shrinkage=0.03


Tree=376
num_leaves=7
num_cat=0
split_feature=46 45 46 45 4 20
split_gain=0.133604 0.536816 0.191493 0.175232 0.191603 0.16199
threshold=14.500000000000002 0.15476190476190479 9.5000000000000018 0.57738095238095244 -0.031225731978316233 -0.11499155708706181
decision_type=8 10 10 8 2 2
left_child=1 2 -1 4 -2 -5
right_child=3 -3 -4 5 -6 -7
leaf_value=0.00024386051636419206 -0.00028238987547773704 -0.00058966666917085119 0.0031641871146186533 -0.00063775146036448101 -0.0015803037704117634 0.00023213977430349247
leaf_weight=31.043230973999016 710.61462212560582 132.72724065301009 59.290389126399532 223.51901708802325 111.11480218876386 1094.0554740229272
leaf_count=299 7818 1863 536 3342 1174 13976
internal_value=-6.00368e-05 0.000622563 0.00228494 -0.000133776 -0.000474785 8.08754e-05
internal_weight=2362.36 223.061 90.3336 2139.3 821.729 1317.57
internal_count=29008 2698 835 26310 8992 17318
is_linear=0
shrinkage=0.03


Tree=377
num_leaves=7
num_cat=0
split_feature=23 9 29 9 12 50
split_gain=0.0999655 0.142612 0.378667 0.285828 0.280174 0.257319
threshold=0.0048041920519477652 0.078232396420591654 -2.3632882833480831 0.070994377506521933 1.3547343840850861 0.2678571428571429
decision_type=2 2 10 2 2 2
left_child=1 3 4 -1 5 -3
right_child=-2 2 -4 -5 -6 -7
leaf_value=-6.4228988241483867e-05 0.00030297408083000379 0.00017589970993914242 -0.0016054241067467081 0.0022232596520482522 -0.001441553896806468 0.0028900032895355842
leaf_weight=1267.8790425148036 664.8290701994556 128.29132162901806 178.19544595078332 41.130167903960682 56.279593169689178 32.287719257059507
leaf_count=17202 7090 1749 1815 426 278 383
internal_value=-6.34227e-06 -0.000128084 -0.000620021 2.39564e-05 0.000224772 0.000859057
internal_weight=2368.89 1704.06 395.054 1309.01 216.859 160.579
internal_count=28943 21853 4225 17628 2410 2132
is_linear=0
shrinkage=0.03


Tree=378
num_leaves=7
num_cat=0
split_feature=20 11 20 36 12 36
split_gain=0.125155 0.124378 0.23603 0.142539 0.120604 0.128849
threshold=-0.3673851886144362 0.12604534201053932 -0.0037831467690219718 -4.0522509154070301 2.5583789119190894 -2.4740072860525397
decision_type=2 2 2 8 2 8
left_child=-1 3 -3 -2 5 -5
right_child=1 2 -4 4 -6 -7
leaf_value=0.0018982638385598855 0.0019598600383020207 -0.0010617356060858038 0.0020158254889294123 -0.0010723920080452053 0.0016312630667611667 -5.1719124429493175e-05
leaf_weight=21.474413322634064 21.321683599380776 25.782189249177463 58.498289314564317 107.61474605748663 26.578990340232849 2105.9731338120473
leaf_count=390 397 285 586 1521 112 25641
internal_value=1.9067e-05 -6.12112e-06 0.00106161 -5.04116e-05 -7.817e-05 -0.000105939
internal_weight=2367.24 2345.77 84.2805 2261.49 2240.17 2213.59
internal_count=28932 28542 871 27671 27274 27162
is_linear=0
shrinkage=0.03


Tree=379
num_leaves=7
num_cat=0
split_feature=37 11 10 13 27 27
split_gain=0.140111 0.406153 0.253159 0.239009 0.151013 0.153497
threshold=4.368883387210535 0.015305849907167943 -0.044509898407122037 2.1383330595080281 0.77208784222602855 1.535953223705292
decision_type=10 2 2 2 10 10
left_child=-1 2 -2 -3 -4 -6
right_child=1 3 4 -5 5 -7
leaf_value=-0.00015477064136616627 0.0014274524350914406 0.003532266794844361 -0.0018115844515057776 0.00079832281638628373 0.0015208667548440419 -0.0010571537794320093
leaf_weight=2047.7823170680349 41.743192747700959 34.901499716565013 78.699552993988618 104.86496710078791 27.057456601411104 37.387753859977238
leaf_count=26329 376 216 647 884 221 315
internal_value=-6.24333e-05 0.000507213 -0.000413378 0.00167129 -0.00100835 8.41332e-05
internal_weight=2372.44 324.654 184.888 139.766 143.145 64.4452
internal_count=28988 2659 1559 1100 1183 536
is_linear=0
shrinkage=0.03


Tree=380
num_leaves=7
num_cat=0
split_feature=27 22 11 5 7 25
split_gain=0.158867 0.20241 0.282727 0.238273 0.215948 0.339068
threshold=0.94627901911735546 -0.009694829531628547 -0.00091861865125156554 -0.10574453538425199 0.04664386119956742 -0.19693801640491623
decision_type=8 2 2 2 2 2
left_child=-1 2 3 -2 -3 -6
right_child=1 4 -4 -5 5 -7
leaf_value=-0.00026793480354272232 -0.0008527560844325215 0.00014372472620895958 -0.001222543777312745 0.0019441438802330951 -0.00063348076688604627 0.0020970121545401238
leaf_weight=1515.6230864028912 40.226982987951487 411.98454781287001 154.96093634067802 53.922693442902528 51.46168479078915 136.20577851333655
leaf_count=18879 564 5149 2006 627 493 1280
internal_value=-8.45212e-05 0.000242304 -0.000464004 0.000781986 0.000538521 0.00135409
internal_weight=2364.39 848.763 249.111 94.1497 599.652 187.667
internal_count=28998 10119 3197 1191 6922 1773
is_linear=0
shrinkage=0.03


Tree=381
num_leaves=7
num_cat=0
split_feature=26 5 26 10 10 1
split_gain=0.140218 0.268845 0.202326 0.202275 0.206358 0.271428
threshold=3.0020973682403569 0.032024801838808868 2.216194868087769 -0.039539116282021912 -0.013297516287747687 -0.016106411383955719
decision_type=8 2 8 2 2 2
left_child=2 3 -1 -2 5 -5
right_child=1 -3 -4 4 -6 -7
leaf_value=-2.7009331980640188e-05 -0.00040910950076157305 -0.0013246073794483621 -0.0011296304887039681 -0.0004438735892214814 0.00066346695470333454 0.0036573508317408387
leaf_weight=1727.774147511358 102.59171924763359 57.678386132523883 154.05017391213914 17.436686119996011 256.40442179189995 41.697677287389524
leaf_count=21435 1411 582 1755 228 2963 499
internal_value=-6.04535e-06 0.000448611 -0.000122766 0.000718441 0.00108635 0.00255876
internal_weight=2357.63 475.809 1881.82 418.131 315.539 59.1344
internal_count=28873 5683 23190 5101 3690 727
is_linear=0
shrinkage=0.03


Tree=382
num_leaves=7
num_cat=0
split_feature=28 30 48 28 8 7
split_gain=0.158694 0.314282 0.224933 0.209751 0.198207 0.188559
threshold=0.40712510049343115 -0.53890436887741078 1.0000000180025095e-35 0.65656521916389476 -0.082836676944423732 0.016221255014606105
decision_type=10 10 2 10 2 2
left_child=1 5 3 -2 -5 -1
right_child=2 -3 -4 4 -6 -7
leaf_value=0.00051360974188532145 0.001392548635566747 -0.00093627655096198707 0.0027856440949730727 -0.0010704382604192733 0.0002421907948896746 -0.00031623391695227926
leaf_weight=486.93394276854815 114.1586020294053 348.5199858880369 22.222393441945314 108.45184355048696 814.23377037723549 479.46106266946299
leaf_count=8436 1306 3991 153 1557 7544 6117
internal_value=4.20538e-05 -0.000177542 0.00031381 0.000234728 7.80825e-05 0.000102874
internal_weight=2373.98 1314.91 1059.07 1036.84 922.686 966.395
internal_count=29104 18544 10560 10407 9101 14553
is_linear=0
shrinkage=0.03


Tree=383
num_leaves=7
num_cat=0
split_feature=25 3 3 9 12 3
split_gain=0.156806 0.156336 0.183152 0.197835 0.227546 0.196974
threshold=-0.16291419865406295 -0.35280608328927726 -0.11568099273574493 0.096273966664985985 1.0523622879260948 0.027429956079313259
decision_type=2 2 2 2 2 2
left_child=1 -1 -3 -4 5 -5
right_child=-2 2 3 4 -6 -7
leaf_value=-0.001704985008447242 -0.00018209427013579502 0.00083665010558323864 -0.0010696656220347072 0.0026605192849658166 -0.0010130748235713848 -0.0007929267028988639
leaf_weight=21.609541566343978 1765.3788455380418 397.83654513345391 110.60687490136479 42.79224164725747 35.125648226588964 15.384660633862948
leaf_count=426 21332 5167 1255 614 188 241
internal_value=-3.76706e-05 0.000367763 0.000468852 -0.000254304 0.000722257 0.00176492
internal_weight=2388.73 623.356 601.746 203.909 93.3026 58.1769
internal_count=29223 7891 7465 2298 1043 855
is_linear=0
shrinkage=0.03


Tree=384
num_leaves=7
num_cat=0
split_feature=20 36 27 27 14 14
split_gain=0.0811354 0.102386 0.0855811 0.150364 0.16683 0.153703
threshold=-0.3673851886144362 0.76225576941112105 -1.2583226561546323 -0.99084073305129994 0.16152996323495974 0.096849731433295519
decision_type=2 8 8 8 2 2
left_child=1 -1 -2 4 -4 -5
right_child=2 -3 3 5 -6 -7
leaf_value=-0.00046426388823465621 0.00060463813581711396 0.00275629897775454 -8.8662320648987545e-05 -0.00045539582040128449 -0.0030242828907008634 0.00010940853898124052
leaf_weight=11.247615783999207 159.89124347185134 10.708289062720725 38.559659848862793 592.00396673611249 22.754986397922039 1541.4724768549204
leaf_count=203 3056 202 762 14295 125 10409
internal_value=-2.42329e-05 0.00147747 -4.44241e-05 -9.42364e-05 -0.00144943 -4.87086e-05
internal_weight=2376.64 21.9559 2354.68 2194.79 61.3146 2133.48
internal_count=29052 405 28647 25591 887 24704
is_linear=0
shrinkage=0.03


Tree=385
num_leaves=7
num_cat=0
split_feature=35 34 24 40 4 24
split_gain=0.135728 0.13559 0.121466 0.1701 0.200159 0.206064
threshold=-5.8057200601085635 4.4953301946322126 7.5000000000000009 1.5000000000000002 -0.10672938198275451 1.0000000180025095e-35
decision_type=8 10 2 2 2 2
left_child=-1 2 3 -2 5 -5
right_child=1 -3 -4 4 -6 -7
leaf_value=0.0017509627378751384 0.00013063900960731963 0.0013086732982949441 0.0007505469549513419 -0.0020290718410423854 0.00016269396906055136 -0.00046672139489426059
leaf_weight=32.498063859413378 1391.973195854589 63.463461176957935 168.71204053150723 91.896371188166086 298.24149491725257 337.66995384718757
leaf_count=505 17210 516 2153 1187 3408 4130
internal_value=7.05653e-05 4.00316e-05 -6.90393e-07 -6.37242e-05 -0.000432187 -0.000839509
internal_weight=2384.45 2351.96 2288.49 2119.78 727.808 429.566
internal_count=29109 28604 28088 25935 8725 5317
is_linear=0
shrinkage=0.03


Tree=386
num_leaves=7
num_cat=0
split_feature=26 33 6 40 11 27
split_gain=0.120825 0.174015 0.114486 0.117602 0.162982 0.237209
threshold=-7.4371142387390128 -2.4343761422981816 -0.53216871681721334 2.5000000000000004 0.042938828058801636 0.24174065142869952
decision_type=8 8 2 2 2 10
left_child=-1 -2 -3 -4 5 -5
right_child=1 2 3 4 -6 -7
leaf_value=0.001744924001839881 -0.00074748147458164496 -0.0018172612495124388 0.00020362667206297479 1.965844877737111e-05 0.00059653169053355414 -0.0019336474607420035
leaf_weight=26.038110493915156 243.8144526429096 18.153665189049207 1769.4610928353795 123.5818808968761 90.938485782768112 91.95031164039392
leaf_count=434 3398 500 21194 1485 1030 1006
internal_value=2.10824e-05 -5.46674e-06 8.4068e-05 0.000109327 -0.000424358 -0.000862449
internal_weight=2363.94 2337.9 2094.09 2075.93 306.471 215.532
internal_count=29047 28613 25215 24715 3521 2491
is_linear=0
shrinkage=0.03


Tree=387
num_leaves=7
num_cat=0
split_feature=28 46 39 29 12 14
split_gain=0.134834 0.162278 0.125963 0.117305 0.106963 0.14442
threshold=-4.8387625217437735 12.500000000000002 5.5000000000000009 0.27565793693065649 2.217526270536363 0.41698071584284324
decision_type=8 10 2 10 2 2
left_child=1 -1 3 -3 5 -2
right_child=4 2 -4 -5 -6 -7
leaf_value=0.0024544391812110502 -1.1894482427309787e-05 0.00058715462719818249 0.0014690810527809321 -0.0028894177466975493 0.0010212765496218584 -0.0013891352556748148
leaf_weight=34.111721891444176 2163.6129239492002 10.671316252468388 13.149163760826921 9.7074577410821785 76.222479298710823 60.773140415549278
leaf_count=825 26809 291 297 170 328 249
internal_value=2.5801e-05 0.00125544 -0.000248066 -0.00147491 -1.56281e-05 -5.55712e-05
internal_weight=2368.25 67.6397 33.5279 20.3788 2300.61 2224.39
internal_count=28969 1583 758 461 27386 27058
is_linear=0
shrinkage=0.03


Tree=388
num_leaves=7
num_cat=0
split_feature=35 23 37 25 37 8
split_gain=0.128268 0.10637 0.234078 0.139512 0.13202 0.19001
threshold=-5.8057200601085635 0.53695668113750106 3.5062474942360171 -0.47768365390519024 -0.46229671063542221 0.077682289365581123
decision_type=8 2 10 2 10 2
left_child=-1 3 4 -2 -3 -6
right_child=1 2 -4 -5 5 -7
leaf_value=0.0016704109707031116 -0.0010479754368774826 0.0012159846066481237 0.0027507120808084062 1.5127383164670331e-05 -0.0019199305239160404 0.0010793281224830173
leaf_weight=32.631626071757637 107.30641011480475 39.969437823194312 30.00934364204295 2094.3625091433496 38.151614264934324 23.13154315832071
leaf_count=501 1758 543 250 25266 413 223
internal_value=3.96706e-05 9.82853e-06 0.00080792 -4.11909e-05 3.66204e-05 -0.00079525
internal_weight=2365.56 2332.93 131.262 2201.67 101.253 61.2832
internal_count=28954 28453 1429 27024 1179 636
is_linear=0
shrinkage=0.03


Tree=389
num_leaves=7
num_cat=0
split_feature=7 49 42 11 7 45
split_gain=0.115688 0.217408 0.168631 0.207409 0.172118 0.176148
threshold=0.016221255014606105 1.0000000180025095e-35 2.5000000000000004 -0.024279870315150071 0.0077365290634009163 0.76388888888888895
decision_type=2 2 2 2 2 10
left_child=2 -2 4 -4 5 -1
right_child=1 -3 3 -5 -6 -7
leaf_value=-0.00011634183014655335 -0.00027803531801793451 0.0016098803666573279 -0.00055861995847470759 0.0029833001474972296 0.0011499745946773306 0.0012565480056805974
leaf_weight=920.15951450598368 1148.00689475736 47.740071304608136 18.996779419481754 31.277315722545609 124.7367349472479 82.47249022568576
leaf_count=12919 12058 376 206 341 1511 1540
internal_value=1.71419e-05 -0.000189934 0.00022723 0.0017743 0.000143246 7.88012e-06
internal_weight=2373.39 1195.75 1177.64 50.2741 1127.37 1002.63
internal_count=28951 12434 16517 547 15970 14459
is_linear=0
shrinkage=0.03


Tree=390
num_leaves=7
num_cat=0
split_feature=25 4 28 47 2 2
split_gain=0.127015 0.170421 0.172019 0.16085 0.129719 0.24104
threshold=0.39697540049556929 -0.19116884611408363 2.5611455440521245 8.5000000000000018 -0.030951818371168029 0.0075826068008753864
decision_type=2 2 8 8 2 2
left_child=4 3 -3 -2 -1 -6
right_child=1 2 -4 -5 5 -7
leaf_value=0.00027509066471451116 0.0023082892310997646 -0.0011022051692010698 0.0007673397026691051 -0.00054494525270259238 -0.0011683345927178124 0.0003032572345175082
leaf_weight=1640.9423399400403 25.819148257898632 229.97004579001805 46.809108309564181 29.246010809671134 164.2411010065116 228.3288919335173
leaf_count=19700 416 3155 502 491 2151 2536
internal_value=6.87272e-05 -0.000466909 -0.000770294 0.000942041 0.000157994 -0.000326147
internal_weight=2365.36 331.844 276.779 55.0652 2033.51 392.57
internal_count=28951 4564 3657 907 24387 4687
is_linear=0
shrinkage=0.03


Tree=391
num_leaves=7
num_cat=0
split_feature=33 2 2 36 13 37
split_gain=0.112064 0.190342 0.211158 0.20996 0.183859 0.174012
threshold=-1.7705311973889668 -0.078329372237277012 0.074150940530410506 -0.65874600638118042 2.3502401828962087 0.88034054506958148
decision_type=8 2 2 10 2 10
left_child=1 4 3 -3 5 -1
right_child=-2 2 -4 -5 -6 -7
leaf_value=-0.00033755335247522976 7.536451707505357e-05 -0.0021839176465123255 0.0012120962654201804 0.00099188500976103927 -0.00091374420368223316 0.001479926924493715
leaf_weight=86.989103502302896 1932.1439930746274 110.2104699445772 18.721236146928277 16.202689245576039 108.59464164046221 86.809571854304522
leaf_count=1415 23007 1412 234 194 1895 794
internal_value=-2.24466e-05 -0.000456108 -0.00130034 -0.00173399 7.41101e-06 0.000601376
internal_weight=2359.67 427.528 145.134 126.413 282.393 173.799
internal_count=28951 5944 1840 1606 4104 2209
is_linear=0
shrinkage=0.03


Tree=392
num_leaves=7
num_cat=0
split_feature=7 8 22 28 31 10
split_gain=0.12716 0.179478 0.171329 0.167136 0.239873 0.205964
threshold=0.10196185586319181 0.20776715547147986 0.03361938793934633 0.13585166633129123 0.86407446861267101 -0.014004917517590794
decision_type=2 2 2 10 8 2
left_child=1 3 -2 4 -1 -6
right_child=2 -3 -4 -5 5 -7
leaf_value=-0.0015055392666982648 -0.00098028287731044008 0.0014998751727359045 0.00062773631653353262 0.0002442128602172884 0.00043917432818538438 -0.00048905759738826059
leaf_weight=119.95490014366806 245.60134210638353 61.52442067512311 70.20824279950466 996.80109869060107 346.44351209676825 533.7990087174112
leaf_count=1190 2257 677 646 10540 5902 7828
internal_value=-6.38002e-05 2.3249e-05 -0.000614506 -2.94901e-05 -0.000301981 -0.000122897
internal_weight=2374.33 2058.52 315.81 1997 1000.2 880.243
internal_count=29040 26137 2903 25460 14920 13730
is_linear=0
shrinkage=0.03


Tree=393
num_leaves=7
num_cat=0
split_feature=14 0 5 29 40 28
split_gain=0.126121 0.115117 0.102187 0.175469 0.215441 0.151296
threshold=0.54871700466447615 0.5637599454446881 -0.16598456877572784 -9.0849843025207502 1.5000000000000002 0.36967353522777563
decision_type=2 2 2 10 2 8
left_child=1 2 3 -1 -5 -4
right_child=-2 -3 5 4 -6 -7
leaf_value=-0.0023458260441280216 -0.0017441546390056526 0.0019925307508966541 -0.00021066923403385561 0.00094595983823549329 -0.0014287796051872669 0.00028946794828404673
leaf_weight=33.702497492078692 26.701985940337181 16.545467320305761 997.90988968402962 67.700253217248246 51.741745098028332 1174.3163641402789
leaf_count=506 114 177 14191 1041 730 12267
internal_value=8.96428e-07 2.81244e-05 5.67513e-06 -0.000718581 -0.000113673 5.97949e-05
internal_weight=2368.62 2341.92 2325.37 153.144 119.442 2172.23
internal_count=29026 28912 28735 2277 1771 26458
is_linear=0
shrinkage=0.03


Tree=394
num_leaves=7
num_cat=0
split_feature=4 6 12 14 12 13
split_gain=0.210457 0.147933 0.125148 0.187356 0.258749 0.229759
threshold=-0.26395813641143168 -0.009495996265989461 1.0261869549112583 0.23852598004373837 0.91420160896898706 1.8688348091416842
decision_type=2 2 2 2 2 2
left_child=1 -1 3 4 5 -2
right_child=2 -3 -4 -5 -6 -7
leaf_value=-0.00013595449602835257 0.0015996479078036279 0.0031506682071444679 -0.0003429586091578486 -0.0013497907665899354 0.0015569725698128185 -3.6145127271912038e-05
leaf_weight=18.861873880319763 72.434885241556913 21.712602405517828 861.92941756173968 65.254176959395409 104.08872131630778 1229.6568840487744
leaf_count=359 833 318 4815 323 800 21662
internal_value=-1.67491e-05 0.00189803 -5.80024e-05 0.000110106 0.000186906 6.63515e-05
internal_weight=2373.94 40.5745 2333.36 1471.43 1406.18 1302.09
internal_count=29110 677 28433 23618 23295 22495
is_linear=0
shrinkage=0.03


Tree=395
num_leaves=7
num_cat=0
split_feature=40 3 33 10 42 39
split_gain=0.176228 0.222368 0.290337 0.181735 0.196756 0.29662
threshold=1.5000000000000002 -0.021637042932224095 -0.29191208879152925 0.022299581761361213 2.5000000000000004 2.5000000000000004
decision_type=2 2 8 2 2 2
left_child=-1 3 -3 4 5 -2
right_child=1 2 -4 -5 -6 -7
leaf_value=0.00019199053303368082 -0.0025219732399339341 0.0025419074909550747 -0.00046042439920117046 6.4993576400992738e-05 0.00062065098657785743 -0.00062378399173244859
leaf_weight=1568.02099520099 96.583646677900106 42.231419778661802 59.482528149848804 273.02379896611092 58.33467666443903 277.69537464881432
leaf_count=19516 1268 478 607 3051 591 3555
internal_value=6.82783e-06 -0.00035074 0.00090209 -0.000541411 -0.000916937 -0.0011665
internal_weight=2375.37 807.351 101.714 705.637 432.614 374.279
internal_count=29066 9550 1085 8465 5414 4823
is_linear=0
shrinkage=0.03


Tree=396
num_leaves=7
num_cat=0
split_feature=10 37 23 23 44 11
split_gain=0.129731 0.209529 0.191252 0.188434 0.19003 0.215332
threshold=-0.068081507655543633 -0.97674029645594651 -1.0000000180025095e-35 -0.15660405789220874 5.5000000000000009 0.0090715727597137936
decision_type=2 10 2 2 8 2
left_child=1 2 -1 4 -2 -6
right_child=3 -3 -4 -5 5 -7
leaf_value=0.00037208870381756696 0.00024909623763687727 5.9385228575624128e-05 -0.0022934360007026452 0.00032330339466171286 -0.00010821373726690102 -0.0018965313995076578
leaf_weight=30.928689466003561 232.56225874932716 223.19694933082792 71.429111066245241 1575.7598111026164 132.54323373545776 103.68331863280036
leaf_count=673 2974 2656 1294 18127 1894 1460
internal_value=7.74751e-05 -0.000469893 -0.00152658 0.000166496 -0.000356332 -0.000938279
internal_weight=2370.1 325.555 102.358 2044.55 468.789 236.227
internal_count=29078 4623 1967 24455 6328 3354
is_linear=0
shrinkage=0.03


Tree=397
num_leaves=7
num_cat=0
split_feature=35 29 33 45 46 0
split_gain=0.117452 0.156003 0.154781 0.127527 0.515021 0.345296
threshold=-4.0019205439835774 -2.3632882833480831 -2.9949326117833452 0.13392857142857145 23.500000000000004 0.018549211001564151
decision_type=8 8 10 8 10 2
left_child=1 -1 -3 4 -2 -6
right_child=3 2 -4 -5 5 -7
leaf_value=0.0019986561695392972 0.0018561161804132003 0.0014017580992397103 -0.0010746748654701867 -0.00020962244932013261 -0.0012035947191138146 0.00088011351877603707
leaf_weight=47.187365080375457 130.15653648425359 28.27582352317404 45.923198222822975 1821.3616258401598 166.0258144303225 111.46625478100032
leaf_count=714 1207 453 593 23282 1710 944
internal_value=-5.12013e-05 0.000820877 -7.65545e-05 -0.000102147 0.000371574 -0.000365087
internal_weight=2350.4 121.386 74.199 2229.01 407.649 277.492
internal_count=28903 1760 1046 27143 3861 2654
is_linear=0
shrinkage=0.03


Tree=398
num_leaves=7
num_cat=0
split_feature=0 26 7 50 14 46
split_gain=0.112923 0.15656 0.250293 0.172504 0.141008 0.134658
threshold=-0.082834659705539646 -2.3080271482467647 0.016782448756189793 0.13392857142857148 0.017016422102197667 48.500000000000007
decision_type=2 10 2 2 2 10
left_child=1 2 5 -3 -2 -1
right_child=4 3 -4 -5 -6 -7
leaf_value=0.0016158133666088353 -0.0019464764516421995 -0.00071494077743895865 -0.0014969998077769106 0.0014324770355476862 0.0001751224258053849 -0.00035954495288659173
leaf_weight=94.621249530377099 18.723046220140532 482.92397767299553 36.361855762137566 26.95006584218936 1660.5331877907738 39.68938300118316
leaf_count=1710 2133 6922 426 411 16735 619
internal_value=7.99093e-06 -0.000315261 0.000452638 -0.000576065 0.000140085 0.00104762
internal_weight=2359.8 680.547 170.672 509.874 1679.26 134.311
internal_count=28956 10088 2755 7333 18868 2329
is_linear=0
shrinkage=0.03


Tree=399
num_leaves=7
num_cat=0
split_feature=7 22 7 37 46 1
split_gain=0.128281 0.149401 0.122841 0.202922 0.185383 0.166772
threshold=0.16246119208711216 0.026474360494977523 -0.099986507532864879 2.3990012626116628 75.500000000000014 -0.24275502304883051
decision_type=2 2 2 8 8 2
left_child=2 -2 3 4 -1 -5
right_child=1 -3 -4 5 -6 -7
leaf_value=0.0016247727240833799 -0.0015521895504867775 0.00089900205715657188 0.0001527810860642858 0.00058801835836069913 -0.0006946115769461672 -0.0026784092469687719
leaf_weight=37.151630902371835 77.040914462995715 22.742111426196061 2094.3196747102629 14.602580665494314 80.789024842059007 45.989872692734934
leaf_count=907 685 209 24406 238 1894 639
internal_value=3.94026e-05 -0.000962524 8.74129e-05 -0.000646833 0.00010589 -0.00191943
internal_weight=2372.64 99.783 2272.85 178.533 117.941 60.5925
internal_count=28978 894 28084 3678 2801 877
is_linear=0
shrinkage=0.03


end of trees

feature_importances:
Column_14=135
Column_0=122
Column_3=106
Column_8=106
Column_2=98
Column_6=94
Column_28=85
Column_23=83
Column_7=82
Column_31=82
Column_10=81
Column_20=79
Column_9=76
Column_46=72
Column_22=69
Column_11=67
Column_5=66
Column_12=66
Column_34=57
Column_24=56
Column_33=55
Column_4=53
Column_1=52
Column_29=50
Column_27=49
Column_35=43
Column_37=43
Column_30=42
Column_36=37
Column_15=33
Column_26=32
Column_25=26
Column_45=26
Column_39=25
Column_13=19
Column_47=19
Column_42=15
Column_50=15
Column_17=14
Column_40=11
Column_51=11
Column_44=9
Column_18=8
Column_43=8
Column_16=6
Column_21=6
Column_41=5
Column_49=5
Column_48=1

parameters:
[boosting: gbdt]
[objective: custom]
[metric: custom]
[tree_learner: serial]
[device_type: cpu]
[data_sample_strategy: bagging]
[data: ]
[valid: ]
[num_iterations: 100]
[learning_rate: 0.03]
[num_leaves: 7]
[num_threads: 4]
[seed: 2]
[deterministic: 0]
[force_col_wise: 0]
[force_row_wise: 0]
[histogram_pool_size: -1]
[max_depth: -1]
[min_data_in_leaf: 200]
[min_sum_hessian_in_leaf: 0.001]
[bagging_fraction: 0.8]
[pos_bagging_fraction: 1]
[neg_bagging_fraction: 1]
[bagging_freq: 1]
[bagging_seed: 29216]
[bagging_by_query: 0]
[feature_fraction: 0.7]
[feature_fraction_bynode: 1]
[feature_fraction_seed: 17795]
[extra_trees: 0]
[extra_seed: 19650]
[early_stopping_round: 0]
[early_stopping_min_delta: 0]
[first_metric_only: 0]
[max_delta_step: 0]
[lambda_l1: 0]
[lambda_l2: 10]
[linear_lambda: 0]
[min_gain_to_split: 0]
[drop_rate: 0.1]
[max_drop: 50]
[skip_drop: 0.5]
[xgboost_dart_mode: 0]
[uniform_drop: 0]
[drop_seed: 24198]
[top_rate: 0.2]
[other_rate: 0.1]
[min_data_per_group: 100]
[max_cat_threshold: 32]
[cat_l2: 10]
[cat_smooth: 10]
[max_cat_to_onehot: 4]
[top_k: 20]
[monotone_constraints: ]
[monotone_constraints_method: basic]
[monotone_penalty: 0]
[feature_contri: ]
[forcedsplits_filename: ]
[refit_decay_rate: 0.9]
[cegb_tradeoff: 1]
[cegb_penalty_split: 0]
[cegb_penalty_feature_lazy: ]
[cegb_penalty_feature_coupled: ]
[path_smooth: 0]
[interaction_constraints: ]
[verbosity: -1]
[saved_feature_importance_type: 0]
[use_quantized_grad: 0]
[num_grad_quant_bins: 4]
[quant_train_renew_leaf: 0]
[stochastic_rounding: 1]
[linear_tree: 0]
[max_bin: 255]
[max_bin_by_feature: ]
[min_data_in_bin: 3]
[bin_construct_sample_cnt: 200000]
[data_random_seed: 45]
[is_enable_sparse: 1]
[enable_bundle: 1]
[use_missing: 1]
[zero_as_missing: 0]
[feature_pre_filter: 1]
[pre_partition: 0]
[two_round: 0]
[header: 0]
[label_column: ]
[weight_column: ]
[group_column: ]
[ignore_column: ]
[categorical_feature: ]
[forcedbins_filename: ]
[precise_float_parser: 0]
[parser_config_file: ]
[objective_seed: 29484]
[num_class: 1]
[is_unbalance: 0]
[scale_pos_weight: 1]
[sigmoid: 1]
[boost_from_average: 1]
[reg_sqrt: 0]
[alpha: 0.9]
[fair_c: 1]
[poisson_max_delta_step: 0.7]
[tweedie_variance_power: 1.5]
[lambdarank_truncation_level: 30]
[lambdarank_norm: 1]
[label_gain: ]
[lambdarank_position_bias_regularization: 0]
[eval_at: ]
[multi_error_top_k: 1]
[auc_mu_weights: ]
[num_machines: 1]
[local_listen_port: 12400]
[time_out: 120]
[machine_list_filename: ]
[machines: ]
[gpu_platform_id: -1]
[gpu_device_id: -1]
[gpu_device_id_list: ]
[gpu_use_dp: 0]
[num_gpu: 1]

end of parameters

pandas_categorical:null
