tree
version=v4
num_class=1
num_tree_per_iteration=1
label_index=0
max_feature_idx=38
feature_names=Column_0 Column_1 Column_2 Column_3 Column_4 Column_5 Column_6 Column_7 Column_8 Column_9 Column_10 Column_11 Column_12 Column_13 Column_14 Column_15 Column_16 Column_17 Column_18 Column_19 Column_20 Column_21 Column_22 Column_23 Column_24 Column_25 Column_26 Column_27 Column_28 Column_29 Column_30 Column_31 Column_32 Column_33 Column_34 Column_35 Column_36 Column_37 Column_38
feature_infos=[-1.5:1.1366362033976634] [-0.65509124764268645:0.40510447387519971] [-0.85251175772068255:0.49893240555510682] [-0.67920672704701235:0.43885498450226607] [-0.42493206354631741:0.15687577236922162] [-0.64756721121716898:0.33647699784215573] [-1.3040108624960967:1.1608720758041358] [-0.57986229449180005:0.45489627323880977] [-0.70614378539769462:0.58837320072104526] [-0.54731417487356271:0.51819999363361069] [-0.29734186309896704:0.26478717780513195] [-0.57618913033216312:0.35589300273507235] [-5.0445154593868349:3.6754640327949004] [0.69314718055994529:3.1780538303479458] [0.00017214709266177869:0.85598412553983372] [1:5] [0:5] [0:5] [0:1] [0:1] [-0.78271514402617004:0.72283178928922986] [0:1] [-0.70084045237270542:0.72283178928922986] [-3:2.1650119469014046] [0:24] [-2.3232332583606072:3.1220677019308267] [-75.649192810058594:16.799999237060547] [-77.407508850097656:14.32053279876709] [-113.28507995605469:13.934700965881348] [-65.764854431152344:82.94964599609375] [-216.87321472167969:32.5] [-67.799999237060547:237.32306671142578] [0:1] [-24.34213415781657:16.799999237060547] [-89.101097106933594:32.5] [-70.730913675257142:15.425550371408463] [-22.543879124940716:15.343613442964852] [-69.293544291953253:31.116615288425237] [0:1]
tree_sizes=910 908 918 917 909 919 907 916 909 919 922 919 921 920 921 918 915 914 918 913 916 920 917 915 915 919 916 923 925 921 922 924 924 919 918 923 925 926 922 921 921 920 919 926 918 922 930 926 919 923 930 922 928 925 925 923 930 928 927 934 924 924 925 927 925 924 926 924 926 926 920 925 927 925 927 929 923 931 929 929 921 927 938 926 927 925 928 923 928 925 931 924 933 919 932 931 935 925 924 927 931 929 933 926 925 931 927 933 926 934 927 934 931 931 926 925 931 935 933 924 922 927 932 926 922 934 926 932 932 918 930 933 930 930 928 935 926 926 930 928 936 934 928 932 928 929 925 935 921 931 927 931 932 923 921 928 928 937 933 933 926 925 929 925 932 933 922 920 928 921 923 930 927 928 928 935 926 932 932 924 923 931 927 932 928 922 924 929 934 930 925 929 930 929 926 923 926 931 933 926 928 929 928 935 920 934 928 929 926 925 926 936 926 934 935 926 933 927 925 926 937 924 925 927 939 928 923 927 926 932 929 930 926 932 928 928 925 920 922 926 929 924 923 935 920 931 933 934 931 935 932 925 930 931 928 928 924 926 928 931 932 927 931 927 928 928 922 923 919 931 929 920 934 930 930 921 922 928 930 934 931 924 926 931 923 933 917 940 927 923 923 918 925 925 930 916 930 926 928 934 922 932 925 924 922 924 929 915 924 928 927 929 927 925 928 924 933 924 923 919 927 921 934 923 931 920 933 922 927 921 923 923 924 933 925 924 923 928 929 929 932 917 926 923 913 934 928 925 929 926 930 921 931 928 930 925 928 922 918 924 918 926 927 926 937 926 919 917 920 925 920 925 924 919 936 927 930 927 933 924 933 927 930 932 922 931 933 930 926 931 927 930 926 920 933 920 925 921 925 929

Tree=0
num_leaves=7
num_cat=0
split_feature=7 6 28 9 28 23
split_gain=11.5138 5.8889 2.3156 1.34302 1.09526 1.00059
threshold=-0.020371819932996756 0.25800267363092039 1.8145318627357485 0.026092893121989418 2.7236564159393315 0.45464867897238254
decision_type=2 2 8 2 8 2
left_child=-1 2 3 5 -3 -2
right_child=1 4 -4 -5 -6 -7
leaf_value=-0.0033080366499105953 -0.0016018348065296884 0.0041584607141974539 0.0023294330958461948 0.0010472909878048798 0.0094730459094680367 0.0022866945394756557
leaf_weight=656.17890724047902 513.20865372353001 208.45414828008506 454.26625085185515 414.67124840372708 46.742232542019337 58.346368297876325
leaf_count=9558 6415 2303 4812 4466 441 697
internal_value=3.66809e-05 0.00134279 0.000582164 -0.00023795 0.00545239 -0.00117239
internal_weight=2351.87 1695.69 1440.49 986.226 255.196 571.555
internal_count=28692 19134 16390 11578 2744 7112
is_linear=0
shrinkage=0.03


Tree=1
num_leaves=7
num_cat=0
split_feature=0 0 9 28 28 0
split_gain=10.1831 4.17796 2.18914 1.8055 1.48892 1.3172
threshold=0.12052974880660025 -0.053351463142832671 0.02024585362907461 2.7236564159393315 3.0200256109237675 0.40629810526123383
decision_type=2 2 2 10 8 2
left_child=1 -1 -3 5 -4 -2
right_child=3 2 4 -5 -6 -7
leaf_value=-0.0025741166026594293 0.0022862785657240116 -0.00098086548974361072 0.0007263613034488442 0.0082930830866728682 0.0044700573639004614 0.0074385634193563808
leaf_weight=811.4615831761912 355.19797510028002 573.55478990569827 370.01822537407861 66.253605896490626 121.48719339660602 45.326922830601688
leaf_count=10953 3873 7308 3985 599 1264 591
internal_value=2.36832e-05 -0.000966403 0.000271052 0.00394077 0.00172239 0.00303635
internal_weight=2343.3 1876.52 1065.06 466.779 491.505 400.525
internal_count=28573 23510 12557 5063 5249 4464
is_linear=0
shrinkage=0.03


Tree=2
num_leaves=7
num_cat=0
split_feature=0 1 8 22 6 3
split_gain=10.3729 4.42489 1.62317 1.34389 1.34024 1.18386
threshold=0.12052974880660025 -0.024604083684933286 0.12644176053820602 0.034715597582891805 0.33929199159742401 -0.23845042274485165
decision_type=2 2 2 2 2 2
left_child=1 3 5 -1 -2 -3
right_child=4 2 -4 -5 -6 -7
leaf_value=-0.0034454611654064085 0.0027108737087912808 -0.0028016487943786734 0.0030544495031328152 -0.00061045752450666468 0.0063531144217282417 0.0001748226766813189
leaf_weight=599.62662378206733 329.02395120274741 131.60608171412605 143.50934854286606 206.36338636625442 136.06766611218336 791.7409331179806
leaf_count=8136 3486 1894 1718 2948 1570 8806
internal_value=-7.37546e-05 -0.00107295 0.000197165 -0.00273597 0.00388775 -0.00027489
internal_weight=2337.94 1872.85 1066.86 805.99 465.092 923.347
internal_count=28558 23502 12418 11084 5056 10700
is_linear=0
shrinkage=0.03


Tree=3
num_leaves=7
num_cat=0
split_feature=1 1 8 1 9 22
split_gain=8.25439 2.97254 1.49064 1.26674 1.11967 1.0802
threshold=0.016985949811564666 -0.053224175847243878 0.10685066761287672 0.095387891846403505 0.02024585362907461 0.10134777681395037
decision_type=2 2 2 2 2 2
left_child=1 5 4 -2 -3 -1
right_child=3 2 -4 -5 -6 -7
leaf_value=-0.0031190903818091209 0.0020055195969736123 -0.0015284212319133532 0.0024239564870553402 0.005021328915275354 0.00061355269321251946 0.00034127715923496811
leaf_weight=561.4010333174374 458.71233137324452 479.41864668816561 170.26148225774523 178.73441992831067 390.76043071722961 92.471418120490853
leaf_count=7998 4568 6241 2078 1837 4294 1452
internal_value=3.21232e-05 -0.00106347 -6.20732e-05 0.00291562 -0.000570509 -0.00263195
internal_weight=2331.76 1694.31 1040.44 637.447 870.179 653.872
internal_count=28468 22063 12613 6405 10535 9450
is_linear=0
shrinkage=0.03


Tree=4
num_leaves=7
num_cat=0
split_feature=0 7 9 28 28 8
split_gain=9.32091 5.51426 2.49678 1.67547 1.20319 1.15784
threshold=0.13655568528558773 -0.024091166803862328 0.0054541300413041985 2.672078132629395 2.466056346893311 0.19344850867118132
decision_type=2 2 2 8 8 2
left_child=1 -1 5 -2 -4 -3
right_child=3 2 4 -5 -6 -7
leaf_value=-0.0033259900485359075 0.002916908197796783 -0.0015472311572447028 0.00059444628726524089 0.0079094221448690934 0.0034023796402906838 0.0040179404867006323
leaf_weight=593.85930274135899 348.45111468227697 589.4317843960016 524.35930692296824 71.743629631586373 178.98663716943702 26.204558394267224
leaf_count=8779 3925 7373 5638 689 1785 359
internal_value=-5.8751e-05 -0.000951597 0.000134434 0.00393337 0.00134668 -0.00124991
internal_weight=2333.04 1912.84 1318.98 420.195 703.346 615.636
internal_count=28548 23934 15155 4614 7423 7732
is_linear=0
shrinkage=0.03


Tree=5
num_leaves=7
num_cat=0
split_feature=7 6 9 2 20 6
split_gain=8.86134 4.15529 2.3184 0.974241 0.956158 0.8692
threshold=-0.013393252429414275 0.33929199159742401 0.0054541300413041985 -0.11486646534770416 0.035384276746642893 0.01958772521940336
decision_type=2 2 2 2 2 2
left_child=4 2 3 -2 -1 -5
right_child=1 -3 -4 5 -6 -7
leaf_value=-0.0032959709374587886 -0.0017002504923909567 0.006145610198898404 0.0019199892986445336 -0.0012457038052136231 -0.00070618614804009302 0.0016177269238566386
leaf_weight=540.33460404806829 300.8530221307301 135.68888818941195 793.70825158341904 144.26989371160744 175.72133873167331 242.50258175446652
leaf_count=7658 3936 1509 8179 1762 2665 2803
internal_value=7.73321e-05 0.00130683 0.000825361 -0.00044755 -0.00267891 0.000545163
internal_weight=2333.08 1617.02 1481.33 687.625 716.056 386.772
internal_count=28512 18189 16680 8501 10323 4565
is_linear=0
shrinkage=0.03


Tree=6
num_leaves=7
num_cat=0
split_feature=0 7 9 0 28 8
split_gain=8.58364 4.8279 1.9253 1.57933 1.22005 1.10136
threshold=0.12052974880660025 -0.024091166803862328 0.010053427755530033 0.40629810526123383 2.466056346893311 0.19344850867118132
decision_type=2 2 2 2 8 2
left_child=1 -1 5 -2 -4 -3
right_child=3 2 4 -5 -6 -7
leaf_value=-0.0032253222106792163 0.002697884234825791 -0.0014405488650643034 0.00038033272953861961 0.0077754156891491266 0.0032959263676972626 0.0038107327846099229
leaf_weight=589.90437327494146 409.83629239135189 597.08310183952563 485.29023328490439 59.686186665378045 167.64644371153554 28.735282302601263
leaf_count=8734 4337 7520 5260 706 1687 359
internal_value=-9.0885e-05 -0.00100493 3.64395e-05 0.00349203 0.00116736 -0.00114329
internal_weight=2338.18 1868.66 1278.76 469.522 652.937 625.818
internal_count=28603 23560 14826 5043 6947 7879
is_linear=0
shrinkage=0.03


Tree=7
num_leaves=7
num_cat=0
split_feature=7 6 8 3 14 14
split_gain=8.36766 4.4593 1.63548 1.48484 0.911216 0.892639
threshold=-0.016281289747916691 0.25800267363092039 0.17882094874433499 -0.23124022824059742 0.34198608790104729 0.2277947556113353
decision_type=2 2 2 2 2 2
left_child=-1 2 3 -2 -3 -5
right_child=1 4 -4 5 -6 -7
leaf_value=-0.0028185586345814387 -0.0021622517478973925 0.005320366007185523 0.0041116967209127381 0.0011122291812743013 -0.00021543213921312699 -0.00073292516123432737
leaf_weight=686.74638786910509 202.06083863999811 222.4163625878864 90.605495458090445 794.2414766010188 29.383798345923424 325.87268166989088
leaf_count=9985 2829 2544 1043 10563 123 1541
internal_value=-5.60292e-05 0.00109372 0.000424142 0.000142476 0.00469081 0.000573687
internal_weight=2351.33 1664.58 1412.78 1322.17 251.8 1120.11
internal_count=28628 18643 15976 14933 2667 12104
is_linear=0
shrinkage=0.03


Tree=8
num_leaves=7
num_cat=0
split_feature=0 0 9 28 28 9
split_gain=7.41883 3.3825 1.6301 1.46841 1.27265 1.21686
threshold=-0.053351463142832671 0.14627105653835051 0.017728591276973783 2.672078132629395 2.9509787559509282 -0.016196016588632792
decision_type=2 2 2 10 8 2
left_child=5 2 -2 -3 -4 -1
right_child=1 3 4 -5 -6 -7
leaf_value=-0.0038031240128269996 -0.00074311591808728873 0.0026011677606518589 0.00064554038405804036 0.0075521824113748276 0.0039666232204951879 -0.0013853398802814924
leaf_weight=310.06652572521125 593.94083962895093 340.69658609456383 406.64020067028468 60.695768456207588 131.98215720022563 499.9741563803982
leaf_count=4813 7543 3853 4373 558 1338 6222
internal_value=-4.00436e-05 0.00118493 0.000335517 0.0035152 0.0015168 -0.00234591
internal_weight=2344 1533.96 1132.56 401.392 538.622 810.041
internal_count=28700 17665 13254 4411 5711 11035
is_linear=0
shrinkage=0.03


Tree=9
num_leaves=7
num_cat=0
split_feature=0 1 28 9 28 3
split_gain=7.30482 3.38638 1.38307 1.2471 1.14544 0.992062
threshold=0.13997435442498815 -0.0010476205091561506 2.7236564159393315 0.023468341943540728 1.7780444622039797 -0.32866954310102664
decision_type=2 2 8 2 8 2
left_child=1 3 -2 -1 -3 -6
right_child=2 4 -4 -5 5 -7
leaf_value=-0.0028879991328561731 0.0026263365778304844 -0.00028780874154009698 0.0072103433758846274 -0.00068763796934295969 -0.0035992752599651599 0.0023138761659064655
leaf_weight=584.42704433752806 349.23580303171184 600.81358225239092 69.442080393433571 392.96412272087764 18.888773783342913 313.45663472445449
leaf_count=8352 3914 7194 644 4698 266 3480
internal_value=-3.78627e-06 -0.000794114 0.00353711 -0.00201926 0.000496907 0.00188248
internal_weight=2329.23 1910.55 418.678 977.391 933.159 332.345
internal_count=28548 23990 4558 13050 10940 3746
is_linear=0
shrinkage=0.03


Tree=10
num_leaves=7
num_cat=0
split_feature=7 6 28 23 9 20
split_gain=7.14661 3.45538 1.77951 1.19582 0.916437 0.854372
threshold=-0.016281289747916691 0.28806393323660878 2.0158771276474003 0.54077549956998283 0.0054541300413041985 0.10132930415284148
decision_type=2 2 8 2 2 2
left_child=5 2 3 4 -2 -1
right_child=1 -3 -4 -5 -6 -7
leaf_value=-0.0030016829589346533 -0.001438268328532264 0.0045753430252837637 0.0021505616650254371 0.0031540722404706156 0.00041218313569556957 3.5026896229400433e-05
leaf_weight=582.4293490415439 444.5829207013594 208.52868513311842 417.25271880382206 80.156734772230266 505.14107235209667 96.776102853473276
leaf_count=8458 5637 2201 4433 919 5381 1529
internal_value=-5.53845e-06 0.00105757 0.000522749 -0.000151093 -0.000460007 -0.00257477
internal_weight=2334.87 1655.66 1447.13 1029.88 949.724 679.205
internal_count=28558 18571 16370 11937 11018 9987
is_linear=0
shrinkage=0.03


Tree=11
num_leaves=7
num_cat=0
split_feature=0 7 3 31 7 4
split_gain=7.07822 3.78434 1.49952 1.13513 1.00182 0.739312
threshold=0.13326998848160362 -0.021188254162003924 -0.22324057293262708 7.9284871779382238 0.11917742429786461 -0.17231842549441675
decision_type=2 2 2 8 2 2
left_child=1 -1 -3 -4 -2 -5
right_child=4 2 3 5 -6 -7
leaf_value=-0.0026899850408443182 0.0023280568314436355 -0.0020409421856231939 -2.1494757304151471e-05 -0.00080777608962009624 0.0055091653176046335 0.0027407735705543253
leaf_weight=606.27676864326349 302.37106811761623 218.37994779428118 739.47922158130677 60.509688139660284 138.04627170047024 266.31964317741222
leaf_count=8999 3306 3135 7211 901 1404 3557
internal_value=4.40795e-05 -0.000757311 0.000168499 0.00063575 0.00342533 0.00207931
internal_weight=2331.38 1890.97 1284.69 1066.31 440.417 326.829
internal_count=28513 23803 14804 11669 4710 4458
is_linear=0
shrinkage=0.03


Tree=12
num_leaves=7
num_cat=0
split_feature=7 6 28 9 2 9
split_gain=5.75791 3.23359 1.61137 1.13534 0.894527 0.847331
threshold=-0.024091166803862328 0.33929199159742401 2.7757409811019902 0.0054541300413041985 0.020920523852352105 0.062223260416881032
decision_type=2 2 8 2 2 2
left_child=5 2 3 -2 -4 -1
right_child=1 -3 4 -5 -6 -7
leaf_value=-0.0030930061920491419 -0.00095862995064658284 0.0051177805292198604 0.0016616176943391821 0.00084243028243666707 0.0063571599679334316 -0.00044157053735082011
leaf_weight=460.4436886178737 583.01878252110328 139.84154837153619 301.7424622180406 661.91004336817423 34.407976047485135 145.79331108770566
leaf_count=7235 7207 1527 3329 6936 367 1857
internal_value=1.74718e-05 0.000903977 0.000501457 -1.95087e-06 0.00231202 -0.00247288
internal_weight=2327.16 1720.92 1581.08 1244.93 336.15 606.237
internal_count=28458 19366 17839 14143 3696 9092
is_linear=0
shrinkage=0.03


Tree=13
num_leaves=7
num_cat=0
split_feature=0 7 2 0 34 4
split_gain=6.36137 3.55854 1.55069 1.12101 0.945391 0.64256
threshold=0.12052974880660025 -0.024091166803862328 -0.11384991049432627 0.40629810526123383 -7.5002033313115435 -0.059176521519506295
decision_type=2 2 2 2 10 2
left_child=1 -1 5 -2 -4 -3
right_child=3 2 4 -5 -6 -7
leaf_value=-0.0026636828898470824 0.0024817775173079093 -0.0015711448307394341 0.0034260626595131833 0.0068662851063658126 0.00057090028551925131 0.00068362427516487122
leaf_weight=577.69929331216554 413.13997271668632 426.45808727113763 118.84279049283941 56.558817315089982 582.43606778769754 147.33589432976441
leaf_count=8652 4348 5129 1718 686 6148 1776
internal_value=6.1382e-05 -0.000732231 0.000156773 0.00314187 0.00109612 -0.000990384
internal_weight=2322.47 1852.77 1275.07 469.699 701.279 573.794
internal_count=28457 23423 14771 5034 7866 6905
is_linear=0
shrinkage=0.03


Tree=14
num_leaves=7
num_cat=0
split_feature=0 7 28 7 14 9
split_gain=5.99592 3.30164 1.40587 1.1061 0.905352 0.94964
threshold=0.14332896383286889 -0.018207413947412359 2.9509787559509282 0.11917742429786461 0.41385917847164688 0.023468341943540728
decision_type=2 2 8 2 2 2
left_child=1 -1 4 -2 5 -3
right_child=3 2 -4 -5 -6 -7
leaf_value=-0.0024103553300482534 0.0020745219611474496 -0.00089683582447205239 0.002060325159414659 0.0054496749253105988 -0.0038323933087977893 0.00098962834909228112
leaf_weight=632.77331254949968 275.15986677550245 543.31153439491754 280.36481071129674 136.31720933088218 51.581016704440117 414.40222253510728
leaf_count=9369 3048 6812 3167 1386 212 4553
internal_value=5.36086e-05 -0.000653734 0.000220068 0.00329544 -0.000306321 -7.87724e-05
internal_weight=2333.91 1922.43 1289.66 411.477 1009.29 957.714
internal_count=28547 24113 14744 4434 11577 11365
is_linear=0
shrinkage=0.03


Tree=15
num_leaves=7
num_cat=0
split_feature=6 7 2 28 9 7
split_gain=5.53773 2.12251 1.78456 1.17638 1.02024 0.901822
threshold=0.074773325052908665 -0.031371926671917141 -0.15518417183766275 2.8385466337203984 0.013910249214652769 0.12526411000843354
decision_type=2 2 2 8 2 2
left_child=1 -1 -2 5 -3 -4
right_child=2 4 3 -5 -6 -7
leaf_value=-0.0027605665570914614 -0.00032113939783352455 -0.0012791811942786397 0.0012313097114256958 0.0051407540475434882 0.00069072681697181248 0.0042092304410750875
leaf_weight=488.33600304790889 255.56777085113572 479.49504232415347 419.49572388030356 126.70487950189272 449.07088089731405 113.04831795606879
leaf_count=7488 3271 6149 4396 1238 4853 1121
internal_value=-8.74875e-06 -0.0011807 0.00179956 0.00261419 -0.00032929 0.00192939
internal_weight=2331.72 1416.9 914.817 659.249 928.566 532.544
internal_count=28516 18490 10026 6755 11002 5517
is_linear=0
shrinkage=0.03


Tree=16
num_leaves=7
num_cat=0
split_feature=0 0 9 28 5 28
split_gain=5.63298 2.35869 1.13992 1.00448 0.975336 0.890798
threshold=-0.053351463142832671 0.13326998848160362 0.02024585362907461 2.672078132629395 0.005732849572629266 3.0200256109237675
decision_type=2 2 2 8 2 8
left_child=4 2 -2 -3 -1 -4
right_child=1 3 5 -5 -6 -7
leaf_value=-0.0024450594524401737 -0.00052716869969184218 0.0021797342349976464 0.00063549018666458196 0.0059389512326971441 0.00034774928297762116 0.0034972195473284952
leaf_weight=657.62154604165698 592.40176034107571 370.78102705406491 381.05274355353322 75.659568862291053 132.59085347945802 124.77111749537289
leaf_count=9273 7504 4043 4124 703 1622 1280
internal_value=6.74696e-05 0.00111985 0.000362983 0.00293298 -0.00197796 0.0013955
internal_weight=2334.88 1544.67 1098.23 446.441 790.212 505.824
internal_count=28549 17654 12908 4746 10895 5404
is_linear=0
shrinkage=0.03


Tree=17
num_leaves=7
num_cat=0
split_feature=0 0 0 28 2 9
split_gain=5.24078 2.353 1.19663 1.13169 1.05242 1.01859
threshold=-0.053351463142832671 0.13655568528558773 0.46586906684600954 2.1990497112274174 -0.13500408615291118 0.010939286986388812
decision_type=2 2 2 8 2 2
left_child=5 3 -3 -2 -5 -1
right_child=1 2 -4 4 -6 -7
leaf_value=-0.0029942280724468209 -0.00035786184878395773 0.002279279939734809 0.0076820970478438961 -0.00037877056822604289 0.0030132870716205189 -0.00081748904503537952
leaf_weight=413.04153372849396 774.55737009915174 394.03392669948516 33.977316146483645 131.1043369990075 202.4075449234806 375.34769333945587
leaf_count=6269 9271 4158 417 1564 2194 4600
internal_value=-7.33371e-06 0.00101197 0.00287377 0.000273539 0.00170765 -0.00198111
internal_weight=2324.47 1536.08 428.011 1108.07 333.512 788.389
internal_count=28473 17604 4575 13029 3758 10869
is_linear=0
shrinkage=0.03


Tree=18
num_leaves=7
num_cat=0
split_feature=0 7 8 6 3 23
split_gain=5.43827 2.02158 1.63478 1.23357 0.948769 0.85547
threshold=0.0077839355500756722 -0.024091166803862328 0.20005708872711428 0.33929199159742401 -0.052429155651936322 0.35314691404300985
decision_type=2 2 2 2 2 2
left_child=1 -1 4 5 -3 -2
right_child=3 2 -4 -5 -6 -7
leaf_value=-0.0026214279484460005 0.00079680402781474055 -0.0010868332295554093 0.0049552449670330102 0.0043618849967024115 0.0012099241686967784 0.0034846849001210459
leaf_weight=519.42406236380339 566.87990092858672 735.73279795967392 40.391599560447503 140.6675013967033 197.82595523801865 124.327918118448
leaf_count=7871 5976 9122 506 1555 2159 1252
internal_value=-4.80603e-05 -0.00112891 -0.000314376 0.00188264 -0.000592473 0.00132308
internal_weight=2325.25 1493.37 973.95 831.875 933.559 691.208
internal_count=28441 19658 11787 8783 11281 7228
is_linear=0
shrinkage=0.03


Tree=19
num_leaves=7
num_cat=0
split_feature=6 28 2 6 9 22
split_gain=4.26036 2.01515 1.77828 1.43746 1.0403 0.739049
threshold=0.095145124259457883 2.466056346893311 -0.153843966987916 0.33929199159742401 -0.0055679357386712374 -0.02846590710507374
decision_type=2 8 2 2 2 2
left_child=1 4 -2 -4 -1 -3
right_child=2 5 3 -5 -6 -7
leaf_value=-0.0025020198830286791 -0.0004737817624886543 -0.0014126829224915287 0.0018252599086714205 0.0055935159514945154 -0.0007078037023293607 0.001905308830951094
leaf_weight=511.43221637856914 233.01621430192608 70.610409451415762 488.46858615725068 108.53078315377934 683.70180222918862 251.15572202741168
leaf_count=7693 2890 859 4865 1142 8341 2845
internal_value=1.94189e-05 -0.000924706 0.00173533 0.00259117 -0.00148999 0.00115655
internal_weight=2346.92 1516.9 830.016 596.999 1195.13 321.766
internal_count=28635 19738 8897 6007 16034 3704
is_linear=0
shrinkage=0.03


Tree=20
num_leaves=7
num_cat=0
split_feature=7 6 28 28 2 23
split_gain=4.41819 2.31481 1.33891 1.21463 0.935531 0.920698
threshold=-0.024091166803862328 0.25800267363092039 2.3425008058547978 2.6208504438400273 -0.11777762181154879 0.45464867897238254
decision_type=2 2 8 8 2 2
left_child=-1 2 5 -3 -4 -2
right_child=1 3 4 -5 -6 -7
leaf_value=-0.0021461069128773619 -0.00048658767707719891 0.002137769308948251 0.00012981860344946119 0.0070933746316096755 0.0031453327033231678 0.0023118454114617495
leaf_weight=600.96693496510852 983.42085944465362 212.1085177368077 161.37948312971275 52.72848659940064 210.09206099959556 108.48161835677456
leaf_count=9134 11446 2268 1845 476 2168 1199
internal_value=4.85679e-05 0.000819699 0.000342775 0.00334661 0.00187304 -0.000190103
internal_weight=2329.18 1728.21 1463.37 264.837 371.472 1091.9
internal_count=28536 19402 16658 2744 4013 12645
is_linear=0
shrinkage=0.03


Tree=21
num_leaves=7
num_cat=0
split_feature=7 6 3 14 8 20
split_gain=4.58126 2.08833 1.24041 1.20369 1.02316 0.706377
threshold=-0.018207413947412359 0.33929199159742401 -0.23845042274485165 0.41385917847164688 0.16183952307787722 0.10132930415284148
decision_type=2 2 2 2 2 2
left_child=5 2 -2 4 -4 -1
right_child=1 -3 3 -5 -6 -7
leaf_value=-0.002548525558067216 -0.0015839547818713592 0.0041356968136713286 0.00074471282442772815 -0.0027754593178340166 0.0037335201916156441 0.00027395439520327622
leaf_weight=561.99468143263948 220.87844470352866 142.50112850061851 1137.4363654199406 70.310943797230721 104.66744802572066 90.614422608050518
leaf_count=8304 3109 1527 12650 289 1165 1478
internal_value=-4.50982e-05 0.000785814 0.000449703 0.000801355 0.00102437 -0.00215841
internal_weight=2328.4 1675.79 1533.29 1312.41 1242.1 652.609
internal_count=28522 18740 17213 14104 13815 9782
is_linear=0
shrinkage=0.03


Tree=22
num_leaves=7
num_cat=0
split_feature=6 28 6 28 1 9
split_gain=3.65975 1.49198 1.29297 0.929731 0.895411 0.65683
threshold=0.087945717403657406 2.5651172399520878 0.33929199159742401 1.6534560322761538 -0.053224175847243878 0.1040427098408976
decision_type=2 8 2 8 2 2
left_child=1 4 3 5 -1 -2
right_child=2 -3 -4 -5 -6 -7
leaf_value=-0.0023613922132251371 -0.00026117759364903555 0.00096127440081174515 0.0040275501969922823 0.0024935665905074264 -0.00067331906528915681 0.002760288871420566
leaf_weight=478.46385657243081 406.01761297270423 303.26989699574187 147.65903527184855 235.82077969948296 699.8949228876736 66.758501709788106
leaf_count=7424 4657 3494 1609 2279 8427 692
internal_value=8.88848e-06 -0.000891845 0.00155978 0.000996653 -0.00137285 0.000213808
internal_weight=2337.88 1481.63 856.256 708.597 1178.36 472.776
internal_count=28582 19345 9237 7628 15851 5349
is_linear=0
shrinkage=0.03


Tree=23
num_leaves=7
num_cat=0
split_feature=0 1 20 28 28 4
split_gain=4.14429 1.72043 1.27331 1.06153 0.878624 0.778215
threshold=0.13997435442498815 -0.0061679697036600952 -0.12848738948770219 2.6208504438400273 3.4106053113937382 -0.17155372068330851
decision_type=2 2 2 8 8 2
left_child=1 2 -1 -2 -3 -6
right_child=3 4 -4 -5 5 -7
leaf_value=-0.0046396758095048228 0.001850462953688308 -0.00019670750991281787 -0.0010939351247867954 0.0056936783897220625 -0.0015354655165411011 0.0027342439252438329
leaf_weight=94.263897628814448 360.31856505296309 761.81942189103574 843.37145403123577 75.181028628954664 41.156433235795703 180.74019276327454
leaf_count=1458 3908 8725 11305 696 588 2074
internal_value=1.86446e-05 -0.000583076 -0.0014956 0.00262684 0.000293 0.00191025
internal_weight=2356.85 1921.35 937.635 435.5 983.716 221.897
internal_count=28754 24150 12763 4604 11387 2662
is_linear=0
shrinkage=0.03


Tree=24
num_leaves=7
num_cat=0
split_feature=7 8 28 28 0 9
split_gain=3.05498 1.81988 1.09005 0.794936 0.681764 0.67643
threshold=-0.024091166803862328 0.099301723458525434 1.9440463185310366 3.0939124822616582 0.12361960041353583 0.069251911662747953
decision_type=2 2 8 8 2 2
left_child=5 2 4 -3 -2 -1
right_child=1 3 -4 -5 -6 -7
leaf_value=-0.0023632789737597598 -0.0009039947006977176 0.0017153524695101862 0.0013952739053679345 0.0053071784517093436 0.0008951278534474824 5.2304131291310851e-05
leaf_weight=469.29799855480087 715.73273277224507 305.75110513041727 407.62402684148401 64.12336268927902 247.65585058997385 132.8174582386855
leaf_count=7453 8495 3428 4224 682 2622 1711
internal_value=-1.40069e-05 0.000623848 0.000113885 0.00246137 -0.000437054 -0.00183829
internal_weight=2343 1740.89 1371.01 369.874 963.389 602.115
internal_count=28615 19451 15341 4110 11117 9164
is_linear=0
shrinkage=0.03


Tree=25
num_leaves=7
num_cat=0
split_feature=6 2 0 37 20 14
split_gain=3.12801 1.56928 1.16382 1.05021 0.795683 0.868349
threshold=0.14287935157847984 -0.12572700109751672 0.46586906684600954 -2.5911847638587151 0.028345673326884206 0.31953153718185695
decision_type=2 2 2 10 2 2
left_child=1 -1 4 -3 5 -2
right_child=2 3 -4 -5 -6 -7
leaf_value=-0.0017090519898904789 0.0012686164352046414 0.0020464771639182571 0.0063952866129089927 -0.00040208391620419901 0.0033227794227824259 -0.0022753428579871757
leaf_weight=775.51004574922263 389.64924691911438 188.95935345278122 35.77890227176249 749.75952596045681 132.66606912051793 64.279898822307587
leaf_count=11092 4415 2998 425 8029 1385 272
internal_value=-5.79529e-05 -0.000719625 0.00174708 0.000107175 0.00136112 0.000728537
internal_weight=2336.6 1714.23 622.374 938.719 586.595 453.929
internal_count=28616 22119 6497 11027 6072 4687
is_linear=0
shrinkage=0.03


Tree=26
num_leaves=7
num_cat=0
split_feature=1 28 7 28 3 5
split_gain=3.46506 1.60449 1.08352 0.771235 0.716097 0.709579
threshold=0.025394442259978358 2.3097722530364995 -0.021188254162003924 1.6534560322761538 -0.22324057293262708 -0.020251032022139116
decision_type=2 8 2 8 2 2
left_child=1 2 -1 -2 -3 -6
right_child=3 4 -4 -5 5 -7
leaf_value=-0.002269832490875659 0.0011861733043726497 -0.0018608888207878001 -0.00051416682800068064 0.0035770660605050075 4.4077854091286477e-05 0.0026609540952322527
leaf_weight=516.725411166306 400.90341381970211 63.25903886044398 812.35713876402588 176.04365983576281 180.23935463663656 184.00112525274744
leaf_count=8205 4206 958 9832 1518 1923 2010
internal_value=-3.29535e-05 -0.000696328 -0.00120859 0.00196422 0.000887513 0.00140181
internal_weight=2333.53 1756.58 1329.08 576.947 427.5 364.24
internal_count=28652 22928 18037 5724 4891 3933
is_linear=0
shrinkage=0.03


Tree=27
num_leaves=7
num_cat=0
split_feature=7 3 28 8 6 23
split_gain=3.44046 1.40431 0.972876 0.902501 0.778995 0.728687
threshold=0.054001687910861608 -0.065510649338639343 2.7757409811019902 0.24369466430901995 -0.11876986193816148 0.50463307021977366
decision_type=2 2 8 2 2 2
left_child=1 3 5 4 -1 -2
right_child=2 -3 -4 -5 -6 -7
leaf_value=-0.0024853941731224315 0.00066137646590706247 0.00093814059330788152 0.0040867589540295717 0.0045161828634346637 -0.00082930681875482525 0.0034599667853074364
leaf_weight=349.74086783517851 457.12512370070908 345.1530810125696 124.32861714705359 14.973629142739808 949.67324856002233 94.692973196564708
leaf_count=5676 4712 3974 1144 178 11865 1011
internal_value=-1.0165e-05 -0.000745111 0.00177826 -0.00119087 -0.00129062 0.00119466
internal_weight=2335.69 1659.54 676.147 1314.39 1299.41 551.818
internal_count=28560 21693 6867 17719 17541 5723
is_linear=0
shrinkage=0.03


Tree=28
num_leaves=7
num_cat=0
split_feature=7 8 28 12 8 22
split_gain=2.86462 1.62679 1.14101 0.994134 0.768551 0.768473
threshold=-0.020371819932996756 0.1029647351714858 2.8385466337203984 1.3967022761021195 -0.023016913048984077 -0.15505850892022116
decision_type=2 2 10 2 2 2
left_child=5 2 3 4 -2 -1
right_child=1 -3 -4 -5 -6 -7
leaf_value=-0.0048562654450326698 -0.00069404525726417818 0.0025611121544895175 0.0028088624392891637 -0.0016641927099762871 0.0010532824250939527 -0.0012407670535056706
leaf_weight=50.501992069272092 347.71390173249529 345.24443160521332 133.13973389705643 251.62267385423183 612.12918816949241 576.71933333780908
leaf_count=884 5079 3838 1116 1257 7566 8651
internal_value=0.00011246 0.000755066 0.000275857 -2.32364e-05 0.000419664 -0.00160352
internal_weight=2317.07 1689.85 1344.61 1211.47 959.843 627.221
internal_count=28391 18856 15018 13902 12645 9535
is_linear=0
shrinkage=0.03


Tree=29
num_leaves=7
num_cat=0
split_feature=0 9 28 28 2 7
split_gain=3.01845 1.65522 1.35888 1.02575 0.731981 0.671262
threshold=0.082363552169606349 -0.021512203954488492 2.5174576044082646 1.8145318627357485 -0.14413498024180832 -0.03371831329501724
decision_type=2 2 8 8 2 2
left_child=1 -1 5 -2 -4 -3
right_child=3 2 4 -5 -6 -7
leaf_value=-0.0019735399604362837 0.00093682213162138818 -0.0018429930686351917 -0.00023078578861098685 0.0036723491170385916 0.0029764499171553065 -5.0804754872148822e-05
leaf_weight=585.95821978848835 423.8471406554745 259.58547485125018 98.394750582752749 170.5315514204558 166.48646778566763 624.17147371789906
leaf_count=8713 4695 3862 1107 1505 1641 6959
internal_value=-5.7936e-05 -0.00069066 -2.4836e-05 0.00176944 0.00182001 -0.000591954
internal_weight=2328.98 1734.6 1148.64 594.379 264.881 883.757
internal_count=28482 22282 13569 6200 2748 10821
is_linear=0
shrinkage=0.03


Tree=30
num_leaves=7
num_cat=0
split_feature=6 2 14 3 6 5
split_gain=2.45983 1.45986 0.981975 0.91572 0.903542 0.712135
threshold=0.018161652176994638 -0.131260380816732 0.41385917847164688 -0.2879074780241167 0.30757571987432625 0.0048284939513521695
decision_type=2 2 2 2 2 2
left_child=3 -2 4 -1 -3 -5
right_child=1 2 -4 5 -6 -7
leaf_value=-0.0036339117246677564 -0.00038201113107762106 0.0014640700116597637 -0.0023114386967952008 -0.0011180292864633754 0.0043356823861374566 0.00097525602824543754
leaf_weight=101.85630123253213 491.60906338787754 603.74999025839497 43.321213379502296 817.66574790893355 114.16963174237753 169.55531859362964
leaf_count=1753 5933 6528 179 10952 1228 2031
internal_value=-1.47343e-05 0.000888517 0.00170334 -0.00105244 0.00197403 -0.000752333
internal_weight=2341.93 1252.85 761.241 1089.08 717.92 987.221
internal_count=28604 13868 7935 14736 7756 12983
is_linear=0
shrinkage=0.03


Tree=31
num_leaves=7
num_cat=0
split_feature=6 9 11 2 12 22
split_gain=2.34559 1.70761 1.12925 0.93182 0.71679 0.579862
threshold=0.25800267363092039 0.0054541300413041985 0.025522680899316499 0.045092583946012975 1.6058927959201512 -0.16251717978601601
decision_type=2 2 2 2 2 2
left_child=1 3 -3 5 -2 -1
right_child=4 2 -4 -5 -6 -7
leaf_value=-0.0032178391832202776 0.003223689961703287 -0.00026560203757762307 0.0017741983545832435 0.0021100435068832119 -0.00052549791018798205 -0.0011862010337257451
leaf_weight=149.18220895211562 221.46991086224443 729.48280285295914 355.64941597514553 58.694470094429562 54.060853213071823 769.09006714641873
leaf_count=2200 2645 8170 3988 730 250 10695
internal_value=-5.39191e-05 -0.000404954 0.000413034 -0.00130849 0.00249543 -0.00154737
internal_weight=2337.63 2062.1 1085.13 976.967 275.531 918.272
internal_count=28678 25783 12158 13625 2895 12895
is_linear=0
shrinkage=0.03


Tree=32
num_leaves=7
num_cat=0
split_feature=7 28 2 7 20 31
split_gain=2.66519 1.39714 1.12104 1.01642 0.63891 0.611032
threshold=-0.021188254162003924 2.3425008058547978 -0.11777762181154879 0.12526411000843354 0.0049181383830820278 4.7619106471538553
decision_type=2 8 2 2 2 10
left_child=4 3 -3 5 -1 -2
right_child=1 2 -4 -5 -6 -7
leaf_value=-0.0023251718678324942 -0.00081181263285060165 0.0002231007192204833 0.0032997511341307443 0.0022536847217186663 -0.00023508634972473557 0.00061413269784949963
leaf_weight=427.96528867422603 669.0003748574527 182.6662853002199 251.21192796545802 158.54071300313808 191.67021981213475 440.31625470600557
leaf_count=6396 6343 2003 2473 1586 3028 6600
internal_value=-2.38768e-05 0.000590096 0.00203866 8.23022e-05 -0.00169265 -0.000245388
internal_weight=2321.37 1701.74 433.878 1267.86 619.636 1109.32
internal_count=28429 19005 4476 14529 9424 12943
is_linear=0
shrinkage=0.03


Tree=33
num_leaves=7
num_cat=0
split_feature=6 0 5 15 28 9
split_gain=2.694 1.47669 0.854857 0.759205 0.67329 0.604721
threshold=0.28806393323660878 -0.053351463142832671 0.005732849572629266 1.5000000000000002 2.8898928165435795 -0.020071290820783631
decision_type=2 2 2 2 8 2
left_child=1 2 5 4 -3 -1
right_child=-2 3 -4 -5 -6 -7
leaf_value=-0.0029202112374632108 0.0031244092556625639 0.00022875468741382997 0.00085281060302213045 -0.0015054947374088634 0.001939887412939531 -0.00099621090878333437
leaf_weight=235.67676536332874 225.82892807121971 912.18976192598348 133.25229650817346 163.73669785403763 259.00977556005819 410.01356359550846
leaf_count=3919 2359 10474 1650 1973 2922 5334
internal_value=8.27283e-05 -0.0002554 -0.00128486 0.000350384 0.00062039 -0.0017323
internal_weight=2339.71 2113.88 778.943 1334.94 1171.2 645.69
internal_count=28631 26272 10903 15369 13396 9253
is_linear=0
shrinkage=0.03


Tree=34
num_leaves=7
num_cat=0
split_feature=0 2 28 28 20 14
split_gain=2.62997 1.5748 1.46526 0.971042 0.652555 0.632047
threshold=0.084934658122994902 -0.12705250761577 2.6208504438400273 3.4106053113937382 0.028345673326884206 0.31071663281077194
decision_type=2 2 10 8 2 2
left_child=1 4 5 -3 -1 -2
right_child=2 3 -4 -5 -6 -7
leaf_value=-0.0020480453525509304 0.0014656495777030036 -0.00017997591434567632 0.0050343935321821983 0.002343891396114088 -6.4428207607061466e-05 -0.0014302168722228699
leaf_weight=587.98920976786758 440.21694690984441 793.23624791872862 90.823746442561969 155.60527803970035 199.79297099099495 71.627550035715103
leaf_count=8316 5165 9397 772 1801 2950 304
internal_value=2.38683e-05 -0.000569458 0.00171496 0.000254054 -0.00155208 0.00104076
internal_weight=2339.29 1736.62 602.668 948.842 787.782 511.844
internal_count=28705 22464 6241 11198 11266 5469
is_linear=0
shrinkage=0.03


Tree=35
num_leaves=7
num_cat=0
split_feature=7 5 0 14 20 9
split_gain=2.22119 1.20685 1.01457 1.00821 0.677572 0.603736
threshold=0.061985534140175623 0.0011665024186901464 -0.053351463142832671 0.31953153718185695 -0.1489790243469222 0.072017116945204671
decision_type=2 2 2 2 2 2
left_child=1 2 -1 4 -2 -3
right_child=3 5 -4 -5 -6 -7
leaf_value=-0.001955195895536391 -0.00092899616036978849 0.00023723058818231988 -0.00032906097156393407 -0.0013174140826981698 0.0023656252998023948 0.0031835639155567675
leaf_weight=590.12409702944569 58.576689684414305 246.89916146389442 825.10657877987251 92.345712184906006 452.04553468871745 74.710845917346887
leaf_count=8620 749 2963 10204 389 4868 755
internal_value=-9.49213e-05 -0.000639746 -0.00101609 0.00145927 0.00197709 0.000997035
internal_weight=2339.81 1736.84 1415.23 602.968 510.622 321.61
internal_count=28548 22542 18824 6006 5617 3718
is_linear=0
shrinkage=0.03


Tree=36
num_leaves=7
num_cat=0
split_feature=0 3 0 7 23 20
split_gain=2.42855 1.15278 1.02086 0.957952 0.925361 0.684679
threshold=0.0077839355500756722 -0.24368037027907169 0.40629810526123383 -0.021188254162003924 0.34456282204118988 -0.056571259942400053
decision_type=2 2 2 2 2 2
left_child=1 -1 4 -3 5 -2
right_child=2 3 -4 -5 -6 -7
leaf_value=-0.0027187209799375786 -0.0013359821922108198 -0.001511800871135888 0.0045767524819438996 0.00020358221541035308 0.0029737917472734835 0.00092506629332928046
leaf_weight=220.81582819067989 148.89068904743181 444.84262482535269 65.531778698437847 817.8732342494186 145.91467710226425 494.35469242598629
leaf_count=3813 1666 6490 703 9398 1478 5051
internal_value=-3.53376e-05 -0.000767721 0.00123007 -0.000407861 0.000898373 0.000389266
internal_weight=2338.22 1483.53 854.692 1262.72 789.16 643.245
internal_count=28599 19701 8898 15888 8195 6717
is_linear=0
shrinkage=0.03


Tree=37
num_leaves=7
num_cat=0
split_feature=2 6 20 37 23 3
split_gain=2.01096 1.39863 0.879345 0.859956 0.849216 0.656291
threshold=-0.12572700109751672 0.29324434012715528 0.01555683694556176 -2.5911847638587151 0.36798247816466539 -0.035493039018460244
decision_type=2 2 2 10 2 2
left_child=2 3 -1 -2 5 -5
right_child=1 -3 -4 4 -6 -7
leaf_value=-0.0015964138756681149 0.0019971767865744187 0.0034844373726354641 0.00036058571201302912 -0.00077058329621785789 0.0023213434652468853 0.001324656249245733
leaf_weight=733.60024150650133 223.9726902100374 136.17146347282687 281.71885376016144 682.56554874687572 110.79266721382737 157.45435589866247
leaf_count=9931 3515 1364 3892 7254 1093 1534
internal_value=-5.85345e-05 0.000715505 -0.00105519 0.000367852 -3.27418e-05 -0.000366886
internal_weight=2326.28 1310.96 1015.32 1174.79 950.813 840.02
internal_count=28583 14760 13823 13396 9881 8788
is_linear=0
shrinkage=0.03


Tree=38
num_leaves=7
num_cat=0
split_feature=7 28 0 0 3 5
split_gain=2.26697 1.37806 0.944446 0.847944 0.861555 0.767974
threshold=-0.031371926671917141 2.5651172399520878 0.46586906684600954 0.14627105653835051 -0.029706027269383959 0.0021485122064870718
decision_type=2 8 2 2 2 2
left_child=-1 2 5 4 -3 -2
right_child=1 3 -4 -5 -6 -7
leaf_value=-0.0017104101237327015 -0.00045437630848824855 0.00059810846948082919 0.0047122849032703029 0.0047822005996674341 0.0046597174498295736 0.0012614197112238074
leaf_weight=532.58054069426726 1068.8133188851352 283.7305954414187 28.015906161541352 72.116851231548935 47.371568911126815 290.12109737138962
leaf_count=8372 12590 3163 349 639 456 2962
internal_value=-1.06247e-05 0.000501759 4.83433e-05 0.00202246 0.00129878 -8.15295e-05
internal_weight=2322.75 1790.17 1386.95 403.219 331.102 1358.93
internal_count=28531 20159 15901 4258 3619 15552
is_linear=0
shrinkage=0.03


Tree=39
num_leaves=7
num_cat=0
split_feature=7 28 14 22 10 6
split_gain=2.03351 1.54066 1.15283 0.74862 0.726809 0.635454
threshold=0.065152799049827126 2.7757409811019902 0.31953153718185695 0.034715597582891805 -0.044329372361063005 0.30757571987432625
decision_type=2 8 2 2 2 2
left_child=1 3 5 -1 -3 -2
right_child=2 4 -4 -5 -6 -7
leaf_value=-0.0013274683822440821 0.0013908975732951018 -0.0010511337669212443 -0.0014535465224210272 0.00026290226581810762 0.0020648177096615952 0.0038650682201873672
leaf_weight=1068.4035680334346 350.14998680003919 83.313743629376404 89.729735404253006 349.86388159097987 255.38969922286924 129.69622536207316
leaf_count=14186 3843 1015 377 4763 2920 1441
internal_value=3.79358e-06 -0.000502013 0.00154579 -0.000936056 0.0012902 0.00212489
internal_weight=2326.55 1756.97 569.576 1418.27 338.703 479.846
internal_count=28545 22884 5661 18949 3935 5284
is_linear=0
shrinkage=0.03


Tree=40
num_leaves=7
num_cat=0
split_feature=0 2 34 5 6 4
split_gain=1.60665 1.17444 0.997659 0.674041 0.666787 0.626346
threshold=0.12052974880660025 -0.11970637156258122 -7.9504116376241045 0.0096641171071157866 0.47458193080532401 -0.17727738112085223
decision_type=2 2 10 2 2 2
left_child=1 -1 5 -4 -2 -3
right_child=4 2 3 -5 -6 -7
leaf_value=-0.001297406405294257 0.00097394225024258045 -0.0015692814237578448 -0.00064228718374911744 0.001369736262238058 0.0043108151484793512 0.0033312289167240993
leaf_weight=864.90912444514106 434.73104093965958 22.562552800634876 647.8018027843209 184.20189194451086 53.634968904400012 115.99923640926136
leaf_count=12167 4493 388 7314 1885 551 1683
internal_value=-9.2342e-05 -0.000500127 0.000216345 -0.000185857 0.00141956 0.00248134
internal_weight=2323.84 1835.47 970.565 832.004 488.366 138.562
internal_count=28481 23437 11270 9199 5044 2071
is_linear=0
shrinkage=0.03


Tree=41
num_leaves=7
num_cat=0
split_feature=1 0 15 28 14 8
split_gain=1.92641 1.12106 1.02139 0.930055 0.900208 0.891288
threshold=0.0049066969712198661 -0.055713991131700162 1.5000000000000002 1.8145318627357485 0.41385917847164688 -0.075203560318036933
decision_type=2 2 2 8 2 2
left_child=1 -1 4 -2 5 -3
right_child=3 2 -4 -5 -6 -7
leaf_value=-0.0014633508191681172 0.00058865805541440976 -0.0015210319522286071 -0.0025229929657206241 0.0029207429478724746 -0.0036596840001114359 0.0011968130652913499
leaf_weight=690.12129253298917 537.33484431443503 121.58851356164087 103.89695908757858 209.85731433844194 34.269180446863174 636.72223471550387
leaf_count=9906 5642 2032 1394 1784 142 7564
internal_value=2.7434e-05 -0.000563724 0.000137326 0.00127357 0.00051315 0.000746905
internal_weight=2333.79 1586.6 896.477 747.192 792.58 758.311
internal_count=28464 21038 11132 7426 9738 9596
is_linear=0
shrinkage=0.03


Tree=42
num_leaves=7
num_cat=0
split_feature=0 2 28 28 14 14
split_gain=1.99957 1.10064 0.990336 0.982507 0.604515 0.601593
threshold=0.12052974880660025 -0.12572700109751672 1.8145318627357485 3.4106053113937382 0.31953153718185695 0.41385917847164688
decision_type=2 2 10 8 2 2
left_child=1 -1 4 5 -2 -3
right_child=2 3 -4 -5 -6 -7
leaf_value=-0.0012456308365648163 0.0012853688167877412 6.1335006494613356e-06 0.0038192815773561407 0.0022678313350782122 -0.0022107837523273406 -0.003249069855652255
leaf_weight=836.56079103038064 314.99252292583697 797.91314513681573 131.9282500743866 164.73021521104965 42.299751847982407 44.589493200182915
leaf_count=11787 3756 9614 1157 1850 179 184
internal_value=5.77139e-06 -0.000448083 0.00169099 0.000220057 0.000822538 -0.00020224
internal_weight=2333.01 1843.79 489.221 1007.23 357.292 842.503
internal_count=28527 23435 5092 11648 3935 9798
is_linear=0
shrinkage=0.03


Tree=43
num_leaves=7
num_cat=0
split_feature=7 20 2 28 5 5
split_gain=1.58655 1.06202 0.916249 0.726879 0.656294 0.555571
threshold=0.052079304779513766 0.11438673208310703 -0.12572700109751672 3.4106053113937382 0.024404815021584359 -0.025076595261904068
decision_type=2 2 2 8 2 2
left_child=1 2 -1 -2 -4 -3
right_child=3 5 4 -5 -6 -7
leaf_value=-0.0016292780471931217 0.00074166724604032331 -0.00054418989736694024 -0.00050303014265323884 0.0034510008296897831 0.0017862980643128686 0.0026976977429719515
leaf_weight=661.12215590008418 612.05380776154925 70.834063845977653 652.87552295485511 96.468057682388462 125.82247099722736 118.83723505126545
leaf_count=9573 6178 1014 7840 909 1407 1610
internal_value=-2.21116e-05 -0.000537177 -0.00081684 0.00115345 -0.000115161 0.00152037
internal_weight=2338.01 1629.49 1439.82 708.522 778.698 189.671
internal_count=28531 21444 18820 7087 9247 2624
is_linear=0
shrinkage=0.03


Tree=44
num_leaves=7
num_cat=0
split_feature=28 9 3 31 30 14
split_gain=1.5735 1.02247 0.843412 0.787694 0.73542 0.667923
threshold=1.9798751473426821 0.023468341943540728 -0.31493732643588251 4.1044416427612314 -4.5000259876251212 0.35654786167880476
decision_type=8 2 2 10 10 2
left_child=1 4 -2 -3 -1 -4
right_child=2 3 5 -5 -6 -7
leaf_value=0.00039093306119531161 -0.0025245878872581467 -0.00051566449704267849 0.0019162638776104987 0.0014397296464200731 -0.0015190739571143068 -0.0012223495458513667
leaf_weight=235.03385220376367 39.619372614426538 379.30433868709952 548.53271347319242 345.70074614556506 736.25825167092262 61.68464420735836
leaf_count=4448 533 3438 6018 4868 9098 256
internal_value=5.55727e-05 -0.000425757 0.00129942 0.000423619 -0.00105762 0.0015844
internal_weight=2346.13 1696.3 649.837 725.005 971.292 610.217
internal_count=28659 21852 6807 8306 13546 6274
is_linear=0
shrinkage=0.03


Tree=45
num_leaves=7
num_cat=0
split_feature=0 9 11 0 8 34
split_gain=1.82447 1.02797 0.865226 0.725471 0.723998 0.623333
threshold=0.038817082100946788 0.0054541300413041985 0.026112783297918492 0.40629810526123383 0.19344850867118132 -7.9504116376241045
decision_type=2 2 2 2 2 10
left_child=1 4 5 -2 -1 -3
right_child=3 2 -4 -5 -6 -7
leaf_value=-0.0015652818567521048 0.00089559522338384008 0.001683256631471165 0.0015530947525574052 0.0041169428096630867 0.002843278502190869 -0.00093406017246208033
leaf_weight=725.99517136074428 683.35474259778857 88.764698761806358 258.95978277781978 60.8880669567734 26.184256238513626 482.24479024481843
leaf_count=10672 7084 1296 3036 683 344 5426
internal_value=-5.20912e-06 -0.000580962 0.000147839 0.00121023 -0.00137652 -0.000505224
internal_weight=2326.39 1582.15 829.969 744.243 752.179 571.009
internal_count=28541 20774 9758 7767 11016 6722
is_linear=0
shrinkage=0.03


Tree=46
num_leaves=7
num_cat=0
split_feature=6 2 23 11 9 5
split_gain=1.72763 1.12736 0.821852 0.615009 0.613898 0.453878
threshold=0.074773325052908665 -0.13245520650976231 -0.33133594552435813 0.039710615378734833 -0.093342887719774573 0.0011665024186901464
decision_type=2 2 2 2 2 2
left_child=2 -2 -1 -3 -4 -6
right_child=1 3 4 -5 5 -7
leaf_value=-0.0021292074703664014 -0.0002537105761215394 0.0011074655031292518 -0.0020045466175183249 0.0031875989375171805 -0.00030098641381559756 0.0012593761684303712
leaf_weight=247.28316410176922 358.96649096967303 373.54621848763782 145.83169536059722 200.52354414423462 811.06188524703612 200.86665274016559
leaf_count=3826 4226 3762 2295 2038 10232 2189
internal_value=6.83405e-05 0.00106276 -0.000594857 0.0018762 -0.000251713 1.80365e-05
internal_weight=2338.08 933.036 1405.04 574.07 1157.76 1011.93
internal_count=28568 10026 18542 5800 14716 12421
is_linear=0
shrinkage=0.03


Tree=47
num_leaves=7
num_cat=0
split_feature=2 0 23 3 15 20
split_gain=1.59441 1.30779 0.908656 0.966102 0.759198 0.675645
threshold=-0.12572700109751672 0.40629810526123383 0.34456282204118988 -0.059841758346674608 1.5000000000000002 -0.15814811911484469
decision_type=2 2 2 2 2 2
left_child=5 2 3 4 -2 -1
right_child=1 -3 -4 -5 -6 -7
leaf_value=-0.0029389287017244181 0.000110626313905916 0.0053384992555492762 0.0026196152693994694 0.0018649069678985349 -0.002647422427662101 -0.00050250216741400372
leaf_weight=106.68100473866798 767.56532224352122 44.728019437985495 162.20214703102829 253.19314812621451 91.629678898490965 903.63778746203752
leaf_count=1706 8761 471 1663 2664 1187 12108
internal_value=0.000106444 0.000790678 0.000590769 0.000274231 -0.000210583 -0.000786051
internal_weight=2329.64 1319.32 1274.59 1112.39 859.195 1010.32
internal_count=28560 14746 14275 12612 9948 13814
is_linear=0
shrinkage=0.03


Tree=48
num_leaves=7
num_cat=0
split_feature=0 9 20 28 2 0
split_gain=1.74068 1.09289 0.753634 0.761409 0.705856 0.582927
threshold=0.0077839355500756722 0.010053427755530033 0.03687890102335966 2.8898928165435795 0.066013614132453088 0.46586906684600954
decision_type=2 2 2 10 2 2
left_child=1 4 3 5 -1 -2
right_child=2 -3 -4 -5 -6 -7
leaf_value=-0.0016551227113149436 -7.9834670454934282e-05 0.00016376912972761829 0.0027070004156191582 0.0030530061712509128 0.0025710395895030391 0.0038272783363166403
leaf_weight=708.4344462469162 562.73112684270018 744.66427632616251 181.7152786187944 85.12697070534341 28.723931465065107 26.579202806518879
leaf_count=10527 5961 8790 1903 717 383 313
internal_value=-2.65225e-05 -0.000647494 0.00104332 0.000562065 -0.00145824 0.000157306
internal_weight=2337.98 1481.82 856.153 674.437 737.158 589.31
internal_count=28594 19700 8894 6991 10910 6274
is_linear=0
shrinkage=0.03


Tree=49
num_leaves=7
num_cat=0
split_feature=28 9 30 22 6 1
split_gain=1.55782 1.31306 0.781088 0.757735 0.780638 0.642466
threshold=1.9798751473426821 0.023468341943540728 -2.5330623388290401 -0.21807676901829376 0.14287935157847984 0.0078727596299442305
decision_type=8 2 10 2 2 2
left_child=1 2 -1 -2 -5 -4
right_child=3 -3 5 4 -6 -7
leaf_value=-9.4613707945456744e-05 -0.003131435859269084 0.00048282798432776726 -0.0025456869669584778 0.00079194726933803146 0.0031821465306087469 -0.00045870896834655236
leaf_weight=364.53074117773212 24.674311234150082 727.92180451392778 395.453528527054 448.17560047307052 165.18984922161326 205.02187803812558
leaf_count=6362 324 8328 5087 4996 1484 1997
internal_value=7.74737e-07 -0.000475614 -0.00119612 0.00125262 0.00147639 -0.00185231
internal_weight=2330.97 1692.93 965.006 638.04 613.365 600.475
internal_count=28578 21774 13446 6804 6480 7084
is_linear=0
shrinkage=0.03


Tree=50
num_leaves=7
num_cat=0
split_feature=0 0 28 14 9 20
split_gain=1.60146 0.927294 0.76105 0.909006 0.721681 0.649302
threshold=-0.053351463142832671 0.46586906684600954 2.8898928165435795 0.22021843570589214 0.10632669663453077 -0.052034020112110828
decision_type=2 2 10 2 2 2
left_child=5 2 3 4 -2 -1
right_child=1 -3 -4 -5 -6 -7
leaf_value=-0.0027531966742185337 0.00029746704461644996 0.0046521396574384392 0.0023974914015683938 -0.0010551907048884342 0.0025754171910073605 -0.00067143255843501743
leaf_weight=167.77812931075459 842.31532133073779 37.259461301786359 141.35321914881933 389.41551233828068 137.79265491571277 604.22024891807814
leaf_count=2491 12182 419 1213 1861 1825 8401
internal_value=-4.56781e-05 0.000510501 0.000378447 0.000154187 0.000640499 -0.00115328
internal_weight=2320.13 1548.14 1510.88 1369.52 980.108 771.998
internal_count=28392 17500 17081 15868 14007 10892
is_linear=0
shrinkage=0.03


Tree=51
num_leaves=7
num_cat=0
split_feature=28 23 22 31 37 2
split_gain=1.84804 0.989104 0.752192 0.702155 0.680917 0.634585
threshold=1.9798751473426821 0.60798110501374814 0.023709694332379346 3.2157169282436375 -2.64727548992995 -0.10867236142967861
decision_type=8 2 2 10 10 2
left_child=1 2 4 -4 -1 -6
right_child=-2 -3 3 -5 5 -7
leaf_value=0.00083989459995962375 0.0014389745395786706 0.0026755102692907059 -0.0010090762353781781 0.001417453344007392 -0.0020173302193270794 -0.00051535933005145704
leaf_weight=150.32937155605759 638.82660356594715 77.068010565795703 169.48979096370749 259.0995857695234 510.70854028867325 510.6748669926892
leaf_count=3177 6714 948 1651 3992 6345 5494
internal_value=7.85822e-05 -0.000444981 -0.00061094 0.000456731 -0.00100203 -0.00127865
internal_weight=2316.2 1677.37 1600.3 428.589 1171.71 1021.38
internal_count=28321 21607 20659 5643 15016 11839
is_linear=0
shrinkage=0.03


Tree=52
num_leaves=7
num_cat=0
split_feature=0 20 3 11 34 4
split_gain=1.39107 0.706982 0.698012 0.569769 0.57545 0.642496
threshold=0.0056137771858125194 0.01555683694556176 -0.17797305886189105 0.025522680899316499 -7.9504116376241045 -0.099630410757952884
decision_type=2 2 2 2 10 2
left_child=2 -2 -1 4 5 -4
right_child=1 -3 3 -5 -6 -7
leaf_value=-0.00153756809725347 0.00038596362314096886 0.0023345407144270869 -0.0006964992601814216 0.00090173968148963657 -0.0010243984104681355 0.0034712890649427146
leaf_weight=477.56360044848407 643.78108553943457 219.18242697883397 68.348769537406042 308.86120433185715 569.82637725162203 50.256661631981842
leaf_count=7461 6650 2271 975 3818 6678 717
internal_value=-4.86135e-05 0.000901952 -0.000607134 -0.000150746 -0.000629088 0.00120211
internal_weight=2337.82 862.964 1474.86 997.293 688.432 118.605
internal_count=28570 8921 19649 12188 8370 1692
is_linear=0
shrinkage=0.03


Tree=53
num_leaves=7
num_cat=0
split_feature=2 11 14 20 9 6
split_gain=1.34722 1.01532 0.819831 0.770306 0.536179 0.498592
threshold=-0.12572700109751672 0.039710615378734833 0.41385917847164688 0.012612602314840128 0.11097396658343328 0.05410487775841568
decision_type=2 2 2 2 2 2
left_child=3 2 4 -1 -2 -3
right_child=1 5 -4 -5 -6 -7
leaf_value=-0.001300924337622956 1.0181820743877773e-05 0.00070334038018240086 -0.0032970673747320213 0.00051448839161303606 0.0020313405832681933 0.0028290146740454383
leaf_weight=720.25903807481518 732.52236466135946 189.43203025188996 49.723292171955109 289.09622286545346 130.86297739628935 220.93138189712772
leaf_count=9810 8634 2335 206 3978 1410 2219
internal_value=4.02231e-05 0.000667705 0.000104851 -0.000781014 0.000336279 0.00188784
internal_weight=2332.83 1323.47 913.109 1009.36 863.385 410.363
internal_count=28592 14804 10250 13788 10044 4554
is_linear=0
shrinkage=0.03


Tree=54
num_leaves=7
num_cat=0
split_feature=6 7 2 11 22 30
split_gain=1.47526 0.972197 0.72464 0.688206 0.571992 0.530561
threshold=0.33929199159742401 -0.024091166803862328 -0.11486646534770416 0.087064646621101749 0.10134777681395037 -9.1394290924072248
decision_type=2 2 2 2 2 10
left_child=1 4 -3 5 -1 -4
right_child=-2 2 3 -5 -6 -7
leaf_value=-0.0015904431168433921 0.0027858267208855556 -0.00051954394958423874 0.0021719403075858117 0.0028600990871958578 0.000956633943423605 9.506743897356212e-05
leaf_weight=501.93253450522025 152.88034080644138 688.25551535037812 122.52596751533565 112.38876151258592 87.001929322781507 678.60880514120799
leaf_count=7701 1613 8106 1754 1163 1420 6931
internal_value=3.09843e-05 -0.000173049 0.000211302 0.000761591 -0.00120448 0.000435566
internal_weight=2343.59 2190.71 1601.78 913.524 588.934 801.135
internal_count=28688 27075 17954 9848 9121 8685
is_linear=0
shrinkage=0.03


Tree=55
num_leaves=7
num_cat=0
split_feature=2 6 9 28 23 35
split_gain=1.24626 1.0613 0.713814 0.701698 0.680043 0.557784
threshold=-0.12572700109751672 0.29324434012715528 -0.016196016588632792 2.3425008058547978 0.36143976862007582 1.1254234910011294
decision_type=2 2 2 8 2 10
left_child=2 3 -1 4 -2 -5
right_child=1 -3 -4 5 -6 -7
leaf_value=-0.0018426005400039391 -0.00044948600481534888 0.0029853916775591923 -0.00020387514021855894 0.0022735281644039812 0.0019928399716216635 -0.00079407327254243248
leaf_weight=378.42183782413485 801.6712242130161 135.17945807985961 630.3799770498299 212.84044889028883 107.49730794859352 64.506748829968274
leaf_count=6086 9380 1336 7691 2280 1164 537
internal_value=-4.10415e-05 0.000563347 -0.000830646 0.000264759 -0.000142174 0.00155725
internal_weight=2330.5 1321.7 1008.8 1186.52 909.169 277.347
internal_count=28474 14697 13777 13361 10544 2817
is_linear=0
shrinkage=0.03


Tree=56
num_leaves=7
num_cat=0
split_feature=2 14 37 0 22 0
split_gain=1.24448 0.879292 0.81815 0.6656 0.63998 0.487993
threshold=-0.12572700109751672 0.41385917847164688 -2.5911847638587151 0.014598070749825222 -0.14787645365978505 0.0077839355500756722
decision_type=2 2 10 2 2 2
left_child=4 2 -2 -4 -1 -6
right_child=1 -3 3 -5 5 -7
leaf_value=-0.0029140029604129763 0.0023405846395184253 -0.0024867637388992338 -0.00022218882008057659 0.0013279194355911167 -0.00097370118864925322 0.00049990249920643247
leaf_weight=101.39905359709519 244.24873979589029 67.287004202604294 588.58708277335973 419.48911410302389 606.39391337687266 293.48408537788782
leaf_count=1640 3803 278 6664 3965 8836 3264
internal_value=2.88026e-05 0.000631932 0.00081787 0.000429563 -0.000764467 -0.000492891
internal_weight=2320.89 1319.61 1252.32 1008.08 1001.28 899.878
internal_count=28450 14710 14432 10629 13740 12100
is_linear=0
shrinkage=0.03


Tree=57
num_leaves=7
num_cat=0
split_feature=28 23 37 22 16 6
split_gain=1.39042 1.01468 1.00613 0.829417 0.727438 0.549745
threshold=3.3306834697723393 0.34456282204118988 -2.64727548992995 0.034715597582891805 1.0000000180025095e-35 -0.13062037858570755
decision_type=10 2 10 2 2 2
left_child=1 2 4 5 -1 -4
right_child=-2 -3 3 -5 -6 -7
leaf_value=0.0013423325202013706 0.0027522966071110025 0.001592084422198935 -0.0025125416303270654 0.00044880760063311628 -0.0021568032825511163 -0.00084865515739003148
leaf_weight=364.72562410397222 143.24863287294284 241.41236782661872 217.43677389019285 365.0732778913225 53.169946729147341 944.95836924857576
leaf_count=6146 1303 2687 3132 4214 942 10124
internal_value=-1.0565e-05 -0.000203256 -0.000433054 -0.00078931 0.000857128 -0.00117868
internal_weight=2330.02 2186.78 1945.36 1527.47 417.896 1162.4
internal_count=28548 27245 24558 17470 7088 13256
is_linear=0
shrinkage=0.03


Tree=58
num_leaves=7
num_cat=0
split_feature=28 30 3 20 11 20
split_gain=1.1658 1.12695 0.860627 0.655204 0.58559 0.407103
threshold=1.5057864189147951 -4.5000259876251212 -0.24543728179954535 0.11438673208310703 0.034022837070615104 -0.16734594865333477
decision_type=8 10 2 2 2 2
left_child=1 5 -2 -3 -4 -1
right_child=2 3 4 -5 -6 -7
leaf_value=-0.0016437047916252516 -0.0016154382048921361 -0.0012540670896829013 0.00064611307135373805 0.00096029530246835788 0.0024978919862179731 0.0011855795890173681
leaf_weight=43.473431664344389 98.890773692866787 1000.3876048998791 479.39546717162011 129.09127499104943 223.93671501759673 354.99255040327262
leaf_count=875 1316 11654 4831 1553 2192 6103
internal_value=-2.73676e-05 -0.000512822 0.000892178 -0.000994775 0.00126246 0.000844215
internal_weight=2330.17 1527.94 802.223 1129.48 703.332 398.466
internal_count=28524 20185 8339 13207 7023 6978
is_linear=0
shrinkage=0.03


Tree=59
num_leaves=7
num_cat=0
split_feature=2 9 11 20 28 23
split_gain=1.06824 0.862267 0.667997 0.615507 0.488489 0.455472
threshold=-0.12572700109751672 0.12293168029438238 0.087064646621101749 -0.15814811911484469 3.8115005493164067 0.35314691404300985
decision_type=2 2 2 2 10 2
left_child=3 2 5 -1 -5 -2
right_child=1 -3 -4 4 -6 -7
leaf_value=-0.0028497247156031298 -0.00029252418566986691 0.0025650940598655149 0.0020692350011578863 -0.00066011150250199326 0.0026024852857348666 0.0015878145623655152
leaf_weight=105.36941244377522 898.19105256123294 151.59651315741939 143.48453586967662 867.91918438050197 33.608442380209453 122.91674972418696
leaf_count=1689 10311 1572 1534 11760 315 1314
internal_value=-5.02854e-05 0.000510851 0.000223886 -0.000781599 -0.000511267 -5.29728e-05
internal_weight=2323.09 1316.19 1164.59 1006.9 901.528 1021.11
internal_count=28495 14731 13159 13764 12075 11625
is_linear=0
shrinkage=0.03


Tree=60
num_leaves=7
num_cat=0
split_feature=28 20 6 2 7 2
split_gain=1.2147 0.875437 0.799179 0.571345 0.550648 0.539571
threshold=2.6208504438400273 0.034174533879059242 0.2531370982072077 -0.18987655089366304 0.12188672116063198 -0.12433530582624423
decision_type=8 2 2 2 2 2
left_child=1 3 5 -1 -3 -2
right_child=2 4 -4 -5 -6 -7
leaf_value=-0.0019365425387807694 -0.00039782940902639862 0.00041730032565730896 0.0043721331612944277 -0.00041763986182300904 0.0037934542764084928 0.0017392454990815247
leaf_weight=269.73744993054424 182.10423078818712 411.98787788811023 57.602847515838221 1142.8001680881571 39.132893524249084 235.47138967015781
leaf_count=4635 2194 5374 503 13037 397 2435
internal_value=-6.22468e-06 -0.000352625 0.00133163 -0.000719263 0.000786083 0.000819762
internal_weight=2338.84 1863.66 475.178 1412.54 451.121 417.576
internal_count=28575 23443 5132 17672 5771 4629
is_linear=0
shrinkage=0.03


Tree=61
num_leaves=7
num_cat=0
split_feature=23 28 20 31 1 3
split_gain=1.15022 1.14194 0.660107 0.66859 0.724952 0.606091
threshold=0.34456282204118988 2.466056346893311 -0.12026990949839221 1.2116855680942538 0.018043430737985752 -0.065510649338639343
decision_type=2 8 2 10 2 2
left_child=1 2 -1 -4 -5 -3
right_child=-2 5 3 4 -6 -7
leaf_value=-0.0020738850000108734 0.0018534791917658787 0.00044653131314481109 -0.0014311398845431218 -0.00037674126183798238 0.0015488702274607442 0.0029753419494623146
leaf_weight=227.79148406613967 258.33447918487946 361.24665561650181 369.51408523181453 792.95893085403077 215.35068221122492 103.670009037829
leaf_count=3301 2866 4057 3294 11709 2329 972
internal_value=4.94857e-06 -0.000233488 -0.00061262 -0.000357831 4.56946e-05 0.0010612
internal_weight=2328.87 2070.53 1605.62 1377.82 1008.31 464.917
internal_count=28528 25662 20633 17332 14038 5029
is_linear=0
shrinkage=0.03


Tree=62
num_leaves=7
num_cat=0
split_feature=28 0 8 3 23 15
split_gain=1.18652 1.02085 0.814956 0.777249 0.675098 0.735288
threshold=3.8115005493164067 0.13997435442498815 0.20005708872711428 -0.048089337773658695 -0.3021662770987818 1.5000000000000002
decision_type=10 2 2 2 2 2
left_child=1 2 3 4 -1 -6
right_child=-2 -3 -4 -5 5 -7
leaf_value=-0.0022399230310555258 0.0031330492652843853 0.0011248954940951386 0.002560282696017129 0.0006875121091447303 -0.00031962174124299084 -0.0026016829476368194
leaf_weight=276.63308240519837 90.189812349504791 413.79008784098551 65.096624798869016 319.21190555667272 1030.9260140051483 135.64410839020275
leaf_count=4231 806 4316 748 3541 13055 1872
internal_value=-6.16844e-05 -0.000203586 -0.000508869 -0.000636037 -0.0009315 -0.000604828
internal_weight=2331.49 2241.3 1827.51 1762.42 1443.2 1166.57
internal_count=28569 27763 23447 22699 19158 14927
is_linear=0
shrinkage=0.03


Tree=63
num_leaves=7
num_cat=0
split_feature=1 8 28 37 4 33
split_gain=1.20943 0.896424 0.571357 0.575606 0.699111 0.585296
threshold=0.025394442259978358 0.23216899988254566 3.8115005493164067 -2.7032146741877545 -0.11147566156402304 -0.91324748595555605
decision_type=2 2 10 10 2 10
left_child=1 2 3 4 5 -1
right_child=-2 -3 -4 -5 -6 -7
leaf_value=-0.0017636908272624869 0.0010832482503791525 0.004040633435111146 0.0021628968487224149 -0.00098217867822896127 0.001707254705357821 0.0017156256060682396
leaf_weight=149.11871461954433 588.14113963971613 28.781834637105931 56.417355690151453 1286.6880438223889 171.23504229185346 50.947625782166142
leaf_count=2559 5664 350 544 15534 2879 1011
internal_value=-8.19814e-05 -0.000479059 -0.000577929 -0.0006836 0.000349701 -0.000838178
internal_weight=2331.33 1743.19 1714.41 1657.99 371.301 200.066
internal_count=28541 22877 22527 21983 6449 3570
is_linear=0
shrinkage=0.03


Tree=64
num_leaves=7
num_cat=0
split_feature=28 14 7 33 10 20
split_gain=1.19087 0.795753 0.79656 0.59537 0.652722 0.592922
threshold=2.7757409811019902 0.41385917847164688 0.065152799049827126 1.1409389873345697 -0.056711961585796632 0.03687890102335966
decision_type=8 2 2 8 2 2
left_child=1 2 5 -2 -5 -1
right_child=3 -3 -4 4 -6 -7
leaf_value=-0.00085886121376165371 0.0026988142198968064 -0.002920373718365574 0.00095417764811060214 -0.0024737972897939694 0.0011622393198646532 0.00057629501837042681
leaf_weight=1023.6701610326272 180.9502883098321 87.948521643877029 439.60303666745313 45.127280521264765 223.70884994853986 337.90250093062059
leaf_count=14092 1628 363 4621 623 2607 4643
internal_value=4.52386e-05 -0.000286622 -0.000142605 0.00141499 0.000485059 -0.000501092
internal_weight=2338.91 1889.12 1801.18 449.786 268.836 1361.57
internal_count=28577 23719 23356 4858 3230 18735
is_linear=0
shrinkage=0.03


Tree=65
num_leaves=7
num_cat=0
split_feature=9 0 14 22 8 14
split_gain=0.961937 0.766462 0.586069 0.563516 0.47985 0.400807
threshold=0.10632669663453077 -0.084840280120375242 0.13161067903979992 -0.15768213182079982 0.056597639345532358 0.21726370230483844
decision_type=2 2 2 2 2 2
left_child=1 -1 -2 -3 -4 -5
right_child=2 3 4 5 -6 -7
leaf_value=-0.0011055177010215536 0.0029785542165762032 -0.001395885235400224 -0.0006528777251922017 0.00074041728846600005 0.0023331501301331039 -0.00043594252321865903
leaf_weight=596.9780237704399 132.90941858035512 171.18957763418439 128.07072351872921 873.98737082479056 65.051907368004322 361.94474773108959
leaf_count=8784 2460 2274 740 12229 367 1736
internal_value=3.37826e-05 -0.000214275 0.00151958 0.000168971 0.00041829 0.000395184
internal_weight=2330.13 2004.1 326.032 1407.12 193.123 1235.93
internal_count=28590 25023 3567 16239 1107 13965
is_linear=0
shrinkage=0.03


Tree=66
num_leaves=7
num_cat=0
split_feature=28 30 9 2 1 31
split_gain=1.02269 0.918988 0.59405 0.475628 0.474298 0.452666
threshold=1.9798751473426821 -4.5000259876251212 0.062223260416881032 0.020920523852352105 -0.13732456784943423 1.4231870174407961
decision_type=8 10 2 2 2 10
left_child=1 -1 4 -2 -3 -4
right_child=3 2 5 -5 -6 -7
leaf_value=0.00083624568979428701 0.00071267289096229615 -0.0030828565937048944 -0.0012565445553464887 0.0033358766722396006 -0.00092044643900944111 0.00099165550185815196
leaf_weight=409.05828623866546 575.45651224657195 95.974239041330293 109.50757245742716 61.44897328078514 837.87878222676227 238.92201442166697
leaf_count=7096 6092 1640 867 619 9494 2625
internal_value=-1.89563e-06 -0.000387939 -0.000781913 0.00101342 -0.00117299 0.000269727
internal_weight=2328.25 1691.34 1282.28 636.905 933.853 348.43
internal_count=28433 21722 14626 6711 11134 3492
is_linear=0
shrinkage=0.03


Tree=67
num_leaves=7
num_cat=0
split_feature=23 22 11 2 31 15
split_gain=0.77914 0.661405 0.569021 0.653298 0.476712 0.416383
threshold=-0.3021662770987818 -0.16454758628043273 0.036454006940474896 -0.13939186497089728 5.247199922800065 1.5000000000000002
decision_type=2 2 2 2 8 2
left_child=-1 -2 4 -4 -3 -6
right_child=1 2 3 -5 5 -7
leaf_value=-0.0011760028906333464 -0.0014654387403453097 -0.00038439985715128859 -0.00057769993953274846 0.0019117220309340655 0.0011483299851909364 -0.00118643017893291
leaf_weight=406.55506835976848 172.7426149576786 754.33215295756236 121.68620560734416 365.76838913006941 433.52602996703354 72.956906905805226
leaf_count=5814 2397 7355 1675 3898 6312 1110
internal_value=7.28969e-07 0.000254568 0.000431886 0.00129115 9.21318e-05 0.000795557
internal_weight=2327.57 1921.01 1748.27 487.455 1260.82 506.483
internal_count=28561 22747 20350 5573 14777 7422
is_linear=0
shrinkage=0.03


Tree=68
num_leaves=7
num_cat=0
split_feature=28 9 31 4 37 14
split_gain=0.984215 0.812375 0.794738 0.596636 0.576266 0.511508
threshold=1.9798751473426821 0.016937871378546496 3.4917788803577428 -0.14874833606878254 0.68012543760791955 0.35654786167880476
decision_type=10 2 8 2 8 2
left_child=1 4 -3 -4 -1 -2
right_child=5 2 3 -5 -6 -7
leaf_value=-3.7745268358198868e-05 0.0016482702390212497 -0.00069687685888459737 -0.00037147779658766881 0.0017875752761761943 -0.0014841725791786338 -0.001355058640208327
leaf_weight=426.87043719631038 380.49958030815469 366.88152041425928 164.25448933435837 353.4103208577726 583.03093835239997 51.038273796439171
leaf_count=7545 3831 3250 2337 4503 6856 211
internal_value=-5.76204e-06 -0.000301609 0.00036024 0.00110845 -0.000879154 0.00127042
internal_weight=2325.99 1894.45 884.546 517.665 1009.9 431.538
internal_count=28533 24491 10090 6840 14401 4042
is_linear=0
shrinkage=0.03


Tree=69
num_leaves=7
num_cat=0
split_feature=0 22 23 28 31 6
split_gain=1.00982 0.92437 0.7721 0.631584 0.65703 0.571821
threshold=0.46586906684600954 -0.15505850892022116 0.54077549956998283 2.7757409811019902 7.1176422238349923 -0.14553733222604745
decision_type=2 2 2 10 8 2
left_child=1 -1 3 4 -3 -6
right_child=-2 2 -4 -5 5 -7
leaf_value=-0.0019658500331872831 0.0041861072281249518 -0.00070284982033241394 0.0022781854068202527 0.0014274487858187636 -0.0015780230847218047 0.00094389841922794281
leaf_weight=222.0909840533277 38.905210526369046 1185.3790255335043 119.04687384804129 202.71813486772589 87.650743800186319 477.49490069257445
leaf_count=3161 439 12854 1309 1798 2004 6986
internal_value=-8.02369e-05 -0.000170432 3.05027e-05 -0.000117396 -0.000303388 0.000532127
internal_weight=2333.29 2294.38 2072.29 1953.24 1750.52 565.146
internal_count=28551 28112 24951 23642 21844 8990
is_linear=0
shrinkage=0.03


Tree=70
num_leaves=7
num_cat=0
split_feature=22 6 11 31 28 11
split_gain=0.971942 0.80129 0.597549 0.584288 0.501826 0.480027
threshold=-0.15768213182079982 0.01958772521940336 0.11698109412712838 5.2982650995254525 1.6881240010261538 0.015052764362901195
decision_type=2 2 2 8 10 2
left_child=-1 2 -2 4 -3 -6
right_child=1 3 -4 -5 5 -7
leaf_value=-0.0018484048046853421 -0.0005730701470328675 -0.00035963293174483919 0.0029366652521630354 0.0016070481704995713 6.7236292842891583e-05 0.0027799489674088075
leaf_weight=220.3736919798539 952.18167380169325 466.8916249469039 35.887161683524027 428.09056930922088 126.8926901712548 100.08036226802506
leaf_count=3156 12894 4416 444 5800 1019 836
internal_value=2.25708e-06 0.00020335 -0.000417449 0.000748924 0.000204181 0.0013302
internal_weight=2330.4 2110.02 988.069 1121.96 693.865 226.973
internal_count=28565 25409 13338 12071 6271 1855
is_linear=0
shrinkage=0.03


Tree=71
num_leaves=7
num_cat=0
split_feature=0 8 22 0 14 5
split_gain=0.838818 0.772366 0.509116 0.573926 0.470891 0.707619
threshold=0.0077839355500756722 0.23216899988254566 0.034715597582891805 0.40629810526123383 0.37533345012189662 0.0011665024186901464
decision_type=2 2 2 2 2 2
left_child=1 4 3 -2 5 -1
right_child=2 -3 -4 -5 -6 -7
leaf_value=-0.00070476260710498385 6.6538232002963274e-05 0.0038087126081282918 0.0020780986996487396 0.0031277162241262852 -0.0025042485434159057 0.0010737437133665443
leaf_weight=1118.8708668730105 620.90298234703369 27.79130346106831 187.9163242149516 50.544073317607399 92.602559849619865 235.75204218539875
leaf_count=16022 6398 334 1929 560 386 2928
internal_value=-8.88873e-07 -0.000434148 0.0007392 0.000339489 -0.000541202 -0.00038964
internal_weight=2334.38 1475.02 859.363 671.447 1447.23 1354.62
internal_count=28557 19670 8887 6958 19336 18950
is_linear=0
shrinkage=0.03


Tree=72
num_leaves=7
num_cat=0
split_feature=0 9 12 23 9 8
split_gain=0.931537 0.803361 0.647169 0.530641 0.483953 0.431326
threshold=0.14332896383286889 0.10019122391016565 1.3331795921454004 -0.3021662770987818 -0.097188027672730812 0.046901193019132578
decision_type=2 2 2 2 2 2
left_child=1 3 5 -1 -5 -3
right_child=-2 2 -4 4 -6 -7
leaf_value=-0.0016803113513533113 0.0012450777987912699 0.00088731033513450499 -0.0011229064282307396 -0.0016758516172816203 -4.4293861272456407e-05 0.0037138752578447952
leaf_weight=291.69169541730662 433.74447304024943 140.01969369646395 75.918418772518635 181.49869365539053 1128.0721334748523 72.586688375507947
leaf_count=4387 4465 1917 378 2791 13590 954
internal_value=7.53354e-06 -0.000281567 0.00115016 -0.000545081 -0.000281404 0.00197582
internal_weight=2323.53 1889.79 288.525 1601.26 1309.57 212.606
internal_count=28482 24017 3249 20768 16381 2871
is_linear=0
shrinkage=0.03


Tree=73
num_leaves=7
num_cat=0
split_feature=5 0 0 14 15 30
split_gain=0.75682 0.738085 0.553215 0.507009 0.438049 0.488183
threshold=1.0000000180025095e-35 -0.084840280120375242 0.42313246652566022 0.28104463578201971 1.5000000000000002 -4.5000259876251212
decision_type=2 2 2 2 2 10
left_child=1 -1 4 -2 5 -3
right_child=3 2 -4 -5 -6 -7
leaf_value=-0.0012100107912473112 0.0014764661217582179 0.0011500807264752326 0.0031517997567073784 -0.00090366331026252864 -0.001474357875994037 -0.00022402657801186412
leaf_weight=552.03451562639384 396.0009224669775 319.60677824713639 41.060452545760199 93.26680488884449 155.26252279878827 783.38900519887102
leaf_count=8200 4843 4698 458 407 1887 8079
internal_value=-2.35381e-05 -0.000301639 9.05894e-05 0.00101374 -3.33701e-05 0.000180894
internal_weight=2340.62 1851.35 1299.32 489.268 1258.26 1103
internal_count=28572 23322 15122 5250 14664 12777
is_linear=0
shrinkage=0.03


Tree=74
num_leaves=7
num_cat=0
split_feature=7 14 9 28 30 35
split_gain=0.973449 0.772926 0.789485 0.701568 0.737988 0.58173
threshold=-0.10750770994707606 0.41385917847164688 0.14617380513482778 0.96234637498855602 -5.0865466594696036 0.45055138310178733
decision_type=2 2 2 8 10 8
left_child=-1 2 3 4 -2 -5
right_child=1 -3 -4 5 -6 -7
leaf_value=-0.0021871788385214447 0.0009456839981829534 -0.002243846231601291 0.0023404082974658189 0.0017363829883563617 -0.00082890788073939356 0.00012653663966374982
leaf_weight=160.5029361594643 275.15752808874822 103.59367546439171 147.46106046292698 330.69541737646796 806.50364423682913 500.56296916195424
leaf_count=3267 4728 426 1699 3346 9636 5422
internal_value=-4.38588e-06 0.000166829 0.000298287 0.000129514 -0.000372952 0.000780001
internal_weight=2324.48 2163.97 2060.38 1912.92 1081.66 831.258
internal_count=28524 25257 24831 23132 14364 8768
is_linear=0
shrinkage=0.03


Tree=75
num_leaves=7
num_cat=0
split_feature=28 30 4 8 2 20
split_gain=0.803468 0.678993 0.597391 0.567186 0.527129 0.50433
threshold=2.4239186048507695 -6.2658965587615958 -0.11544701593926941 -0.066244158714105342 -0.14413498024180832 -0.067132613624366608
decision_type=8 10 2 2 2 2
left_child=1 5 4 -3 -2 -1
right_child=2 3 -4 -5 -6 -7
leaf_value=-0.00096439496207233655 -0.0015362377113233617 -0.0017257743173221781 0.0020948628276847513 -0.00020580767598769802 0.0011075986353437078 0.0018864467867074572
leaf_weight=69.192916702362709 100.8525322903879 257.96234100332367 258.61880388692953 1280.9917870932259 165.11810589558445 198.5302901895484
leaf_count=1375 1269 4089 2672 13889 1626 3666
internal_value=7.48543e-05 -0.000226309 0.00109689 -0.000470084 8.57509e-05 0.00114145
internal_weight=2331.27 1806.68 524.589 1538.95 265.971 267.723
internal_count=28586 23019 5567 17978 2895 5041
is_linear=0
shrinkage=0.03


Tree=76
num_leaves=7
num_cat=0
split_feature=0 23 28 28 8 22
split_gain=0.889825 0.676968 0.549962 0.496818 0.508985 0.497359
threshold=0.12052974880660025 0.55228305723375715 1.4798393249511721 4.1199619770050058 0.19344850867118132 -0.15768213182079982
decision_type=2 2 8 10 2 2
left_child=1 3 -2 4 5 -1
right_child=2 -3 -4 -5 -6 -7
leaf_value=-0.002205877457174924 0.00031870865510425872 0.0022705243864496526 0.0023978875381188542 0.0023938171536115244 0.0019418065059776757 -0.00048397013636363085
leaf_weight=159.51776786462869 322.10856911260635 74.954283929080702 170.89164578751661 43.129424625774845 60.942365068243816 1502.8986462283501
leaf_count=2373 3532 905 1488 402 727 19150
internal_value=-4.63651e-05 -0.000350162 0.00107277 -0.000473516 -0.000558671 -0.000661398
internal_weight=2334.44 1841.44 493 1766.49 1723.36 1662.42
internal_count=28577 23557 5020 22652 22250 21523
is_linear=0
shrinkage=0.03


Tree=77
num_leaves=7
num_cat=0
split_feature=23 0 2 18 14 1
split_gain=0.720454 0.628431 0.545279 0.449454 0.571142 0.493642
threshold=0.48447040189574847 0.46586906684600954 -0.18852685767890603 1.0000000180025095e-35 0.41385917847164688 -0.053224175847243878
decision_type=2 2 2 2 2 2
left_child=1 2 -1 4 5 -4
right_child=-2 -3 3 -5 -6 -7
leaf_value=-0.0011772671992624577 0.0018474988778744692 0.0035084223353972978 -0.00062376414025003073 -0.0015568146926403729 -0.0021446559410323155 0.00061789427247817383
leaf_weight=416.29959102050634 166.23471232663724 31.566587606910616 376.86040475245682 138.70407141977921 80.837451353669167 1128.896244173171
leaf_count=7110 1845 353 5112 1195 333 12709
internal_value=2.40321e-06 -0.000146552 -0.000216481 2.07965e-05 0.000167602 0.000305067
internal_weight=2339.4 2173.16 2141.6 1725.3 1586.59 1505.76
internal_count=28657 26812 26459 19349 18154 17821
is_linear=0
shrinkage=0.03


Tree=78
num_leaves=7
num_cat=0
split_feature=0 22 5 14 31 6
split_gain=0.783549 0.747101 0.622761 0.769648 0.701006 0.612064
threshold=0.40629810526123383 -0.16251717978601601 1.0000000180025095e-35 0.31953153718185695 4.4362272322177896 -0.020968312555197492
decision_type=2 2 2 2 8 2
left_child=1 -1 4 -4 -3 -6
right_child=-2 2 3 -5 5 -7
leaf_value=-0.0017629746626797679 0.0031301240278254873 -0.00073219538089550821 0.0016011200786259451 -0.0018663379739806102 -0.00062003622371675858 0.0011411500922895266
leaf_weight=200.02272885059938 61.558506950212177 872.77529507229337 379.94715519642341 58.968687921762466 269.73016022299998 482.65300560052856
leaf_count=2899 666 8762 4436 250 4862 6664
internal_value=3.9278e-05 -5.81537e-05 0.000114758 0.00110407 -0.000157548 0.000509912
internal_weight=2325.66 2264.1 2064.07 438.916 1625.16 752.383
internal_count=28539 27873 24974 4686 20288 11526
is_linear=0
shrinkage=0.03


Tree=79
num_leaves=7
num_cat=0
split_feature=23 28 30 3 29 10
split_gain=0.831604 0.789971 0.612665 0.59648 0.648648 0.724192
threshold=0.34456282204118988 2.5651172399520878 -4.5000259876251212 -0.063280222815751394 -4.7633886337280265 -0.016385369285769297
decision_type=2 8 10 2 8 2
left_child=1 2 -1 4 -3 -6
right_child=-2 3 -4 -5 5 -7
leaf_value=0.00052941107354665003 0.0015538741263200369 0.0029327721579801278 -0.00083900937942433195 0.0028820567350782613 -0.002095730476051274 0.00086989923418733959
leaf_weight=376.38155348721193 259.71744622004917 57.785315538640134 1253.6678933844669 94.650938184699044 113.1619673303212 176.77013608661946
leaf_count=6536 2860 575 14298 881 1365 1960
internal_value=-1.35781e-05 -0.000216531 -0.000521737 0.00089477 0.000288372 -0.000318882
internal_weight=2332.14 2072.42 1630.05 442.368 347.717 289.932
internal_count=28475 25615 20834 4781 3900 3325
is_linear=0
shrinkage=0.03


Tree=80
num_leaves=7
num_cat=0
split_feature=0 15 0 28 33 23
split_gain=0.83495 0.699222 0.577224 0.496191 0.503632 0.390203
threshold=-0.084840280120375242 1.5000000000000002 0.46586906684600954 2.672078132629395 -1.9591204623381293 0.0882859574182039
decision_type=2 2 2 10 8 2
left_child=-1 2 3 4 -2 -3
right_child=1 5 -4 -5 -6 -7
leaf_value=-0.0008702358744900609 -0.0011018582658431956 -0.0019792039837649134 0.0039937220461885329 0.0019982745300950013 0.00053886917127393544 0.00099144789591087902
leaf_weight=673.42273701232625 189.90203036356252 149.80851772328606 34.03702925844118 163.87187925935723 1069.8231452630716 46.106420502532274
leaf_count=9807 2408 1878 373 1404 12163 468
internal_value=1.26356e-05 0.000375263 0.000602967 0.000494604 0.000284802 -0.0012659
internal_weight=2326.97 1653.55 1457.63 1423.6 1259.73 195.915
internal_count=28501 18694 16348 15975 14571 2346
is_linear=0
shrinkage=0.03


Tree=81
num_leaves=7
num_cat=0
split_feature=3 15 7 0 11 28
split_gain=0.829407 0.675471 0.663256 0.522706 0.498503 0.495724
threshold=-0.048089337773658695 1.5000000000000002 -0.10750770994707606 0.46586906684600954 0.014533430453789771 0.5529184639453889
decision_type=2 2 2 2 2 8
left_child=1 2 -1 5 -2 -4
right_child=4 -3 3 -5 -6 -7
leaf_value=-0.0020975438378942374 0.00038103481254799925 -0.0018167570418926764 -0.00051353633832974344 0.0036167578168255785 0.0025260682047447808 0.00054954539569313334
leaf_weight=123.43349412304815 263.34216174180619 214.48147703221184 776.4643191031646 27.240735133120324 149.0727532839519 782.67405203351518
leaf_count=2606 2840 2894 10331 301 1586 8052
internal_value=-6.52246e-06 -0.000269498 -6.5972e-05 0.00010425 0.00119783 2.02228e-05
internal_weight=2336.71 1924.29 1709.81 1586.38 412.415 1559.14
internal_count=28610 24184 21290 18684 4426 18383
is_linear=0
shrinkage=0.03


Tree=82
num_leaves=7
num_cat=0
split_feature=14 8 0 17 22 10
split_gain=0.823808 0.775593 0.631686 0.647259 0.435222 0.431325
threshold=0.41385917847164688 0.1483831398795091 -0.0072892741328286484 1.0000000180025095e-35 -0.036699866360805335 -0.071381563725995315
decision_type=2 2 2 2 2 2
left_child=1 2 -1 5 -3 -4
right_child=-2 4 3 -5 -6 -7
leaf_value=-0.00070702250186632321 -0.0024650538007300292 -0.00036353479597402865 -0.00097057242332060508 -0.001376494338031756 0.0026313178097938251 0.00086529911671494515
leaf_weight=822.8118806466955 107.66452211141586 57.216996308154194 123.12069031599094 156.27412953387829 148.52200014478876 915.55568293071701
leaf_count=11661 443 746 1579 1903 1659 10490
internal_value=-1.85276e-05 0.000110442 -7.20069e-05 0.000367487 0.00182019 0.000640502
internal_weight=2331.17 2223.5 2017.76 1194.95 205.739 1038.68
internal_count=28481 28038 25633 13972 2405 12069
is_linear=0
shrinkage=0.03


Tree=83
num_leaves=7
num_cat=0
split_feature=22 8 5 14 6 31
split_gain=1.06928 0.875014 0.593978 0.601846 0.578149 0.554824
threshold=-0.15505850892022116 0.18821883252260022 1.0000000180025095e-35 0.41385917847164688 0.089539744293095441 5.2982650995254525
decision_type=2 2 2 2 2 8
left_child=-1 2 4 -4 -2 -6
right_child=1 -3 3 -5 5 -7
leaf_value=-0.0019619749926513877 -0.00065082541101546434 0.0027228262386767474 0.0013378249659500494 -0.0029584670417323313 -0.0001939903663128431 0.0017296163137183653
leaf_weight=223.22863055189373 1030.361497758975 105.03206843929365 386.2567604741198 22.358059957623482 350.38841459178366 207.71060644305544
leaf_count=3187 13839 1143 4240 92 3197 2761
internal_value=-3.44423e-05 0.000178568 3.18584e-05 0.00103769 -0.000231754 0.000539772
internal_weight=2325.34 2102.11 1997.08 408.615 1588.46 558.099
internal_count=28459 25272 24129 4332 19797 5958
is_linear=0
shrinkage=0.03


Tree=84
num_leaves=7
num_cat=0
split_feature=28 14 2 20 0 30
split_gain=0.853667 0.703223 0.666052 0.572504 0.545768 0.550273
threshold=3.8115005493164067 0.34198608790104729 -0.12572700109751672 0.024395533240747978 0.33502050881232787 -7.3696818351745597
decision_type=10 2 2 2 2 10
left_child=1 2 3 -1 5 -4
right_child=-2 -3 4 -5 -6 -7
leaf_value=-0.00097580232707866375 0.0027542130440732625 -0.0017338923766151584 0.0017511518889622431 0.0007182513594223384 0.0030924504085477799 6.2578967872368104e-05
leaf_weight=651.89029210945591 90.20175469852984 198.87477949261665 206.54952642033459 238.12777939811349 62.488381204428151 881.74011261539999
leaf_count=9574 822 834 3131 3523 708 9949
internal_value=4.50181e-05 -7.58513e-05 9.33911e-05 -0.000519607 0.000567879 0.000396084
internal_weight=2329.87 2239.67 2040.8 890.018 1150.78 1088.29
internal_count=28541 27719 26885 13097 13788 13080
is_linear=0
shrinkage=0.03


Tree=85
num_leaves=7
num_cat=0
split_feature=28 23 28 6 2 20
split_gain=0.865213 0.590458 0.600456 0.445522 0.424785 0.354999
threshold=2.6208504438400273 -0.29108432140184476 -4.8550727367401114 0.2531370982072077 -0.18040773029770982 0.076532260665761145
decision_type=10 2 8 2 2 2
left_child=1 5 -3 -2 -4 -1
right_child=3 2 4 -5 -6 -7
leaf_value=-0.0016862732426562472 0.00088697439950617858 0.002972071250565977 -0.0010574159971245718 0.0038468825289206276 0.00015777607842615548 0.00071033953648536768
leaf_weight=308.08715766106616 222.29328322783113 50.229030207119649 310.96298439023667 51.204255855409428 1329.8332461508689 61.534534942882601
leaf_count=4538 2023 1171 4820 412 14667 950
internal_value=2.95329e-06 -0.000209867 2.99862e-05 0.00155728 -7.7537e-05 -0.00127908
internal_weight=2334.14 2060.65 1691.03 273.498 1640.8 369.622
internal_count=28581 26146 20658 2435 19487 5488
is_linear=0
shrinkage=0.03


Tree=86
num_leaves=7
num_cat=0
split_feature=23 0 5 30 28 12
split_gain=0.749555 0.690408 0.580243 0.583581 0.600999 0.479449
threshold=0.60798110501374814 0.46586906684600954 1.0000000180025095e-35 -6.2658965587615958 1.9798751473426821 1.5215335640978727
decision_type=2 2 2 10 10 2
left_child=1 2 3 -1 -5 -4
right_child=-2 -3 5 4 -6 -7
leaf_value=0.00060900083653826309 0.0024012312857729185 0.0036178630511470682 0.0012342859927659071 -0.0010561386499832971 0.00043879618453030394 -0.001112147574783069
leaf_weight=373.2635199874785 102.8342835821677 33.977931804780383 369.01298078207765 1052.6342015489063 307.26414941251278 90.436282269656658
leaf_count=6196 1173 374 4526 12930 2908 429
internal_value=1.55982e-05 -0.000104825 -0.000178677 -0.000430062 -0.000717626 0.000758571
internal_weight=2329.42 2226.59 2192.61 1733.16 1359.9 459.449
internal_count=28536 27363 26989 22034 15838 4955
is_linear=0
shrinkage=0.03


Tree=87
num_leaves=7
num_cat=0
split_feature=28 30 12 35 8 2
split_gain=0.643812 0.839958 0.629917 0.591852 0.488648 0.418959
threshold=1.0545144677162173 -5.5500738620758048 1.4213917400073715 0.66450221430171641 0.041646812470044793 -0.091742951115453455
decision_type=8 10 2 8 2 2
left_child=1 -1 5 -4 -5 -2
right_child=2 -3 3 4 -6 -7
leaf_value=0.001068476728205947 0.00052071130023883367 -0.0006945510085830072 0.0010366585918119291 -0.00014647306789261765 -0.0036028802627846189 0.0019851414986787916
leaf_weight=304.67236161585606 426.80297059565783 1066.4547050349356 106.91769254207611 77.223453834652901 61.92425250262022 301.59545587410685
leaf_count=5614 5388 13019 518 384 296 3493
internal_value=0.000120509 -0.000297896 0.000706276 -0.000588547 -0.00182309 0.00114574
internal_weight=2345.59 1371.13 974.464 246.065 139.148 728.398
internal_count=28712 18633 10079 1198 680 8881
is_linear=0
shrinkage=0.03


Tree=88
num_leaves=7
num_cat=0
split_feature=20 6 28 30 33 7
split_gain=0.69868 0.665285 0.394568 0.686412 0.387176 0.319573
threshold=-0.16278525394256418 0.33929199159742401 0.47916764020919805 -2.2737666368484493 0.18162957827250167 -0.10750770994707606
decision_type=2 2 8 8 10 2
left_child=-1 2 3 4 -2 -4
right_child=1 -3 5 -5 -6 -7
leaf_value=-0.0015203667974474685 -0.00030008517632429464 0.002099428081474005 -0.0014360506673766163 -0.0012225187796033937 0.0014283716303244197 0.00058378051068166362
leaf_weight=234.7566608999623 287.54742752593302 139.89034068549518 66.72289769037161 464.37648606635048 183.17469615815207 934.91612825408811
leaf_count=3364 5152 1438 1057 5437 2611 9344
internal_value=-4.00138e-06 0.000173884 2.47322e-05 -0.000416145 0.00038824 0.000436367
internal_weight=2311.38 2076.63 1936.74 935.099 470.722 1001.64
internal_count=28403 25039 23601 13200 7763 10401
is_linear=0
shrinkage=0.03


Tree=89
num_leaves=7
num_cat=0
split_feature=23 28 30 29 36 36
split_gain=0.670023 0.649559 0.548375 0.531539 0.436599 0.412441
threshold=0.47518234098927253 0.93899044394493114 -2.2737666368484493 -6.2152345180511466 2.5563570544531697 2.0832172407369534
decision_type=2 8 10 8 10 10
left_child=1 2 -1 -3 -4 -5
right_child=-2 3 4 5 -6 -7
leaf_value=0.00016396608723010116 0.0018222908076122367 0.0019851596557400957 -0.0013360211198740278 0.00039685795994010513 0.0014134087034664545 -0.0019361499312877291
leaf_weight=560.77017445929232 174.0434371168958 171.28196175931953 598.54441644213512 709.29299110150896 48.761947495630011 65.411243894137442
leaf_count=9290 1927 1838 6919 7450 512 547
internal_value=8.48197e-05 -6.33361e-05 -0.000522452 0.000522312 -0.00111055 0.00017771
internal_weight=2328.11 2154.06 1208.08 945.986 647.306 774.704
internal_count=28483 26556 16721 9835 7431 7997
is_linear=0
shrinkage=0.03


Tree=90
num_leaves=7
num_cat=0
split_feature=23 28 14 3 36 7
split_gain=0.665574 0.54618 0.579133 0.546155 0.531757 0.400234
threshold=0.34456282204118988 2.8385466337203984 0.26876967110187672 -0.063280222815751394 2.0507956012191939 -0.10750770994707606
decision_type=2 10 2 2 10 2
left_child=1 2 3 5 -3 -1
right_child=-2 4 -4 -5 -6 -7
leaf_value=-0.0020435980389568054 0.0013410637334152556 0.0018572472467486719 -0.0015438536702346863 0.00096734754189154142 -0.0020965754248427034 -0.00025237021203119916
leaf_weight=115.17142523484654 262.10307121777441 170.33194646285847 317.52866825461388 303.50004226042074 28.20443415036425 1135.9264796818898
leaf_count=2651 2860 1528 1430 3862 226 16036
internal_value=-5.44914e-05 -0.000236736 -0.000397099 -0.000154502 0.00122196 -0.000432161
internal_weight=2332.77 2070.66 1872.13 1554.6 198.536 1251.1
internal_count=28593 25733 23979 22549 1754 18687
is_linear=0
shrinkage=0.03


Tree=91
num_leaves=7
num_cat=0
split_feature=3 28 31 33 8 14
split_gain=0.687085 0.709127 0.790085 0.59177 0.397056 0.387452
threshold=-0.25212466933018818 2.8385466337203984 4.4362272322177896 1.7673004468282068 -0.0028731559458832208 0.39316636867906257
decision_type=2 10 8 10 2 2
left_child=-1 2 -2 -3 -4 -6
right_child=1 3 4 -5 5 -7
leaf_value=-0.0012358034520400885 -0.00050654990820858485 0.0026121527843248889 -3.8762943490102512e-05 -0.0014988656820939935 0.0014296873975638376 -0.0020403996165168129
leaf_weight=296.83633739411016 941.40548842569115 170.09954172477592 357.87470822955947 31.339741291245446 506.52044662693515 22.11080776154995
leaf_count=4702 9189 1468 5866 265 6862 91
internal_value=8.81971e-05 0.000286971 9.61687e-05 0.00193192 0.000734723 0.00124936
internal_weight=2326.19 2029.35 1827.91 201.439 886.506 528.631
internal_count=28443 23741 22008 1733 12819 6953
is_linear=0
shrinkage=0.03


Tree=92
num_leaves=7
num_cat=0
split_feature=8 22 34 22 31 20
split_gain=0.673364 0.514449 0.559497 0.355984 0.300892 0.344499
threshold=0.16183952307787722 -0.15768213182079982 -7.9504116376241045 -0.068809185255668273 7.1176422238349923 0.032911609014406977
decision_type=2 2 8 2 10 2
left_child=1 -1 -3 -2 -4 -6
right_child=3 2 4 -5 5 -7
leaf_value=-0.0016096441882376647 -0.00070664489012187625 0.0022142066002273251 -0.00034167643242175185 0.0023052064269621564 -1.0314830603323649e-05 0.0020062974678299803
leaf_weight=200.2241239886207 40.660424861649517 83.7962773390027 1515.9284629773465 144.36865483413567 238.63422413601074 101.96362648997456
leaf_count=2859 505 1916 16199 1549 3765 1650
internal_value=-4.70784e-05 -0.000199953 -4.69777e-05 0.00164105 -0.000160355 0.000633397
internal_weight=2325.58 2140.55 1940.32 185.029 1856.53 340.598
internal_count=28443 26389 23530 2054 21614 5415
is_linear=0
shrinkage=0.03


Tree=93
num_leaves=7
num_cat=0
split_feature=14 9 28 28 12 12
split_gain=0.617652 0.636774 0.65773 0.64912 0.382811 0.34333
threshold=0.34198608790104729 0.10632669663453077 1.5930150151252749 -2.8463437557220455 1.797408188821852 0.633446994310499
decision_type=2 2 8 8 2 2
left_child=1 2 3 -1 -2 -4
right_child=4 -3 5 -5 -6 -7
leaf_value=0.0014714315298939326 -0.003075139203922815 0.0014017421024356143 0.0015576516228054769 -0.00070698201517178027 -0.00047611544855467386 0.00010359933672692126
leaf_weight=129.02130360859155 77.627481058239937 296.86207417398691 251.82993315078784 1101.5778306683933 132.91525445878506 334.27841429039836
leaf_count=2805 328 3445 4429 14658 554 2248
internal_value=-1.93511e-05 0.000137666 -7.54354e-05 -0.000468568 -0.00153036 0.000744004
internal_weight=2324.11 2113.57 1816.71 1230.6 210.543 586.108
internal_count=28467 27585 24140 17463 882 6677
is_linear=0
shrinkage=0.03


Tree=94
num_leaves=7
num_cat=0
split_feature=6 25 0 14 30 9
split_gain=0.609096 0.440561 0.463886 0.34703 0.841669 0.309035
threshold=0.33929199159742401 -0.21223249829241006 -0.082261962750607251 0.22021843570589214 5.3939504623413095 0.043154557926606732
decision_type=2 2 2 2 8 2
left_child=1 -1 5 -4 -5 -3
right_child=-2 2 3 4 -6 -7
leaf_value=0.00059951261214365842 0.0017275831499817013 -0.0018892991207664406 0.00018193613502091201 -0.00019873239664693296 -0.0038149237001744527 -1.6399527124015834e-05
leaf_weight=508.40215579752112 154.6533254829701 254.22837798560795 919.75821991814882 302.1007000207901 62.041230037808418 113.53736765577924
leaf_count=6626 1585 3866 13249 1452 296 1399
internal_value=-3.16989e-05 -0.000165038 -0.000402567 -0.000129608 -0.000900344 -0.00132683
internal_weight=2314.72 2160.07 1651.67 1283.9 364.142 367.766
internal_count=28473 26888 20262 14997 1748 5265
is_linear=0
shrinkage=0.03


Tree=95
num_leaves=7
num_cat=0
split_feature=23 18 0 22 7 8
split_gain=0.596015 0.516425 0.520321 0.45166 0.389876 0.354806
threshold=0.57784389018357951 1.0000000180025095e-35 0.40629810526123383 0.1282089961728469 -0.10750770994707606 -0.20651749480279671
decision_type=2 2 2 2 2 2
left_child=1 2 3 4 -1 -6
right_child=-2 -3 -4 -5 5 -7
leaf_value=-0.0017251718306080584 0.0020229375583332731 -0.0016178737212712976 0.0027626136167871363 0.0013060039635711062 -0.0028461541091306919 1.0877522714818408e-05
leaf_weight=126.68167284174706 117.60139001873904 171.73127449315507 51.770494118041825 193.57880245480919 30.082298705208814 1627.2837571049604
leaf_count=2656 1328 1613 569 2542 701 19044
internal_value=2.94426e-05 -8.57326e-05 5.12174e-05 -3.33038e-05 -0.000185096 -5.77383e-05
internal_weight=2318.73 2201.13 2029.4 1977.63 1784.05 1657.37
internal_count=28453 27125 25512 24943 22401 19745
is_linear=0
shrinkage=0.03


Tree=96
num_leaves=7
num_cat=0
split_feature=23 28 5 4 31 22
split_gain=0.61647 0.465671 0.40569 0.361444 0.437801 0.339081
threshold=0.1327349099094475 4.2957904338836679 1.0000000180025095e-35 -0.091708521687438302 3.1580067276954655 -0.12222250240848485
decision_type=2 10 2 2 8 2
left_child=1 2 3 5 -5 -1
right_child=-2 -3 -4 4 -6 -7
leaf_value=-0.0024702328493214341 0.00088108568163581299 0.0025133775971401835 0.00051012096495978111 -0.00096223765807483433 0.00067749384203902459 -0.00074653855962104269
leaf_weight=113.18193955847528 483.95275341352681 41.225949524901807 353.21967489641975 247.69243741594255 329.78399151904159 751.30757318632095
leaf_count=1749 5205 366 3941 2385 4880 9924
internal_value=-6.05667e-05 -0.00031215 -0.000390601 -0.000613233 -3.02307e-05 -0.000997878
internal_weight=2320.36 1836.41 1795.19 1441.97 577.476 864.49
internal_count=28450 23245 22879 18938 7265 11673
is_linear=0
shrinkage=0.03


Tree=97
num_leaves=7
num_cat=0
split_feature=37 28 3 9 31 35
split_gain=0.646293 0.714252 0.582098 0.453276 0.418658 0.374538
threshold=-5.327629137513715 0.93899044394493114 -0.31493732643588251 0.10632669663453077 2.7431135773658757 0.64271493181808015
decision_type=8 8 2 2 10 8
left_child=-1 3 -3 -2 -5 -4
right_child=1 2 5 4 -6 -7
leaf_value=0.0024011910534955691 -0.00087663705428054218 -0.0022245358133815047 0.0013068125177709776 -0.001173703462420091 0.0017436891253016537 0.0001037761457431508
leaf_weight=82.006487034072052 1063.3336905424367 59.874269543215632 396.85853400849737 59.865538291400298 115.47548305115197 549.19579889887245
leaf_count=2044 14099 796 3878 524 1530 5716
internal_value=-6.37372e-05 -0.000164044 0.000427472 -0.000643991 0.000738039 0.000616826
internal_weight=2326.61 2244.6 1005.93 1238.67 175.341 946.054
internal_count=28587 26543 10390 16153 2054 9594
is_linear=0
shrinkage=0.03


Tree=98
num_leaves=7
num_cat=0
split_feature=3 6 34 11 3 29
split_gain=0.704831 0.622681 0.446631 0.464846 0.453083 0.39438
threshold=-0.24368037027907169 0.45295549498803406 -7.6496938218673067 0.028473842045541379 -0.035493039018460244 -3.7254353761672969
decision_type=2 2 8 2 2 8
left_child=-1 2 -2 -4 -5 -6
right_child=1 -3 3 4 5 -7
leaf_value=-0.0012936236717954787 0.002057088459215625 0.0031018254684899733 -0.00035115151935850641 0.00028882493733080344 -0.00019628204666201945 0.0037768227772210241
leaf_weight=332.6782693391433 87.962918932957109 53.495839142473415 1255.055512187042 522.45066408650018 32.016286108992063 58.693565319641493
leaf_count=5259 1886 521 14184 5848 341 575
internal_value=-3.57387e-05 0.000177864 8.25325e-05 -2.08947e-05 0.000649883 0.00249426
internal_weight=2342.35 2009.67 1956.18 1868.22 613.161 90.7099
internal_count=28614 23355 22834 20948 6764 916
is_linear=0
shrinkage=0.03


Tree=99
num_leaves=7
num_cat=0
split_feature=28 14 2 3 31 5
split_gain=0.609501 0.656345 0.544071 0.480086 0.470535 0.542536
threshold=3.3306834697723393 0.2277947556113353 -0.11486646534770416 -0.31493732643588251 7.5733153969049463 -0.048896226471668448
decision_type=10 2 2 2 8 2
left_child=1 2 -1 -4 -5 -6
right_child=-2 -3 3 4 5 -7
leaf_value=-0.00049230052775633807 0.0016769925880832722 -0.0011152899180501726 -0.0021466776798913143 0.00028101277884563732 -0.000497622977909853 0.0026652068356753014
leaf_weight=792.43187661041156 150.16115400695708 560.82526968419552 44.348317916999804 546.92965601303149 62.163446196296718 177.80763448722428
leaf_count=13104 1350 2676 766 6714 962 2989
internal_value=-0.000110298 -0.000240237 6.69864e-05 0.00059967 0.000779445 0.00185876
internal_weight=2334.67 2184.51 1623.68 831.249 786.901 239.971
internal_count=28561 27211 24535 11431 10665 3951
is_linear=0
shrinkage=0.03


Tree=100
num_leaves=7
num_cat=0
split_feature=3 11 28 30 0 10
split_gain=0.589067 0.604361 0.606429 0.450217 0.348032 0.337246
threshold=-0.05711566095057282 0.11129591335915441 3.8115005493164067 3.2013901472091679 0.13997435442498815 -0.071381563725995315
decision_type=2 2 10 10 2 2
left_child=1 2 4 -2 5 -1
right_child=3 -3 -4 -5 -6 -7
leaf_value=-0.001761814707365815 0.0014203406878871745 0.0019663587664872349 0.0023159922410370885 -0.0010238462223887347 0.00045219850291667679 -0.00043760222197333413
leaf_weight=195.31489931413671 381.56295901921112 100.95720460332814 65.684168115025386 74.483165498822927 319.19725878007011 1192.6728595697205
leaf_count=2935 4246 1147 608 611 3416 15609
internal_value=5.2979e-05 -0.000183505 -0.000316273 0.00100774 -0.000430447 -0.000635212
internal_weight=2329.87 1873.83 1772.87 456.046 1707.19 1387.99
internal_count=28572 23715 22568 4857 21960 18544
is_linear=0
shrinkage=0.03


Tree=101
num_leaves=7
num_cat=0
split_feature=8 3 28 30 36 1
split_gain=0.637879 0.606638 0.56891 0.624282 0.319156 0.318997
threshold=0.18821883252260022 -0.24368037027907169 0.44573460519313818 -2.2737666368484493 2.5563570544531697 0.024356444179906019
decision_type=2 2 8 10 10 2
left_child=1 -1 3 -3 -5 -4
right_child=-2 2 5 4 -6 -7
leaf_value=-0.0013591651783029586 0.0020050018489489812 0.00028502201622051729 0.00021147693796837123 -0.0015336808093631368 0.0012105629301620024 0.0014090120837071157
leaf_weight=309.35548108967487 120.98343861609465 450.31030622612161 740.60314391023712 401.47551611112431 34.692197807133198 266.75868013768923
leaf_count=4936 1332 7006 8031 4632 358 2198
internal_value=-2.93525e-05 -0.000149619 5.40596e-05 -0.000497247 -0.00129317 0.000539328
internal_weight=2324.18 2203.2 1893.84 886.478 436.168 1007.36
internal_count=28493 27161 22225 11996 4990 10229
is_linear=0
shrinkage=0.03


Tree=102
num_leaves=7
num_cat=0
split_feature=28 23 2 28 28 12
split_gain=0.544573 0.46358 0.458124 0.370545 0.351232 0.43122
threshold=3.4106053113937382 0.20557854401914447 -0.21779750745571114 -4.3217480182647696 0.93899044394493114 1.0999111470803922
decision_type=10 2 2 8 8 2
left_child=1 2 -1 -4 -5 -6
right_child=-2 -3 3 4 5 -7
leaf_value=-0.0014374445673842019 0.0017989170909863952 0.00087216920388897634 0.0021926272971795695 -0.00056479408693156088 0.0009588357697255499 -0.00059367266359861752
leaf_weight=250.45244324978557 139.28680956806056 375.86147310078377 52.173709251728724 863.76411266968353 398.58822584850714 257.11124500632286
leaf_count=4888 1235 4121 1090 10603 5213 1383
internal_value=4.54681e-05 -7.32942e-05 -0.000272021 -7.83875e-05 -0.000170193 0.000350297
internal_weight=2337.24 2197.95 1822.09 1571.64 1519.46 655.699
internal_count=28533 27298 23177 18289 17199 6596
is_linear=0
shrinkage=0.03


Tree=103
num_leaves=7
num_cat=0
split_feature=23 28 10 8 31 34
split_gain=0.645198 0.549234 0.449101 0.469009 0.345512 0.322025
threshold=0.34456282204118988 2.5651172399520878 -0.069946489822721683 0.16183952307787722 -2.6873806715011592 -2.9575337618589397
decision_type=2 8 2 2 10 10
left_child=1 5 4 -4 -3 -1
right_child=-2 2 3 -5 -6 -7
leaf_value=0.00014631890456037134 0.001279171630057538 -0.0033923424174087616 0.0006746562969108667 0.0042628564717511136 0.0008153103750513503 -0.00078600131234025244
leaf_weight=463.03047426113335 266.70761900919024 30.852856460027397 365.86096980830189 26.865928329061717 25.239335600403138 1156.1054902285687
leaf_count=8193 2878 431 3850 255 267 12608
internal_value=-8.21079e-05 -0.000262985 0.00065576 0.00101988 -0.00166216 -0.000520121
internal_weight=2334.66 2067.96 448.819 392.727 56.0922 1619.14
internal_count=28482 25604 4803 4105 698 20801
is_linear=0
shrinkage=0.03


Tree=104
num_leaves=7
num_cat=0
split_feature=28 15 37 28 23 9
split_gain=0.548509 0.417994 0.45831 0.394932 0.332841 0.309064
threshold=3.4106053113937382 1.5000000000000002 -2.64727548992995 1.6215919256210329 0.19540126644789638 0.0061656787275190398
decision_type=10 2 10 10 2 2
left_child=1 2 -1 -3 5 -4
right_child=-2 3 4 -5 -6 -7
leaf_value=0.00090988176322307412 0.0017557406027833102 -0.0017965579268098338 -0.00093112222418871235 0.001007307711619784 0.00067668881674965613 9.885040020331971e-06
leaf_weight=394.35386082126934 135.78499444120098 212.03490310645429 587.95645142011927 49.8065914909821 289.54455115384189 661.3484567895066
leaf_count=6668 1196 2930 7506 506 2914 6776
internal_value=-2.65786e-05 -0.000144295 1.05385e-05 -0.00124578 -0.000224319 -0.000436855
internal_weight=2330.83 2195.04 1933.2 261.841 1538.85 1249.3
internal_count=28496 27300 23864 3436 17196 14282
is_linear=0
shrinkage=0.03


Tree=105
num_leaves=7
num_cat=0
split_feature=22 11 8 31 6 14
split_gain=0.568157 0.503534 0.369494 0.338165 0.390358 0.367487
threshold=-0.16251717978601601 0.025522680899316499 -0.024903169450146017 5.4638588726520547 0.087945717403657406 0.15944823247473108
decision_type=2 2 2 8 2 2
left_child=-1 3 -3 -2 -5 -6
right_child=1 2 -4 4 5 -7
leaf_value=-0.0014233452208337815 -0.00052662049643088414 -0.00054745865233727699 0.0011413396349300674 -0.00013630189869763505 0.0025853112636916448 -0.00018254623452898416
leaf_weight=212.39832969091367 863.61061393827549 138.98397491121432 578.18931517685996 367.1798109717638 105.36884021630976 66.99454553425312
leaf_count=3010 8774 2216 6366 5954 1902 370
internal_value=1.96136e-05 0.000170161 0.000811033 -0.000160819 0.000423623 0.00155848
internal_weight=2332.73 2120.33 717.173 1403.15 539.543 172.363
internal_count=28592 25582 8582 17000 8226 2272
is_linear=0
shrinkage=0.03


Tree=106
num_leaves=7
num_cat=0
split_feature=20 5 34 14 0 20
split_gain=0.586721 0.564619 0.414875 0.347117 0.328075 0.285907
threshold=-0.16278525394256418 1.0000000180025095e-35 -7.6496938218673067 0.41385917847164688 0.13655568528558773 0.014256738480519443
decision_type=2 2 8 2 2 2
left_child=-1 2 -2 -3 -4 -6
right_child=1 3 4 -5 5 -7
leaf_value=-0.0014025986837763159 0.0018244935656118993 0.0012738220710917655 -0.0004419285117722368 -0.0019698371234563579 4.8557261528052703e-05 0.0020640751209431867
leaf_weight=238.17833340499783 83.381996048789006 427.3394911387586 1272.398345137015 23.080818861722946 209.97240772179794 81.016673585458193
leaf_count=3416 1910 4659 15574 95 2067 768
internal_value=-2.30125e-05 0.00013958 -0.000119393 0.00106843 -0.000234006 0.000659647
internal_weight=2335.37 2097.19 1646.77 450.42 1563.39 290.989
internal_count=28489 25073 20319 4754 18409 2835
is_linear=0
shrinkage=0.03


Tree=107
num_leaves=7
num_cat=0
split_feature=5 1 14 16 28 30
split_gain=0.561144 0.499272 0.385857 0.313256 0.282095 0.415523
threshold=1.0000000180025095e-35 0.095387891846403505 0.31953153718185695 1.0000000180025095e-35 3.5800904035568242 -4.4259374141693106
decision_type=2 2 2 2 10 10
left_child=1 4 3 -2 5 -1
right_child=2 -3 -4 -5 -6 -7
leaf_value=0.00026348766853311246 0.0015131746291197562 0.0014271336627477962 -0.0011075835423390284 -0.00094153551615599898 0.0012567794640820312 -0.00077585300727398433
leaf_weight=489.48978375905426 379.11158506819629 140.5766240930825 66.396710470318794 46.378618153510615 81.022806142340414 1139.3224125724228
leaf_count=8065 4398 1373 282 547 727 13171
internal_value=8.62487e-06 -0.000231566 0.000898799 0.00123013 -0.000375443 -0.000463809
internal_weight=2342.3 1850.41 491.887 425.49 1709.84 1628.81
internal_count=28563 23336 5227 4945 21963 21236
is_linear=0
shrinkage=0.03


Tree=108
num_leaves=7
num_cat=0
split_feature=6 20 23 12 3 28
split_gain=0.542825 0.468689 0.416133 0.393986 0.377698 0.372862
threshold=0.33929199159742401 0.10132930415284148 -0.3021662770987818 1.5772099256491818 -0.25401591230217097 2.6208504438400273
decision_type=2 2 2 2 2 8
left_child=1 2 -1 -3 -4 -2
right_child=5 3 4 -5 -6 -7
leaf_value=-0.0012335392405369173 0.00079569217447833084 0.0014341320032761158 -0.0011916640272428131 -0.0016037046648077662 0.00012195772115236216 0.0041915413552351928
leaf_weight=327.19084584247321 127.32228506432148 249.77252401283477 220.77431448551943 36.558905199170113 1336.9909222325368 30.656032235128805
leaf_count=4703 1382 3469 3404 176 15128 255
internal_value=2.17553e-05 -0.000104886 -0.000277931 0.00100523 -7.06289e-05 0.00166496
internal_weight=2329.27 2171.29 1884.96 286.331 1557.77 157.978
internal_count=28517 26880 23235 3645 18532 1637
is_linear=0
shrinkage=0.03


Tree=109
num_leaves=7
num_cat=0
split_feature=8 8 28 14 30 0
split_gain=0.540138 0.391883 0.335916 0.460844 0.439055 0.402087
threshold=0.18821883252260022 -0.070255288082504405 0.44573460519313818 0.39316636867906257 -1.0167216062545774 0.038817082100946788
decision_type=2 2 8 2 10 2
left_child=1 -1 3 4 -3 -4
right_child=-2 2 5 -5 -6 -7
leaf_value=-0.00090710293938646718 0.0019849510872414801 0.00043339238646849799 0.00010307672507319959 -0.0029985318667837802 -0.00098294169435292496 0.0013716120169909188
leaf_weight=357.33322850026889 119.07583745522425 523.75246527216223 656.01767380844103 42.193531349301338 302.30549760191934 333.63483630307019
leaf_count=6281 1338 7673 6879 175 3376 2839
internal_value=9.84625e-05 -1.14065e-05 0.000164798 -0.000264341 -9.04888e-05 0.000540172
internal_weight=2334.31 2215.24 1857.9 868.251 826.058 989.653
internal_count=28561 27223 20942 11224 11049 9718
is_linear=0
shrinkage=0.03


Tree=110
num_leaves=7
num_cat=0
split_feature=22 11 31 28 6 3
split_gain=0.549257 0.44377 0.418711 0.563711 0.548655 0.447208
threshold=-0.16251717978601601 0.12734043717877583 7.3192882537841806 1.6215919256210329 -0.020968312555197492 -0.04443553547864134
decision_type=2 2 8 10 2 2
left_child=-1 2 3 -2 -4 -6
right_child=1 -3 4 -5 5 -7
leaf_value=-0.0014337894904840865 -0.00058743242355853507 0.0022834050050000855 -0.00055437456115157123 0.00068536254475831193 0.00083708680372273085 0.0033724088591980334
leaf_weight=205.0292807991209 1022.8077524947585 74.832447761582443 191.31166906763974 439.97569308191305 318.4273414381023 71.802695490827318
leaf_count=2987 11438 795 3679 4026 4665 922
internal_value=1.12605e-05 0.000157147 6.85792e-05 -0.000202547 0.000742454 0.00137619
internal_weight=2324.19 2119.16 2044.33 1462.78 581.542 390.23
internal_count=28512 25525 24730 15464 9266 5587
is_linear=0
shrinkage=0.03


Tree=111
num_leaves=7
num_cat=0
split_feature=14 3 16 7 27 28
split_gain=0.57226 0.573151 0.569965 0.542013 0.521538 0.442902
threshold=0.41385917847164688 -0.30325888206374413 1.0000000180025095e-35 -0.020371819932996756 0.23654033988714221 3.0939124822616582
decision_type=2 2 2 2 10 8
left_child=1 -1 3 -3 -2 -5
right_child=4 2 -4 5 -6 -7
leaf_value=-0.0015160628788882266 -0.0037142046590302735 -0.00042305922336678144 -0.0010791022414063218 0.00046671978167397743 0.00026714520123390908 0.0018390969570004851
leaf_weight=170.17722485266859 59.180965930223465 481.05695973476395 245.99584559351206 1072.5266377414227 49.572795480489731 257.60182857862674
leaf_count=2811 244 7424 3196 12044 204 2729
internal_value=-3.44077e-07 0.000107372 0.000248353 0.000433584 -0.00202973 0.000744244
internal_weight=2336.11 2227.36 2057.18 1811.19 108.754 1330.13
internal_count=28652 28204 25393 22197 448 14773
is_linear=0
shrinkage=0.03


Tree=112
num_leaves=7
num_cat=0
split_feature=16 14 7 8 12 10
split_gain=0.509079 0.512211 0.601807 0.470151 0.434747 0.511253
threshold=1.0000000180025095e-35 0.41385917847164688 -0.032634213369883092 0.12644176053820602 1.3740104734676557 0.02927230449311723
decision_type=2 2 2 2 2 2
left_child=1 2 -1 4 -4 -6
right_child=-2 -3 3 -5 5 -7
leaf_value=-0.00068135453100156846 -0.0011889783451306695 -0.0017727666483859687 0.00059964838746757792 0.0017531950682826553 -0.0018202468016606022 0.00086656568638781228
leaf_weight=445.27199107667548 274.64843015166116 106.19770786166191 1022.1359807771805 240.13464456974179 151.69882384687662 97.421150609850883
leaf_count=7271 3565 437 13340 2684 786 509
internal_value=6.7107e-07 0.000164032 0.000277632 0.000562781 0.000325988 -0.000776645
internal_weight=2337.51 2062.86 1956.66 1511.39 1271.26 249.12
internal_count=28592 25027 24590 17319 14635 1295
is_linear=0
shrinkage=0.03


Tree=113
num_leaves=7
num_cat=0
split_feature=22 5 31 28 30 6
split_gain=0.453473 0.36256 0.353474 0.421787 0.452764 0.410416
threshold=-0.15768213182079982 0.078313557727955355 7.6432084143161783 0.38737246394157415 0.95740556716918956 -0.14155611239123753
decision_type=2 2 10 8 10 2
left_child=-1 2 3 4 -2 -4
right_child=1 -3 5 -5 -6 -7
leaf_value=-0.0012756359555558142 -0.00033030059161905762 0.0020143927062106931 -0.001010639527285091 0.00025008061094711898 -0.0022919552520595677 0.0013838798010127565
leaf_weight=220.206048038468 549.39166777278297 77.749850492284168 74.290260616398882 995.82385803596117 122.62694655609084 288.63321512384573
leaf_count=3171 6760 857 1785 10132 1252 4539
internal_value=-1.11242e-05 0.000126335 4.45323e-05 -0.000141375 -0.000716612 0.000879766
internal_weight=2328.72 2108.52 2030.77 1667.84 672.019 362.923
internal_count=28496 25325 24468 18144 8012 6324
is_linear=0
shrinkage=0.03


Tree=114
num_leaves=7
num_cat=0
split_feature=9 28 34 29 8 30
split_gain=0.629013 0.496874 0.492913 0.419968 0.510758 0.367528
threshold=0.11097396658343328 0.5529184639453889 -7.7976580858230582 -4.6029348373413077 -0.0083091337249836927 -1.838316738605499
decision_type=2 8 10 8 2 10
left_child=1 5 -2 4 -3 -1
right_child=2 3 -4 -5 -6 -7
leaf_value=-0.00012920502485110392 0.0040567384166692198 -0.00036136037202134339 0.00071229490935932822 -0.000116174471410759 0.0021778920521304135 -0.0012879909149307227
leaf_weight=527.1047468605102 37.984577782335691 111.3948580059805 271.13699563289993 743.63820198661415 176.36388506984804 456.60930981222191
leaf_count=8855 575 1390 2758 7797 1773 5380
internal_value=-4.3365e-07 -0.000195508 0.0012375 0.000263549 0.00121579 -0.000674626
internal_weight=2324.23 2015.11 309.122 1031.4 287.759 983.714
internal_count=28528 25195 3333 10960 3163 14235
is_linear=0
shrinkage=0.03


Tree=115
num_leaves=7
num_cat=0
split_feature=2 14 10 34 11 7
split_gain=0.424153 0.433729 0.425566 0.45204 0.407434 0.405749
threshold=-0.12572700109751672 0.41385917847164688 -0.052888014443342922 -8.6270603736241647 0.11129591335915441 0.044208730386879044
decision_type=2 2 2 10 2 2
left_child=-1 2 -2 5 -5 -4
right_child=1 -3 3 4 -6 -7
leaf_value=-0.00037405660589827355 -0.00057803479394039905 -0.0017051267937248239 0.0011028297491077769 0.00038814001216868244 0.002712876552333389 0.0047183890199768265
leaf_weight=994.39544225778081 228.20702406970668 70.25628000497818 88.751610041188542 835.7892943546467 64.50315836595837 37.803713238157798
leaf_count=13724 2847 290 1297 9112 656 500
internal_value=9.21255e-05 0.000442089 0.000574816 0.000834129 0.000582673 0.00244928
internal_weight=2319.71 1325.31 1255.05 1026.85 900.292 126.555
internal_count=28426 14702 14412 11565 9768 1797
is_linear=0
shrinkage=0.03


Tree=116
num_leaves=7
num_cat=0
split_feature=28 0 2 20 5 31
split_gain=0.707442 0.348047 0.415811 0.349973 0.414546 0.443417
threshold=4.1199619770050058 0.40629810526123383 -0.12830813690610451 -0.079005029170635718 1.0000000180025095e-35 0.57824797928333294
decision_type=10 2 2 2 2 8
left_child=1 3 -3 -1 5 -5
right_child=-2 2 -4 4 -6 -7
leaf_value=-0.00087563028881364332 0.0027735163412839136 -0.0013654834994178385 0.00332192210208443 -0.0011944837258100272 0.00091714030749052891 9.0534583904955309e-05
leaf_weight=462.60808913237997 70.683329214574769 18.186279509682208 44.419143702369183 301.38317684887443 373.33549152786145 1074.2987007430202
leaf_count=6264 619 227 448 2623 3936 14489
internal_value=1.27528e-05 -8.48184e-05 0.00195975 -0.000151256 4.42274e-05 -0.000197575
internal_weight=2344.91 2274.23 62.6054 2211.63 1749.02 1375.68
internal_count=28606 27987 675 27312 21048 17112
is_linear=0
shrinkage=0.03


Tree=117
num_leaves=7
num_cat=0
split_feature=0 3 16 8 23 33
split_gain=0.42967 0.405355 0.469218 0.446851 0.47096 0.37142
threshold=0.40629810526123383 -0.052429155651936322 1.0000000180025095e-35 0.20005708872711428 -0.28074864084349643 -1.803974527865648
decision_type=2 2 2 2 2 10
left_child=1 2 3 4 -1 -6
right_child=-2 -3 -4 -5 5 -7
leaf_value=-0.0012229396636944724 0.0022733820097122358 0.00077308018142705154 -0.0015715583775964491 0.0020389880087274201 -0.00072675557345358772 0.00040038720540980975
leaf_weight=306.68144173163455 63.667168603162281 421.86936103517655 203.22153125097975 75.417774456902407 361.82667969708564 890.42896549587022
leaf_count=4554 683 4475 2789 832 4769 10432
internal_value=1.86145e-05 -5.46582e-05 -0.000247845 -7.46939e-05 -0.000189293 7.15332e-05
internal_weight=2323.11 2259.45 1837.58 1634.35 1558.94 1252.26
internal_count=28534 27851 23376 20587 19755 15201
is_linear=0
shrinkage=0.03


Tree=118
num_leaves=7
num_cat=0
split_feature=15 28 30 20 5 35
split_gain=0.491063 0.481528 0.477988 0.384738 0.376813 0.353548
threshold=1.5000000000000002 2.8898928165435795 1.1450779438018801 -0.059551082989045004 1.0000000180025095e-35 -3.9946261004855228
decision_type=2 8 10 2 2 10
left_child=1 2 4 -2 -1 -4
right_child=3 -3 5 -5 -6 -7
leaf_value=4.7021948926717825e-05 -0.0029199328036450065 0.0011657603071612878 0.002390989493216708 -0.00041610108470506831 0.0013557757288245268 -0.00094461646705760506
leaf_weight=928.42203069187235 67.880963543313555 377.57797588343965 20.915902341715991 204.93119884195039 241.93262118476559 489.49833326332737
leaf_count=13054 992 4017 206 2590 2823 4803
internal_value=5.24349e-05 0.000212536 -7.22996e-06 -0.00112032 0.000326758 -0.000764612
internal_weight=2331.16 2058.35 1680.77 272.812 1170.35 510.414
internal_count=28485 24903 20886 3582 15877 5009
is_linear=0
shrinkage=0.03


Tree=119
num_leaves=7
num_cat=0
split_feature=28 7 15 28 24 31
split_gain=0.422032 0.39394 0.36529 0.321935 0.274622 0.267567
threshold=4.2957904338836679 -0.10497029864169484 1.5000000000000002 0.4635580331087113 2.5000000000000004 7.3192882537841806
decision_type=10 2 2 10 2 10
left_child=1 -1 5 4 -4 -3
right_child=-2 2 3 -5 -6 -7
leaf_value=-0.001446241063434151 0.0023318690275959436 1.5734185883098812e-05 -0.0028708361278302133 0.00025823769871430123 -0.00020144138182046407 0.00092655036908781375
leaf_weight=162.28986651197192 57.976919309236109 1515.5284752794832 86.089903015410528 102.48661547212396 56.79199293529382 349.15384659545089
leaf_count=3334 505 15761 1274 1053 749 5811
internal_value=2.50091e-06 -6.68876e-05 4.55236e-05 -0.00101917 -0.0018924 0.000190313
internal_weight=2330.32 2272.34 2110.05 245.369 142.882 1864.68
internal_count=28487 27982 24648 3076 2023 21572
is_linear=0
shrinkage=0.03


Tree=120
num_leaves=7
num_cat=0
split_feature=0 31 28 9 2 4
split_gain=0.442331 0.332131 0.474 0.455464 0.412243 0.371205
threshold=0.46586906684600954 3.3011938333511357 1.5057864189147951 0.02024585362907461 -0.10270991449472822 -0.21460100065117496
decision_type=2 8 10 2 2 2
left_child=1 2 -1 4 -3 -5
right_child=-2 3 -4 5 -6 -7
leaf_value=-0.0009207045876305016 0.0027836185996015774 -0.00087128188212057321 0.00039586697719448942 -0.0014926118819879864 0.00058473793333050988 0.0011386764934738108
leaf_weight=647.87533092091326 41.268992199213244 383.62251398785156 385.91842126520351 44.451612318574917 305.88401157749468 526.26757626811741
leaf_count=6397 433 6717 3371 679 4444 6505
internal_value=2.76507e-05 -3.3795e-05 -0.00043014 0.000292163 -0.000226226 0.00091156
internal_weight=2335.29 2294.02 1033.79 1260.23 689.507 570.719
internal_count=28546 28113 9768 18345 11161 7184
is_linear=0
shrinkage=0.03


Tree=121
num_leaves=7
num_cat=0
split_feature=6 14 28 29 20 5
split_gain=0.564007 0.338519 0.440308 0.438898 0.444436 0.381904
threshold=0.47458193080532401 0.31071663281077194 0.93899044394493114 -6.2152345180511466 -0.015858047027901199 -0.014865635581321016
decision_type=2 2 8 8 2 2
left_child=1 2 -1 4 -4 -3
right_child=-2 5 3 -5 -6 -7
leaf_value=-0.00028569637736014373 0.0028728221293067178 0.00017155954667224922 -0.00040378631383903885 0.00026513578134065873 0.0029192586437620615 -0.0020079551563250094
leaf_weight=1162.409416309747 51.228323925926816 131.79999203979969 48.08502167777624 686.79205826093676 113.74207199923694 146.59449101984501
leaf_count=17135 520 567 589 7836 1313 628
internal_value=3.12097e-05 -4.45916e-05 9.28104e-05 0.000608565 0.00196582 -0.00100594
internal_weight=2340.65 2289.42 2011.03 848.619 161.827 278.394
internal_count=28588 28068 26873 9738 1902 1195
is_linear=0
shrinkage=0.03


Tree=122
num_leaves=7
num_cat=0
split_feature=3 34 2 14 11 0
split_gain=0.477957 0.44547 0.341364 0.331166 0.306306 0.39965
threshold=-0.29639264563485307 -7.6496938218673067 -0.1945278056739301 0.41385917847164688 0.025522680899316499 -0.024018731296836512
decision_type=2 8 2 2 2 2
left_child=-1 -2 -3 4 5 -4
right_child=1 2 3 -5 -6 -7
leaf_value=-0.0014425260902503644 0.0019218446708183761 -0.00090583331640235916 -0.00084648284037661364 -0.0015090835170901336 0.00079953684393107031 0.00037372499196968752
leaf_weight=189.52101615740685 103.47181321596145 312.41425405579503 360.21549240482273 91.322058632969856 589.32845147099579 685.38351113168756
leaf_count=3064 2251 4957 4293 375 6412 7174
internal_value=-3.80115e-05 9.23754e-05 -9.40648e-06 0.00015711 0.000258787 -5.0681e-05
internal_weight=2331.66 2142.14 2038.66 1726.25 1634.93 1045.6
internal_count=28526 25462 23211 18254 17879 11467
is_linear=0
shrinkage=0.03


Tree=123
num_leaves=7
num_cat=0
split_feature=23 8 23 24 15 28
split_gain=0.46918 0.34022 0.387094 0.368399 0.581798 0.460999
threshold=0.60798110501374814 0.20005708872711428 -0.3021662770987818 2.5000000000000004 1.5000000000000002 1.6215919256210329
decision_type=2 2 2 2 2 10
left_child=1 2 -1 4 -4 -6
right_child=-2 -3 3 -5 5 -7
leaf_value=-0.00099697275138454448 0.0019006528092681495 0.0016408747859115974 -3.1984660100615381e-05 0.00059338072280134483 -0.0029212096000564313 0.0011542969069733573
leaf_weight=386.44450909533771 104.14542932162294 89.878477351972833 957.03038371902949 663.09377868028241 105.67466320283711 25.975599188823253
leaf_count=5704 1164 1000 11604 7339 1488 264
internal_value=2.46268e-05 -7.11627e-05 -0.00015043 4.09175e-05 -0.000297915 -0.00209236
internal_weight=2332.24 2228.1 2138.22 1751.77 1088.68 131.65
internal_count=28563 27399 26399 20695 13356 1752
is_linear=0
shrinkage=0.03


Tree=124
num_leaves=7
num_cat=0
split_feature=14 3 8 12 6 27
split_gain=0.49106 0.446177 0.382687 0.327613 0.338095 0.308614
threshold=0.35654786167880476 -0.05711566095057282 0.23216899988254566 1.6058927959201512 0.067718004237043952 2.0704999570593262e-14
decision_type=2 2 2 2 2 10
left_child=1 2 -1 4 -3 -2
right_child=5 3 -4 -5 -6 -7
leaf_value=-0.00012869147485512213 -0.0027585439540247017 0.00056973123059375988 0.0024045883869148531 -0.0015015606017510558 0.0024313318378836007 -0.0003217465192248088
leaf_weight=1686.212082289494 75.746929198503494 236.47373319271719 45.426015353412367 33.23616249114275 138.24822182726348 109.64723087847233
leaf_count=22572 315 2983 541 165 1478 458
internal_value=3.25049e-05 0.000163255 -4.88111e-05 0.00104303 0.00130189 -0.00140758
internal_weight=2324.99 2139.6 1731.64 407.958 374.722 185.394
internal_count=28512 27739 23113 4626 4461 773
is_linear=0
shrinkage=0.03


Tree=125
num_leaves=7
num_cat=0
split_feature=20 37 3 10 8 23
split_gain=0.479567 0.466445 0.450002 0.460513 0.370437 0.365588
threshold=0.034174533879059242 -3.2455378575078035 -0.150753032592683 -0.046094621675032213 -0.038384469303571679 -0.27602351308906575
decision_type=2 10 2 2 2 2
left_child=1 2 -1 -4 -5 -3
right_child=-2 5 3 4 -6 -7
leaf_value=-0.00025604262564498802 0.00078723037110939298 -0.0013966233314369101 -0.0011213736539852188 -0.00030149203653454947 0.003559928598501886 -0.00020899488150109767
leaf_weight=169.17803676871699 548.99729272213881 281.93914756356389 29.406340891146101 26.692358049331233 92.695350892900024 1186.3215752405231
leaf_count=3249 6753 3712 459 433 1139 12770
internal_value=1.99404e-05 -0.000218955 0.000806347 0.00195433 0.00274003 -0.000444951
internal_weight=2335.23 1786.23 317.972 148.794 119.388 1468.26
internal_count=28515 21762 5280 2031 1572 16482
is_linear=0
shrinkage=0.03


Tree=126
num_leaves=7
num_cat=0
split_feature=23 3 28 29 31 26
split_gain=0.460167 0.335646 0.464841 0.510393 0.494138 0.42082
threshold=0.55228305723375715 -0.24368037027907169 1.3741577267646792 -6.136927366256713 5.2982650995254525 2.2174268960952763
decision_type=2 2 8 8 10 10
left_child=1 -1 4 -4 -3 -5
right_child=-2 2 3 5 -6 -7
leaf_value=-0.00099348202946891425 0.001699006619640798 -0.00080090835613644046 0.0023256925853354089 0.00057344792432511757 0.00043957139851073828 -0.0017518516948947724
leaf_weight=311.86106167896651 126.17944877012633 716.59746984078083 124.12426320347004 518.43449670582777 471.58634299974074 70.92424474330619
leaf_count=4964 1436 7449 1256 5170 7671 623
internal_value=6.19413e-06 -9.75096e-05 5.38524e-05 0.00065405 -0.000309006 0.000269058
internal_weight=2339.71 2213.53 1901.67 713.483 1188.18 589.359
internal_count=28569 27133 22169 7049 15120 5793
is_linear=0
shrinkage=0.03


Tree=127
num_leaves=7
num_cat=0
split_feature=11 12 23 1 36 4
split_gain=0.367347 0.300673 0.379571 0.361549 0.352084 0.443469
threshold=0.11376216354355202 1.2906102384536788 0.054178310865631969 -0.1002242913142362 3.3032488253672061 -0.098796252086824188
decision_type=2 2 2 2 8 2
left_child=1 2 4 -3 -1 -6
right_child=-2 3 -4 -5 5 -7
leaf_value=-0.00036079348379067336 0.0015550461400590618 0.0012620531293172179 0.00088828312260826416 -0.00097757660997234539 -0.00021616998505679045 0.0027196418367688119
leaf_weight=1086.1326828590099 117.17642562903347 65.704270951449871 404.52416535071097 494.39671006053686 104.92600208910881 71.034179657232016
leaf_count=16690 1271 366 5158 2520 1588 1017
internal_value=-1.33824e-05 -0.000102501 0.000100367 -0.000697321 -0.000157172 0.00105152
internal_weight=2343.89 2226.72 1666.62 560.101 1262.09 175.96
internal_count=28610 27339 24453 2886 19295 2605
is_linear=0
shrinkage=0.03


Tree=128
num_leaves=7
num_cat=0
split_feature=8 34 18 7 34 30
split_gain=0.348467 0.322967 0.278559 0.32333 0.251565 0.249751
threshold=0.18821883252260022 -7.6496938218673067 1.0000000180025095e-35 -0.10750770994707606 -5.8960600892702724 1.2866638302803042
decision_type=2 8 2 2 8 8
left_child=1 -1 3 5 -5 -3
right_child=-2 2 -4 4 -6 -7
leaf_value=0.0015056366174579043 0.0015848423177677196 -0.00040610928063574206 -0.0012338030551896707 -0.0014899436528110451 0.00019016815786029325 -0.0030705408905311073
leaf_weight=108.77794656892365 119.47382045027916 95.175490041408921 169.13766843662597 74.160725453082705 1718.1778031973226 40.436110968585126
leaf_count=2533 1347 2016 1557 1219 19217 631
internal_value=7.22303e-05 -1.64782e-05 -0.000102203 2.92617e-06 0.00011277 -0.00135689
internal_weight=2325.34 2205.87 2097.09 1927.95 1792.34 135.612
internal_count=28520 27173 24640 23083 20436 2647
is_linear=0
shrinkage=0.03


Tree=129
num_leaves=7
num_cat=0
split_feature=22 2 9 28 8 20
split_gain=0.424443 0.303084 0.314076 0.249142 0.2374 0.240333
threshold=-0.15768213182079982 -0.12572700109751672 0.12293168029438238 2.672078132629395 0.075899184117145482 0.11002460321018759
decision_type=2 2 2 8 2 2
left_child=-1 -2 -3 4 5 -4
right_child=1 2 3 -5 -6 -7
leaf_value=-0.0011727618545329705 -0.00021510654166373696 0.00031161069217486862 -0.0016670959283167036 0.0037371843600041213 0.0022312285076507756 0.0014646705932493851
leaf_weight=214.79055489675375 905.21746702314704 1045.431331188709 37.880237511359155 32.659244927344844 56.51539528882131 31.078103457111865
leaf_count=3127 12279 11526 375 282 603 325
internal_value=6.70946e-05 0.00019832 0.000508473 0.00171401 0.000950413 -0.000248929
internal_weight=2323.57 2108.78 1203.56 158.133 125.474 68.9583
internal_count=28517 25390 13111 1585 1303 700
is_linear=0
shrinkage=0.03


Tree=130
num_leaves=7
num_cat=0
split_feature=14 27 11 23 27 4
split_gain=0.370809 0.417161 0.391838 0.4147 0.305356 0.305595
threshold=0.41385917847164688 2.1409999492153119e-14 0.12734043717877583 0.14772808370208781 2.4626518487930302 -0.091708521687438302
decision_type=2 10 2 2 10 2
left_child=2 -2 3 4 5 -1
right_child=1 -3 -4 -5 -6 -7
leaf_value=-0.00037891533526829486 -0.0033947179054447116 0.00011397644670661271 0.0020973188266197977 0.00087201450627277268 -0.0015448424776813904 0.00046321282892066281
leaf_weight=976.83831961880787 48.721416801214218 62.14619567990303 77.10867207555566 425.82694026618265 122.9167534695589 628.99749279396201
leaf_count=13125 201 256 851 4724 1533 7933
internal_value=3.75552e-05 -0.00158123 0.00012467 4.47087e-05 -0.000162917 -4.82328e-05
internal_weight=2342.56 110.868 2231.69 2154.58 1728.75 1605.84
internal_count=28623 457 28166 27315 22591 21058
is_linear=0
shrinkage=0.03


Tree=131
num_leaves=7
num_cat=0
split_feature=3 16 28 14 28 29
split_gain=0.429693 0.363487 0.443203 0.398362 0.316562 0.329887
threshold=-0.32425502173703141 1.0000000180025095e-35 -4.6628961563110343 0.21726370230483844 0.96234637498855602 -6.2983288764953604
decision_type=2 2 10 2 10 10
left_child=-1 2 3 -2 -4 -6
right_child=1 -3 4 -5 5 -7
leaf_value=-0.0015695062693958457 0.0020828654413694099 -0.00091846351225161776 -0.00023868354213034797 -0.00090158727031160375 0.0017647773604473895 0.00021481728420166157
leaf_weight=135.36563643708359 180.85159769828897 259.62938793370267 1039.541896736162 44.843085646629333 154.1469188783085 514.61118140199687
leaf_count=2225 3180 3323 13220 215 1588 4735
internal_value=1.0323e-05 0.000114492 0.000257173 0.00147679 8.83838e-05 0.000592815
internal_weight=2328.99 2193.62 1933.99 225.695 1708.3 668.758
internal_count=28486 26261 22938 3395 19543 6323
is_linear=0
shrinkage=0.03


Tree=132
num_leaves=7
num_cat=0
split_feature=22 37 0 4 28 30
split_gain=0.418242 0.388593 0.316506 0.253567 0.246926 0.437827
threshold=-0.16251717978601601 -6.0137545348643657 0.42313246652566022 0.0065989054764286946 0.44573460519313818 -4.5000259876251212
decision_type=2 8 2 2 8 10
left_child=3 -2 4 -1 5 -3
right_child=1 2 -4 -5 -6 -7
leaf_value=-0.0016218914707942687 0.0023628402431814157 0.00059603257924500616 0.0021966442122036398 0.0015614690845301357 0.00027558340510265973 -0.00080894505638495198
leaf_weight=185.64514713338576 56.531688036004198 277.52451543533243 49.131981590762734 17.46342557965545 1087.8112725543324 651.04868796141818
leaf_count=2709 1434 4516 488 209 11266 7870
internal_value=-2.06306e-05 0.000106122 3.327e-05 -0.00128776 -3.00237e-05 -0.00038716
internal_weight=2325.16 2122.05 2065.52 203.109 2016.38 928.573
internal_count=28492 25574 24140 2918 23652 12386
is_linear=0
shrinkage=0.03


Tree=133
num_leaves=7
num_cat=0
split_feature=22 31 6 8 28 30
split_gain=0.422031 0.49706 0.512027 0.358387 0.313393 0.481304
threshold=-0.16454758628043273 7.1176422238349923 -0.14155611239123753 0.18821883252260022 1.028931260108948 -0.98146149516105641
decision_type=2 10 2 2 10 10
left_child=-1 3 -3 4 5 -2
right_child=1 2 -4 -5 -6 -7
leaf_value=-0.0012813935447762159 -1.7813216036046308e-05 -0.00091415758617268274 0.001573691662339421 0.0016930722093782581 0.00035039925660363416 -0.0013489387957895756
leaf_weight=197.99964499179623 662.51961464437773 87.925570628620335 333.01360188578838 85.493818444025237 590.60943837882951 377.68275205639657
leaf_count=2904 8260 2035 5226 805 5474 3827
internal_value=8.92863e-06 0.000133878 0.00104488 -9.43107e-05 -0.00019776 -0.000509369
internal_weight=2335.24 2137.24 420.939 1716.31 1630.81 1040.2
internal_count=28531 25627 7261 18366 17561 12087
is_linear=0
shrinkage=0.03


Tree=134
num_leaves=7
num_cat=0
split_feature=11 10 0 22 34 10
split_gain=0.387635 0.326162 0.300719 0.318024 0.290883 0.322467
threshold=0.1237091212798322 0.047346388522495959 0.082363552169606349 0.013786453090246481 -4.3577519059181204 0.078461219492924339
decision_type=2 2 2 2 10 2
left_child=1 2 -1 -4 5 -3
right_child=-2 4 3 -5 -6 -7
leaf_value=-0.00049514361959941363 0.0018715027973828298 0.0030989627917750507 -8.5816042569740979e-05 0.0017376373586511981 0.00015182313411830393 0.00028100703768954626
leaf_weight=1272.9706709539169 87.626391225523548 64.478634741244605 303.08939699560869 109.75398933858378 418.9904860908282 76.09952685389726
leaf_count=16762 962 1004 3121 1081 4425 1180
internal_value=2.08305e-05 -5.937e-05 -0.000267738 0.000428577 0.00056206 0.00169348
internal_weight=2333.01 2245.38 1685.81 412.843 559.569 140.578
internal_count=28535 27573 20964 4202 6609 2184
is_linear=0
shrinkage=0.03


Tree=135
num_leaves=7
num_cat=0
split_feature=23 28 0 20 17 30
split_gain=0.362789 0.254974 0.343795 0.421732 0.323429 0.351051
threshold=0.54077549956998283 0.40760128200054174 0.038817082100946788 0.15942155603002389 1.0000000180025095e-35 1.1013146638870241
decision_type=2 10 2 2 2 10
left_child=1 4 3 -3 5 -1
right_child=-2 2 -4 -5 -6 -7
leaf_value=0.00012182271172876231 0.001550899106131845 -0.00031386622176092472 0.0010932843584056235 0.0024134603511032386 -0.001598859777240309 -0.0013669438954746922
leaf_weight=922.40197610337054 134.44836989193573 563.53494430615683 352.49012227758067 46.019246461975854 139.04793303846964 158.34439279360231
leaf_count=13410 1505 6060 3113 517 2123 1728
internal_value=9.48637e-05 -1.52593e-06 0.000361601 -7.23311e-05 -0.000288533 -0.000106835
internal_weight=2316.29 2181.84 962.044 609.554 1219.79 1080.75
internal_count=28456 26951 9690 6577 17261 15138
is_linear=0
shrinkage=0.03


Tree=136
num_leaves=7
num_cat=0
split_feature=6 11 10 26 5 5
split_gain=0.346257 0.311708 0.304056 0.309725 0.256309 0.2254
threshold=0.33929199159742401 0.12734043717877583 0.0083184952420028869 -5.2269685268402091 0.0065695501389263326 -0.12098638989032774
decision_type=2 2 2 10 2 2
left_child=1 2 -1 5 -5 -4
right_child=-2 -3 3 4 -6 -7
leaf_value=-0.00044630897464580598 0.0013881016911111961 0.0017927469237092738 -0.00097230294340932275 -0.00018994166105132187 0.0011925823789119923 0.0020497785264529415
leaf_weight=1139.7944813530194 152.53709878539667 69.86028302894556 20.767344457213767 689.13269452151144 135.885480027413 114.68301156524103
leaf_count=14705 1577 750 266 8332 1406 1459
internal_value=5.2501e-05 -4.73143e-05 -0.000116725 0.000274963 4.93235e-05 0.00155144
internal_weight=2322.66 2170.12 2100.26 960.469 825.018 135.45
internal_count=28495 26918 26168 11463 9738 1725
is_linear=0
shrinkage=0.03


Tree=137
num_leaves=7
num_cat=0
split_feature=37 28 31 30 3 2
split_gain=0.330708 0.307152 0.56057 0.429118 0.386403 0.280181
threshold=-6.0137545348643657 0.40760128200054174 1.0388142168521883 0.23052542656660083 -0.31493732643588251 -0.35175442522539813
decision_type=8 8 10 10 2 2
left_child=-1 2 -2 -4 -3 -6
right_child=1 4 3 -5 5 -7
leaf_value=0.0019986812493417712 -0.0018407049213413687 -0.0017125734026751463 0.00030783318706411157 -0.0012295646813235118 -0.0023181048045738039 0.00049192136605916517
leaf_weight=63.877107688502292 191.51886855438352 72.291206354449969 640.1991419257829 208.29097084252862 23.080506187514402 1136.100512853649
leaf_count=1655 1764 995 9828 2471 465 11383
internal_value=2.33003e-05 -4.0767e-05 -0.00041827 -7.95e-05 0.000278844 0.000416623
internal_weight=2335.36 2271.48 1040.01 848.49 1231.47 1159.18
internal_count=28561 26906 14063 12299 12843 11848
is_linear=0
shrinkage=0.03


Tree=138
num_leaves=7
num_cat=0
split_feature=28 8 0 22 23 4
split_gain=0.386184 0.385768 0.287537 0.342244 0.307018 0.257836
threshold=4.2957904338836679 0.23216899988254566 0.0077839355500756722 0.013786453090246481 0.48447040189574847 -0.059176521519506295
decision_type=10 2 2 2 2 2
left_child=1 2 5 -4 -5 -1
right_child=-2 -3 3 4 -6 -7
leaf_value=-0.00063973829099219306 0.0022422997369308285 0.0021302122331913844 -6.3464245122012844e-05 0.00078902890085549198 0.0039527542089537702 0.00027405488588101083
leaf_weight=1038.7426529856748 56.706111890729517 59.35971232529846 592.48113809843198 183.7966556532192 24.496464539086446 371.5980395823135
leaf_count=14321 507 675 6145 1885 260 4787
internal_value=-7.69509e-06 -7.34759e-05 -0.000141961 0.000309619 0.00132513 -0.000398737
internal_weight=2327.18 2270.47 2211.11 800.774 208.293 1410.34
internal_count=28580 28073 27398 8290 2145 19108
is_linear=0
shrinkage=0.03


Tree=139
num_leaves=7
num_cat=0
split_feature=2 23 10 27 23 5
split_gain=0.562138 0.341337 0.263271 0.249463 0.223236 0.21831
threshold=-0.2868854246054367 0.54077549956998283 0.02927230449311723 -0.44175806641578669 0.020226354447905551 0.0021485122064870718
decision_type=2 2 2 10 2 2
left_child=4 2 -2 -4 -1 -5
right_child=1 -3 3 5 -6 -7
leaf_value=-0.002384810814378472 -0.00015398420211061204 0.0016162419410736776 0.0014324032576289601 -0.0001318901988768776 0.00047415754634548763 0.0013194480416427929
leaf_weight=100.85007831899566 1343.397076930094 131.76473535006517 198.09919275029097 406.55922302076942 27.795834910240956 110.49352432932938
leaf_count=2499 15894 1414 2607 4402 520 1070
internal_value=7.57488e-05 0.000192178 9.36526e-05 0.000554541 -0.00177744 0.000197409
internal_weight=2318.96 2190.31 2058.55 715.152 128.646 517.053
internal_count=28406 25387 23973 8079 3019 5472
is_linear=0
shrinkage=0.03


Tree=140
num_leaves=7
num_cat=0
split_feature=14 8 27 17 10 36
split_gain=0.416501 0.345667 0.313074 0.278687 0.334244 0.457151
threshold=0.41385917847164688 0.20706335925959457 2.1409999492153119e-14 1.5000000000000002 -0.071381563725995315 -0.7772210978648878
decision_type=2 2 10 2 2 10
left_child=1 3 -2 4 5 -1
right_child=2 -3 -4 -5 -6 -7
leaf_value=-0.0025298333356299032 -0.0033039757989803378 0.0018047847235082336 -0.00022944503399144797 -0.0013680745465088947 0.00020817615013872946 1.9224940094137926e-05
leaf_weight=90.339887912065024 49.639123409986496 86.808881438104436 62.823850467801094 121.14126484308508 1767.4615631592023 171.22187201434281
leaf_count=1411 204 983 259 1817 21659 2303
internal_value=-4.18665e-05 5.11684e-05 -0.00174547 -2.76577e-05 5.86878e-05 -0.000921924
internal_weight=2349.44 2236.97 112.463 2150.16 2029.02 261.562
internal_count=28636 28173 463 27190 25373 3714
is_linear=0
shrinkage=0.03


Tree=141
num_leaves=7
num_cat=0
split_feature=23 28 31 30 2 26
split_gain=0.357318 0.262926 0.380909 0.269626 0.236251 0.216892
threshold=0.54077549956998283 0.37049102783203131 1.0388142168521883 0.23052542656660083 -0.24470671801932778 -0.83049085736274708
decision_type=2 8 10 10 2 10
left_child=1 2 -1 5 -3 -4
right_child=-2 4 3 -5 -6 -7
leaf_value=-0.0016074174753959402 0.0014769981856892075 -0.0011207910325377389 -0.00052417383241221908 -0.0010797357406810383 0.0003757827590670525 0.00060733899872449169
leaf_weight=182.48202426661737 137.149353510933 94.128437320498051 236.14337592205266 190.96317284886027 1101.5721586490981 392.33647114111227
leaf_count=1713 1504 1587 4544 2336 11047 5888
internal_value=4.57568e-05 -4.98499e-05 -0.000406209 -0.000122557 0.00024965 0.000180636
internal_weight=2334.77 2197.63 1001.93 819.443 1195.7 628.48
internal_count=28619 27115 14481 12768 12634 10432
is_linear=0
shrinkage=0.03


Tree=142
num_leaves=7
num_cat=0
split_feature=14 15 37 10 33 11
split_gain=0.451042 0.366457 0.461375 0.382481 0.351209 0.350384
threshold=0.41385917847164688 1.5000000000000002 -2.5911847638587151 -0.03431252116415217 -0.2529820402463277 0.027306582479702045
decision_type=2 2 10 2 10 2
left_child=1 2 3 4 -1 -5
right_child=-2 -3 -4 5 -6 -7
leaf_value=-0.0013325462028879785 -0.0018234695110392043 -0.00094618473159657356 -2.3124844763795141e-05 0.0024006964615186457 0.002080424953635343 0.00017782246556833454
leaf_weight=82.767280404135818 109.76373672485352 271.81611901437282 1566.0466197436617 188.21694425474561 28.558426312287338 96.630536116310395
leaf_count=1564 452 3553 17813 3092 494 1562
internal_value=-2.97647e-05 6.60976e-05 0.00021041 0.0011114 -0.000357705 0.00167822
internal_weight=2343.8 2234.04 1962.22 396.173 111.326 284.847
internal_count=28530 28078 24525 6712 2058 4654
is_linear=0
shrinkage=0.03


Tree=143
num_leaves=7
num_cat=0
split_feature=28 12 9 11 1 7
split_gain=0.348654 0.357152 0.379011 0.381129 0.334464 0.284345
threshold=3.4106053113937382 1.3967022761021195 0.094315318185411445 0.028473842045541379 -0.16302710072205706 1.0000000180025095e-35
decision_type=10 2 2 2 2 2
left_child=1 2 4 -4 -1 -3
right_child=-2 5 3 -5 -6 -7
leaf_value=-0.0017068159698538617 0.0013661437218135313 0.00023201243459337648 0.0002917049992462998 0.0026046773264655665 4.9333160011996429e-06 -0.0013620766199010778
leaf_weight=101.15270338044502 141.31521393358707 143.27876663208008 201.21824614907382 86.229316430399194 1355.5419269404374 309.45554004609585
leaf_count=2458 1229 736 2542 1076 19026 1525
internal_value=-2.70688e-05 -0.000122472 7.36994e-05 0.0010498 -0.000124757 -0.000863477
internal_weight=2338.19 2196.88 1744.14 287.448 1456.69 452.734
internal_count=28592 27363 25102 3618 21484 2261
is_linear=0
shrinkage=0.03


Tree=144
num_leaves=7
num_cat=0
split_feature=3 36 6 34 14 7
split_gain=0.361936 0.365817 0.307427 0.303505 0.290602 0.260878
threshold=-0.042499364364625682 1.4322676088756479 0.47458193080532401 0.61000001430511486 0.41385917847164688 -0.10497029864169484
decision_type=2 10 2 8 2 2
left_child=2 -2 4 -3 5 -1
right_child=1 3 -4 -5 -6 -7
leaf_value=-0.0013505989234942706 0.0012719976905579842 0.00066560695176205785 0.002039125297837791 -0.0027707967673866987 -0.0018795187377769146 -5.3548858486054085e-05
leaf_weight=142.24518406885909 306.07935313484631 43.928814230777789 44.587021880317479 32.65525677986443 83.28045018017292 1687.6089349309041
leaf_count=3077 3290 468 447 269 343 20768
internal_value=-1.73509e-05 0.000814332 -0.000183227 -0.000950448 -0.000245354 -0.000161169
internal_weight=2340.39 382.663 1957.72 76.5841 1913.13 1829.85
internal_count=28662 4027 24635 737 24188 23845
is_linear=0
shrinkage=0.03


Tree=145
num_leaves=7
num_cat=0
split_feature=37 10 30 23 29 3
split_gain=0.340236 0.33701 0.31825 0.323282 0.358381 0.260266
threshold=-5.0275678272359068 0.050267501686341261 -5.4709029197692862 0.33664460575133454 -7.4529130458831778 -0.052429155651936322
decision_type=8 2 10 2 10 2
left_child=-1 5 -3 4 -4 -2
right_child=1 2 3 -5 -6 -7
leaf_value=0.0016731205785152064 -0.00046711483928934823 0.0018467896110762319 0.0016287224844710763 0.0019811658789163416 -0.00069348604002236074 0.00047089835765815665
leaf_weight=93.8116355734237 1385.2582133561955 122.63308013373171 65.390529142983723 62.072644578234758 281.54571336330264 320.43830334587255
leaf_count=2257 16978 1668 813 605 2884 3318
internal_value=-6.02821e-06 -8.35666e-05 0.00056927 0.000151298 -0.000222428 -0.000289179
internal_weight=2331.15 2237.34 531.642 409.009 346.936 1705.7
internal_count=28523 26266 5970 4302 3697 20296
is_linear=0
shrinkage=0.03


Tree=146
num_leaves=7
num_cat=0
split_feature=2 9 11 23 25 37
split_gain=0.430338 0.431425 0.331456 0.314609 0.384453 0.3131
threshold=-0.12572700109751672 0.1040427098408976 0.028473842045541379 -0.28074864084349643 0.9480982056024102 0.12629056379061057
decision_type=2 2 2 2 2 8
left_child=5 3 -3 4 -2 -1
right_child=1 2 -4 -5 -6 -7
leaf_value=0.00027404013801199417 -0.001707476434869074 0.00059583431431684637 0.0030385911142331566 0.00031399941685069044 0.0019059243697647095 -0.00084609735851426773
leaf_weight=330.86644871302997 135.51588528614957 137.67506777140079 74.791686763521284 953.14256502463832 23.692219238553662 663.86267679836601
leaf_count=6082 1653 1386 725 10575 328 7689
internal_value=-5.55006e-06 0.000347473 0.00155366 0.000105293 -0.0010889 -0.000474498
internal_weight=2319.55 1324.82 212.467 1112.35 159.208 994.729
internal_count=28438 14667 2111 12556 1981 13771
is_linear=0
shrinkage=0.03


Tree=147
num_leaves=7
num_cat=0
split_feature=23 14 5 22 27 28
split_gain=0.299296 0.230116 0.332843 0.304959 0.322581 0.28534
threshold=0.20557854401914447 0.3297394024095755 1.0000000180025095e-35 -0.0012783162680447128 0.61940833926200878 4.1199619770050058
decision_type=2 2 2 2 8 10
left_child=1 2 5 4 -4 -1
right_child=-2 -3 3 -5 -6 -7
leaf_value=-0.00038945596054324692 0.00066799968584946854 -0.0011904015315555819 0.00079606204234611419 0.0013361773176267613 -0.0022309718770492331 0.0020399066755719848
leaf_weight=1368.5495654763654 402.44294667511713 188.37840354442596 65.029202145815361 225.84323923569173 45.715060695831198 35.109039187198505
leaf_count=19044 4306 799 822 2619 574 353
internal_value=-6.61864e-05 -0.000222043 -0.000111018 0.000722927 -0.000534774 -0.000314691
internal_weight=2331.07 1928.62 1740.25 336.588 110.744 1403.66
internal_count=28517 24211 23412 4015 1396 19397
is_linear=0
shrinkage=0.03


Tree=148
num_leaves=7
num_cat=0
split_feature=15 24 28 34 12 7
split_gain=0.370931 0.412417 0.407613 0.26706 0.367052 0.35469
threshold=1.5000000000000002 2.5000000000000004 1.5057864189147951 -7.6496938218673067 1.0259299102469412 -0.021188254162003924
decision_type=2 2 10 10 2 2
left_child=3 2 -2 4 5 -1
right_child=1 -3 -4 -5 -6 -7
leaf_value=-0.00074753008831747534 -0.0027731524293489736 0.00034182878798295354 0.00074261835515689121 8.0495723337939819e-05 -0.00061466250545976939 0.002279181010429154
leaf_weight=38.22067428023729 113.19141731719719 121.58933126120246 34.332536022877321 1762.8951272999693 79.813231438398361 166.67958048571018
leaf_count=1161 1669 1539 337 20225 460 3024
internal_value=8.18399e-05 -0.000944869 -0.00195974 0.000220714 0.00105673 0.00170609
internal_weight=2316.72 269.113 147.524 2047.61 284.713 204.9
internal_count=28415 3545 2006 24870 4645 4185
is_linear=0
shrinkage=0.03


Tree=149
num_leaves=7
num_cat=0
split_feature=28 35 15 30 22 26
split_gain=0.294813 0.420824 0.362425 0.381398 0.38458 0.35873
threshold=1.6534560322761538 0.79495994069359532 1.5000000000000002 -4.5000259876251212 0.12054555394466783 0.16144440323114398
decision_type=10 10 2 10 2 10
left_child=2 -2 3 5 -5 -1
right_child=1 -3 -4 4 -6 -7
leaf_value=0.00011864672924195015 0.00132996743334436 -0.00032920781912440961 -0.0013496632777161978 -0.0005837509889153119 0.0012113523304145468 0.0018393564489946337
leaf_weight=398.93039228080306 295.69740806333721 244.26812488754513 209.23935504062683 931.91070552924066 111.80793711030856 140.86858502030373
leaf_count=6357 2885 2164 2946 10717 1315 2100
internal_value=-2.10475e-05 0.000587056 -0.000206444 -4.78624e-05 -0.00038178 0.000592979
internal_weight=2332.72 539.966 1792.76 1583.52 1043.72 539.799
internal_count=28484 5049 23435 20489 12032 8457
is_linear=0
shrinkage=0.03


Tree=150
num_leaves=7
num_cat=0
split_feature=0 14 22 31 6 27
split_gain=0.334348 0.321869 0.313924 0.285044 0.353313 0.270858
threshold=0.46586906684600954 0.41385917847164688 -0.15505850892022116 7.1176422238349923 -0.11540874805710698 2.4626518487930302
decision_type=2 2 2 8 2 10
left_child=1 2 -1 5 -5 -4
right_child=-2 -3 3 4 -6 -7
leaf_value=-0.0010102415222819931 0.0024391410755469686 -0.0015449586294592867 7.1530505321466408e-05 -0.00074352648385267602 0.0010853016184122456 -0.0015356655710880953
leaf_weight=207.21089824388037 41.358240881003439 106.50181096792221 1298.6662272664835 110.39749409077922 480.52209936763393 91.715979714877903
leaf_count=3115 436 439 14145 2423 7042 984
internal_value=4.52177e-05 -8.3177e-06 7.31486e-05 0.000190957 0.000736947 -4.46965e-05
internal_weight=2336.37 2295.01 2188.51 1981.3 590.92 1390.38
internal_count=28584 28148 27709 24594 9465 15129
is_linear=0
shrinkage=0.03


Tree=151
num_leaves=7
num_cat=0
split_feature=22 0 10 31 28 33
split_gain=0.318391 0.311824 0.245928 0.435219 0.378047 0.391415
threshold=0.1282089961728469 0.46586906684600954 -0.071381563725995315 -1.5772320250980554 2.6208504438400273 2.1121218552192054
decision_type=2 2 2 10 8 10
left_child=1 2 3 -1 -4 -6
right_child=-2 -3 4 -5 5 -7
leaf_value=-0.0033768983466735251 0.0010410729835741209 0.0023004412676131485 -0.00026244157641917398 -0.00037547886377340626 0.0010425438974795431 -0.0023459801102381512
leaf_weight=45.489206161815673 232.57598231785232 37.405071536602918 1417.2064605223859 216.14961155099445 366.39871123223566 24.017735022702254
leaf_count=551 2915 403 17572 3093 3889 214
internal_value=1.16399e-05 -0.000106391 -0.000160753 -0.00100242 -3.40836e-05 0.000780705
internal_weight=2339.24 2106.67 2069.26 261.639 1807.62 390.416
internal_count=28637 25722 25319 3644 21675 4103
is_linear=0
shrinkage=0.03


Tree=152
num_leaves=7
num_cat=0
split_feature=28 3 31 11 14 10
split_gain=0.407254 0.329251 0.295644 0.284789 0.266093 0.278039
threshold=4.1199619770050058 -0.25212466933018818 4.4362272322177896 0.11376216354355202 0.41385917847164688 -0.033599002269481815
decision_type=10 2 8 2 2 2
left_child=1 -1 3 -3 5 -4
right_child=-2 2 4 -5 -6 -7
leaf_value=-0.0010220531628248467 0.002099068081132889 -0.00041244814072489175 -0.00028948139489215615 0.0015953581701018626 -0.0021979451734448797 0.00087319136916601432
leaf_weight=286.90543863116181 69.106185379670933 1004.9607781611849 254.81854176367051 58.062861036974937 23.449094757437706 629.06895546047599
leaf_count=4658 606 9652 4066 512 96 8872
internal_value=-1.69441e-05 -9.06982e-05 4.93931e-05 -0.000288935 0.000444603 0.000538512
internal_weight=2326.37 2257.27 1970.36 1063.02 907.337 883.887
internal_count=28462 27856 23198 10164 13034 12938
is_linear=0
shrinkage=0.03


Tree=153
num_leaves=7
num_cat=0
split_feature=0 26 24 20 28 34
split_gain=0.307212 0.342562 0.242269 0.241278 0.210507 0.217103
threshold=0.12052974880660025 -1.1123366951942442 3.5000000000000004 0.0075394232228751948 4.2957904338836679 -7.6496938218673067
decision_type=2 8 2 2 10 8
left_child=4 2 -2 -3 5 -1
right_child=1 3 -4 -5 -6 -7
leaf_value=0.0011780278242817231 -0.0012108859066797919 0.00068784044380538827 0.0010575953053368308 0.0024872314749030291 0.0018457456968247713 -0.00027270219596602281
leaf_weight=88.314530226372881 108.52940194652183 246.72978889965452 56.719641430012416 89.220143146056216 36.682478319387883 1717.6434632728633
leaf_count=2166 1115 2415 671 860 330 21024
internal_value=3.45217e-05 0.000685466 -0.00041634 0.0012238 -0.00014528 -0.000195663
internal_weight=2343.84 501.199 165.249 335.95 1842.64 1805.96
internal_count=28581 5061 1786 3275 23520 23190
is_linear=0
shrinkage=0.03


Tree=154
num_leaves=7
num_cat=0
split_feature=28 11 8 12 20 8
split_gain=0.41457 0.29034 0.282809 0.248279 0.317445 0.29173
threshold=3.4106053113937382 0.12734043717877583 0.12644176053820602 1.6058927959201512 0.10132930415284148 0.011814888758949394
decision_type=10 2 2 2 2 2
left_child=1 3 -3 4 -1 -5
right_child=-2 2 -4 5 -6 -7
leaf_value=-0.00025147370828768723 0.0014896253304628301 6.4480349726431089e-05 0.0035518012818382145 0.00013706043290758025 0.00088388141256582091 -0.001794281194373125
leaf_weight=1575.931870402288 137.21783942636102 49.700675710977521 26.635875735897571 114.12621653079987 247.73728871124331 168.23443231731653
leaf_count=21644 1200 557 280 548 3449 797
internal_value=-5.17382e-05 -0.000155005 0.00155175 -0.00022391 -9.32616e-05 -0.00103567
internal_weight=2319.58 2182.37 76.3366 2106.03 1823.67 282.361
internal_count=28475 27275 837 26438 25093 1345
is_linear=0
shrinkage=0.03


Tree=155
num_leaves=7
num_cat=0
split_feature=20 14 25 10 35 14
split_gain=0.241916 0.328813 0.276249 0.284051 0.283879 0.25674
threshold=0.10132930415284148 0.14306425166794307 -0.76783977110787516 0.047346388522495959 1.9739219027881822 0.37533345012189662
decision_type=2 2 2 2 10 2
left_child=2 -2 4 -4 -1 -5
right_child=1 -3 3 5 -6 -7
leaf_value=0.0026731899706762294 0.0016814803602244221 -0.00025093716103982748 -0.00040375780193059173 0.00062886068279812378 -0.0013543084239173906 -0.0017561514804743097
leaf_weight=48.453458784206305 156.45072110329056 146.93546162545681 1462.4093364460859 452.39736420108238 14.552678182051748 34.909985333681107
leaf_count=690 2945 827 17993 5591 192 145
internal_value=-8.19996e-06 0.000767432 -0.00012833 -0.000195223 0.00168486 0.000426124
internal_weight=2316.11 303.386 2012.72 1949.72 63.0061 487.307
internal_count=28383 3772 24611 23729 882 5736
is_linear=0
shrinkage=0.03


Tree=156
num_leaves=7
num_cat=0
split_feature=28 14 5 15 7 28
split_gain=0.306088 0.282104 0.373061 0.30013 0.327277 0.276934
threshold=4.1199619770050058 0.37533345012189662 -0.027943020783417521 1.5000000000000002 -0.10497029864169484 0.49325820803642279
decision_type=10 2 2 2 2 10
left_child=1 3 -3 4 -1 -5
right_child=-2 2 -4 5 -6 -7
leaf_value=-0.0011520189106341125 0.0018992716003484783 0.00051336330356948224 -0.0023413796487867827 -0.0016528297534919602 0.00033168964436615335 0.00033026785778112898
leaf_weight=135.26623144035693 68.349131155293435 64.368364870548248 91.200124382972717 148.89435924601275 1720.458170978789 100.66991292638704
leaf_count=2899 587 267 380 2318 20934 1105
internal_value=5.58255e-05 -8.02293e-06 -0.00120053 8.53553e-05 0.000217945 -0.000870977
internal_weight=2329.21 2260.86 155.568 2105.29 1855.72 249.564
internal_count=28490 27903 647 27256 23833 3423
is_linear=0
shrinkage=0.03


Tree=157
num_leaves=7
num_cat=0
split_feature=28 30 36 2 35 25
split_gain=0.279099 0.388739 0.325904 0.289772 0.3085 0.254864
threshold=0.38737246394157415 1.1450779438018801 1.5582094863702209 -0.21779750745571114 1.1254234910011294 0.0044292037267302251
decision_type=8 10 10 2 10 2
left_child=1 2 -1 -2 -5 -6
right_child=3 -3 -4 4 5 -7
leaf_value=-0.00032499176919559416 -0.00083343763671185297 -0.0015490888888794719 0.0011154681754152746 0.00084840296833122765 -0.00092682639046922993 0.00067205974860322555
leaf_weight=728.37073885599966 155.38841758706258 178.65365010075038 164.8507583620376 762.33542907366063 193.23716495919507 151.27048007166013
leaf_count=11234 2291 2004 2136 7738 1797 1369
internal_value=4.27725e-05 -0.000311649 -4.97375e-05 0.000343828 0.000515085 -0.000225615
internal_weight=2334.11 1071.88 893.221 1262.23 1106.84 344.508
internal_count=28569 15374 13370 13195 10904 3166
is_linear=0
shrinkage=0.03


Tree=158
num_leaves=7
num_cat=0
split_feature=5 20 6 14 2 2
split_gain=0.350174 0.335114 0.315445 0.282501 0.235757 0.261248
threshold=1.0000000180025095e-35 0.14179057218119986 0.47458193080532401 0.31953153718185695 -0.030785707475686205 -0.10763939823079913
decision_type=2 2 2 2 2 2
left_child=1 2 -1 4 5 -2
right_child=3 -3 -4 -5 -6 -7
leaf_value=-0.00047344841216526721 0.00034001099972877114 0.00099246126601992314 0.0019779577578332734 -0.0010571779725897323 -0.00023393880055903036 0.0020875725430028152
leaf_weight=1634.3653063993843 143.45206892734859 160.51458555395948 38.927844334801193 69.570568487048149 117.24962555535603 168.51463366055395
leaf_count=20696 1847 2120 401 295 1359 1765
internal_value=-8.60444e-05 -0.000277966 -0.000405007 0.000611157 0.000899486 0.00131951
internal_weight=2332.59 1833.81 1673.29 498.787 429.216 311.967
internal_count=28483 23217 21097 5266 4971 3612
is_linear=0
shrinkage=0.03


Tree=159
num_leaves=7
num_cat=0
split_feature=20 2 37 28 35 28
split_gain=0.316001 0.265408 0.297768 0.276199 0.269204 0.279539
threshold=0.03687890102335966 -0.16218321162984431 -7.2194709498011926 3.9447966814041142 1.1254234910011294 0.96234637498855602
decision_type=2 2 8 10 10 10
left_child=1 3 -3 -1 5 -4
right_child=-2 2 4 -5 -6 -7
leaf_value=-0.00095841876348797905 0.00062315952421754738 0.0029493415136475055 -0.00013442486377648899 0.0021393770741966072 -0.00067586507119946093 0.00098374904706736771
leaf_weight=463.04492126309196 527.55330898647662 20.443812225217698 591.76383846419048 18.137686767848209 412.39881406456698 293.35615757782944
leaf_count=7259 6526 465 7106 179 4290 2671
internal_value=-1.55594e-05 -0.000205257 1.64454e-05 -0.000800472 -5.19689e-05 0.000243023
internal_weight=2326.7 1799.15 1317.96 481.183 1297.52 885.12
internal_count=28496 21970 14532 7438 14067 9777
is_linear=0
shrinkage=0.03


Tree=160
num_leaves=7
num_cat=0
split_feature=37 2 33 6 1 29
split_gain=0.321927 0.30356 0.278498 0.18323 0.176833 0.175657
threshold=-4.7630002841663845 -0.19311438320140856 -1.5996721535921095 0.50389214764558787 -0.082462880250962795 -0.60808563232421864
decision_type=8 2 10 2 2 8
left_child=2 -2 5 -3 -4 -1
right_child=1 3 4 -5 -6 -7
leaf_value=0.0014393630873600035 -0.00088908208930611439 -2.2019434508012876e-05 -0.00046477320080649982 0.0019438893607356567 0.0032555081013680219 -0.0017842710081910607
leaf_weight=18.141030945407692 388.35533518294687 1801.1611677229812 11.324069374590179 33.700108538032509 51.604363255813951 23.664831167785451
leaf_count=587 6395 19337 372 307 948 540
internal_value=-5.90357e-05 -0.000138412 0.0014911 2.44286e-05 0.00261411 -0.000377602
internal_weight=2327.95 2223.22 104.734 1834.86 62.9284 41.8059
internal_count=28486 26039 2447 19644 1320 1127
is_linear=0
shrinkage=0.03


Tree=161
num_leaves=7
num_cat=0
split_feature=15 24 7 26 31 30
split_gain=0.299374 0.356942 0.270425 0.234857 0.217856 0.211292
threshold=1.5000000000000002 2.5000000000000004 -0.10497029864169484 -1.7531693577766416 2.0752831101417546 1.2404588460922243
decision_type=2 2 2 10 10 8
left_child=2 3 5 -2 -5 -1
right_child=1 -3 -4 4 -6 -7
leaf_value=-0.00022832167956465617 -0.0031154768622371062 0.00031591470371292364 0.00025923334955934831 0.0011994185163466541 -0.0016402376487166803 -0.0025840268586548808
leaf_weight=103.83899870872847 61.114155696937814 122.32109571775072 1920.474759085977 28.619681247975677 59.730811561341397 42.843624570115935
leaf_count=2348 844 1547 22000 257 910 662
internal_value=3.83559e-05 -0.000879414 0.000162675 -0.00181613 -0.000691953 -0.00103739
internal_weight=2338.94 271.786 2067.16 149.465 88.3505 146.683
internal_count=28568 3558 25010 2011 1167 3010
is_linear=0
shrinkage=0.03


Tree=162
num_leaves=7
num_cat=0
split_feature=0 28 31 3 2 26
split_gain=0.286253 0.330782 0.329879 0.328679 0.280657 0.365762
threshold=0.0056137771858125194 0.30202503502368933 7.3192882537841806 -0.13214367681974404 0.082216118246992195 -0.087003197520971284
decision_type=2 8 10 2 2 10
left_child=4 2 -2 -4 -1 -6
right_child=1 -3 3 -5 5 -7
leaf_value=-0.00038983138974166384 -0.00082921955928012933 0.00086486245407943908 -0.00042025682034168909 0.0028244791980102076 0.0037150363501579345 -0.00092678404639234303
leaf_weight=1417.0063565472083 275.28775665693684 505.8330945657799 55.542957482393831 42.615580530895386 24.727587829605909 21.50659462378826
leaf_count=19019 2872 4501 996 621 327 250
internal_value=-5.34968e-05 0.00037179 -0.000301214 0.00111935 -0.000309846 0.00177498
internal_weight=2342.52 879.279 373.446 98.1585 1463.24 46.2342
internal_count=28586 8990 4489 1617 19596 577
is_linear=0
shrinkage=0.03


Tree=163
num_leaves=7
num_cat=0
split_feature=28 36 29 35 35 30
split_gain=0.305376 0.462443 0.268593 0.317114 0.25661 0.24056
threshold=2.8385466337203984 2.0507956012191939 -0.42761231958866114 -0.83367256922647337 -5.8023672352234517 1.1450779438018801
decision_type=10 10 10 10 8 10
left_child=4 2 -2 -4 -1 -6
right_child=1 -3 3 -5 5 -7
leaf_value=0.0023148291928888572 0.0022461351442850295 -0.0019079424316004135 -0.002145573904252714 0.0016626800495556785 4.4005255475544633e-05 -0.00067797146064768892
leaf_weight=28.583093913737684 138.91894071071874 32.510936116799712 26.796453961986117 32.346052315086126 1504.0688524675934 563.24632317078067
leaf_count=487 1249 262 234 262 20363 5646
internal_value=5.19488e-06 0.00101775 0.00156661 -0.000123536 -0.000110501 -0.000155016
internal_weight=2326.47 230.572 198.061 59.1425 2095.9 2067.32
internal_count=28503 2007 1745 496 26496 26009
is_linear=0
shrinkage=0.03


Tree=164
num_leaves=7
num_cat=0
split_feature=22 31 6 2 0 28
split_gain=0.247393 0.269689 0.361313 0.266486 0.331595 0.245609
threshold=-0.15768213182079982 7.1176422238349923 -0.14155611239123753 0.082216118246992195 0.090001338751851637 0.37049102783203131
decision_type=2 10 2 2 2 10
left_child=-1 3 -3 5 -5 -2
right_child=1 2 -4 4 -6 -7
leaf_value=-0.00094589163237088691 -0.00051305480086401138 -0.00088683515166886084 0.0012171697470979212 0.0031796136095360002 -0.00070141844686838505 0.0002216134744575356
leaf_weight=213.82202042717836 813.88782059622463 85.676725053359405 332.47021873435006 38.587063108338043 28.339611854869872 805.96264097164385
leaf_count=3107 9779 2030 5180 418 258 7655
internal_value=2.58002e-06 0.000102944 0.000775423 -6.73484e-05 0.00165867 -0.000148401
internal_weight=2318.75 2104.92 418.147 1686.78 66.9267 1619.85
internal_count=28427 25320 7210 18110 676 17434
is_linear=0
shrinkage=0.03


Tree=165
num_leaves=7
num_cat=0
split_feature=8 34 28 31 30 4
split_gain=0.275526 0.288692 0.233244 0.534933 0.346544 0.262839
threshold=0.23216899988254566 -7.9504116376241045 0.30202503502368933 1.0388142168521883 0.23052542656660083 -0.16666392047883299
decision_type=2 8 10 8 8 2
left_child=1 -1 3 -3 -5 -6
right_child=-2 2 -4 4 5 -7
leaf_value=0.001354918793697006 0.0018229384247555299 -0.0019858302021664672 0.00012280291794467273 0.00025634096472321654 -0.0022719568415979232 -0.00044270016061193936
leaf_weight=103.0914874264563 57.346474176738411 172.49963187007234 1045.7766812578775 573.94032087759115 85.365277267352212 301.63806180539541
leaf_count=2404 653 1591 10405 8702 1236 3608
internal_value=-6.88197e-05 -0.000124098 -0.000199935 -0.00049618 -0.000211073 -0.000893262
internal_weight=2339.66 2282.31 2179.22 1133.44 960.944 387.003
internal_count=28599 27946 25542 15137 13546 4844
is_linear=0
shrinkage=0.03


Tree=166
num_leaves=7
num_cat=0
split_feature=5 4 12 9 23 9
split_gain=0.23387 0.21667 0.349752 0.245897 0.209885 0.202037
threshold=1.0000000180025095e-35 -0.089613150281319484 1.2906102384536788 0.019327554822262356 0.62378312966976102 0.062223260416881032
decision_type=2 2 2 2 2 2
left_child=4 2 5 -4 -1 -2
right_child=1 -3 3 -5 -6 -7
leaf_value=-0.00024373474886459174 0.00016664371570440528 0.0013849938263891428 0.00021240049189097401 -0.0027297214977218174 0.0013228898603243561 0.0021658526134522267
leaf_weight=1762.1742743515351 170.36199653279618 170.9388481497881 44.628704771399498 45.924167886376381 70.59737754764501 53.046916103106923
leaf_count=22450 2306 1806 231 227 831 619
internal_value=-2.1123e-05 0.000557994 7.88744e-05 -0.00140279 -0.000176538 0.000713797
internal_weight=2317.67 484.901 313.962 90.5529 1832.77 223.409
internal_count=28470 5189 3383 458 23281 2925
is_linear=0
shrinkage=0.03


Tree=167
num_leaves=7
num_cat=0
split_feature=23 15 0 28 28 31
split_gain=0.257213 0.245051 0.269187 0.243837 0.213894 0.23794
threshold=0.62378312966976102 1.5000000000000002 0.46586906684600954 0.47916764020919805 4.2957904338836679 4.146766174584628
decision_type=2 2 2 10 10 8
left_child=1 2 4 -3 5 -1
right_child=-2 3 -4 -5 -6 -7
leaf_value=-0.00033062923343264657 0.0014649437951115252 -0.001634221459571282 0.0024589240361631371 0.00019048946269954685 0.0019188044140211074 0.00033858453247516586
leaf_weight=962.4834549051011 101.515904054977 145.26107018510811 32.732537787174806 111.2390471950639 43.678590478841215 930.71493478900811
leaf_count=9414 1133 2216 342 1171 385 13837
internal_value=5.89415e-05 -1.14401e-05 0.000103583 -0.000865426 5.13534e-05 -1.58677e-06
internal_weight=2327.63 2226.11 1969.61 256.5 1936.88 1893.2
internal_count=28498 27365 23978 3387 23636 23251
is_linear=0
shrinkage=0.03


Tree=168
num_leaves=7
num_cat=0
split_feature=0 28 31 9 33 34
split_gain=0.276977 0.344363 0.376417 0.398129 0.21793 0.207788
threshold=0.0077839355500756722 1.4798393249511721 7.3192882537841806 0.015394012449137589 -2.4166255990664163 -7.6496938218673067
decision_type=2 8 10 2 10 8
left_child=5 2 4 -4 -2 -1
right_child=1 -3 3 -5 -6 -7
leaf_value=0.001212409531781962 -0.0021057213814845606 0.0011922931478769981 -0.00031560280627781492 0.0028767189839501769 -0.00019276975478818868 -0.00036301247932933779
leaf_weight=69.944942590460414 52.566971185442526 301.9577369907056 65.382768646173645 61.841271370998584 393.25274085678393 1402.4154811799526
leaf_count=1871 591 2586 1129 838 3797 17895
internal_value=-2.98897e-05 0.000390211 -4.56353e-05 0.00133268 -0.000459575 -0.000280498
internal_weight=2347.36 875.001 573.044 127.224 445.82 1472.36
internal_count=28707 8941 6355 1967 4388 19766
is_linear=0
shrinkage=0.03


Tree=169
num_leaves=7
num_cat=0
split_feature=31 9 4 31 13 22
split_gain=0.33071 0.309577 0.27044 0.28001 0.252077 0.234029
threshold=4.4362272322177896 -0.015420144100370554 -0.16666392047883299 5.2982650995254525 2.0126758453675748 -0.0012783162680447128
decision_type=8 2 2 10 2 2
left_child=-1 4 3 -3 5 -2
right_child=1 2 -4 -5 -6 -7
leaf_value=-0.00035630452558497463 0.0029730929641147829 -0.002002655413493642 0.0010615783292672637 0.00052774838470623885 -0.00064335707139331682 -0.00040567439384743385
leaf_weight=1265.3654938752879 27.230258992640302 49.262520536547527 524.0841836319305 108.6531567631755 329.60144368212787 32.426329451496713
leaf_count=12379 335 646 6842 1766 6244 376
internal_value=-2.91981e-05 0.000356901 0.000738308 -0.000333878 -0.000313099 0.00134198
internal_weight=2336.62 1071.26 682 157.916 389.258 59.6566
internal_count=28588 16209 9254 2412 6955 711
is_linear=0
shrinkage=0.03


Tree=170
num_leaves=7
num_cat=0
split_feature=22 34 28 9 24 9
split_gain=0.278998 0.267027 0.262956 0.214847 0.185268 0.202737
threshold=-0.16454758628043273 -7.9504116376241045 4.1199619770050058 0.010939286986388812 7.5000000000000009 0.1612282971222512
decision_type=2 8 10 2 2 2
left_child=3 -2 4 -1 5 -3
right_child=1 2 -4 -5 -6 -7
leaf_value=-0.0014012877872511403 0.0016164768773936347 -0.00016336994870689333 0.0018483674348316152 0.0011474449567565063 0.0010181118366220324 0.001121115058897171
leaf_weight=171.07706803776091 95.048055271370686 1727.3570257465763 61.798133657779545 27.778186592506245 138.88476446917048 108.15496474393876
leaf_count=2576 2130 20010 537 318 1739 1207
internal_value=3.94595e-05 0.000141381 6.49616e-05 -0.00100736 1.08206e-07 -8.20188e-05
internal_weight=2330.1 2131.24 2036.19 198.855 1974.4 1835.51
internal_count=28517 25623 23493 2894 22956 21217
is_linear=0
shrinkage=0.03


Tree=171
num_leaves=7
num_cat=0
split_feature=0 22 23 14 24 7
split_gain=0.301001 0.214906 0.205717 0.274208 0.24206 0.230367
threshold=0.46586906684600954 0.19069838614660242 -0.3021662770987818 0.37533345012189662 2.5000000000000004 -0.0067328699285319812
decision_type=2 2 2 2 2 2
left_child=1 2 3 4 -1 -4
right_child=-2 -3 5 -5 -6 -7
leaf_value=0.00076540392432069421 0.0023623820827395185 0.0012098043604371592 0.00068162166090639503 -0.0035616714310013607 -0.00092774889993788143 -0.00010668919427548115
leaf_weight=98.575278730917489 40.662074435851537 119.78131217323244 432.11322649923386 17.824550151824951 250.74778213704121 1351.7315844174591
leaf_count=1505 439 1583 6242 75 3796 14790
internal_value=7.53235e-05 2.41916e-05 -4.7124e-05 -0.000683834 -0.000441955 8.70041e-05
internal_weight=2311.44 2270.77 2150.99 367.148 349.323 1783.84
internal_count=28430 27991 26408 5376 5301 21032
is_linear=0
shrinkage=0.03


Tree=172
num_leaves=7
num_cat=0
split_feature=15 20 6 14 7 34
split_gain=0.255829 0.354624 0.264053 0.243729 0.234194 0.195922
threshold=1.5000000000000002 -0.05497232745473514 0.47458193080532401 0.39316636867906257 -0.10497029864169484 0.6865933736165365
decision_type=2 2 2 2 2 10
left_child=2 -2 3 4 -1 -5
right_child=1 -3 -4 5 -6 -7
leaf_value=-0.0009777752302882318 -0.0025069599373800907 -0.00014725456651523659 0.0021129169415152814 -0.0021597985803317198 0.00025723853053153918 0.00014289384026216584
leaf_weight=140.20870814591763 71.049152562569361 200.50560399651295 48.862461527460255 66.407264813780785 1743.6634791480901 56.812346056103706
leaf_count=2940 1037 2498 473 274 21004 235
internal_value=1.66625e-05 -0.000831756 0.000132207 7.37508e-05 0.000160644 -0.00116707
internal_weight=2327.51 271.555 2055.95 2007.09 1883.87 123.22
internal_count=28461 3535 24926 24453 23944 509
is_linear=0
shrinkage=0.03


Tree=173
num_leaves=7
num_cat=0
split_feature=26 5 14 22 15 8
split_gain=0.264095 0.221266 0.319262 0.296045 0.281103 0.349546
threshold=-7.4371142387390128 1.0000000180025095e-35 0.31953153718185695 -0.0035199663493918321 1.5000000000000002 -0.026802924113002665
decision_type=8 2 2 2 2 2
left_child=-1 -2 3 -3 5 -5
right_child=1 2 -4 4 -6 -7
leaf_value=0.0024723119934022867 -0.0002918355786752607 -0.0004073846616903851 -0.0013686949789142051 -0.00066917948867744595 -0.0011971274520791578 0.0020855267622597144
leaf_weight=25.389957862498704 1816.9754664067586 134.67063423554646 67.195387437939644 45.982762691040989 29.8682493653032 210.52374040905852
leaf_count=412 22933 1642 285 658 352 2241
internal_value=-0.000100639 -0.000139534 0.000421733 0.000732595 0.00126434 0.00158512
internal_weight=2330.61 2305.22 488.241 421.045 286.375 256.507
internal_count=28523 28111 5178 4893 3251 2899
is_linear=0
shrinkage=0.03


Tree=174
num_leaves=7
num_cat=0
split_feature=18 12 35 4 22 31
split_gain=0.195493 0.220071 0.412197 0.530921 0.254618 0.248333
threshold=1.0000000180025095e-35 1.0259299102469412 5.4612777573197642 -0.085457443312469364 0.12054555394466783 8.0804841518402117
decision_type=2 2 8 2 2 8
left_child=1 2 4 -4 -1 -3
right_child=-2 5 3 -5 -6 -7
leaf_value=-1.1038184801307884e-05 -0.00089559357172485201 -2.9388112230319287e-05 0.0003389248223559044 0.0038877871332649049 0.0012981438137557176 -0.0013796616796735227
leaf_weight=1087.9917721675884 178.43617847701535 642.97727050259709 98.350537324964534 54.052497326978482 142.40598646749277 141.59369451552629
leaf_count=17759 1688 3540 1637 833 2353 813
internal_value=3.15689e-05 0.000111663 0.000338505 0.00175948 0.00014973 -0.000287372
internal_weight=2345.81 2167.37 1382.8 152.403 1230.4 784.571
internal_count=28623 26935 22582 2470 20112 4353
is_linear=0
shrinkage=0.03


Tree=175
num_leaves=7
num_cat=0
split_feature=9 28 4 28 11 10
split_gain=0.212956 0.27892 0.329144 0.254943 0.22338 0.23781
threshold=0.14617380513482778 0.5529184639453889 -0.20708680384658804 -0.27781176567077631 0.018531380080339759 -0.00061080452977191324
decision_type=2 10 2 10 2 2
left_child=1 2 -1 -4 -3 -6
right_child=-2 4 3 -5 5 -7
leaf_value=-0.0017643033795429798 0.0010206118706960327 -2.7965698113028463e-05 0.00017965989483353169 -0.00073555162844356236 9.5371434579016794e-05 0.0016586143079365264
leaf_weight=121.17373526343727 169.93504753062734 554.08918824599823 701.0563398510858 436.5557467690669 164.77368409471819 180.13973383174744
leaf_count=2086 1869 5564 10466 5115 1635 1762
internal_value=2.8985e-05 -5.34577e-05 -0.000340599 -0.000174899 0.000347922 0.000935543
internal_weight=2327.72 2157.79 1258.79 1137.61 899.003 344.913
internal_count=28497 26628 17667 15581 8961 3397
is_linear=0
shrinkage=0.03


Tree=176
num_leaves=7
num_cat=0
split_feature=0 27 28 26 33 12
split_gain=0.225548 0.254404 0.269192 0.371793 0.300953 0.306123
threshold=0.46586906684600954 2.51499354839325 1.5649611949920657 0.55084946751594555 -0.60105953658664169 0.14250801421066742
decision_type=2 10 10 10 10 2
left_child=1 2 -1 4 5 -4
right_child=-2 -3 3 -5 -6 -7
leaf_value=-0.00013966777907374373 0.001951688646745319 -0.0011592891517195657 0.0029689295585011615 -0.00029517730403609598 0.002423072198995917 -0.00015863791800591826
leaf_weight=1630.2728202348808 42.248013415490277 159.78036733716726 24.990176219027489 211.75781937409192 120.21351145929657 139.91224443912506
leaf_count=21537 440 1874 617 1927 1126 971
internal_value=2.65671e-06 -4.16893e-05 4.72907e-05 0.000651366 0.00134055 0.000457979
internal_weight=2329.17 2286.93 2127.15 496.874 285.116 164.902
internal_count=28492 28052 26178 4641 2714 1588
is_linear=0
shrinkage=0.03


Tree=177
num_leaves=7
num_cat=0
split_feature=23 27 20 0 5 12
split_gain=0.391933 0.270378 0.294988 0.313884 0.211529 0.179145
threshold=0.62378312966976102 -0.37955765426158899 -0.12026990949839221 -0.56475313506303781 -0.10070069386079981 1.9688647119893719
decision_type=2 10 2 2 2 2
left_child=1 5 4 -4 -3 -1
right_child=-2 2 3 -5 -6 -7
leaf_value=0.00027160452684402663 0.0017395390908003614 0.00070404486848992475 0.0026106941727871494 -0.00024133824275701475 -0.0017464261411401334 0.0024820788343593945
leaf_weight=596.13775267425808 96.005124546965817 32.442970820935443 25.668389508617111 1363.0479511935264 177.92294844149728 25.25630347430706
leaf_count=8993 1082 442 524 14944 2270 113
internal_value=-4.29932e-05 -0.000127517 -0.000333458 -0.000170335 -0.00135371 0.000399336
internal_weight=2316.48 2220.48 1599.08 1388.72 210.366 621.394
internal_count=28368 27286 18180 15468 2712 9106
is_linear=0
shrinkage=0.03


Tree=178
num_leaves=7
num_cat=0
split_feature=2 24 25 27 10 25
split_gain=0.227887 0.397796 0.215612 0.241076 0.242348 0.197801
threshold=-0.2868854246054367 3.5000000000000004 0.82747612791619707 -0.48809476196765894 0.02927230449311723 0.52363122432130071
decision_type=2 2 2 10 2 2
left_child=1 -1 3 4 -2 -5
right_child=2 -3 -4 5 -6 -7
leaf_value=-0.002478092382985153 5.4298895974324682e-05 0.00068044409266249269 0.0014550447179158071 -8.9761163912547662e-05 0.0013420243203647755 -0.0013973179446876379
leaf_weight=74.963805140141631 350.00869180113659 56.096904792560963 86.715294657769846 1467.1993513861089 201.58606518714805 102.24588601911091
leaf_count=1833 4859 1275 1184 15729 2597 1127
internal_value=-4.59143e-06 -0.00117377 6.97951e-05 6.59931e-06 0.000540428 -0.000183253
internal_weight=2338.82 131.061 2207.76 2121.04 551.595 1569.45
internal_count=28604 3108 25496 24312 7456 16856
is_linear=0
shrinkage=0.03


Tree=179
num_leaves=7
num_cat=0
split_feature=9 2 23 37 33 20
split_gain=0.269125 0.234277 0.21481 0.185584 0.238395 0.179267
threshold=0.20620103298965517 -0.2868854246054367 0.020226354447905551 -6.0137545348643657 -1.803974527865648 -0.086006566862976044
decision_type=2 2 2 8 10 2
left_child=1 2 5 4 -3 -1
right_child=-2 3 -4 -5 -6 -7
leaf_value=-0.003767291105683539 0.0018714788568699424 -0.00068192179801571779 0.00075278442726956223 -0.0001013779485038427 0.0028021751296086555 -0.00095799893258008732
leaf_weight=25.071010588697391 52.184355972218327 23.923170134963584 29.182168416009517 2092.7855108391668 34.565877116285264 74.903588282177225
leaf_count=638 660 609 539 23559 710 1863
internal_value=-7.64169e-05 -0.000128968 -0.00132199 -5.15564e-05 0.00148562 -0.001941
internal_weight=2332.62 2280.43 129.157 2151.27 58.489 99.9746
internal_count=28578 27918 3040 24878 1319 2501
is_linear=0
shrinkage=0.03


Tree=180
num_leaves=7
num_cat=0
split_feature=14 27 15 24 23 24
split_gain=0.31666 0.399122 0.249034 0.281832 0.272614 0.337715
threshold=0.41385917847164688 2.170499989185811e-14 1.5000000000000002 1.5000000000000002 -0.29108432140184476 2.5000000000000004
decision_type=2 10 2 2 2 2
left_child=2 -2 4 -4 5 -1
right_child=1 -3 3 -5 -6 -7
leaf_value=0.00088198121288153824 -0.003194947398083028 0.00025203260008010227 -0.0018526370787219236 9.4466528493802987e-05 0.00041035522251747959 -0.0010871591684110849
leaf_weight=103.6534587223432 49.629229933023453 58.590642109513283 104.95390581450192 157.87917334045051 1610.0348999486305 249.2549340351834
leaf_count=1529 205 242 1490 2022 19445 3701
internal_value=4.81419e-05 -0.00146528 0.000127951 -0.000722452 0.000244902 -0.000500433
internal_weight=2334 108.22 2225.78 262.833 1962.94 352.908
internal_count=28634 447 28187 3512 24675 5230
is_linear=0
shrinkage=0.03


Tree=181
num_leaves=7
num_cat=0
split_feature=28 0 30 33 4 37
split_gain=0.291737 0.365943 0.300849 0.284067 0.277161 0.635064
threshold=0.31883437931537634 0.038817082100946788 0.23052542656660083 -1.9591204623381293 -0.17818859632036851 2.5537564469969061
decision_type=10 2 10 8 2 8
left_child=2 -2 3 -1 5 -5
right_child=1 -3 -4 4 -6 -7
leaf_value=-0.0012191994335889057 -5.8462346898510226e-05 0.0010632149437322174 -0.001221167366000651 0.00048800220235082833 0.00041037853430742868 -0.0033074553797313904
leaf_weight=149.39395393061568 661.55737093751668 422.11898099823156 238.3522274607094 99.840430400741752 708.18083743250463 53.599877172731794
leaf_count=2754 7189 3702 2747 1709 9665 781
internal_value=2.58367e-05 0.000384185 -0.00028557 -5.51984e-05 0.000158297 -0.000959074
internal_weight=2333.04 1083.68 1249.37 1011.02 861.621 153.44
internal_count=28547 10891 17656 14909 12155 2490
is_linear=0
shrinkage=0.03


Tree=182
num_leaves=7
num_cat=0
split_feature=3 31 31 8 11 26
split_gain=0.249682 0.231174 0.19028 0.217557 0.20971 0.182515
threshold=-0.25401591230217097 4.4362272322177896 8.8910025954246539 -0.085380146799550666 0.027987725416364403 0.49525988101959234
decision_type=2 8 10 2 2 10
left_child=2 5 4 -4 -1 -2
right_child=1 -3 3 -5 -6 -7
leaf_value=0.00020886740475386069 0.00021744417254278468 0.00057932039802307937 0.00085436778569017826 -0.0034066059046216676 -0.00165132698606718 -0.00058073762782442516
leaf_weight=180.88361462336616 743.90844020043733 937.89017822584719 10.0798729446833 30.218751178326784 66.990339532465441 381.95073521486484
leaf_count=2586 7288 13321 389 702 952 3379
internal_value=0.000117838 0.00023409 -0.000694634 -0.00238285 -0.000338409 -5.60699e-05
internal_weight=2351.92 2063.75 288.173 40.2986 247.874 1125.86
internal_count=28617 23988 4629 1091 3538 10667
is_linear=0
shrinkage=0.03


Tree=183
num_leaves=7
num_cat=0
split_feature=30 33 28 31 3 3
split_gain=0.200611 0.298433 0.200287 0.31277 0.205992 0.27216
threshold=-7.1096444129943839 -1.6533544063568113 0.47916764020919805 1.0388142168521883 -0.2409861994955331 -0.1603182219194064
decision_type=8 10 8 10 2 2
left_child=1 -1 3 -2 -4 -6
right_child=2 -3 4 -5 5 -7
leaf_value=-0.00083162405960996485 -0.0015199557154552013 0.001449881775331415 -0.00086488607041306756 -0.00016930882474010088 0.001007563462000486 -4.1742391119454384e-05
leaf_weight=65.730184816464316 186.29081847297493 163.81413308950141 151.48880695877597 736.68428392062197 314.25821881194133 706.28877602273133
leaf_count=1522 1705 2815 2022 10219 3383 6828
internal_value=-3.36685e-05 0.000789127 -0.00012714 -0.000455289 0.000132942 0.000288013
internal_weight=2324.56 229.544 2095.01 922.975 1172.04 1020.55
internal_count=28494 4337 24157 11924 12233 10211
is_linear=0
shrinkage=0.03


Tree=184
num_leaves=7
num_cat=0
split_feature=17 28 30 3 30 8
split_gain=0.242777 0.206564 0.228255 0.262955 0.416951 0.287343
threshold=1.5000000000000002 4.2957904338836679 -2.3217500448226924 -0.05711566095057282 2.7786449193954472 0.20005708872711428
decision_type=2 10 8 2 10 2
left_child=1 2 -1 5 -5 -4
right_child=-2 -3 3 4 -6 -7
leaf_value=0.00050379650599530462 -0.0012085926599742511 0.0017673702868550331 -0.00046816649440019565 0.0012945206754483669 -0.0011044358458566657 0.0015909723565353724
leaf_weight=685.25829116055684 124.00837986980332 55.405316215706989 1114.4051634692878 218.41974640707485 82.536995312198997 54.827052664593793
leaf_count=10485 1846 472 12400 2149 677 525
internal_value=3.16116e-05 0.000106304 5.56425e-05 -0.000155235 0.00062225 -0.000358938
internal_weight=2334.86 2210.85 2155.45 1470.19 300.957 1169.23
internal_count=28554 26708 26236 15751 2826 12925
is_linear=0
shrinkage=0.03


Tree=185
num_leaves=7
num_cat=0
split_feature=37 36 6 14 8 27
split_gain=0.25556 0.209531 0.20188 0.190492 0.322676 0.237098
threshold=-6.0137545348643657 -1.4891513720075917 0.47458193080532401 0.41385917847164688 0.039555146391811562 2.51499354839325
decision_type=8 10 2 2 2 10
left_child=1 -1 3 5 -5 -2
right_child=2 -3 -4 4 -6 -7
leaf_value=-0.00047380058695447853 -1.6861932083685394e-05 0.0027509265601786334 0.0016032903484069652 0.00024577273529990425 -0.0029118315926421811 -0.0012370158227710014
leaf_weight=24.128867120700306 1967.1170377472299 41.041558786353562 49.318467505043373 54.829341322183609 48.860889613628387 144.62112892355071
leaf_count=677 24249 962 458 226 201 1770
internal_value=-6.86864e-05 0.00165279 -0.000125272 -0.000170784 -0.0013674 -0.00010586
internal_weight=2329.92 65.1704 2264.75 2215.43 103.69 2111.74
internal_count=28543 1639 26904 26446 427 26019
is_linear=0
shrinkage=0.03


Tree=186
num_leaves=7
num_cat=0
split_feature=9 28 30 29 14 33
split_gain=0.225615 0.184812 0.328939 0.290166 0.375766 0.230326
threshold=0.1977487668536668 0.96234637498855602 3.9699242115020756 -6.2983288764953604 0.253464541486012 0.8433781067530316
decision_type=2 10 10 8 2 10
left_child=1 2 5 4 -3 -1
right_child=-2 3 -4 -5 -6 -7
leaf_value=-0.00037610232302779029 0.0016286088736190503 0.002022569553760665 -0.00212407573638975 -3.2572941451690883e-05 -0.0010214779257614792 0.00052495518020982158
leaf_weight=1095.9959398697974 61.6188495621318 139.43387081398396 72.113367955433205 605.27505057537928 41.413817062973976 322.53684917921782
leaf_count=15400 769 1738 770 5652 187 4085
internal_value=-2.95929e-05 -8.13964e-05 -0.000277091 0.000288499 0.00130849 -0.000168985
internal_weight=2338.39 2276.77 1490.65 786.123 180.848 1418.53
internal_count=28601 27832 20255 7577 1925 19485
is_linear=0
shrinkage=0.03


Tree=187
num_leaves=7
num_cat=0
split_feature=3 37 29 26 31 31
split_gain=0.217437 0.230245 0.219748 0.352881 0.255597 0.301548
threshold=-0.29639264563485307 -4.7630002841663845 -5.293468475341796 2.2174268960952763 2.6074642166495328 4.4362272322177896
decision_type=2 8 8 10 10 10
left_child=-1 -2 4 -4 -3 -6
right_child=1 2 3 -5 5 -7
leaf_value=-0.00095155658126125863 0.0014660021946832336 0.0025788112907994742 3.3265044349671031e-05 -0.0012385390300885632 -0.0014406358676381276 0.00065061410938855539
leaf_weight=186.02842279651668 94.455223968514474 41.268891165265813 1330.7679692953243 220.23821587290149 63.826537541812286 389.10958233292331
leaf_count=3046 2102 353 14881 2248 629 5270
internal_value=4.95061e-06 9.21516e-05 2.18779e-05 -0.000154105 0.000566281 0.000331167
internal_weight=2325.69 2139.67 2045.21 1551.01 494.205 452.936
internal_count=28529 25483 23381 17129 6252 5899
is_linear=0
shrinkage=0.03


Tree=188
num_leaves=7
num_cat=0
split_feature=8 7 28 24 28 30
split_gain=0.205172 0.298896 0.274788 0.29556 0.225816 0.284929
threshold=0.1029647351714858 -0.023151040652162211 -0.27781176567077631 1.0000000180025095e-35 0.5529184639453889 -0.93725132942199696
decision_type=2 2 10 2 8 10
left_child=4 -2 -3 -4 5 -1
right_child=1 2 3 -5 -6 -7
leaf_value=-6.0658561918052346e-05 -0.001461708422844778 0.0019634222276398044 -0.0019340679611867355 0.00072830994789028982 0.00018096454318794068 -0.0011286867225458342
leaf_weight=593.71095676586265 46.644797665067017 126.65111603116384 35.924942742276471 197.93337285055895 974.50202008493943 353.01091007675859
leaf_count=9472 635 1688 422 1751 10323 4119
internal_value=-8.57955e-06 0.000594801 0.000893154 0.00025678 -0.000138868 -0.000466537
internal_weight=2328.38 407.154 360.509 233.858 1921.22 946.722
internal_count=28410 4496 3861 2173 23914 13591
is_linear=0
shrinkage=0.03


Tree=189
num_leaves=7
num_cat=0
split_feature=16 24 6 26 7 14
split_gain=0.220408 0.501063 0.260788 0.177249 0.167337 0.159836
threshold=1.0000000180025095e-35 2.5000000000000004 0.45295549498803406 -1.7531693577766416 -0.10750770994707606 0.41385917847164688
decision_type=2 2 2 10 2 2
left_child=2 3 4 -2 -1 -6
right_child=1 -3 -4 -5 5 -7
leaf_value=-0.00087646192518004427 -0.0030359595274868623 0.00064235571949940607 0.0019818603048710271 -0.00085458294113698518 0.00023376531224473453 -0.00098570402726873827
leaf_weight=139.10297403711593 59.32968749536667 123.28369073226349 57.968292044359259 87.225266550842207 1767.0986512288946 92.513466253876686
leaf_count=2907 830 1550 569 1163 21085 381
internal_value=4.72681e-05 -0.00074312 0.000154062 -0.00187518 9.1448e-05 0.00016815
internal_weight=2326.52 269.839 2056.68 146.555 1998.72 1859.61
internal_count=28485 3543 24942 1993 24373 21466
is_linear=0
shrinkage=0.03


Tree=190
num_leaves=7
num_cat=0
split_feature=23 8 14 2 7 14
split_gain=0.165886 0.181709 0.18614 0.159458 0.152672 0.144786
threshold=0.54077549956998283 0.048034933955827995 0.088444958516337838 -0.34545862217810236 0.094913420675156027 0.39316636867906257
decision_type=2 2 2 2 2 2
left_child=3 2 -2 -1 -3 -5
right_child=1 4 -4 5 -6 -7
leaf_value=-0.0014254715595607664 0.0019378382743084879 0.0036857592695290699 -0.0010023787618091541 1.6038074087989522e-05 0.00070742235666300499 -0.0010007803586471462
leaf_weight=68.472752522531664 17.862334579171147 19.641653330414556 53.809874318540096 1997.8074889186246 45.801959505217383 124.49838903546333
leaf_count=1785 448 239 373 24729 430 515
internal_value=-3.22958e-05 0.000943193 -0.000122061 -9.73577e-05 0.00197137 -4.80241e-05
internal_weight=2327.89 137.116 71.6722 2190.78 65.4436 2122.31
internal_count=28519 1490 821 27029 669 25244
is_linear=0
shrinkage=0.03


Tree=191
num_leaves=7
num_cat=0
split_feature=6 27 37 33 28 27
split_gain=0.25205 0.208694 0.213779 0.320539 0.28725 0.290315
threshold=0.47458193080532401 2.51499354839325 0.12629056379061057 -1.2921369398633635 4.1199619770050058 2.2198960781097417
decision_type=2 10 8 10 10 10
left_child=1 2 3 -1 5 -4
right_child=-2 -3 4 -5 -6 -7
leaf_value=-0.00055643044728648163 0.0018116460713902785 -0.0011537746741319009 -0.00040511285878572001 0.00082068295636013658 0.0018763240695073187 0.0020716104440684628
leaf_weight=213.1827913057059 52.631639640138019 152.4921459198813 1348.9905167472607 475.74516425642651 45.373016799334437 34.160397226456553
leaf_count=3969 528 1812 14253 7134 366 338
internal_value=-6.63299e-05 -0.000117628 -3.79358e-05 0.000392683 -0.000246895 -0.000329513
internal_weight=2322.58 2269.94 2117.45 688.928 1428.52 1383.15
internal_count=28400 27872 26060 11103 14957 14591
is_linear=0
shrinkage=0.03


Tree=192
num_leaves=7
num_cat=0
split_feature=5 23 14 3 6 4
split_gain=0.22832 0.274663 0.215953 0.223196 0.302927 0.210072
threshold=1.0000000180025095e-35 0.0063522205831201281 0.41385917847164688 -0.040425177458980173 0.12386700941758827 -0.098796252086824188
decision_type=2 2 2 2 2 2
left_child=1 -1 3 5 -5 -2
right_child=2 -3 -4 4 -6 -7
leaf_value=-0.0003766446689697008 -0.00013109587008241886 0.00044713193830319591 -0.0016455743421523441 0.0034470180000895981 -0.00046865322644780623 0.0012435629069162102
leaf_weight=1349.9607965517207 242.46140453242697 488.2083518949803 27.896533861756325 44.071608330705203 23.272294103400782 158.35620168456808
leaf_count=17926 2783 5357 115 466 200 1715
internal_value=-2.03102e-06 -0.000156618 0.000562576 0.000725817 0.00220822 0.000429059
internal_weight=2334.23 1838.17 496.058 468.162 67.3439 400.818
internal_count=28562 23283 5279 5164 666 4498
is_linear=0
shrinkage=0.03


Tree=193
num_leaves=7
num_cat=0
split_feature=20 29 8 4 8 23
split_gain=0.230523 0.355171 0.32389 0.246376 0.224647 0.223874
threshold=0.028345673326884206 -6.2152345180511466 -0.024903169450146017 -0.11236960980211115 -0.037167233584711849 -0.3021662770987818
decision_type=2 8 2 2 2 2
left_child=5 -2 3 4 -3 -1
right_child=1 2 -4 -5 -6 -7
leaf_value=-0.00083914563544161601 0.0019705078815254727 0.0010360756856569058 0.0007227724128966406 -0.0021606561395371392 -0.0022953478966973506 5.8425185062819694e-05
leaf_weight=291.43183228338603 120.77658651614911 62.542674280412029 317.27780096587958 66.189365566708148 14.396193644497542 1462.3516003817203
leaf_count=4236 1624 1032 3388 881 164 17176
internal_value=7.7555e-05 0.000589981 0.000193642 -0.000949904 0.000220407 -9.46391e-05
internal_weight=2334.97 581.183 460.406 143.128 76.9389 1753.78
internal_count=28501 7089 5465 2077 1196 21412
is_linear=0
shrinkage=0.03


Tree=194
num_leaves=7
num_cat=0
split_feature=27 3 20 6 36 35
split_gain=0.214649 0.186367 0.333058 0.28377 0.276461 0.236006
threshold=2.8338406085968022 -0.052429155651936322 -0.019217703289600999 0.06619362917198636 2.1560331082496895 -5.5396608859300605
decision_type=10 2 2 2 8 8
left_child=1 5 -3 4 -4 -1
right_child=-2 2 3 -5 -6 -7
leaf_value=0.0021653247400565405 -0.00124142380830472 0.0029636772324321556 0.00015536011175179012 0.0012628226311363674 -0.0023223981028174111 -0.00015077686569141838
leaf_weight=30.517808504053392 115.58130510640331 37.703661431092769 186.33475761851878 150.00139863381628 41.418184059788473 1766.6590601462813
leaf_count=527 1395 382 2122 1379 448 22244
internal_value=-3.48658e-05 3.34629e-05 0.000598228 0.000291789 -0.000373963 -9.9683e-05
internal_weight=2328.22 2212.63 415.458 377.754 227.753 1797.18
internal_count=28497 27102 4331 3949 2570 22771
is_linear=0
shrinkage=0.03


Tree=195
num_leaves=7
num_cat=0
split_feature=23 31 35 11 8 2
split_gain=0.293564 0.192683 0.274416 0.147064 0.25522 0.239876
threshold=0.54077549956998283 2.0752831101417546 2.3140527496735257 0.12734043717877583 0.099301723458525434 -0.034696892541522736
decision_type=2 8 10 2 2 2
left_child=3 -2 -3 5 -5 -1
right_child=1 2 -4 4 -6 -7
leaf_value=5.0246181527930938e-05 -9.3301447455110053e-05 0.0030590736919396287 -0.00056787795535326476 -0.00042407811960261301 0.0028491201871325075 -0.00075984849953069278
leaf_weight=1737.6393803832034 53.096343645825982 61.51090681925416 21.69187900077668 39.700702217465732 31.552472915267572 395.49753663479351
leaf_count=21483 458 800 238 437 338 4826
internal_value=3.05781e-05 0.00133202 0.00215401 -5.55428e-05 0.00119763 -0.000102795
internal_weight=2340.69 136.299 83.2028 2204.39 71.2532 2133.14
internal_count=28580 1496 1038 27084 775 26309
is_linear=0
shrinkage=0.03


Tree=196
num_leaves=7
num_cat=0
split_feature=20 30 12 14 2 24
split_gain=0.194067 0.266974 0.185329 0.298728 0.190865 0.249816
threshold=0.11907951196083312 3.6884220838546757 2.1262134057663959 0.37533345012189662 -0.15720334692344987 3.5000000000000004
decision_type=2 10 2 2 2 2
left_child=2 -2 3 4 5 -1
right_child=1 -3 -4 -5 -6 -7
leaf_value=-0.0011459153500285948 0.0010387685194990183 -0.001684959037173568 0.0010468820641620353 -0.0019159807953368598 2.193611189672951e-05 0.0001507058544220128
leaf_weight=329.46506033447804 223.47115543647669 28.413858973886818 94.406855255365372 82.592702239751816 1361.173076325882 217.19848360965261
leaf_count=5363 2906 269 412 344 15847 3388
internal_value=-9.16118e-05 0.000678911 -0.000187501 -0.000250989 -0.000169295 -0.000637294
internal_weight=2336.72 251.885 2084.84 1990.43 1907.84 546.664
internal_count=28529 3175 25354 24942 24598 8751
is_linear=0
shrinkage=0.03


Tree=197
num_leaves=7
num_cat=0
split_feature=28 8 30 4 13 36
split_gain=0.188824 0.387395 0.289734 0.337546 0.283076 0.49052
threshold=0.40760128200054174 0.10685066761287672 -1.8876284360885618 -0.1537621421157874 2.249904835165133 -0.39088664948595336
decision_type=10 2 8 2 2 10
left_child=1 2 -1 -4 5 -5
right_child=-2 -3 3 4 -6 -7
leaf_value=-1.3015773140251288e-05 0.00021845786967146139 0.00081936623322192157 -0.0020941167814243749 0.0016383471514763584 -0.0011977084526895334 -0.0012974123954774092
leaf_weight=491.14424502759357 1044.4521346825059 213.76415436874959 168.51958638499491 104.73611144494498 231.62891093053622 82.951056245248765
leaf_count=8352 10368 2722 2284 1039 3053 781
internal_value=-8.03873e-05 -0.000321658 -0.000553163 -0.000996696 -0.000517146 0.00034085
internal_weight=2337.2 1292.74 1078.98 587.836 419.316 187.687
internal_count=28599 18231 15509 7157 4873 1820
is_linear=0
shrinkage=0.03


Tree=198
num_leaves=7
num_cat=0
split_feature=25 0 26 8 20 2
split_gain=0.270641 0.203115 0.173018 0.159252 0.216586 0.212394
threshold=-0.22657850729932286 0.46586906684600954 -6.9871046543121329 0.04272373492806876 0.086548287359567072 -0.2868854246054367
decision_type=2 2 8 2 2 2
left_child=-1 2 -2 5 -5 -4
right_child=1 -3 3 4 -6 -7
leaf_value=0.00060105131815332629 0.0018982137722378355 0.0017884643961407739 -0.0012954042722128445 -0.00085529832153668388 0.00065766940855777392 9.0892719038402072e-05
leaf_weight=509.52950901372242 24.059874269703869 36.361431822646409 100.20083872019313 557.41802537755575 92.58847279654583 1012.1120703403139
leaf_count=6547 382 392 2265 6124 983 11921
internal_value=-3.35652e-06 -0.000174671 -0.000224363 -0.000263888 -0.000633088 -4.44191e-05
internal_weight=2332.27 1822.74 1786.38 1762.32 650.006 1112.31
internal_count=28614 22067 21675 21293 7107 14186
is_linear=0
shrinkage=0.03


Tree=199
num_leaves=7
num_cat=0
split_feature=11 2 5 8 0 0
split_gain=0.227426 0.185654 0.178002 0.164616 0.175612 0.210567
threshold=0.11376216354355202 -0.11607818977133898 0.10747791319740062 -0.22904671692901882 -0.63572399906264898 -0.084840280120375242
decision_type=2 2 2 2 2 2
left_child=3 -2 -3 -1 -5 -6
right_child=1 2 -4 4 5 -7
leaf_value=-0.0017907316028647994 -0.00074034603508892484 0.0027435046727589544 1.7830877443797677e-05 0.0021471929169882809 -0.00052848448833163746 0.00012807579450421316
leaf_weight=38.44713605864672 26.727029618021334 56.91898152558133 32.009735186700709 23.071839508542325 600.02765470009763 1564.7590121049434
leaf_count=1135 335 570 334 556 8253 17404
internal_value=8.80332e-06 0.00125065 0.00186338 -6.10139e-05 -2.26084e-05 -5.55005e-05
internal_weight=2341.96 115.656 88.9287 2226.31 2187.86 2164.79
internal_count=28587 1239 904 27348 26213 25657
is_linear=0
shrinkage=0.03


Tree=200
num_leaves=7
num_cat=0
split_feature=10 31 10 7 3 5
split_gain=0.1962 0.417486 0.300047 0.365324 0.348664 0.244646
threshold=-0.01853700636792854 -1.3471478223800657 -0.048531608025988743 -0.010646305015599019 -0.14105767709883485 0.045616988917159408
decision_type=2 10 2 2 2 2
left_child=1 2 3 -1 -4 -2
right_child=5 -3 4 -5 -6 -7
leaf_value=0.00053405707873836956 0.00013014929921288554 9.2755498545889642e-06 -0.0020967957337398638 -0.0036668359234214081 0.0017101773244551396 0.001442851406653557
leaf_weight=21.431450175005011 1353.9760026027943 697.34322807160788 30.967135390732437 68.042978930345271 35.946786095271818 131.43986282672267
leaf_count=258 16018 9369 388 752 344 1322
internal_value=4.74432e-05 -0.000312766 -0.00166302 -0.00270808 -9.52047e-05 0.000255178
internal_weight=2339.15 853.732 156.388 89.4744 66.9139 1485.42
internal_count=28451 11111 1742 1010 732 17340
is_linear=0
shrinkage=0.03


Tree=201
num_leaves=7
num_cat=0
split_feature=2 24 22 26 10 10
split_gain=0.177059 0.355549 0.203002 0.16711 0.134452 0.303258
threshold=-0.2868854246054367 3.5000000000000004 -0.021557571906934244 0.67885807156562816 -0.13167212107272711 -0.071381563725995315
decision_type=2 2 2 10 2 2
left_child=1 2 -1 -3 -2 -6
right_child=4 3 -4 -5 5 -7
leaf_value=-0.0041659886674640144 0.0014885695310781738 -0.00055517405694424779 -0.00089103625113657128 0.0023365529085515287 -0.00099193391471296462 0.00014382004176588113
leaf_weight=23.16688219550997 47.577101700619096 36.525225161429262 50.508024323906284 20.625392889080103 227.62790235961438 1920.8811575466971
leaf_count=606 653 867 1199 417 2873 21881
internal_value=-7.98648e-06 -0.0010393 -0.00229564 0.00068098 5.78834e-05 1.94524e-05
internal_weight=2326.91 130.826 73.6749 57.1506 2196.09 2148.51
internal_count=28496 3089 1805 1284 25407 24754
is_linear=0
shrinkage=0.03


Tree=202
num_leaves=7
num_cat=0
split_feature=3 10 10 33 12 34
split_gain=0.248846 0.191463 0.233087 0.347721 0.220512 0.218347
threshold=-0.32425502173703141 -0.13167212107272711 -0.052888014443342922 3.2878638505935673 0.90457231434764562 -1.7176639437675474
decision_type=2 2 2 8 2 10
left_child=-1 4 3 -3 -2 -4
right_child=1 2 5 -5 -6 -7
leaf_value=-0.0013224587577098513 -9.0405258900002713e-05 -0.00038127261517827794 0.00042916282106097856 -0.0030222316055677463 0.0035851135544330073 -0.00023610656654778824
leaf_weight=134.78426266109454 30.024943955242634 329.4345687769237 790.63108218288107 42.766939479624853 17.896050352603197 987.24910889717285
leaf_count=2260 588 4256 11119 571 107 9555
internal_value=-0.000117734 -3.82042e-05 -8.3676e-05 -0.00075586 0.0016642 6.04873e-05
internal_weight=2332.79 2198 2150.08 372.202 47.921 1777.88
internal_count=28456 26196 25501 4827 695 20674
is_linear=0
shrinkage=0.03


Tree=203
num_leaves=7
num_cat=0
split_feature=23 0 15 34 10 11
split_gain=0.24146 0.184122 0.22248 0.238484 0.248037 0.252054
threshold=0.62378312966976102 -0.084840280120375242 1.5000000000000002 -1.8253735303878782 -0.071381563725995315 -0.0015207145855028164
decision_type=2 2 2 10 2 2
left_child=1 -1 3 4 -3 -6
right_child=-2 2 -4 -5 5 -7
leaf_value=-0.00049071298425058178 0.0013753167034944635 -0.00086937780762422017 -0.00085002605472436353 -0.00011549547252285496 0.0017621295408269259 0.00041137455953536866
leaf_weight=644.28649371798383 99.546318736363901 74.92872538298252 182.71717852214351 774.14882026967825 184.98300002911128 367.45747693182784
leaf_count=9507 1117 1149 2235 7249 2342 4893
internal_value=1.02778e-07 -6.71964e-05 0.00010704 0.000236951 0.000666845 0.000886959
internal_weight=2328.07 2228.52 1584.24 1401.52 627.369 552.44
internal_count=28492 27375 17868 15633 8384 7235
is_linear=0
shrinkage=0.03


Tree=204
num_leaves=7
num_cat=0
split_feature=27 28 14 29 11 36
split_gain=0.179302 0.259679 0.217435 0.216428 0.202469 0.213922
threshold=2.8338406085968022 4.1199619770050058 0.41385917847164688 -4.6581373214721671 0.1237091212798322 -0.7772210978648878
decision_type=10 10 2 10 2 8
left_child=1 2 4 -2 -1 -6
right_child=3 -3 -4 -5 5 -7
leaf_value=0.00016925007085309292 0.00029968732019660565 0.001992669404321011 -0.0011577370152836409 -0.002143766971487251 -0.00086006599398034652 0.0024489153374664114
leaf_weight=1965.5683597624011 61.044198805349879 62.448581150500104 96.656103119254112 55.173013783758506 17.981532649631845 58.097249861049931
leaf_count=25306 769 544 398 632 224 641
internal_value=0.000163099 0.00022524 0.000164587 -0.000938261 0.000232527 0.00165777
internal_weight=2316.97 2200.75 2138.3 116.217 2041.65 76.0788
internal_count=28514 27113 26569 1401 26171 865
is_linear=0
shrinkage=0.03


Tree=205
num_leaves=7
num_cat=0
split_feature=23 24 35 11 17 20
split_gain=0.205408 0.240903 0.244014 0.205039 0.165967 0.232748
threshold=0.20557854401914447 3.5000000000000004 2.2809085794857573 0.12734043717877583 1.0000000180025095e-35 -0.05497232745473514
decision_type=2 2 8 2 2 2
left_child=3 -2 -3 4 -1 -6
right_child=1 2 -4 -5 5 -7
leaf_value=-0.00012605931342092114 -0.00020498185223957185 0.0017976768820484076 -0.00045453269834021585 0.0014590248977299589 -0.0024492635302438117 -0.00033888192935666831
leaf_weight=1637.3582798896241 193.01961885773926 158.72891253145644 53.563824373297393 56.894648725516163 59.053773831372382 160.36792189924745
leaf_count=20527 1943 1796 562 640 882 2098
internal_value=-4.47046e-05 0.000560573 0.00123454 -0.000175149 -0.00023277 -0.000988858
internal_weight=2318.99 405.312 212.293 1913.67 1856.78 219.422
internal_count=28448 4301 2358 24147 23507 2980
is_linear=0
shrinkage=0.03


Tree=206
num_leaves=7
num_cat=0
split_feature=28 29 2 2 2 8
split_gain=0.186338 0.281961 0.167336 0.220279 0.310612 0.294923
threshold=4.1199619770050058 -0.33000601828098292 -0.19311438320140856 -0.021640979111938085 0.045092583946012975 0.12644176053820602
decision_type=10 10 2 2 2 2
left_child=2 -2 -1 5 -5 -4
right_child=1 -3 3 4 -6 -7
leaf_value=-0.00058125526374855417 0.0026095685156538768 -0.0010014850697931817 0.00015808812243952946 -0.0012280053255680375 0.0004655961843660208 0.0020414125681346624
leaf_weight=392.93035105694435 46.987946438835934 22.973724744282663 1409.5951963341795 226.89403429770027 158.44493270479143 69.208637851173989
leaf_count=6976 418 187 15493 2918 1781 652
internal_value=2.35875e-05 0.00144683 -2.67157e-05 9.26497e-05 -0.000537462 0.000259348
internal_weight=2327.03 69.9617 2257.07 1864.14 385.339 1478.8
internal_count=28425 605 27820 20844 4699 16145
is_linear=0
shrinkage=0.03


Tree=207
num_leaves=7
num_cat=0
split_feature=2 24 0 30 28 35
split_gain=0.211652 0.311633 0.265662 0.240133 0.266518 0.296169
threshold=-0.19311438320140856 3.5000000000000004 0.46586906684600954 -4.4259374141693106 0.47916764020919805 0.97751699363568234
decision_type=2 2 2 8 10 10
left_child=1 -1 3 -2 -5 -6
right_child=2 -3 -4 4 5 -7
leaf_value=-0.0012503784884383383 0.00078945296397893612 0.00041380281419534331 0.002398344434485587 -0.000456144789603791 0.00081737454391615251 -0.00037629687454327198
leaf_weight=247.31078730392619 346.90615892593632 160.49076322210021 35.917945977533236 789.41718510293867 443.71528074331582 310.48070085316431
leaf_count=4338 5099 2792 362 8990 4139 2781
internal_value=1.12236e-05 -0.00060121 0.000143303 8.80654e-05 -7.36287e-05 0.000327481
internal_weight=2334.24 407.802 1926.44 1890.52 1543.61 754.196
internal_count=28501 7130 21371 21009 15910 6920
is_linear=0
shrinkage=0.03


Tree=208
num_leaves=7
num_cat=0
split_feature=27 2 28 36 30 26
split_gain=0.174611 0.16677 0.162714 0.52271 0.301429 0.362582
threshold=2.51499354839325 0.070586698044700816 1.5057864189147951 2.1171514941570382 -5.5500738620758048 0.16144440323114398
decision_type=8 2 10 10 10 10
left_child=2 -2 4 -4 5 -1
right_child=1 -3 3 -5 -6 -7
leaf_value=-0.00011330462245958612 -0.00082865609269055249 0.0016140435059773767 0.00083453103123859126 -0.0018999690140042208 -0.00035432825708270181 0.0019967367670693783
leaf_weight=187.19753193625365 349.95948541240068 17.894393018330447 464.799691594264 62.924886364955455 1138.6773826892022 109.4105426336755
leaf_count=3749 4398 216 4393 528 13650 1691
internal_value=-7.96717e-05 -0.000670259 3.38362e-05 0.000479205 -0.000132099 0.00070477
internal_weight=2330.86 367.854 1963.01 527.725 1435.29 296.608
internal_count=28625 4614 24011 4921 19090 5440
is_linear=0
shrinkage=0.03


Tree=209
num_leaves=7
num_cat=0
split_feature=8 29 33 3 29 2
split_gain=0.265164 0.328144 0.225279 0.408516 0.343719 0.31679
threshold=0.20005708872711428 -6.3736929893493643 -2.1415843864281965 -0.059841758346674608 -2.2546267509460445 -0.073984411075829426
decision_type=2 10 10 2 10 2
left_child=2 -2 3 5 -5 -1
right_child=1 -3 -4 4 -6 -7
leaf_value=-0.00052102529851037738 0.0036401957078896173 0.00020904915359235384 4.289113102737594e-05 0.0021533031057571193 -0.0012939510602932728 -0.0023282397188809354
leaf_weight=304.20798407070106 27.877632296003867 78.255172781122383 1710.833260036452 65.499071787868161 31.607957730331691 117.51051758333051
leaf_count=4405 342 794 20454 744 369 1489
internal_value=-5.1885e-05 0.00134615 -0.000124145 -0.000665345 0.00101519 -0.00106687
internal_weight=2335.79 106.133 2229.66 518.826 97.107 421.719
internal_count=28597 1136 27461 7007 1113 5894
is_linear=0
shrinkage=0.03


Tree=210
num_leaves=7
num_cat=0
split_feature=14 22 11 28 2 35
split_gain=0.187409 0.218002 0.326261 0.301518 0.292788 0.288361
threshold=0.39316636867906257 -0.079005029170635718 0.025522680899316499 1.6215919256210329 -0.2868854246054367 -2.2225666391578582
decision_type=2 2 2 8 2 8
left_child=1 4 -3 -4 -1 -5
right_child=-2 2 3 5 -6 -7
leaf_value=-0.0028792327041021644 -0.00095024255065368857 7.261728988188962e-06 0.00034094774030228993 -0.0010576461896468288 -0.00019383489383529315 0.0020937035389750939
leaf_weight=30.615641054522712 136.73220613598824 1176.3697606411151 391.2528441727336 23.743870476610027 384.17582218543976 195.97287590248743
leaf_count=770 565 14723 5183 242 5092 2004
internal_value=8.86388e-05 0.000157148 0.000300988 0.00085731 -0.000455157 0.00172193
internal_weight=2338.86 2202.13 1787.34 610.97 414.791 219.717
internal_count=28579 28014 22152 7429 5862 2246
is_linear=0
shrinkage=0.03


Tree=211
num_leaves=7
num_cat=0
split_feature=37 3 20 33 24 16
split_gain=0.214528 0.164658 0.316246 0.304935 0.284117 0.30814
threshold=-5.327629137513715 -0.052429155651936322 -0.001310291497256366 0.8433781067530316 7.5000000000000009 1.0000000180025095e-35
decision_type=8 2 2 10 2 2
left_child=-1 3 -3 4 5 -2
right_child=1 2 -4 -5 -6 -7
leaf_value=0.0013519479655958201 -0.00040869257912571326 0.0023984844359443082 8.4948458069818757e-05 0.00041997149231735815 0.0010698909694674837 -0.0019025034347123681
leaf_weight=84.426519735134207 1138.1810842615378 52.25993363186717 370.1486553879804 472.43573138612555 92.701805601944216 131.22727431706153
leaf_count=2052 13807 520 3770 5356 1237 1785
internal_value=-4.94038e-05 -0.000107557 0.000420025 -0.000230653 -0.000457732 -0.000576781
internal_weight=2341.38 2256.95 422.409 1834.55 1362.11 1269.41
internal_count=28527 26475 4290 22185 16829 15592
is_linear=0
shrinkage=0.03


Tree=212
num_leaves=7
num_cat=0
split_feature=0 2 25 0 25 36
split_gain=0.164686 0.354679 0.152425 0.206159 0.204391 0.218911
threshold=0.40629810526123383 -0.12830813690610451 -0.21701340830397872 -0.11436480380628515 -0.38244344456019858 -0.39088664948595336
decision_type=2 2 2 2 2 10
left_child=2 -2 3 4 5 -1
right_child=1 -3 -4 -5 -6 -7
leaf_value=0.00054977151298215632 -0.0015101401750160033 0.002625482888954157 -0.00019461973697095842 0.0010253596242107061 0.00077755909162102678 -0.001600548305196644
leaf_weight=61.54807185853133 19.963594267494045 46.74868281633826 1746.4749612192536 234.40543096672627 113.668272814597 104.07974061468849
leaf_count=1138 237 452 21161 2346 1599 1564
internal_value=-1.48032e-05 0.00135237 -6.09366e-05 0.000388595 -0.000162794 -0.000815674
internal_weight=2326.89 66.7123 2260.18 513.702 279.296 165.628
internal_count=28497 689 27808 6647 4301 2702
is_linear=0
shrinkage=0.03


Tree=213
num_leaves=7
num_cat=0
split_feature=37 18 24 10 35 2
split_gain=0.207216 0.20868 0.270778 0.192122 0.311915 0.264996
threshold=-6.0137545348643657 1.0000000180025095e-35 1.5000000000000002 -0.071381563725995315 -3.8339691733320551 -0.15815581402044174
decision_type=8 2 2 2 10 2
left_child=-1 3 -3 -2 5 -5
right_child=1 2 -4 4 -6 -7
leaf_value=0.0014974092001335082 -0.000739852525953383 -0.0024357683586849121 -8.3150563649260798e-05 -0.00049689407579967784 -6.1816922282043873e-05 0.0015648343306422286
leaf_weight=66.251234496186953 269.8946356503584 65.861077764770016 106.69715650135186 71.145786258333828 1555.0890007295238 199.51102611940587
leaf_count=1627 3665 649 984 1144 18113 2317
internal_value=-4.12057e-05 -9.25222e-05 -0.00106532 -7.74138e-06 0.000103925 0.00102449
internal_weight=2334.45 2268.2 172.558 2095.64 1825.75 270.657
internal_count=28499 26872 1633 25239 21574 3461
is_linear=0
shrinkage=0.03


Tree=214
num_leaves=7
num_cat=0
split_feature=34 20 28 30 2 33
split_gain=0.193223 0.221987 0.182964 0.339551 0.306795 0.362702
threshold=-7.6496938218673067 -0.10256302520147362 0.30202503502368933 1.1450779438018801 -0.11486646534770416 0.79666462292273843
decision_type=8 2 10 10 2 10
left_child=1 -1 3 4 5 -2
right_child=2 -3 -4 -5 -6 -7
leaf_value=-0.0012794519096970063 -0.0011397460136887113 0.0016805797294110493 0.00015446904201400999 -0.0016302011473138271 0.00033585733191307022 0.00078592280796495318
leaf_weight=21.203726472391281 377.15143793614698 94.63213699797052 1065.036401520978 159.54577810340561 509.40835134426015 106.17445108125685
leaf_count=571 5730 2088 10551 1794 6310 1441
internal_value=-6.39813e-05 0.00108013 -0.000128332 -0.000388802 -0.000175024 -0.000709369
internal_weight=2333.15 115.836 2217.32 1152.28 992.734 483.326
internal_count=28485 2659 25826 15275 13481 7171
is_linear=0
shrinkage=0.03


Tree=215
num_leaves=7
num_cat=0
split_feature=2 24 25 31 14 28
split_gain=0.180644 0.368136 0.201749 0.154695 0.153094 0.252926
threshold=-0.2868854246054367 3.5000000000000004 -0.30278969617420232 5.4638588726520547 0.2442724207889182 0.93899044394493114
decision_type=2 2 2 10 2 8
left_child=1 2 -1 -3 5 -2
right_child=4 3 -4 -5 -6 -7
leaf_value=0.00061632664290598761 -0.00010333017051210739 -0.00051443062400248973 -0.0029644328687110926 0.0022922607845579459 -0.00037364583257738413 0.00064013000559344621
leaf_weight=13.907772850710897 975.76322073704796 34.310700443107635 60.53700495508383 21.116190237080446 524.6206511259079 699.66953668720089
leaf_count=409 14608 608 1392 675 2431 8385
internal_value=2.91775e-06 -0.00104264 -0.00230171 0.000741769 6.90766e-05 0.000209099
internal_weight=2329.93 129.872 74.4448 55.4269 2200.05 1675.43
internal_count=28508 3084 1801 1283 25424 22993
is_linear=0
shrinkage=0.03


Tree=216
num_leaves=7
num_cat=0
split_feature=5 11 28 12 36 31
split_gain=0.192547 0.206037 0.173243 0.285917 0.31076 0.25962
threshold=-0.17143440956543396 -0.17568712271944514 0.38737246394157415 0.64445036247736109 -0.20224505748712648 1.0388142168521883
decision_type=2 2 8 2 10 10
left_child=1 -1 5 -4 -5 -2
right_child=2 -3 3 4 -6 -7
leaf_value=0.00065934774722315435 -0.001205823567284591 -0.0017321962180808453 0.00090101776060611417 -0.00071235176628502877 0.00050926727250106597 1.5098513458363025e-05
leaf_weight=39.943634286115412 183.44188402488362 98.58344878104981 451.56839067931287 335.86331658810377 399.15589252859354 825.11118628158874
leaf_count=690 1698 1369 7735 2110 2415 12474
internal_value=8.82897e-07 -0.00104464 7.13001e-05 0.000315794 -5.10143e-05 -0.000216629
internal_weight=2333.67 138.527 2195.14 1186.59 735.019 1008.55
internal_count=28491 2059 26432 12260 4525 14172
is_linear=0
shrinkage=0.03


Tree=217
num_leaves=7
num_cat=0
split_feature=14 4 37 3 14 23
split_gain=0.191716 0.183282 0.270455 0.231917 0.268494 0.234307
threshold=0.018054258162199393 -0.059176521519506295 -5.6578465501605359 -0.32007951959472786 0.37533345012189662 0.39184133446296787
decision_type=2 2 8 2 2 2
left_child=-1 2 -2 -3 5 -5
right_child=1 3 -4 4 -6 -7
leaf_value=-0.0018317905372926529 0.0018842391771794521 -0.0014950921066650715 -0.00014797212519934941 0.00064080637847211211 -0.0014835201868679047 0.0026967174770099632
leaf_weight=38.11993581848219 51.109979283064604 37.915515844710171 1660.0625177826732 469.95525032002479 38.18794059753418 47.919492701068521
leaf_count=4315 769 455 17383 5050 159 454
internal_value=4.27076e-05 8.14842e-05 -7.66785e-05 0.000530855 0.000692968 0.000878524
internal_weight=2343.27 2305.15 1711.17 593.978 556.063 517.875
internal_count=28585 24270 18152 6118 5663 5504
is_linear=0
shrinkage=0.03


Tree=218
num_leaves=7
num_cat=0
split_feature=24 35 10 12 10 17
split_gain=0.244223 0.258816 0.167143 0.428589 0.253893 0.187087
threshold=7.5000000000000009 -1.3333392848098087 -0.13636765782435836 0.89100836032927966 -0.072786483350620185 1.5000000000000002
decision_type=2 10 2 2 2 2
left_child=2 -2 3 -1 -4 -6
right_child=1 -3 4 -5 5 -7
leaf_value=-0.00077106727451501831 0.002808471050791067 0.00028433419911392719 -0.0010365048559827755 0.004379703842620865 7.9674164443764266e-05 -0.0012001142304465171
leaf_weight=27.431936754990602 44.967324908124283 117.15838333073771 225.81126358659822 15.999716833233832 1802.1591255378153 98.987266131356591
leaf_count=551 644 1442 3147 94 21169 1485
internal_value=1.90836e-05 0.00110692 -6.68807e-05 0.00159098 -0.00010802 7.10835e-06
internal_weight=2332.52 162.126 2170.39 43.4317 2126.96 1901.15
internal_count=28532 2086 26446 645 25801 22654
is_linear=0
shrinkage=0.03


Tree=219
num_leaves=7
num_cat=0
split_feature=8 33 37 10 14 7
split_gain=0.177834 0.193267 0.171084 0.215585 0.170113 0.134836
threshold=-0.22904671692901882 0.6010508959492048 -6.0137545348643657 0.070934469079388759 0.065405904376653626 0.11917742429786461
decision_type=2 10 8 2 2 2
left_child=1 -1 3 4 -2 -4
right_child=2 -3 5 -5 -6 -7
leaf_value=-0.0029577118961368453 -0.00010519378497053978 0.00099431915712850836 -0.00010391974040854518 -0.0014812929497480961 0.0032178147774360472 0.00065010684107625932
leaf_weight=25.803299900348065 19.36706126012723 10.300875338609329 2008.4928452550375 11.065700367791576 33.886408984661102 228.69170481653418
leaf_count=870 962 230 23871 267 313 2016
internal_value=-1.42152e-05 -0.00185906 2.26426e-05 0.00143872 0.00218374 -2.42909e-05
internal_weight=2337.61 36.1042 2301.5 64.3192 53.2535 2237.18
internal_count=28529 1100 27429 1542 1275 25887
is_linear=0
shrinkage=0.03


Tree=220
num_leaves=7
num_cat=0
split_feature=3 20 36 34 5 34
split_gain=0.200001 0.285466 0.209581 0.351721 0.37678 0.340552
threshold=-0.048089337773658695 -0.0062398839899913119 1.2981803357877115 1.0000000180025095e-35 -0.071154480085110286 0.48686327536900847
decision_type=2 2 10 10 2 10
left_child=2 -2 5 4 -4 -1
right_child=1 -3 3 -5 -6 -7
leaf_value=-0.00047712695699808963 0.0027173661510701422 0.000370947262794613 -0.00071545760553932958 -0.00043365211137824287 0.0018983019378169287 0.00054303666247897456
leaf_weight=1102.7608484712837 44.314573822543025 367.87259281042498 60.427607012999943 187.87532526237192 186.70226379454834 391.25936719839228
leaf_count=15716 453 3866 772 1773 2256 3779
internal_value=9.01394e-05 0.000681601 -3.91054e-05 0.000533035 0.00125622 -0.000208129
internal_weight=2341.21 412.187 1929.03 435.005 247.13 1494.02
internal_count=28615 4319 24296 4801 3028 19495
is_linear=0
shrinkage=0.03


Tree=221
num_leaves=7
num_cat=0
split_feature=36 34 31 34 12 1
split_gain=0.199716 0.43117 0.310339 0.267604 0.324468 0.378701
threshold=1.2981803357877115 0.98673413073023164 11.123756378889086 0.6865933736165365 0.93520669430291514 0.061904504124952159
decision_type=10 10 10 10 2 2
left_child=3 -2 -3 -1 -5 -6
right_child=1 2 -4 4 5 -7
leaf_value=-0.00033445614080898113 0.0011188186814460456 -0.0012312204468130372 0.0019725834563130251 -0.00032721378111844551 0.0018084051514792498 -0.0010141856989838241
leaf_weight=1355.0259793729201 355.66630305611761 143.4675772388 23.728361488785595 222.20689099060837 193.20401668921113 47.181308832019567
leaf_count=18662 4148 1245 266 2977 1072 244
internal_value=2.70813e-05 0.000538026 -0.000690876 -0.000122039 0.000494086 0.00123603
internal_weight=2340.48 522.862 167.196 1817.62 462.592 240.385
internal_count=28614 5659 1511 22955 4293 1316
is_linear=0
shrinkage=0.03


Tree=222
num_leaves=7
num_cat=0
split_feature=27 3 29 36 29 8
split_gain=0.178863 0.224644 0.279987 0.181644 0.175487 0.211637
threshold=-0.48809476196765894 -0.10204420078489045 -4.0252404212951651 -2.5869741197087843 -3.6731750965118404 0.080165272029941129
decision_type=10 2 8 10 8 2
left_child=1 2 -1 -2 -3 -6
right_child=3 4 -4 -5 5 -7
leaf_value=0.001624621645835464 -0.0013987967637564646 -0.0004560915483856657 -0.00027419352701167122 -5.4327762417378366e-05 0.0023781517442733411 -0.00027790146145180986
leaf_weight=76.333460974390619 85.790052605938399 35.189083402976394 357.53499406046467 1639.1060346403683 108.1725744268042 32.476197225274518
leaf_count=1503 1097 528 5226 18453 1310 362
internal_value=2.75178e-05 0.0004649 8.89531e-05 -0.000128874 0.00133782 0.00178712
internal_weight=2334.6 609.706 433.868 1724.9 175.838 140.649
internal_count=28479 8929 6729 19550 2200 1672
is_linear=0
shrinkage=0.03


Tree=223
num_leaves=7
num_cat=0
split_feature=9 15 6 1 3 3
split_gain=0.221339 0.188796 0.202348 0.236414 0.301021 0.169471
threshold=0.1977487668536668 1.5000000000000002 -0.19846664801224331 0.0058397516120058781 -0.040425177458980173 -0.1603182219194064
decision_type=2 2 2 2 2 2
left_child=1 5 -3 4 -4 -1
right_child=-2 2 3 -5 -6 -7
leaf_value=0.00036856639887042835 0.0016575240589787826 0.0012130600275846322 -0.0023972788226166988 0.00014403610540113281 0.00079484653819581331 -0.00018566916052938006
leaf_weight=860.08432660954713 60.534863360051531 31.562418073706795 120.20710599509766 88.085802442976274 28.159260715008713 1147.0225891278533
leaf_count=11730 762 570 1730 875 326 12621
internal_value=2.34787e-06 -4.87527e-05 -0.000781493 -0.00108615 -0.00177949 5.24813e-05
internal_weight=2335.66 2275.12 268.015 236.452 148.366 2007.11
internal_count=28614 27852 3501 2931 2056 24351
is_linear=0
shrinkage=0.03


Tree=224
num_leaves=7
num_cat=0
split_feature=10 8 20 23 31 21
split_gain=0.227324 0.211251 0.193813 0.264558 0.205037 0.169695
threshold=0.02927230449311723 -0.083320829838269814 0.03687890102335966 -1.0000000180025095e-35 3.0162432193756108 1.0000000180025095e-35
decision_type=2 2 2 2 10 2
left_child=2 5 -1 -4 -5 -2
right_child=1 -3 3 4 -6 -7
leaf_value=-0.00038078329863503954 -0.0022684249262283794 0.00059540232384632733 0.0014608412466634666 -0.0010406566115677765 0.00068892902273456663 0.00018817102400039062
leaf_weight=1176.9429946605815 34.332695339020574 719.08190909953555 125.78809296025429 116.71580903592985 110.71625772188418 55.740140755457105
leaf_count=14671 566 7844 1737 1123 1606 1012
internal_value=1.85569e-05 0.000422267 -0.000196282 0.000412042 -0.000205123 -0.000881308
internal_weight=2339.32 809.155 1530.16 353.22 227.432 90.0728
internal_count=28559 9422 19137 4466 2729 1578
is_linear=0
shrinkage=0.03


Tree=225
num_leaves=7
num_cat=0
split_feature=0 27 26 33 1 12
split_gain=0.153156 0.326728 0.151849 0.175926 0.281782 0.174115
threshold=0.40629810526123383 0.98889505863189708 -7.4371142387390128 -2.2039244646827378 -0.095779652002044594 0.01995176024310941
decision_type=2 8 8 8 2 2
left_child=2 -2 -1 4 -4 -5
right_child=1 -3 3 5 -6 -7
leaf_value=0.0019394387804758087 -0.00017387792567208658 0.0038205878175615695 0.0010840529297859989 -0.00058453424032924451 -0.0012306418431385494 0.00014677186375074841
leaf_weight=23.848093091510236 48.31180179619696 19.005731112672947 50.993003282230347 347.05631953565171 225.16023411162314 1623.609900329262
leaf_count=399 496 195 1065 10609 2744 13043
internal_value=-1.1029e-05 0.00130216 -5.54994e-05 -8.51739e-05 -0.000780276 1.56797e-05
internal_weight=2337.99 67.3175 2270.67 2246.82 276.153 1970.67
internal_count=28551 691 27860 27461 3809 23652
is_linear=0
shrinkage=0.03


Tree=226
num_leaves=7
num_cat=0
split_feature=24 28 26 36 2 24
split_gain=0.16298 0.180549 0.222117 0.209802 0.188745 0.218096
threshold=7.5000000000000009 3.493869543075562 1.7246760725975039 -0.42294829928626609 -0.31590719059422395 3.5000000000000004
decision_type=2 10 10 10 2 2
left_child=1 4 3 -3 5 -1
right_child=-2 2 -4 -5 -6 -7
leaf_value=-0.0024285518471124454 0.00092266921281590442 -7.69226420039816e-05 -0.00087837984644871709 0.0028598844981548369 -3.4865964866279971e-05 0.00062196122435475795
leaf_weight=52.494111286272528 165.07474924059352 33.251009521191008 31.690477297175676 51.325396412052214 1974.2589623430249 26.680685385101242
leaf_count=1384 2122 317 281 411 23315 682
internal_value=4.21504e-05 -2.87667e-05 0.00107262 0.00181923 -9.60241e-05 -0.00144611
internal_weight=2334.78 2169.7 116.267 84.5764 2053.43 79.1748
internal_count=28512 26390 1009 728 25381 2066
is_linear=0
shrinkage=0.03


Tree=227
num_leaves=7
num_cat=0
split_feature=7 0 14 5 5 14
split_gain=0.216141 0.168247 0.266237 0.222416 0.228241 0.204752
threshold=-0.10497029864169484 -0.33231239181116062 0.20437088382199084 -0.17143440956543396 -0.14765971853646218 0.41385917847164688
decision_type=2 2 2 2 2 2
left_child=-1 2 -2 -3 -5 -6
right_child=1 3 -4 4 5 -7
leaf_value=-0.0010589915368675277 7.8811358014795518e-05 -0.0012464717581593065 0.0030078246374520305 0.0017541360274229423 7.6384610103712281e-05 -0.0012932738656461795
leaf_weight=160.46618731322815 78.869025143038016 113.92306527239271 33.724352955818176 59.368338252301328 1800.033329300757 93.867213159799576
leaf_count=3382 1572 1455 172 675 20907 387
internal_value=-3.01493e-05 5.00798e-05 0.00112991 -1.38914e-05 6.39808e-05 2.06415e-06
internal_weight=2340.25 2179.79 112.593 2067.19 1953.27 1893.9
internal_count=28550 25168 1744 23424 21969 21294
is_linear=0
shrinkage=0.03


Tree=228
num_leaves=7
num_cat=0
split_feature=12 37 23 5 27 27
split_gain=0.218531 0.408098 0.304359 0.297354 0.265868 0.244249
threshold=1.0259299102469412 -6.0137545348643657 0.073537440652164401 -0.10237416816405424 -1.2608757019042967 -1.0886585712432859
decision_type=2 10 2 2 8 10
left_child=1 3 -3 -1 -2 -6
right_child=4 2 -4 -5 5 -7
leaf_value=-0.00061919348965277436 0.0018209044712824657 -0.00022564275355409908 0.00082677598080778858 0.002044816110338177 -0.0019334793300619952 -0.0002859940588139494
leaf_weight=43.507676971377805 38.375938571989536 946.72268563398393 323.570642750361 158.5203399224265 81.938359640538692 732.23208386823535
leaf_count=833 213 15350 4412 3133 473 4073
internal_value=2.97341e-05 0.000250534 4.67945e-05 0.00146896 -0.000350065 -0.000473245
internal_weight=2324.87 1472.32 1270.29 202.028 852.546 814.17
internal_count=28487 23728 19762 3966 4759 4546
is_linear=0
shrinkage=0.03


Tree=229
num_leaves=7
num_cat=0
split_feature=18 35 12 7 4 26
split_gain=0.172113 0.265396 0.215224 0.295037 0.375638 0.318851
threshold=1.0000000180025095e-35 -3.5843533687293525 1.0259299102469412 0.0029350843432889629 -0.10884922064512574 -0.67516550421714772
decision_type=2 10 2 2 2 10
left_child=2 -2 -1 -4 -5 -6
right_child=1 -3 3 4 5 -7
leaf_value=0.00027733174615907752 -0.0030371694653313032 -0.00027846755587164029 0.00043651690334306628 -0.0015472027905959536 -0.0010803299874450384 0.0010357964781780532
leaf_weight=1383.2589386814507 30.795530744828284 146.95701563521288 273.15184550732374 257.65313183516264 106.64516305178404 132.29350309818983
leaf_count=22614 316 1379 1590 1402 585 713
internal_value=-2.1513e-05 -0.00089272 5.42088e-05 -0.000345166 -0.000775263 8.58518e-05
internal_weight=2330.76 177.753 2153 769.744 496.592 238.939
internal_count=28599 1695 26904 4290 2700 1298
is_linear=0
shrinkage=0.03


Tree=230
num_leaves=7
num_cat=0
split_feature=28 3 25 25 25 31
split_gain=0.209683 0.264928 0.31967 0.265225 0.314998 0.252693
threshold=0.31883437931537634 -0.26367477576209419 0.0082531717260121446 -0.21701340830397872 0.89907671907406439 7.1807017922401437
decision_type=10 2 2 2 2 10
left_child=5 2 -2 -3 -5 -1
right_child=1 3 -4 4 -6 -7
leaf_value=-0.00047744865062511102 -0.0021681340631542964 0.0013665508322084389 0.00087225585342218769 5.8883913271010302e-05 0.0026148649989588967 0.00048795303094730576
leaf_weight=934.09779854095541 67.619241338339634 229.99088904779637 44.7207253453671 709.99327299415017 36.257525620108936 320.08721733285347
leaf_count=11390 864 2362 555 6772 408 6360
internal_value=3.44545e-05 0.000337485 -0.000985438 0.000498167 0.000216004 -0.000229153
internal_weight=2342.77 1088.58 112.34 976.242 746.251 1254.19
internal_count=28711 10961 1419 9542 7180 17750
is_linear=0
shrinkage=0.03


Tree=231
num_leaves=7
num_cat=0
split_feature=24 3 34 10 10 31
split_gain=0.181178 0.173271 0.19043 0.151724 0.231722 0.187421
threshold=7.5000000000000009 -0.24368037027907169 1.6460142284631731 0.050267501686341261 0.053943352460779449 0.070073723793029799
decision_type=2 2 10 2 2 10
left_child=3 -2 -3 5 -5 -1
right_child=1 2 -4 4 -6 -7
leaf_value=-0.00075302207109473915 -0.0012063957404576458 0.0017427804842768447 -0.0009922454693480525 0.002371839470858019 0.00014245151418448119 -4.3549205866075115e-05
leaf_weight=457.64402256900212 21.714538321015425 119.21770383545663 21.013840958243236 36.144782819086686 482.07164278514392 1187.2602879511833
leaf_count=4539 356 1525 215 414 5649 15785
internal_value=-2.93684e-05 0.000908218 0.00129417 -0.000103419 0.000339907 -0.000244296
internal_weight=2325.07 161.946 140.232 2163.12 518.216 1644.9
internal_count=28483 2096 1740 26387 6063 20324
is_linear=0
shrinkage=0.03


Tree=232
num_leaves=7
num_cat=0
split_feature=30 0 23 14 1 14
split_gain=0.163316 0.224045 0.204196 0.191661 0.175004 0.276409
threshold=-1.0636585950851438 0.46586906684600954 -0.3021662770987818 0.24035663890157938 0.063393922297528993 0.253464541486012
decision_type=10 2 2 2 2 2
left_child=-1 2 3 -2 -4 -6
right_child=1 -3 4 -5 5 -7
leaf_value=0.00031309996681802094 -0.00049906894928587742 0.0021794624182031618 0.00013313068420615367 -0.002573031236210453 -3.3253734079975092e-05 -0.0024142744938494914
leaf_weight=1167.9533738767786 148.89281167954323 25.063944148132578 763.10411012024269 48.637563169002533 124.15927439866937 58.10692510008812
leaf_count=16737 2144 215 7788 235 1226 255
internal_value=6.35558e-05 -0.000186525 -0.000256866 -0.00110911 -6.90478e-05 -0.000878418
internal_weight=2335.92 1167.96 1142.9 197.53 945.37 182.266
internal_count=28600 11863 11648 2379 9269 1481
is_linear=0
shrinkage=0.03


Tree=233
num_leaves=7
num_cat=0
split_feature=14 37 33 29 20 28
split_gain=0.153135 0.157671 0.223645 0.159325 0.262075 0.260134
threshold=0.018054258162199393 -2.64727548992995 0.039837718009948737 -5.9903004169464102 0.042401485916768102 0.79857707023620617
decision_type=2 8 10 8 2 10
left_child=-1 2 -2 4 5 -3
right_child=1 3 -4 -5 -6 -7
leaf_value=-0.0016818025321894627 3.4778352346763926e-05 -0.00076165078232227185 0.001872143629896967 -0.00018066495294723325 0.0016957979183732279 0.00086770791433536611
leaf_weight=37.280692534288391 153.34219661541283 171.37533952388912 87.958653446286917 1622.9643913852051 104.58791842870414 161.65656770113856
leaf_count=4271 2192 2157 1145 16120 1136 1578
internal_value=8.36819e-06 4.28979e-05 0.000752379 -4.34169e-05 0.000458248 3.1493e-05
internal_weight=2339.17 2301.89 241.301 2060.58 437.62 333.032
internal_count=28599 24328 3337 20991 4871 3735
is_linear=0
shrinkage=0.03


Tree=234
num_leaves=7
num_cat=0
split_feature=35 31 6 28 2 31
split_gain=0.19199 0.463756 0.320739 0.278929 0.300355 0.264846
threshold=0.94995360914617788 7.1176422238349923 0.23927434546444643 1.1900570988655093 -0.15815581402044174 0.52272143959999096
decision_type=10 10 2 8 2 10
left_child=3 2 -2 -1 -5 -6
right_child=1 -3 -4 4 5 -7
leaf_value=-0.00024503404335067151 -0.0012230847478956529 0.00060347948955236401 0.00063756347715730678 -0.00051107394102152136 0.00041967716684839689 0.0019151089011837609
leaf_weight=875.4170287422603 492.1804185527435 249.2738154939143 93.461880595656112 162.69465426739771 309.29814640944824 159.21338816429488
leaf_count=12322 4884 3833 768 2156 3040 1592
internal_value=-0.000101607 -0.00046369 -0.000920428 0.000100781 0.000576733 0.000957269
internal_weight=2341.54 834.916 585.642 1506.62 631.206 468.512
internal_count=28595 9485 5652 19110 6788 4632
is_linear=0
shrinkage=0.03


Tree=235
num_leaves=7
num_cat=0
split_feature=23 14 31 27 10 0
split_gain=0.22581 0.165985 0.175601 0.172878 0.163983 0.263253
threshold=0.89400588103304024 0.028209123971929886 0.070073723793029799 2.3647662401199345 0.1027253599861722 -0.087226620051568657
decision_type=2 2 8 10 2 2
left_child=1 -1 3 -3 -4 -6
right_child=-2 2 4 -5 5 -7
leaf_value=-0.001269210620051042 0.0021066120460065158 -0.00033256188500237227 0.00023433729944384403 -0.0025196236119582054 0.0015573409419319306 -0.0014692473484775675
leaf_weight=83.12702402479772 35.459342893853318 384.64568082801998 1662.759935233742 26.127949953079224 24.443220535293221 106.2702622525394
leaf_count=6290 390 3039 17198 224 272 1008
internal_value=1.29004e-05 -2.85851e-05 2.37224e-05 -0.000528248 0.000152373 -0.000832827
internal_weight=2322.83 2287.37 2204.25 410.774 1793.47 130.713
internal_count=28421 28031 21741 3263 18478 1280
is_linear=0
shrinkage=0.03


Tree=236
num_leaves=7
num_cat=0
split_feature=26 10 12 27 28 36
split_gain=0.202006 0.176753 0.218596 0.157873 0.230193 0.530183
threshold=-7.4371142387390128 -0.13167212107272711 0.85347191826357749 2.6909512281417851 2.6208504438400273 1.9754690497714498
decision_type=8 2 2 10 10 10
left_child=-1 2 -2 4 -3 -6
right_child=1 3 -4 -5 5 -7
leaf_value=0.0022215018283318804 -0.00020942608729305432 -0.0001963483159329697 0.003314891496370645 -0.0011158274980309615 0.001375663650132392 -0.0022175654275553439
leaf_weight=24.029999699210748 31.194138193008257 1888.6717215673416 20.018599826842546 132.68769094429445 203.08077097224304 35.368144122883677
leaf_count=408 649 23680 123 1565 1811 278
internal_value=-7.37793e-05 -0.000107114 0.00148468 -0.00014957 -8.43567e-05 0.00077489
internal_weight=2335.05 2311.02 51.2127 2259.81 2127.12 238.449
internal_count=28514 28106 772 27334 25769 2089
is_linear=0
shrinkage=0.03


Tree=237
num_leaves=7
num_cat=0
split_feature=37 0 5 7 35 14
split_gain=0.224087 0.180604 0.164085 0.195966 0.254676 0.187241
threshold=-6.0137545348643657 -0.57798489088274752 -0.17382369966204117 -0.014291766337879007 2.5682234073328414 0.16931592003788135
decision_type=8 2 2 2 8 2
left_child=-1 -2 3 4 5 -3
right_child=1 2 -4 -5 -6 -7
leaf_value=0.0016692899116258072 0.0018416482757445628 -0.00016338112695599342 1.8344891696939139e-05 -0.0018733500949108051 -0.0023324331956302716 0.0035451271687652647
leaf_weight=63.88320526847383 36.472076575446408 24.639727454690728 2102.8215722299356 80.817960185057018 11.966973270871675 12.839341558516024
leaf_count=1647 853 576 24220 959 171 74
internal_value=4.33618e-05 -9.52673e-06 -4.78368e-05 -0.00104133 0.000404945 0.00158615
internal_weight=2333.44 2269.56 2233.09 130.264 49.446 37.4791
internal_count=28500 26853 26000 1780 821 650
is_linear=0
shrinkage=0.03


Tree=238
num_leaves=7
num_cat=0
split_feature=9 4 8 33 3 28
split_gain=0.192642 0.21073 0.18588 0.21424 0.186613 0.245518
threshold=0.1977487668536668 -0.20708680384658804 -0.12273534421642569 2.4417089819908147 -0.31493732643588251 1.1637713313102724
decision_type=2 2 2 8 2 8
left_child=1 -1 3 -3 5 -4
right_child=-2 2 4 -5 -6 -7
leaf_value=-0.00090424066108694186 0.0015649553587466472 -0.0014369172016613387 0.00012826495025106612 0.0016600919074444499 0.00023113480244926486 -0.002573155854997762
leaf_weight=206.80173024992109 61.688484637241345 114.34472805270343 72.549897974939086 15.316776661085894 1806.5248161778436 40.895989030832425
leaf_count=3013 776 2474 1158 346 20080 510
internal_value=3.39288e-05 -1.4648e-05 7.90637e-05 -0.000978401 0.000155177 -0.000975124
internal_weight=2318.12 2256.43 2049.63 129.662 1919.97 113.446
internal_count=28357 27581 24568 2820 21748 1668
is_linear=0
shrinkage=0.03


Tree=239
num_leaves=7
num_cat=0
split_feature=20 4 14 36 4 4
split_gain=0.168044 0.253935 0.189535 0.267546 0.246181 0.277075
threshold=0.19161798785044981 -0.13537235263806227 0.41385917847164688 0.28619041619352031 -0.035938198608663159 -0.031424315873703236
decision_type=2 2 2 10 2 2
left_child=2 -2 4 -4 -1 -6
right_child=1 -3 3 -5 5 -7
leaf_value=-0.00014724722579610814 0.002619073975677972 -7.3342826301702941e-05 -0.0026196399673478598 0.00029076783266936102 0.0032389889517227704 0.00042310302841833288
leaf_weight=1742.1856766078854 44.100221415050328 74.298074120539241 50.398251488804817 50.305214196443558 25.24453820369672 343.05445360651356
leaf_count=22032 634 937 208 208 296 4238
internal_value=1.51123e-07 0.00105539 -6.08486e-05 -0.00127084 2.60818e-06 0.000696632
internal_weight=2329.59 118.398 2211.19 100.703 2110.48 368.299
internal_count=28553 1571 26982 416 26566 4534
is_linear=0
shrinkage=0.03


Tree=240
num_leaves=7
num_cat=0
split_feature=25 10 26 27 27 28
split_gain=0.261585 0.241913 0.213232 0.207052 0.207732 0.193047
threshold=-0.22657850729932286 -0.068746379449317246 0.49525988101959234 2.51499354839325 1.9636330008506777 0.23663273453712466
decision_type=2 2 8 10 10 10
left_child=1 -1 5 4 -2 -3
right_child=3 2 -4 -5 -6 -7
leaf_value=-0.00088819827820482776 -0.00014330537423975741 0.00051948216327552064 0.00011774000403510997 -0.0013020130307689172 0.0013619389027626143 0.0022397802884135528
leaf_weight=74.582359416410327 1623.876002226898 118.76714555785293 192.32906359696062 121.90794607670978 76.925862261385191 123.50259737530723
leaf_count=1092 19634 1862 2275 1425 860 1335
internal_value=1.15734e-05 0.000605964 0.00087659 -0.000156872 -6.76615e-05 0.00145047
internal_weight=2331.89 509.181 434.599 1822.71 1700.8 242.27
internal_count=28483 6564 5472 21919 20494 3197
is_linear=0
shrinkage=0.03


Tree=241
num_leaves=7
num_cat=0
split_feature=22 11 31 24 33 28
split_gain=0.22147 0.17621 0.179826 0.182549 0.175893 0.164736
threshold=-0.15505850892022116 0.1237091212798322 7.1176422238349923 3.5000000000000004 -3.1630636751651759 0.44573460519313818
decision_type=2 2 10 2 8 8
left_child=4 2 5 -4 -1 -2
right_child=1 -3 3 -5 -6 -7
leaf_value=0.001585132142189009 -0.00050018923657053189 0.0013329361964894268 2.7270235115262012e-05 0.0013048603725184058 -0.0011646171525538183 0.00011166587569618728
leaf_weight=14.530096257338299 660.38063546159538 83.778070654458134 241.93279586415156 162.90601925118244 204.32370696903672 960.81293091044063
leaf_count=253 7769 878 4447 2564 2932 9698
internal_value=-3.42689e-05 6.1599e-05 2.73963e-06 0.000560431 -0.00092077 -0.000139107
internal_weight=2328.66 2109.81 2026.03 404.839 218.854 1621.19
internal_count=28541 25356 24478 7011 3185 17467
is_linear=0
shrinkage=0.03


Tree=242
num_leaves=7
num_cat=0
split_feature=8 1 27 13 14 22
split_gain=0.169275 0.277759 0.157678 0.177149 0.248047 0.229527
threshold=0.23216899988254566 0.009856805887102367 -0.48809476196765894 2.3502401828962087 0.11725287889720469 0.080952011969667198
decision_type=2 2 8 2 2 2
left_child=2 -2 3 5 -5 -1
right_child=1 -3 -4 4 -6 -7
leaf_value=-0.00047301894083342133 0.0032435326391148231 -0.00043195503448672953 -0.0001664431264232742 0.00016103951854638555 0.0025667433351924669 0.0018192780790914629
leaf_weight=193.3099450392474 26.854193463630509 33.046231775020715 1902.5657924539119 85.913964191451669 62.205649092793465 38.739543963922188
leaf_count=2627 316 342 21870 2433 425 561
internal_value=-1.02477e-05 0.00144411 -5.45431e-05 0.000495377 0.00126979 -3.09799e-05
internal_weight=2342.64 59.9004 2282.73 380.169 148.12 232.049
internal_count=28574 658 27916 6046 2858 3188
is_linear=0
shrinkage=0.03


Tree=243
num_leaves=7
num_cat=0
split_feature=7 1 34 2 37 18
split_gain=0.205872 0.268951 0.318076 0.253947 0.232812 0.180273
threshold=-0.10750770994707606 -0.094230451644423507 0.45095933973789221 -0.19311438320140856 2.8474730984053838 1.0000000180025095e-35
decision_type=2 2 10 2 8 2
left_child=4 2 -2 -3 -1 -5
right_child=1 3 -4 5 -6 -7
leaf_value=-0.00012569613204046692 0.00035153164149835577 -0.0008066932857139225 0.0027995282504933903 0.00025328058019948604 -0.0024974292234197378 -0.00087137851946859923
leaf_weight=107.79461688411538 163.33493521399214 275.82932444015751 59.680947148823179 1535.9593994431198 47.856394134112634 130.11923974077217
leaf_count=2596 2596 4150 626 16623 653 1113
internal_value=5.81813e-05 0.000135588 0.00109867 1.99231e-05 -0.000961652 0.000160771
internal_weight=2320.57 2164.92 223.016 1941.91 155.651 1666.08
internal_count=28357 25108 3222 21886 3249 17736
is_linear=0
shrinkage=0.03


Tree=244
num_leaves=7
num_cat=0
split_feature=0 17 6 2 2 26
split_gain=0.222233 0.245542 0.272897 0.248766 0.227419 0.225839
threshold=0.038817082100946788 1.5000000000000002 -0.2129547140236972 0.12040159718678177 0.093858379772304532 -5.6498334407806388
decision_type=2 2 2 2 2 8
left_child=1 3 -3 -1 5 -2
right_child=4 2 -4 -5 -6 -7
leaf_value=-0.00017072496146293653 -0.0018957376663109801 0.0014318272793365544 -0.002379100083785105 0.0024302648891679911 -0.001696126063074638 0.00064068592060099051
leaf_weight=1466.651000455895 23.54227357194759 14.111940879607571 72.552013235050254 23.87294899020344 33.998977891082177 700.41106053994736
leaf_count=19168 271 291 1109 267 360 7103
internal_value=-6.27729e-06 -0.000208958 -0.00167462 -0.000113148 0.000412702 0.000533499
internal_weight=2335.14 1577.19 86.664 1490.52 757.952 723.953
internal_count=28569 20835 1400 19435 7734 7374
is_linear=0
shrinkage=0.03


Tree=245
num_leaves=7
num_cat=0
split_feature=31 3 6 35 37 25
split_gain=0.216563 0.347086 0.333605 0.245592 0.32045 0.219134
threshold=7.1176422238349923 -0.2184504760636512 -0.14155611239123753 1.2610559880056167 -0.61061146909311759 -0.74981261703203972
decision_type=10 2 2 10 10 2
left_child=3 -2 -3 5 -5 -1
right_child=1 2 -4 4 -6 -7
leaf_value=0.0019455225890547131 -0.0010191915232118541 -0.00074364738349725159 0.0013864094549014823 0.00070531084249256042 -0.0011021305792843655 -1.7350961350432255e-05
leaf_weight=43.242650607833639 92.012697008714895 76.711045491188997 307.92143585212762 105.54369536950253 393.24585560429841 1322.3574464376143
leaf_count=529 2206 1629 4569 1272 3580 14925
internal_value=-4.31806e-06 0.000559579 0.000953512 -0.000150699 -0.000713331 5.8496e-05
internal_weight=2341.03 476.645 384.632 1864.39 498.79 1365.6
internal_count=28710 8404 6198 20306 4852 15454
is_linear=0
shrinkage=0.03


Tree=246
num_leaves=7
num_cat=0
split_feature=28 36 30 11 24 14
split_gain=0.155732 0.243414 0.194295 0.264387 0.224005 0.223635
threshold=0.40760128200054174 2.7876076712760902 1.1013146638870241 -0.0073286480010905002 3.5000000000000004 0.035004915438973876
decision_type=10 10 10 2 2 2
left_child=2 -2 4 -4 5 -1
right_child=1 -3 3 -5 -6 -7
leaf_value=-0.00198562449782862 0.00033076277105223954 -0.0014902331126601387 0.0003773599542871645 -0.0019086266670310635 0.0005190763532654805 -0.00023604426902051822
leaf_weight=62.958394045970635 979.60890678982832 60.943395782262087 64.670500057400204 123.76898492808687 331.57239101995947 713.18820226937532
leaf_count=4122 9826 533 711 1366 4783 7236
internal_value=-6.1279e-05 0.00021094 -0.000279758 -0.00114462 -0.000123708 -0.000401417
internal_weight=2336.71 1040.55 1296.16 188.439 1107.72 776.147
internal_count=28577 10359 18218 2077 16141 11358
is_linear=0
shrinkage=0.03


Tree=247
num_leaves=7
num_cat=0
split_feature=25 29 14 37 25 6
split_gain=0.202933 0.215715 0.330158 0.308375 0.347652 0.260673
threshold=-0.15121687017724014 -7.6614296436309806 0.22021843570589214 0.74525100085884366 0.89907671907406439 -0.006552904482605113
decision_type=2 10 2 10 2 2
left_child=-1 2 5 -3 -5 -2
right_child=1 3 -4 4 -6 -7
leaf_value=0.00036133511228999036 -0.00061541528882579012 5.0577696391496064e-05 -0.0011131172438981136 -0.0010323613408013018 0.0018901036696403958 0.0012541047312392914
leaf_weight=638.2978911788814 84.155583210580517 585.41857660477399 101.36346325278282 661.21937896957388 29.753905634745024 245.23606667647255
leaf_count=7971 1480 8579 488 6015 350 3674
internal_value=-9.13827e-05 -0.000261771 0.000313524 -0.000456849 -0.000881349 0.000772405
internal_weight=2345.44 1707.15 430.755 1276.39 690.973 329.392
internal_count=28557 20586 5642 14944 6365 5154
is_linear=0
shrinkage=0.03


Tree=248
num_leaves=7
num_cat=0
split_feature=37 33 29 23 24 15
split_gain=0.186056 0.213624 0.217597 0.198365 0.244735 0.229891
threshold=-2.64727548992995 -0.81760528683662403 -0.19603567570447919 -0.3021662770987818 2.5000000000000004 1.5000000000000002
decision_type=8 10 10 2 2 2
left_child=1 -1 -3 -2 5 -5
right_child=3 2 -4 4 -6 -7
leaf_value=-0.0002313268973617027 -0.00075375238601269111 0.00010644625287898181 0.0024681576213191649 -0.0001006129426256331 0.0004641840919408676 -0.0014624069982928354
leaf_weight=111.29187178039865 350.02479945277446 61.043954532127827 75.751155637495685 935.25541702558985 671.09558064604062 116.97959830710897
leaf_count=2587 4663 1315 1100 10352 7023 1468
internal_value=-1.92434e-05 0.000740648 0.0014933 -0.000113287 2.0396e-05 -0.000264349
internal_weight=2321.44 248.087 136.795 2073.36 1723.33 1052.24
internal_count=28508 5002 2415 23506 18843 11820
is_linear=0
shrinkage=0.03


Tree=249
num_leaves=7
num_cat=0
split_feature=28 8 30 29 9 20
split_gain=0.178373 0.174762 0.200666 0.176247 0.268323 0.188214
threshold=3.9447966814041142 -0.22904671692901882 -4.4259374141693106 -6.7751545906066886 -0.097188027672730812 0.14510636433766835
decision_type=10 2 8 10 2 2
left_child=1 -1 -3 4 -4 -5
right_child=-2 2 3 5 -6 -7
leaf_value=-0.0018884132703621086 0.0012543130952890149 0.00053303931526455883 -0.0015281762206426782 -0.0004963599684629196 0.00048239029218130267 0.00080441426608367304
leaf_weight=36.93255336052971 84.393132900586352 433.80964331139694 57.720692651870195 1112.9177508658322 508.48209748329828 100.94676810246892
leaf_count=1108 725 7067 956 11556 6172 1060
internal_value=-2.35221e-05 -7.67702e-05 -3.81922e-05 -0.000179604 0.000254462 -0.000382497
internal_weight=2335.2 2250.81 2213.88 1780.07 566.203 1213.86
internal_count=28644 27919 26811 19744 7128 12616
is_linear=0
shrinkage=0.03


Tree=250
num_leaves=7
num_cat=0
split_feature=2 37 26 31 26 25
split_gain=0.163549 0.208074 0.442817 0.214513 0.240759 0.288707
threshold=-0.12572700109751672 0.15851009893748483 -0.70979028940200795 6.7624967098236093 0.55084946751594555 -0.23787151498584122
decision_type=2 8 10 10 10 2
left_child=1 2 -1 4 5 -3
right_child=-2 3 -4 -5 -6 -7
leaf_value=-0.00082601619512722227 0.00031319540831852298 0.0012738854204754303 0.0013357150091756933 0.00055278454185527664 -0.0016788237412901062 -0.00073742609686888532
leaf_weight=140.68071764381602 1332.6322016836348 72.04375460522715 188.40470078517683 132.05008668813389 165.95529617741704 290.9617886939086
leaf_count=2921 14723 821 3168 1911 1588 3363
internal_value=9.72064e-05 -0.000193731 0.00041449 -0.0004982 -0.000765957 -0.000314802
internal_weight=2322.73 990.096 329.085 661.011 528.961 363.006
internal_count=28495 13772 6089 7683 5772 4184
is_linear=0
shrinkage=0.03


Tree=251
num_leaves=7
num_cat=0
split_feature=3 30 30 33 6 10
split_gain=0.163733 0.269704 0.234657 0.231961 0.26507 0.25023
threshold=-0.052429155651936322 3.2013901472091679 -1.5400187373161314 0.56422115862369548 -0.020968312555197492 0.066216755432685112
decision_type=2 10 8 10 2 2
left_child=-1 2 -2 4 -4 -6
right_child=1 -3 3 -5 5 -7
leaf_value=-0.00014244522919099693 -9.0341600540213445e-05 -0.0011088403848462847 -9.59924246863457e-05 -0.00010305702720563474 0.0033583017226708981 -0.00017977617427596457
leaf_weight=1881.3815988583665 146.60673742520157 68.878920810529962 38.365090378792956 61.155017493059859 90.73202622809913 20.706229133298621
leaf_count=23806 1881 576 429 589 864 199
internal_value=-2.16746e-05 0.000502196 0.000834259 0.00145182 0.00205331 0.00274023
internal_weight=2307.83 426.444 357.565 210.958 149.803 111.438
internal_count=28344 4538 3962 2081 1492 1063
is_linear=0
shrinkage=0.03


Tree=252
num_leaves=7
num_cat=0
split_feature=3 28 26 29 26 23
split_gain=0.203361 0.185013 0.257349 0.217048 0.197898 0.190989
threshold=-0.30325888206374413 2.3097722530364995 2.2576216459274296 -4.6581373214721671 -7.4371142387390128 1.0000000180025095e-35
decision_type=2 10 10 10 8 2
left_child=-1 4 5 -4 -2 -3
right_child=1 2 3 -5 -6 -7
leaf_value=-0.00099649879919053402 0.0024180801173468132 0.0016656577213710214 0.0010977437978843309 -0.0020210989661705293 -0.00010057870235240234 -8.0538899110707822e-05
leaf_weight=168.96431719404063 18.52333825698588 174.64026871835813 24.790431147441268 41.475570038892329 1807.6966590120865 79.864882195484824
leaf_count=2771 315 1584 236 336 22469 668
internal_value=-2.48173e-05 5.59176e-05 0.000708839 -0.000863376 -6.20023e-05 0.00113536
internal_weight=2315.96 2146.99 320.771 66.266 1826.22 254.505
internal_count=28379 25608 2824 572 22784 2252
is_linear=0
shrinkage=0.03


Tree=253
num_leaves=7
num_cat=0
split_feature=31 26 28 22 5 23
split_gain=0.152326 0.174211 0.271195 0.232494 0.208945 0.202749
threshold=4.4362272322177896 2.2999253273010258 2.5651172399520878 -0.260387911419313 -0.098588716595608486 0.029841192091642824
decision_type=10 10 10 2 2 2
left_child=1 2 3 -1 -3 -4
right_child=-2 4 5 -5 -6 -7
leaf_value=0.0021551958073975745 0.00037573614651147558 0.0010130505675210377 0.0016258536455975088 -0.00026673860014688936 -0.0015740228822268948 -0.00039463176779698956
leaf_weight=26.916422093752772 855.54825063492171 28.216846262104809 131.55168557865545 1105.3303581808577 122.65249835141003 60.452606176026165
leaf_count=356 13450 264 1131 11785 1056 492
internal_value=5.96134e-05 -0.000125029 -1.1692e-05 -0.000190799 -0.00105727 0.00100166
internal_weight=2330.67 1475.12 1324.25 1132.25 150.869 192.004
internal_count=28534 15084 13764 12141 1320 1623
is_linear=0
shrinkage=0.03


Tree=254
num_leaves=7
num_cat=0
split_feature=5 1 10 9 31 2
split_gain=0.130122 0.194146 0.16593 0.319253 0.293256 0.159638
threshold=1.0000000180025095e-35 0.095387891846403505 -0.015022635631142726 0.059698667393870537 2.7869844867382203 -0.089075430262771635
decision_type=2 2 2 2 10 2
left_child=-1 2 3 5 -5 -2
right_child=1 -3 -4 4 -6 -7
leaf_value=-0.00016589942698090246 -0.0019454482227432405 -0.0011547691476785807 0.0010390309758489705 0.0036758299932578556 -0.00065396820304818265 0.00010409767140153301
leaf_weight=1827.4233315931197 57.280480138113489 56.01637709455099 271.94020932493731 21.832562866038643 20.628523882594891 67.616202977718785
leaf_count=23171 772 490 2795 184 245 762
internal_value=-4.88467e-05 0.000377747 0.000594515 -0.000145638 0.00184863 -0.000910408
internal_weight=2322.74 495.314 439.298 167.358 42.4611 124.897
internal_count=28419 5248 4758 1963 429 1534
is_linear=0
shrinkage=0.03


Tree=255
num_leaves=7
num_cat=0
split_feature=14 17 14 8 4 7
split_gain=0.144659 0.144621 0.169467 0.223084 0.248854 0.13777
threshold=0.028209123971929886 1.5000000000000002 0.35654786167880476 0.011814888758949394 -0.11308714107631464 -0.10750770994707606
decision_type=2 2 2 2 2 2
left_child=-1 2 5 -4 -5 -2
right_child=1 -3 3 4 -6 -7
leaf_value=-0.0011061081550366029 -0.00069906604844736865 -0.00089537283274536167 0.00051473766469526457 -2.5174320886780878e-05 -0.0028377905086559301 0.00029647830068863559
leaf_weight=84.976574849963072 124.8850449565798 116.90909699909389 73.499615579843521 52.506064981222153 51.903500914573669 1821.6682806331664
leaf_count=6417 1752 1374 308 219 216 18180
internal_value=4.10079e-05 8.92181e-05 0.000147341 -0.000714506 -0.00154919 0.000229361
internal_weight=2326.35 2241.37 2124.46 177.909 104.41 1946.55
internal_count=28466 22049 20675 743 435 19932
is_linear=0
shrinkage=0.03


Tree=256
num_leaves=7
num_cat=0
split_feature=24 37 3 35 26 24
split_gain=0.188721 0.234456 0.241531 0.189878 0.186632 0.228733
threshold=7.5000000000000009 5.0823717946773064 -0.24368037027907169 -5.5396608859300605 -4.1753840446472159 2.5000000000000004
decision_type=2 10 2 8 8 2
left_child=3 2 -2 -1 5 -5
right_child=1 -3 -4 4 -6 -7
leaf_value=0.0017701715119480871 -0.0013389583451534205 -0.0017100060015005046 0.0018263498853414305 -0.0021013002744591919 -6.1762501085736932e-05 0.00031008747313070688
leaf_weight=38.008022672787774 18.372758614830673 17.516300244256854 124.24951474386035 80.73575164884096 1977.9342603001714 54.29993595322594
leaf_count=581 315 156 1606 1140 23874 731
internal_value=-2.08426e-05 0.000941254 0.00135758 -9.64942e-05 -0.000138252 -0.00117712
internal_weight=2311.12 160.139 142.622 2150.98 2112.97 135.036
internal_count=28403 2077 1921 26326 25745 1871
is_linear=0
shrinkage=0.03


Tree=257
num_leaves=7
num_cat=0
split_feature=28 14 12 21 10 9
split_gain=0.145973 0.256619 0.283725 0.209683 0.308923 0.301165
threshold=-3.0099426507949825 0.21726370230483844 0.01995176024310941 1.0000000180025095e-35 0.020893486032914688 -0.030462954934919777
decision_type=10 2 2 2 2 2
left_child=1 2 -1 5 -5 -4
right_child=-2 -3 3 4 -6 -7
leaf_value=-0.00028899133736483154 7.0783396091579789e-06 -0.0008994113613299097 -0.00024349682624930444 -0.00052575577584276464 0.0024017105020791422 0.0037063173845785758
leaf_weight=95.334083461610135 1968.4275084995315 68.938598021864891 21.536634443327785 69.926508631557226 46.297694835811853 60.060721604153514
leaf_count=3522 22684 336 219 714 455 559
internal_value=0.000110122 0.000655044 0.0010382 0.00166093 0.000738281 0.00275104
internal_weight=2330.52 362.094 293.156 197.822 116.224 81.5974
internal_count=28489 5805 5469 1947 1169 778
is_linear=0
shrinkage=0.03


Tree=258
num_leaves=7
num_cat=0
split_feature=2 11 36 2 36 9
split_gain=0.148423 0.266061 0.297282 0.30347 0.286134 0.223778
threshold=-0.05645328161161102 -0.0066726428388419632 1.4840809576689997 0.027822040756608081 0.94579491448544328 0.053898380705621203
decision_type=2 2 10 2 10 2
left_child=-1 4 3 -3 -2 -5
right_child=1 2 -4 5 -6 -7
leaf_value=0.00017976468758881074 0.0019633111052944846 -0.0015674535572606733 0.0007887940107770997 -0.00072329161963570465 -0.0013486961329750801 0.0015611520551800217
leaf_weight=1732.2613425416348 68.971851461217739 266.88359866358223 98.744211221346632 96.512884234049125 25.23037068778649 50.575159514351981
leaf_count=21469 756 3329 1036 1131 280 531
internal_value=3.83241e-05 -0.000361745 -0.000632654 -0.000982318 0.00103195 0.000111575
internal_weight=2339.18 606.918 512.716 413.972 94.2022 147.088
internal_count=28532 7063 6027 4991 1036 1662
is_linear=0
shrinkage=0.03


Tree=259
num_leaves=7
num_cat=0
split_feature=35 22 4 22 31 28
split_gain=0.141255 0.137637 0.174902 0.162817 0.131088 0.202714
threshold=-5.8023672352234517 -0.16251717978601601 0.015215615222282009 -0.1378965282686028 4.4362272322177896 0.44573460519313818
decision_type=8 2 2 2 10 8
left_child=-1 2 -2 -3 5 -5
right_child=1 3 -4 4 -6 -7
leaf_value=0.0017066342034687911 -0.0010251419388423086 0.0015615166002246098 0.0017409370822997431 -0.00069100747259184781 0.00031563817940419146 9.1956207354161116e-05
leaf_weight=33.051414801913779 186.29892887279857 51.892389121640008 13.884176441904854 447.58328289823839 739.7338198357902 845.65921220293967
leaf_count=515 2768 715 163 4747 11209 8292
internal_value=4.12349e-06 -2.78308e-05 -0.000759592 4.57214e-05 -4.23732e-07 -0.000182246
internal_weight=2318.1 2285.05 200.183 2084.87 2032.98 1293.24
internal_count=28409 27894 2931 24963 24248 13039
is_linear=0
shrinkage=0.03


Tree=260
num_leaves=7
num_cat=0
split_feature=11 20 37 2 31 22
split_gain=0.189048 0.343737 0.147667 0.146526 0.146169 0.185495
threshold=0.11129591335915441 -0.001310291497256366 -0.13891735732969315 -0.11607818977133898 0.13974016904830935 -0.16454758628043273
decision_type=2 2 10 2 8 2
left_child=4 2 -2 -3 -1 -6
right_child=1 3 -4 -5 5 -7
leaf_value=-0.00061780756509477789 -0.0025891653382287458 -9.3820843770356868e-05 0.00051831385260043498 0.0026425771047025493 -0.00095106762910531894 9.6183378634452307e-05
leaf_weight=418.24192222370766 17.594596979179187 22.123308074660599 22.000812405021861 65.207726157037541 157.76172521983972 1633.1486352507345
leaf_count=3561 248 271 213 628 2492 21101
internal_value=-5.33709e-05 0.00102878 -0.00110616 0.00201096 -0.000119902 -8.37998e-07
internal_weight=2336.08 126.926 39.5954 87.331 2209.15 1790.91
internal_count=28514 1360 461 899 27154 23593
is_linear=0
shrinkage=0.03


Tree=261
num_leaves=7
num_cat=0
split_feature=9 30 5 12 34 7
split_gain=0.141725 0.131775 0.131003 0.219993 0.332301 0.421919
threshold=0.20620103298965517 -0.31533697247505182 -0.0072937578581972586 1.2906102384536788 2.6441293607155489 0.043311325988481371
decision_type=2 10 2 2 8 2
left_child=2 -2 -1 -4 5 -5
right_child=1 -3 3 4 -6 -7
leaf_value=0.00014409262261665069 0.0022500294064954933 -0.00047755980537768475 -7.4063439795337598e-05 0.000704696995859876 -0.0027501970768904517 -0.0017972790288684393
leaf_weight=1082.572293113888 34.667707680317108 20.140608757617883 899.98149608841049 127.71244216710329 64.817133918404579 99.279676988720894
leaf_count=12998 479 207 13249 674 319 498
internal_value=-5.51381e-05 0.00132868 -9.41563e-05 -0.00030997 -0.00101098 -0.000419257
internal_weight=2329.17 54.8083 2274.36 1191.79 291.809 226.992
internal_count=28424 686 27738 14740 1491 1172
is_linear=0
shrinkage=0.03


Tree=262
num_leaves=7
num_cat=0
split_feature=28 25 30 35 5 5
split_gain=0.192769 0.286958 0.218304 0.295658 0.212643 0.206281
threshold=0.40760128200054174 0.89907671907406439 -2.7295287847518916 2.0026974621144213 -0.19583125604962334 -0.018520447117463264
decision_type=8 2 10 10 2 2
left_child=2 4 -1 -4 -2 -5
right_child=1 -3 3 5 -6 -7
leaf_value=0.00020612384619015308 -0.0015706266411636414 0.0024891374636559268 -0.0010211651392500163 -0.00078899455207268791 0.00029944627422729265 0.0014453603634328278
leaf_weight=519.93323537573451 47.563294928753749 42.192980850173626 427.66912111462443 54.631159260170534 1154.8191757422173 80.811663602857152
leaf_count=8675 618 507 5190 652 11946 954
internal_value=5.59831e-05 0.000309512 -0.000235524 -0.000639789 0.000213126 0.000551845
internal_weight=2327.62 1244.58 1083.05 563.112 1202.38 135.443
internal_count=28542 13071 15471 6796 12564 1606
is_linear=0
shrinkage=0.03


Tree=263
num_leaves=7
num_cat=0
split_feature=2 22 26 36 34 0
split_gain=0.14117 0.19783 0.116778 0.117658 0.548006 0.251385
threshold=-0.30088539937692255 -0.02724351083611452 -7.4371142387390128 1.2981803357877115 0.98673413073023164 0.12653497290257446
decision_type=2 2 8 10 10 2
left_child=1 -1 -2 -4 -5 -6
right_child=2 -3 3 4 5 -7
leaf_value=-0.0025581886720630401 0.0017894218697373271 -5.9810909976293338e-05 -8.9863751446234112e-05 0.001096648904471852 -0.0016477750982781039 0.00095449232822056719
leaf_weight=35.487748825049493 24.457555439730641 77.818653096997878 1701.6589281251654 340.2788917584403 118.40563344815746 37.739333084784448
leaf_count=901 379 1869 20292 3771 1108 296
internal_value=1.85027e-06 -0.000986313 5.64197e-05 2.91203e-05 0.000430699 -0.000999228
internal_weight=2335.85 113.306 2222.54 2198.08 496.424 156.145
internal_count=28616 2770 25846 25467 5175 1404
is_linear=0
shrinkage=0.03


Tree=264
num_leaves=7
num_cat=0
split_feature=14 30 28 31 30 3
split_gain=0.142705 0.166619 0.216054 0.270945 0.236647 0.228307
threshold=0.024778606825940391 -4.5000259876251212 0.1359570845961571 1.0388142168521883 0.28222244977951055 -0.31493732643588251
decision_type=2 10 10 10 10 2
left_child=-1 -2 3 -3 -5 -4
right_child=1 2 5 4 -6 -7
leaf_value=-0.0012731082756738141 0.0004496026654608583 -0.0018289325172958148 -0.0015202762916039609 0.00023253388919653492 -0.0011776885986176662 0.00024035997586375839
leaf_weight=67.992990958999144 614.17300698161125 115.03943727910519 60.955804636701941 309.21377526409924 151.84639343991876 1009.214603587985
leaf_count=5806 6961 989 655 3523 1626 8976
internal_value=-1.1385e-05 3.20072e-05 -0.000125559 -0.000588749 -0.000247053 0.00012693
internal_weight=2328.44 2260.44 1646.27 576.1 461.06 1070.17
internal_count=28536 22730 15769 6138 5149 9631
is_linear=0
shrinkage=0.03


Tree=265
num_leaves=7
num_cat=0
split_feature=28 10 35 2 10 12
split_gain=0.178701 0.33386 0.240774 0.321745 0.31462 0.388273
threshold=0.5529184639453889 -0.13167212107272711 1.6621941099209447 -0.15815581402044174 0.023115862249385243 0.75054782878036275
decision_type=8 2 10 2 2 2
left_child=-1 -2 3 -3 5 -5
right_child=1 2 -4 4 -6 -7
leaf_value=-0.00024044887003614462 0.0031165360394203451 -0.00051563432745834197 -0.00055229995802370975 0.0012561737409642389 0.0015693519040861743 -0.00059733832921089649
leaf_weight=1167.8772667658195 26.250074070238043 228.98764863965334 286.83245988655835 172.53070722700795 256.6826858241111 220.48859480023384
leaf_count=16435 320 2959 2718 2561 2438 1314
internal_value=2.22456e-05 0.000279532 0.000189668 0.000435359 0.000773273 0.000227311
internal_weight=2359.65 1191.77 1165.52 878.69 649.702 393.019
internal_count=28745 12310 11990 9272 6313 3875
is_linear=0
shrinkage=0.03


Tree=266
num_leaves=7
num_cat=0
split_feature=14 7 23 22 8 3
split_gain=0.175478 0.321634 0.333386 0.311631 0.274515 0.269463
threshold=0.2442724207889182 0.080038217529307953 -0.29108432140184476 0.070529915962001033 0.004217923916756656 -0.12939236358380568
decision_type=2 2 2 2 2 2
left_child=-1 2 -2 4 -4 -6
right_child=1 -3 3 -5 5 -7
leaf_value=0.0001345553673332492 -0.0017778789063211894 -0.0017022878463929902 0.0018625282780502651 -0.0014871828841450184 -0.0010165536401312346 0.0013492983237162076
leaf_weight=1799.9166232975258 70.335923001170158 132.88043242692947 113.05237780511379 56.636689320206642 93.319916069507599 64.623531997203827
leaf_count=26018 340 594 537 263 437 295
internal_value=-7.1645e-06 -0.000481289 -4.18679e-05 0.000372437 0.000800182 -2.5847e-05
internal_weight=2330.77 530.849 397.968 327.633 270.996 157.943
internal_count=28484 2466 1872 1532 1269 732
is_linear=0
shrinkage=0.03


Tree=267
num_leaves=7
num_cat=0
split_feature=29 28 36 30 24 12
split_gain=0.143478 0.142996 0.13219 0.131565 0.130546 0.216664
threshold=7.5930829048156747 4.2957904338836679 -0.033619407389470689 -10.128491401672362 7.5000000000000009 1.1328809768349075
decision_type=10 10 10 10 2 2
left_child=1 4 -3 -2 -1 -6
right_child=3 2 -4 -5 5 -7
leaf_value=-4.6011402811652412e-05 0.00026630962233562515 -0.00024443901368760481 0.0024491493098135956 -0.0024935474046443077 0.0014404335707187889 -0.00097610079416257873
leaf_weight=2062.0099224613077 23.214264780515805 24.100240684812889 32.181363179348409 28.291113512124866 117.11515043233521 37.36992010474205
leaf_count=25415 341 223 268 250 1821 209
internal_value=2.13619e-05 5.97956e-05 0.00143287 -0.00140858 1.86513e-05 0.00083207
internal_weight=2324.28 2272.78 56.2816 51.5054 2216.49 154.485
internal_count=28527 27936 491 591 27445 2030
is_linear=0
shrinkage=0.03


Tree=268
num_leaves=7
num_cat=0
split_feature=28 14 7 14 11 23
split_gain=0.218136 0.214969 0.176844 0.316907 0.251791 0.207185
threshold=4.1199619770050058 0.2239656392350555 0.081556182558951265 0.15789183885710947 -0.037203495859490364 0.54077549956998283
decision_type=10 2 2 2 2 2
left_child=2 -2 5 -4 -5 -1
right_child=1 -3 3 4 -6 -7
leaf_value=0.00011144604110417011 0.00020042516520206707 0.0033446086432397113 0.00037304559186712857 0.00066900977969497225 -0.0016883994003198503 0.0019484982239227375
leaf_weight=1771.7082899891975 45.596741466084495 26.203357860445976 199.50123891994008 45.427005723118782 189.25130998343229 47.111572343914304
leaf_count=23093 494 118 2885 238 977 616
internal_value=9.46095e-05 0.00161649 3.91803e-05 -0.000497954 -0.00122338 0.000169424
internal_weight=2324.8 71.8001 2253 434.18 234.678 1818.82
internal_count=28421 612 27809 4100 1215 23709
is_linear=0
shrinkage=0.03


Tree=269
num_leaves=7
num_cat=0
split_feature=10 23 28 35 14 35
split_gain=0.170513 0.182843 0.14181 0.315807 0.287848 0.262485
threshold=0.16461128287468021 0.62378312966976102 1.2180684208869936 2.6500105390118232 0.1343478740169374 0.64271493181808015
decision_type=2 2 8 10 2 8
left_child=1 2 3 -1 -4 -6
right_child=-2 -3 4 -5 5 -7
leaf_value=-0.00040789685458574515 -0.0021798470619525385 0.0012562396114904181 0.00095050407766366176 0.00083210529002712534 0.00061255719432573021 -0.00071035230471273674
leaf_weight=1129.2445290346077 21.457815310801379 96.790200614894275 339.54986761388136 211.04984345193952 223.87159211933613 309.99989270418882
leaf_count=15601 219 1095 5912 2611 1267 1784
internal_value=1.40988e-05 4.37802e-05 -1.4643e-05 -0.000207923 0.000280948 -0.000154546
internal_weight=2331.96 2310.51 2213.72 1340.29 873.421 533.871
internal_count=28489 28270 27175 18212 8963 3051
is_linear=0
shrinkage=0.03


Tree=270
num_leaves=7
num_cat=0
split_feature=27 28 35 29 5 5
split_gain=0.148294 0.144731 0.348148 0.313857 0.382447 0.315182
threshold=2.6909512281417851 1.5057864189147951 2.9208446667840087 -4.7076864242553702 -0.033822576187379619 -1.0000000180025095e-35
decision_type=10 10 10 10 2 2
left_child=1 -1 3 4 -3 -5
right_child=-2 2 -4 5 -6 -7
leaf_value=-0.00013621891228581573 -0.00098803195355877263 -0.00010393089983328719 -0.0014640583491981999 0.0010672596147811245 0.0030113661854125921 -0.0007400892797866733
leaf_weight=1656.255316349474 134.98799875722034 55.54912551556481 66.594860324345063 168.78509068721905 85.031224644160829 159.28089872491546
leaf_count=21886 1590 561 617 1524 843 1446
internal_value=-5.88402e-05 2.62255e-06 0.000426874 0.000720549 0.00185523 0.000193829
internal_weight=2326.48 2191.5 535.241 468.646 140.58 328.066
internal_count=28467 26877 4991 4374 1404 2970
is_linear=0
shrinkage=0.03


Tree=271
num_leaves=7
num_cat=0
split_feature=35 26 4 7 12 31
split_gain=0.156832 0.175892 0.244324 0.341339 0.268102 0.332868
threshold=5.4612777573197642 2.2174268960952763 -0.10532556869512101 0.048473088814314592 1.0111131108080695 10.327521786093714
decision_type=10 8 2 2 2 8
left_child=1 -1 -3 4 5 -4
right_child=-2 2 3 -5 -6 -7
leaf_value=0.00013589012753420458 0.0016917736159013273 -0.0010194295721322093 -0.0012903346101610603 0.0016785720983210511 -0.0020171991403805747 0.0016083568620278124
leaf_weight=1704.831937411509 39.321808311156929 313.50658580899471 56.455612441524863 83.848392551008146 59.786513946950436 67.357588107668562
leaf_count=21140 418 3843 808 830 338 1106
internal_value=1.80311e-05 -1.80055e-05 -0.000464275 0.000199773 -0.000527401 0.000288975
internal_weight=2325.11 2285.79 580.955 267.448 183.6 123.813
internal_count=28483 28065 6925 3082 2252 1914
is_linear=0
shrinkage=0.03


Tree=272
num_leaves=7
num_cat=0
split_feature=27 29 11 35 0 11
split_gain=0.149099 0.189579 0.141192 0.121301 0.142182 0.222115
threshold=2.51499354839325 -4.6581373214721671 0.048971851386720423 -5.8023672352234517 -0.053351463142832671 -1.0000000180025095e-35
decision_type=10 10 2 8 2 2
left_child=3 -2 -3 -1 -5 -6
right_child=1 2 -4 4 5 -7
leaf_value=0.0016620830004884873 0.00020604680535045403 -0.0023911902458188454 0.00039189947067294807 -0.00028713893639689041 0.00073252538936670157 -4.2891386134561195e-05
leaf_weight=33.576296744286083 79.940291709324811 61.011446069576778 18.032021503662691 695.15704263289808 505.10312744695693 934.81403605715604
leaf_count=505 1002 691 196 9941 5598 10568
internal_value=2.84334e-05 -0.000830164 -0.00178358 9.48987e-05 6.26196e-05 0.00023229
internal_weight=2327.63 158.984 79.0435 2168.65 2135.07 1439.92
internal_count=28501 1889 887 26612 26107 16166
is_linear=0
shrinkage=0.03


Tree=273
num_leaves=7
num_cat=0
split_feature=14 27 22 6 3 33
split_gain=0.236719 0.30152 0.176435 0.20735 0.185843 0.275468
threshold=0.39316636867906257 2.170499989185811e-14 0.14608050115648616 0.016348715698916768 -0.05711566095057282 0.54390178124109922
decision_type=2 10 2 2 2 10
left_child=2 -2 3 -1 -5 -6
right_child=1 -3 -4 4 5 -7
leaf_value=-0.00040058997091042885 -0.0025900689208600185 0.00011230812998744932 0.00087923737179587929 4.2833354297416907e-05 0.0019279313666818786 -0.00058346105713983579
leaf_weight=907.90389779429825 63.292281866073608 73.76286256313324 184.49893933255225 947.30068926874083 108.44983924116241 53.11616476951167
leaf_count=12963 262 305 2437 10988 1060 481
internal_value=-6.15654e-05 -0.00122692 1.62121e-05 -6.6688e-05 0.000207837 0.00111641
internal_weight=2338.32 137.055 2201.27 2016.77 1108.87 161.566
internal_count=28496 567 27929 25492 12529 1541
is_linear=0
shrinkage=0.03


Tree=274
num_leaves=7
num_cat=0
split_feature=37 8 36 28 34 11
split_gain=0.164934 0.305794 0.196802 0.255212 0.319482 0.188521
threshold=2.152637738155935 0.23216899988254566 1.5582094863702209 2.0158771276474003 -3.3980310031523304 -0.075445754850262448
decision_type=8 2 10 10 10 2
left_child=2 -2 3 5 -5 -1
right_child=1 -3 -4 4 -6 -7
leaf_value=0.0010917156021950758 -0.00027261926035807731 0.0024851116097155627 0.0011488471291125767 -0.00098858858219868151 0.0019194136484227613 -0.00019676877035159339
leaf_weight=106.69461723061977 1012.1975441446993 27.560082541021984 209.43237290822435 38.468223265954293 124.91552489774767 813.2318039580714
leaf_count=1764 10072 249 2625 480 1293 12023
internal_value=0.000103829 -0.000176545 0.000328959 0.000161395 0.00121721 -3.71954e-05
internal_weight=2332.5 1039.76 1292.74 1083.31 163.384 919.926
internal_count=28506 10321 18185 15560 1773 13787
is_linear=0
shrinkage=0.03


Tree=275
num_leaves=7
num_cat=0
split_feature=25 28 26 31 29 3
split_gain=0.165795 0.186554 0.1871 0.168426 0.214614 0.167113
threshold=-0.21701340830397872 0.23663273453712466 0.49525988101959234 0.26198416948318487 -1.2643061876296995 -0.11746464310064751
decision_type=2 10 10 10 10 2
left_child=1 5 3 4 -3 -1
right_child=-2 2 -4 -5 -6 -7
leaf_value=0.000448692443784875 -0.00010825584173934589 -0.0014413329886809772 9.1446208092594119e-05 0.002473631453497768 0.0016320322238996155 -0.0010926647759698573
leaf_weight=175.15376165191992 1809.8660088741308 24.816371253225952 114.06993026961572 88.216748395178001 40.577343067387119 86.259052343375515
leaf_count=2780 21771 209 1173 1097 346 1146
internal_value=2.8756e-05 0.000490746 0.00103234 0.00168274 0.000429238 -8.14323e-05
internal_weight=2338.96 529.093 267.68 153.61 65.3937 261.413
internal_count=28522 6751 2825 1652 555 3926
is_linear=0
shrinkage=0.03


Tree=276
num_leaves=7
num_cat=0
split_feature=30 2 30 28 25 12
split_gain=0.128318 0.271699 0.198159 0.235214 0.168386 0.159088
threshold=5.3939504623413095 -0.14208661276665036 4.5884289741516122 0.98438933491706859 -0.14185284691659591 2.2216852716862254
decision_type=10 2 10 10 2 2
left_child=2 -2 5 -4 -3 -1
right_child=1 4 3 -5 -6 -7
leaf_value=1.2911423472156466e-05 -0.0026014861918776735 0.0019553772433743457 -0.00074349845165851201 0.0026731659456914231 -0.00067293530871730004 0.0014214167145611991
leaf_weight=2059.9347724503023 39.585147047764622 22.565292770508677 21.639743410050869 45.173069778829813 57.718572400975972 64.799029275774956
leaf_count=26369 410 194 214 395 510 279
internal_value=6.29449e-05 -0.000853844 0.00011674 0.00161383 0.000200559 6.23246e-05
internal_weight=2311.42 119.869 2191.55 66.8128 80.2839 2124.73
internal_count=28371 1114 27257 609 704 26648
is_linear=0
shrinkage=0.03


Tree=277
num_leaves=7
num_cat=0
split_feature=7 14 29 26 0 8
split_gain=0.184969 0.444706 0.306908 0.203993 0.20171 0.507304
threshold=0.081556182558951265 0.10786888036898733 0.37536107003688818 0.40298479795455938 0.0099882119199677395 0.24369466430901995
decision_type=2 2 10 8 2 2
left_child=4 3 -3 -2 5 -1
right_child=1 2 -4 -5 -6 -7
leaf_value=-0.00025515648536908941 -0.00026960832443228649 -0.0017276557939477626 0.00032152506503182793 0.0020248751158019563 0.00052305397602841184 0.0037575232841550398
leaf_weight=1357.9837981082965 69.77315639378503 249.04744344204664 84.411918304860592 55.85988425166579 503.0738911794615 18.975270004651975
leaf_count=18556 1351 1470 493 994 5466 217
internal_value=-0.000117979 -0.000650913 -0.00121467 0.000824656 1.49154e-05 -0.000173166
internal_weight=2339.13 459.092 333.459 125.633 1880.03 1376.96
internal_count=28547 4308 1963 2345 24239 18773
is_linear=0
shrinkage=0.03


Tree=278
num_leaves=7
num_cat=0
split_feature=9 27 27 6 25 9
split_gain=0.186569 0.239376 0.180311 0.220379 0.176118 0.211478
threshold=0.10632669663453077 -0.74368548393249501 0.061034044250845916 0.080668181854703994 -0.21701340830397872 0.087624315960664903
decision_type=2 10 10 2 2 2
left_child=4 -2 3 -3 -1 -6
right_child=1 2 -4 -5 5 -7
leaf_value=0.00030458379163091293 0.0020263086974331604 -0.001886253243215514 0.00068847800921237529 0.00080669302060080452 -0.00027004432551859433 -0.0017455679798169372
leaf_weight=456.51574500356219 66.684404630505014 59.302299978618976 173.90304837026633 37.7879121247679 1438.0186761420337 83.715723969507962
leaf_count=5921 909 612 1735 333 18070 827
internal_value=-9.57447e-05 0.000545988 0.000122571 -0.00086069 -0.000207481 -0.000362084
internal_weight=2315.93 337.678 270.993 97.0902 1978.25 1521.73
internal_count=28407 3589 2680 945 24818 18897
is_linear=0
shrinkage=0.03


Tree=279
num_leaves=7
num_cat=0
split_feature=20 35 28 30 34 30
split_gain=0.150219 0.163564 0.225874 0.303303 0.319407 0.265874
threshold=-0.1649209121211356 2.6945338199536009 1.2180684208869936 -3.4966831207275386 1.4619909723599755 2.7197768688201909
decision_type=2 10 10 10 10 10
left_child=-1 2 5 -4 -5 -2
right_child=1 -3 3 4 -6 -7
leaf_value=-0.00072016237429405278 -0.00010681044391626939 0.00070622845991220374 -0.001442816121835757 0.0013183944483506663 -0.00025446580674337111 -0.0015389207565707722
leaf_weight=227.71270926645957 1133.3484973916202 304.67119547267794 56.457047760137357 296.50309353950433 182.62736298749223 120.32138969458174
leaf_count=3302 15440 3354 631 2948 1498 1270
internal_value=-5.33883e-06 7.5451e-05 -3.52847e-05 0.000475065 0.000725931 -0.000255348
internal_weight=2321.64 2093.93 1789.26 535.588 479.13 1253.67
internal_count=28443 25141 21787 5077 4446 16710
is_linear=0
shrinkage=0.03


Tree=280
num_leaves=7
num_cat=0
split_feature=28 15 7 24 30 37
split_gain=0.163614 0.256367 0.264272 0.169565 0.165028 0.2913
threshold=0.38737246394157415 1.5000000000000002 -0.016281289747916691 2.5000000000000004 0.23052542656660083 5.9173605220737286
decision_type=10 2 2 2 10 10
left_child=1 4 -3 -4 -1 -6
right_child=-2 2 3 -5 5 -7
leaf_value=0.00012114375873270797 0.00028713009839803567 0.00065890832916241601 -0.0028828851300564872 -0.00033686230388685963 -0.0011116278410877318 0.0021473191735762484
leaf_weight=915.08672141726129 1046.1634722259187 38.005110244383104 68.345909981348086 37.842188738402911 208.38819532105117 18.506726330611855
leaf_count=13262 10408 744 1015 458 2397 178
internal_value=1.00002e-05 -0.000215891 -0.00136418 -0.00208264 -6.03177e-05 -0.000766388
internal_weight=2332.34 1286.17 144.193 106.188 1141.98 226.895
internal_count=28462 18054 2217 1473 15837 2575
is_linear=0
shrinkage=0.03


Tree=281
num_leaves=7
num_cat=0
split_feature=0 23 26 7 14 35
split_gain=0.189919 0.155392 0.251612 0.186005 0.147392 0.146929
threshold=0.46586906684600954 0.70902891549459535 0.29533955454826361 0.13190552335520442 0.02868019551154518 -3.9946261004855228
decision_type=2 2 10 2 2 8
left_child=1 4 3 -3 -1 -6
right_child=-2 2 -4 -5 5 -7
leaf_value=-0.0012604424435885577 0.0018345990999167139 0.004019777843572667 -0.00069845803380372208 9.7864490950919672e-05 0.0009841735122686616 -9.7112347244961194e-05
leaf_weight=82.551672497778782 39.559372835268732 20.993370653886814 29.717285715101752 17.561087424110156 109.74300417676568 2033.2063404545188
leaf_count=6245 422 269 303 170 1137 19927
internal_value=-2.88661e-06 -4.24026e-05 0.00127176 0.00262146 -8.82257e-05 -3.74243e-05
internal_weight=2333.33 2293.77 68.2717 38.5545 2225.5 2142.95
internal_count=28473 28051 742 439 27309 21064
is_linear=0
shrinkage=0.03


Tree=282
num_leaves=7
num_cat=0
split_feature=31 5 10 3 28 30
split_gain=0.133175 0.213902 0.332733 0.300876 0.210981 0.186875
threshold=0.070073723793029799 -0.006584481714099452 0.034554986321640106 -0.16587677484293936 0.98438933491706859 1.7762413024902346
decision_type=8 2 2 2 10 10
left_child=1 3 -3 4 -1 -5
right_child=-2 2 -4 5 -6 -7
leaf_value=-0.00032719805435140446 0.00011906015144781279 -0.0018562738196776034 0.00051067567800566109 0.00027221881848030671 0.0029763569306137548 -0.0018761298350760964
leaf_weight=24.414755846140906 1901.5423572697036 149.76127358572558 74.913370257243514 92.772345561068505 38.115971846040338 47.868004867807031
leaf_count=259 24797 1265 621 777 340 350
internal_value=1.1007e-05 -0.000460982 -0.00107893 0.000240926 0.00181923 -0.000534992
internal_weight=2329.39 427.846 224.675 203.171 62.5307 140.64
internal_count=28409 3612 1886 1726 599 1127
is_linear=0
shrinkage=0.03


Tree=283
num_leaves=7
num_cat=0
split_feature=33 1 28 23 30 31
split_gain=0.122783 0.293629 0.272853 0.195124 0.193205 0.224221
threshold=-2.2345386780798431 -0.014956600104410715 2.6208504438400273 0.11270223571077249 -2.3217500448226924 -3.0940451323986049
decision_type=8 2 10 2 8 8
left_child=1 -1 3 -3 -2 -6
right_child=4 2 -4 -5 5 -7
leaf_value=0.00046268328784085789 0.00045032846470804006 -0.0024804879283636064 0.0010814221836624052 -5.7468086500183805e-05 0.0016998792922546344 -0.00025624183173705677
leaf_weight=125.99308340658899 618.56155092333211 109.46269220902468 27.332075065001845 40.546145695785526 44.947218385525048 1357.2634923460428
leaf_count=2119 9055 1450 219 445 341 14873
internal_value=-7.27578e-05 -0.00062533 -0.00138175 -0.00187009 1.28585e-05 -0.000181946
internal_weight=2324.11 303.334 177.341 150.009 2020.77 1402.21
internal_count=28502 4233 2114 1895 24269 15214
is_linear=0
shrinkage=0.03


Tree=284
num_leaves=7
num_cat=0
split_feature=5 1 29 30 31 8
split_gain=0.129712 0.157586 0.133607 0.214148 0.206849 0.23141
threshold=-0.17143440956543396 -0.09275982561641373 -4.6029348373413077 2.0655609369277959 2.6074642166495328 0.23216899988254566
decision_type=2 2 10 10 8 2
left_child=1 -1 4 -4 -2 -6
right_child=2 -3 3 -5 5 -7
leaf_value=0.00068865803838663749 0.0018677060236938722 -0.001436156327405674 2.9567100732029302e-05 -0.0010461884319671159 0.00010186674375886335 0.0028271296379945004
leaf_weight=36.880958268709946 64.929462758591399 100.82006688287947 1198.6999229629 183.32423134427518 723.19421091102413 19.219805909349816
leaf_count=769 572 1286 14373 1463 9738 248
internal_value=1.65022e-06 -0.000858965 5.94383e-05 -0.000119621 0.000363669 0.000209055
internal_weight=2327.07 137.701 2189.37 1382.02 807.343 742.414
internal_count=28449 2055 26394 15836 10558 9986
is_linear=0
shrinkage=0.03


Tree=285
num_leaves=7
num_cat=0
split_feature=7 20 14 10 5 0
split_gain=0.139289 0.303705 0.353832 0.350656 0.210373 0.216818
threshold=0.081556182558951265 0.01555683694556176 0.26325530413933823 0.0019365343558528788 0.0011665024186901464 0.12052974880660025
decision_type=2 2 2 2 2 2
left_child=4 2 -2 -3 5 -1
right_child=1 3 -4 -5 -6 -7
leaf_value=-0.00017217187468764045 -0.00034055134930300419 -0.0010382946014267798 -0.0025682061254730447 0.0020691670015227179 0.00074844040263005208 0.00091943179074125412
leaf_weight=1332.5547519568645 256.86959209950874 47.856483603594825 77.357736527919769 68.525464994949289 372.20401850561029 176.52686889161123
leaf_count=18134 2832 444 339 651 4150 2020
internal_value=5.79883e-06 -0.000462052 -0.000915777 0.000810323 0.00011971 -3.92681e-05
internal_weight=2331.89 450.609 334.227 116.382 1881.29 1509.08
internal_count=28570 4266 3171 1095 24304 20154
is_linear=0
shrinkage=0.03


Tree=286
num_leaves=7
num_cat=0
split_feature=3 9 14 3 6 14
split_gain=0.140125 0.188232 0.397251 0.153429 0.306416 0.229468
threshold=-0.32007951959472786 -0.12268658923562033 0.10074512176218835 -0.361344284130728 -1.0000000180025095e-35 0.093144148318063946
decision_type=2 2 2 2 2 2
left_child=3 2 -2 4 -1 -6
right_child=1 -3 -4 -5 5 -7
leaf_value=-0.0018745460552149294 -0.0011752813848748824 1.7543917049862986e-05 0.0031727426688190931 -0.0017020802903514422 -0.00084962638941630457 0.0031585928537251019
leaf_weight=27.465054329251871 24.134043392841704 2148.5475386656035 38.630413182079792 76.710329832014395 15.229220433539011 23.595301114022732
leaf_count=592 703 25352 271 1145 476 180
internal_value=7.99582e-06 6.84479e-05 0.0015691 -0.000870193 0.00018939 0.00173434
internal_weight=2354.31 2211.31 62.7645 143 66.2896 38.8245
internal_count=28719 26326 974 2393 1248 656
is_linear=0
shrinkage=0.03


Tree=287
num_leaves=7
num_cat=0
split_feature=2 33 6 35 29 27
split_gain=0.151478 0.190751 0.249947 0.295031 0.248923 0.245377
threshold=-0.19311438320140856 -2.4166255990664163 -0.013297991454333502 0.27528116852045065 -0.60808563232421864 -2.1985000185100169e-14
decision_type=2 8 2 8 8 10
left_child=-1 4 3 -3 5 -2
right_child=1 2 -4 -5 -6 -7
leaf_value=-0.00056695371805104205 0.0015936361771450224 0.00045515210778591838 0.00041913222490922824 -0.00092717587532356702 -0.001906629499182874 -0.00089096876623870737
leaf_weight=408.20164364369703 49.114676253302605 231.22055361091043 1159.5312832500495 321.33095022942871 86.898880810302217 80.690840476221638
leaf_count=7161 739 2987 11911 3781 1040 896
internal_value=-4.92838e-05 6.26333e-05 0.000170014 -0.000350919 -0.000755811 9.58802e-05
internal_weight=2336.99 1928.79 1712.08 552.552 216.704 129.806
internal_count=28515 21354 18679 6768 2675 1635
is_linear=0
shrinkage=0.03


Tree=288
num_leaves=7
num_cat=0
split_feature=31 3 6 12 35 26
split_gain=0.152357 0.31634 0.230201 0.263863 0.205013 0.217057
threshold=4.4362272322177896 -0.2184504760636512 0.28136000540686673 1.6058927959201512 -1.2077290101291294 -1.9651166796684263
decision_type=10 2 2 2 10 10
left_child=2 -2 -1 -4 -3 -6
right_child=1 4 3 -5 5 -7
leaf_value=-0.00034034633858240798 -0.00084992766750468705 0.0016079750529673349 0.001431411589888878 -0.0012136000893526169 -0.0020111861069307397 0.00045444675152029121
leaf_weight=1314.2736891317181 165.49116535420762 129.6263581009116 129.66996574122459 36.425149761140347 24.319618537439965 536.94915496744215
leaf_count=13777 3410 2352 1229 166 398 7280
internal_value=-2.22567e-05 0.000294207 -0.000206075 0.000815375 0.00057648 0.000314276
internal_weight=2336.76 856.386 1480.37 166.095 690.895 561.269
internal_count=28612 13440 15172 1395 10030 7678
is_linear=0
shrinkage=0.03


Tree=289
num_leaves=7
num_cat=0
split_feature=24 34 3 28 1 2
split_gain=0.19805 0.137124 0.184518 0.132276 0.125342 0.121514
threshold=7.5000000000000009 0.61000001430511486 -0.18287393827697382 0.018558726646006111 -0.08888585604797998 -0.019326247118881885
decision_type=2 10 2 8 2 2
left_child=5 2 4 -4 -2 -1
right_child=1 -3 3 -5 -6 -7
leaf_value=-2.6368805690008842e-05 -0.001969941428585492 -0.00046261304624187107 0.0005364700314606372 0.0030657290712618399 0.00089378368107727486 -0.00061734459630786867
leaf_weight=1810.6621356824471 12.689965816796756 42.224776973482221 35.35093336564023 46.29100510122953 25.416262694343459 368.86539781637839
leaf_count=22064 284 434 507 536 335 4480
internal_value=-5.19669e-05 0.000928629 0.00141704 0.00214861 -0.000271138 -0.000128749
internal_weight=2341.5 161.973 119.748 81.6419 38.1062 2179.53
internal_count=28640 2096 1662 1043 619 26544
is_linear=0
shrinkage=0.03


Tree=290
num_leaves=7
num_cat=0
split_feature=29 0 3 27 10 12
split_gain=0.160451 0.272846 0.221154 0.211082 0.205592 0.237481
threshold=1.4303988814353945 0.20669636224476232 -0.21297895271827832 0.37318232655525213 -0.13167212107272711 0.85347191826357749
decision_type=10 2 2 10 2 2
left_child=4 2 3 -2 5 -1
right_child=1 -3 -4 -5 -6 -7
leaf_value=-0.00026067842516705491 0.0026896791014916393 0.0022801972100633771 -0.00022252475194604713 -0.00055434322314258384 -0.00019656393990747845 0.0036292214722621675
leaf_weight=26.366165832849219 41.698150545416865 55.75271194713423 275.28268025949365 23.223240022431128 1894.6966191360843 17.633773364126682
leaf_count=581 622 535 2883 283 23587 108
internal_value=-3.26293e-05 0.000510106 0.000163196 0.00161015 -0.000145526 0.00168165
internal_weight=2334.65 395.957 340.204 64.9214 1938.7 43.9999
internal_count=28599 4323 3788 905 24276 689
is_linear=0
shrinkage=0.03


Tree=291
num_leaves=7
num_cat=0
split_feature=28 10 14 1 5 20
split_gain=0.159019 0.258076 0.253579 0.185742 0.230326 0.264157
threshold=3.8115005493164067 -0.069946489822721683 0.12741905885896335 -0.013980800750291447 0.03711425994816487 0.057367432125314068
decision_type=8 2 2 2 2 2
left_child=-1 2 -2 -3 5 -5
right_child=1 3 -4 4 -6 -7
leaf_value=-6.5248874953728673e-05 0.0008916460755201039 -0.00061365144562075557 -0.0032814934712179634 0.002072745809115708 -0.0009874792867052729 -0.00088653347890135022
leaf_weight=2015.8944543502294 18.122697146900464 48.8179385534022 18.335293553769588 175.12106581311673 27.464309101458639 26.048274107743055
leaf_count=24947 398 575 112 1949 258 264
internal_value=3.35789e-05 0.000650661 -0.00146168 0.000969422 0.00131899 0.00166573
internal_weight=2329.8 313.91 36.458 277.452 228.634 201.169
internal_count=28503 3556 510 3046 2471 2213
is_linear=0
shrinkage=0.03


Tree=292
num_leaves=7
num_cat=0
split_feature=8 5 33 4 36 36
split_gain=0.133211 0.123645 0.25737 0.31415 0.231972 0.199122
threshold=-0.21381260140909239 1.0000000180025095e-35 -1.1602403918902078 -0.12419434348257831 -0.88793544512655986 -4.042030011976343
decision_type=2 2 8 2 10 8
left_child=-1 5 4 -4 -3 -2
right_child=1 2 3 -5 -6 -7
leaf_value=-0.0014186760941353369 0.0024800327935318488 0.0005414835018857356 -0.00090300369117234721 0.00083541966182404371 0.0031091797928414367 -0.00010424221248211472
leaf_weight=46.902748111868277 17.25144832348451 90.33408476531622 163.73067129170522 192.74081689020386 43.792727049672976 1769.0606081557053
leaf_count=1367 321 1051 1769 1895 457 21564
internal_value=1.52023e-05 5.08135e-05 0.00046759 3.40933e-05 0.0015374 -6.56171e-05
internal_weight=2323.81 2276.91 490.598 356.471 134.127 1786.31
internal_count=28424 27057 5172 3664 1508 21885
is_linear=0
shrinkage=0.03


Tree=293
num_leaves=7
num_cat=0
split_feature=26 23 25 1 12 17
split_gain=0.160006 0.114453 0.13744 0.200897 0.132443 0.120919
threshold=-7.4371142387390128 0.70902891549459535 -0.60109522337575017 -0.060964165251152995 1.0837396682712639 1.5000000000000002
decision_type=8 2 2 2 2 2
left_child=-1 2 3 -2 -3 -4
right_child=1 4 5 -5 -6 -7
leaf_value=0.002009507011350361 0.00037477952386864502 0.0018620050725484264 -2.5531982835315703e-05 -0.0024092674073346058 -0.00058762971690038107 -0.00099773140207763721
leaf_weight=23.146861221466679 36.219222697080113 45.16888472874416 2038.8070865519694 45.396051228744909 25.013289414346218 112.0726598239271
leaf_count=406 798 652 24312 512 129 1708
internal_value=-6.05735e-05 -8.99814e-05 -0.000129431 -0.00126771 0.00102454 -8.05717e-05
internal_weight=2325.82 2302.68 2232.5 81.6153 70.1822 2150.88
internal_count=28517 28111 27330 1310 781 26020
is_linear=0
shrinkage=0.03


Tree=294
num_leaves=7
num_cat=0
split_feature=35 33 14 23 14 14
split_gain=0.16915 0.157091 0.196111 0.137784 0.317116 0.140151
threshold=-5.5396608859300605 -4.1100728710492449 0.11583769766734943 -0.28074864084349643 0.37533345012189662 0.028209123971929886
decision_type=8 8 2 2 2 2
left_child=-1 2 -2 4 -3 -5
right_child=1 3 -4 5 -6 -7
leaf_value=0.0016886433711135222 0.00054553043040653909 -0.0003064830812070164 -0.0027815203170019065 -0.0012604796653625894 -0.0034568311133377941 0.00010456973084352393
leaf_weight=38.590572433779016 21.208721469141892 385.25983260170324 31.884797461330891 60.376251557172509 21.361088395118713 1775.7859799675643
leaf_count=619 591 5756 196 4356 90 16922
internal_value=-6.35305e-05 -0.000100178 -0.00157668 -5.83807e-05 -0.000550982 5.31001e-05
internal_weight=2334.47 2295.88 53.0935 2242.78 406.621 1836.16
internal_count=28530 27911 787 27124 5846 21278
is_linear=0
shrinkage=0.03


Tree=295
num_leaves=7
num_cat=0
split_feature=12 23 14 11 27 14
split_gain=0.140503 0.232949 0.228217 0.205261 0.136021 0.172228
threshold=1.845192716743622 0.0831394700281778 0.35654786167880476 0.0039979689122915966 2.7587355375289921 0.3297394024095755
decision_type=2 2 2 2 10 2
left_child=2 3 4 -2 5 -1
right_child=1 -3 -4 -5 -6 -7
leaf_value=6.1857226045208526e-05 0.0023711407349986733 -0.000828258977255883 -0.001598555641118862 0.00016217386960579985 -0.00092906372552565078 0.0019803787147931106
leaf_weight=1925.2425934643252 76.02233998477459 51.150977849960327 69.005302175879478 70.427142098546028 111.78631945222151 33.08024325966835
leaf_count=25751 344 228 291 320 1451 147
internal_value=5.62266e-05 0.000801373 -1.60148e-05 0.00138712 4.41692e-05 0.000104162
internal_weight=2336.71 197.6 2139.11 146.449 2070.11 1958.32
internal_count=28532 892 27640 664 27349 25898
is_linear=0
shrinkage=0.03


Tree=296
num_leaves=7
num_cat=0
split_feature=8 14 25 25 11 7
split_gain=0.141798 0.228891 0.23107 0.197703 0.255558 0.238269
threshold=0.041646812470044793 0.41385917847164688 -0.27849359498893428 0.67346529616749129 0.017811226100862106 -0.021188254162003924
decision_type=2 2 2 2 2 2
left_child=-1 2 -2 5 -5 -4
right_child=1 -3 3 4 -6 -7
leaf_value=0.00016893771158342478 0.00079743758038913087 -0.0020935948391545478 -0.0019348506638431897 -0.00086967938153025145 0.0027740678609335023 -0.00032271569628868698
leaf_weight=1439.3571534917864 164.7590274043032 50.502015590667725 88.91352961937082 25.034208390687127 28.074105916894041 537.47103246697225
leaf_count=18835 1885 208 1129 282 350 5898
internal_value=-1.50867e-05 -0.000309715 -0.000179747 -0.000424818 0.00119084 -0.000578362
internal_weight=2334.11 894.754 844.252 679.493 53.1083 626.385
internal_count=28587 9752 9544 7659 632 7027
is_linear=0
shrinkage=0.03


Tree=297
num_leaves=7
num_cat=0
split_feature=0 24 14 23 10 36
split_gain=0.123099 0.124554 0.185545 0.149797 0.133073 0.124697
threshold=0.58092791144575839 7.5000000000000009 0.24879713213509791 -0.31970166604574041 0.16461128287468021 3.4497943479705744
decision_type=2 2 2 2 2 10
left_child=1 4 3 -3 5 -1
right_child=-2 2 -4 -5 -6 -7
leaf_value=-9.9875231645866986e-05 0.0020152611879564967 -0.00041547931758702293 -0.0012860625328582826 0.0017194628846413523 -0.0021507454628432016 0.0013536139080514266
leaf_weight=2106.5009529527015 16.807545301737264 35.59228539140895 25.115998044610023 102.31068375293398 17.868881420989055 44.509632194647565
leaf_count=25712 172 607 118 1375 195 460
internal_value=-6.14984e-06 -2.92625e-05 0.000745641 0.00117761 -9.06612e-05 -6.36744e-05
internal_weight=2348.71 2331.9 163.019 137.903 2168.88 2151.01
internal_count=28639 28467 2100 1982 26367 26172
is_linear=0
shrinkage=0.03


Tree=298
num_leaves=7
num_cat=0
split_feature=7 7 37 33 11 3
split_gain=0.21703 0.211566 0.299672 0.268499 0.233648 0.200166
threshold=-0.10750770994707606 0.0034887357793136607 5.5241122582838651 -1.3182249069213865 -0.039696948212182136 -0.2409861994955331
decision_type=2 2 8 8 2 2
left_child=-1 2 -2 -3 -4 -5
right_child=1 3 4 5 -6 -7
leaf_value=-0.0010839642004900692 0.00018286096391354427 -0.00091778494770318052 -0.00051914715419094232 -0.0009506172126357049 0.0024280558670432546 0.00022922501437466568
leaf_weight=152.31291565197171 699.70560192423 322.73993633681675 27.69946252182126 141.02883629992721 91.792003352893516 895.60926588153234
leaf_count=3259 9417 3680 314 1881 1008 8988
internal_value=-2.56077e-05 5.30009e-05 0.000430974 -0.00017626 0.00175753 6.11651e-05
internal_weight=2330.89 2178.58 819.197 1359.38 119.491 1036.64
internal_count=28547 25288 10739 14549 1322 10869
is_linear=0
shrinkage=0.03


Tree=299
num_leaves=7
num_cat=0
split_feature=3 22 34 12 30 22
split_gain=0.123387 0.266631 0.176076 0.167056 0.177947 0.193534
threshold=-0.13680655424536073 -0.16251717978601601 0.64822262028853117 1.0259299102469412 -8.7700896263122541 0.035944683317812406
decision_type=2 2 10 2 10 2
left_child=1 -1 -3 4 -2 -6
right_child=3 2 -4 -5 5 -7
leaf_value=-0.0007945265728236308 0.0010654635158905436 0.00017150959375719866 0.0010577125801158149 -0.00066783287467536939 -0.00059354865009402674 0.00052007890532855083
leaf_weight=187.02790318758343 122.91453546733828 758.15034225398267 267.5928976884461 434.95625045523047 342.92450529249618 223.79717420542147
leaf_count=2776 2077 10885 2610 2372 4629 3175
internal_value=1.0816e-05 0.000219841 0.00041068 -0.000214549 7.67981e-05 -0.000152387
internal_weight=2337.36 1212.77 1025.74 1124.59 689.636 566.722
internal_count=28524 16271 13495 12253 9881 7804
is_linear=0
shrinkage=0.03


Tree=300
num_leaves=7
num_cat=0
split_feature=27 33 8 2 25 2
split_gain=0.147404 0.1971 0.190931 0.20126 0.195552 0.182309
threshold=-1.2608757019042967 -2.4900540883342424 0.011814888758949394 0.024370236242920718 -0.12289878331550257 -0.131260380816732
decision_type=8 8 2 2 2 2
left_child=-1 2 5 4 -4 -2
right_child=1 -3 3 -5 -6 -7
leaf_value=0.00078136454423389482 -0.00078640205360323552 -4.4442938757090217e-05 -0.0001454356802856369 0.000722189404166267 -0.0030054750581804887 0.0017141380445720941
leaf_weight=157.22911702482088 72.030337735137437 1954.3675423993845 30.755626187776215 20.454483110632282 70.859855511400383 28.584603178082034
leaf_count=3028 1125 22763 350 239 751 310
internal_value=-7.76189e-05 -0.000142945 -0.00096837 -0.00171845 -0.00223042 1.47404e-05
internal_weight=2334.28 2177.05 222.685 122.07 101.615 100.615
internal_count=28566 25538 2775 1340 1101 1435
is_linear=0
shrinkage=0.03


Tree=301
num_leaves=7
num_cat=0
split_feature=4 28 7 27 27 7
split_gain=0.194377 0.213419 0.187658 0.210078 0.169227 0.134137
threshold=-0.21460100065117496 0.70613446831703197 1.0000000180025095e-35 -2.0974999792860036e-14 1.3451742529869082 0.080038217529307953
decision_type=2 10 2 8 8 2
left_child=1 2 -1 -4 -3 -2
right_child=5 4 3 -5 -6 -7
leaf_value=-0.00023481036404530208 0.00019336778767726386 -0.00054776553791846473 9.2940051057621904e-05 -0.0034810192147551179 0.0022674683617571953 -0.00038974197965027879
leaf_weight=55.356381687859539 1712.5851026125601 50.575263729435392 19.243280884838896 47.531257590162568 18.528755056671798 437.48271050106268
leaf_count=1128 21714 540 312 639 191 4080
internal_value=-9.65389e-06 -0.000901379 -0.00161125 -0.00257311 0.000398298 7.34651e-05
internal_weight=2341.3 191.235 122.131 66.7745 69.104 2150.07
internal_count=28604 2810 2079 951 731 25794
is_linear=0
shrinkage=0.03


Tree=302
num_leaves=7
num_cat=0
split_feature=24 14 25 8 25 12
split_gain=0.128638 0.178839 0.145751 0.27414 0.205227 0.188504
threshold=7.5000000000000009 0.24035663890157938 0.67346529616749129 0.14514699956038249 0.27951082425192503 1.845192716743622
decision_type=2 2 2 2 2 2
left_child=2 -2 4 -4 5 -1
right_child=1 -3 3 -5 -6 -7
leaf_value=-0.0001370536971105758 0.0011964319572833706 -0.0011876753230036746 0.00023506405684231736 0.0037370441518934519 -0.00092032418512498905 0.00093707090130997926
leaf_weight=1598.6511339699791 135.8665644180146 26.628387480974197 130.70431975935935 14.138222774141466 265.42339935633936 151.85576955229044
leaf_count=20348 1987 127 1928 153 3146 684
internal_value=-2.91365e-05 0.00075954 -9.16724e-05 0.000796164 -0.000159078 -3.90804e-05
internal_weight=2323.27 162.495 2160.77 144.843 2015.93 1750.51
internal_count=28373 2114 26259 2081 24178 21032
is_linear=0
shrinkage=0.03


Tree=303
num_leaves=7
num_cat=0
split_feature=7 33 7 28 27 14
split_gain=0.114081 0.183335 0.156465 0.265853 0.131916 0.140353
threshold=-0.10497029864169484 0.93538567920525872 -0.060764088433777931 1.6215919256210329 -2.0073667764663692 0.2277947556113353
decision_type=2 8 2 8 8 2
left_child=1 -1 3 -2 -4 -6
right_child=2 -3 4 -5 5 -7
leaf_value=-5.5004411757082854e-05 0.00011695763278445389 -0.0021546222152464488 -0.001369972379733431 0.0025908738559356054 0.00017363530881016174 -0.00038853436759182
leaf_weight=112.59252854459919 128.19125893633463 46.477332586335251 53.802357630833285 46.901117737172171 1415.5626373492123 545.44101290404797
leaf_count=2564 2084 795 1108 567 18994 2579
internal_value=-8.70367e-06 -0.000759629 4.90472e-05 0.000883808 -2.75026e-05 1.60934e-05
internal_weight=2348.97 159.07 2189.9 175.092 2014.81 1961
internal_count=28691 3359 25332 2651 22681 21573
is_linear=0
shrinkage=0.03


Tree=304
num_leaves=7
num_cat=0
split_feature=31 27 10 4 15 37
split_gain=0.207893 0.175524 0.147314 0.194628 0.144982 0.14339
threshold=3.3011938333511357 1.589663088321686 0.064030721016853559 -0.16593410500468495 1.5000000000000002 7.8130348502761802
decision_type=8 10 2 2 2 10
left_child=1 -1 3 -3 5 -2
right_child=4 2 -4 -5 -6 -7
leaf_value=-0.00023638298771647942 0.00034982015704075766 0.00017077811119074472 0.0005305035344575548 -0.0025421035293404434 -0.00066295693142916679 -0.0016560181873886473
leaf_weight=917.17563973815413 1101.749748784132 31.034715724410489 25.318157540867105 77.568197531625628 153.32283073072904 23.254057680256665
leaf_count=8591 16005 310 210 754 2380 176
internal_value=-8.14152e-05 -0.000392077 -0.00136786 -0.00181783 0.000175085 0.000294134
internal_weight=2329.42 1051.1 133.921 108.603 1278.33 1125
internal_count=28426 9865 1274 1064 18561 16181
is_linear=0
shrinkage=0.03


Tree=305
num_leaves=7
num_cat=0
split_feature=5 7 14 10 1 2
split_gain=0.126294 0.296355 0.502075 0.312874 0.185947 0.175925
threshold=0.0011665024186901464 0.081556182558951265 0.11583769766734943 0.027065628893318736 0.17970963511569341 -0.16879220705932232
decision_type=2 2 2 2 2 2
left_child=4 5 -3 -4 -1 -2
right_child=1 2 3 -5 -6 -7
leaf_value=-0.00011630274582069973 -0.00055144530137153679 0.0019829994807684477 -0.0032776135956601167 0.00015167117401020949 0.0021004278108487234 0.001162922015645771
leaf_weight=1828.9629065666813 58.602804559282959 33.356961391284131 49.710884034633636 38.556990392506123 24.71160677250009 308.67990430272766
leaf_count=23120 836 545 283 218 236 3268
internal_value=3.80154e-05 0.000461812 -0.000777723 -0.00191664 -7.56394e-05 0.000882015
internal_weight=2342.58 488.908 121.625 88.2679 1853.67 367.283
internal_count=28506 5150 1046 501 23356 4104
is_linear=0
shrinkage=0.03


Tree=306
num_leaves=7
num_cat=0
split_feature=25 28 30 10 4 24
split_gain=0.139362 0.120457 0.272524 0.129964 0.195025 0.196725
threshold=-0.71295313963611839 4.1199619770050058 1.3367767333984377 -0.13167212107272711 -0.20708680384658804 1.5000000000000002
decision_type=2 10 10 2 2 2
left_child=-1 3 -3 -2 5 -5
right_child=1 2 -4 4 -6 -7
leaf_value=0.001066258050827649 0.0013142064978497155 -0.00087485066956052827 0.0025761433501896996 -0.0024857824428799369 -6.8333622333968441e-05 -0.00030732461069494035
leaf_weight=90.821498914796393 45.900792637374252 30.187125909142196 36.186648370698094 51.79061336122686 1957.5650083517248 102.70028334882227
leaf_count=1291 716 274 302 812 23589 1417
internal_value=-2.48981e-05 -7.40238e-05 0.00109757 -0.000114956 -0.000152062 -0.00114434
internal_weight=2315.15 2224.33 66.3738 2157.96 2112.06 154.491
internal_count=28401 27110 576 26534 25818 2229
is_linear=0
shrinkage=0.03


Tree=307
num_leaves=7
num_cat=0
split_feature=22 36 7 36 2 30
split_gain=0.139389 0.231811 0.26119 0.157283 0.164249 0.255303
threshold=-0.12222250240848485 1.607694200719848 0.010998871706530508 0.54430419189545043 -0.16078267335700788 -0.76007547974586476
decision_type=2 10 2 10 2 8
left_child=1 2 -1 4 5 -4
right_child=-2 -3 3 -5 -6 -7
leaf_value=-0.0019548194001065855 0.0001094354822995015 0.0011422638115071474 0.0013374267481909132 -0.0015927292347038473 0.0011941160069992482 -0.0033120362531003553
leaf_weight=112.37814637224074 2028.011999943541 49.59009120950941 12.476820223935645 32.597659915569238 78.53254124923842 12.324799987603912
leaf_count=1840 24205 625 239 395 952 190
internal_value=1.9634e-05 -0.000575406 -0.000949383 -4.1169e-05 0.000545631 -0.00126084
internal_weight=2325.91 297.9 248.31 135.932 103.334 24.8016
internal_count=28446 4241 3616 1776 1381 429
is_linear=0
shrinkage=0.03


Tree=308
num_leaves=7
num_cat=0
split_feature=10 10 36 31 29 37
split_gain=0.176317 0.131732 0.236959 0.201726 0.401598 0.279925
threshold=-0.15550802908845909 -0.079735478629532952 1.361147447375374 -3.0940451323986049 6.6445443630218515 7.8130348502761802
decision_type=2 2 10 8 10 10
left_child=-1 2 -2 4 -3 -5
right_child=1 3 -4 5 -6 -7
leaf_value=0.0023015289830898224 -0.0011110564553697771 0.0026343834031794201 0.0010682290235489577 0.00013182772782787094 -0.0013431423260943122 -0.0022306582582662239
leaf_weight=22.287323663360439 176.54902243983815 63.437452411046252 50.417760359181557 1958.9685892752022 25.821706522023305 36.208758618216962
leaf_count=343 2578 484 580 24049 245 268
internal_value=9.95956e-05 6.85409e-05 -0.000602306 0.000144114 0.00146434 7.80423e-05
internal_weight=2333.69 2311.4 226.967 2084.44 89.2592 1995.18
internal_count=28547 28204 3158 25046 729 24317
is_linear=0
shrinkage=0.03


Tree=309
num_leaves=7
num_cat=0
split_feature=31 35 7 37 12 12
split_gain=0.225905 0.190458 0.238047 0.278481 0.172694 0.244337
threshold=0.57824797928333294 -1.3900407506576313 0.082851968726798952 -0.75220057324118772 1.845192716743622 1.6058927959201512
decision_type=8 8 2 10 2 2
left_child=4 2 3 -2 5 -1
right_child=1 -3 -4 -5 -6 -7
leaf_value=-0.00047695136188431584 -0.00010358074877908691 4.1594912412024246e-05 -0.00080002025252780544 0.0018928836193409888 0.00073045520199776723 -0.0026706804778321934
leaf_weight=402.90145789622329 94.524188072289689 1499.4838934044237 58.435208972718101 172.10313374822726 76.825145781040192 42.799060516059399
leaf_count=3899 2200 18915 716 2292 340 217
internal_value=2.85902e-05 0.000186373 0.00083305 0.00120694 -0.000515508 -0.000741591
internal_weight=2347.07 1824.55 325.063 266.627 522.526 445.701
internal_count=28579 24123 5208 4492 4456 4116
is_linear=0
shrinkage=0.03


Tree=310
num_leaves=7
num_cat=0
split_feature=14 26 28 25 30 28
split_gain=0.130607 0.122311 0.209171 0.163149 0.122552 0.270772
threshold=0.018054258162199393 2.2174268960952763 2.380759716033936 0.085979436364005138 2.7197768688201909 1.028931260108948
decision_type=2 10 10 2 10 10
left_child=-1 4 -3 -4 -2 -6
right_child=1 2 3 -5 5 -7
leaf_value=-0.0014873834564165616 0.0003130558054221519 -3.2166839913199405e-05 -0.002675778014086549 0.00020724504518527528 -0.0015900644849327088 0.00028019830893051615
leaf_weight=37.164524662366603 1592.5989006496966 329.84243885427713 44.10419525206089 24.220674665644765 93.943550975061953 204.28333950228989
leaf_count=4270 17457 3518 365 224 957 1691
internal_value=7.60675e-05 0.000107811 -0.000364092 -0.00175779 0.000208577 -0.000341421
internal_weight=2326.16 2288.99 398.167 68.3249 1890.83 298.227
internal_count=28482 24212 4107 589 20105 2648
is_linear=0
shrinkage=0.03


Tree=311
num_leaves=7
num_cat=0
split_feature=7 14 14 10 36 28
split_gain=0.208278 0.364229 0.212892 0.217389 0.319989 0.327479
threshold=0.081556182558951265 0.10786888036898733 0.20437088382199084 0.023115862249385243 1.5826596385150247 2.672078132629395
decision_type=2 2 2 2 10 10
left_child=2 -2 -1 4 5 -4
right_child=1 -3 3 -5 -6 -7
leaf_value=-8.9081587406246619e-05 0.00075151399234369158 -0.0010979628153780603 -0.00079595255550170567 0.001348456796438572 0.0017378185840114903 0.0018723463647060937
leaf_weight=1315.0252144027472 124.96845536649926 332.57070431858301 233.48358684778214 208.34688287973404 75.941310346126556 40.120337724685669
leaf_count=21416 2326 1964 1198 1045 381 192
internal_value=-2.08983e-05 -0.000587543 0.000119914 0.000605437 0.000137373 -0.000352459
internal_weight=2330.46 457.539 1872.92 557.892 349.545 273.604
internal_count=28522 4290 24232 2816 1771 1390
is_linear=0
shrinkage=0.03


Tree=312
num_leaves=7
num_cat=0
split_feature=26 12 7 5 30 35
split_gain=0.130464 0.313474 0.189043 0.29375 0.226674 0.194209
threshold=-1.1786234378814695 1.845192716743622 0.039266070499804927 1.0000000180025095e-35 1.8341661095619204 -3.0673628265473551
decision_type=8 2 2 2 10 10
left_child=1 2 3 4 5 -1
right_child=-2 -3 -4 -5 -6 -7
leaf_value=0.00026113450912489713 0.00015507419916984964 0.0014854034476490521 -0.001190555829719179 0.0014084651818490289 0.00093504076487725294 -0.0014231505250350608
leaf_weight=85.341839294182137 1595.3290389318718 67.572431862354279 237.85840581919183 78.349842809082475 67.476671002863441 188.62828735551739
leaf_count=1523 18872 305 2764 1040 770 3185
internal_value=3.5111e-06 -0.000327466 -0.000533192 -0.000141693 -0.000527355 -0.000907775
internal_weight=2320.56 725.227 657.655 419.797 341.447 273.97
internal_count=28459 9587 9282 6518 5478 4708
is_linear=0
shrinkage=0.03


Tree=313
num_leaves=7
num_cat=0
split_feature=3 25 28 33 37 28
split_gain=0.12959 0.120127 0.174712 0.126336 0.167835 0.166402
threshold=0.094621633110485256 0.77179187551235173 0.02759306970983744 -1.803974527865648 -6.0137545348643657 2.7757409811019902
decision_type=2 2 8 8 8 10
left_child=1 3 -3 5 -5 -1
right_child=-2 2 -4 4 -6 -7
leaf_value=-0.00077767462529624079 0.0017513386165299307 -0.00046778243226677037 0.0017656187169354453 0.0018268448229757464 3.6368153559609795e-07 0.0010191468746596035
leaf_weight=337.44178240078327 28.344504961452913 46.837283145840047 68.754642862069886 36.461236187897157 1779.2631046740571 44.739798821276054
leaf_count=4738 415 898 866 760 20464 394
internal_value=2.15732e-05 -7.06581e-06 0.000895465 -5.83723e-05 4.68462e-05 -0.000546708
internal_weight=2341.84 2313.5 115.592 2197.91 1815.72 382.182
internal_count=28535 28120 1764 26356 21224 5132
is_linear=0
shrinkage=0.03


Tree=314
num_leaves=7
num_cat=0
split_feature=11 6 28 31 3 29
split_gain=0.147134 0.190052 0.210611 0.159307 0.355771 0.204329
threshold=-0.090659555424422958 -0.11876986193816148 2.3425008058547978 7.3192882537841806 -0.21412442350750885 -22.315703392028805
decision_type=2 2 10 10 2 10
left_child=-1 2 -2 -3 -5 -6
right_child=1 3 -4 4 5 -7
leaf_value=-0.00068318391187394351 -0.00074458412850849482 0.00013098190502414478 0.001225555049559617 -0.0010045577513226025 -0.0014080439978221219 0.0015773116450896075
leaf_weight=206.30991340341279 326.51431925833458 1429.653240433021 47.876411641656887 65.261185862182174 14.865946340607477 241.33726997193298
leaf_count=2866 5449 14608 523 1388 168 3545
internal_value=6.2762e-05 0.000138026 -0.000467317 0.000269368 0.000862297 0.0013577
internal_weight=2331.82 2125.51 374.391 1751.12 321.464 256.203
internal_count=28547 25681 5972 19709 5101 3713
is_linear=0
shrinkage=0.03


Tree=315
num_leaves=7
num_cat=0
split_feature=0 31 29 29 35 26
split_gain=0.228896 0.171879 0.223736 0.262979 0.211818 0.261146
threshold=0.46586906684600954 -1.0000000180025095e-35 2.011459589004517 4.6471705436706552 -0.22832790543399153 0.29533955454826361
decision_type=2 8 10 10 10 10
left_child=1 2 4 -4 -1 -6
right_child=-2 -3 3 -5 5 -7
leaf_value=-0.001806341088356078 0.0019325002451481338 3.5050691302868972e-05 0.0014095444743126315 -0.00092118257161593535 0.0015325180352328902 -0.0014111902509806532
leaf_weight=158.98758860467933 41.700658259156626 1886.3760819498275 76.465427043382078 78.25123125500977 42.218026553280652 46.43747247196734
leaf_count=1390 450 24623 660 717 299 343
internal_value=-4.18324e-05 -8.60549e-05 -0.000640913 0.000246371 -0.0011833 3.8625e-06
internal_weight=2330.44 2288.74 402.36 154.717 247.643 88.6555
internal_count=28482 28032 3409 1377 2032 642
is_linear=0
shrinkage=0.03


Tree=316
num_leaves=7
num_cat=0
split_feature=11 20 0 7 3 27
split_gain=0.129768 0.212722 0.145711 0.178577 0.239043 0.261667
threshold=0.12734043717877583 -0.001310291497256366 -0.084840280120375242 0.0045521695267984772 -0.05711566095057282 0.29888865351676946
decision_type=2 2 2 2 2 8
left_child=2 -2 -1 -4 -5 -6
right_child=1 -3 3 4 5 -7
leaf_value=-0.00043900860449699246 -0.00093003039202293276 0.0019976602456680957 0.00057037211538874368 -0.00033196639322569414 -0.00037665599080720721 0.0016303286600257317
leaf_weight=638.68090425347327 26.2010437004501 57.513481160858646 481.71509641836747 901.75618729720009 99.694640239875298 121.46761194604915
leaf_count=9467 300 577 6115 9905 940 1082
internal_value=-1.40217e-05 0.00107989 -5.94547e-05 9.33998e-05 -0.000114443 0.000748471
internal_weight=2327.03 83.7145 2243.31 1604.63 1122.92 221.162
internal_count=28386 877 27509 18042 11927 2022
is_linear=0
shrinkage=0.03


Tree=317
num_leaves=7
num_cat=0
split_feature=2 24 6 4 4 12
split_gain=0.179906 0.177967 0.297224 0.29195 0.266526 0.239074
threshold=-0.131260380816732 1.5000000000000002 0.055711122198918446 -0.10046836234473287 -0.073708955457453831 0.82828075264688927
decision_type=2 2 2 2 2 2
left_child=1 2 3 5 -5 -1
right_child=-2 -3 -4 4 -6 -7
leaf_value=-0.0020674679757588625 0.00028969594881434526 5.6407393773256336e-05 -0.0018342752025182062 0.0034419408738295874 9.4856138915493923e-05 0.00065777983865476309
leaf_weight=65.780274627031758 1366.3518449542462 620.37141034845263 133.61046587367309 21.362033798242919 69.361629849096062 40.660156529396772
leaf_count=1461 15080 8491 1698 314 1024 249
internal_value=7.00255e-05 -0.000245269 -0.000796119 -3.80175e-05 0.00114645 -0.00105934
internal_weight=2317.5 951.146 330.775 197.164 90.7237 106.44
internal_count=28317 13237 4746 3048 1338 1710
is_linear=0
shrinkage=0.03


Tree=318
num_leaves=7
num_cat=0
split_feature=35 33 0 13 22 23
split_gain=0.133127 0.127206 0.125634 0.186101 0.185188 0.21273
threshold=-5.5396608859300605 -2.9305367171764369 0.0056137771858125194 1.8688348091416842 0.013786453090246481 0.48447040189574847
decision_type=8 10 2 2 2 2
left_child=1 -1 -2 -4 -5 -6
right_child=2 -3 3 4 5 -7
leaf_value=0.0027180583510940945 -0.00026420875413927012 -0.00028518274321571139 -0.0013014112589484234 3.8903481014575979e-05 0.00061803001875395682 0.0032310664417387358
leaf_weight=19.851979482162278 1436.3735367781919 19.088634340558201 59.574121038196608 591.79851039362256 187.40498602844309 24.822593177901581
leaf_count=363 19232 254 424 6207 1893 262
internal_value=-6.04181e-05 0.00148841 -9.29711e-05 0.000191602 0.000316855 0.0010553
internal_weight=2338.91 38.9406 2299.97 863.6 804.026 212.228
internal_count=28635 617 28018 8786 8362 2155
is_linear=0
shrinkage=0.03


Tree=319
num_leaves=7
num_cat=0
split_feature=36 22 5 7 7 9
split_gain=0.193603 0.231741 0.365672 0.236942 0.208761 0.274166
threshold=-3.8453879221822271 1.0000000180025095e-35 0.035817345425462062 0.048473088814314592 0.00649502424107949 0.022668654196636693
decision_type=10 2 2 2 2 2
left_child=1 2 3 4 5 -1
right_child=-2 -3 -4 -5 -6 -7
leaf_value=0.00027450037596044383 -8.4129156186525783e-05 -0.00082090602378113954 -0.0017749391105108801 0.0036019236152271075 -0.00019774402310553327 0.0041105226628481229
leaf_weight=36.93116987333633 2090.7609120564157 54.151031349145342 22.340572953049559 38.655602868762799 65.24024379363982 23.280053485650569
leaf_count=646 25289 734 248 465 848 286
internal_value=9.933e-06 0.000798057 0.00128611 0.00178084 0.000995211 0.00213187
internal_weight=2331.36 240.599 186.448 164.107 125.451 60.2112
internal_count=28516 3227 2493 2245 1780 932
is_linear=0
shrinkage=0.03


Tree=320
num_leaves=7
num_cat=0
split_feature=24 17 27 10 36 12
split_gain=0.179651 0.173953 0.166573 0.180016 0.289376 0.243483
threshold=7.5000000000000009 1.5000000000000002 2.51499354839325 -0.068746379449317246 3.3032488253672061 1.4953473712900205
decision_type=2 2 10 2 8 2
left_child=1 2 3 4 5 -1
right_child=-2 -3 -4 -5 -6 -7
leaf_value=-0.00065793362359012884 0.00094899185733517458 -0.0011570487636553847 -0.00095931573554039863 0.00020135874841440893 -0.0029859832967235535 0.0017084265944624269
leaf_weight=195.50166231827461 164.23804848338477 111.09591808135156 137.57861873833463 1677.8913125116524 30.060701009409968 38.45961157977581
leaf_count=3036 2107 1688 1580 19704 432 191
internal_value=2.1776e-05 -5.1738e-05 1.25676e-05 8.59845e-05 -0.000627823 -0.000214857
internal_weight=2354.83 2190.59 2079.49 1941.91 264.022 233.961
internal_count=28738 26631 24943 23363 3659 3227
is_linear=0
shrinkage=0.03


Tree=321
num_leaves=7
num_cat=0
split_feature=27 26 23 12 25 30
split_gain=0.152167 0.147152 0.136865 0.168811 0.134396 0.194547
threshold=3.1724623441696171 3.4790236949920659 0.62378312966976102 0.2337478372343407 -0.38244344456019858 1.6731186509132387
decision_type=10 10 2 2 2 8
left_child=2 -2 4 -4 5 -1
right_child=1 -3 3 -5 -6 -7
leaf_value=-8.47073530405392e-05 -0.001805563522395791 0.00077329291022200657 0.0028390848414352873 0.0002245417508093648 7.8994496618254898e-05 -0.0020187837994954769
leaf_weight=146.71017849692726 65.192232217406854 20.651639588642865 24.376139633648563 68.423548299819231 1932.6305789182661 59.390931327419821
leaf_count=2303 772 262 582 490 23363 639
internal_value=1.39291e-06 -0.00116921 5.14396e-05 0.00112069 4.52976e-08 -0.000709667
internal_weight=2317.38 85.8439 2231.53 92.7997 2138.73 206.101
internal_count=28411 1034 27377 1072 26305 2942
is_linear=0
shrinkage=0.03


Tree=322
num_leaves=7
num_cat=0
split_feature=34 34 21 25 8 2
split_gain=0.160922 0.144035 0.13687 0.132824 0.111484 0.119161
threshold=-7.9504116376241045 -6.3293890158335353 1.0000000180025095e-35 -0.30278969617420232 0.30369138395519463 -0.021640979111938085
decision_type=8 8 2 2 2 2
left_child=2 3 -1 -2 5 -3
right_child=1 4 -4 -5 -6 -7
leaf_value=0.0025212557162946742 0.00081720669858680831 6.2523672453973823e-05 0.00030300370790301159 -0.0018611215655674866 0.0018515384321076524 -0.00053624251087180095
leaf_weight=29.627100178651744 15.587469401420092 1788.5286795312713 77.015924810548313 59.260252684151055 18.498535629594699 348.86283227865351
leaf_count=606 295 20601 1838 1047 194 3951
internal_value=-3.80682e-06 -6.03427e-05 0.00108259 -0.00127277 -1.25679e-05 -3.72484e-05
internal_weight=2337.38 2230.74 106.643 74.8477 2155.89 2137.39
internal_count=28532 26088 2444 1342 24746 24552
is_linear=0
shrinkage=0.03


Tree=323
num_leaves=7
num_cat=0
split_feature=5 13 2 37 13 30
split_gain=0.15346 0.164454 0.179951 0.160312 0.133331 0.133209
threshold=-0.17143440956543396 2.3502401828962087 -0.22525696356164476 -7.2194709498011926 2.4414009612931857 5.3939504623413095
decision_type=2 2 2 8 2 10
left_child=1 2 -1 4 -2 -5
right_child=3 -3 -4 5 -6 -7
leaf_value=0.00063352102602980923 0.0025731808023398846 0.00020305910489954083 -0.0024969196792784258 7.8393467590419434e-05 -0.00065851719104263284 -0.00094063749684040478
leaf_weight=17.214225287316367 29.588957702348125 62.386514730460476 58.348639111849479 2036.376822307473 11.34664842582424 112.36011564277578
leaf_count=359 701 1132 566 24352 342 1049
internal_value=-2.38835e-06 -0.000937628 -0.00179307 6.05265e-05 0.00172399 2.09966e-05
internal_weight=2327.62 137.949 75.5629 2189.67 40.9356 2148.74
internal_count=28501 2057 925 26444 1043 25401
is_linear=0
shrinkage=0.03


Tree=324
num_leaves=7
num_cat=0
split_feature=20 4 31 35 28 4
split_gain=0.142605 0.30913 0.202838 0.142541 0.285032 0.208411
threshold=0.19161798785044981 -0.13537235263806227 1.092968635261059 0.92680404964420549 1.9798751473426821 -0.056854341805979224
decision_type=2 2 10 8 10 2
left_child=3 -2 -3 4 -1 -5
right_child=1 2 -4 5 -6 -7
leaf_value=-8.8921559943628517e-05 0.0026339142445582038 -0.0022858056585302591 0.00068759477481265666 -0.00058398416532612113 0.0010445063271242591 0.00041361285642951601
leaf_weight=976.18557010704535 45.988804912136402 20.133708073757589 56.342675025225617 754.46763066592393 240.62949353642762 242.17540839704452
leaf_count=13019 650 195 761 8885 2264 2734
internal_value=-1.86862e-05 0.000937656 -0.000269009 -7.55773e-05 0.000141905 -0.000339876
internal_weight=2335.92 122.465 76.4764 2213.46 1216.82 996.643
internal_count=28508 1606 956 26902 15283 11619
is_linear=0
shrinkage=0.03


Tree=325
num_leaves=7
num_cat=0
split_feature=18 24 6 35 7 37
split_gain=0.144682 0.228005 0.150143 0.167116 0.138185 0.243864
threshold=1.0000000180025095e-35 2.5000000000000004 0.16302959081027332 2.8331904493737969 -0.10750770994707606 2.4014351766349544
decision_type=2 2 2 8 2 8
left_child=4 2 3 -2 5 -1
right_child=1 -3 -4 -5 -6 -7
leaf_value=8.218345489659554e-05 -0.0010841359179215018 0.00030557020968823397 0.0003607056689681592 -0.0041723746311080395 9.6843142736714545e-05 -0.0023712717637186
leaf_weight=96.446522072743392 54.917193072265945 83.903528311522678 21.045005548745394 20.623227087780833 2026.8127826547425 48.007209155708551
leaf_count=2399 540 780 169 215 23904 706
internal_value=-3.80267e-05 -0.000830801 -0.00175402 -0.00231646 3.13802e-05 -0.000833924
internal_weight=2351.76 180.489 96.5854 75.5404 2171.27 144.454
internal_count=28713 1704 924 755 27009 3105
is_linear=0
shrinkage=0.03


Tree=326
num_leaves=7
num_cat=0
split_feature=9 31 30 28 10 24
split_gain=0.138039 0.170666 0.132916 0.166413 0.250666 0.338563
threshold=0.20620103298965517 3.1134402751922612 -4.4259374141693106 0.012054034508764746 -0.021929725463537209 1.0000000180025095e-35
decision_type=2 8 8 8 2 2
left_child=2 -2 -1 4 5 -4
right_child=1 -3 3 -5 -6 -7
leaf_value=0.00044190920073908121 -0.00047366906398022039 0.0025802929496891781 0.0028346827376808997 3.9034467258898578e-05 -0.0010830766590422371 -0.00032798337909870643
leaf_weight=435.53153483982896 23.264662475441583 30.502283474837895 28.015470580809051 1343.2951184782723 322.18091580749024 145.65895107202232
leaf_count=7306 209 469 386 14087 4018 2038
internal_value=1.51347e-05 0.00139181 -2.33553e-05 -0.000135329 -0.000599122 0.000308743
internal_weight=2328.45 53.7669 2274.68 1839.15 495.855 173.674
internal_count=28513 678 27835 20529 6442 2424
is_linear=0
shrinkage=0.03


Tree=327
num_leaves=7
num_cat=0
split_feature=28 30 1 28 6 2
split_gain=0.174723 0.317009 0.130642 0.192643 0.166477 0.159815
threshold=4.1199619770050058 1.2866638302803042 -0.094230451644423507 1.2715703845024111 -0.10024831316860948 -0.18987655089366304
decision_type=10 10 2 10 2 2
left_child=2 -2 3 -1 -5 -4
right_child=1 -3 5 4 -6 -7
leaf_value=3.9860525748940268e-05 -0.00074116424973130876 0.0029687245585497245 -0.0007705162901833376 0.00033446845069212689 0.0027154324834679625 -9.8123925610733478e-06
leaf_weight=262.69868686483824 30.956514538265765 37.60540978051722 283.77949546425953 57.381558484281413 44.745763513725251 1616.527881646849
leaf_count=5070 282 314 4280 807 494 17266
internal_value=2.1639e-05 0.00141254 -2.64849e-05 0.000485733 0.00152679 -0.00012685
internal_weight=2333.7 68.5619 2265.13 364.826 102.127 1900.31
internal_count=28513 596 27917 6371 1301 21546
is_linear=0
shrinkage=0.03


Tree=328
num_leaves=7
num_cat=0
split_feature=2 3 35 3 9 20
split_gain=0.132459 0.192129 0.130731 0.11796 0.254808 0.190411
threshold=-0.2868854246054367 -0.14105767709883485 1.207867694754069 -0.3327722783204225 -0.12268658923562033 -1.0000000180025095e-35
decision_type=2 2 10 2 2 2
left_child=1 2 -1 -2 5 -5
right_child=3 -3 -4 4 -6 -7
leaf_value=-0.0022940389580316349 -0.00087372257933993763 0.00075848654735763909 7.5146089775662939e-05 0.0029559234463324212 7.2166104106393021e-05 -8.9795648842964861e-05
leaf_weight=59.708217650389997 99.362859615677735 38.805991514411289 29.090346697892528 39.144099185039522 2028.2881749211083 28.68126029119594
leaf_count=1605 1521 828 632 570 22835 433
internal_value=3.14512e-05 -0.000871753 -0.00158885 8.76615e-05 0.000137166 0.00182194
internal_weight=2323.08 127.605 88.7986 2195.48 2096.11 67.8254
internal_count=28424 3065 2237 25359 23838 1003
is_linear=0
shrinkage=0.03


Tree=329
num_leaves=7
num_cat=0
split_feature=25 23 27 26 25 26
split_gain=0.188796 0.212235 0.187116 0.141153 0.13924 0.192358
threshold=0.77179187551235173 -1.133621146881493 -2.1985000185100169e-14 -0.89273300766944874 -0.74981261703203972 0.29533955454826361
decision_type=2 2 8 8 2 8
left_child=4 3 -3 -2 5 -1
right_child=1 2 -4 -5 -6 -7
leaf_value=0.0022146013970570505 0.001293748774716185 -0.00027594671083764119 0.0027762310004977669 -0.0017056199539842221 -0.00010287306590769087 -0.00048320471031899865
leaf_weight=45.34011419134913 14.479086507577447 22.645213064097334 55.460244832822355 25.092918350157561 2135.7112870541168 36.470354613149539
leaf_count=672 330 359 704 433 25624 470
internal_value=1.0193e-05 0.00113206 0.00196043 -0.000568575 -5.41563e-05 0.00109031
internal_weight=2335.2 117.677 78.1055 39.572 2217.52 81.8105
internal_count=28592 1826 1063 763 26766 1142
is_linear=0
shrinkage=0.03


Tree=330
num_leaves=7
num_cat=0
split_feature=31 2 2 11 22 0
split_gain=0.164084 0.184131 0.182642 0.174949 0.1704 0.14242
threshold=0.57824797928333294 -0.049994808029962048 -0.086175453757571532 0.014533430453789771 -0.1378965282686028 0.18578151577335908
decision_type=8 2 2 2 2 2
left_child=1 2 4 -4 -1 -6
right_child=-2 -3 3 -5 5 -7
leaf_value=0.0015207264230274985 0.00023789081988295822 -0.0012963283702541019 -0.00026147421354503808 0.0022955528899197939 -0.00092642504562178937 0.0007772736152296683
leaf_weight=28.39571489719674 1813.2133884783834 129.94934978103265 41.285727433394641 42.211793154478073 225.54805371293332 46.292986225802451
leaf_count=264 24099 1077 339 336 2005 350
internal_value=0.000103846 -0.000364817 -2.44534e-05 0.00113848 -0.000374144 -0.000619011
internal_weight=2326.9 513.684 383.734 83.4975 300.237 271.841
internal_count=28470 4371 3294 675 2619 2355
is_linear=0
shrinkage=0.03


Tree=331
num_leaves=7
num_cat=0
split_feature=28 29 31 2 28 3
split_gain=0.150491 0.228433 0.15887 0.279015 0.238727 0.216939
threshold=4.1199619770050058 -0.2851912379264831 1.2116855680942538 -0.012130484929704933 0.11237372457981111 -0.13846033177655584
decision_type=10 8 8 2 10 2
left_child=2 -2 3 4 -1 -6
right_child=1 -3 -4 -5 5 -7
leaf_value=-0.0011474522038819417 0.0023301284603984675 -0.00091567395320373132 0.00014599329702402961 -0.0018351929689169064 0.00098182492012964832 -0.00045103044740148391
leaf_weight=136.57569845055696 48.523127356078476 22.6725635365583 1676.4189921818324 94.025852877181023 183.58640072424896 178.39432792924345
leaf_count=1307 434 186 22807 824 1670 1437
internal_value=4.19774e-05 0.00131102 -3.41987e-06 -0.000421519 -0.000124061 0.000282532
internal_weight=2340.2 71.1957 2269 592.582 498.556 361.981
internal_count=28665 620 28045 5238 4414 3107
is_linear=0
shrinkage=0.03


Tree=332
num_leaves=7
num_cat=0
split_feature=20 4 3 35 2 2
split_gain=0.190562 0.282075 0.145725 0.129883 0.219289 0.313405
threshold=0.19161798785044981 -0.13537235263806227 -0.021353595774110227 -1.4517834591497845 -0.153843966987916 -0.072218189882159847
decision_type=2 2 2 8 2 2
left_child=3 -2 -3 4 -1 -6
right_child=1 2 -4 -5 5 -7
leaf_value=-0.00064366053588993985 0.0026672617845656158 0.0012021615079409436 -0.0011637115832849037 -0.00023791233630856003 0.0014914820446488692 -0.00028032997443806432
leaf_weight=144.39134636850213 46.310769093397539 32.196986492199358 42.81661362759769 1710.501067840989 192.66034774685977 156.54441922681872
leaf_count=2482 658 433 504 20262 2168 1956
internal_value=-4.8671e-05 0.00106195 -0.000126282 -0.000114325 0.000310172 0.000711507
internal_weight=2325.42 121.324 75.0136 2204.1 493.596 349.205
internal_count=28463 1595 937 26868 6606 4124
is_linear=0
shrinkage=0.03


Tree=333
num_leaves=7
num_cat=0
split_feature=5 22 5 6 3 29
split_gain=0.101907 0.190667 0.189818 0.314234 0.258896 0.217232
threshold=-0.011440871593532123 0.034715597582891805 -0.043159335799435546 0.022324870407070336 -0.12431706041045422 1.1481196284294131
decision_type=2 2 2 2 2 10
left_child=2 -2 -1 5 -5 -4
right_child=1 -3 3 4 -6 -7
leaf_value=-3.6373876440153632e-05 -0.00041629790183128797 0.00044256063804868116 0.00037418476316412072 0.0028354273089416346 0.00016082806893306887 -0.0026592482271654071
leaf_weight=831.12271261084243 973.55491286057804 295.7664571069181 91.469363403331954 78.286262728506699 53.619801934692077 17.005201096762903
leaf_count=10161 12030 3630 1234 840 482 203
internal_value=-3.31844e-05 -0.000214279 0.000181341 0.000905485 0.00183615 -0.000285675
internal_weight=2340.82 1269.32 1071.5 240.381 131.906 108.475
internal_count=28580 15660 12920 2759 1322 1437
is_linear=0
shrinkage=0.03


Tree=334
num_leaves=7
num_cat=0
split_feature=23 26 13 24 33 15
split_gain=0.120129 0.172873 0.187082 0.155326 0.316246 0.281752
threshold=-0.3021662770987818 -1.7531693577766416 2.1383330595080281 2.5000000000000004 1.0684820512930553 1.5000000000000002
decision_type=2 8 2 2 10 2
left_child=1 -1 -3 5 -5 -2
right_child=3 2 -4 4 -6 -7
leaf_value=0.00048388313232132935 5.5219532734755633e-07 -0.002054209724629677 -0.00038998934457810545 -2.1275888296010421e-06 0.001354383692371359 -0.001420336019892818
leaf_weight=106.25066133018117 1030.6398085369583 78.540578839136288 215.14820632789633 554.97626686515287 204.42409566865535 133.02911052649142
leaf_count=1704 12366 815 3325 6281 2088 1796
internal_value=-5.43499e-05 -0.000520649 -0.000888035 4.48177e-05 0.000375891 -0.0001726
internal_weight=2323.01 399.939 293.689 1923.07 759.4 1163.67
internal_count=28375 5844 4140 22531 8369 14162
is_linear=0
shrinkage=0.03


Tree=335
num_leaves=7
num_cat=0
split_feature=3 23 10 12 8 12
split_gain=0.12826 0.121087 0.117034 0.107979 0.350308 0.25551
threshold=0.077737442289941616 0.89400588103304024 0.0076560801086901923 1.3967022761021195 -0.046837012247303272 1.470437706341795
decision_type=2 2 2 2 2 2
left_child=1 3 -2 -1 -5 -6
right_child=2 -3 -4 4 5 -7
leaf_value=-6.4871442708942635e-05 -0.00039565145060143763 0.0013860010991293555 0.002616368882742714 0.0011997005687576765 -0.0027944279064537557 -0.00060179115205610562
leaf_weight=1781.0748351896764 15.48268141056178 35.780023861967493 19.105618684785441 75.585183084011078 47.259677514433861 357.80337199568748
leaf_count=25200 238 376 273 387 273 1749
internal_value=-0.000113293 -0.000143623 0.00148175 -0.000173816 -0.000567968 -0.000918773
internal_weight=2332.09 2297.5 34.5883 2261.72 480.648 405.063
internal_count=28496 27985 511 27609 2409 2022
is_linear=0
shrinkage=0.03


Tree=336
num_leaves=7
num_cat=0
split_feature=31 12 29 37 12 5
split_gain=0.196673 0.205134 0.189425 0.22525 0.182866 0.161748
threshold=0.070073723793029799 2.1262134057663959 1.6654444336891177 5.5241122582838651 1.2330545454763429 1.0000000180025095e-35
decision_type=8 2 10 10 2 2
left_child=1 2 3 4 -1 -4
right_child=-2 -3 5 -5 -6 -7
leaf_value=-0.00087469732640384581 0.00015493161218055112 0.0013781011996393251 -0.00050240670923194179 0.0011439223134393445 -0.0028063287510205347 0.0015337596348011912
leaf_weight=136.74263028358109 1917.8634565544344 35.811394348740578 124.54590119398199 23.203835086897016 67.673673078417778 37.514589467085898
leaf_count=1456 25030 155 1187 159 348 309
internal_value=2.49636e-05 -0.00055096 -0.000758284 -0.00129766 -0.00161524 3.06822e-05
internal_weight=2343.36 425.492 389.681 227.62 204.416 162.06
internal_count=28644 3614 3459 1963 1804 1496
is_linear=0
shrinkage=0.03


Tree=337
num_leaves=7
num_cat=0
split_feature=22 24 9 2 10 22
split_gain=0.131518 0.19715 0.357118 0.190333 0.22928 0.210381
threshold=0.06174024338956937 1.0000000180025095e-35 0.16545116388218942 -0.16615717033222976 -0.049446358495335963 0.013786453090246481
decision_type=2 2 2 2 2 2
left_child=3 2 -2 4 -1 -6
right_child=1 -3 -4 -5 5 -7
leaf_value=0.00069687108141085099 -0.002701446317081144 -0.00016978752237206766 0.0013641565656526049 0.00024416623260244222 -0.0010492329333734209 0.0010568993120044497
leaf_weight=113.6567777657765 65.012925766350236 343.11321581495577 19.30370737274643 1409.761197373402 330.20355470621143 40.641276948037557
leaf_count=1963 845 4187 220 15563 5010 598
internal_value=-3.99805e-05 -0.000508934 -0.00172471 6.79531e-05 -0.000439346 -0.000796729
internal_weight=2321.69 427.43 84.3166 1894.26 484.502 370.845
internal_count=28386 5252 1065 23134 7571 5608
is_linear=0
shrinkage=0.03


Tree=338
num_leaves=7
num_cat=0
split_feature=26 0 0 2 2 8
split_gain=0.139699 0.127523 0.169358 0.171376 0.169539 0.260718
threshold=-7.4371142387390128 -0.053351463142832671 -0.045906179183168853 -0.33896672383557519 -0.021640979111938085 0.12644176053820602
decision_type=8 2 2 2 2 2
left_child=-1 -2 -3 -4 5 -5
right_child=1 2 3 4 -6 -7
leaf_value=0.0019199154043353633 -0.00035369749180056299 0.0022546656336961059 -0.001783599001060543 0.00019185502419054006 -0.00047793466888284636 0.0023033724388228827
leaf_weight=23.291116341890302 757.93332190622459 22.715588013757952 33.554038123664213 1129.5365665617283 319.07273944350891 45.386037534684874
leaf_count=398 10836 259 760 12137 3770 401
internal_value=-9.69254e-06 -3.73614e-05 0.000118573 7.23504e-05 0.000125616 0.000292171
internal_weight=2331.49 2308.2 1550.26 1527.55 1494 1174.92
internal_count=28561 28163 17327 17068 16308 12538
is_linear=0
shrinkage=0.03


Tree=339
num_leaves=7
num_cat=0
split_feature=14 27 31 27 6 27
split_gain=0.142498 0.127372 0.194247 0.296121 0.243016 0.170292
threshold=0.023708787731604213 -0.48809476196765894 2.1767696887254719 -0.8499411642551421 -0.29401112815727642 -0.0610256940126419
decision_type=2 8 10 10 2 8
left_child=-1 2 3 -2 -4 -3
right_child=1 5 4 -5 -6 -7
leaf_value=-0.0013229043858935603 -0.0013563006033254341 -0.00078541802302852415 -0.0016547423101632708 0.0012298684687355695 0.0013647049357944142 4.407059543098657e-05
leaf_weight=61.989788636245066 87.41606567427516 247.41477172449231 18.436956282705069 57.825067738071084 209.45302218012512 1647.7370586618781
leaf_count=5533 833 2485 313 499 2568 16207
internal_value=-8.81654e-06 3.27451e-05 0.000531732 -0.000313767 0.00106113 -6.77745e-05
internal_weight=2330.27 2268.28 373.131 145.241 227.89 1895.15
internal_count=28438 22905 4213 1332 2881 18692
is_linear=0
shrinkage=0.03


Tree=340
num_leaves=7
num_cat=0
split_feature=30 33 14 30 12 0
split_gain=0.133028 0.246782 0.225779 0.224968 0.206438 0.186202
threshold=-1.0636585950851438 -1.9591204623381293 0.25831483864018429 -0.80691713094711293 0.47587262738994535 0.40629810526123383
decision_type=8 10 2 8 2 2
left_child=1 4 -3 -2 -1 -5
right_child=3 2 -4 5 -6 -7
leaf_value=0.00029182205039324124 -0.0020197046824112232 0.00017251637659326083 0.0015754842498591586 -0.00027617479289898997 -0.0016747202995644527 0.0016631577773876364
leaf_weight=81.878356286033522 55.191016309137922 665.12341427450883 112.9562863856554 1284.1508307000913 98.077682718634605 36.272173036704771
leaf_count=2479 614 10268 519 13582 713 317
internal_value=-0.000109284 0.000161149 0.000393597 -0.000297428 -0.000811702 -0.000210801
internal_weight=2333.65 958.036 778.08 1375.61 179.956 1320.42
internal_count=28492 13979 10787 14513 3192 13899
is_linear=0
shrinkage=0.03


Tree=341
num_leaves=7
num_cat=0
split_feature=24 35 35 37 3 2
split_gain=0.114531 0.178179 0.111529 0.125448 0.114517 0.101126
threshold=7.5000000000000009 -1.1791005180217324 0.66450221430171641 3.8020519371868837 -0.1673622702226866 -0.2868854246054367
decision_type=2 10 10 10 2 2
left_child=5 -2 4 -4 -3 -1
right_child=1 2 3 -5 -6 -7
leaf_value=-0.00086895681820168137 0.002084439501233634 -0.0024040096675290498 0.0014492348265455358 -0.0010221810100674612 0.00027993068517077771 7.63558061288659e-06
leaf_weight=115.65432340180269 49.76850922673475 16.750666318461299 51.830283710558433 18.117797089042142 26.830275814398192 2061.0383097205631
leaf_count=2770 690 254 699 170 304 23784
internal_value=1.62024e-05 0.000758522 5.55836e-05 0.000761308 -0.0010078 -4.27013e-05
internal_weight=2339.99 163.298 113.529 69.9481 43.5809 2176.69
internal_count=28671 2117 1427 869 558 26554
is_linear=0
shrinkage=0.03


Tree=342
num_leaves=7
num_cat=0
split_feature=35 1 37 10 5 10
split_gain=0.115693 0.171261 0.278489 0.147229 0.190948 0.169957
threshold=-3.9946261004855228 -0.045788356294305457 -1.5509328618323126 0.1027253599861722 1.0000000180025095e-35 0.08218629250300942
decision_type=8 2 10 2 2 2
left_child=1 2 -1 5 -5 -2
right_child=3 -3 -4 4 -6 -7
leaf_value=-0.0008797925336910858 2.1469226519531457e-06 0.00013681339560180837 0.0039682460005629533 -0.0013809753081567976 0.00088267522509471487 0.0011689018970959324
leaf_weight=11.46684327162802 1930.2094168886542 86.571784150233725 21.525844091549516 125.13051423235447 36.961818657582626 109.31036937216413
leaf_count=313 23551 1100 334 1491 369 1259
internal_value=5.05736e-05 0.000921767 0.00247056 -6.92831e-07 -0.0008435 7.00787e-05
internal_weight=2321.18 119.564 32.9927 2201.61 162.092 2039.52
internal_count=28417 1747 647 26670 1860 24810
is_linear=0
shrinkage=0.03


Tree=343
num_leaves=7
num_cat=0
split_feature=26 12 12 26 0 29
split_gain=0.162288 0.16722 0.126613 0.115437 0.126862 0.20732
threshold=-5.2269685268402091 1.2518752963798712 0.55803047731793887 -4.6094598770141593 0.082363552169606349 2.3574492931365971
decision_type=8 2 2 8 2 10
left_child=1 2 -1 -2 -5 -6
right_child=3 -3 -4 4 5 -7
leaf_value=0.0011837903227974963 -0.0013995421734999346 0.0027779019252423221 -0.0010705452027804591 -0.00016892212290668847 0.00011587823483143466 0.0017444661047842874
leaf_weight=42.662467750778887 47.031283304619137 26.526564754545689 29.371936567127705 1604.8857642134535 501.32798457544413 72.174013320473023
leaf_count=1065 637 140 235 20604 5089 681
internal_value=-1.21453e-05 0.00112065 0.000246139 -6.71042e-05 -3.20731e-05 0.000347217
internal_weight=2323.98 98.561 72.0344 2225.42 2178.39 573.502
internal_count=28451 1440 1300 27011 26374 5770
is_linear=0
shrinkage=0.03


Tree=344
num_leaves=7
num_cat=0
split_feature=27 29 14 27 8 37
split_gain=0.204248 0.183087 0.159003 0.144623 0.155462 0.169032
threshold=2.51499354839325 -4.6581373214721671 0.549338805063598 2.0387587547302251 0.013469284103407371 3.0055664539837323
decision_type=10 10 2 10 2 10
left_child=2 -2 3 -1 5 -5
right_child=1 -3 -4 4 -6 -7
leaf_value=6.7342435912124099e-05 1.5042242346729303e-05 -0.0019886628558214328 -0.0019479205340088882 -0.0015638469994350092 0.0023274806361348686 0.0017050122943637475
leaf_weight=2089.8847769873973 79.99899337044917 73.961496868287213 24.045413047075272 22.323899368639104 43.58367285632994 15.497695640660821
leaf_count=25675 1023 846 103 352 448 149
internal_value=1.1493e-05 -0.00101011 8.73939e-05 0.00011876 0.00128701 -0.000147961
internal_weight=2349.3 153.96 2195.34 2171.29 81.4053 37.8216
internal_count=28596 1869 26727 26624 949 501
is_linear=0
shrinkage=0.03


Tree=345
num_leaves=7
num_cat=0
split_feature=36 37 36 23 24 3
split_gain=0.0940825 0.237046 0.168523 0.167491 0.288012 0.192363
threshold=0.45996708604285402 7.8130348502761802 0.64633297171641257 -1.0000000180025095e-35 4.5000000000000009 -0.11434669462653095
decision_type=10 10 10 2 2 2
left_child=-1 2 -2 4 -4 -5
right_child=1 -3 3 5 -6 -7
leaf_value=-0.00013435619054851647 0.0014977617235368142 -0.0020584782394067031 0.0015418576318190342 0.00032614478341454564 -0.00038189822007277124 -0.0008426517980775817
leaf_weight=1419.4717644026387 92.29992387391394 28.465692834928632 165.37855725505506 324.33343374016113 111.11225640028715 194.3618491361849
leaf_count=18239 1146 210 1954 3731 1340 1917
internal_value=1.83221e-05 0.000253827 0.000350103 0.000199943 0.00078242 -0.000119473
internal_weight=2335.42 915.952 887.486 795.186 276.491 518.695
internal_count=28537 10298 10088 8942 3294 5648
is_linear=0
shrinkage=0.03


Tree=346
num_leaves=7
num_cat=0
split_feature=11 14 0 28 35 34
split_gain=0.129241 0.146021 0.141812 0.122715 0.122304 0.133801
threshold=0.1237091212798322 0.027661524865742027 1.0000000180025095e-35 0.11237372457981111 -3.9946261004855228 -7.9504116376241045
decision_type=2 2 2 8 8 8
left_child=1 -1 3 -2 -3 -6
right_child=2 4 -4 -5 5 -7
leaf_value=-0.0012783072352080178 -5.0434357129367798e-05 0.00089858818777111731 -0.00023520346215928794 0.0029282377732955268 0.0010501598732152472 -0.00014007229231345503
leaf_weight=78.670718332738033 17.691858300589956 109.20696163550019 42.923309564474039 29.482500484096818 78.85522080026567 1981.7230344396085
leaf_count=6157 239 1155 412 301 946 19335
internal_value=-3.83784e-05 -8.49711e-05 0.0010167 0.00199771 -3.6038e-05 -8.96721e-05
internal_weight=2338.55 2248.46 90.0977 47.1744 2169.79 2060.58
internal_count=28545 27593 952 540 21436 20281
is_linear=0
shrinkage=0.03


Tree=347
num_leaves=7
num_cat=0
split_feature=2 8 2 31 3 9
split_gain=0.132996 0.295032 0.289791 0.287043 0.236837 0.273395
threshold=-0.021640979111938085 0.12644176053820602 0.045092583946012975 -0.71286839246749867 -0.18161152488618179 0.10019122391016565
decision_type=2 2 2 10 2 2
left_child=1 -1 3 -2 -4 -6
right_child=2 -3 4 -5 5 -7
leaf_value=-1.3146885310955103e-06 -0.0030134302011786199 0.0018195042950337483 0.0020159459315698524 -0.0005585095228931165 -0.0012359961480492233 0.0016410435069320827
leaf_weight=1851.5998809899902 49.199262712849304 73.710096323629841 47.097615385515383 179.74928019908839 81.6552194840624 34.251540786179248
leaf_count=23029 524 693 578 2419 891 341
internal_value=-2.58103e-05 7.74364e-05 -0.000522277 -0.00119009 0.000430272 -0.000322991
internal_weight=2317.26 1925.31 391.953 228.949 163.004 115.907
internal_count=28475 23722 4753 2943 1810 1232
is_linear=0
shrinkage=0.03


Tree=348
num_leaves=7
num_cat=0
split_feature=10 12 28 36 10 4
split_gain=0.140535 0.190747 0.138584 0.130874 0.112712 0.231986
threshold=-0.13167212107272711 0.90457231434764562 -4.6628961563110343 0.71696443972177815 -0.079735478629532952 -0.185598406432786
decision_type=2 2 8 10 2 2
left_child=1 -1 3 -2 -4 -6
right_child=2 -3 4 -5 5 -7
leaf_value=-1.5672915602653806e-05 0.0020308775974078757 0.0032994554856108035 -0.00071765339864266397 -0.00051823775816693587 0.001237293227846001 -5.1507128756086075e-05
leaf_weight=35.296312595921336 46.211089108415763 17.888789638876915 187.20330566633493 21.706986313860398 124.57592940947507 1897.2745728037262
leaf_count=700 1157 108 2539 429 1597 22028
internal_value=4.94762e-05 0.00144509 1.07015e-05 0.00125422 -3.30105e-05 3.36007e-05
internal_weight=2330.16 53.1851 2276.97 67.9181 2209.05 2021.85
internal_count=28558 808 27750 1586 26164 23625
is_linear=0
shrinkage=0.03


Tree=349
num_leaves=7
num_cat=0
split_feature=23 36 31 9 6 4
split_gain=0.179914 0.130069 0.120163 0.255539 0.312539 0.186226
threshold=0.57784389018357951 -1.2375939872873809 7.1176422238349923 -0.033964588710620448 0.19980937527816131 -0.099630410757952884
decision_type=2 8 8 2 2 2
left_child=2 -2 -1 -4 5 -5
right_child=1 -3 3 4 -6 -7
leaf_value=-0.00018426414525110957 -0.00075073436317675546 0.0015596752252301279 -0.00063309419448122687 -0.0002237124641953666 0.0024025798982805126 0.0010401122629088606
leaf_weight=1553.2610447374173 21.151318529737182 96.501512178248959 183.87339025647088 239.41879954122123 67.845916096121073 172.99585096962983
leaf_count=16613 281 1022 3692 3662 842 2437
internal_value=2.2813e-05 0.00111804 -4.00575e-05 0.00029494 0.000655915 0.000318498
internal_weight=2335.05 117.653 2217.4 664.134 480.261 412.415
internal_count=28549 1303 27246 10633 6941 6099
is_linear=0
shrinkage=0.03


Tree=350
num_leaves=7
num_cat=0
split_feature=36 12 22 35 11 28
split_gain=0.117833 0.262287 0.261999 0.235845 0.17898 0.180424
threshold=-0.88793544512655986 0.633446994310499 -0.024390030626419836 -1.4838857754976267 -0.0046016221569531611 0.8462914526462556
decision_type=10 2 2 10 2 8
left_child=1 -1 4 -2 -3 -6
right_child=3 2 -4 -5 5 -7
leaf_value=0.00031377383105140574 0.0010858396982231196 0.0019461662501361694 -0.0012408188140801586 3.6866166580249739e-05 0.0010773988671448531 -0.0016993499490806714
leaf_weight=358.87761312894872 214.86130241947831 35.358330838382244 291.42478854954243 1362.8890694279107 30.003197431564331 35.540079735219479
leaf_count=7481 2691 235 1883 15706 208 239
internal_value=3.86894e-05 -0.000268369 -0.000795443 0.000185657 0.000486789 -0.000453901
internal_weight=2328.95 751.204 392.326 1577.75 100.902 65.5433
internal_count=28443 10046 2565 18397 682 447
is_linear=0
shrinkage=0.03


Tree=351
num_leaves=7
num_cat=0
split_feature=23 20 35 1 24 35
split_gain=0.17491 0.260054 0.163073 0.179161 0.205422 0.15936
threshold=-0.3021662770987818 0.0035117194306609344 1.7487796980398473 -0.13357643129280497 4.5000000000000009 0.24884694697601464
decision_type=2 2 8 2 2 10
left_child=1 2 5 -4 -5 -1
right_child=-2 -3 3 4 -6 -7
leaf_value=-0.000716427276717652 0.00021847960222989718 0.00061921357954683313 -0.0015710003601138913 0.0021884344890490599 -0.0011129675783546334 -0.0025541849902637357
leaf_weight=126.21447429299587 1914.7057498124777 128.08856073999777 26.170562688901555 36.497312906198204 18.994894970150199 64.792250505299307
leaf_count=1972 22531 1835 448 434 233 907
internal_value=9.89292e-05 -0.000463662 -0.00097626 0.000138137 0.00106098 -0.00143588
internal_weight=2315.46 400.758 272.669 81.6628 55.4922 191.007
internal_count=28360 5829 3994 1115 667 2879
is_linear=0
shrinkage=0.03


Tree=352
num_leaves=7
num_cat=0
split_feature=31 20 12 7 1 3
split_gain=0.122121 0.263749 0.173027 0.326421 0.250457 0.180485
threshold=4.4362272322177896 0.010088495554051948 1.1328809768349075 0.027620579926664699 -0.095779652002044594 -0.2691643109125138
decision_type=10 2 2 2 2 2
left_child=-1 2 4 -4 -2 -6
right_child=1 -3 3 -5 5 -7
leaf_value=-0.00023428629314119394 -0.0011814798389931356 0.00097410108094740319 0.00044986270475314732 -0.0023928281483048446 -0.00093743600623085008 0.00078343119763431409
leaf_weight=1474.2511903755949 92.420743314491119 268.87355964246672 64.148289188742638 66.548765785992146 57.531083703419426 306.40697802229261
leaf_count=15112 2325 4134 364 365 1245 4950
internal_value=-6.93669e-05 0.000214115 -0.000144446 -0.00106478 0.000136309 0.000493603
internal_weight=2330.18 855.929 587.056 130.697 456.359 363.938
internal_count=28495 13383 9249 729 8520 6195
is_linear=0
shrinkage=0.03


Tree=353
num_leaves=7
num_cat=0
split_feature=5 7 33 2 29 3
split_gain=0.171098 0.235444 0.210559 0.197773 0.210134 0.230465
threshold=-0.011440871593532123 0.055794532618364208 -2.113004038731257 0.10996922307793948 5.0672342777252206 -0.032539079533621125
decision_type=2 2 10 2 8 2
left_child=-1 3 -3 4 -2 -6
right_child=1 2 -4 -5 5 -7
leaf_value=0.00030574894351762872 0.0001713527578122643 -0.0021115198623588116 -0.00042720583244591434 0.0023187096549149113 -0.0016690799229634172 0.0014444869773453397
leaf_weight=1075.3309026133502 737.50461530951725 78.542475434223888 304.60158640283043 23.708691378065851 103.48178448237013 18.245323692099191
leaf_count=12923 9920 894 2919 294 1353 214
internal_value=2.89687e-05 -0.000206664 -0.000817407 6.4548e-05 -2.36107e-05 -0.00112817
internal_weight=2341.42 1266.08 383.144 882.94 859.232 121.727
internal_count=28517 15594 3813 11781 11487 1567
is_linear=0
shrinkage=0.03


Tree=354
num_leaves=7
num_cat=0
split_feature=37 33 21 9 10 25
split_gain=0.124461 0.230739 0.325061 0.312017 0.217625 0.178576
threshold=-2.64727548992995 -0.85887560745080294 1.0000000180025095e-35 -0.091277523273987263 0.075789695028385617 0.89907671907406439
decision_type=10 10 2 2 2 2
left_child=1 2 3 -1 -5 -2
right_child=5 -3 -4 4 -6 -7
leaf_value=-0.0022477866417301563 -0.0002316292586913109 0.0013614488779559776 -0.00090336615740517815 0.0019794926685141891 -0.00096361846852858395 0.0012490682348720262
leaf_weight=14.868544091063084 1814.2933465407114 136.31784654434887 179.23885940751643 107.79925605567405 21.56179354453343 66.521164897683775
leaf_count=373 19969 2409 3217 1414 250 930
internal_value=-6.46036e-05 0.00037277 -7.22165e-05 0.000952282 0.00145499 -0.000172931
internal_weight=2340.6 459.786 323.468 144.23 129.361 1880.81
internal_count=28562 7663 5254 2037 1664 20899
is_linear=0
shrinkage=0.03


Tree=355
num_leaves=7
num_cat=0
split_feature=8 6 35 6 37 33
split_gain=0.146022 0.217076 0.101091 0.0942963 0.236931 0.208548
threshold=0.23216899988254566 0.15133703455991829 -5.3374945697685066 0.13765415214040491 4.2348064620238857 -2.4166255990664163
decision_type=2 2 8 2 10 8
left_child=2 -2 -1 4 -4 -5
right_child=1 -3 3 5 -6 -7
leaf_value=0.0012009500086445856 0.0026815813201225619 -0.00053239304839909445 -0.00036364184263230345 -0.0012301679901348713 0.00066637437349097921 0.00041736411128741303
leaf_weight=45.575797383091412 32.786360563244671 28.898647950467421 1379.8341221206938 69.090507361921482 225.56744591961615 551.08394134254195
leaf_count=695 385 302 18882 745 1981 5489
internal_value=-2.16723e-05 0.00131165 -6.34768e-05 -9.46262e-05 -0.00021569 0.000217212
internal_weight=2332.84 61.685 2271.15 2225.58 1605.4 620.174
internal_count=28479 687 27792 27097 20863 6234
is_linear=0
shrinkage=0.03


Tree=356
num_leaves=7
num_cat=0
split_feature=8 4 36 4 20 11
split_gain=0.141479 0.110671 0.236908 0.18612 0.19403 0.206598
threshold=0.30369138395519463 -0.20708680384658804 1.3370425905873125 -0.13537235263806227 0.19161798785044981 -0.0046016221569531611
decision_type=2 2 10 2 2 2
left_child=1 2 -1 4 5 -3
right_child=-2 3 -4 -5 -6 -7
leaf_value=-0.0012052100254716337 0.0020749012434640155 0.00097789055834951672 0.0010463509401345873 -0.00016653905354230495 0.0023921241454214399 -0.00011387111780810979
leaf_weight=163.47030316680321 18.876148493611254 240.24643929011654 47.038694882008713 1422.2049058967677 32.879780182614923 409.4213977130712
leaf_count=2515 216 3071 564 16705 436 4996
internal_value=-1.21414e-05 -3.8007e-05 -0.000677458 2.88494e-05 0.000432501 0.000298565
internal_weight=2334.14 2315.26 210.509 2104.75 682.548 649.668
internal_count=28503 28287 3079 25208 8503 8067
is_linear=0
shrinkage=0.03


Tree=357
num_leaves=7
num_cat=0
split_feature=30 2 7 14 26 35
split_gain=0.143534 0.12458 0.104939 0.414238 0.205434 0.18144
threshold=6.2141816616058358 -0.051388150282861207 -0.0053885025339599291 0.44367978259385293 -1.3596047759056089 -1.6466933555073207
decision_type=10 2 2 2 8 8
left_child=2 -2 3 -1 -4 -6
right_child=1 -3 4 -5 5 -7
leaf_value=0.00025723289678826662 -0.001851706763867836 0.00055990998400590522 -0.00057924591610885679 0.0039821267137476043 0.0022510847984443696 0.00011343549607702091
leaf_weight=720.27381960446655 52.333662842982449 22.37400699686259 432.32411308994051 18.018972977995872 27.052599909249693 1058.921810447966
leaf_count=11065 496 199 4995 74 303 11336
internal_value=6.43131e-05 -0.00114862 0.00010936 0.000400145 -3.37318e-05 0.00018674
internal_weight=2331.3 74.7077 2256.59 738.293 1518.3 1085.97
internal_count=28468 695 27773 11139 16634 11639
is_linear=0
shrinkage=0.03


Tree=358
num_leaves=7
num_cat=0
split_feature=8 35 2 2 2 4
split_gain=0.129599 0.119928 0.292744 0.257648 0.319907 0.41595
threshold=-0.22904671692901882 -1.4517834591497845 0.1014095581341158 -0.061404001813750983 -0.11486646534770416 -0.17818859632036851
decision_type=2 10 2 2 2 2
left_child=-1 2 3 4 -2 -6
right_child=1 -3 -4 -5 5 -7
leaf_value=-0.0014750890948190842 4.3429021211923603e-05 -5.098585711891803e-05 0.0033785541363859388 -0.00066529876050452766 -0.0013737771714752551 0.0021161219021725505
leaf_weight=38.130259852332529 334.28814180934569 1558.0934328059666 18.87010174500756 180.8729824351758 29.959201134450268 167.2098060134449
leaf_count=1155 4688 17945 249 2288 369 1839
internal_value=6.61665e-05 9.81413e-05 0.000412313 0.00028805 0.000618802 0.00154513
internal_weight=2327.42 2289.29 731.2 712.33 531.457 197.169
internal_count=28533 27378 9433 9184 6896 2208
is_linear=0
shrinkage=0.03


Tree=359
num_leaves=7
num_cat=0
split_feature=27 29 25 2 0 23
split_gain=0.142275 0.249979 0.140976 0.124894 0.163678 0.108099
threshold=2.4626518487930302 -4.6581373214721671 -0.14691051921577392 -0.043662164216163528 -0.03380947129182587 -0.3021662770987818
decision_type=10 10 2 2 2 2
left_child=5 3 -3 4 -2 -1
right_child=1 2 -4 -5 -6 -7
leaf_value=-0.00037056752035602192 0.0011276024982903687 0.00013887749609444138 -0.0025828986379736385 0.0019463129877368196 -0.001494225610892862 0.00018730366347780909
leaf_weight=368.47117351408815 29.34508442634251 21.591286081587896 57.894409697968513 19.734532464994118 37.838866715203039 1794.9996151397645
leaf_count=5390 422 253 652 247 415 21099
internal_value=2.46223e-05 -0.000794884 -0.00191066 0.000317342 -0.000351322 9.10221e-05
internal_weight=2329.87 166.404 79.4857 86.9185 67.184 2163.47
internal_count=28478 1989 905 1084 837 26489
is_linear=0
shrinkage=0.03


Tree=360
num_leaves=7
num_cat=0
split_feature=24 23 23 7 23 26
split_gain=0.132231 0.161235 0.156221 0.1113 0.12376 0.117726
threshold=7.5000000000000009 0.20557854401914447 0.11800967529860353 0.015310571313245655 -0.31970166604574041 0.73273080587387096
decision_type=2 2 2 2 2 10
left_child=-1 2 3 4 5 -2
right_child=1 -3 -4 -5 -6 -7
leaf_value=-0.00018668470305191332 -0.0012909178275881566 0.0019731180832997909 -0.0020947323907273166 -0.00068994767425067721 0.0022715981234171035 0.0015585077167191844
leaf_weight=2175.347047991716 21.403456951549742 47.445878554717638 15.404962240601888 37.219429389864672 32.172079153126106 12.377376410702707
leaf_count=26489 369 569 172 394 443 185
internal_value=-0.000123453 0.000668582 3.37425e-05 0.000508562 0.00118671 -0.000129371
internal_weight=2341.37 166.023 118.577 103.172 65.9529 33.7808
internal_count=28621 2132 1563 1391 997 554
is_linear=0
shrinkage=0.03


Tree=361
num_leaves=7
num_cat=0
split_feature=8 33 3 25 11 7
split_gain=0.120242 0.119445 0.119272 0.212239 0.207568 0.259097
threshold=-0.22904671692901882 0.88852026065190637 -0.11661763466325299 -0.21701340830397872 0.028473842045541379 0.027620579926664699
decision_type=2 8 2 2 2 2
left_child=1 -1 3 -2 -4 -6
right_child=2 -3 4 -5 5 -7
leaf_value=-0.0023811959944067844 0.00082162820403422802 0.00067582797727745454 -0.00058202005433048904 -2.5047568707884685e-05 0.001296562174682373 -0.00052843551289074404
leaf_weight=26.383106978115393 339.8985242198687 11.4924575809855 581.64133664683322 1115.0965216394252 134.51493278745329 127.75137639802415
leaf_count=872 4402 280 6225 14033 1580 1175
internal_value=-1.81405e-05 -0.0015062 1.27932e-05 0.000177001 -0.000269077 0.000420838
internal_weight=2336.78 37.8756 2298.9 1455 843.908 262.266
internal_count=28567 1152 27415 18435 8980 2755
is_linear=0
shrinkage=0.03


Tree=362
num_leaves=7
num_cat=0
split_feature=3 33 20 33 14 9
split_gain=0.102134 0.276225 0.196758 0.19068 0.284917 0.265348
threshold=-0.052429155651936322 -4.4284944546719389 0.014256738480519443 -2.4544758647680278 0.11842500643211003 0.059698667393870537
decision_type=2 10 2 10 2 2
left_child=3 2 -2 4 -1 -6
right_child=1 -3 -4 -5 5 -7
leaf_value=0.00029073576047805247 0.0036464148499627323 0.00014888013417168149 -0.00010379022763333931 8.3609908406031717e-05 -0.00076621536494462259 -0.0033466729847163061
leaf_weight=162.24989095880301 27.69203589472454 388.08244450943312 18.096010195964482 1516.2959928454075 183.53686933219433 37.944530665874481
leaf_count=3975 279 3993 224 18615 1160 231
internal_value=2.67667e-05 0.000436594 0.00241135 -6.86131e-05 -0.000656962 -0.00133378
internal_weight=2333.9 433.87 45.788 1900.03 383.731 221.481
internal_count=28477 4496 503 23981 5366 1391
is_linear=0
shrinkage=0.03


Tree=363
num_leaves=7
num_cat=0
split_feature=8 37 4 33 33 33
split_gain=0.120757 0.116707 0.139927 0.0929717 0.17723 0.144216
threshold=0.30369138395519463 -6.0137545348643657 -0.035938198608663159 1.9114388525485995 1.7673004468282068 2.0310203023254876
decision_type=2 8 2 10 10 10
left_child=1 2 -1 4 -3 -5
right_child=-2 3 -4 5 -6 -7
leaf_value=0.0017878139731342018 0.0018879603179612753 -0.00012998671445200118 -0.001078140788308813 0.0021345130040018945 -0.0020020686588465932 0.00013110980525253329
leaf_weight=49.333621642872458 18.796321853296831 1948.467245316162 13.183230402064508 28.070063777966425 36.685736798215657 225.53282005951041
leaf_count=1305 219 23432 317 296 405 2444
internal_value=-4.31112e-05 -6.6984e-05 0.00111812 -0.000104903 -0.000174444 0.000425419
internal_weight=2320.07 2301.27 62.5169 2238.76 1985.15 253.603
internal_count=28418 28199 1622 26577 23837 2740
is_linear=0
shrinkage=0.03


Tree=364
num_leaves=7
num_cat=0
split_feature=2 10 2 26 23 36
split_gain=0.153589 0.213614 0.240451 0.236172 0.210627 0.194806
threshold=-0.12572700109751672 -0.052888014443342922 -0.021640979111938085 -3.3703117370605464 -0.28074864084349643 -1.2375939872873809
decision_type=2 2 2 10 2 10
left_child=-1 5 3 -3 -5 -2
right_child=1 2 -4 4 -6 -7
leaf_value=-0.00026775113772743459 -0.0018995226940878396 0.0016357573935452073 -0.00028021239270024673 -0.00079380231809872545 0.00064777048552133384 -3.9127069000547646e-05
leaf_weight=990.30154606103315 61.164797184726922 172.32178927998757 322.16596793464851 102.49194867245387 493.28612696574419 177.29352963279234
leaf_count=13770 844 1905 3838 1152 4892 2028
internal_value=1.35402e-05 0.000223621 0.000401607 0.00068751 0.000390766 -0.000573567
internal_weight=2319.03 1328.72 1090.27 768.1 595.778 238.458
internal_count=28429 14659 11787 7949 6044 2872
is_linear=0
shrinkage=0.03


Tree=365
num_leaves=7
num_cat=0
split_feature=23 14 24 30 30 28
split_gain=0.109889 0.26211 0.2095 0.155331 0.231562 0.18238
threshold=-0.29108432140184476 0.37533345012189662 2.5000000000000004 -0.93725132942199696 -3.2184172868728633 1.4551221728324892
decision_type=2 2 2 10 8 10
left_child=1 2 -1 4 -4 -5
right_child=-2 -3 3 5 -6 -7
leaf_value=0.0007315225615856369 2.7356519915367256e-05 -0.0033738379379295576 -0.00099392697242846524 -0.0023197579886928168 0.0012616539974917567 -2.6401439919522174e-05
leaf_weight=114.6809745671053 1913.7484667607059 17.010511353611946 90.085444930446101 75.797887248132611 59.374165227985941 49.416139567212667
leaf_count=1721 22494 72 1670 1046 879 576
internal_value=-6.85999e-05 -0.000510303 -0.000303849 -0.000746646 -7.49496e-05 -0.00148357
internal_weight=2320.11 406.365 389.355 274.674 149.46 125.214
internal_count=28458 5964 5892 4171 2549 1622
is_linear=0
shrinkage=0.03


Tree=366
num_leaves=7
num_cat=0
split_feature=23 26 1 0 5 3
split_gain=0.114148 0.15348 0.124739 0.108358 0.187505 0.24106
threshold=0.70902891549459535 0.29533955454826361 0.095387891846403505 -0.084840280120375242 0.005732849572629266 -0.16587677484293936
decision_type=2 10 2 2 2 2
left_child=3 2 -2 4 -1 -6
right_child=1 -3 -4 -5 5 -7
leaf_value=-0.00061909133779209692 0.003450459964530504 -0.00045729643189290669 0.00027735629139003312 6.4391297298040651e-05 -0.0010122562396302156 0.0016784228174129751
leaf_weight=542.90194707532646 18.024641589028761 30.552625792101026 21.691289947309997 1611.3604585338617 39.68460459378548 69.585343405487947
leaf_count=8207 252 322 211 18113 584 837
internal_value=-2.8871e-05 0.00108315 0.00212181 -6.80047e-05 -0.000391156 0.000698284
internal_weight=2333.8 70.2686 39.7159 2263.53 652.172 109.27
internal_count=28526 785 463 27741 9628 1421
is_linear=0
shrinkage=0.03


Tree=367
num_leaves=7
num_cat=0
split_feature=27 29 14 25 27 8
split_gain=0.132457 0.204402 0.139632 0.210913 0.122862 0.160013
threshold=2.4085525274276738 -7.0551838874816886 0.27480965911531868 0.29135470027750254 2.0789519548416142 0.013469284103407371
decision_type=10 10 2 2 10 2
left_child=4 -2 3 -3 -1 -6
right_child=1 2 -4 -5 5 -7
leaf_value=0.00011366030909287134 0.0006385659481773318 -0.0025322907814616757 0.00070685063454577993 0.00060394365992953107 -0.00019803685294134582 0.0027055489894016
leaf_weight=2100.5624116031831 61.469288637395948 72.839651293179486 18.114121556282043 20.802322402596474 28.777793183631729 27.911994131631218
leaf_count=25855 769 942 81 266 370 295
internal_value=8.93491e-05 -0.000685827 -0.0014069 -0.00184453 0.000154472 0.00142291
internal_weight=2330.48 173.225 111.756 93.642 2157.25 56.6898
internal_count=28578 2058 1289 1208 26520 665
is_linear=0
shrinkage=0.03


Tree=368
num_leaves=7
num_cat=0
split_feature=5 7 26 7 14 8
split_gain=0.10957 0.153308 0.181101 0.173296 0.101648 0.106294
threshold=-0.16809133489906505 -0.0348687374262052 2.3433248996734624 0.065152799049827126 0.028209123971929886 0.07302281778820903
decision_type=2 2 8 2 2 2
left_child=1 2 -1 -3 -2 -6
right_child=4 3 -4 -5 5 -7
leaf_value=0.001632786623813675 -0.00092728622887801033 -0.0021329258043197683 -0.0017664804729713866 0.00044091221824837587 0.00025450110151841658 -0.00022067245929266289
leaf_weight=33.625132140296046 76.350889336739783 67.311408578418195 11.438446344807742 29.563812889391556 1519.7711609806865 577.2688964754343
leaf_count=701 5795 900 182 319 15352 5223
internal_value=2.81969e-05 -0.00075093 0.000605844 -0.0013797 8.22859e-05 0.00012327
internal_weight=2315.33 141.939 45.0636 96.8752 2173.39 2097.04
internal_count=28472 2102 883 1219 26370 20575
is_linear=0
shrinkage=0.03


Tree=369
num_leaves=7
num_cat=0
split_feature=11 11 11 12 7 7
split_gain=0.119827 0.152634 0.132765 0.128221 0.124269 0.172152
threshold=-0.090659555424422958 -0.082744503990878446 -0.17568712271944514 1.1328809768349075 0.056831514384916258 -0.037085847751250657
decision_type=2 2 2 2 2 2
left_child=2 -2 3 -1 5 -4
right_child=1 -3 4 -5 -6 -7
leaf_value=-0.00042261793032971693 0.0018745464224353978 6.2440820582645513e-05 2.3195327485784132e-06 0.0025183788863006604 0.00037961015028100949 -0.002234660881193912
leaf_weight=28.507170587778091 32.713816316216253 2092.5040993518196 47.781883866118733 11.77373408526182 39.824036271194927 77.849200782133266
leaf_count=623 393 25225 843 69 380 961
internal_value=3.10328e-05 9.89834e-05 -0.000642937 0.000766905 -0.00101032 -0.00144642
internal_weight=2330.95 2125.22 205.736 40.2809 165.455 125.631
internal_count=28494 25618 2876 692 2184 1804
is_linear=0
shrinkage=0.03


Tree=370
num_leaves=7
num_cat=0
split_feature=28 12 34 29 9 1
split_gain=0.137069 0.169144 0.136416 0.126225 0.145375 0.188463
threshold=3.8115005493164067 1.2703982667234479 0.72644272446632396 -6.7751545906066886 -0.12268658923562033 -0.12867159339509693
decision_type=10 2 10 8 2 2
left_child=3 2 -2 -1 5 -5
right_child=1 -3 -4 4 -6 -7
leaf_value=0.00040974811030414823 0.0011279978755291136 0.00247883414685913 -0.0013533944298757181 -0.0016949251917919622 -0.00025605691721791279 0.001157849726866886
leaf_weight=386.1279173908988 34.405070805456489 32.977648101747036 26.191578120924532 15.714623963780467 1715.6977006844972 119.67873350137961
leaf_count=5277 390 162 260 435 20135 1844
internal_value=-2.79214e-05 0.00103927 1.56855e-05 -7.69841e-05 -0.00018017 0.000732937
internal_weight=2330.79 93.5743 60.5966 2237.22 1851.09 135.393
internal_count=28503 812 650 27691 22414 2279
is_linear=0
shrinkage=0.03


Tree=371
num_leaves=7
num_cat=0
split_feature=36 34 25 12 5 8
split_gain=0.140426 0.226455 0.27643 0.231831 0.290296 0.434216
threshold=1.5582094863702209 0.98673413073023164 0.0044292037267302251 0.01995176024310941 -0.069669188186878353 -0.015210850658742765
decision_type=8 10 2 2 2 2
left_child=-1 3 -3 -2 5 -5
right_child=1 2 -4 4 -6 -7
leaf_value=-5.0156626456029872e-05 -0.00057075595724703581 -0.0016525699749132758 0.00093939215565691026 0.0017255020268495639 0.0015261565266918306 -0.0017062053686034632
leaf_weight=1686.9270010854816 90.734884020261234 78.912452094315086 54.936222839402035 49.094487333670259 301.8336910251528 65.881380751729012
leaf_count=21110 2751 746 478 417 2377 525
internal_value=9.40268e-05 0.000468192 -0.000597388 0.000755318 0.0010506 -0.000220055
internal_weight=2328.32 641.393 133.849 507.544 416.81 114.976
internal_count=28404 7294 1224 6070 3319 942
is_linear=0
shrinkage=0.03


Tree=372
num_leaves=7
num_cat=0
split_feature=27 7 6 12 6 26
split_gain=0.198274 0.193206 0.194149 0.165617 0.143883 0.202389
threshold=-0.37955765426158899 0.032749756560090847 1.0000000180025095e-35 0.91967765210198549 0.25800267363092039 -1.0846329331398008
decision_type=8 2 2 2 2 8
left_child=1 2 3 -1 -2 -6
right_child=4 -3 -4 -5 5 -7
leaf_value=-0.00027329501504999234 -0.00028384797310532136 -0.00027522766886202687 0.0020272729354075744 0.0016371214663606964 -0.000704501560724258 0.0010852451933267161
leaf_weight=118.44745298341149 1660.9404642037698 164.6028873930336 95.162723319546785 50.597194295376539 77.421753099362832 158.82906316607841
leaf_count=2828 19635 2078 1469 318 738 1456
internal_value=-5.28347e-05 0.00052241 0.00101126 0.000358016 -0.000184911 0.000493936
internal_weight=2326 428.81 264.207 169.045 1897.19 236.251
internal_count=28522 6693 4615 3146 21829 2194
is_linear=0
shrinkage=0.03


Tree=373
num_leaves=7
num_cat=0
split_feature=14 13 7 21 13 34
split_gain=0.142571 0.202488 0.200909 0.148354 0.125181 0.256721
threshold=0.31953153718185695 2.3502401828962087 0.087091821336873293 1.0000000180025095e-35 1.8688348091416842 -1.6134524345397947
decision_type=2 2 2 2 2 10
left_child=4 2 3 -2 5 -1
right_child=1 -3 -4 -5 -6 -7
leaf_value=-0.0004344807474890823 0.00052275186980771089 0.00094814781146028719 -0.0025494274178951971 -0.0012113467618928536 2.800632235378e-05 0.0023495412379837448
leaf_weight=51.918868956970982 71.036402404308319 49.46036496758461 49.289104163646698 91.642910689115524 1964.5210246904462 52.543937066569924
leaf_count=562 304 212 207 394 26334 431
internal_value=-8.24032e-08 -0.000646722 -0.00104482 -0.000467704 8.43422e-05 0.00104879
internal_weight=2330.41 261.429 211.968 162.679 2068.98 104.463
internal_count=28444 1117 905 698 27327 993
is_linear=0
shrinkage=0.03


Tree=374
num_leaves=7
num_cat=0
split_feature=28 31 27 8 35 29
split_gain=0.131363 0.152271 0.16572 0.184744 0.156189 0.264875
threshold=0.31883437931537634 1.2116855680942538 -0.11986281350255011 0.083051919576249661 -1.4517834591497845 -0.96448954939842213
decision_type=8 10 10 2 10 10
left_child=1 2 -1 -4 -3 -6
right_child=-2 4 3 -5 5 -7
leaf_value=-0.0023420975240093897 0.00021877362048405597 0.00069728521438950633 -0.0010144012973431276 0.0012143734877159732 -0.00070671833954101429 0.0005369363851798623
leaf_weight=47.469798788195476 1298.0244240069296 183.45514019810071 107.97212316701189 37.324331692187116 427.32374648016412 229.13190546742408
leaf_count=507 13613 3445 1035 294 6624 3001
internal_value=1.86214e-05 -0.000232646 -0.000970583 -0.000400535 -5.38559e-05 -0.000271085
internal_weight=2330.7 1032.68 192.766 145.296 839.911 656.456
internal_count=28519 14906 1836 1329 13070 9625
is_linear=0
shrinkage=0.03


Tree=375
num_leaves=7
num_cat=0
split_feature=5 34 7 26 14 14
split_gain=0.194418 0.215275 0.182584 0.247889 0.247395 0.225017
threshold=1.0000000180025095e-35 -7.6496938218673067 0.081556182558951265 -1.6245245933532713 0.11583769766734943 0.31071663281077194
decision_type=2 8 2 8 2 2
left_child=1 -1 3 -2 -4 -5
right_child=2 -3 4 5 -6 -7
leaf_value=0.0011067347763626314 0.0020015335403025932 -0.00028091717588442139 0.0013446893563358749 0.0006633355507124196 -0.0013129039484551554 -0.001545411318164722
leaf_weight=97.022169583040522 99.032950509747025 1732.0183811152237 36.824076670105569 234.2767768149497 89.604390859603882 40.262459844350815
leaf_count=2275 1182 20925 590 2817 506 173
internal_value=-5.81993e-05 -0.000201691 0.000460367 0.000788885 -0.000497016 0.000296484
internal_weight=2329.04 1829.04 500.001 373.572 126.428 274.539
internal_count=28468 23200 5268 4172 1096 2990
is_linear=0
shrinkage=0.03


Tree=376
num_leaves=7
num_cat=0
split_feature=27 28 36 36 5 7
split_gain=0.149781 0.213599 0.239379 0.181976 0.245924 0.27021
threshold=2.8338406085968022 2.7757409811019902 2.0507956012191939 1.3149319320716442 -0.06872493235895738 0.077291340897316929
decision_type=10 10 10 8 2 2
left_child=1 3 -3 -1 -5 -6
right_child=-2 2 -4 4 5 -7
leaf_value=-0.00031197527468381181 -0.0010828985185273915 0.0012172845048354732 -0.0013920859963074748 -0.00063031199875805135 0.0010368701256032252 -0.00075053220784931755
leaf_weight=1368.1949350427312 115.9164429976372 195.69060440076282 28.781959081534296 173.27892548558884 356.97643446875736 88.265865854802541
leaf_count=17810 1401 1695 226 2066 4381 775
internal_value=-7.64574e-05 -1.90593e-05 0.000837608 -0.000119562 0.000304258 0.000673828
internal_weight=2327.11 2211.19 224.473 1986.72 618.521 445.242
internal_count=28354 26953 1921 25032 7222 5156
is_linear=0
shrinkage=0.03


Tree=377
num_leaves=7
num_cat=0
split_feature=7 26 22 33 35 35
split_gain=0.143841 0.274061 0.289342 0.191695 0.171759 0.166159
threshold=0.081556182558951265 -0.86680525541305531 0.018034741916913954 -0.121344784895579 1.0981015164141705 5.4612777573197642
decision_type=2 10 2 10 10 10
left_child=5 3 -3 -2 -4 -1
right_child=1 2 4 -5 -6 -7
leaf_value=0.00010040660941638269 -0.0017583202181435213 -0.00042100031854888176 0.0031146748840903743 0.00057077901269654628 0.00026448023896812783 0.0020519571162201308
leaf_weight=1852.5806660120434 148.57327112759231 205.33722523695906 29.204404682270251 34.614078484941274 40.967145425733179 30.165818077046424
leaf_count=24001 1526 1858 280 311 353 334
internal_value=2.59449e-05 -0.000444693 0.000157374 -0.00131146 0.00169123 0.000142351
internal_weight=2341.44 458.696 275.509 183.187 70.1716 1882.75
internal_count=28663 4328 2491 1837 633 24335
is_linear=0
shrinkage=0.03


Tree=378
num_leaves=7
num_cat=0
split_feature=3 34 2 33 14 20
split_gain=0.174472 0.275105 0.315835 0.223781 0.186624 0.271829
threshold=-0.15973985177586061 0.6865933736165365 0.082216118246992195 0.27451470401138073 0.21367782318285913 -0.046564305608116884
decision_type=2 10 2 10 2 2
left_child=1 2 3 -1 5 -3
right_child=-2 4 -4 -5 -6 -7
leaf_value=-0.00059852524297620841 -0.00032044910428509314 -0.0011136777724786485 0.0025935912061010626 0.00053687538363058837 0.0020498931601946372 0.0013246482377081814
leaf_weight=474.31206922233105 1371.4374887446756 59.411183763295412 27.434628986869939 221.54525867832126 92.017660185694695 92.305599611718208
leaf_count=7518 15249 822 369 3010 451 1200
internal_value=-0.000103817 0.000203547 -9.33761e-05 -0.000234555 0.00105363 0.000359995
internal_weight=2338.46 967.026 723.292 695.857 243.734 151.717
internal_count=28619 13370 10897 10528 2473 2022
is_linear=0
shrinkage=0.03


Tree=379
num_leaves=7
num_cat=0
split_feature=14 0 5 35 3 37
split_gain=0.135601 0.131816 0.152751 0.186495 0.138417 0.132324
threshold=0.02868019551154518 -0.084840280120375242 0.02352343265814056 -4.5119644946967936 -0.18287393827697382 -5.4824279871101327
decision_type=2 2 2 8 2 8
left_child=-1 2 3 -2 -4 -5
right_child=1 -3 4 5 -6 -7
leaf_value=-0.0010927678051860605 0.0017245306151453988 0.0001953433611179017 -0.00086465316857411002 0.0014378989913604793 0.0015587768216073466 -0.00071371498557475002
leaf_weight=87.341564650690998 22.955100880935788 1607.7727249935269 23.321529837325215 17.94245944544673 57.365553455427289 514.83253140747547
leaf_count=6550 263 14935 244 258 541 5730
internal_value=3.53418e-06 5.08596e-05 -0.000311523 -0.000490641 0.000840211 -0.000616098
internal_weight=2331.53 2244.19 636.417 555.73 80.6871 532.775
internal_count=28521 21971 7036 6251 785 5988
is_linear=0
shrinkage=0.03


Tree=380
num_leaves=7
num_cat=0
split_feature=7 11 5 5 7 27
split_gain=0.145549 0.244518 0.177838 0.249641 0.210731 0.198413
threshold=0.081556182558951265 -0.037203495859490364 -0.054270580525153801 -0.011440871593532123 0.12526411000843354 -2.0555000200029886e-14
decision_type=2 2 2 2 2 8
left_child=-1 -2 -3 -4 -5 -6
right_child=1 2 3 4 5 -7
leaf_value=0.00011026711889078305 0.00090269071819131257 -0.0023158426458086759 0.001065410726851591 -0.0016762809927110879 -0.0015931509140770423 0.00077816150997126539
leaf_weight=1884.3799479545269 84.889721947256476 50.228849975566845 63.411080981139094 139.06867885863176 37.318706234684214 86.561075423960574
leaf_count=24279 781 441 571 1368 397 766
internal_value=-7.15256e-06 -0.000478788 -0.000805493 -0.000511101 -0.000916388 -1.83544e-06
internal_weight=2345.86 461.478 376.588 326.36 262.948 123.88
internal_count=28603 4324 3543 3102 2531 1163
is_linear=0
shrinkage=0.03


Tree=381
num_leaves=7
num_cat=0
split_feature=25 23 28 23 20 3
split_gain=0.117563 0.197996 0.233198 0.165593 0.165605 0.249256
threshold=0.82747612791619707 -0.71483653767903654 0.30202503502368933 -0.30827912751255176 0.0035117194306609344 -0.23563403307351424
decision_type=2 2 10 2 2 2
left_child=3 2 -2 4 5 -1
right_child=1 -3 -4 -5 -6 -7
leaf_value=0.00077340583859206158 -0.0012774085615373154 0.0031726684901518202 0.0016443109908841546 2.979872046489006e-05 0.00028803350707015538 -0.0016867341927891382
leaf_weight=40.764848819002509 40.352862549596466 16.940038143889979 38.15914945746772 1931.5195645684726 96.673112473275978 163.48500034373137
leaf_count=779 828 210 482 22705 1375 2096
internal_value=-2.7564e-05 0.000951515 0.000167971 -7.34828e-05 -0.000716048 -0.00118255
internal_weight=2327.89 95.4521 78.512 2232.44 300.923 204.25
internal_count=28475 1520 1310 26955 4250 2875
is_linear=0
shrinkage=0.03


Tree=382
num_leaves=7
num_cat=0
split_feature=5 27 10 14 35 2
split_gain=0.110634 0.143963 0.111203 0.184759 0.118562 0.228971
threshold=-0.19583125604962334 -0.31586354970932001 -0.12795175703621778 0.15789183885710947 -1.4517834591497845 -0.0087989936573604054
decision_type=2 10 2 2 8 2
left_child=1 -1 3 -2 5 -4
right_child=2 -3 4 -5 -6 -7
leaf_value=-0.0025076219103798711 -0.00032013724581128193 -0.00016452538210121962 0.000608418161495689 0.0027594549539242089 -0.00020742087186243787 -0.0010628693100233715
leaf_weight=28.622733100201003 33.577469019597629 64.656663151923567 408.69649280566955 22.940366640686989 1690.758632757992 80.083838261954952
leaf_count=548 723 922 5409 130 19727 1053
internal_value=-9.65937e-05 -0.00105669 -5.2016e-05 0.00115678 -8.85016e-05 0.000318768
internal_weight=2329.34 93.2794 2236.06 56.5178 2179.54 488.78
internal_count=28512 1470 27042 853 26189 6462
is_linear=0
shrinkage=0.03


Tree=383
num_leaves=7
num_cat=0
split_feature=26 7 35 1 12 5
split_gain=0.138694 0.221481 0.212023 0.198493 0.185754 0.282076
threshold=2.2174268960952763 -0.0025527164616373599 2.6945338199536009 -0.025568086210035059 1.0259299102469412 0.013864707673359318
decision_type=8 2 10 2 2 2
left_child=1 3 -3 -1 -2 -6
right_child=4 2 -4 -5 5 -7
leaf_value=0.00027747975103412125 -5.2847993556890675e-05 -0.00027485020835502712 0.0014970242806449921 0.0016943653351553665 -0.00049550055447594038 -0.0029796375745359395
leaf_weight=502.97520213860844 408.01163172753877 1048.8491900064982 54.58927991183009 99.727523451583693 175.84688403457403 46.078403241932392
leaf_count=7985 6174 11423 523 1218 1003 249
internal_value=-6.28053e-05 7.80388e-05 -0.000174534 0.000535755 -0.00043953 -0.00111752
internal_weight=2336.08 1706.14 1103.44 602.703 629.937 221.925
internal_count=28575 21149 11946 9203 7426 1252
is_linear=0
shrinkage=0.03


Tree=384
num_leaves=7
num_cat=0
split_feature=35 31 10 7 26 28
split_gain=0.142285 0.321911 0.222386 0.249033 0.207566 0.156987
threshold=3.1653049662709241 7.1176422238349923 -0.041239527513858058 0.013636810848648913 3.272346138954163 2.7757409811019902
decision_type=10 10 2 2 10 10
left_child=5 2 -2 -4 -5 -1
right_child=1 -3 3 4 -6 -7
leaf_value=-0.00022235090991459228 0.0014625338752311883 0.0018178004703603163 -0.0023500250128187794 0.00187051981832036 -0.0011725005333847115 0.00061007408146706459
leaf_weight=1878.9941690926789 37.733042091364041 102.95806562885991 49.36322102160193 29.03800576296635 32.194015614222735 218.89077686506789
leaf_count=23958 376 1432 491 247 259 1878
internal_value=-5.13693e-05 0.000609256 -0.000291451 -0.000961532 0.000330594 -0.000133014
internal_weight=2349.17 251.286 148.328 110.595 61.232 2097.88
internal_count=28641 2805 1373 997 506 25836
is_linear=0
shrinkage=0.03


Tree=385
num_leaves=7
num_cat=0
split_feature=2 11 8 11 0 25
split_gain=0.165203 0.251197 0.235478 0.225067 0.217666 0.160978
threshold=-0.021640979111938085 0.016530425826054362 0.12644176053820602 0.087064646621101749 -0.09528584570152103 0.23975656774441403
decision_type=2 2 2 2 2 2
left_child=2 -2 5 -3 -4 -1
right_child=1 3 4 -5 -6 -7
leaf_value=0.00019332781852484567 0.00016782626523776753 -0.0019563141001179632 -0.00069247547807351666 0.00024834443250931456 0.0025475772658271243 -0.00046014461051114707
leaf_weight=1438.3559921074484 207.20765906461747 131.91177710168995 21.302576324495021 56.074870505952276 53.754265110939741 433.12846195633756
leaf_count=17460 2514 1629 226 633 461 5617
internal_value=-3.36541e-06 -0.000554701 0.000110832 -0.00131936 0.00165469 4.04491e-05
internal_weight=2341.74 395.194 1946.54 187.987 75.0568 1871.48
internal_count=28540 4776 23764 2262 687 23077
is_linear=0
shrinkage=0.03


Tree=386
num_leaves=7
num_cat=0
split_feature=5 36 36 34 34 0
split_gain=0.154788 0.222036 0.278856 0.27486 0.225773 0.199587
threshold=1.0000000180025095e-35 2.0161439906805758 1.6576886420335737 0.26298455397288006 0.6865933736165365 -0.33231239181116062
decision_type=2 10 10 10 8 2
left_child=1 2 4 -3 5 -1
right_child=-2 3 -4 -5 -6 -7
leaf_value=0.00083722779766924572 0.00042743424128853069 -8.3176702919412446e-05 0.0015076256560622033 -0.0022262685145956972 0.00033856575032455084 -0.0005562332055915394
leaf_weight=94.344222312909551 500.94348440223257 119.44071005983278 88.354765229858458 89.324814185732976 555.69074459414696 878.96154105241294
leaf_count=2167 5282 1449 969 874 5915 11802
internal_value=-3.45733e-05 -0.00016295 -4.13582e-05 -0.00105999 -0.000140083 -0.000414022
internal_weight=2327.06 1826.12 1617.35 208.766 1529 973.306
internal_count=28458 23176 20853 2323 19884 13969
is_linear=0
shrinkage=0.03


Tree=387
num_leaves=7
num_cat=0
split_feature=34 36 4 31 11 20
split_gain=0.171225 0.295139 0.379556 0.234259 0.197661 0.25016
threshold=1.3621511314995589 1.0991605009240588 -0.091708521687438302 10.838353157043459 -0.010842281030976985 -0.20302470420860638
decision_type=8 10 2 10 2 2
left_child=-1 2 4 -3 -2 -6
right_child=1 3 -4 -5 5 -7
leaf_value=0.0001870010300905508 0.00030510094887594162 -0.0019172059996425202 0.00092573787717540874 0.00099911651292548093 0.0014938432275539647 -0.0015709768438282739
leaf_weight=1637.5912947265606 114.28895367565565 137.00054220110178 214.63897214678582 23.307838369160891 19.369279623380862 182.59591559926048
leaf_count=21450 1238 1183 2191 266 275 1914
internal_value=1.99831e-05 -0.000372739 -2.36889e-05 -0.00145942 -0.000676681 -0.00122044
internal_weight=2328.79 691.202 530.893 160.308 316.254 201.965
internal_count=28517 7067 5618 1449 3427 2189
is_linear=0
shrinkage=0.03


Tree=388
num_leaves=7
num_cat=0
split_feature=30 26 4 22 35 29
split_gain=0.136329 0.17608 0.300601 0.316341 0.27774 0.217128
threshold=-4.4259374141693106 0.21048985421657565 -0.039619780768251171 0.0098045582349376038 -1.3333392848098087 0.48478430509567266
decision_type=10 8 2 2 10 8
left_child=1 4 3 -3 -1 -5
right_child=-2 2 -4 5 -6 -7
leaf_value=0.00066814228700935654 -0.00013828170475226406 0.00091198876839957126 0.0024254004690772235 0.0010323410750867467 -0.0011777867369228362 -0.0020072315715172766
leaf_weight=146.15392134198919 1667.797600603546 230.6920729780395 69.658379395114025 22.9444638271234 128.79105271623121 60.407177715795115
leaf_count=2742 18287 3233 933 405 2258 726
internal_value=6.10176e-06 0.000368304 0.000775709 0.000346234 -0.000207525 -0.00114956
internal_weight=2326.44 658.647 383.702 314.044 274.945 83.3516
internal_count=28584 10297 5297 4364 5000 1131
is_linear=0
shrinkage=0.03


Tree=389
num_leaves=7
num_cat=0
split_feature=24 34 26 8 26 29
split_gain=0.0987572 0.111572 0.10213 0.11149 0.232807 0.213095
threshold=7.5000000000000009 1.6460142284631731 -7.4371142387390128 -0.066244158714105342 -0.98678648471832264 -2.7687523365020748
decision_type=2 10 8 2 10 8
left_child=2 -2 -1 4 5 -4
right_child=1 -3 3 -5 -6 -7
leaf_value=0.0016200256067064251 0.0010104370211697564 -0.0009027293157848411 0.00010496524496288861 5.3918067699036614e-06 7.096985687634812e-05 -0.0022822553661259281
leaf_weight=21.919426702370401 138.19583147042431 25.471777100348845 49.616137314762454 1817.8528126595338 207.73429902640055 89.325295272574294
leaf_count=372 1852 250 1021 20224 3276 1655
internal_value=-1.08845e-05 0.000677853 -6.52917e-05 -8.97298e-05 -0.000574683 -0.00147996
internal_weight=2350.12 163.668 2186.45 2164.53 346.676 138.941
internal_count=28650 2102 26548 26176 5952 2676
is_linear=0
shrinkage=0.03


Tree=390
num_leaves=7
num_cat=0
split_feature=10 12 34 12 10 9
split_gain=0.178786 0.199811 0.357931 0.288738 0.222475 0.214524
threshold=0.02927230449311723 0.82828075264688927 -7.9504116376241045 -0.25754770130003662 0.039433024625700482 0.058609174009667885
decision_type=2 2 10 2 2 2
left_child=-1 2 3 -2 -3 -6
right_child=1 4 -4 -5 5 -7
leaf_value=-0.00017580188559458823 -0.0011032193499444167 0.0024154924370206848 -0.00048287443357387244 0.0027359241460364813 0.0010430524936745776 -0.0005422032842861775
leaf_weight=1524.5125458088878 18.244441537273815 59.116472736001015 349.27315903091221 52.330663960427046 216.36506826430559 108.64379131048918
leaf_count=19034 867 340 5694 596 1283 617
internal_value=1.49028e-05 0.000374238 -7.93575e-05 0.00172972 0.000859452 0.000512767
internal_weight=2328.49 803.974 419.848 70.5751 384.125 325.009
internal_count=28431 9397 7157 1463 2240 1900
is_linear=0
shrinkage=0.03


Tree=391
num_leaves=7
num_cat=0
split_feature=36 10 24 27 3 31
split_gain=0.136676 0.172804 0.153191 0.167819 0.164872 0.148775
threshold=3.4497943479705744 -0.015022635631142726 7.5000000000000009 -2.0974999792860036e-14 -0.19454273573714381 -2.8915134370326991
decision_type=10 2 2 10 2 8
left_child=2 -2 5 4 -4 -1
right_child=1 -3 3 -5 -6 -7
leaf_value=0.00092191848481386069 -0.00060878713533835853 0.002582480153020554 -0.00053998343443871022 4.0751457039445044e-05 0.0027329093410370115 -0.00017843211905186758
leaf_weight=107.05188069515862 19.784645258216187 29.293770812335424 14.702800856088286 103.07920027530054 44.254538550507277 2031.9304913455853
leaf_count=852 200 301 287 1216 577 25256
internal_value=-1.42151e-05 0.00141072 -5.05803e-05 0.000811117 0.00195677 -0.000119328
internal_weight=2350.1 49.0784 2301.02 162.037 58.9573 2138.98
internal_count=28689 501 28188 2080 864 26108
is_linear=0
shrinkage=0.03


Tree=392
num_leaves=7
num_cat=0
split_feature=10 14 7 14 5 30
split_gain=0.101097 0.201637 0.112481 0.319307 0.225238 0.168071
threshold=-0.13636765782435836 0.16515498745499688 0.081556182558951265 0.13161067903979992 -0.0072937578581972586 -12.747866153717039
decision_type=2 2 2 2 2 10
left_child=1 -1 -2 5 -5 -4
right_child=2 -3 3 4 -6 -7
leaf_value=-0.00039728445226346076 9.1735822811188516e-05 0.0031386945252463942 0.002840378880458717 -0.00010791147684190075 -0.0017682147130472809 0.00020002603032757534
leaf_weight=27.069265998812625 1835.396979662808 17.089907266199589 15.796511857537551 136.13513857126236 153.53171370923519 148.67249213095056
leaf_count=578 23583 94 322 749 839 2326
internal_value=1.69265e-05 0.00129802 -1.33198e-05 -0.000430732 -0.00101756 0.000601886
internal_weight=2333.69 44.1592 2289.53 454.136 289.667 164.469
internal_count=28491 672 27819 4236 1588 2648
is_linear=0
shrinkage=0.03


Tree=393
num_leaves=7
num_cat=0
split_feature=23 1 33 37 37 14
split_gain=0.137218 0.158263 0.209126 0.197259 0.121726 0.24538
threshold=0.62378312966976102 0.098037900020779181 0.1106058160463969 1.2428333204841668 2.152637738155935 0.21726370230483844
decision_type=2 2 8 10 8 2
left_child=4 3 -3 -2 -1 -6
right_child=1 2 -4 -5 5 -7
leaf_value=6.3276143475628644e-05 -5.62629228252573e-06 -0.0016611924813094683 0.0015652810698224729 0.0035606992870469314 -1.7465127926517351e-05 -0.00098970211649817424
leaf_weight=1246.945524669165 24.188426571839955 29.162443505018018 23.694455229764571 22.903037599986419 625.9849110552459 363.10807447135448
leaf_count=17648 350 284 226 239 8099 1744
internal_value=-8.36272e-05 0.000951814 -0.000195922 0.00204874 -0.000133942 -0.000380719
internal_weight=2335.99 99.9484 52.8569 47.0915 2236.04 989.093
internal_count=28590 1099 510 589 27491 9843
is_linear=0
shrinkage=0.03


Tree=394
num_leaves=7
num_cat=0
split_feature=25 37 26 26 37 14
split_gain=0.154558 0.202258 0.17252 0.17416 0.173933 0.242282
threshold=-0.15121687017724014 4.2348064620238857 -1.2080410122871397 -1.4899728894233701 -1.4260818336732111 0.22021843570589214
decision_type=2 10 8 10 8 2
left_child=1 -1 3 -2 -4 -6
right_child=2 -3 4 -5 5 -7
leaf_value=0.00015108589858817847 -0.00039050331879165166 0.0015403235979633463 0.00086932788609218837 -0.0021253233542214418 0.00019853327726614484 -0.00081073772234936648
leaf_weight=526.49102440431307 458.28761171145015 105.66272151423618 187.85753918092814 50.083782750851242 708.84921202654368 295.05718269944191
leaf_count=7048 5984 895 3035 651 9547 1423
internal_value=6.85061e-06 0.000403664 -0.000142192 -0.000599117 5.60819e-05 -0.000103171
internal_weight=2332.29 632.154 1700.14 508.371 1191.76 1003.91
internal_count=28583 7943 20640 6635 14005 10970
is_linear=0
shrinkage=0.03


Tree=395
num_leaves=7
num_cat=0
split_feature=0 35 24 27 3 33
split_gain=0.143495 0.191354 0.140538 0.243057 0.173138 0.158858
threshold=0.14332896383286889 5.8340516425669202 1.5000000000000002 0.36484804749488836 -0.13162571227616696 0.32888444264729827
decision_type=2 10 2 10 2 8
left_child=1 -1 3 5 -5 -2
right_child=2 -3 -4 4 -6 -7
leaf_value=-0.00011985512549112588 -0.00024452969354057778 0.0021992473068539208 0.00084739163172311888 0.0024753478734683603 -0.0005447926157508984 -0.0030187462432392934
leaf_weight=1872.403864630498 48.04770673555322 22.588077242486179 312.91606662399136 26.084301420953125 26.840992049430497 22.467190163210034
leaf_count=23869 483 246 3311 235 213 194
internal_value=3.27742e-05 -8.08122e-05 0.000516812 -0.000321898 0.00110052 -0.00139359
internal_weight=2331.35 1894.99 436.356 123.44 52.9253 70.5149
internal_count=28551 24115 4436 1125 448 677
is_linear=0
shrinkage=0.03


Tree=396
num_leaves=7
num_cat=0
split_feature=31 9 29 9 29 28
split_gain=0.141935 0.186351 0.201282 0.348158 0.165181 0.177354
threshold=5.2982650995254525 -0.04299696915812292 -0.9168080985546111 0.049521300226624765 -22.315703392028805 0.02759306970983744
decision_type=8 2 10 2 8 8
left_child=-1 -2 4 -4 -3 -6
right_child=1 2 3 -5 5 -7
leaf_value=-0.00018515596895163575 -0.0004414651750787785 -0.0019926087753384569 0.003133416624275776 -0.00033099714483804599 -0.00025384588278486181 0.00080415666706671403
leaf_weight=1411.3762361191912 228.68396075542842 17.02529032388702 53.935962997667957 41.172869673231617 221.10329188455944 372.71301924411091
leaf_count=14233 4460 213 893 584 3841 4392
internal_value=4.28638e-06 0.000289292 0.000528871 0.00174486 0.000314486 0.000412537
internal_weight=2346.01 934.634 705.95 95.1088 610.842 593.816
internal_count=28616 14383 9923 1477 8446 8233
is_linear=0
shrinkage=0.03


Tree=397
num_leaves=7
num_cat=0
split_feature=34 36 31 29 11 31
split_gain=0.140439 0.243405 0.535763 0.179095 0.230248 0.212124
threshold=0.6865933736165365 2.0161439906805758 8.4743815064430255 -1.4426203370094297 0.073375550491642974 -1.4679401591420171
decision_type=8 10 10 10 2 10
left_child=-1 3 -3 4 -2 -5
right_child=1 2 -4 5 -6 -7
leaf_value=-0.00013634115101836085 0.00054629224461831582 -0.0021640185211881584 0.0022741369642258905 0.00015337992579476876 -0.0010494121416315097 0.0025617976040787343
leaf_weight=1475.5542037276609 536.52304403515882 76.796929977135733 24.95215163147077 59.843566162511706 86.143762129067909 67.000542622758076
leaf_count=19902 5804 668 284 431 867 580
internal_value=4.05479e-05 0.000345186 -0.000969531 0.00053408 0.000312434 0.00151978
internal_weight=2326.81 851.26 101.749 749.511 622.667 126.844
internal_count=28536 8634 952 7682 6671 1011
is_linear=0
shrinkage=0.03


Tree=398
num_leaves=7
num_cat=0
split_feature=27 26 4 26 17 31
split_gain=0.0799995 0.181428 0.18845 0.1783 0.166065 0.161925
threshold=-0.0610256940126419 -4.9222857952117911 -0.14313821509746857 -2.7245732545852657 1.5000000000000002 0.87220835685729992
decision_type=8 8 2 8 2 10
left_child=-1 2 -2 5 -5 -3
right_child=1 3 -4 4 -6 -7
leaf_value=-0.00028115380854095725 -0.00050181157413551648 -0.0017839839971882493 0.0024614585262578131 0.00022693917183229265 -0.0010950417198258781 5.1429407243511257e-05
leaf_weight=640.3369942951831 24.918412698665634 76.991544436197728 46.450659624242689 1384.3551987550163 81.247193829214666 84.972245742857922
leaf_count=9141 305 672 528 15647 1139 1165
internal_value=2.03933e-06 0.000109797 0.00149232 4.04302e-05 0.000146729 -0.000874063
internal_weight=2339.27 1698.94 71.3691 1627.57 1465.6 161.964
internal_count=28597 19456 833 18623 16786 1837
is_linear=0
shrinkage=0.03


Tree=399
num_leaves=7
num_cat=0
split_feature=29 3 31 27 27 6
split_gain=0.0995074 0.288273 0.206609 0.168777 0.284313 0.174471
threshold=-5.9903004169464102 -0.28105147115010798 2.6074642166495328 -1.4686661958694456 0.6106708049774171 -1.0000000180025095e-35
decision_type=8 2 10 10 10 2
left_child=1 -1 -3 -4 5 -5
right_child=-2 2 3 4 -6 -7
leaf_value=-0.0016885767390377256 -4.2878941050199366e-05 0.0028635650832184532 0.0026586301514463012 0.00056538335953566668 0.00095353088960957336 -0.0013721880702748615
leaf_weight=42.198932182363933 1855.1147249463684 26.149371355772018 19.711150666145841 60.465175917750457 231.83786531025544 99.595924530352931
leaf_count=781 22074 215 454 962 2884 1214
internal_value=5.73306e-05 0.000437626 0.000675721 0.000472105 0.000298716 -0.000650039
internal_weight=2335.07 479.958 437.759 411.61 391.899 160.061
internal_count=28584 6510 5729 5514 5060 2176
is_linear=0
shrinkage=0.03


end of trees

feature_importances:
Column_28=209
Column_14=130
Column_0=120
Column_2=118
Column_7=102
Column_3=100
Column_23=94
Column_31=93
Column_8=90
Column_6=81
Column_30=79
Column_9=78
Column_5=74
Column_10=71
Column_20=71
Column_22=65
Column_35=64
Column_12=63
Column_11=62
Column_27=62
Column_26=61
Column_37=58
Column_29=52
Column_33=52
Column_36=52
Column_4=50
Column_34=50
Column_24=48
Column_25=43
Column_1=40
Column_15=27
Column_17=11
Column_13=9
Column_16=8
Column_18=8
Column_21=5

parameters:
[boosting: gbdt]
[objective: custom]
[metric: custom]
[tree_learner: serial]
[device_type: cpu]
[data_sample_strategy: bagging]
[data: ]
[valid: ]
[num_iterations: 100]
[learning_rate: 0.03]
[num_leaves: 7]
[num_threads: 4]
[seed: 0]
[deterministic: 0]
[force_col_wise: 0]
[force_row_wise: 0]
[histogram_pool_size: -1]
[max_depth: -1]
[min_data_in_leaf: 200]
[min_sum_hessian_in_leaf: 0.001]
[bagging_fraction: 0.8]
[pos_bagging_fraction: 1]
[neg_bagging_fraction: 1]
[bagging_freq: 1]
[bagging_seed: 7719]
[bagging_by_query: 0]
[feature_fraction: 0.7]
[feature_fraction_bynode: 1]
[feature_fraction_seed: 2437]
[extra_trees: 0]
[extra_seed: 11797]
[early_stopping_round: 0]
[early_stopping_min_delta: 0]
[first_metric_only: 0]
[max_delta_step: 0]
[lambda_l1: 0]
[lambda_l2: 10]
[linear_lambda: 0]
[min_gain_to_split: 0]
[drop_rate: 0.1]
[max_drop: 50]
[skip_drop: 0.5]
[xgboost_dart_mode: 0]
[uniform_drop: 0]
[drop_seed: 21238]
[top_rate: 0.2]
[other_rate: 0.1]
[min_data_per_group: 100]
[max_cat_threshold: 32]
[cat_l2: 10]
[cat_smooth: 10]
[max_cat_to_onehot: 4]
[top_k: 20]
[monotone_constraints: ]
[monotone_constraints_method: basic]
[monotone_penalty: 0]
[feature_contri: ]
[forcedsplits_filename: ]
[refit_decay_rate: 0.9]
[cegb_tradeoff: 1]
[cegb_penalty_split: 0]
[cegb_penalty_feature_lazy: ]
[cegb_penalty_feature_coupled: ]
[path_smooth: 0]
[interaction_constraints: ]
[verbosity: -1]
[saved_feature_importance_type: 0]
[use_quantized_grad: 0]
[num_grad_quant_bins: 4]
[quant_train_renew_leaf: 0]
[stochastic_rounding: 1]
[linear_tree: 0]
[max_bin: 255]
[max_bin_by_feature: ]
[min_data_in_bin: 3]
[bin_construct_sample_cnt: 200000]
[data_random_seed: 38]
[is_enable_sparse: 1]
[enable_bundle: 1]
[use_missing: 1]
[zero_as_missing: 0]
[feature_pre_filter: 1]
[pre_partition: 0]
[two_round: 0]
[header: 0]
[label_column: ]
[weight_column: ]
[group_column: ]
[ignore_column: ]
[categorical_feature: ]
[forcedbins_filename: ]
[precise_float_parser: 0]
[parser_config_file: ]
[objective_seed: 8855]
[num_class: 1]
[is_unbalance: 0]
[scale_pos_weight: 1]
[sigmoid: 1]
[boost_from_average: 1]
[reg_sqrt: 0]
[alpha: 0.9]
[fair_c: 1]
[poisson_max_delta_step: 0.7]
[tweedie_variance_power: 1.5]
[lambdarank_truncation_level: 30]
[lambdarank_norm: 1]
[label_gain: ]
[lambdarank_position_bias_regularization: 0]
[eval_at: ]
[multi_error_top_k: 1]
[auc_mu_weights: ]
[num_machines: 1]
[local_listen_port: 12400]
[time_out: 120]
[machine_list_filename: ]
[machines: ]
[gpu_platform_id: -1]
[gpu_device_id: -1]
[gpu_device_id_list: ]
[gpu_use_dp: 0]
[num_gpu: 1]

end of parameters

pandas_categorical:null
