tree
version=v4
num_class=1
num_tree_per_iteration=1
label_index=0
max_feature_idx=51
feature_names=Column_0 Column_1 Column_2 Column_3 Column_4 Column_5 Column_6 Column_7 Column_8 Column_9 Column_10 Column_11 Column_12 Column_13 Column_14 Column_15 Column_16 Column_17 Column_18 Column_19 Column_20 Column_21 Column_22 Column_23 Column_24 Column_25 Column_26 Column_27 Column_28 Column_29 Column_30 Column_31 Column_32 Column_33 Column_34 Column_35 Column_36 Column_37 Column_38 Column_39 Column_40 Column_41 Column_42 Column_43 Column_44 Column_45 Column_46 Column_47 Column_48 Column_49 Column_50 Column_51
feature_infos=[-1.5:1.1366362033976634] [-0.65509124764268645:0.40510447387519971] [-0.85251175772068255:0.49893240555510682] [-0.67920672704701235:0.43885498450226607] [-0.42493206354631741:0.15687577236922162] [-0.64756721121716898:0.33647699784215573] [-1.3040108624960967:1.1608720758041358] [-0.57986229449180005:0.45489627323880977] [-0.70614378539769462:0.58837320072104526] [-0.54731417487356271:0.51819999363361069] [-0.29734186309896704:0.26478717780513195] [-0.57618913033216312:0.35589300273507235] [-5.0445154593868349:3.6754640327949004] [0.69314718055994529:3.1780538303479458] [0.00017214709266177869:0.85598412553983372] [1:5] [0:5] [0:5] [0:1] [0:1] [-0.78271514402617004:0.72283178928922986] [0:1] [-0.70084045237270542:0.72283178928922986] [-3:2.1650119469014046] [0:24] [-2.3232332583606072:3.1220677019308267] [-75.649192810058594:16.799999237060547] [-77.407508850097656:14.32053279876709] [-113.28507995605469:13.934700965881348] [-65.764854431152344:82.94964599609375] [-216.87321472167969:32.5] [-67.799999237060547:237.32306671142578] [0:1] [-24.34213415781657:16.799999237060547] [-89.101097106933594:32.5] [-70.730913675257142:15.425550371408463] [-22.543879124940716:15.343613442964852] [-69.293544291953253:31.116615288425237] [0:1] [0:10] [0:8] [0:4] [0:6] [0:3] [1:12] [0:1] [2:1073] [2:13] [0:4] [0:3] [0:1] [0:1]
tree_sizes=907 917 916 914 913 918 915 917 916 913 911 921 920 917 908 918 925 916 917 920 921 915 917 913 918 921 915 923 918 915 922 923 917 921 911 921 921 921 917 919 917 923 920 927 920 920 915 916 922 920 916 921 925 923 922 915 925 928 926 921 920 918 928 922 931 923 919 916 925 927 922 927 921 923 927 926 926 926 912 935 921 925 925 929 927 928 924 924 929 928 924 920 928 926 925 929 924 933 929 922 928 930 932 930 932 926 933 925 933 929 926 925 926 926 927 918 921 927 923 925 927 923 928 923 925 919 923 929 933 933 919 926 922 927 929 928 930 926 928 928 924 925 931 933 925 932 931 925 933 929 920 933 927 923 933 932 920 921 921 927 928 927 934 929 923 926 917 935 929 920 927 917 933 920 926 922 928 926 926 929 927 924 931 925 938 927 925 926 928 927 926 927 924 925 922 924 928 923 931 919 924 931 928 928 922 923 933 932 934 923 923 928 928 923 926 927 928 924 919 926 926 927 935 925 929 922 927 933 925 923 927 929 931 919 923 923 935 924 932 929 925 923 930 933 922 919 928 928 934 925 924 928 928 922 929 920 922 934 926 926 919 918 925 925 923 923 925 926 923 930 923 919 918 923 927 924 931 926 932 922 927 930 927 932 929 933 936 925 932 925 919 931 933 931 933 921 926 930 923 921 917 927 927 927 927 923 919 929 928 922 920 932 921 927 927 918 927 925 926 923 933 931 916 923 930 913 923 923 923 924 928 921 929 923 928 932 928 929 922 922 925 930 924 925 925 918 922 926 927 921 929 924 928 925 927 927 928 922 927 920 926 929 923 931 929 921 928 928 927 932 925 935 926 926 920 929 925 929 932 926 923 927 933 921 921 923 930 923 924 921 927 925 923 937 931 927 917 927 923 929

Tree=0
num_leaves=7
num_cat=0
split_feature=6 1 9 28 8 28
split_gain=11.3266 5.64789 2.1894 1.24824 1.08041 1.06993
threshold=0.25800267363092039 -0.053224175847243878 0.0054541300413041985 2.466056346893311 0.17882094874433499 2.6208504438400273
decision_type=2 2 2 8 2 8
left_child=1 -1 4 -4 -3 -2
right_child=5 2 3 -5 -6 -7
leaf_value=-0.003067751322953356 0.004434781229155557 -0.0012350421904691045 0.00066786369079180233 0.0034364111167347056 0.003463992305847134 0.009609086907966068
leaf_weight=639.41685391092324 211.04431498475606 642.14776747781434 567.6380837103352 190.96298963046866 37.668390505539719 51.186881604371592
leaf_count=9211 2382 7966 6084 1936 498 477
internal_value=5.12825e-06 -0.000745357 0.000301065 0.00140043 -0.000928229 0.00576067
internal_weight=2340.07 2077.83 1438.42 758.601 679.816 262.231
internal_count=28554 25695 16484 8020 8464 2859
is_linear=0
shrinkage=0.03


Tree=1
num_leaves=7
num_cat=0
split_feature=0 1 9 0 22 28
split_gain=10.6284 4.36963 2.00596 1.83869 1.34153 1.23444
threshold=0.12052974880660025 -0.026614850834016098 0.0038378444273130812 0.40629810526123383 0.034715597582891805 3.0200256109237675
decision_type=2 2 2 2 2 8
left_child=1 4 -3 -2 -1 -4
right_child=3 2 5 -5 -6 -7
leaf_value=-0.0034093724948008066 0.0031606218887445144 -0.0011723819368028982 0.00059428491140235012 0.0088833032714974256 -0.00057889143864924561 0.0037630909436819036
leaf_weight=591.93805527762743 411.90776040352648 492.67919197972515 443.91963156024576 53.639506892388454 207.2506701759994 139.69615358556621
leaf_count=8017 4424 6290 4786 674 2978 1483
internal_value=-1.50699e-05 -0.00102586 0.000224383 0.00399292 -0.00269158 0.0014034
internal_weight=2341.03 1875.48 1076.29 465.547 799.189 583.616
internal_count=28652 23554 12559 5098 10995 6269
is_linear=0
shrinkage=0.03


Tree=2
num_leaves=7
num_cat=0
split_feature=0 7 9 6 2 3
split_gain=10.4651 6.07031 1.81833 1.62552 1.16878 0.840717
threshold=0.13326998848160362 -0.019294980699455917 0.0054541300413041985 0.33929199159742401 -0.10270991449472822 -0.032539079533621125
decision_type=2 2 2 2 2 2
left_child=1 5 4 -2 -3 -1
right_child=3 2 -4 -5 -6 -7
leaf_value=-0.0036885493565985655 0.0028156636775317863 -0.0022756652874519547 0.0013007418440532101 0.006931564437093838 0.00037405867993934661 -0.00018484535797403645
leaf_weight=564.12786448428233 297.46326233528089 290.30387928689015 687.0253396955668 130.74312881569494 294.15265346833621 70.266903312527575
leaf_count=8333 3189 3803 7255 1531 3551 856
internal_value=1.95288e-05 -0.000937172 0.000263 0.00420186 -0.00095822 -0.00330936
internal_weight=2334.08 1905.88 1271.48 428.206 584.457 634.395
internal_count=28518 23798 14609 4720 7354 9189
is_linear=0
shrinkage=0.03


Tree=3
num_leaves=7
num_cat=0
split_feature=7 6 8 3 28 20
split_gain=9.3884 5.25142 1.74138 1.81147 1.62783 0.979848
threshold=-0.015272537823014474 0.28806393323660878 0.20005708872711428 -0.23124022824059742 2.0509992837905888 0.10132930415284148
decision_type=2 2 2 2 8 2
left_child=5 2 3 -2 -5 -1
right_child=1 -3 -4 4 -6 -7
leaf_value=-0.0033244092900611959 -0.0021575054937394201 0.0056478442845289134 0.0050601244954755235 7.3510184144312746e-05 0.0025144640303196766 -8.7288709840523785e-05
leaf_weight=601.69329468430078 209.57182191484026 202.948889634019 64.490616974479053 811.63368580414681 343.14722718275152 98.215863776335027
leaf_count=8559 2978 2186 749 8989 3490 1509
internal_value=4.83243e-06 0.00125124 0.00059185 0.00034536 0.000814208 -0.00287778
internal_weight=2331.7 1631.79 1428.84 1364.35 1154.78 699.909
internal_count=28460 18392 16206 15457 12479 10068
is_linear=0
shrinkage=0.03


Tree=4
num_leaves=7
num_cat=0
split_feature=6 7 6 28 2 3
split_gain=8.92443 4.61984 2.10248 1.63109 1.07071 0.865109
threshold=0.14287935157847984 -0.018207413947412359 0.33929199159742401 2.466056346893311 0.010261793368192102 -0.23845042274485165
decision_type=2 2 2 8 2 2
left_child=1 -1 -2 5 -5 -3
right_child=2 3 -4 4 -6 -7
leaf_value=-0.0032045834081355904 0.0019728567785104326 -0.0028148960929448115 0.0061325532207281855 0.0011592661201441047 0.00654858444506385 -0.00023864565372113476
leaf_weight=629.57650187645049 454.1601359762135 131.14578418512247 142.25219439866487 248.71492868987843 29.718418346135877 708.74969161010813
leaf_count=9133 4824 1840 1590 2803 334 8024
internal_value=-8.87639e-05 -0.00117094 0.00304977 -7.8154e-06 0.00194159 -0.000669303
internal_weight=2344.32 1747.91 596.412 1118.33 278.433 839.895
internal_count=28548 22134 6414 13001 3137 9864
is_linear=0
shrinkage=0.03


Tree=5
num_leaves=7
num_cat=0
split_feature=0 7 3 34 6 5
split_gain=9.04623 5.21384 1.73442 1.37389 1.22864 1.18764
threshold=0.12052974880660025 -0.024091166803862328 -0.22324057293262708 -7.6496938218673067 0.33929199159742401 0.0096641171071157866
decision_type=2 2 2 10 2 2
left_child=1 -1 -3 -4 -2 -5
right_child=4 2 3 5 -6 -7
leaf_value=-0.0032483367948326169 0.002548782974154526 -0.0022307068701904039 0.0028150937520876021 -0.00042379322126100447 0.0059997638485814906 0.0023971187445792339
leaf_weight=589.44567571517837 337.31778345414205 218.21319298865274 201.65965822001453 697.20617409117403 138.11957543611061 155.84163637692109
leaf_count=8665 3537 3140 2754 7352 1573 1489
internal_value=4.8201e-06 -0.000941377 0.000143889 0.000651517 0.00365427 0.000113357
internal_weight=2337.8 1862.37 1272.92 1054.71 475.437 853.048
internal_count=28510 23400 14735 11595 5110 8841
is_linear=0
shrinkage=0.03


Tree=6
num_leaves=7
num_cat=0
split_feature=7 0 9 41 2 7
split_gain=8.97974 4.86233 1.97533 1.10176 1.03723 0.789072
threshold=-0.015272537823014474 0.13655568528558773 0.013910249214652769 1.5000000000000002 -0.079218924428291801 0.11917742429786461
decision_type=2 2 2 2 2 2
left_child=-1 2 3 4 -2 -3
right_child=1 5 -4 -5 -6 -7
leaf_value=-0.0027455691879934665 -0.0020378805395456232 0.0030014008612627447 0.0015513331563205403 0.0045027351908643338 0.00049126548004344505 0.006061679075054149
leaf_weight=695.54533178273414 377.27132782558328 265.44849107635673 623.04202006044216 23.649017054820433 228.93420203228015 132.02263921085978
leaf_count=10022 4739 2804 6515 221 2913 1362
internal_value=9.00893e-05 0.00129451 0.000365619 -0.000813185 -0.00109027 0.00414171
internal_weight=2345.91 1650.37 1252.9 629.855 606.206 397.471
internal_count=28576 18554 14388 7873 7652 4166
is_linear=0
shrinkage=0.03


Tree=7
num_leaves=7
num_cat=0
split_feature=7 6 9 8 28 8
split_gain=8.16498 4.41707 1.55082 0.981529 0.911026 0.890735
threshold=-0.015272537823014474 0.24808899812778243 0.0054541300413041985 0.026073864473096415 2.6208504438400273 0.20005708872711428
decision_type=2 2 2 2 8 2
left_child=-1 2 5 -4 -3 -2
right_child=1 4 3 -5 -6 -7
leaf_value=-0.0027190441359178181 -0.0009080425194603974 0.0034172882776175337 0.00027020503856576048 0.0024530903738777944 0.0079513044122677731 0.0039219093220516713
leaf_weight=692.39986274467083 609.27994335224503 221.59790657783742 375.33151544909924 361.79019099922152 53.084590604528785 26.582108857604908
leaf_count=10059 7587 2411 4016 3667 474 342
internal_value=-8.30699e-06 0.00114036 0.000431887 0.00136009 0.00454205 -0.00064853
internal_weight=2340.07 1647.67 1372.98 737.122 274.682 635.862
internal_count=28556 18497 15612 7683 2885 7929
is_linear=0
shrinkage=0.03


Tree=8
num_leaves=7
num_cat=0
split_feature=0 7 9 7 2 12
split_gain=7.4764 4.24118 1.64932 1.29037 0.952775 0.837548
threshold=0.13997435442498815 -0.024091166803862328 0.021861264955304469 0.11917742429786461 0.045092583946012975 1.0111131108080695
decision_type=2 2 2 2 2 2
left_child=1 -1 4 -2 -3 -4
right_child=3 2 5 -5 -6 -7
leaf_value=-0.0029391252531333449 0.0022451819099134174 -0.0011479425781498866 0.0022624274038799217 0.005865758723485973 0.0028239111540076904 -3.1302494863399167e-06
leaf_weight=589.02972194638278 285.72046045208117 679.31981626508059 327.44071454805089 136.23027128435206 49.533725306129782 259.97866233438253
leaf_count=8756 3191 8402 4746 1405 608 1445
internal_value=-4.25787e-05 -0.000846454 0.000105113 0.00352285 -0.000843444 0.00127647
internal_weight=2327.25 1905.3 1316.27 421.951 728.854 587.419
internal_count=28553 23957 15201 4596 9010 6191
is_linear=0
shrinkage=0.03


Tree=9
num_leaves=7
num_cat=0
split_feature=7 7 2 9 12 9
split_gain=6.40183 2.5563 1.32628 1.03093 0.952824 0.936338
threshold=0.0450460164759122 -0.024091166803862328 -0.15470465333566177 0.014618470827535911 1.446620789003447 0.0084460423705238503
decision_type=2 2 2 2 2 2
left_child=1 5 -2 -3 -4 -1
right_child=2 3 4 -5 -6 -7
leaf_value=-0.0037081804357989539 8.751182390033417e-05 -0.0010545713575155916 0.0037150667716348415 0.00089386074232483594 0.00087532901932605453 -0.0012924051981001779
leaf_weight=314.78443441403215 190.2177118876134 494.04697265592404 414.12374940488371 464.5707636065199 151.90546908229589 289.15304205642315
leaf_count=5219 2253 6379 4876 5040 742 3847
internal_value=1.5695e-05 -0.00107999 0.00226414 -0.000110831 0.00298139 -0.00259145
internal_weight=2318.8 1562.56 756.247 958.618 566.029 603.937
internal_count=28356 20485 7871 11419 5618 9066
is_linear=0
shrinkage=0.03


Tree=10
num_leaves=7
num_cat=0
split_feature=0 7 28 28 7 4
split_gain=6.88581 3.35452 1.96362 1.50023 1.47369 1.18859
threshold=0.084934658122994902 -0.021188254162003924 2.8385466337203984 2.4239186048507695 0.12526411000843354 -0.1680618134624266
decision_type=2 2 10 8 2 2
left_child=1 -1 4 -3 -2 -5
right_child=2 3 -4 5 -6 -7
leaf_value=-0.0027183643194905798 0.0010918086609532402 -0.00059619072747691857 0.0070658947238008167 -0.0016845744526098781 0.0048201520887661033 0.0027475865139493095
leaf_weight=587.22618674238038 374.49606267106719 859.69955981432577 77.416500502033159 62.08116830221843 122.40337816503597 242.84881110757124
leaf_count=8703 4188 10168 681 786 1275 2637
internal_value=4.57967e-05 -0.000890361 0.00286776 4.66454e-05 0.0020872 0.0018204
internal_weight=2326.17 1751.86 574.316 1164.63 496.899 304.93
internal_count=28438 22294 6144 13591 5463 3423
is_linear=0
shrinkage=0.03


Tree=11
num_leaves=7
num_cat=0
split_feature=1 28 22 1 47 43
split_gain=5.88625 2.15616 1.37845 1.31521 0.996868 0.941402
threshold=-0.0010476205091561506 2.0158771276474003 0.034715597582891805 0.016985949811564666 5.5000000000000009 1.5000000000000002
decision_type=2 8 2 2 8 2
left_child=2 3 5 -2 -3 -1
right_child=1 4 -4 -5 -6 -7
leaf_value=-0.0024996803914429633 -0.00077939116803669658 -0.00081668473666432538 0.00017873627392067166 0.0015168403213994994 0.0036538921097193267 0.0028829519674841118
leaf_weight=774.61967779163388 404.86451774259331 47.544082995969802 263.23384631468798 481.20845904925955 350.4973784321337 22.35141713754274
leaf_count=10291 5216 526 3655 5023 3775 197
internal_value=-5.40402e-05 0.00130743 -0.00169986 0.000470657 0.00311298 -0.00231487
internal_weight=2344.32 1284.11 1060.2 886.073 398.041 796.971
internal_count=28683 14540 14143 10239 4301 10488
is_linear=0
shrinkage=0.03


Tree=12
num_leaves=7
num_cat=0
split_feature=6 6 7 2 23 48
split_gain=6.37467 2.23318 1.76869 1.53159 1.01649 1.19666
threshold=0.018161652176994638 0.33929199159742401 -0.031371926671917141 -0.15614127591284491 0.35314691404300985 1.0000000180025095e-35
decision_type=2 2 2 2 2 2
left_child=2 3 -1 -2 5 -5
right_child=1 -3 -4 4 -6 -7
leaf_value=-0.0031199095437290931 -0.00085274952275261038 0.0048244973321937903 -0.00067793714124480501 0.00082462587139890632 0.0041768887939368686 0.0061001479409105086
leaf_weight=452.66695651668124 303.04765495864558 143.23249765907531 648.53689244927955 644.59170140919741 111.4541006522486 31.664580611512065
leaf_count=7012 4014 1606 7707 6867 1083 263
internal_value=-4.96136e-05 0.00142571 -0.00170079 0.000939627 0.00163124 0.00115693
internal_weight=2335.19 1233.99 1101.2 1090.76 787.71 676.256
internal_count=28552 13833 14719 12227 8213 7130
is_linear=0
shrinkage=0.03


Tree=13
num_leaves=7
num_cat=0
split_feature=0 7 41 2 0 14
split_gain=5.63291 3.16244 1.60065 1.41401 1.18357 0.836013
threshold=0.12052974880660025 -0.031371926671917141 1.5000000000000002 -0.12572700109751672 0.40629810526123383 0.41385917847164688
decision_type=2 2 2 2 2 2
left_child=1 -1 3 -3 -2 -5
right_child=4 2 -4 5 -6 -7
leaf_value=-0.0027178150014099934 0.0021965463071736413 -0.001414685498976631 0.0046837521648271175 0.00084606432714042575 0.0065874245599921288 -0.0031309837332732428
leaf_weight=521.97760808753083 415.85825266741449 514.98170202755136 53.040791187668219 732.59085351278191 59.065916633437155 41.080568984150887
leaf_count=7985 4387 6442 455 8495 692 170
internal_value=-1.46906e-05 -0.000760478 1.54847e-05 -0.000211247 0.00286722 0.000597632
internal_weight=2338.6 1863.67 1341.69 1288.65 474.924 773.671
internal_count=28626 23547 15562 15107 5079 8665
is_linear=0
shrinkage=0.03


Tree=14
num_leaves=7
num_cat=0
split_feature=6 9 6 2 41 2
split_gain=5.8845 2.15703 1.65308 1.3518 1.16076 1.03101
threshold=0.11787534619931593 0.010053427755530033 0.33929199159742401 0.045092583946012975 1.5000000000000002 -0.12705250761577
decision_type=2 2 2 2 2 2
left_child=1 3 -2 4 -1 -3
right_child=2 5 -4 -5 -6 -7
leaf_value=-0.0026793963004775913 0.0013848892921602665 -0.001167836625367797 0.0049339019306224073 0.0025488348109512929 0.0029124646557366551 0.00097347032113482591
leaf_weight=752.93596886334126 568.69261002604617 353.91988387797028 144.23291341602453 43.951202192198252 27.020462198648602 445.8831236139813
leaf_count=10882 6058 4441 1603 554 262 4827
internal_value=-9.27665e-05 -0.0010896 0.00216121 -0.00215716 -0.00245126 2.32028e-05
internal_weight=2336.64 1623.71 712.926 823.908 779.956 799.803
internal_count=28627 20966 7661 11698 11144 9268
is_linear=0
shrinkage=0.03


Tree=15
num_leaves=7
num_cat=0
split_feature=0 7 8 3 0 20
split_gain=5.3123 3.05341 1.1995 1.20851 1.10789 0.913597
threshold=0.13997435442498815 -0.020371819932996756 0.12644176053820602 -0.24368037027907169 0.40629810526123383 0.063878044239397844
decision_type=2 2 2 2 2 2
left_child=1 5 3 -3 -2 -1
right_child=4 2 -4 -5 -6 -7
leaf_value=-0.0029572811360060115 0.0022807990086546829 -0.002555924459411915 0.0023706794679539621 0.00020114625874557645 0.0066179763662857129 -6.5908896211254914e-05
leaf_weight=489.87990079815791 365.3829014012299 157.81292614378617 179.94589393577189 963.62123903923202 58.224413103336701 123.02061668119859
leaf_count=7227 3871 2266 2050 10580 677 1923
internal_value=1.61216e-05 -0.000659898 0.000165645 -0.000206001 0.00301582 -0.0023873
internal_weight=2337.89 1914.28 1301.38 1121.43 423.607 612.901
internal_count=28594 24046 14896 12846 4548 9150
is_linear=0
shrinkage=0.03


Tree=16
num_leaves=7
num_cat=0
split_feature=0 9 28 0 34 5
split_gain=4.90823 1.97858 1.52996 1.34082 0.907252 0.904495
threshold=0.082363552169606349 0.0054541300413041985 1.8145318627357485 -0.084840280120375242 -7.6496938218673067 0.0021485122064870718
decision_type=2 2 10 2 10 2
left_child=1 3 -2 -1 -3 -6
right_child=2 4 -4 -5 5 -7
leaf_value=-0.0032722026836863941 0.0013502544855488897 0.002213527090038009 0.0047910193747457142 -0.0008270205002881149 -0.00076833142955591257 0.0018369587226224314
leaf_weight=345.62855292597669 436.93472912209108 148.5662814968382 155.493000700837 488.70242276482168 623.61141190858325 138.10523584194016
leaf_count=5389 4898 2129 1394 6424 6911 1375
internal_value=-1.85509e-05 -0.000820634 0.00231788 -0.00186672 0.000148031 -0.000278289
internal_weight=2337.04 1744.61 592.428 834.331 910.283 761.717
internal_count=28520 22228 6292 11813 10415 8286
is_linear=0
shrinkage=0.03


Tree=17
num_leaves=7
num_cat=0
split_feature=7 28 7 51 47 20
split_gain=5.03426 2.18694 1.438 0.93806 0.993494 0.878837
threshold=-0.015272537823014474 2.6208504438400273 0.12526411000843354 0.36666666666666675 7.5000000000000009 0.11907951196083312
decision_type=2 8 2 2 8 2
left_child=5 2 -2 4 -3 -1
right_child=1 3 -4 -5 -6 -7
leaf_value=-0.0025357371493694865 -0.00011489125025280663 -0.0003687114191835231 0.002804905770707535 0.0062325413853826237 0.0032024087363975843 0.00078203489676756334
leaf_weight=611.17826956267527 1117.6684069501935 98.659872859134339 165.54688840382732 55.295759125379845 217.1394419609569 76.639262242708355
leaf_count=8867 12875 1121 1645 462 2405 1252
internal_value=-2.13717e-05 0.00087551 0.000280567 0.00287143 0.00210967 -0.00216015
internal_weight=2342.13 1654.31 1283.22 371.095 315.799 687.818
internal_count=28627 18508 14520 3988 3526 10119
is_linear=0
shrinkage=0.03


Tree=18
num_leaves=7
num_cat=0
split_feature=1 28 7 28 8 5
split_gain=4.38664 2.2219 1.28365 1.09945 0.891479 0.847887
threshold=0.025394442259978358 2.5651172399520878 -0.021188254162003924 1.8145318627357485 0.095880417304791909 -0.050751970908741492
decision_type=2 8 2 8 2 2
left_child=1 2 -1 -2 -4 -3
right_child=3 5 4 -5 -6 -7
leaf_value=-0.002425966342392942 0.0013744810571576255 -0.00054747726979028288 -0.0010520608681536586 0.0042829987413562807 0.0012983752101835757 0.002347258704942008
leaf_weight=538.57936600863468 417.44582018681103 139.68191072606714 666.90338521951344 162.38507948600454 175.78624731343007 235.46760958275991
leaf_count=8337 4329 1603 8038 1405 2094 2777
internal_value=7.80455e-06 -0.000740215 -0.00129505 0.00224783 -0.00055228 0.00128321
internal_weight=2336.25 1756.42 1381.27 579.831 842.69 375.15
internal_count=28583 22849 18469 5734 10132 4380
is_linear=0
shrinkage=0.03


Tree=19
num_leaves=7
num_cat=0
split_feature=7 28 1 43 2 14
split_gain=4.20231 2.29082 1.68643 1.18164 1.06398 0.721189
threshold=-0.015272537823014474 3.4106053113937382 0.042520850294021945 1.5000000000000002 -0.11046667665868692 0.2442724207889182
decision_type=2 10 2 2 2 2
left_child=-1 2 3 4 -2 -4
right_child=1 -3 5 -5 -6 -7
leaf_value=-0.0019902900905381638 -0.001296621718085442 0.0050270339249688153 0.0028486212916321919 0.0042563344414027404 0.00056043573378117327 8.5696478140811504e-05
leaf_weight=680.33915548953519 514.74737613173784 97.70800620643422 303.18422054400435 43.332726704422385 581.00065585572156 117.58281326293945
leaf_count=10104 6392 841 3676 363 6654 536
internal_value=-2.19881e-05 0.000792987 0.000497435 -0.000106328 -0.000315787 0.00209644
internal_weight=2337.89 1657.56 1559.85 1139.08 1095.75 420.767
internal_count=28566 18462 17621 13409 13046 4212
is_linear=0
shrinkage=0.03


Tree=20
num_leaves=7
num_cat=0
split_feature=0 6 9 31 22 41
split_gain=4.36479 2.01971 1.57496 1.01002 0.98677 0.793375
threshold=-0.053351463142832671 0.33929199159742401 0.010053427755530033 7.1176422238349923 0.052733773246195659 1.5000000000000002
decision_type=2 2 2 8 2 2
left_child=4 2 5 -4 -1 -2
right_child=1 -3 3 -5 -6 -7
leaf_value=-0.0023358774051147366 -0.00070097239940177631 0.0041718624405523777 0.00075074023420760216 0.0031702343795465258 0.00020223505655576836 0.0037314224170596783
leaf_weight=621.82126665987016 649.34279131828225 146.52411125123035 488.31090430982294 224.16691817756509 174.40129523244104 28.585557058919221
leaf_count=8464 8314 1597 4498 2935 2498 260
internal_value=5.41852e-06 0.000938155 0.000570023 0.00154533 -0.00178433 -0.000462551
internal_weight=2333.15 1536.93 1390.41 712.478 796.223 677.928
internal_count=28566 17604 16007 7433 10962 8574
is_linear=0
shrinkage=0.03


Tree=21
num_leaves=7
num_cat=0
split_feature=6 2 28 28 7 0
split_gain=4.32059 1.70412 1.60478 1.55806 1.06012 0.985515
threshold=0.087945717403657406 -0.153843966987916 2.5174576044082646 1.9798751473426821 -0.032634213369883092 0.40629810526123383
decision_type=2 2 8 8 2 2
left_child=2 -2 4 5 -1 -3
right_child=1 3 -4 -5 -6 -7
leaf_value=-0.0026464431722863688 -0.00037275863509341069 0.0010624825503589858 0.00099208458385838531 0.0048930877050124607 -0.00075099719802382021 0.0059157499103349911
leaf_weight=410.28862107613531 244.64801999184419 405.21478995319922 302.08403268153779 175.4122470144066 754.95002777391346 32.618827558588237
leaf_count=6605 3092 4213 3479 1599 9094 385
internal_value=5.50122e-05 0.00173477 -0.000932181 0.00256804 -0.00143524 0.00154808
internal_weight=2325.22 857.894 1467.32 613.246 1165.24 437.834
internal_count=28467 9289 19178 6197 15699 4598
is_linear=0
shrinkage=0.03


Tree=22
num_leaves=7
num_cat=0
split_feature=7 43 9 7 28 46
split_gain=3.72257 1.95362 1.82179 1.10449 1.09182 1.01995
threshold=0.061985534140175623 1.5000000000000002 0.051653130884515272 -0.024091166803862328 2.672078132629395 27.500000000000004
decision_type=2 2 2 2 8 10
left_child=1 2 3 -1 -2 -3
right_child=4 5 -4 -5 -6 -7
leaf_value=-0.0027808531459881151 0.0013080271751029428 0.0071839865658037605 0.00057292006179599907 -0.00086502656670104478 0.0045000801458679714 -0.00017638909180261292
leaf_weight=424.80064553543343 481.3589067022258 31.614679296500981 502.77694800772588 757.03088861409924 115.97694590879837 27.79180615209043
leaf_count=6853 4933 279 5748 9441 1027 246
internal_value=-3.27166e-05 -0.000733486 -0.000931683 -0.00157121 0.00199168 0.00421132
internal_weight=2341.35 1744.01 1684.61 1181.83 597.336 59.4065
internal_count=28527 22567 22042 16294 5960 525
is_linear=0
shrinkage=0.03


Tree=23
num_leaves=7
num_cat=0
split_feature=6 1 6 22 20 51
split_gain=3.67665 1.60623 1.36114 0.929823 0.816565 0.697424
threshold=0.074773325052908665 -0.0032388231360690029 0.33929199159742401 0.034715597582891805 0.03687890102335966 0.45000000000000007
decision_type=2 2 2 2 2 2
left_child=1 3 4 -1 5 -2
right_child=2 -3 -4 -5 -6 -7
leaf_value=-0.002336967639724268 4.7831716546094801e-05 0.0002835235813516195 0.004109189552326524 1.2562044828274281e-05 0.0028559143720708587 0.0027401801310745146
leaf_weight=591.9601847603335 513.43110078913742 618.862873744627 148.41203397733625 202.47765203539166 162.16066929802764 94.24982757633552
leaf_count=8167 5728 7385 1608 2966 1757 839
internal_value=9.71689e-05 -0.000861234 0.00156565 -0.00174543 0.0010289 0.00050301
internal_weight=2331.55 1413.3 918.254 794.438 769.842 607.681
internal_count=28450 18518 9932 11133 8324 6567
is_linear=0
shrinkage=0.03


Tree=24
num_leaves=7
num_cat=0
split_feature=6 9 6 41 7 2
split_gain=3.8668 1.78289 1.06626 1.01818 0.871592 0.794211
threshold=0.14287935157847984 0.013910249214652769 0.33929199159742401 1.5000000000000002 -0.03371831329501724 -0.13245520650976231
decision_type=2 2 2 2 2 2
left_child=1 3 -2 5 -3 -1
right_child=2 4 -4 -5 -6 -7
leaf_value=-0.0028508441331120192 0.001273701011247628 -0.0013219882074824759 0.0042014812191554004 0.0029594303405140769 0.00086493889637904195 -0.0010124692619147477
leaf_weight=386.12753114048974 464.62512858817354 214.31790819868911 144.68098931721761 32.846569715999067 602.41038663047948 492.17362059289007
leaf_count=6189 4830 2984 1604 321 6405 6311
internal_value=-9.95238e-06 -0.000735254 0.00202552 -0.00164027 0.000282018 -0.00184367
internal_weight=2337.18 1727.88 609.306 911.148 816.728 878.301
internal_count=28644 22210 6434 12821 9389 12500
is_linear=0
shrinkage=0.03


Tree=25
num_leaves=7
num_cat=0
split_feature=6 9 9 0 11 22
split_gain=3.67058 1.45616 1.36431 0.947665 0.839811 0.709794
threshold=0.074773325052908665 0.12293168029438238 0.0054541300413041985 0.40629810526123383 0.025522680899316499 -0.14030882380042542
decision_type=2 2 2 2 2 2
left_child=2 3 -1 5 -4 -2
right_child=1 -3 4 -5 -6 -7
leaf_value=-0.0019234223098761175 -0.001598215357152785 0.0046805798706542863 -0.00073688023701288282 0.0045944966389257422 0.0014233767022140732 0.0010572735457195976
leaf_weight=673.35596352655557 95.190785242069978 102.05734827852575 504.96552500838879 51.872686646966031 226.2874483516207 681.88703413197072
leaf_count=9876 1222 1036 5920 606 2699 7195
internal_value=6.24125e-06 0.00145819 -0.000959646 0.00101039 -5.82013e-05 0.000715808
internal_weight=2335.62 931.008 1404.61 828.951 731.253 777.078
internal_count=28554 10059 18495 9023 8619 8417
is_linear=0
shrinkage=0.03


Tree=26
num_leaves=7
num_cat=0
split_feature=0 28 9 28 43 22
split_gain=3.25186 1.67386 1.15271 1.06508 0.930089 0.788756
threshold=0.14332896383286889 1.9798751473426821 0.023468341943540728 2.6208504438400273 1.5000000000000002 -0.021557571906934244
decision_type=2 8 2 8 2 2
left_child=1 2 -1 -2 5 -3
right_child=3 4 -4 -5 -6 -7
leaf_value=-0.0018796281600960126 0.0015099608143064034 -0.0014930156912224754 -0.00013588162416675457 0.0053906304925882215 0.0060375192912983941 0.001170606539589118
leaf_weight=797.46466511269682 342.87806280568475 123.86958488775417 593.7301367384498 72.832714745774865 19.19621329382062 391.92025758477394
leaf_count=11361 3723 1425 6984 675 139 4283
internal_value=-7.37801e-05 -0.000595438 -0.00114172 0.00230051 0.00082001 0.000514694
internal_weight=2341.89 1926.18 1391.19 415.711 534.986 515.79
internal_count=28590 24192 18345 4398 5847 5708
is_linear=0
shrinkage=0.03


Tree=27
num_leaves=7
num_cat=0
split_feature=0 28 2 14 6 31
split_gain=3.20315 2.13828 1.04323 1.03703 0.930118 0.918955
threshold=-0.055713991131700162 2.7757409811019902 -0.16749835130122889 0.41385917847164688 0.43407221132087292 7.3192882537841806
decision_type=2 10 2 2 2 8
left_child=-1 2 -2 4 5 -4
right_child=1 -3 3 -5 -6 -7
leaf_value=-0.0016040789058848874 -0.0011465745092274432 0.0039170489902481172 0.00015826145812393626 -0.0028987593949520054 0.0048901804979104629 0.0021076523487786316
leaf_weight=776.22273858870903 313.42964571414632 160.38944819144672 663.44962010160089 55.022053107619286 43.420054900663672 315.22235489921877
leaf_count=10841 4453 1420 6703 228 481 4469
internal_value=-4.26965e-05 0.000744026 0.000352685 0.000795489 0.00102052 0.000801112
internal_weight=2327.16 1550.93 1390.54 1077.11 1022.09 978.672
internal_count=28595 17754 16334 11881 11653 11172
is_linear=0
shrinkage=0.03


Tree=28
num_leaves=7
num_cat=0
split_feature=0 28 2 14 0 9
split_gain=3.10889 1.69753 1.11143 1.12511 1.07425 0.915912
threshold=-0.0051056284576169722 2.8385466337203984 -0.12572700109751672 0.41385917847164688 0.36453754958398932 0.056054035043676911
decision_type=2 10 2 2 2 2
left_child=5 2 -2 4 -4 -1
right_child=1 -3 3 -5 -6 -7
leaf_value=-0.0019639566000435107 -0.0006874425778493218 0.0039008775476025164 0.0010850079632167651 -0.0033005901634214946 0.0055479700375627907 0.00014897275755138058
leaf_weight=694.71226970563293 472.56654273124877 133.6720490346197 700.89157430737396 39.129613697528839 43.241093435179209 248.37412180099636
leaf_count=9720 5983 1189 8040 162 523 2891
internal_value=-9.06165e-05 0.000809758 0.000452517 0.00114029 0.00141448 -0.00141176
internal_weight=2332.59 1389.5 1255.83 783.262 744.133 943.086
internal_count=28508 15897 14708 8725 8563 12611
is_linear=0
shrinkage=0.03


Tree=29
num_leaves=7
num_cat=0
split_feature=6 7 9 8 28 14
split_gain=2.99799 2.03522 1.36974 0.952202 0.79099 0.636009
threshold=0.25800267363092039 -0.024091166803862328 0.016937871378546496 0.19344850867118132 2.6208504438400273 0.34198608790104729
decision_type=2 2 2 2 8 2
left_child=1 -1 3 -3 5 -2
right_child=4 2 -4 -5 -6 -7
leaf_value=-0.0018428070857689281 0.0024959672519651033 -0.00089000513198393965 0.0011810646130168548 0.0035967614534991549 0.0059063341740139136 -0.0020971665893143574
leaf_weight=589.18789566478517 199.64967258178513 734.00469622583478 701.02034446236212 35.379910162038868 54.493149530375376 23.453243911266327
leaf_count=8996 2316 9009 7210 432 484 98
internal_value=3.01066e-05 -0.000368852 0.000230217 -0.000640181 0.00290004 0.00194387
internal_weight=2337.19 2059.59 1470.4 769.385 277.596 223.103
internal_count=28545 25647 16651 9441 2898 2414
is_linear=0
shrinkage=0.03


Tree=30
num_leaves=7
num_cat=0
split_feature=1 43 9 31 11 11
split_gain=2.7821 1.8508 1.35647 0.793919 0.630049 0.627426
threshold=0.011736260828947678 1.5000000000000002 0.013910249214652769 4.3366324305534372 0.11129591335915441 0.039710615378734833
decision_type=2 2 2 8 2 2
left_child=1 2 4 -4 -1 -2
right_child=5 -3 3 -5 -6 -7
leaf_value=-0.0019096780447849977 0.00090972119378291956 0.0043618739710222761 -0.0009520555194269789 0.00095190543885569578 0.0018523559919084243 0.0028655439989144662
leaf_weight=790.85027592163533 470.82469282235252 52.814395041204989 378.51447056327015 390.08645963636809 34.503250465466408 216.29075944755459
leaf_count=11671 4649 467 3632 5488 479 2150
internal_value=-3.24769e-05 -0.000701356 -0.000895271 1.40728e-05 -0.00173212 0.00155765
internal_weight=2333.88 1646.77 1593.95 768.601 825.354 687.115
internal_count=28536 21737 21270 9120 12150 6799
is_linear=0
shrinkage=0.03


Tree=31
num_leaves=7
num_cat=0
split_feature=28 0 3 9 20 0
split_gain=2.60473 1.94216 1.05876 1.02725 0.911409 0.735184
threshold=2.8898928165435795 0.0077839355500756722 -0.24368037027907169 -0.0055679357386712374 0.039593578730233336 0.46586906684600954
decision_type=8 2 2 2 2 2
left_child=1 3 -2 -1 5 -3
right_child=2 4 -4 -5 -6 -7
leaf_value=-0.0022175671584441022 -0.0017372331753067363 -6.0040437659806983e-05 0.0026836805927089834 -0.00043412639666870646 0.0027431330658511206 0.0045113199217079684
leaf_weight=499.28323693669518 48.98441605939297 557.14664024760714 368.82290162646677 691.77158403149224 152.70587385591352 23.555701067816699
leaf_count=7694 739 5881 3897 8482 1647 296
internal_value=1.86183e-05 -0.000449931 0.00213687 -0.00119397 0.000758201 0.000198626
internal_weight=2342.27 1924.46 417.807 1191.05 733.408 580.702
internal_count=28636 24000 4636 16176 7824 6177
is_linear=0
shrinkage=0.03


Tree=32
num_leaves=7
num_cat=0
split_feature=28 0 0 2 31 5
split_gain=2.20864 1.61517 1.17543 1.04559 0.773952 0.718751
threshold=2.5651172399520878 0.0077839355500756722 0.14627105653835051 -0.11777762181154879 7.3192882537841806 0.005732849572629266
decision_type=8 2 2 2 10 2
left_child=1 5 3 -2 -3 -1
right_child=2 4 -4 -5 -6 -7
leaf_value=-0.0015435194110473486 -0.00054704258021055438 7.7898124726019137e-05 0.0049527038575770364 0.0024336247987474325 0.0024935545946654439 0.00046567069914970737
leaf_weight=970.23378668296209 196.0131851141341 548.04634523793356 74.756569870281965 212.96517877094448 142.85324999273871 186.78745888746926
leaf_count=13587 2303 5333 687 2252 2127 2258
internal_value=-6.28031e-05 -0.000536488 0.00172094 0.0010261 0.00060582 -0.00121795
internal_weight=2331.66 1847.92 483.735 408.978 690.9 1157.02
internal_count=28547 23305 5242 4555 7460 15845
is_linear=0
shrinkage=0.03


Tree=33
num_leaves=7
num_cat=0
split_feature=0 28 5 2 23 0
split_gain=2.58447 1.19353 1.04628 0.864092 0.823584 0.600528
threshold=-0.053351463142832671 1.9440463185310366 0.005732849572629266 -0.12572700109751672 0.50463307021977366 0.40629810526123383
decision_type=2 8 2 2 2 2
left_child=2 4 -1 -3 5 -2
right_child=1 3 -4 -5 -6 -7
leaf_value=-0.0018517631087505973 -0.00023752792787688095 0.00032780628238063286 0.0010008242857694292 0.0029266030369424099 0.0029374639500172645 0.0032863247866602341
leaf_weight=654.84706263631233 953.63296033881488 188.01219287514687 133.42423059709836 298.92311380192405 78.72083795585786 35.589589879702544
leaf_count=9326 11235 2122 1632 3025 865 425
internal_value=2.67534e-05 0.000735234 -0.00136244 0.00194996 0.00016842 -7.91291e-05
internal_weight=2343.15 1554.88 788.271 486.935 1067.94 989.223
internal_count=28630 17672 10958 5147 12525 11660
is_linear=0
shrinkage=0.03


Tree=34
num_leaves=7
num_cat=0
split_feature=28 0 9 0 3 4
split_gain=2.5225 1.6047 1.11718 1.10165 1.04936 0.630182
threshold=2.6208504438400273 0.12361960041353583 0.010053427755530033 0.14627105653835051 -0.065510649338639343 -0.12238478202909221
decision_type=8 2 2 2 2 2
left_child=1 2 -1 4 5 -2
right_child=3 -3 -4 -5 -6 -7
leaf_value=-0.0016992557270012637 -0.00087177124182217234 0.0012362408448662945 -5.0191339359750934e-05 0.005181086948995787 0.0041305370532298121 0.0017265175681043265
leaf_weight=745.84682731363864 154.60303260502405 396.9139063974435 725.00901732902275 72.493142816936597 82.060677425353788 162.93358849664219
leaf_count=10709 1845 4221 8484 655 817 1837
internal_value=6.15e-05 -0.000435743 -0.000892233 0.00199701 0.00130698 0.000473464
internal_weight=2339.86 1867.77 1470.86 472.09 399.597 317.537
internal_count=28568 23414 19193 5154 4499 3682
is_linear=0
shrinkage=0.03


Tree=35
num_leaves=7
num_cat=0
split_feature=6 7 28 3 2 23
split_gain=3.02079 1.64223 1.09427 1.02288 0.875543 0.797834
threshold=0.25800267363092039 -0.021188254162003924 1.8145318627357485 -0.31493732643588251 -0.12830813690610451 0.56683232886863422
decision_type=2 2 8 2 2 2
left_child=1 -1 5 -4 -2 -3
right_child=4 2 3 -5 -6 -7
leaf_value=-0.0017025812385758822 0.00061199897399430176 -0.00065702849432272027 -0.0034153385407223445 0.001711903187067791 0.0041093811013184437 0.0026014095725742322
leaf_weight=610.58297699807736 105.15774374094326 922.95404794008937 28.788925054948777 434.44173262425466 174.39611478301231 63.110424039012287
leaf_count=9277 1134 10849 369 4473 1746 732
internal_value=-9.69849e-06 -0.000411143 0.000140874 0.00132782 0.00286037 -0.000424458
internal_weight=2339.43 2059.88 1449.3 463.231 279.554 986.064
internal_count=28580 25700 16423 4842 2880 11581
is_linear=0
shrinkage=0.03


Tree=36
num_leaves=7
num_cat=0
split_feature=28 0 2 22 2 0
split_gain=2.29368 1.46516 1.28123 0.940925 0.669895 0.623854
threshold=2.7757409811019902 0.0056137771858125194 -0.11777762181154879 0.013786453090246481 -0.12572700109751672 0.46586906684600954
decision_type=8 2 2 2 2 2
left_child=1 4 -2 5 -1 -3
right_child=2 3 -4 -5 -6 -7
leaf_value=-0.0018751717101884329 0.00013747096369064543 -0.0002859811543297587 0.003350610566667619 0.0023881047101517875 -0.00042872759071808307 0.0041080035136388492
leaf_weight=542.28833633783506 202.90245862415759 520.79540461560828 240.89716006146045 183.98501223226776 618.89886600956379 20.767739741451805
leaf_count=8291 2360 5512 2504 1975 7662 268
internal_value=1.07576e-06 -0.000457317 0.00191698 0.000595274 -0.00111448 -4.60573e-05
internal_weight=2330.53 1886.74 443.8 725.548 1161.19 541.563
internal_count=28572 23708 4864 7755 15953 5780
is_linear=0
shrinkage=0.03


Tree=37
num_leaves=7
num_cat=0
split_feature=0 8 28 43 14 43
split_gain=2.22471 1.53904 1.06182 1.11515 0.973203 0.69889
threshold=-0.053351463142832671 0.1029647351714858 2.5651172399520878 1.5000000000000002 0.2442724207889182 1.5000000000000002
decision_type=2 2 10 2 2 2
left_child=5 2 3 4 -2 -1
right_child=1 -3 -4 -5 -6 -7
leaf_value=-0.0014868299588478942 9.6479713399275888e-05 0.0025151957445038137 0.0024526131845470501 0.0039066887945425769 -0.0020912246222726267 0.0030374365771576413
leaf_weight=758.28189466259209 817.92471772193676 303.47977742820513 148.86015537474304 47.293603877536952 225.46251346170902 22.919311153935269
leaf_count=10668 11396 3389 1318 396 1042 213
internal_value=-2.26746e-05 0.000637072 0.000160798 -0.000171438 -0.00039162 -0.00131738
internal_weight=2324.22 1543.02 1239.54 1090.68 1043.39 781.201
internal_count=28422 17541 14152 12834 12438 10881
is_linear=0
shrinkage=0.03


Tree=38
num_leaves=7
num_cat=0
split_feature=6 2 43 47 28 28
split_gain=2.05901 1.32247 1.15962 1.16556 0.97846 0.940159
threshold=0.074773325052908665 -0.15175518308926603 1.5000000000000002 5.5000000000000009 1.9122604131698611 1.3741577267646792
decision_type=2 2 2 8 8 8
left_child=2 -2 3 -1 -3 -5
right_child=1 4 -4 5 -6 -7
leaf_value=-0.0031371419061128948 -0.00058787672541951654 0.0010604884239289374 0.0034958894995841517 -0.0011001090981146769 0.0035643313713262753 0.00066214467452642021
leaf_weight=162.7852706417907 272.53923078675871 455.0878293835267 48.338479206664488 777.20160851781839 202.77225199475652 408.49741051835008
leaf_count=2248 3409 4790 434 11109 1809 4622
internal_value=6.78173e-05 0.00115431 -0.000658938 -0.000832511 0.00187406 -0.000492517
internal_weight=2327.22 930.399 1396.82 1348.48 657.86 1185.7
internal_count=28421 10008 18413 17979 6599 15731
is_linear=0
shrinkage=0.03


Tree=39
num_leaves=7
num_cat=0
split_feature=28 23 6 22 11 4
split_gain=2.03725 1.38349 1.00967 0.910588 0.752983 0.699659
threshold=2.466056346893311 0.20557854401914447 0.25800267363092039 0.012396158183737517 0.023764862630187449 -0.098796252086824188
decision_type=8 2 2 2 2 2
left_child=1 3 4 -1 5 -2
right_child=2 -3 -4 -5 -6 -7
leaf_value=-0.0012559491266929794 -0.0010184041535506265 0.0013482449593585457 0.0051405577767248993 0.00037760081679592594 0.0027589142122376085 0.0018783522030493772
leaf_weight=1064.1322772080894 164.9853520829929 323.11353073973441 58.823771575698629 424.65907479741145 160.62163831252838 121.57841493654996
leaf_count=13725 1862 3639 520 5610 1763 1319
internal_value=6.77253e-05 -0.000403868 0.0017315 -0.000790589 0.00118043 0.000232479
internal_weight=2317.91 1811.9 506.009 1488.79 447.185 286.564
internal_count=28438 22974 5464 19335 4944 3181
is_linear=0
shrinkage=0.03


Tree=40
num_leaves=7
num_cat=0
split_feature=7 8 3 14 28 31
split_gain=1.78787 1.30134 1.42228 1.00688 0.94247 0.924096
threshold=-0.024091166803862328 0.12644176053820602 -0.24368037027907169 0.41385917847164688 1.7176288366317751 5.247199922800065
decision_type=2 2 2 2 8 10
left_child=-1 2 -2 4 5 -4
right_child=1 -3 3 -5 -6 -7
leaf_value=-0.0014385089773180191 -0.0021744250213153599 0.0023625475759822441 -0.00068503930188652242 -0.0027098217075906821 0.0018683576922109021 0.0013788222479987941
leaf_weight=581.75303773500491 200.1462344431493 265.22320897609461 501.5338922693627 73.41830949485302 402.34207314031664 305.85709121578839
leaf_count=9009 2806 2941 4884 302 4129 4461
internal_value=-1.21856e-05 0.00046785 0.000115514 0.000486752 0.000701377 0.000104099
internal_weight=2330.27 1748.52 1483.3 1283.15 1209.73 807.391
internal_count=28532 19523 16582 13776 13474 9345
is_linear=0
shrinkage=0.03


Tree=41
num_leaves=7
num_cat=0
split_feature=28 23 0 0 3 30
split_gain=2.01593 1.39562 1.00263 0.996663 0.940865 0.666823
threshold=2.5651172399520878 0.34456282204118988 0.14627105653835051 -0.055713991131700162 -0.059841758346674608 -4.5000259876251212
decision_type=8 2 2 2 2 10
left_child=1 3 4 -1 -2 -5
right_child=2 -3 -4 5 -6 -7
leaf_value=-0.0017402900170538434 0.00025623115981625842 0.0017316834973025532 0.0046805396708544276 0.0012047878398714863 0.0036679172919635602 -0.00061284778149999311
leaf_weight=604.55117735351087 323.74027680553263 216.27848442952381 73.928338017780334 223.45226954726968 84.498121385811828 811.41694098178414
leaf_count=8831 3763 2476 677 3573 805 8525
internal_value=-3.18765e-05 -0.000482285 0.00167617 -0.000783087 0.0010332 -0.000212604
internal_weight=2337.87 1855.7 482.167 1639.42 408.238 1034.87
internal_count=28650 23405 5245 20929 4568 12098
is_linear=0
shrinkage=0.03


Tree=42
num_leaves=7
num_cat=0
split_feature=0 41 7 46 8 3
split_gain=2.32332 1.17094 1.08253 0.860367 0.761049 0.69534
threshold=0.13997435442498815 1.5000000000000002 -0.018207413947412359 25.500000000000004 0.23216899988254566 -0.23124022824059742
decision_type=2 2 2 10 2 2
left_child=1 2 -1 -3 5 -4
right_child=-2 3 4 -5 -6 -7
leaf_value=-0.001585999525861119 0.0019910869021239051 0.0059297344091310709 -0.0017982379675088678 -0.00029568809307429611 0.0039596876223637958 0.0001355734621261103
leaf_weight=606.02389077388216 438.06684971632785 34.537379775661975 190.14242982096039 34.593895021127537 31.289519337879028 1014.4632300130615
leaf_count=9201 4574 316 2754 298 366 11119
internal_value=4.59983e-05 -0.000407915 -0.000558628 0.00317079 -4.61677e-05 -0.000181963
internal_weight=2349.12 1911.05 1841.92 69.1313 1235.9 1204.61
internal_count=28628 24054 23440 614 14239 13873
is_linear=0
shrinkage=0.03


Tree=43
num_leaves=7
num_cat=0
split_feature=0 43 22 2 20 11
split_gain=1.85684 1.75162 1.16307 0.871769 0.636044 0.611204
threshold=0.13326998848160362 1.5000000000000002 -0.16454758628043273 -0.12572700109751672 0.008622565428666908 0.043009995560498421
decision_type=2 2 2 2 2 2
left_child=1 2 -1 4 -4 -5
right_child=-2 -3 3 5 -6 -7
leaf_value=-0.002947900326126665 0.0017260961116805792 0.0041487014525042184 -0.0016703859337809917 -0.00019896765097419182 0.00018116565915382777 0.0015070011215637866
leaf_weight=159.45434072084026 449.58027192865848 63.436242609750479 513.64779873774387 656.41212221753085 242.48466113035101 254.39544785840553
leaf_count=2366 4718 542 7043 7514 3482 2894
internal_value=1.50283e-05 -0.000398968 -0.000578654 -0.000335792 -0.001082 0.000288714
internal_weight=2339.41 1889.83 1826.39 1666.94 756.132 910.808
internal_count=28559 23841 23299 20933 10525 10408
is_linear=0
shrinkage=0.03


Tree=44
num_leaves=7
num_cat=0
split_feature=7 8 3 28 31 46
split_gain=1.75146 1.32077 0.824664 0.839004 0.718969 0.703192
threshold=-0.03371831329501724 0.1029647351714858 -0.24368037027907169 1.7176288366317751 5.3527802228927621 27.500000000000004
decision_type=2 2 2 8 10 8
left_child=-1 2 -2 4 -4 -5
right_child=1 -3 3 5 -6 -7
leaf_value=-0.0014790381073981089 -0.0016932994844390413 0.0020765658662099643 -0.00085310253515996875 -0.00063554436167203481 0.00095093506599855783 0.0021163245036581822
leaf_weight=513.79392191418447 193.81311701104278 364.78381140340935 531.24397584807593 106.73288312042132 304.54208225032198 319.66332041716669
leaf_count=8150 2760 4027 5096 1154 4356 3019
internal_value=5.08807e-05 0.000488319 7.89508e-05 0.000362258 -0.00019228 0.00142871
internal_weight=2334.57 1820.78 1456 1262.18 835.786 426.396
internal_count=28562 20412 16385 13625 9452 4173
is_linear=0
shrinkage=0.03


Tree=45
num_leaves=7
num_cat=0
split_feature=2 11 9 14 9 6
split_gain=1.6664 1.16674 0.87341 0.846382 0.694659 0.661819
threshold=-0.12572700109751672 0.035054541906202309 -0.028494626625335997 0.39316636867906257 0.12779494713558437 0.059027476757426221
decision_type=2 2 2 2 2 2
left_child=2 3 -1 4 -2 -3
right_child=1 5 -4 -5 -6 -7
leaf_value=-0.0021286988594202989 4.3588453172036169e-05 0.00073460283014662657 -0.00024987591933543324 -0.0031192860968861733 0.0026957494370015039 0.0030638894408172401
leaf_weight=320.4003483337292 723.60312693184824 216.60064959299052 692.89886362585821 57.708693876862526 91.384695695887785 231.21402934557409
leaf_count=5208 8564 2616 8566 238 1012 2336
internal_value=5.147e-05 0.000751287 -0.000858948 0.000106584 0.000370047 0.00197791
internal_weight=2333.81 1320.51 1013.3 872.697 814.988 447.815
internal_count=28540 14766 13774 9814 9576 4952
is_linear=0
shrinkage=0.03


Tree=46
num_leaves=7
num_cat=0
split_feature=0 43 9 8 28 31
split_gain=1.74221 1.96092 0.996935 0.817567 0.758136 0.725264
threshold=0.0077839355500756722 1.5000000000000002 0.0054541300413041985 0.19344850867118132 2.8898928165435795 4.0212042331695566
decision_type=2 2 2 2 10 8
left_child=1 2 3 -1 -2 -3
right_child=4 5 -4 -5 -6 -7
leaf_value=-0.0018684895391887254 0.00072423249145435833 0.00062075449304186553 -7.1735430807428227e-05 0.0030850910749615399 0.0033605241422403308 0.0076761564430230696
leaf_weight=648.87003515122342 745.959511412133 24.668767157010734 748.46969366120175 22.631516254157759 105.04504183557583 23.559296833584085
leaf_count=9888 8019 191 9002 316 899 238
internal_value=1.21928e-05 -0.000612707 -0.000828569 -0.00165872 0.0010849 0.00479369
internal_weight=2319.2 1468.2 1419.97 671.502 851.005 48.2281
internal_count=28553 19635 19206 10204 8918 429
is_linear=0
shrinkage=0.03


Tree=47
num_leaves=7
num_cat=0
split_feature=0 43 46 8 23 3
split_gain=1.66661 1.20029 1.12134 1.03118 1.08443 1.15408
threshold=0.14332896383286889 1.5000000000000002 28.500000000000004 0.19344850867118132 -0.3021662770987818 -0.23563403307351424
decision_type=2 2 10 2 2 2
left_child=1 3 -3 4 -1 -6
right_child=-2 2 -4 -5 5 -7
leaf_value=-0.0022375293081221561 0.001656119136704558 0.0064645003686872064 -0.00069142217965755578 0.0028022881006956549 -0.0022359573838902171 3.997635721590912e-05
leaf_weight=323.63140113872942 426.7915998644894 33.471253890777007 32.857527732849121 69.517977782757953 230.19277282920666 1212.0299851382879
leaf_count=4769 4436 283 271 823 3528 14316
internal_value=-1.58735e-05 -0.000397813 0.00329348 -0.000548337 -0.000695281 -0.00033618
internal_weight=2328.49 1901.7 66.3288 1835.37 1765.85 1442.22
internal_count=28426 23990 554 23436 22613 17844
is_linear=0
shrinkage=0.03


Tree=48
num_leaves=7
num_cat=0
split_feature=2 6 37 20 28 11
split_gain=1.68801 1.382 0.958884 0.756455 0.818012 0.719519
threshold=-0.12572700109751672 0.29324434012715528 -2.5911847638587151 0.012612602314840128 3.8115005493164067 0.035786324715780631
decision_type=2 2 10 2 10 2
left_child=3 2 -2 4 -1 -4
right_child=1 -3 5 -5 -6 -7
leaf_value=-0.0015333605472269973 0.0021782389848677172 0.0035628271219631529 -0.00052430840552068823 0.00049007006554510981 0.0030237615691275808 0.0012161976161487772
leaf_weight=698.95864327010349 226.23177475148987 136.54060127562843 646.61373382355669 284.20555950765265 28.231620900915004 306.96042891347315
leaf_count=9551 3511 1345 6724 3934 266 3150
internal_value=0.00010719 0.000812673 0.000467125 -0.000809974 -0.00131782 4.27766e-05
internal_weight=2327.74 1316.35 1179.81 1011.4 727.19 953.574
internal_count=28481 14730 13385 13751 9817 9874
is_linear=0
shrinkage=0.03


Tree=49
num_leaves=7
num_cat=0
split_feature=28 23 9 31 14 2
split_gain=1.57988 1.0735 0.998542 0.770007 0.720272 0.693407
threshold=1.9798751473426821 0.48447040189574847 0.016140573215072344 4.4362272322177896 0.35654786167880476 -0.091742951115453455
decision_type=8 2 2 10 2 2
left_child=1 2 -1 -4 5 -2
right_child=4 -3 3 -5 -6 -7
leaf_value=-0.0013354865842011984 0.00075440070777870838 0.0021920814243163783 -0.0006840304999158538 0.0012563301131599614 -0.0014860403124143753 0.0028825273942179545
leaf_weight=834.28475377359428 336.29103278717957 121.33820351588656 404.87255727080628 321.12813854255364 65.669141158461571 235.98925746092573
leaf_count=11887 3883 1462 3708 4622 272 2549
internal_value=6.45867e-05 -0.000418182 -0.00063384 0.000179648 0.00132397 0.0016664
internal_weight=2319.57 1681.62 1560.29 726.001 637.949 572.28
internal_count=28383 21679 20217 8330 6704 6432
is_linear=0
shrinkage=0.03


Tree=50
num_leaves=7
num_cat=0
split_feature=0 2 28 28 43 23
split_gain=1.67151 1.1004 0.909886 0.751663 0.575488 0.561829
threshold=0.084934658122994902 -0.12572700109751672 3.493869543075562 1.9122604131698611 1.5000000000000002 0.51512363655668025
decision_type=2 2 8 10 2 2
left_child=1 4 -3 5 -1 -2
right_child=3 2 -4 -5 -6 -7
leaf_value=-0.0014444882161841052 0.00031027796323991494 -0.00019601409962181568 0.0022577049209264077 0.0031760880109369181 0.0025556676211367815 0.003452538106807122
leaf_weight=763.87157305379515 398.25535193865653 793.18946876694099 153.85827470564982 144.60419550444931 24.898146844469011 49.236147070419975
leaf_count=11029 4331 9345 1743 1240 231 542
internal_value=2.5968e-06 -0.000467491 0.000222044 0.0013656 -0.00128781 0.000723921
internal_weight=2327.91 1735.82 947.048 592.096 788.77 447.491
internal_count=28461 22348 11088 6113 11260 4873
is_linear=0
shrinkage=0.03


Tree=51
num_leaves=7
num_cat=0
split_feature=14 0 43 3 23 47
split_gain=1.23674 1.27756 1.42104 1.08857 0.92236 0.781944
threshold=0.41385917847164688 0.13655568528558773 1.5000000000000002 -0.32866954310102664 0.55228305723375715 5.5000000000000009
decision_type=2 2 2 2 2 8
left_child=1 2 3 -1 5 -5
right_child=-2 -3 -4 4 -6 -7
leaf_value=-0.002992948678416033 -0.0028939787138262062 0.0017131012267267514 0.0041208157263503149 -0.0019969753787970248 0.003053832573662596 2.3790546850720567e-05
leaf_weight=113.52230907126796 109.46520467102528 417.50391251462861 58.699665601132438 187.35861176572507 70.864469283347717 1357.7337188587408
leaf_count=1914 450 4511 522 2556 854 17629
internal_value=7.97351e-05 0.000239712 -0.000111909 -0.000278434 -7.05029e-05 -0.000232514
internal_weight=2315.15 2205.68 1788.18 1729.48 1615.96 1545.09
internal_count=28436 27986 23475 22953 21039 20185
is_linear=0
shrinkage=0.03


Tree=52
num_leaves=7
num_cat=0
split_feature=0 22 8 20 14 22
split_gain=1.6311 0.999847 0.845281 0.640434 0.595192 0.541328
threshold=-0.084840280120375242 -0.16454758628043273 0.1029647351714858 0.16260936666701706 0.34198608790104729 -0.016782788900833307
decision_type=2 2 2 2 2 2
left_child=3 -2 4 -1 -3 -4
right_child=1 2 5 -5 -6 -7
leaf_value=-0.0014795329112811206 -0.0017084113291590806 0.00063972567888981151 -0.00010500215955722756 0.001697151483504132 -0.0015375221798519887 0.0029257171768846007
leaf_weight=621.80505619314499 152.26008727107546 1098.2837217814231 68.425044503295794 54.505579478456639 116.29010646045208 215.97349975589896
leaf_count=8893 2082 13147 761 865 486 2286
internal_value=2.78993e-05 0.000536058 0.000773853 -0.00120252 0.000420411 0.00221774
internal_weight=2327.54 1651.23 1498.97 676.311 1214.57 284.399
internal_count=28520 18762 16680 9758 13633 3047
is_linear=0
shrinkage=0.03


Tree=53
num_leaves=7
num_cat=0
split_feature=2 28 14 23 20 28
split_gain=1.57552 1.18971 0.723189 0.77368 0.638377 0.656007
threshold=-0.12572700109751672 2.672078132629395 0.41385917847164688 0.39184133446296787 0.012612602314840128 3.8115005493164067
decision_type=2 8 2 2 2 10
left_child=4 2 3 -2 5 -1
right_child=1 -3 -4 -5 -6 -7
leaf_value=-0.0015667183484520235 8.0727713488947897e-05 0.0024022844873447897 -0.0029384530285095278 0.0026142807045742003 0.00030297704909162964 0.0024517658239691614
leaf_weight=692.20163467049133 880.45914842640923 270.93850759562338 52.284776121377945 113.837532487727 281.16352865676163 29.847026246134192
leaf_count=9535 10501 2758 216 1257 3884 268
internal_value=-1.14713e-05 0.000668543 0.000201224 0.000393938 -0.000902319 -0.00136939
internal_weight=2320.73 1317.52 1046.58 994.297 1003.21 722.049
internal_count=28419 14732 11974 11758 13687 9803
is_linear=0
shrinkage=0.03


Tree=54
num_leaves=7
num_cat=0
split_feature=6 28 23 22 14 8
split_gain=1.52822 1.04862 0.740647 0.705922 0.605271 0.552745
threshold=0.30031076942859641 2.7757409811019902 0.34456282204118988 -0.12013876191900652 0.34198608790104729 0.084597532270643275
decision_type=2 8 2 2 2 2
left_child=1 2 3 -1 -2 -3
right_child=4 5 -4 -5 -6 -7
leaf_value=-0.0023422610236093215 0.0029658984967601671 0.00046622945292777409 0.0011368583523314161 -0.00054271801092448666 -0.0015279827623913755 0.003086221162688787
leaf_weight=223.38665349417715 180.8877908991999 322.27627485420089 187.68554721702822 1306.6860826471529 25.087658748030663 85.397732929151971
leaf_count=3196 2037 3617 2169 16628 104 894
internal_value=-3.1872e-05 -0.000274963 -0.000599911 -0.000818949 0.00237314 0.0010758
internal_weight=2331.41 2125.43 1717.76 1530.07 205.975 407.674
internal_count=28645 26504 21993 19824 2141 4511
is_linear=0
shrinkage=0.03


Tree=55
num_leaves=7
num_cat=0
split_feature=28 43 0 37 9 3
split_gain=1.4869 1.03771 1.01785 0.946454 0.818154 0.635809
threshold=1.6534560322761538 1.5000000000000002 0.13326998848160362 -2.64727548992995 0.023468341943540728 -0.31493732643588251
decision_type=8 2 2 10 2 2
left_child=3 2 5 -1 -5 -2
right_child=1 -3 -4 4 -6 -7
leaf_value=0.0013195037277887167 -0.0030835175639973809 0.0060656150103814916 0.0031180922284289978 -0.001400760528652319 7.5526650247302016e-05 0.00058503381620352674
leaf_weight=218.52588108889177 36.15376229188405 26.986408082768321 135.89178449008614 777.48195744628902 590.02563749119872 541.14754396182252
leaf_count=4623 522 193 1243 9847 6203 5862
internal_value=4.41562e-05 0.00114556 0.000878089 -0.000473809 -0.000767877 0.000306698
internal_weight=2326.21 740.179 713.193 1586.03 1367.51 577.301
internal_count=28493 7820 7627 20673 16050 6384
is_linear=0
shrinkage=0.03


Tree=56
num_leaves=7
num_cat=0
split_feature=0 6 28 31 5 47
split_gain=1.35772 0.792605 0.609469 0.590187 0.519488 0.513524
threshold=-0.084840280120375242 0.33929199159742401 1.9798751473426821 5.1071106269955644 0.005732849572629266 5.5000000000000009
decision_type=2 2 8 10 2 8
left_child=4 2 3 -2 -1 -4
right_child=1 -3 5 -5 -6 -7
leaf_value=-0.0014483193329519041 -0.00065861855262449687 0.0025047330659589812 -0.0012548819508980959 0.00079507575048599747 0.00072484834674663807 0.0015781232154691797
leaf_weight=560.27659927065542 652.37649690423859 152.06806379929185 59.369734200648963 395.20735092289397 113.36073446145747 399.46866618189961
leaf_count=8280 6353 1612 624 5981 1439 4226
internal_value=4.88747e-05 0.000510039 0.000293492 -0.000107871 -0.00107736 0.00119261
internal_weight=2332.13 1658.49 1506.42 1047.58 673.637 458.838
internal_count=28515 18796 17184 12334 9719 4850
is_linear=0
shrinkage=0.03


Tree=57
num_leaves=7
num_cat=0
split_feature=0 7 14 11 20 31
split_gain=1.28569 1.06488 1.03886 0.844592 0.758575 0.531187
threshold=0.46586906684600954 -0.029075449089552639 0.41385917847164688 0.025522680899316499 -0.026547521428996888 5.2982650995254525
decision_type=2 2 2 2 2 8
left_child=1 -1 3 5 -5 -3
right_child=-2 2 -4 4 -6 -7
leaf_value=-0.0012734686137237708 0.0049065039871453234 -0.00063934246261988055 -0.0027488648935044459 -0.00029781293000918419 0.0020529972544126433 0.00069510439216539477
leaf_weight=545.25090549106244 36.556925544398837 632.06055889750132 89.276301726698875 174.76277426400338 393.38000317543629 451.49375224864343
leaf_count=8623 417 6164 368 2160 4405 6394
internal_value=-2.9217e-05 -0.000129164 0.000234444 0.000411268 0.00133724 -8.20355e-05
internal_weight=2322.78 2286.22 1740.97 1651.7 568.143 1083.55
internal_count=28531 28114 19491 19123 6565 12558
is_linear=0
shrinkage=0.03


Tree=58
num_leaves=7
num_cat=0
split_feature=23 49 0 28 14 2
split_gain=1.21874 1.1868 0.936286 0.744681 0.723292 0.580067
threshold=0.54077549956998283 1.5000000000000002 -0.084840280120375242 2.8898928165435795 0.22021843570589214 -0.11777762181154879
decision_type=2 2 2 10 2 2
left_child=1 2 -1 4 5 -4
right_child=-2 -3 3 -5 -6 -7
leaf_value=-0.0011743307642976069 0.0027224944380076824 0.0060742966158811168 -0.00042903798804661285 0.0021763144488034219 -0.0011132606632629849 0.0010199868792123115
leaf_weight=643.59852808412688 131.82534755734378 17.269046830944717 431.3443105063925 141.80541141261347 391.20030401647091 563.29128963028779
leaf_count=9341 1506 127 6631 1245 1875 7742
internal_value=2.7185e-05 -0.000146813 -0.000223913 0.000181533 -3.67123e-05 0.000393572
internal_weight=2320.33 2188.51 2171.24 1527.64 1385.84 994.636
internal_count=28467 26961 26834 17493 16248 14373
is_linear=0
shrinkage=0.03


Tree=59
num_leaves=7
num_cat=0
split_feature=28 22 23 3 6 17
split_gain=1.28513 1.12047 0.820297 0.740981 0.671551 0.571247
threshold=1.9798751473426821 0.12316497555472924 0.45464867897238254 -0.31493732643588251 -0.11257961848191168 1.5000000000000002
decision_type=8 2 2 2 2 2
left_child=1 2 4 -2 -1 -5
right_child=3 -3 -4 5 -6 -7
leaf_value=-0.0021365899844213291 -0.0024477225946085007 0.0017384988373552689 0.0015801059649718306 0.0016418240812925298 -0.00053731246998385584 -0.0021322443975037831
leaf_weight=296.1297627070162 38.997116979211569 184.63606845820323 123.1329164802155 575.93136490386678 1088.1953629050986 30.057296644314192
leaf_count=4869 544 2519 1444 5863 12992 391
internal_value=2.60936e-05 -0.000408561 -0.00068126 0.00115522 -0.000892294 0.00142305
internal_weight=2337.08 1692.09 1507.46 644.986 1384.33 605.989
internal_count=28622 21824 19305 6798 17861 6254
is_linear=0
shrinkage=0.03


Tree=60
num_leaves=7
num_cat=0
split_feature=2 11 0 23 40 23
split_gain=1.15223 1.00862 0.765635 0.689084 0.599766 0.663551
threshold=-0.10867236142967861 0.11129591335915441 0.46586906684600954 0.62378312966976102 3.5000000000000004 0.12321820692792675
decision_type=2 2 2 2 2 2
left_child=3 2 4 -1 5 -2
right_child=1 -3 -4 -5 -6 -7
leaf_value=-0.00078500532989902788 -0.00032283261908048409 0.0036090356235217187 0.0050128268740089335 0.0029168670592480601 0.0030950098120348744 0.0015085831773259659
leaf_weight=1133.5460367673368 776.24937198593398 87.537782411498483 21.684663613850717 37.444700018328149 53.77420602820348 220.217045403464
leaf_count=15029 9000 935 234 480 589 2279
internal_value=1.81177e-05 0.000685531 0.000415635 -0.000642935 0.000274331 9.28741e-05
internal_weight=2330.45 1159.46 1071.93 1170.99 1050.24 996.466
internal_count=28546 13037 12102 15509 11868 11279
is_linear=0
shrinkage=0.03


Tree=61
num_leaves=7
num_cat=0
split_feature=28 23 46 51 0 3
split_gain=1.16189 0.774024 0.692154 0.91584 0.571489 0.529328
threshold=1.9798751473426821 0.19540126644789638 25.500000000000004 0.18333333333333338 0.14627105653835051 -0.029706027269383959
decision_type=8 2 8 2 2 2
left_child=1 2 3 -1 5 -2
right_child=4 -3 -4 -5 -6 -7
leaf_value=-0.00099526852504691881 0.00015811528741586442 0.00084747856757815996 -0.0010595462501812604 0.0029766952547231836 0.0028916949805258851 0.0027190553915633852
leaf_weight=106.12786027597031 452.27683427557349 311.39995894240565 1185.4581055923481 86.414540807018057 109.15755458385684 76.87496384192491
leaf_count=1688 5051 3536 15657 957 962 738
internal_value=-7.22789e-05 -0.000484197 -0.000789067 0.000846333 0.00100859 0.000573699
internal_weight=2327.71 1689.4 1378 192.542 638.309 529.152
internal_count=28589 21838 18302 2645 6751 5789
is_linear=0
shrinkage=0.03


Tree=62
num_leaves=7
num_cat=0
split_feature=6 22 23 11 14 14
split_gain=1.12932 0.920914 0.729082 0.59676 0.468081 0.464192
threshold=0.28806393323660878 -0.12013876191900652 -0.29687070269102706 0.025522680899316499 0.28104463578201971 0.34198608790104729
decision_type=2 2 2 2 2 2
left_child=1 -1 -3 -4 -5 -2
right_child=5 2 3 4 -6 -7
leaf_value=-0.0018307014915646201 0.0023773117824391352 -0.001265009654880413 -0.00014446239365873187 0.0015261897509218296 -0.00092732190285664637 -0.0015120625464585858
leaf_weight=279.75836874588276 205.09023069945397 329.55960246719769 1004.9238224417204 408.72270573111018 77.021228611469269 24.779314130544662
leaf_count=3948 2253 4691 11788 5401 337 103
internal_value=-3.82605e-05 -0.000259846 -9.73152e-06 0.000274368 0.00112629 0.00191249
internal_weight=2329.86 2099.99 1820.23 1490.67 485.744 229.87
internal_count=28521 26165 22217 17526 5738 2356
is_linear=0
shrinkage=0.03


Tree=63
num_leaves=7
num_cat=0
split_feature=0 43 46 9 28 8
split_gain=1.12641 0.909361 0.968184 0.883885 0.760067 0.713029
threshold=0.13997435442498815 1.5000000000000002 24.500000000000004 -0.089260218624545126 3.8115005493164067 0.19344850867118132
decision_type=2 2 10 2 10 2
left_child=1 3 -3 -1 5 -5
right_child=-2 2 -4 4 -6 -7
leaf_value=-0.0021245348105944093 0.0013449494540200739 0.0059520636374874045 -0.00061935135923151322 -0.00046418643658791583 0.0029992079730893628 0.0026717194061634877
leaf_weight=237.5658588023507 440.389157816855 32.027554091066122 35.543319574557245 1468.8607325490593 54.429393144790083 58.387699152517598
leaf_count=3827 4571 266 298 18337 498 689
internal_value=-3.75897e-06 -0.000323983 0.00286117 -0.000457282 -0.000195088 -0.000327699
internal_weight=2327.2 1886.81 67.5709 1819.24 1581.68 1527.25
internal_count=28486 23915 564 23351 19524 19026
is_linear=0
shrinkage=0.03


Tree=64
num_leaves=7
num_cat=0
split_feature=22 28 5 1 31 34
split_gain=1.16716 0.910236 0.818083 0.726344 0.658942 0.642823
threshold=-0.16251717978601601 3.8115005493164067 1.0000000180025095e-35 0.12695128007315934 0.57824797928333294 -7.6496938218673067
decision_type=2 10 2 2 8 8
left_child=-1 2 3 4 -2 -6
right_child=1 -3 -4 -5 5 -7
leaf_value=-0.0021951612354079975 -0.0016578598086048268 0.0030308278289408823 0.0011377148807861278 0.0025768843736310517 0.0025179636669088123 -0.00031328032247337936
leaf_weight=206.0077913676796 316.42686134111136 82.436680722399615 428.2483969447203 64.428715957037639 66.913833754806546 1167.6147456217732
leaf_count=2950 2785 737 4633 642 1705 15115
internal_value=-9.39523e-05 0.00011897 -1.26758e-05 -0.000322775 -0.000458967 -0.000140822
internal_weight=2332.08 2126.07 2043.63 1615.38 1550.96 1234.53
internal_count=28567 25617 24880 20247 19605 16820
is_linear=0
shrinkage=0.03


Tree=65
num_leaves=7
num_cat=0
split_feature=20 8 43 46 1 6
split_gain=1.00378 0.836788 0.82539 0.889719 0.766349 0.427
threshold=-0.15586898171441274 0.18821883252260022 1.5000000000000002 28.500000000000004 0.025394442259978358 -0.039151151733959097
decision_type=2 2 2 10 2 2
left_child=-1 2 4 -4 5 -2
right_child=1 -3 3 -5 -6 -7
leaf_value=-0.0017099233027129638 -0.0010247448168828914 0.0027383183468159917 0.0058927373828362587 -0.00023551817863763877 0.0010068491851690964 3.2164647972368943e-05
leaf_weight=259.65136759204324 555.87731102162797 103.65897851772024 34.760206061648205 39.309134250041097 465.13113021163736 876.03348452266073
leaf_count=3652 8308 1129 306 321 4454 10437
internal_value=1.24989e-05 0.000235223 9.04298e-05 0.00299927 -3.82768e-05 -0.000382396
internal_weight=2334.42 2074.77 1971.11 74.0693 1897.04 1431.91
internal_count=28607 24955 23826 627 23199 18745
is_linear=0
shrinkage=0.03


Tree=66
num_leaves=7
num_cat=0
split_feature=0 7 11 41 20 6
split_gain=0.988554 0.796 0.74893 0.648342 0.626236 0.558376
threshold=0.40629810526123383 -0.10497029864169484 0.12734043717877583 1.5000000000000002 0.028345673326884206 0.18387182025074664
decision_type=2 2 2 2 2 2
left_child=1 -1 3 4 -3 -6
right_child=-2 2 -4 -5 5 -7
leaf_value=-0.0020578875280076879 0.0034034050624376067 -0.00049767078936446623 0.0027996166441029515 0.0023138690065584813 0.00022469494477391015 0.002764743414802514
leaf_weight=166.27372620356618 63.935171121265739 1473.7370929821773 74.994404169556219 87.482399674830958 385.07445448631188 88.332955483405385
leaf_count=3371 700 17473 787 723 4719 883
internal_value=-1.0802e-05 -0.000121184 4.04493e-05 -7.44461e-05 -0.000193024 0.00074603
internal_weight=2339.83 2275.9 2109.62 2034.63 1947.14 473.407
internal_count=28656 27956 24585 23798 23075 5602
is_linear=0
shrinkage=0.03


Tree=67
num_leaves=7
num_cat=0
split_feature=28 0 47 9 9 23
split_gain=1.24701 1.01088 0.606013 0.576367 0.574912 0.573894
threshold=3.3306834697723393 0.0056137771858125194 5.5000000000000009 0.02024585362907461 0.10019122391016565 0.34456282204118988
decision_type=8 2 8 2 2 2
left_child=1 4 -2 -4 -1 -3
right_child=2 5 3 -5 -6 -7
leaf_value=-0.0011292545951075703 -0.001466068975282605 0.00013246678129578279 0.00073527159751911927 0.0033524914397617955 0.00063861249632195846 0.0021848583798103876
leaf_weight=1019.1913744144258 43.197723870165646 632.33374640374677 158.0455130537739 149.4183546367567 190.54087563778739 142.56624870674568
leaf_count=14187 491 6705 2063 1484 2286 1418
internal_value=-1.52268e-05 -0.000308692 0.0016082 0.0020727 -0.000847851 0.000533092
internal_weight=2335.29 1984.63 350.662 307.464 1209.73 774.9
internal_count=28634 24596 4038 3547 16473 8123
is_linear=0
shrinkage=0.03


Tree=68
num_leaves=7
num_cat=0
split_feature=43 47 8 46 6 15
split_gain=0.917206 1.00098 0.896541 0.841244 0.708279 0.49441
threshold=1.5000000000000002 5.5000000000000009 0.17004656054086478 28.500000000000004 -0.017056439156376117 1.5000000000000002
decision_type=2 8 2 10 2 2
left_child=1 -1 4 -2 -3 -6
right_child=3 2 -4 -5 5 -7
leaf_value=-0.0018000340645244624 0.0054415019393710944 -0.00087035849951780538 0.0023939762357827986 -0.00015506921810741193 0.00059904636761729305 -0.0011838729547934948
leaf_weight=270.72326828516088 42.231930942041799 630.40010978584178 134.00044626987074 43.99377874750644 1043.0426227900898 151.99151629867265
leaf_count=3429 361 9180 1516 351 11758 1816
internal_value=-1.31711e-06 -0.000124505 0.000114957 0.00286667 -6.44718e-05 0.000364342
internal_weight=2316.38 2230.16 1959.43 86.2257 1825.43 1195.03
internal_count=28411 27699 24270 712 22754 13574
is_linear=0
shrinkage=0.03


Tree=69
num_leaves=7
num_cat=0
split_feature=28 30 11 51 8 4
split_gain=1.03381 0.783505 0.63088 0.60964 0.763875 0.633822
threshold=2.7757409811019902 -4.5000259876251212 0.035054541906202309 0.45000000000000007 0.0059325034264900373 -0.091708521687438302
decision_type=8 10 2 2 2 2
left_child=1 -1 -3 5 -5 -2
right_child=3 2 -4 4 -6 -7
leaf_value=0.00085926109977987354 -0.00015576119652107982 -0.00098514655421151056 0.00040326471418329645 1.0720797560287542e-05 0.0063001372210283778 0.0022935003344865135
leaf_weight=417.48302755749319 237.59110503771808 1051.4525536870351 401.25254378264071 28.559469062369317 34.534174029482529 147.25717441167217
leaf_count=7178 2748 11958 4397 258 258 1593
internal_value=3.89007e-05 -0.000272591 -0.000601517 0.00131696 0.00384418 0.000815767
internal_weight=2318.13 1870.19 1452.71 447.942 63.0936 384.848
internal_count=28390 23533 16355 4857 516 4341
is_linear=0
shrinkage=0.03


Tree=70
num_leaves=7
num_cat=0
split_feature=0 7 14 15 28 22
split_gain=1.03567 0.80654 0.750258 0.734737 0.602796 0.744531
threshold=0.46586906684600954 -0.10497029864169484 0.41385917847164688 1.5000000000000002 2.8385466337203984 0.023709694332379346
decision_type=2 2 2 2 8 2
left_child=1 -1 3 4 5 -3
right_child=-2 2 -4 -5 -6 -7
leaf_value=-0.0020232338750020263 0.0044873499089431289 -0.00023357402196974735 -0.0023062799194153751 -0.001289116787471729 0.0015684796331936379 0.0013089226342017724
leaf_weight=165.0582757385273 35.856007162830792 1072.477544712543 101.07269896566868 242.89813408826012 333.76031653233804 370.88487956288736
leaf_count=3349 426 13032 416 3061 3726 4526
internal_value=2.32844e-05 -6.5968e-05 9.51208e-05 0.000226045 0.000439193 0.000169063
internal_weight=2322.01 2286.15 2121.09 2020.02 1777.12 1443.36
internal_count=28536 28110 24761 24345 21284 17558
is_linear=0
shrinkage=0.03


Tree=71
num_leaves=7
num_cat=0
split_feature=22 28 30 28 12 0
split_gain=1.19419 0.758137 0.730028 0.703888 0.638397 0.655978
threshold=-0.16251717978601601 3.3306834697723393 -4.4259374141693106 0.47916764020919805 1.6058927959201512 0.14332896383286889
decision_type=2 8 10 10 2 2
left_child=-1 2 -2 -4 5 -5
right_child=1 -3 3 4 -6 -7
leaf_value=-0.0020997687873774364 0.0011042156250446681 0.0015164776036422629 -0.0010394439256190663 0.0001755047826768001 -0.0015133954770190723 0.0025341127093191558
leaf_weight=212.40881106362212 385.88644446879334 326.76686099328799 680.13099530490581 464.27595339226536 132.74410340189934 128.24146322504384
leaf_count=2995 6428 3704 8228 5309 621 1229
internal_value=-8.11265e-06 0.000210531 -3.47973e-05 -0.000353134 0.000295852 0.000719576
internal_weight=2330.45 2118.05 1791.28 1405.39 725.262 592.517
internal_count=28514 25519 21815 15387 7159 6538
is_linear=0
shrinkage=0.03


Tree=72
num_leaves=7
num_cat=0
split_feature=0 22 51 47 46 39
split_gain=0.934452 0.819772 0.703368 0.832143 0.790819 0.708873
threshold=0.42313246652566022 -0.16251717978601601 0.55000000000000016 5.5000000000000009 28.500000000000004 4.5000000000000009
decision_type=2 2 2 8 10 2
left_child=1 -1 3 5 -4 -3
right_child=-2 2 4 -5 -6 -7
leaf_value=-0.0019158959239095068 0.0035696068964605507 -0.00378152695895034 0.0043735466537007063 8.7964107541065815e-05 0.00026536229951799965 -0.00034615408526194268
leaf_weight=204.87345969348098 52.37764697271632 87.529901026457082 58.00061558210291 1687.1208355669223 114.73844603844918 126.34939526114613
leaf_count=2934 582 1087 520 20689 1081 1615
internal_value=-5.34948e-05 -0.000152011 3.06087e-05 -0.000139573 0.00180862 -0.00185819
internal_weight=2330.99 2278.61 2073.74 1901 172.739 213.879
internal_count=28508 27926 24992 23391 1601 2702
is_linear=0
shrinkage=0.03


Tree=73
num_leaves=7
num_cat=0
split_feature=43 2 46 28 30 20
split_gain=1.12995 0.912749 0.774331 0.738275 0.714225 0.664861
threshold=1.5000000000000002 -0.12572700109751672 20.500000000000004 1.4798393249511721 -2.6285928487777706 0.008622565428666908
decision_type=2 2 10 8 10 2
left_child=1 5 -2 4 -3 -1
right_child=2 3 -4 -5 -6 -7
leaf_value=-0.0012992227351052187 0.0061205410341250311 0.00098200800926586665 0.0006326315325716538 0.0013701750395391115 -0.0008212341103045937 0.00041306257626615942
leaf_weight=680.15792609538767 34.493912993464619 313.10068231343757 53.690727956127375 459.24618209915934 499.57528452933184 284.11027765349718
leaf_count=9448 295 4577 437 4504 5304 3987
internal_value=3.39247e-05 -0.000103921 0.003184 0.000422612 -0.000123005 -0.000795657
internal_weight=2324.37 2236.19 88.1846 1271.92 812.676 964.268
internal_count=28552 27820 732 14385 9881 13435
is_linear=0
shrinkage=0.03


Tree=74
num_leaves=7
num_cat=0
split_feature=3 15 6 47 49 0
split_gain=1.10104 0.798025 0.639798 0.615783 0.709933 0.594256
threshold=-0.05711566095057282 1.5000000000000002 0.072895176533156622 5.5000000000000009 1.0000000180025095e-35 -0.084840280120375242
decision_type=2 2 2 8 2 2
left_child=1 3 -2 -1 5 -5
right_child=2 -3 -4 4 -6 -7
leaf_value=-0.0015586507613983666 0.00038523577724815125 -0.0020645219672433125 0.0026927144841920221 -0.00093502276324831804 0.003542970825254337 0.00039027853461356471
leaf_weight=221.74893495783908 282.91570622017025 205.341368438676 169.24299830023665 431.46672212393605 42.167930316179991 971.47482453714474
leaf_count=2781 3237 2795 1593 6336 377 11381
internal_value=-2.36486e-05 -0.00034571 0.0012885 -0.00012292 0.000106588 -2.10432e-05
internal_weight=2324.36 1872.2 452.159 1666.86 1445.11 1402.94
internal_count=28500 23670 4830 20875 18094 17717
is_linear=0
shrinkage=0.03


Tree=75
num_leaves=7
num_cat=0
split_feature=43 46 1 8 6 37
split_gain=0.933738 1.08353 0.900435 0.792564 0.436767 0.476957
threshold=1.5000000000000002 20.500000000000004 0.025394442259978358 0.24369466430901995 0.19637895657261925 -2.5911847638587151
decision_type=2 10 2 2 2 8
left_child=2 -2 3 4 5 -1
right_child=1 -3 -4 -5 -6 -7
leaf_value=0.00082593464027219947 0.0062365444125484911 -4.6503712043154654e-05 0.00094389991042989954 0.0041517292196746065 0.0010343009792177201 -0.00085103837016979969
leaf_weight=163.82309549525962 36.431209939531982 52.472355890553445 567.41159097198397 23.463882816373371 140.31163883744739 1356.5474112196243
leaf_count=3722 302 429 5537 280 1612 16691
internal_value=4.53811e-05 0.00289843 -7.95905e-05 -0.000427954 -0.000517124 -0.000666125
internal_weight=2340.46 88.9036 2251.56 1684.15 1660.68 1520.37
internal_count=28573 731 27842 22305 22025 20413
is_linear=0
shrinkage=0.03


Tree=76
num_leaves=7
num_cat=0
split_feature=28 20 14 28 0 0
split_gain=1.06134 0.860072 0.614856 0.549201 0.535501 0.529172
threshold=1.9798751473426821 0.13221802372617078 0.17147783099968825 -2.8463437557220455 0.40629810526123383 1.0000000180025095e-35
decision_type=8 2 2 10 2 2
left_child=1 3 -2 -1 -5 -4
right_child=2 -3 5 4 -6 -7
leaf_value=0.0011698333451467023 0.0019313044838043622 0.0016337226053306385 -0.00094360016849175511 -0.00085792213461154143 0.002393958684310821 0.0015600888532933367
leaf_weight=139.33204479009146 344.50795945996651 168.78898511122679 177.20852345228195 1332.0141075046558 37.746459763497114 117.89625929296017
leaf_count=2885 5218 2259 943 16139 415 584
internal_value=5.89849e-05 -0.000337853 0.00108918 -0.000567672 -0.000751609 7.49891e-05
internal_weight=2317.49 1677.88 639.613 1509.09 1369.76 295.105
internal_count=28443 21698 6745 19439 16554 1527
is_linear=0
shrinkage=0.03


Tree=77
num_leaves=7
num_cat=0
split_feature=28 30 9 27 3 12
split_gain=0.786904 0.708563 0.721221 0.693106 0.567173 0.554001
threshold=1.9798751473426821 -4.5000259876251212 0.062223260416881032 0.059073248878121383 -0.31493732643588251 1.1482301311328904
decision_type=8 10 2 10 2 2
left_child=1 -1 -3 5 -2 -4
right_child=4 2 3 -5 -6 -7
leaf_value=0.00075579913583771286 -0.0022443319191617649 -0.0010918845537760461 0.00041021416892372917 0.0016119355454910598 0.0011404585564915837 -0.0032377425276654227
leaf_weight=409.10687720980786 38.846998312743381 937.8410286999715 89.606051482143812 199.4361954187043 606.28615307534346 52.105285800993443
leaf_count=7119 534 11211 1187 1992 6237 272
internal_value=2.23726e-05 -0.000318472 -0.000665294 0.000505134 0.000905495 -0.00105609
internal_weight=2333.23 1688.1 1278.99 341.148 645.133 141.711
internal_count=28552 21781 14662 3451 6771 1459
is_linear=0
shrinkage=0.03


Tree=78
num_leaves=7
num_cat=0
split_feature=43 2 14 9 0 31
split_gain=1.0136 0.917438 0.996991 0.837834 0.6043 0.549914
threshold=1.5000000000000002 -0.12572700109751672 0.41385917847164688 0.14617380513482778 0.33502050881232787 5.247199922800065
decision_type=2 2 2 2 2 8
left_child=1 -1 3 4 -3 -2
right_child=5 2 -4 -5 -6 -7
leaf_value=-0.00081718141594677263 0.0010260881947512469 0.0001847148164556215 -0.0029022405436525908 0.0032050237989437883 0.0030493819744817417 0.0058662306783357687
leaf_weight=967.09549513526144 60.642702433280647 1044.2970025741524 67.402487337589264 92.870996758632828 60.906869225902483 27.697491850936785
leaf_count=13431 458 12333 278 1030 655 276
internal_value=4.80211e-06 -0.000125942 0.000404578 0.0006131 0.000368512 0.00298584
internal_weight=2320.91 2232.57 1265.48 1198.07 1105.2 88.3402
internal_count=28461 27727 14296 14018 12988 734
is_linear=0
shrinkage=0.03


Tree=79
num_leaves=7
num_cat=0
split_feature=22 28 5 30 4 36
split_gain=0.847178 0.791975 0.636706 0.740723 0.555128 0.541675
threshold=-0.16454758628043273 2.7757409811019902 1.0000000180025095e-35 -6.2658965587615958 -0.099630410757952884 2.411334281137739
decision_type=2 10 2 10 2 10
left_child=-1 2 3 4 -2 -3
right_child=1 5 -4 -5 -6 -7
leaf_value=-0.0018793356317309822 -0.00019904566005545511 0.0022493445807783129 0.00094299223552571755 -0.00075189035814887781 0.0021954278091992265 -0.0019929044017466006
leaf_weight=203.52973613669747 202.33249680924928 201.81683778727893 403.20935517217731 1147.5117035707226 141.09506902901921 23.215150590520352
leaf_count=2897 3431 1798 4437 13546 2202 186
internal_value=-7.81296e-05 0.000102875 -0.00010042 -0.000387003 0.000818992 0.00174553
internal_weight=2322.71 2119.18 1894.15 1490.94 343.428 225.032
internal_count=28497 25600 23616 19179 5633 1984
is_linear=0
shrinkage=0.03


Tree=80
num_leaves=7
num_cat=0
split_feature=20 8 41 46 7 2
split_gain=0.969524 0.859455 0.852069 0.9986 0.549116 0.506678
threshold=0.028345673326884206 0.20005708872711428 1.5000000000000002 28.500000000000004 0.12188672116063198 -0.18987655089366304
decision_type=2 2 2 10 2 2
left_child=1 2 5 -4 -2 -1
right_child=4 -3 3 -5 -6 -7
leaf_value=-0.0016972220145497019 0.00073378213340131602 0.0025281054029546303 0.0053881437561743737 -0.0012134745578152267 0.0037704105510991573 -0.00037199476045108107
leaf_weight=318.37216057273326 515.98894071925315 79.051539623149438 36.612411160254851 31.537509438581765 51.187899482087232 1286.2024278583704
leaf_count=5445 6528 870 309 254 493 14528
internal_value=1.30752e-06 -0.000348296 -0.000498448 0.00256878 0.00106842 -0.000643823
internal_weight=2318.95 1751.78 1672.72 68.1499 567.177 1604.57
internal_count=28427 21406 20536 563 7021 19973
is_linear=0
shrinkage=0.03


Tree=81
num_leaves=7
num_cat=0
split_feature=8 22 6 28 46 51
split_gain=0.948074 0.763071 0.627655 0.615637 0.545643 0.669802
threshold=0.10685066761287672 -0.15768213182079982 0.47458193080532401 1.2180684208869936 25.500000000000004 0.22500000000000003
decision_type=2 2 2 8 8 2
left_child=1 -1 -2 4 5 -3
right_child=2 3 -4 -5 -6 -7
leaf_value=-0.0021016663056544881 0.0009368600086664279 -0.00078398991228680992 0.0054007490180113457 0.00060002768199901211 -0.00082392215046389725 0.002954085833389704
leaf_weight=179.04954540726612 368.0368070978875 82.464458390022628 21.636975977104157 687.68806558079086 913.63549184770091 73.529837172711268
leaf_count=2540 4134 1313 206 7187 12282 808
internal_value=-1.72928e-05 -0.000290504 0.00131365 -9.51207e-05 -0.000543465 0.00104981
internal_weight=2326.04 1936.37 389.674 1757.32 1069.63 155.994
internal_count=28470 24130 4340 21590 14403 2121
is_linear=0
shrinkage=0.03


Tree=82
num_leaves=7
num_cat=0
split_feature=9 11 1 14 31 47
split_gain=0.951187 0.654118 0.631313 0.518861 0.438853 0.544813
threshold=-0.0038001358438175116 0.025522680899316499 0.088240410705395567 0.28104463578201971 4.4362272322177896 5.5000000000000009
decision_type=2 2 2 2 8 8
left_child=-1 2 4 -3 -2 -6
right_child=1 3 -4 -5 5 -7
leaf_value=-0.00070578564924913244 -0.00084744683615429702 0.0018988833656900172 0.0025559848646222291 -0.00063389558401956848 -0.0022593848475977764 0.00095406312974306916
leaf_weight=977.04235133061593 437.46206359472126 372.868535272195 71.761252159136347 84.668261617422104 45.330457122880034 338.31529649891309
leaf_count=13617 4028 4662 665 368 630 4637
internal_value=3.18928e-06 0.000517563 4.10715e-05 0.00142665 -0.00020683 0.000526621
internal_weight=2327.45 1350.41 892.869 457.537 821.108 383.646
internal_count=28607 14990 9960 5030 9295 5267
is_linear=0
shrinkage=0.03


Tree=83
num_leaves=7
num_cat=0
split_feature=22 11 9 28 30 31
split_gain=0.853932 0.709144 0.689105 0.616579 0.771553 0.544302
threshold=-0.16251717978601601 0.11129591335915441 0.10019122391016565 0.98438933491706859 -2.5330623388290401 3.0620324313640599
decision_type=2 2 2 8 10 8
left_child=-1 2 3 4 -2 -4
right_child=1 -3 5 -5 -6 -7
leaf_value=-0.0017984608276869541 0.0002657925453719498 0.0023301258423598496 -0.00013810220639118398 0.00044496002058127502 -0.0014495777254202348 0.0022469652725345527
leaf_weight=206.07848480396206 410.28148843569215 119.73438546448597 146.5559071819298 722.8678075489006 537.12165157267009 195.08339716278715
leaf_count=2970 6777 1294 1243 7594 6260 2493
internal_value=-1.02546e-06 0.000180329 4.14973e-05 -0.000211449 -0.000711704 0.00124899
internal_weight=2337.72 2131.64 2011.91 1670.27 947.403 341.639
internal_count=28631 25661 24367 20631 13037 3736
is_linear=0
shrinkage=0.03


Tree=84
num_leaves=7
num_cat=0
split_feature=28 30 12 28 2 9
split_gain=0.848636 0.831965 0.608927 0.783988 0.536496 0.432686
threshold=1.6534560322761538 -4.4259374141693106 1.0549518898413812 3.6828567981719975 -0.22694961728950785 0.062223260416881032
decision_type=8 10 2 10 2 2
left_child=1 -1 4 -4 -2 -3
right_child=2 5 3 -5 -6 -7
leaf_value=0.00082826784502997312 -0.0010628685723201889 -0.0010722906182669949 -0.00078490654642379882 0.0030785987807347118 0.0020023660621188571 0.00021864616387877589
leaf_weight=413.27986472194607 52.747138803300913 851.24962383785169 261.11542693525553 47.265169464051723 383.00002836220665 316.57015966647305
leaf_count=7176 1045 10364 1422 246 5092 3200
internal_value=7.80295e-05 -0.000315202 0.000906656 -0.000114655 0.0016158 -0.000723461
internal_weight=2325.23 1581.1 744.128 308.381 435.747 1167.82
internal_count=28545 20740 7805 1668 6137 13564
is_linear=0
shrinkage=0.03


Tree=85
num_leaves=7
num_cat=0
split_feature=0 43 22 47 31 31
split_gain=0.845535 0.750685 0.662094 0.601686 0.551526 0.531716
threshold=0.12052974880660025 1.5000000000000002 -0.16251717978601601 5.5000000000000009 3.8381482958793645 7.1176422238349923
decision_type=2 2 2 8 8 8
left_child=1 2 -1 -4 -3 -5
right_child=-2 4 3 5 -6 -7
leaf_value=-0.0022050356515137402 0.0010769722784327478 -8.3315188036543162e-05 -0.0017613545840659205 -0.00041088644662815206 0.0050138819438931637 0.00083258584139539677
leaf_weight=161.03708912670845 496.78815624499111 35.606390834785998 194.26940850669052 972.76612445063074 30.437044308055192 441.76646379710292
leaf_count=2416 5076 256 2584 10751 296 7199
internal_value=-8.47793e-06 -0.000306443 -0.000429592 -0.000239351 0.00261623 -1.94246e-05
internal_weight=2332.67 1835.88 1769.84 1608.8 66.0434 1414.53
internal_count=28578 23502 22950 20534 552 17950
is_linear=0
shrinkage=0.03


Tree=86
num_leaves=7
num_cat=0
split_feature=51 46 47 22 34 15
split_gain=0.60868 0.995713 0.854735 0.600756 0.572929 0.475445
threshold=0.55000000000000016 23.500000000000004 5.5000000000000009 -0.053946264622441897 -7.6496938218673067 1.5000000000000002
decision_type=2 10 8 2 8 2
left_child=2 -2 -1 5 -5 -4
right_child=1 -3 3 4 -6 -7
leaf_value=-0.0017677724487228587 0.0045879696210727183 0.00011781441958506177 -0.00043313243719971531 0.0029698406269656145 0.00026643417637052449 -0.0032154597142808462
leaf_weight=236.0869141962612 57.620596329914406 134.7903549548937 390.72125323029468 64.535445194516797 1393.7205348252028 55.325820960890269
leaf_count=3070 526 1261 5158 1500 16214 783
internal_value=4.43971e-05 0.00161701 -0.000103835 0.000110609 0.000405486 -0.000841181
internal_weight=2332.8 192.411 2140.39 1904.3 1458.26 446.047
internal_count=28512 1787 26725 23655 17714 5941
is_linear=0
shrinkage=0.03


Tree=87
num_leaves=7
num_cat=0
split_feature=0 3 23 3 29 4
split_gain=0.840334 0.78115 0.622688 0.405013 0.400867 0.534723
threshold=0.46586906684600954 -0.052429155651936322 0.34456282204118988 -0.24977888841441415 -6.2983288764953604 -0.1680618134624266
decision_type=2 2 2 2 10 2
left_child=1 2 3 -1 5 -5
right_child=-2 -3 -4 4 -6 -7
leaf_value=-0.0015608135302155994 0.003919893271396321 0.0010783859399489471 0.0011436218666826938 -0.0013697191323162317 -0.0006401378735918236 0.0010856496931686823
leaf_weight=274.55072696827119 38.646098078868818 427.26264294376597 218.2631909023039 97.45716253053979 979.02530895605742 305.9939074391732
leaf_count=4414 438 4552 2400 1381 11550 3954
internal_value=1.78214e-05 -6.43384e-05 -0.000329034 -0.000528708 -0.000314002 0.00047375
internal_weight=2341.2 2302.55 1875.29 1657.03 1382.48 403.451
internal_count=28689 28251 23699 21299 16885 5335
is_linear=0
shrinkage=0.03


Tree=88
num_leaves=7
num_cat=0
split_feature=2 0 48 14 23 10
split_gain=0.763389 0.841328 0.52501 0.513847 0.487632 0.404196
threshold=-0.12572700109751672 0.40629810526123383 1.0000000180025095e-35 0.41385917847164688 0.12321820692792675 -0.052888014443342922
decision_type=2 2 2 2 2 2
left_child=-1 2 3 4 5 -2
right_child=1 -3 -4 -5 -6 -7
leaf_value=-0.00066299432131608277 -0.0013060095627653154 0.0041043802732280994 0.0032385411126887977 -0.0023347563501328675 0.0013733838071075311 0.00026637200071047082
leaf_weight=1002.2998402927187 173.58297675396898 43.848526058718562 41.598066454287618 60.895990133285522 276.53290706002736 731.33654653205303
leaf_count=13760 2220 450 357 252 2882 8705
internal_value=-4.1591e-05 0.000428931 0.00027266 0.000148285 0.000294791 -4.62225e-05
internal_weight=2330.09 1327.8 1283.95 1242.35 1181.45 904.92
internal_count=28626 14866 14416 14059 13807 10925
is_linear=0
shrinkage=0.03


Tree=89
num_leaves=7
num_cat=0
split_feature=3 47 49 23 8 33
split_gain=0.860768 0.65943 0.602312 0.566633 0.480564 0.447086
threshold=-0.038566759424590112 5.5000000000000009 1.0000000180025095e-35 0.34456282204118988 0.055588116080357623 -2.8124002814292903
decision_type=2 8 2 2 2 10
left_child=1 -1 3 -3 5 -2
right_child=4 2 -4 -5 -6 -7
leaf_value=-0.0016760185317435368 0.0030699310752975392 -0.00038836210126533624 0.002824968811627567 0.001287907822418355 0.002872545325353824 -8.3789188129488286e-05
leaf_weight=258.42918437067419 39.970859672059305 1469.5433276493131 52.110131413559429 197.02255751402117 107.73275359830586 209.89070237800479
leaf_count=3280 480 18808 476 2189 1135 2220
internal_value=-4.65861e-05 -0.000293093 -7.6656e-05 -0.000183693 0.00128722 0.000519441
internal_weight=2334.7 1977.11 1718.68 1666.57 357.594 249.862
internal_count=28588 24753 21473 20997 3835 2700
is_linear=0
shrinkage=0.03


Tree=90
num_leaves=7
num_cat=0
split_feature=14 41 7 20 46 25
split_gain=0.839583 0.878131 0.677584 0.561985 0.497058 0.491199
threshold=0.39316636867906257 1.5000000000000002 -0.10750770994707606 0.10132930415284148 20.500000000000004 -0.71295313963611839
decision_type=2 2 2 2 10 2
left_child=1 2 -1 5 -3 -4
right_child=-2 4 3 -5 -6 -7
leaf_value=-0.0018200836275432852 -0.0021854756640502532 0.0053105713046441155 0.0024699534578952243 0.0015295160155997208 0.00073089349935221695 -8.7446493827746411e-05
leaf_weight=149.73983770556515 133.18557046353817 35.211731923045591 60.455068184179254 243.66714552702615 47.517101078759879 1654.2673430134892
leaf_count=3183 550 317 793 3027 411 20209
internal_value=4.06783e-05 0.000185325 5.93611e-05 0.000211581 0.00304262 1.65165e-05
internal_weight=2324.04 2190.86 2108.13 1958.39 82.7288 1714.72
internal_count=28490 27940 27212 24029 728 21002
is_linear=0
shrinkage=0.03


Tree=91
num_leaves=7
num_cat=0
split_feature=0 9 14 7 11 5
split_gain=0.773678 0.689032 0.449969 0.443749 0.435143 0.413918
threshold=0.14332896383286889 0.1040427098408976 0.31953153718185695 0.12855497293593984 0.028473842045541379 0.034353365628769561
decision_type=2 2 2 2 2 2
left_child=1 5 3 -2 -3 -1
right_child=2 4 -4 -5 -6 -7
leaf_value=-0.00070379982755504073 0.00075510663455513572 0.00025719963748239798 -0.0012338647805212883 0.003002998718236114 0.0027966412671109357 0.00083233695628764492
leaf_weight=1447.4840806175198 268.0847223168239 197.37830578174908 57.154233545064926 108.66530422586948 79.264199791359715 168.58877151075285
leaf_count=19107 3111 2204 239 1119 895 1885
internal_value=-3.8807e-05 -0.000301755 0.00108915 0.00146434 0.00105699 -0.000539417
internal_weight=2326.62 1892.72 433.904 376.75 276.643 1616.07
internal_count=28560 24091 4469 4230 3099 20992
is_linear=0
shrinkage=0.03


Tree=92
num_leaves=7
num_cat=0
split_feature=22 28 34 11 31 43
split_gain=0.761436 0.715671 0.702995 0.528816 0.53746 0.517279
threshold=-0.15768213182079982 3.4106053113937382 -7.6496938218673067 0.11129591335915441 4.4362272322177896 1.5000000000000002
decision_type=2 10 8 2 8 2
left_child=-1 2 -2 4 -4 -6
right_child=1 -3 3 -5 5 -7
leaf_value=-0.0016094041599495255 0.0024704269024766515 0.0023157457314479839 -0.00064995071801976772 0.0019453188239602847 0.00022638563775790224 0.0038674117127242124
leaf_weight=211.45800898483139 95.960945871513104 129.57566200895235 951.58459161466453 103.52384765422903 805.83686897414736 26.819436189718544
leaf_count=3070 2195 1135 9290 1096 11400 239
internal_value=6.48984e-05 0.000239221 9.26486e-05 -4.06019e-05 -0.000166027 0.000388165
internal_weight=2324.76 2113.3 1983.73 1887.76 1784.24 832.656
internal_count=28425 25355 24220 22025 20929 11639
is_linear=0
shrinkage=0.03


Tree=93
num_leaves=7
num_cat=0
split_feature=49 14 23 28 31 9
split_gain=0.908485 0.962383 0.780916 0.58285 0.530248 0.810455
threshold=1.5000000000000002 0.41385917847164688 0.45464867897238254 1.9798751473426821 3.3011938333511357 0.02024585362907461
decision_type=2 2 2 10 8 2
left_child=1 2 3 4 -1 -6
right_child=-2 -3 -4 -5 5 -7
leaf_value=-0.00095188825786579341 0.0055351850557973769 -0.0026673844946312046 0.0019955797327199294 0.0010290153309131824 -0.00062283770530769278 0.0010598043432744199
leaf_weight=646.26534222438931 16.800033228006214 107.36098380386829 173.31639351317426 360.01356825919356 559.32475421736308 460.78519085468724
leaf_count=6595 120 442 1990 3522 9654 6194
internal_value=4.34988e-05 -2.02078e-05 0.000120479 -4.89093e-05 -0.00028654 0.000140124
internal_weight=2323.87 2307.07 2199.71 2026.39 1666.38 1020.11
internal_count=28517 28397 27955 25965 22443 15848
is_linear=0
shrinkage=0.03


Tree=94
num_leaves=7
num_cat=0
split_feature=0 43 40 28 3 30
split_gain=0.719819 0.639667 0.586383 0.554817 0.528951 0.51382
threshold=0.0056137771858125194 1.5000000000000002 1.5000000000000002 0.44573460519313818 -0.026812450882904387 -2.0859756469726558
decision_type=2 2 2 10 2 10
left_child=1 2 -1 5 -4 -2
right_child=3 -3 4 -5 -6 -7
leaf_value=-8.317985188401286e-05 0.0009133449331772725 0.0026406659027781239 -0.0017892397207885167 0.0014141603895407205 0.0011227351160264221 -0.0011568255969512302
leaf_weight=976.73994922419661 212.84972658444894 51.07793076406233 385.30118458686047 460.54798477783334 58.479575164383277 199.27267804450821
leaf_count=13248 2947 426 5269 4055 701 2056
internal_value=3.21469e-05 -0.000372027 -0.000498057 0.000710205 -0.00138923 -9.13321e-05
internal_weight=2344.27 1471.6 1420.52 872.67 443.781 412.122
internal_count=28702 19644 19218 9058 5970 5003
is_linear=0
shrinkage=0.03


Tree=95
num_leaves=7
num_cat=0
split_feature=23 41 46 47 28 30
split_gain=0.789875 0.733851 0.841312 0.655699 0.534232 0.713772
threshold=0.57784389018357951 1.5000000000000002 28.500000000000004 5.5000000000000009 0.47916764020919805 -2.7295287847518916
decision_type=2 2 10 8 8 10
left_child=1 3 -3 -1 5 -5
right_child=-2 2 -4 4 -6 -7
leaf_value=-0.0016974845793519093 0.0022889706185400889 0.0047098496722043671 -0.00067489800246190487 0.00029738330284082243 0.00038292951144794742 -0.001387786900725121
leaf_weight=254.23753014241811 112.96455348149175 47.513978426577523 43.796467364765704 408.60532304664957 977.41767879395047 488.68385991934338
leaf_count=3263 1293 399 358 6979 10439 5817
internal_value=-5.20528e-05 -0.000180891 0.00231541 -0.000298282 -0.00010053 -0.000625579
internal_weight=2333.22 2220.25 91.3104 2128.94 1874.71 897.289
internal_count=28548 27255 757 26498 23235 12796
is_linear=0
shrinkage=0.03


Tree=96
num_leaves=7
num_cat=0
split_feature=3 15 47 6 43 8
split_gain=0.744512 0.7962 0.555375 0.586837 0.52109 0.462646
threshold=-0.065510649338639343 1.5000000000000002 5.5000000000000009 -0.15700831487804481 1.5000000000000002 0.20005708872711428
decision_type=2 2 8 2 2 2
left_child=1 2 -1 -4 5 -5
right_child=-2 -3 3 4 -6 -7
leaf_value=-0.0015005589747793429 0.00097714335595837842 -0.002066671973493972 -0.0012990864385887069 8.0362833626092405e-05 0.0034419992597012395 0.0025599978606085697
leaf_weight=216.21429872233421 474.23242081643548 203.65277167980094 218.09908761063707 1112.5734537827666 37.468830773606896 62.165765075944364
leaf_count=2748 5114 2763 3711 13184 296 709
internal_value=-7.10283e-05 -0.000343502 -0.000119179 9.86072e-05 0.00035865 0.000232083
internal_weight=2324.41 1850.17 1646.52 1430.31 1212.21 1174.74
internal_count=28525 23411 20648 17900 14189 13893
is_linear=0
shrinkage=0.03


Tree=97
num_leaves=7
num_cat=0
split_feature=6 5 30 12 20 10
split_gain=0.693072 0.60697 0.446807 0.419139 0.469847 0.383498
threshold=0.45295549498803406 1.0000000180025095e-35 -4.4259374141693106 1.5215335640978727 -0.039257478248802248 0.026182136446761494
decision_type=2 2 10 2 2 2
left_child=1 2 5 4 -3 -1
right_child=-2 3 -4 -5 -6 -7
leaf_value=-0.00024586624340207949 0.0028698201815505905 -0.00042980540541126137 -0.00065916145095998421 -0.00091774571153411643 0.0018958483932181587 0.0014206751307745994
leaf_weight=325.88796844735043 62.463514728995506 103.03025331499521 1285.6612853935803 90.986449256539345 276.98695515195141 188.54176191502484
leaf_count=5432 634 1332 14500 432 3324 2882
internal_value=-1.86853e-05 -0.000110362 -0.000361623 0.000837463 0.00127046 0.000380375
internal_weight=2333.56 2271.09 1800.09 471.004 380.017 514.43
internal_count=28536 27902 22814 5088 4656 8314
is_linear=0
shrinkage=0.03


Tree=98
num_leaves=7
num_cat=0
split_feature=14 2 9 27 23 10
split_gain=0.704656 0.689032 0.615957 0.475164 0.462544 0.463821
threshold=0.41385917847164688 -0.12572700109751672 0.14617380513482778 2.170499989185811e-14 0.39184133446296787 -0.048531608025988743
decision_type=2 2 2 10 2 2
left_child=1 -1 4 -2 5 -3
right_child=3 2 -4 -5 -6 -7
leaf_value=-0.00056488281745876773 -0.0042355441574396116 -0.0011524049526296124 0.002683197027190041 -0.00039162239351434931 0.0019299526647415701 0.00039876862682994198
leaf_weight=960.91259848646587 49.359414711594582 209.32249628510908 96.467612445529085 60.903359293937683 127.31320679193595 820.7191841629392
leaf_count=13583 203 2635 1054 251 1366 9416
internal_value=-8.49854e-05 3.62947e-05 0.000497853 -0.00232147 0.000294276 7.54935e-05
internal_weight=2325 2214.74 1253.82 110.263 1157.35 1030.04
internal_count=28508 28054 14471 454 13417 12051
is_linear=0
shrinkage=0.03


Tree=99
num_leaves=7
num_cat=0
split_feature=14 7 31 20 43 20
split_gain=0.89776 0.631204 0.577332 0.573992 0.490857 0.468021
threshold=0.34198608790104729 -0.031371926671917141 4.8141577243804941 -0.16734594865333477 1.5000000000000002 0.10132930415284148
decision_type=2 2 8 2 2 2
left_child=1 5 -3 -4 -5 -1
right_child=-2 2 3 4 -6 -7
leaf_value=-0.0011383446729340092 -0.0017965770853870312 -2.6321567779042106e-05 -0.0010112593529198483 0.0012216435110073177 0.0051773001892068994 0.0013059116260219193
leaf_weight=410.51688766003645 214.267627581954 895.12271245924057 92.760313444654457 608.59113609444466 21.004281738307327 75.998861492378637
leaf_count=6944 898 8876 1596 8731 206 1276
internal_value=8.23551e-06 0.000199664 0.000484476 0.00110916 0.00143249 -0.000737915
internal_weight=2318.26 2103.99 1617.48 722.356 629.595 486.516
internal_count=28527 27629 19409 10533 8937 8220
is_linear=0
shrinkage=0.03


Tree=100
num_leaves=7
num_cat=0
split_feature=49 22 23 3 8 0
split_gain=0.812662 0.649903 0.512988 0.426507 0.468841 0.436632
threshold=1.5000000000000002 -0.15768213182079982 0.54077549956998283 -0.038566759424590112 0.23216899988254566 0.12052974880660025
decision_type=2 2 2 2 2 2
left_child=1 -1 3 4 5 -3
right_child=-2 2 -4 -5 -6 -7
leaf_value=-0.001468162331228832 0.0053354767270370734 -0.00043469018289225381 0.0020139302511192579 0.0010509738122554263 0.0028665823293787208 0.00078189799542387683
leaf_weight=215.46500042994739 16.619227444753051 1276.9172396182112 125.25757148803677 342.12075945083052 36.646404835977592 324.88134345173603
leaf_count=3070 117 16675 1382 3648 398 3322
internal_value=0.000123354 6.33119e-05 0.000226209 0.000103598 -9.93976e-05 -0.000184618
internal_weight=2337.91 2321.29 2105.82 1980.57 1638.44 1601.8
internal_count=28612 28495 25425 24043 20395 19997
is_linear=0
shrinkage=0.03


Tree=101
num_leaves=7
num_cat=0
split_feature=0 47 28 46 51 34
split_gain=0.692146 0.663186 0.594757 0.628052 0.506232 0.496222
threshold=0.46586906684600954 4.5000000000000009 1.6534560322761538 14.500000000000002 0.36666666666666675 -2.9575337618589397
decision_type=2 8 8 8 2 10
left_child=1 -1 3 4 -3 -5
right_child=-2 2 -4 5 -6 -7
leaf_value=-0.0024037075373874459 0.0035712880743988631 0.00023256690994489325 0.00072553851573483035 0.00034934862285983449 0.0042511003939540567 -0.00088302792988811886
leaf_weight=97.527614914346486 37.074681657541078 78.203114110860042 698.62854657298885 415.83483982457255 35.274547312757932 958.23875425351434
leaf_count=1234 419 1121 7310 7391 353 10604
internal_value=-2.97959e-05 -0.000103572 9.51654e-06 -0.000329363 0.00172484 -0.000510245
internal_weight=2320.78 2283.71 2186.18 1487.55 113.478 1374.07
internal_count=28432 28013 26779 19469 1474 17995
is_linear=0
shrinkage=0.03


Tree=102
num_leaves=7
num_cat=0
split_feature=14 16 2 28 20 20
split_gain=0.702188 0.716674 0.640327 0.56588 0.525768 0.459688
threshold=0.35654786167880476 1.0000000180025095e-35 -0.12572700109751672 2.3425008058547978 -0.059551082989045004 0.13221802372617078
decision_type=2 2 2 8 2 2
left_child=1 2 5 -4 -3 -1
right_child=-2 4 3 -5 -6 -7
leaf_value=-0.00054171865982773743 -0.001755315138178101 -0.0034358881006254578 0.00041917435025944663 0.0020423102664575282 -0.00046884070964769016 0.0016800954592140383
leaf_weight=739.20000132266432 185.53017954528332 66.283042371767806 809.52772281378566 247.2758287890465 195.80355387902819 84.587703161232639
leaf_count=10583 774 983 9839 2556 2522 1228
internal_value=-3.41216e-05 0.000122375 0.00032901 0.000814547 -0.00131792 -0.000296166
internal_weight=2328.21 2142.68 1880.59 1056.8 262.087 823.788
internal_count=28485 27711 24206 12395 3505 11811
is_linear=0
shrinkage=0.03


Tree=103
num_leaves=7
num_cat=0
split_feature=8 47 49 28 31 9
split_gain=0.853942 0.690338 0.641269 0.484387 0.431346 0.467596
threshold=0.18821883252260022 4.5000000000000009 1.0000000180025095e-35 1.028931260108948 2.0752831101417546 0.14617380513482778
decision_type=2 8 2 8 10 2
left_child=1 -1 3 4 -3 -6
right_child=-2 2 -4 -5 5 -7
leaf_value=-0.0025438459410201809 0.0023802955032915245 -0.0013806069281058371 0.002597305850763976 0.0004241365402481588 -0.00034760257193695892 0.0021739919898945905
leaf_weight=92.584676879167091 117.9302988096606 350.49286443414167 70.836430735187605 838.62170267786132 794.52621216724219 62.155489669297822
leaf_count=1198 1319 3396 632 8821 12257 887
internal_value=-3.01571e-06 -0.000140392 -2.37937e-05 -0.000126743 -0.000509778 -0.000141678
internal_weight=2327.15 2209.22 2116.63 2045.8 1207.17 856.682
internal_count=28510 27191 25993 25361 16540 13144
is_linear=0
shrinkage=0.03


Tree=104
num_leaves=7
num_cat=0
split_feature=0 5 14 10 37 23
split_gain=0.762532 0.655927 0.615951 0.427877 0.50026 0.411477
threshold=0.46586906684600954 1.0000000180025095e-35 0.2239656392350555 -0.071381563725995315 -2.64727548992995 0.14772808370208781
decision_type=2 2 2 2 10 2
left_child=1 3 -3 -1 -5 -6
right_child=-2 2 -4 4 5 -7
leaf_value=-0.0015593414383734256 0.0037254854141790233 0.0015460961093160825 -0.00073953903393695892 0.00084774866398578666 -0.00075184675043946515 0.00057092220000976089
leaf_weight=236.3639036618988 36.992844323045574 330.96342164592352 146.88573217391968 310.92814329602697 1005.1905940664292 259.47161557484651
leaf_count=3435 422 4469 693 5289 11560 2646
internal_value=-5.79037e-05 -0.00013496 0.000842759 -0.000396014 -0.000212762 -0.000478103
internal_weight=2326.8 2289.8 477.849 1811.95 1575.59 1264.66
internal_count=28514 28092 5162 22930 19495 14206
is_linear=0
shrinkage=0.03


Tree=105
num_leaves=7
num_cat=0
split_feature=43 0 28 30 34 46
split_gain=0.637497 0.601194 0.570188 0.538999 0.532843 0.455157
threshold=1.5000000000000002 0.0099882119199677395 0.47916764020919805 -5.1583740711212149 -7.9504116376241045 20.500000000000004
decision_type=2 2 8 10 8 10
left_child=1 4 3 -3 -1 -2
right_child=5 2 -4 -5 -6 -7
leaf_value=0.0021100988432268064 0.0047283219864877879 0.001625843567849184 0.0013414354866417638 -0.00089008375170596403 -0.00052955267385733297 0.00046247000099323466
leaf_weight=62.713988712144783 33.884824449662119 93.959321028843988 437.67388393019792 282.84240162401693 1361.4326820169517 51.248962488025427
leaf_count=1707 289 1478 3938 3085 17608 417
internal_value=7.36616e-05 -2.84259e-05 0.000617232 -0.000236898 -0.00039941 0.0024789
internal_weight=2323.76 2238.62 814.476 376.802 1424.15 85.1338
internal_count=28522 27816 8501 4563 19315 706
is_linear=0
shrinkage=0.03


Tree=106
num_leaves=7
num_cat=0
split_feature=2 11 14 10 43 37
split_gain=0.669561 0.56923 0.455975 0.46173 0.363591 0.304569
threshold=-0.12572700109751672 0.039710615378734833 0.39316636867906257 -0.050307466927461721 1.0000000180025095e-35 -2.5911847638587151
decision_type=2 2 2 2 2 10
left_child=-1 2 3 -2 -3 -5
right_child=1 4 -4 5 -6 -7
leaf_value=-0.00059029213811322124 -0.0011694345064942936 0.00080824959347606563 -0.0023648851785346425 0.0017640807517274582 0.0028944233893508403 0.00021617022291711124
leaf_weight=1003.8752418636286 168.63205285416916 319.93731948273489 57.476298287510872 135.25494335780968 94.251228883513249 556.26253922679462
leaf_count=13786 2125 3699 238 2075 841 5823
internal_value=-8.47739e-06 0.000431205 1.09725e-05 0.000195084 0.00134001 0.000539759
internal_weight=2335.69 1331.81 917.626 860.15 414.189 691.517
internal_count=28587 14801 10261 10023 4540 7898
is_linear=0
shrinkage=0.03


Tree=107
num_leaves=7
num_cat=0
split_feature=28 12 9 31 1 15
split_gain=0.557507 0.53254 0.582947 0.545871 0.486145 0.478525
threshold=2.7757409811019902 1.5456991899470942 0.10632669663453077 2.7431135773658757 -0.14356588434139814 1.5000000000000002
decision_type=10 2 2 8 2 2
left_child=1 2 4 -4 -1 -6
right_child=-2 -3 3 -5 5 -7
leaf_value=-0.0018165653735441735 0.0012916148079491054 -0.0013227308388695175 -0.00061386656538707127 0.0022853942142639075 0.0001684810689316758 -0.001492680304975419
leaf_weight=144.61945466583711 240.87591319216881 314.25876645743847 82.81166534149088 163.40581976081012 1218.9099482572055 168.78457509336295
leaf_count=3114 2125 1521 808 2256 16314 2405
internal_value=-4.53315e-05 -0.000204622 -7.65891e-07 0.00132437 -0.0002209 -4.27992e-05
internal_weight=2333.67 2092.79 1778.53 246.217 1532.31 1387.69
internal_count=28543 26418 24897 3064 21833 18719
is_linear=0
shrinkage=0.03


Tree=108
num_leaves=7
num_cat=0
split_feature=3 11 34 22 0 23
split_gain=0.613069 0.505801 0.455238 0.395105 0.366478 0.333505
threshold=-0.25212466933018818 0.11129591335915441 -7.9504116376241045 -0.12222250240848485 0.40629810526123383 -0.31371196235539839
decision_type=2 2 8 2 2 2
left_child=3 2 -2 -1 5 -4
right_child=1 -3 4 -5 -6 -7
leaf_value=-0.0024799914573422881 0.0021301831117976201 0.002043401867844726 -0.00099491887987288312 -0.00027658426226473989 0.0023415690743597661 9.0276947408753121e-05
leaf_weight=121.30131874894141 83.162143383116927 116.51067739562131 297.12485527267563 172.17027738477918 47.348026630235836 1490.8078333462472
leaf_count=1914 1836 1242 3898 2808 452 16395
internal_value=1.93127e-05 0.000205957 8.43483e-05 -0.00123903 -1.93963e-05 -9.45953e-05
internal_weight=2328.43 2034.95 1918.44 293.472 1835.28 1787.93
internal_count=28545 23823 22581 4722 20745 20293
is_linear=0
shrinkage=0.03


Tree=109
num_leaves=7
num_cat=0
split_feature=28 14 5 6 31 46
split_gain=0.531996 0.572621 0.640439 0.480164 0.353045 0.326081
threshold=3.9447966814041142 0.34198608790104729 1.0000000180025095e-35 0.10526489941215746 1.2116855680942538 110.50000000000001
decision_type=10 2 2 2 8 10
left_child=1 2 3 -1 -5 -6
right_child=-2 -3 -4 4 5 -7
leaf_value=-0.00059809398508392595 0.0022102736386601491 -0.0016065803459215566 0.0010495541891413305 -0.00077446272703737753 0.0012720304601721241 -0.0013006204153344549
leaf_weight=1112.2440177809622 80.821502173086628 204.41513513028622 422.44934610757628 135.9860963455867 340.12398270241101 42.559342688531615
leaf_count=16061 724 858 4922 1200 4309 529
internal_value=-4.13503e-05 -0.000131343 2.25939e-05 -0.000248191 0.000499268 0.000960083
internal_weight=2338.6 2257.78 2053.36 1630.91 518.669 382.683
internal_count=28603 27879 27021 22099 6038 4838
is_linear=0
shrinkage=0.03


Tree=110
num_leaves=7
num_cat=0
split_feature=28 46 3 14 45 37
split_gain=0.597412 0.720688 0.519515 0.508947 0.505942 0.418429
threshold=1.4798393249511721 21.500000000000004 -0.2409861994955331 0.14177601981863511 0.55050505050505061 -5.1817294112579129
decision_type=8 8 2 2 10 10
left_child=1 4 -2 -4 -1 -3
right_child=2 5 3 -5 -6 -7
leaf_value=0.0022017630660047189 -0.0011944072834885152 0.0016814905461127122 0.0019527605685240601 0.00033331712184276517 -0.0013895152243614945 -0.00063758936406159493
leaf_weight=148.12658170406939 101.09215945360484 64.635192593035754 295.90796282084193 419.03547007590532 38.004397609387524 1264.9419520241499
leaf_count=1794 1380 1661 4729 2331 715 15845
internal_value=8.61512e-05 -0.000266064 0.000735659 0.00102128 0.00143503 -0.00051314
internal_weight=2331.74 1515.71 816.036 714.943 186.131 1329.58
internal_count=28455 20015 8440 7060 2509 17506
is_linear=0
shrinkage=0.03


Tree=111
num_leaves=7
num_cat=0
split_feature=7 15 47 37 12 28
split_gain=0.72488 0.547847 0.540515 0.575183 0.475153 0.461319
threshold=-0.10497029864169484 1.5000000000000002 5.5000000000000009 -2.64727548992995 1.0999111470803922 2.6208504438400273
decision_type=2 2 8 10 2 10
left_child=-1 2 -2 4 -4 -5
right_child=1 -3 3 5 -6 -7
leaf_value=-0.0018387481598851412 -0.00096147561249653715 -0.0010969795597312148 0.0022462171261270918 2.8139947397199915e-05 -0.00040549493427226226 0.0015786342813894267
leaf_weight=163.94848353025736 237.93263508984819 258.54906699480489 254.0240698858106 1154.3519276984734 75.446807660162449 193.16851389239309
leaf_count=3332 2797 3195 4733 12519 428 1616
internal_value=2.51677e-05 0.000173543 0.000349894 0.000540549 0.00164493 0.000260397
internal_weight=2337.42 2173.47 1914.92 1676.99 329.471 1347.52
internal_count=28620 25288 22093 19296 5161 14135
is_linear=0
shrinkage=0.03


Tree=112
num_leaves=7
num_cat=0
split_feature=8 27 47 51 6 28
split_gain=0.613344 0.37308 0.438952 0.586267 0.454724 0.374711
threshold=0.17393205169575024 -0.49429824948310846 5.5000000000000009 0.36666666666666675 0.080668181854703994 1.028931260108948
decision_type=2 8 8 2 2 8
left_child=1 -1 3 -3 -5 -4
right_child=-2 2 5 4 -6 -7
leaf_value=0.00075369825711509085 0.0017947239685816698 -0.0025466638822668965 -0.00051047811123442908 -0.0013099450357492788 0.0029171565649136499 0.00041194970932978035
leaf_weight=359.78592655356624 152.41226019954775 147.99999653402483 909.76370972272707 42.314152248436585 31.357900784583762 686.93536979478085
leaf_count=5695 1683 1859 11409 459 299 7101
internal_value=1.60308e-05 -0.000116063 -0.000291336 -0.00151185 0.000622894 -0.000113535
internal_weight=2330.57 2178.16 1818.37 221.672 73.6721 1596.7
internal_count=28505 26822 21127 2617 758 18510
is_linear=0
shrinkage=0.03


Tree=113
num_leaves=7
num_cat=0
split_feature=51 46 47 33 22 28
split_gain=0.517918 0.961534 0.54701 0.505072 0.491961 0.467667
threshold=0.36666666666666675 14.500000000000002 6.5000000000000009 2.6955933173497519 -0.080910751351175633 3.6828567981719975
decision_type=2 10 8 8 2 10
left_child=2 -2 3 5 -4 -1
right_child=1 -3 4 -5 -6 -7
leaf_value=-0.00096834368988741161 0.0041274723268680457 0.00029930343677509727 -0.00095091063892765873 -0.0036289064155712097 0.00037140084631849123 0.0029271313840336646
leaf_weight=309.94241490311106 65.108291690703481 284.92834243213292 304.31143677589716 52.050620548776351 1294.9305724991282 20.690147453686222
leaf_count=4210 617 2760 4199 681 15929 187
internal_value=5.9307e-05 0.00110622 -0.000130219 -0.00113363 0.00011544 -0.000645799
internal_weight=2331.96 350.037 1981.93 382.683 1599.24 330.633
internal_count=28583 3377 25206 5078 20128 4397
is_linear=0
shrinkage=0.03


Tree=114
num_leaves=7
num_cat=0
split_feature=2 11 34 28 20 31
split_gain=0.640537 0.4288 0.477757 0.41064 0.473062 0.513907
threshold=-0.12572700109751672 0.040433190664889596 -1.3992147346337636 3.8115005493164067 0.012612602314840128 1.5264818668365481
decision_type=2 2 10 10 2 10
left_child=3 -2 -3 4 -1 -6
right_child=1 2 -4 -5 5 -7
leaf_value=-0.0011242644119462543 6.2667946508770248e-05 0.0022867377983745866 0.00024791039403295384 0.0021338255545167886 -0.001439612696463806 0.0011963846068101633
leaf_weight=683.68369478834211 922.68489818531089 189.02058299561031 221.11461680440698 38.62143059738446 90.160357683780603 189.77081445825752
leaf_count=9569 10306 2476 2020 362 922 2966
internal_value=-4.46496e-06 0.000425115 0.00121962 -0.000574296 -0.000703639 0.000327011
internal_weight=2335.06 1332.82 410.135 1002.24 963.615 279.931
internal_count=28621 14802 4496 13819 13457 3888
is_linear=0
shrinkage=0.03


Tree=115
num_leaves=7
num_cat=0
split_feature=28 43 46 36 3 46
split_gain=0.572217 0.756219 0.673613 0.455252 0.479335 0.40764
threshold=2.6208504438400273 1.5000000000000002 14.500000000000002 2.0161439906805758 -0.029706027269383959 14.500000000000002
decision_type=8 2 8 10 2 8
left_child=5 2 -2 4 -4 -1
right_child=1 -3 3 -5 -6 -7
leaf_value=0.0012543042530492562 -0.0021660917153273479 0.0056247932589155326 0.00088844189074050285 -0.0018324894642864503 0.0038234161913116948 -0.00033893227080677654
leaf_weight=148.02271711203502 57.586231955094263 19.389722009189427 317.72763516416308 35.310994657687843 52.193812710465863 1705.7346492405923
leaf_count=1840 705 134 3536 298 496 21612
internal_value=3.4754e-05 0.000944399 0.000633498 0.00107392 0.00139229 -0.000205665
internal_weight=2335.97 482.208 462.819 405.232 369.921 1853.76
internal_count=28621 5169 5035 4330 4032 23452
is_linear=0
shrinkage=0.03


Tree=116
num_leaves=7
num_cat=0
split_feature=23 28 2 9 34 29
split_gain=0.635089 0.621874 0.492967 0.625205 0.472427 0.376043
threshold=0.34456282204118988 2.8385466337203984 -0.12705250761577 0.07335453716290212 -7.6496938218673067 -3.4800919294357295
decision_type=2 8 2 2 10 8
left_child=1 4 5 -4 -1 -3
right_child=-2 2 3 -5 -6 -7
leaf_value=0.0014887808626885862 0.0013594865488142803 0.0021333671609935901 0.00072964703011935996 0.0041783947155797961 -0.00056009947934960991 -0.0010578596446145418
leaf_weight=98.726059011125471 264.41178061655955 33.241903895162977 169.92388637503609 58.845996326301247 1569.5490159978799 135.66919925727416
leaf_count=2373 2906 339 1856 510 18915 1673
internal_value=3.12933e-06 -0.000176177 0.00087593 0.0017546 -0.000430701 -0.000345684
internal_weight=2330.37 2065.96 397.681 228.77 1668.28 168.911
internal_count=28572 25666 4378 2366 21288 2012
is_linear=0
shrinkage=0.03


Tree=117
num_leaves=7
num_cat=0
split_feature=48 2 24 14 16 37
split_gain=0.440634 0.398968 0.441085 0.399798 0.427056 0.404642
threshold=1.5000000000000002 -0.2868854246054367 3.5000000000000004 0.41385917847164688 1.0000000180025095e-35 -4.7630002841663845
decision_type=2 2 2 2 2 8
left_child=1 2 -1 4 5 -3
right_child=-2 3 -4 -5 -6 -7
leaf_value=-0.0029714182983456472 0.0038024645350131403 0.0023209416276849144 0.00041381992624889269 -0.0016273275247644413 -0.00094205419551963521 0.00025422266431190477
leaf_weight=71.71654759044759 17.82417108444497 79.920184436574345 56.356976712384494 104.08701433241367 250.42725480877561 1753.1611636471935
leaf_count=1784 129 1734 1274 429 3148 20069
internal_value=4.96642e-05 4.55237e-06 -0.00155971 0.000102813 0.000196607 0.000356433
internal_weight=2333.49 2315.67 128.074 2187.6 2083.51 1833.08
internal_count=28567 28438 3058 25380 24951 21803
is_linear=0
shrinkage=0.03


Tree=118
num_leaves=7
num_cat=0
split_feature=43 46 23 47 18 24
split_gain=0.654512 0.545809 0.509294 0.475705 0.394386 0.379586
threshold=1.5000000000000002 20.500000000000004 0.57784389018357951 5.5000000000000009 1.0000000180025095e-35 2.5000000000000004
decision_type=2 10 2 8 2 2
left_child=2 -2 3 -1 -5 -6
right_child=1 -3 -4 4 5 -7
leaf_value=-0.001428982145344294 0.004661197472386058 0.00017308928821664193 0.0017647199586670872 6.2682441978017167e-05 -0.002774560735632722 0.00019915322014523026
leaf_weight=252.54859779996332 38.026470123557374 51.180571934673935 111.45915587811032 1746.9191479797009 80.273259000736289 65.336174047086388
leaf_count=3280 309 423 1268 21980 763 619
internal_value=-2.19559e-05 0.00236325 -0.00012626 -0.000232249 -6.58793e-05 -0.00151318
internal_weight=2345.74 89.207 2256.54 2145.08 1892.53 145.609
internal_count=28642 732 27910 26642 23362 1382
is_linear=0
shrinkage=0.03


Tree=119
num_leaves=7
num_cat=0
split_feature=28 51 7 10 23 12
split_gain=0.621993 0.490717 0.95636 0.505731 0.487269 0.433441
threshold=2.3425008058547978 0.45000000000000007 0.022927621580581613 -0.069946489822721683 0.039002659354443144 0.99870007701907093
decision_type=8 2 2 2 2 2
left_child=4 3 -3 -2 -1 -6
right_child=1 2 -4 -5 5 -7
leaf_value=-0.00055628781757519443 -0.0018813920839769152 -6.4059753351934618e-05 0.0061121974640331736 0.0008799672688641826 0.0012455675586203301 -0.00054215007777423522
leaf_weight=1291.2464303619927 60.045457064406946 46.213700965745375 33.71271333610639 408.65603184490465 298.65331535591395 194.40246521309018
leaf_count=17273 742 385 258 4365 4399 1080
internal_value=2.13257e-05 0.000895409 0.00293106 0.000494297 -0.000250925 0.000543939
internal_weight=2332.93 548.628 79.9264 468.701 1784.3 493.056
internal_count=28502 5750 643 5107 22752 5479
is_linear=0
shrinkage=0.03


Tree=120
num_leaves=7
num_cat=0
split_feature=49 22 1 37 0 40
split_gain=0.530067 0.478742 0.371295 0.360572 0.338343 0.44897
threshold=1.5000000000000002 -0.1601264224905416 -0.0052460478081416823 -4.7630002841663845 0.0077839355500756722 1.5000000000000002
decision_type=2 2 2 8 2 2
left_child=1 2 -1 -3 5 -5
right_child=-2 3 -4 4 -6 -7
leaf_value=-0.0029395390488052265 0.0041576425986943992 0.0018899943040081258 -0.0003610878813337015 0.0001330936544242457 0.00053357093435335546 -0.001064409711217521
leaf_weight=72.731921156693716 17.710372087080032 89.010087745526107 136.590027551807 840.75412026807317 753.71356897646911 412.42162400431698
leaf_count=1197 123 2054 1853 10772 7333 5135
internal_value=3.31379e-05 -1.63705e-05 -0.00135019 0.000122619 3.52502e-05 -0.000266313
internal_weight=2322.93 2305.22 209.322 2095.9 2006.89 1253.18
internal_count=28467 28344 3050 25294 23240 15907
is_linear=0
shrinkage=0.03


Tree=121
num_leaves=7
num_cat=0
split_feature=5 0 28 51 26 5
split_gain=0.577579 0.496763 0.442397 0.393353 0.401016 0.429568
threshold=1.0000000180025095e-35 0.13326998848160362 2.8385466337203984 0.45000000000000007 2.7488858699798588 0.035817345425462062
decision_type=2 2 8 2 8 2
left_child=1 -1 -3 4 -2 -6
right_child=3 2 -4 -5 5 -7
leaf_value=-0.00049647828051173272 0.00099240884525604719 0.00024125993088691219 0.0029988454705643631 0.0027282292364843542 0.00088297047864969883 -0.0028354788093892568
leaf_weight=1501.0217369912716 320.64296375444974 283.93193460229668 54.806631977204233 76.766894228756428 45.707003495888785 49.7050655890489
leaf_count=19698 3602 3096 476 653 505 516
internal_value=-1.7153e-05 -0.000262159 0.000760624 0.000884504 0.000488266 -0.00113938
internal_weight=2332.58 1839.76 338.739 492.822 416.055 95.4121
internal_count=28546 23270 3572 5276 4623 1021
is_linear=0
shrinkage=0.03


Tree=122
num_leaves=7
num_cat=0
split_feature=2 14 5 51 34 24
split_gain=0.451465 0.440356 0.500156 0.343952 0.355042 0.302721
threshold=-0.19311438320140856 0.41385917847164688 1.0000000180025095e-35 0.45000000000000007 -1.4727815638761965 3.5000000000000004
decision_type=2 2 2 2 8 2
left_child=5 2 -2 4 -4 -1
right_child=1 -3 3 -5 -6 -7
leaf_value=-0.0015369478612580795 1.6489442717080946e-05 -0.0016894895189837253 0.0019347122977509598 0.0030929730593072164 2.4288447597400603e-05 0.0001150425559368649
leaf_weight=249.23568413508474 1397.3128300991375 96.971207067370415 134.87117143074283 62.323683006106876 221.93149965931661 160.22053839132423
leaf_count=4403 16487 400 1729 541 2169 2780
internal_value=-1.14698e-05 0.000183056 0.000291725 0.00118756 0.000779485 -0.000903191
internal_weight=2322.87 1913.41 1816.44 419.126 356.803 409.456
internal_count=28509 21326 20926 4439 3898 7183
is_linear=0
shrinkage=0.03


Tree=123
num_leaves=7
num_cat=0
split_feature=23 20 47 31 39 50
split_gain=0.60498 0.446168 0.37445 0.480497 0.421086 0.307716
threshold=0.34456282204118988 -0.11811437044318777 5.5000000000000009 7.1176422238349923 4.5000000000000009 0.2678571428571429
decision_type=2 2 8 8 2 2
left_child=1 -1 4 -4 -3 -5
right_child=-2 2 3 5 -6 -7
leaf_value=-0.0012107803956889842 0.0012768185235376304 -0.0025927406020581612 -0.0001815999727950531 0.00053095884271196325 -4.5632062164715241e-06 0.002427621574507783
leaf_weight=326.37853908378747 269.19970381417079 91.283804776787292 1093.1960503239825 331.90918647461513 128.24641677137697 93.888067248975858
leaf_count=4593 2914 1110 11549 5551 1635 1186
internal_value=-3.43954e-05 -0.000210667 -1.7062e-05 0.00015265 -0.00114684 0.000995281
internal_weight=2334.1 2064.9 1738.52 1518.99 219.53 425.797
internal_count=28538 25624 21031 18286 2745 6737
is_linear=0
shrinkage=0.03


Tree=124
num_leaves=7
num_cat=0
split_feature=43 27 5 0 10 12
split_gain=0.583019 0.633009 0.416829 0.447415 0.354159 0.380818
threshold=1.5000000000000002 0.83110520243644725 1.0000000180025095e-35 0.13655568528558773 0.02927230449311723 0.49414595430184743
decision_type=2 8 2 2 2 2
left_child=2 -2 3 -1 5 -4
right_child=1 -3 4 -5 -6 -7
leaf_value=-0.00052048380271659033 0.00041215637371367958 0.0055029172183558841 0.001465192911536759 0.00069903002530791625 0.0017596950646178379 -0.00069571567612852433
leaf_weight=1450.8038680823374 63.37218897882849 25.208208128809929 103.57600265654037 323.23955333643244 168.48190031974809 197.57040915265679
leaf_count=19337 517 202 2040 3407 1765 1313
internal_value=1.39536e-05 0.00227214 -8.48863e-05 -0.00029561 0.000700698 7.07087e-05
internal_weight=2332.25 88.5804 2243.67 1774.04 469.628 301.146
internal_count=28581 719 27862 22744 5118 3353
is_linear=0
shrinkage=0.03


Tree=125
num_leaves=7
num_cat=0
split_feature=28 47 31 9 39 6
split_gain=0.565054 0.507497 0.47802 0.639972 0.451468 0.356793
threshold=4.1199619770050058 4.5000000000000009 4.4362272322177896 0.02024585362907461 4.5000000000000009 -0.16661460737882924
decision_type=10 8 8 2 2 2
left_child=1 -1 -3 -4 -2 -5
right_child=4 2 3 5 -6 -7
leaf_value=-0.0021620287464498189 0.0049568097039534601 -0.00041917151492930723 -0.00022544314600848192 -0.0007839820994175725 0.00031677194541475921 0.001592309807005283
leaf_weight=92.808704741473775 26.073015758069232 1159.2297670179396 548.00518113249564 59.737671493901871 42.682970594614744 404.40266738351784
leaf_count=1195 203 11428 9285 1104 404 4913
internal_value=-1.60063e-05 -0.000102453 -4.91521e-06 0.000469 0.00248229 0.00127638
internal_weight=2332.94 2264.18 2171.38 1012.15 68.756 464.14
internal_count=28532 27925 26730 15302 607 6017
is_linear=0
shrinkage=0.03


Tree=126
num_leaves=7
num_cat=0
split_feature=14 28 30 43 5 28
split_gain=0.579231 0.618376 0.4562 0.424972 0.361832 0.339694
threshold=0.2277947556113353 0.93899044394493114 -5.4709029197692862 1.5000000000000002 -0.17143440956543396 3.4106053113937382
decision_type=2 8 10 2 2 10
left_child=1 2 -1 4 -3 -2
right_child=5 3 -4 -5 -6 -7
leaf_value=0.00092566772717040757 -0.00094872586544387453 -0.0015711315701949522 -0.00050957264389494487 0.0046787497006702062 0.0010383978173587644 0.0014528278322829089
leaf_weight=259.33056138783286 562.70727515220642 42.88288030133117 758.13159212656319 17.914045352023095 634.80599695874844 49.534320577979088
leaf_count=5365 2684 654 11146 171 8169 226
internal_value=5.05821e-05 0.000333692 -0.00013831 0.00101627 0.000852826 -0.000734199
internal_weight=2325.31 1713.07 1017.46 695.603 677.689 612.242
internal_count=28415 25505 16511 8994 8823 2910
is_linear=0
shrinkage=0.03


Tree=127
num_leaves=7
num_cat=0
split_feature=22 5 14 15 24 37
split_gain=0.530086 0.475278 0.62462 0.352253 0.425798 0.37836
threshold=-0.15768213182079982 1.0000000180025095e-35 0.35654786167880476 1.5000000000000002 2.5000000000000004 0.15851009893748483
decision_type=2 2 2 2 2 10
left_child=-1 3 -3 5 -5 -2
right_child=1 2 -4 4 -6 -7
leaf_value=-0.0013602134867857607 0.00066580230433477023 0.0014026032401718315 -0.0020268723359468631 -0.0023995860306527971 0.00028168468982886502 -0.00030645788051439647
leaf_weight=215.54969036241528 607.21735355556302 405.33560420913273 45.126767784357071 108.96364524378441 93.145977291685995 855.78788371768314
leaf_count=3121 9392 4583 188 1461 1169 8681
internal_value=2.27364e-05 0.000169377 0.00102249 -6.61397e-05 -0.00120885 9.88572e-05
internal_weight=2331.13 2115.58 450.462 1665.11 202.11 1463.01
internal_count=28595 25474 4771 20703 2630 18073
is_linear=0
shrinkage=0.03


Tree=128
num_leaves=7
num_cat=0
split_feature=49 23 14 16 8 28
split_gain=0.518442 0.511983 0.431791 0.422872 0.458683 0.348774
threshold=1.5000000000000002 0.62378312966976102 0.41385917847164688 1.0000000180025095e-35 -0.021178793655788244 0.47916764020919805
decision_type=2 2 2 2 2 10
left_child=1 2 3 4 -1 -5
right_child=-2 -3 -4 5 -6 -7
leaf_value=-0.00049959793100941177 0.0040793449572995091 0.002033229183116418 -0.0018739746102895694 -0.0020239316091536113 0.00049536732737645432 0.00017999631854432203
leaf_weight=614.98750928381924 18.476956000318751 97.054250948654953 105.84721918404102 146.11399090799387 1245.5702535335149 107.68299107078929
leaf_count=9294 127 1108 437 2232 14188 1153
internal_value=5.61372e-05 6.66689e-06 -9.06421e-05 7.03483e-06 0.000165579 -0.00111746
internal_weight=2335.73 2317.26 2220.2 2114.35 1860.56 253.797
internal_count=28539 28412 27304 26867 23482 3385
is_linear=0
shrinkage=0.03


Tree=129
num_leaves=7
num_cat=0
split_feature=49 23 18 14 5 45
split_gain=0.394679 0.370007 0.34267 0.318079 0.369972 0.363753
threshold=1.5000000000000002 0.57784389018357951 1.0000000180025095e-35 0.31953153718185695 1.0000000180025095e-35 0.13392857142857145
decision_type=2 2 2 2 2 10
left_child=1 2 3 4 -1 -5
right_child=-2 -3 -4 5 -6 -7
leaf_value=-0.00014783210492209491 0.0035210977375944251 0.0015024793359133179 -0.0014245520424750167 -0.00017268822625260782 0.00091356754881233011 -0.0025878479052343336
leaf_weight=1420.6728184148378 17.574744387064129 114.44642485701479 172.38227996497881 150.937460526824 362.59853526070947 80.85531297326088
leaf_count=19995 123 1290 1609 642 4350 345
internal_value=-4.71175e-05 -8.9473e-05 -0.000179222 -6.61792e-05 7.18768e-05 -0.00108734
internal_weight=2319.47 2301.89 2187.45 2015.06 1783.27 231.793
internal_count=28354 28231 26941 25332 24345 987
is_linear=0
shrinkage=0.03


Tree=130
num_leaves=7
num_cat=0
split_feature=20 7 51 46 0 5
split_gain=0.465889 0.492023 0.39755 0.795377 0.412921 0.324475
threshold=0.028345673326884206 0.12188672116063198 0.63333333333333341 28.500000000000004 0.46586906684600954 -0.11713680353527571
decision_type=2 2 2 10 2 2
left_child=2 5 4 -4 -1 -2
right_child=1 -3 3 -5 -6 -7
leaf_value=-0.00034187814263716 -0.0011535249063787814 0.0034103131296044126 0.0039412806692375891 -0.00036414921720967622 0.0027986953022163014 0.00085208210234576087
leaf_weight=1576.627265149189 77.291378931724466 50.852585511980578 52.562145850912202 96.984859126619995 28.671221776108723 447.82153994898545
leaf_count=19741 1053 483 478 918 323 5574
internal_value=0.000115493 0.000848062 -0.00012839 0.00130129 -0.000268807 0.000540837
internal_weight=2330.81 575.966 1754.85 149.547 1605.3 525.113
internal_count=28570 7110 21460 1396 20064 6627
is_linear=0
shrinkage=0.03


Tree=131
num_leaves=7
num_cat=0
split_feature=14 28 28 30 42 2
split_gain=0.582756 0.548596 0.499751 0.4625 0.384736 0.425154
threshold=0.2442724207889182 3.4106053113937382 0.40760128200054174 -5.5500738620758048 2.5000000000000004 -0.15815581402044174
decision_type=2 10 8 10 2 2
left_child=2 -2 3 -1 5 -4
right_child=1 -3 4 -5 -6 -7
leaf_value=0.0007700557273020226 -0.0012319293559570333 0.0019461364749524587 -0.00047201783732194163 -0.0007304896496851637 0.0034923686095674959 0.00096856521877536177
leaf_weight=249.46866267746373 480.81222605705261 45.323826536536217 253.66710194511688 637.92142747621983 32.474662258988246 619.33878225670196
leaf_count=5133 2236 202 3767 9410 352 7329
internal_value=-5.88386e-05 -0.000926963 0.00019965 -0.000304767 0.000691918 0.000549374
internal_weight=2319.01 526.136 1792.87 887.39 905.481 873.006
internal_count=28429 2438 25991 14543 11448 11096
is_linear=0
shrinkage=0.03


Tree=132
num_leaves=7
num_cat=0
split_feature=6 37 51 46 30 12
split_gain=0.424553 0.346325 0.324265 0.634512 0.415698 0.352982
threshold=0.47458193080532401 -6.0137545348643657 0.63333333333333341 65.500000000000014 2.0027770996093754 1.2906102384536788
decision_type=2 8 2 10 10 2
left_child=1 -1 5 4 -4 -3
right_child=-2 2 3 -5 -6 -7
leaf_value=0.0020638934231872732 0.0024954086929161101 6.1810091768382193e-05 0.0032284640466358427 -0.0010510667726356742 -0.00088962062211470235 -0.00085865973564740931
leaf_weight=61.955212299973937 53.902611017168965 1526.5492809488787 93.001654896652326 70.11920299124904 23.362346018664539 486.53426010906696
leaf_count=1600 537 22132 850 670 173 2518
internal_value=8.3958e-05 1.57493e-05 -5.10204e-05 0.0011128 0.00239671 -0.000163799
internal_weight=2315.42 2261.52 2199.57 186.483 116.364 2013.08
internal_count=28480 27943 26343 1693 1023 24650
is_linear=0
shrinkage=0.03


Tree=133
num_leaves=7
num_cat=0
split_feature=3 28 14 2 23 26
split_gain=0.497879 0.458991 0.436792 0.434272 0.391923 0.381876
threshold=-0.25212466933018818 2.8385466337203984 0.2277947556113353 0.05447409056768051 0.073537440652164401 2.1717590093612675
decision_type=2 10 2 2 2 10
left_child=-1 2 3 4 -2 -3
right_child=1 5 -4 -5 -6 -7
leaf_value=-0.001117898742275395 -0.00013832913790818115 0.0021151868647734822 -0.00074844329855037496 0.0022847505627116736 0.0010965307809912854 -0.00085847484781048254
leaf_weight=295.81616624278831 972.61497822546517 164.81997729779687 475.38284647464752 82.522572357644094 292.8007608037442 43.956659524235874
leaf_count=4706 14766 1393 2268 1147 3840 389
internal_value=1.10357e-05 0.000180046 2.41177e-05 0.000300085 0.000153759 0.00147848
internal_weight=2327.91 2032.1 1823.32 1347.94 1265.42 208.777
internal_count=28509 23803 22021 19753 18606 1782
is_linear=0
shrinkage=0.03


Tree=134
num_leaves=7
num_cat=0
split_feature=51 46 12 22 28 7
split_gain=0.444594 0.653794 0.503857 0.617193 0.540996 0.480712
threshold=0.63333333333333341 28.500000000000004 1.2906102384536788 0.099273419863998708 3.4106053113937382 -0.030224329831710962
decision_type=2 10 2 2 10 2
left_child=2 -2 3 5 -4 -1
right_child=1 -3 4 -5 -6 -7
leaf_value=-0.0010691562634036656 0.0035632834455906286 4.4720659432839672e-05 -0.0012451670484689861 0.0015815827755912555 0.0018754557684205499 0.00021145703718335204
leaf_weight=340.01265633836738 64.864575655548833 130.87264862016309 474.22454062104225 216.86640632798662 46.851964384317398 1062.2521751683962
leaf_count=6378 582 1212 2462 3284 230 14471
internal_value=-5.0847e-06 0.00132724 -0.000132542 0.000129716 -0.000934549 -0.00010443
internal_weight=2335.94 195.737 2140.21 1619.13 521.077 1402.26
internal_count=28619 1794 26825 24133 2692 20849
is_linear=0
shrinkage=0.03


Tree=135
num_leaves=7
num_cat=0
split_feature=2 48 20 31 24 14
split_gain=0.46586 0.43189 0.349859 0.410008 0.339139 0.282207
threshold=-0.12572700109751672 1.0000000180025095e-35 0.012612602314840128 3.4456309825181966 1.5000000000000002 0.34198608790104729
decision_type=2 2 2 10 2 2
left_child=2 5 -1 4 -4 -2
right_child=1 -3 3 -5 -6 -7
leaf_value=-0.00088081991557331131 0.00035408945856288968 0.0028943607135882721 -0.0024325274624003687 0.0014207242887715669 0.00042241347832887684 -0.0011076533615416648
leaf_weight=718.60387477139011 1155.2714049668284 46.294701386475936 54.385008864104748 144.9947792525636 83.718930010101758 122.61753168702126
leaf_count=9803 13806 400 576 2429 898 515
internal_value=-4.7066e-05 0.000321285 -0.000532364 0.000352013 -0.000790189 0.000206319
internal_weight=2325.89 1324.18 1001.7 283.099 138.104 1277.89
internal_count=28427 14721 13706 3903 1474 14321
is_linear=0
shrinkage=0.03


Tree=136
num_leaves=7
num_cat=0
split_feature=6 23 20 48 14 13
split_gain=0.546042 0.530678 0.420726 0.337761 0.506845 0.303492
threshold=0.47458193080532401 0.44482716452076637 -0.16278525394256418 1.0000000180025095e-35 0.20749689174862421 2.249904835165133
decision_type=2 2 2 2 2 2
left_child=1 2 5 -4 -5 -1
right_child=-2 -3 3 4 -6 -7
leaf_value=-2.6400934534885185e-05 0.0027916379040609915 0.0014582119949084153 -0.00012271653553464257 0.0037837170607103784 -0.00078366699397713652 -0.0022785070294495348
leaf_weight=88.348855081188958 52.666065405646805 183.17628810566384 1803.8617142778094 39.479638101882301 34.030718520283699 128.88002162129851
leaf_count=1057 523 2023 22160 505 163 2127
internal_value=2.89339e-05 -4.68677e-05 -0.000184793 -3.70247e-05 0.00182865 -0.00140403
internal_weight=2330.44 2277.78 2094.6 1877.37 73.5104 217.229
internal_count=28558 28035 26012 22828 668 3184
is_linear=0
shrinkage=0.03


Tree=137
num_leaves=7
num_cat=0
split_feature=23 24 15 28 28 45
split_gain=0.41507 0.33327 0.513988 0.486309 0.381857 0.484293
threshold=-0.3021662770987818 2.5000000000000004 1.5000000000000002 0.47916764020919805 3.4106053113937382 0.44949494949494956
decision_type=2 2 2 10 8 10
left_child=-1 2 4 -4 -2 -6
right_child=1 -3 3 -5 5 -7
leaf_value=-0.00079366174893076688 -0.00012652887435269435 0.00073959399646884925 -0.0029905126982984189 0.0005063289208528689 0.0019475208684279434 -0.0014423678539532492
leaf_weight=403.53917491072207 818.14100639786921 756.68551534722792 85.975019723060541 53.01733205257915 172.68544816848589 40.039304226404056
leaf_count=5863 10012 8423 1278 542 1827 608
internal_value=6.94606e-05 0.000253417 -6.46536e-05 -0.00171222 0.000171804 0.00127336
internal_weight=2330.08 1926.54 1169.86 138.992 1030.87 212.725
internal_count=28553 22690 14267 1820 12447 2435
is_linear=0
shrinkage=0.03


Tree=138
num_leaves=7
num_cat=0
split_feature=28 47 8 31 28 42
split_gain=0.532072 0.47403 0.428284 0.328879 0.439647 0.384658
threshold=3.8115005493164067 4.5000000000000009 0.10685066761287672 3.3011938333511357 0.42463320493698126 2.5000000000000004
decision_type=10 8 2 8 10 2
left_child=1 -1 3 4 -3 -5
right_child=-2 2 -4 5 -6 -7
leaf_value=-0.0020386623637649224 0.0021569474799550841 -0.0014309156771410902 0.00097637311596124646 7.4126098719227185e-05 -5.7670339337200959e-06 0.0028240051009616246
leaf_weight=93.962504533934407 91.822192964493297 327.78255764977075 352.46451084446744 971.11950657929992 460.48146295920014 38.082630258286372
leaf_count=1211 818 3430 3966 14580 4199 417
internal_value=3.58278e-05 -6.01552e-05 3.53535e-05 -0.000153552 -0.000608886 0.000204584
internal_weight=2335.72 2243.89 2149.93 1797.47 788.264 1009.2
internal_count=28621 27803 26592 22626 7629 14997
is_linear=0
shrinkage=0.03


Tree=139
num_leaves=7
num_cat=0
split_feature=2 10 46 14 13 20
split_gain=0.373128 0.375491 0.431024 0.372443 0.39002 0.340122
threshold=-0.19311438320140856 0.02927230449311723 14.500000000000002 0.2277947556113353 2.0126758453675748 0.086548287359567072
decision_type=2 2 8 2 2 2
left_child=-1 3 -3 4 -2 -6
right_child=1 2 -4 -5 5 -7
leaf_value=-0.00084020343301927666 0.0018539743967009219 0.0028909583691886735 0.00043799337442110108 -0.0010088189759546416 -0.00033094682720806072 0.0013788064142379276
leaf_weight=413.58525952944183 96.7338228385197 62.806616753805429 621.19048256138922 334.40566724538803 688.83483681996586 113.19846257640165
leaf_count=7205 1118 676 6709 1586 9698 1581
internal_value=-3.41476e-05 0.000143198 0.000701643 -0.000169704 0.000150172 -7.56254e-05
internal_weight=2330.76 1917.17 683.997 1233.17 898.767 802.033
internal_count=28573 21368 7385 13983 12397 11279
is_linear=0
shrinkage=0.03


Tree=140
num_leaves=7
num_cat=0
split_feature=47 11 3 31 15 6
split_gain=0.466584 0.51424 0.442211 0.403306 0.412095 0.282773
threshold=4.5000000000000009 0.11129591335915441 -0.25401591230217097 4.4362272322177896 1.5000000000000002 0.074773325052908665
decision_type=8 2 2 8 2 2
left_child=-1 2 -2 -4 5 -5
right_child=1 -3 3 4 -6 -7
leaf_value=-0.0019462045584760714 -0.00113999067871389 0.0019208290989220468 -0.00025967596879463177 0.00040716489434714989 -0.0010368002868287271 0.0016221832458353578
leaf_weight=96.066595241311006 267.26677042976371 120.07638998242328 1007.552813213435 456.85492547939066 108.0710562565946 276.59025052469224
leaf_count=1233 4324 1284 9620 7002 1620 3471
internal_value=-1.84232e-06 8.99709e-05 -2.24531e-05 0.00014434 0.00062544 0.000881018
internal_weight=2332.48 2236.41 2116.34 1849.07 841.516 733.445
internal_count=28554 27321 26037 21713 12093 10473
is_linear=0
shrinkage=0.03


Tree=141
num_leaves=7
num_cat=0
split_feature=3 34 11 3 30 15
split_gain=0.461416 0.362422 0.366628 0.302183 0.382332 0.347883
threshold=-0.31493732643588251 -7.6496938218673067 0.1237091212798322 -0.05711566095057282 3.2013901472091679 1.5000000000000002
decision_type=2 8 2 2 10 2
left_child=-1 -2 3 5 -5 -3
right_child=1 2 -4 4 -6 -7
leaf_value=-0.001526163645962012 0.001778824600155987 -6.4118547711237311e-05 0.0018671361611574395 0.0010841883140920822 -0.0012044018678825481 -0.0014596777484085102
leaf_weight=149.54941700404743 105.73206736211432 1398.8557449678192 85.714131207787432 346.9964494301239 71.786748686572537 171.79660966325901
leaf_count=2463 2331 16330 872 3662 606 2196
internal_value=3.15877e-05 0.000144886 5.35023e-05 -3.3585e-05 0.000672944 -0.000225033
internal_weight=2330.43 2180.88 2075.15 1989.44 418.783 1570.65
internal_count=28460 25997 23666 22794 4268 18526
is_linear=0
shrinkage=0.03


Tree=142
num_leaves=7
num_cat=0
split_feature=28 8 3 29 9 28
split_gain=0.403168 0.500528 0.434853 0.507193 0.351205 0.417308
threshold=0.5529184639453889 -0.077015518882559322 -0.31493732643588251 -6.2983288764953604 0.10632669663453077 -1.0012285113334654
decision_type=8 2 2 8 2 10
left_child=4 -2 -3 -4 5 -1
right_child=1 2 3 -5 -6 -7
leaf_value=0.00018241889979705994 -0.0011974754579843218 -0.001876329529715501 0.0021298710241225293 0.00040647082213756238 0.00079694001858397387 -0.0010974495922416122
leaf_weight=352.67720994586125 151.61951788078295 50.969944295822643 182.65990984090604 797.39103703422006 171.56519521132577 632.1276849329879
leaf_count=6266 2261 619 1857 7569 2087 7892
internal_value=-2.69307e-05 0.000361036 0.000599529 0.000745943 -0.000423405 -0.000641878
internal_weight=2339.01 1182.64 1031.02 980.051 1156.37 984.805
internal_count=28551 12306 10045 9426 16245 14158
is_linear=0
shrinkage=0.03


Tree=143
num_leaves=7
num_cat=0
split_feature=43 28 30 4 36 0
split_gain=0.457756 0.477526 0.510728 0.397381 0.492408 0.387002
threshold=1.5000000000000002 0.5529184639453889 -6.2658965587615958 -0.16666392047883299 2.5563570544531697 0.038817082100946788
decision_type=2 10 8 2 8 2
left_child=1 2 -1 -4 -5 -3
right_child=-2 5 3 4 -6 -7
leaf_value=0.00080273705358583595 0.0020395701967918572 -3.4747861949429093e-05 -0.0017519173852335839 -0.00080347934271679544 0.00086542843308699965 0.0012049926935567884
leaf_weight=237.41614577935252 87.201312768505886 578.95369612512877 243.78866766183637 623.04806969422498 203.47956955735572 361.80579922051402
leaf_count=4607 712 6232 3549 7752 2477 3204
internal_value=2.38355e-05 -6.30235e-05 -0.000432483 -0.000711372 -0.000387184 0.000449702
internal_weight=2335.69 2248.49 1307.73 1070.32 826.528 940.759
internal_count=28533 27821 18385 13778 10229 9436
is_linear=0
shrinkage=0.03


Tree=144
num_leaves=7
num_cat=0
split_feature=0 47 39 26 14 25
split_gain=0.486247 0.446372 0.393184 0.385441 0.363602 0.344861
threshold=0.46586906684600954 5.5000000000000009 4.5000000000000009 -1.4552282094955442 0.35654786167880476 -0.21701340830397872
decision_type=2 8 2 8 2 2
left_child=1 2 3 -1 5 -3
right_child=-2 4 -4 -5 -6 -7
leaf_value=0.00025799297254131974 0.0030017295134754118 0.00099667494928400678 -0.00018075472926034689 -0.0034241393473864947 -0.0012228676214266056 1.4344666281679489e-05
leaf_weight=33.67256611934863 38.091335342265666 404.30947072425624 168.23207765910774 81.50362699967809 158.24438667297363 1439.3765942915925
leaf_count=446 417 5561 2141 973 660 18284
internal_value=1.63146e-05 -4.63061e-05 -0.00113927 -0.00241303 0.000113315 0.000233979
internal_weight=2323.43 2285.34 283.408 115.176 2001.93 1843.69
internal_count=28482 28065 3560 1419 24505 23845
is_linear=0
shrinkage=0.03


Tree=145
num_leaves=7
num_cat=0
split_feature=51 17 24 6 12 50
split_gain=0.438448 0.379735 0.515481 0.441201 0.571461 0.399402
threshold=0.63333333333333341 1.0000000180025095e-35 2.5000000000000004 -0.080640120166797766 1.2906102384536788 0.18333333333333332
decision_type=2 2 2 2 2 2
left_child=1 3 -3 -1 -5 -6
right_child=-2 2 -4 4 5 -7
leaf_value=-0.00085784134882247354 0.0012598409024214541 -0.0024013197061846245 0.00022578142597158159 0.00057301046448658113 -0.00028381702270188373 -0.0027099633437390682
leaf_weight=438.86354749483871 196.9753062040545 141.0872588842758 118.24799264021567 1068.7677128629584 316.59350032359362 66.58087145537138
leaf_count=6879 1813 1934 1478 14628 1611 344
internal_value=-5.9492e-05 -0.000185629 -0.00123954 -3.5318e-05 0.000217465 -0.00076359
internal_weight=2347.12 2150.14 259.335 1890.81 1451.94 383.174
internal_count=28687 26874 3412 23462 16583 1955
is_linear=0
shrinkage=0.03


Tree=146
num_leaves=7
num_cat=0
split_feature=28 30 35 40 2 20
split_gain=0.384126 0.559008 0.532711 0.473425 0.394203 0.379146
threshold=0.93899044394493114 -4.5000259876251212 0.97751699363568234 1.5000000000000002 -0.17650508863715916 0.14179057218119986
decision_type=8 10 8 2 2 2
left_child=1 -1 4 -4 -2 -3
right_child=2 5 3 -5 -6 -7
leaf_value=0.00064476869811363764 -0.00045624812068946447 -0.00089933758588368223 0.00046962421557336447 -0.0013459975150047823 0.0016122674085890434 0.0010857816679112015
leaf_weight=388.15814538535778 100.14171929022996 832.0261184744304 358.8694003825658 189.18003448401578 385.1445898716338 88.046979841543362
leaf_count=6825 1252 10173 3879 1980 3565 1064
internal_value=4.16202e-05 -0.000298952 0.000471527 -0.000169995 0.00118482 -0.000699739
internal_weight=2341.57 1308.23 1033.34 548.049 485.286 920.073
internal_count=28738 18062 10676 5859 4817 11237
is_linear=0
shrinkage=0.03


Tree=147
num_leaves=7
num_cat=0
split_feature=51 2 39 8 30 22
split_gain=0.345209 0.378949 0.318897 0.453887 0.286235 0.255723
threshold=0.63333333333333341 -0.2868854246054367 4.5000000000000009 -0.0055960635758254612 -7.1096444129943839 -0.16251717978601601
decision_type=2 2 2 2 8 2
left_child=1 -1 3 -2 -3 -6
right_child=2 4 -4 -5 5 -7
leaf_value=-0.0015882119170304845 -0.00018317018835811393 0.0011365790803528196 0.0002050073791691814 0.0041820986570565519 -0.001197197025001707 6.2678406396705715e-05
leaf_weight=121.5898573238228 32.716901199659333 194.7960561014188 118.39711285638623 48.019584251567721 148.68564348443761 1672.5538527451572
leaf_count=2946 298 3441 1164 370 1907 18463
internal_value=8.53934e-05 -2.82842e-05 0.00124868 0.00258792 7.31718e-05 -4.61535e-05
internal_weight=2336.76 2137.63 199.134 80.7365 2016.04 1821.24
internal_count=28589 26757 1832 668 23811 20370
is_linear=0
shrinkage=0.03


Tree=148
num_leaves=7
num_cat=0
split_feature=5 28 10 37 5 10
split_gain=0.373905 0.326305 0.333546 0.308138 0.451416 0.393608
threshold=0.0011665024186901464 4.1199619770050058 -0.0071146992890530206 -4.904702580519138 -0.080403125189215066 -0.066464310535185797
decision_type=2 10 2 10 2 2
left_child=1 3 -3 4 -1 -6
right_child=-2 2 -4 -5 5 -7
leaf_value=-0.00099246575985189353 0.00073681356993679828 -0.00066181808506353998 0.0036355049460497198 -0.00041984325136581384 -0.0015344811298857869 0.0022055832315050362
leaf_weight=84.581853781710379 484.2843474331894 23.151244142558426 29.450978143839166 1557.6836462652718 23.165496043860912 137.26364051408018
leaf_count=1357 5152 215 267 18716 475 2364
internal_value=3.20878e-06 -0.000191206 0.00194057 -0.000263773 0.000706013 0.00160718
internal_weight=2339.58 1855.3 52.6022 1802.69 245.011 160.429
internal_count=28546 23394 482 22912 4196 2839
is_linear=0
shrinkage=0.03


Tree=149
num_leaves=7
num_cat=0
split_feature=34 47 49 8 9 0
split_gain=0.441643 0.417175 0.52693 0.420761 0.398367 0.258521
threshold=-7.6496938218673067 5.5000000000000009 1.0000000180025095e-35 0.010958931204635628 0.20620103298965517 0.12052974880660025
decision_type=8 8 2 2 2 2
left_child=-1 -2 4 -4 5 -3
right_child=1 2 3 -5 -6 -7
leaf_value=0.0016303404502206349 -0.0012922140018635077 -0.00040553317118683426 -0.00039541036051597705 0.0043491301597486836 0.0024491705920422543 0.00045166748615809306
leaf_weight=113.62263342307415 271.23582749947673 1448.397971182887 25.135770902386867 32.912132479716092 41.751889888662845 395.53424591495423
leaf_count=2658 3188 17751 243 261 515 3866
internal_value=-0.00011573 -0.000212224 -5.56758e-05 0.00253847 -0.000148502 -0.000220214
internal_weight=2328.59 2214.97 1943.73 58.0479 1885.68 1843.93
internal_count=28482 25824 22636 504 22132 21617
is_linear=0
shrinkage=0.03


Tree=150
num_leaves=7
num_cat=0
split_feature=51 46 6 47 11 27
split_gain=0.375542 0.770405 0.500849 0.422131 0.368275 0.28623
threshold=0.36666666666666675 23.500000000000004 0.080668181854703994 5.5000000000000009 0.0054984084745120544 2.51499354839325
decision_type=2 10 2 8 2 8
left_child=3 4 -3 5 -2 -1
right_child=1 2 -4 -5 -6 -7
leaf_value=-0.00078402963606098253 0.00099713222739563939 -0.0011507083140497054 0.0015182852887312658 3.310872837798104e-05 0.0045288025826616665 -0.0036705157713547223
leaf_weight=158.5225426799152 59.277730602771044 142.36252583260648 98.23363170796074 1775.9415266291471 52.089308092487045 31.385663808439858
leaf_count=2169 539 1471 843 22391 517 429
internal_value=4.91323e-05 0.000937316 -4.38765e-05 -0.000113826 0.00288603 -0.00142082
internal_weight=2317.81 351.963 240.596 1965.85 111.367 189.908
internal_count=28359 3370 2314 24989 1056 2598
is_linear=0
shrinkage=0.03


Tree=151
num_leaves=7
num_cat=0
split_feature=28 3 11 31 9 29
split_gain=0.398569 0.404291 0.400314 0.359456 0.420441 0.40069
threshold=0.82394891977310192 -0.31493732643588251 0.023764862630187449 1.0388142168521883 0.14617380513482778 -1.0521015524864195
decision_type=8 2 2 10 2 10
left_child=3 -2 -3 -1 5 -5
right_child=1 2 -4 4 -6 -7
leaf_value=-0.0013257107485052659 -0.0017332642982827889 0.00013581908262633134 0.0013708827207746515 -0.00070320749122948858 0.0019211780989954891 0.00059758222032498746
leaf_weight=254.57579481601715 62.461040503869299 643.80219974979991 365.38500309537631 620.20921313081635 76.424260500876699 312.97177554419613
leaf_count=2327 850 6585 3646 9664 1027 4457
internal_value=1.8302e-05 0.000441746 0.000592048 -0.000341302 -8.25116e-05 -0.000265236
internal_weight=2335.83 1071.65 1009.19 1264.18 1009.61 933.181
internal_count=28556 11081 10231 17475 15148 14121
is_linear=0
shrinkage=0.03


Tree=152
num_leaves=7
num_cat=0
split_feature=23 43 46 47 35 18
split_gain=0.353121 0.35533 0.438421 0.434777 0.563895 0.302598
threshold=0.62378312966976102 1.5000000000000002 37.500000000000007 6.5000000000000009 4.2898748293519029 1.0000000180025095e-35
decision_type=2 2 10 8 8 2
left_child=1 3 -3 4 -1 -5
right_child=-2 2 -4 5 -6 -7
leaf_value=-0.00055071302770164543 0.0016053340510876761 0.0030886829631419496 -0.0010042120475076634 0.00013259257206174377 -0.0033834264109872986 -0.0013321543628083455
leaf_weight=409.47407082552672 99.733630546310451 54.429593004751951 30.944837292190641 1544.5263556563878 66.196473238058388 128.22335042909253
leaf_count=5279 1120 440 249 19448 817 1223
internal_value=-5.6661e-05 -0.000137689 0.00165543 -0.000216284 -0.00100647 1.30642e-05
internal_weight=2333.53 2233.79 85.3744 2148.42 475.671 1672.75
internal_count=28576 27456 689 26767 6096 20671
is_linear=0
shrinkage=0.03


Tree=153
num_leaves=7
num_cat=0
split_feature=51 0 47 9 28 20
split_gain=0.514886 0.399871 0.340983 0.379606 0.398923 0.320565
threshold=0.63333333333333341 0.46586906684600954 6.5000000000000009 0.10865697067530269 2.8385466337203984 -0.21683126106898479
decision_type=2 2 8 2 10 2
left_child=1 2 3 4 -1 -4
right_child=-2 -3 5 -5 -6 -7
leaf_value=-0.0015059832894103026 0.001496841895411477 0.0026867926919830927 -0.0014881025106244273 0.0013728727658411373 0.0013296331775195015 0.0001773415254760267
leaf_weight=355.01605393880163 195.72351367148804 36.210575632925611 101.4751468434406 51.929162270505913 43.059046515729278 1547.9617880942242
leaf_count=4810 1800 394 1549 591 390 18931
internal_value=6.33647e-05 -7.43714e-05 -0.000134506 -0.000856814 -0.00117419 6.65315e-05
internal_weight=2331.38 2135.65 2099.44 450.004 398.075 1649.44
internal_count=28465 26665 26271 5791 5200 20480
is_linear=0
shrinkage=0.03


Tree=154
num_leaves=7
num_cat=0
split_feature=28 30 31 20 5 3
split_gain=0.41021 0.654753 0.291569 0.314846 0.348877 0.288927
threshold=0.40760128200054174 -0.93725132942199696 2.0752831101417546 -0.11427979269887532 -0.033822576187379619 -0.32007951959472786
decision_type=8 10 10 2 2 2
left_child=1 2 -1 -4 -5 -2
right_child=5 -3 3 4 -6 -7
leaf_value=-0.00091698601836104235 -0.0013735010869455587 -0.0013607439283553572 -0.0010561052976392582 -0.00026061315736095926 0.0014507567632411063 0.00051924075925971155
leaf_weight=161.9654620247893 67.84408277424518 387.81891860437463 88.194719319435535 165.51399188084179 280.98763566203706 1173.7588096149266
leaf_count=1683 924 4409 1748 2852 4777 12087
internal_value=3.48551e-05 -0.000389511 0.000162761 0.000500659 0.000824556 0.000405669
internal_weight=2326.08 1084.48 696.662 534.696 446.502 1241.6
internal_count=28480 15469 11060 9377 7629 13011
is_linear=0
shrinkage=0.03


Tree=155
num_leaves=7
num_cat=0
split_feature=14 3 6 47 23 27
split_gain=0.345055 0.308593 0.349163 0.309107 0.318549 0.280064
threshold=0.41385917847164688 -0.25212466933018818 0.33929199159742401 4.5000000000000009 -0.30827912751255176 2.2749999685478791e-14
decision_type=2 2 2 8 2 10
left_child=1 -1 3 -3 -5 -2
right_child=5 2 -4 4 -6 -7
leaf_value=-0.00086469414731559955 -0.0030972997459706463 -0.0016745609969231348 0.0016374555627476891 -0.0007365631075960347 0.00033530997044366748 -0.00011665325014141937
leaf_weight=284.78267056509503 48.605892434716225 77.487823077652138 126.95342880947283 291.28285477627651 1449.7251325647521 56.574698850512505
leaf_count=4695 200 997 1322 4152 17033 233
internal_value=-4.2161e-05 4.03535e-05 0.000176582 6.61981e-05 0.000152796 -0.00164339
internal_weight=2335.41 2230.23 1945.45 1818.5 1741.01 105.181
internal_count=28632 28199 23504 22182 21185 433
is_linear=0
shrinkage=0.03


Tree=156
num_leaves=7
num_cat=0
split_feature=28 30 23 8 46 45
split_gain=0.415785 0.559628 0.313454 0.329762 0.286117 0.47437
threshold=0.40760128200054174 -1.838316738605499 0.24633126988521739 0.23216899988254566 29.500000000000004 0.5634920634920636
decision_type=8 10 2 2 8 10
left_child=1 4 3 -2 5 -1
right_child=2 -3 -4 -5 -6 -7
leaf_value=0.0024253612324477715 0.00014284129344382964 -0.0011100913875516959 0.001548390458921838 0.0031772443002594545 -8.5432650750735651e-05 -0.0016616326531686016
leaf_weight=95.600247220543679 1039.6601655699196 479.13890569031355 185.7263358279597 23.318954044138081 476.44417106373294 25.916027638711967
leaf_count=1363 11127 5556 1749 224 7877 591
internal_value=7.31013e-05 -0.000357012 0.000443994 0.000238399 0.000254756 0.00149365
internal_weight=2325.8 1077.1 1248.71 1062.98 597.96 121.516
internal_count=28487 15387 13100 11351 9831 1954
is_linear=0
shrinkage=0.03


Tree=157
num_leaves=7
num_cat=0
split_feature=28 39 8 14 39 9
split_gain=0.39129 0.283787 0.268302 0.283487 0.338201 0.327732
threshold=4.1199619770050058 4.5000000000000009 -0.22205876194846225 0.2277947556113353 2.5000000000000004 0.10632669663453077
decision_type=10 2 2 2 2 2
left_child=2 -2 -1 5 -5 -4
right_child=1 -3 3 4 -6 -7
leaf_value=-0.0022022992621943474 0.0040927666300595317 0.00033757595253259583 3.0395695615534029e-05 -0.0017792902791794985 -0.00013520602492421462 0.001234893118359126
leaf_weight=40.825475356687093 25.703953316202387 40.806581437354907 1422.7139000614261 142.59803315997124 436.99070014059544 227.3091822770657
leaf_count=1209 208 392 21089 667 2095 2964
internal_value=2.38582e-05 0.00213407 -4.70459e-05 2.07526e-06 -0.000563023 0.000202768
internal_weight=2336.95 66.5105 2270.44 2229.61 579.589 1650.02
internal_count=28624 600 28024 26815 2762 24053
is_linear=0
shrinkage=0.03


Tree=158
num_leaves=7
num_cat=0
split_feature=47 2 10 46 12 28
split_gain=0.472749 0.393607 0.366764 0.650963 0.387098 0.428937
threshold=4.5000000000000009 -0.2868854246054367 0.02927230449311723 25.500000000000004 0.7308702060033806 0.98438933491706859
decision_type=8 2 2 8 2 8
left_child=-1 -2 4 -4 5 -3
right_child=1 2 3 -5 -6 -7
leaf_value=-0.0018916857981166439 -0.0014242649204236101 -0.00012370852564507382 0.0027883270303893709 0.000392342388596533 -0.00051066753942301908 0.0014240156490302812
leaf_weight=95.976561113784555 123.24850815662649 405.319439535524 113.15769235522021 624.31279938407533 719.39598491415381 255.96390850521857
leaf_count=1236 2905 7724 1292 6995 4473 3993
internal_value=6.68387e-05 0.000158732 0.000257102 0.000792368 -3.2445e-05 0.00048766
internal_weight=2337.37 2241.4 2118.15 737.47 1380.68 661.283
internal_count=28618 27382 24477 8287 16190 11717
is_linear=0
shrinkage=0.03


Tree=159
num_leaves=7
num_cat=0
split_feature=47 3 0 4 22 46
split_gain=0.422964 0.363694 0.34766 0.320124 0.322197 0.279866
threshold=4.5000000000000009 -0.32007951959472786 0.40629810526123383 -0.059176521519506295 0.14285588530210477 66.500000000000014
decision_type=8 2 2 2 2 10
left_child=-1 -2 3 4 -3 -5
right_child=1 2 -4 5 -6 -7
leaf_value=-0.0018443159802599873 -0.0013823690780564979 -0.0002588304886298539 0.0022448665472756479 0.0010926207032291367 0.0012439035959726521 -0.00054255300161837393
leaf_weight=98.359218809928279 134.36659849909483 1379.2353956942679 60.559102767612785 410.87858839325781 131.56607425038237 114.65701239788905
leaf_count=1249 2265 16538 618 4827 1742 1264
internal_value=-1.3795e-05 7.47675e-05 0.000174257 0.000102009 -0.000120648 0.000732403
internal_weight=2329.62 2231.26 2096.9 2036.34 1510.8 525.536
internal_count=28503 27254 24989 24371 18280 6091
is_linear=0
shrinkage=0.03


Tree=160
num_leaves=7
num_cat=0
split_feature=15 28 12 51 7 45
split_gain=0.328989 0.329894 0.337638 0.418413 0.350728 0.324041
threshold=1.5000000000000002 4.2957904338836679 1.2906102384536788 0.63333333333333341 -0.10750770994707606 0.44949494949494956
decision_type=2 10 2 2 2 8
left_child=1 2 4 5 -1 -4
right_child=-2 -3 3 -5 -6 -7
leaf_value=-0.0011992972200591029 -0.00093320402908048821 0.0023177910128877478 -0.0019021564758442064 0.0016265277509791933 0.00045196647864086657 -0.00025231788931604529
leaf_weight=116.70385046795127 273.53967820355319 51.681763539556414 165.80568571388721 59.033723890781403 1381.5522908027488 283.75648871809244
leaf_count=2759 3559 450 852 291 19189 1473
internal_value=2.5234e-05 0.000156488 8.96123e-05 -0.000571244 0.000316246 -0.000888955
internal_weight=2332.07 2058.53 2006.85 508.596 1498.26 449.562
internal_count=28573 25014 24564 2616 21948 2325
is_linear=0
shrinkage=0.03


Tree=161
num_leaves=7
num_cat=0
split_feature=37 33 8 3 29 31
split_gain=0.301359 0.301647 0.280981 0.31046 0.312147 0.301447
threshold=-4.7630002841663845 -1.6533544063568113 -0.062272936325375901 -0.3327722783204225 -5.293468475341796 2.6074642166495328
decision_type=8 10 2 2 10 8
left_child=1 -1 -2 -4 5 -5
right_child=2 -3 3 4 -6 -7
leaf_value=-0.00050321241499781959 -0.000805811816465341 0.0026475062197100921 -0.0016673839101667537 0.0030808692758721836 -0.00013138277556035865 0.00050772564726197828
leaf_weight=39.216414767637616 391.66661574156024 63.27472275251057 78.260219382849755 34.984223650768399 1162.6268203639193 564.25604923290666
leaf_count=1074 6225 1336 1076 284 11842 6662
internal_value=-1.08819e-05 0.00150438 -8.68676e-05 6.96862e-05 0.00015582 0.000706052
internal_weight=2334.29 102.491 2231.79 1840.13 1761.87 599.24
internal_count=28499 2410 26089 19864 18788 6946
is_linear=0
shrinkage=0.03


Tree=162
num_leaves=7
num_cat=0
split_feature=48 8 22 31 28 36
split_gain=0.469878 0.526985 0.278892 0.334035 0.482924 0.449569
threshold=1.0000000180025095e-35 -0.0083091337249836927 -0.12222250240848485 7.1176422238349923 0.37049102783203131 2.3567812955006961
decision_type=2 2 2 10 8 10
left_child=2 -2 -1 4 -4 -6
right_child=1 -3 3 -5 5 -7
leaf_value=-0.00091507161243774889 -0.00092994011095020614 0.003760725533725205 -0.00078312088499048324 0.00082746404894722049 0.00047529244885039494 -0.0019258943673620406
leaf_weight=293.11953149308101 28.355328201549128 50.389263507444412 616.26076511043357 397.69945483042102 880.49920133699197 66.347514243796468
leaf_count=4191 296 424 7292 6749 9041 546
internal_value=1.5876e-05 0.00215719 -6.81325e-05 6.24765e-05 -0.000136181 0.000288667
internal_weight=2332.67 78.7446 2253.93 1960.81 1563.11 946.847
internal_count=28539 720 27819 23628 16879 9587
is_linear=0
shrinkage=0.03


Tree=163
num_leaves=7
num_cat=0
split_feature=49 0 42 40 34 10
split_gain=0.366863 0.312614 0.278963 0.39805 0.446084 0.377662
threshold=1.5000000000000002 0.0077839355500756722 2.5000000000000004 1.5000000000000002 -7.9504116376241045 -0.048531608025988743
decision_type=2 2 2 2 10 2
left_child=1 2 3 4 5 -1
right_child=-2 -3 -4 -5 -6 -7
leaf_value=-0.0012292389610173886 0.0034202515282158374 0.00045124519726117242 0.0016877601665156092 -0.001100268609035642 -0.00029731043126365907 0.0021189174861707934
leaf_weight=31.933982643153286 18.598527230555192 863.08897000760771 53.293345025391318 429.80149639214505 821.04271640130901 124.68871010855946
leaf_count=654 126 8874 595 5793 10636 1970
internal_value=4.31403e-05 1.57299e-06 -0.000265377 -0.000350717 -1.33955e-05 0.00140345
internal_weight=2342.45 2323.85 1460.76 1407.47 977.665 156.623
internal_count=28648 28522 19648 19053 13260 2624
is_linear=0
shrinkage=0.03


Tree=164
num_leaves=7
num_cat=0
split_feature=28 5 47 5 33 39
split_gain=0.32814 0.343509 0.340663 0.34989 0.331732 0.292913
threshold=4.2957904338836679 1.0000000180025095e-35 6.5000000000000009 0.028444031319080441 -0.81760528683662403 4.5000000000000009
decision_type=10 2 10 2 10 2
left_child=1 -1 3 4 -3 -4
right_child=-2 2 5 -5 -6 -7
leaf_value=-0.00023388997776775902 0.0020592645836715645 0.0028919940191247401 0.0029120836585975439 -0.00074384448402376488 -8.9706947076433497e-05 0.00041951248237376396
leaf_weight=1801.171648911346 58.802671687444672 50.356339119956829 80.352421452640556 187.43110350478673 74.393436501966789 87.458140538190491
leaf_count=22949 510 605 800 2051 775 941
internal_value=1.79527e-05 -4.34254e-05 0.000661481 6.24539e-05 0.00123918 0.00170968
internal_weight=2339.97 2281.16 479.991 312.181 124.75 167.811
internal_count=28631 28121 5172 3431 1380 1741
is_linear=0
shrinkage=0.03


Tree=165
num_leaves=7
num_cat=0
split_feature=47 0 22 31 2 49
split_gain=0.378107 0.326284 0.313053 0.33168 0.279405 0.283969
threshold=4.5000000000000009 0.46586906684600954 0.035944683317812406 4.0590700767934331 -0.2236773815140409 1.0000000180025095e-35
decision_type=8 2 2 10 2 2
left_child=-1 2 4 -4 -2 -6
right_child=1 -3 3 -5 5 -7
leaf_value=-0.0017295958345192211 -0.001156993131158666 0.0025945069507492193 1.8845369573630725e-06 0.0015093417595782254 -7.878107227074469e-05 0.0019966820855703842
leaf_weight=94.826458591327537 202.21155285986606 36.730447424633894 284.70888594078133 233.93263799382839 1422.5488450166158 51.89485311601311
leaf_count=1219 3873 402 2810 3494 16317 439
internal_value=3.16098e-05 0.000113814 6.07321e-05 0.000697511 -0.000139211 7.22601e-06
internal_weight=2326.85 2232.03 2195.3 518.642 1676.66 1474.44
internal_count=28554 27335 26933 6304 20629 16756
is_linear=0
shrinkage=0.03


Tree=166
num_leaves=7
num_cat=0
split_feature=28 14 46 17 37 43
split_gain=0.38185 0.322583 0.454085 0.356141 0.371678 0.423784
threshold=4.1199619770050058 0.37533345012189662 390.50000000000006 1.5000000000000002 -2.64727548992995 1.5000000000000002
decision_type=10 2 8 2 10 2
left_child=1 3 -3 4 5 -1
right_child=-2 2 -4 -5 -6 -7
leaf_value=0.00066057006896569749 0.0020882941188662216 -0.0025054369571783693 0.00068314876812677699 -0.001501336660898052 -6.5591660092213734e-05 0.004476757399160803
leaf_weight=399.75679828890134 67.797245120164007 96.232432350516319 58.988053128123283 115.23370816526585 1567.9721991208207 18.642633657902479
leaf_count=6953 600 401 245 1804 18324 179
internal_value=2.17651e-05 -4.9254e-05 -0.00132568 5.0852e-05 0.000147967 0.000931138
internal_weight=2324.62 2256.83 155.22 2101.61 1986.37 418.399
internal_count=28506 27906 646 27260 25456 7132
is_linear=0
shrinkage=0.03


Tree=167
num_leaves=7
num_cat=0
split_feature=49 14 5 0 22 22
split_gain=0.370034 0.295104 0.313264 0.374208 0.240406 0.226051
threshold=1.5000000000000002 0.31071663281077194 1.0000000180025095e-35 0.13655568528558773 0.13977680002997564 -0.02301693608393655
decision_type=2 2 2 2 2 2
left_child=1 2 3 4 -1 -4
right_child=-2 -3 5 -5 -6 -7
leaf_value=-0.00045041899092686157 0.0035252156358982377 -0.00092899174704286788 -0.00031267022018146537 0.00085989041205725462 0.00087022923987278454 0.0012207744593361878
leaf_weight=1196.025300657464 16.517804162343964 283.01407064497471 114.18248903783388 287.84974986102316 128.98640593059827 307.01398863806389
leaf_count=17072 118 1216 1440 3307 1864 3498
internal_value=1.40776e-06 -3.87533e-05 8.90512e-05 -0.00010238 -0.000316302 0.000807461
internal_weight=2333.59 2317.07 2034.06 1612.86 1325.01 421.196
internal_count=28515 28397 27181 22243 18936 4938
is_linear=0
shrinkage=0.03


Tree=168
num_leaves=7
num_cat=0
split_feature=31 4 9 47 0 28
split_gain=0.308664 0.54814 0.435954 0.435095 0.401328 0.383277
threshold=7.1176422238349923 -0.11065795068779095 -0.04299696915812292 6.5000000000000009 0.0056137771858125194 0.37049102783203131
decision_type=8 2 2 8 2 10
left_child=5 3 -3 4 -2 -1
right_child=1 2 -4 -5 -6 -7
leaf_value=-0.00064550774801597102 -0.0027999486821412354 -0.00043889844897158459 0.0021149792495288931 0.00046813118990849279 0.0010692444986459134 0.00027299460096296243
leaf_weight=729.37124639976537 74.097837866691407 75.127962716127513 240.89835759185371 269.68804982959409 27.632967897458002 905.86016941512935
leaf_count=8755 1305 1502 3451 4505 367 8654
internal_value=8.64831e-05 0.000615077 0.00151301 -0.000168581 -0.00174733 -0.000138123
internal_weight=2322.68 687.445 316.026 371.419 101.731 1635.23
internal_count=28539 11130 4953 6177 1672 17409
is_linear=0
shrinkage=0.03


Tree=169
num_leaves=7
num_cat=0
split_feature=43 46 28 14 4 24
split_gain=0.30684 0.525 0.262055 0.417994 0.349013 0.384322
threshold=1.5000000000000002 28.500000000000004 0.37049102783203131 0.39316636867906257 -0.1680618134624266 1.5000000000000002
decision_type=2 10 10 2 2 2
left_child=2 -2 3 4 5 -1
right_child=1 -3 -4 -5 -6 -7
leaf_value=-0.0025418069035940058 0.0035644069512548015 -0.00066144251226502037 0.00030143711734630709 -0.002845210964037274 6.3874645373272773e-05 -0.00024047741456263184
leaf_weight=98.979082417848986 46.683111658087 44.653583587147295 1024.2557066792506 47.52316989004612 901.04855931132624 168.92151734544314
leaf_count=1733 373 360 10353 197 12827 2699
internal_value=2.22673e-05 0.00163703 -5.05347e-05 -0.000346932 -0.000222094 -0.0011516
internal_weight=2332.06 91.3367 2240.73 1216.47 1168.95 267.901
internal_count=28542 733 27809 17456 17259 4432
is_linear=0
shrinkage=0.03


Tree=170
num_leaves=7
num_cat=0
split_feature=8 14 13 45 34 4
split_gain=0.359516 0.408748 0.401368 0.396056 0.413673 0.414042
threshold=-0.066244158714105342 0.2442724207889182 1.8688348091416842 0.91287878787878796 -7.6496938218673067 -0.17155372068330851
decision_type=2 2 2 10 10 2
left_child=-1 2 -2 4 5 -4
right_child=1 -3 3 -5 -6 -7
leaf_value=-0.00081270425721019425 0.0025662634898598164 -0.00057634224325396968 -0.00081976962615200387 -0.001913384536406295 0.00018822201724078932 0.002273752283592302
leaf_weight=385.45325595629402 65.056735253194347 476.99882015585899 44.411253833095543 58.969229354348499 1138.3680184347613 165.51750740052375
leaf_count=6665 670 2206 796 999 14519 2607
internal_value=1.24587e-05 0.000178939 0.00042587 0.000309513 0.000420105 0.00161179
internal_weight=2334.77 1949.32 1472.32 1407.27 1348.3 209.929
internal_count=28462 21797 19591 18921 17922 3403
is_linear=0
shrinkage=0.03


Tree=171
num_leaves=7
num_cat=0
split_feature=24 47 43 46 7 3
split_gain=0.332339 0.32887 0.352526 0.393771 0.283703 0.258049
threshold=7.5000000000000009 4.5000000000000009 1.5000000000000002 14.500000000000002 -0.10497029864169484 -0.24368037027907169
decision_type=2 8 2 10 2 2
left_child=1 -1 4 -4 -3 -2
right_child=5 2 3 -5 -6 -7
leaf_value=-0.0018955142142448743 -0.0013648750273578135 -0.001477047875842497 0.004237547834562266 7.7227938642407965e-05 -0.00010086552681723968 0.0016411737920311105
leaf_weight=88.52376055996865 23.076783531811088 135.40318464010488 24.578904846450314 51.13531996239908 1882.8345100942242 140.46701310231583
leaf_count=1129 363 2814 185 433 21965 1758
internal_value=-0.00010161 -0.00020123 -0.000120933 0.0017646 -0.000200021 0.0011628
internal_weight=2346.02 2182.48 2093.95 75.7142 2018.24 163.544
internal_count=28647 26526 25397 618 24779 2121
is_linear=0
shrinkage=0.03


Tree=172
num_leaves=7
num_cat=0
split_feature=14 17 6 24 30 28
split_gain=0.269345 0.345186 0.308115 0.298459 0.257357 0.422355
threshold=0.34198608790104729 1.0000000180025095e-35 0.45295549498803406 1.5000000000000002 -4.5000259876251212 2.3425008058547978
decision_type=2 2 2 2 10 10
left_child=1 2 4 -3 -1 -6
right_child=-2 3 -4 -5 5 -7
leaf_value=0.00072472031452429592 -0.00098744000037931379 -0.0020695395991891605 0.0023609807337684474 -3.4254849281890366e-05 -0.00030974701066621571 0.0010893487157476072
leaf_weight=534.14407244011818 213.90939079225063 103.62247475603363 50.265057622105815 151.85054409338045 1050.4068284689274 227.7450237366138
leaf_count=8568 899 1498 532 1982 12777 2219
internal_value=2.29674e-06 0.000106425 0.00024948 -0.000906647 0.000178282 -5.39304e-05
internal_weight=2331.94 2118.03 1862.56 255.473 1812.3 1278.15
internal_count=28475 27576 24096 3480 23564 14996
is_linear=0
shrinkage=0.03


Tree=173
num_leaves=7
num_cat=0
split_feature=22 18 28 9 33 47
split_gain=0.377711 0.273901 0.323023 0.294744 0.272863 0.344466
threshold=-0.16454758628043273 1.0000000180025095e-35 3.3306834697723393 -0.099418964231497417 1.499407897392909 5.5000000000000009
decision_type=2 2 8 2 10 8
left_child=-1 2 -2 -4 5 -5
right_child=1 -3 3 4 -6 -7
leaf_value=-0.0012082200770335862 6.0792596525048436e-05 -0.0010241738075315 -0.0017638919499932755 -0.0010823054746047721 -0.0013929119288183557 0.0020179193935685596
leaf_weight=198.02274847627268 1656.6195994390728 160.4029582713265 21.262310504331253 30.717678997665644 22.083019326906651 236.21831781766377
leaf_count=2920 20625 1507 359 333 191 2543
internal_value=1.21637e-05 0.000130886 0.000229787 0.00110199 0.00136477 0.00163496
internal_weight=2325.33 2127.3 1966.9 310.281 289.019 266.936
internal_count=28478 25558 24051 3426 3067 2876
is_linear=0
shrinkage=0.03


Tree=174
num_leaves=7
num_cat=0
split_feature=51 46 20 0 47 4
split_gain=0.336685 0.64956 0.335543 0.321821 0.296315 0.290146
threshold=0.63333333333333341 78.500000000000014 0.126815022986798 0.40629810526123383 5.5000000000000009 -0.059176521519506295
decision_type=2 10 2 2 8 2
left_child=2 -2 3 4 -1 -6
right_child=1 -3 -4 -5 5 -7
leaf_value=-0.001298727707002326 0.0023148954215136395 -0.0012242316627317825 0.0010386968251749466 0.0019058016023900358 -0.00036311531739462031 0.00052802840122800638
leaf_weight=209.60874499019701 134.88380828313529 61.281974715413526 212.12490896624513 53.753479941340629 1216.8570590109739 439.59024637796392
leaf_count=2786 1216 582 2743 582 15218 5338
internal_value=4.57812e-05 0.00120352 -6.58677e-05 -0.000192664 -0.000262949 -0.000124873
internal_weight=2328.1 196.166 2131.93 1919.81 1866.06 1656.45
internal_count=28465 1798 26667 23924 23342 20556
is_linear=0
shrinkage=0.03


Tree=175
num_leaves=7
num_cat=0
split_feature=47 51 46 14 44 7
split_gain=0.307771 0.31297 0.656484 0.382258 0.314357 0.261366
threshold=4.5000000000000009 0.36666666666666675 23.500000000000004 0.34198608790104729 8.5000000000000018 -0.10497029864169484
decision_type=8 2 10 2 8 2
left_child=-1 3 -3 5 -5 -2
right_child=1 2 -4 4 -6 -7
leaf_value=-0.0015401426216254451 -0.0011251752131334061 0.0028062321291977832 -5.0089374724004128e-06 -0.0027486373060809088 -0.00013579588677040108 0.00019773668566723757
leaf_weight=97.06238020863384 136.52744434110355 103.60687551100273 218.53167997056153 71.3117346316576 86.758383974432945 1621.8881965432665
leaf_count=1258 2963 942 2078 301 364 20646
internal_value=3.15262e-05 0.000106217 0.000956416 -4.09143e-05 -0.00140796 8.9241e-05
internal_weight=2335.69 2238.62 322.139 1916.49 158.07 1758.42
internal_count=28552 27294 3020 24274 665 23609
is_linear=0
shrinkage=0.03


Tree=176
num_leaves=7
num_cat=0
split_feature=48 12 6 4 28 36
split_gain=0.280497 0.295538 0.404814 0.233185 0.484517 0.461342
threshold=1.0000000180025095e-35 0.89100836032927966 0.034490082401177256 -0.11236960980211115 4.1199619770050058 4.6628972671331015
decision_type=2 2 2 2 8 8
left_child=3 2 -2 5 -5 -1
right_child=1 -3 -4 4 -6 -7
leaf_value=-0.0001871825800115381 -0.00011559494531044385 -2.2554424524446286e-06 0.0056402861553381404 1.3882772443938889e-05 0.0020318693059355403 -0.0022965735729580275
leaf_weight=1052.014624066418 17.751471110270359 50.005637884140015 17.310253248782828 986.04217087855795 110.14645627245773 92.683471395925153
leaf_count=13312 264 272 228 11775 1305 1324
internal_value=-1.11161e-05 0.00158513 0.00334718 -7.84851e-05 0.000233188 -0.000376385
internal_weight=2325.95 85.0674 35.0617 2240.89 1096.19 1144.7
internal_count=28480 764 492 27716 13080 14636
is_linear=0
shrinkage=0.03


Tree=177
num_leaves=7
num_cat=0
split_feature=51 46 47 39 31 14
split_gain=0.301622 0.625532 0.308598 0.577516 0.454025 0.374618
threshold=0.36666666666666675 14.500000000000002 6.5000000000000009 1.5000000000000002 7.1176422238349923 0.2239656392350555
decision_type=2 10 8 2 8 2
left_child=2 -2 3 -1 -4 -6
right_child=1 -3 4 -5 5 -7
leaf_value=-0.0036627679073897774 0.0032045637272809816 9.8040630543287197e-05 -0.00035407633695199326 -0.00045448802968472063 0.0011168691589003598 -0.0010616780515549898
leaf_weight=50.680901127110701 63.460426003672183 286.6718638825696 1119.6138024709653 325.56156901529175 395.79676574598125 77.80112586915493
leaf_count=713 603 2757 12180 4335 7495 376
internal_value=-6.44915e-05 0.000734437 -0.000209519 -0.000970294 -2.49276e-05 0.000744431
internal_weight=2319.59 350.132 1969.45 376.242 1593.21 473.598
internal_count=28459 3360 25099 5048 20051 7871
is_linear=0
shrinkage=0.03


Tree=178
num_leaves=7
num_cat=0
split_feature=23 22 28 26 39 30
split_gain=0.280431 0.255782 0.23721 0.404422 0.345625 0.33023
threshold=0.89400588103304024 -0.16251717978601601 2.8385466337203984 2.2576216459274296 5.5000000000000009 0.95740556716918956
decision_type=2 2 10 10 2 10
left_child=1 -1 5 4 -4 -3
right_child=-2 2 3 -5 -6 -7
leaf_value=-0.0010363765843981654 0.002345505408378233 0.00019913622242016891 0.0028930641147149059 -0.0012934216631952176 0.00019464782364575012 -0.00067167684918608241
leaf_weight=202.69838004308986 35.025164805934764 1341.4644998722506 84.564565439941362 46.535034761298448 80.738325667218305 542.09247933409642
leaf_count=2925 387 17922 668 403 771 5437
internal_value=6.78017e-07 -4.50667e-05 5.52949e-05 0.000983239 0.00166137 -5.37096e-05
internal_weight=2333.12 2298.09 2095.39 211.838 165.303 1883.56
internal_count=28513 28126 25201 1842 1439 23359
is_linear=0
shrinkage=0.03


Tree=179
num_leaves=7
num_cat=0
split_feature=3 28 47 10 31 46
split_gain=0.278028 0.336456 0.357271 0.38002 0.421875 0.35547
threshold=-0.048089337773658695 0.49325820803642279 8.5000000000000018 0.033797904840410543 0.92404848337173473 14.500000000000002
decision_type=2 10 8 2 10 8
left_child=1 2 3 4 -1 -4
right_child=-2 -3 5 -5 -6 -7
leaf_value=-0.0031221308650830333 0.00074050527642739717 0.00035231349857051987 0.0032371367363655517 0.00016302175109438321 -0.00083153570621402346 -0.00011856071368109777
leaf_weight=101.97835037764162 410.87451590431738 809.6225628076354 19.817374217673205 160.78025509006693 237.0292839583708 592.79037471333868
leaf_count=1169 4335 8264 263 2164 3758 8587
internal_value=4.19549e-05 -0.000110436 -0.000447372 -0.00103412 -0.00159029 4.02431e-05
internal_weight=2332.89 1922.02 1112.4 499.788 339.008 612.608
internal_count=28540 24205 15941 7091 4927 8850
is_linear=0
shrinkage=0.03


Tree=180
num_leaves=7
num_cat=0
split_feature=15 24 14 7 7 28
split_gain=0.351985 0.575898 0.340643 0.365541 0.321582 0.31639
threshold=1.5000000000000002 2.5000000000000004 0.31953153718185695 -0.10497029864169484 0.087091821336873293 1.6215919256210329
decision_type=2 2 2 2 2 10
left_child=2 5 3 -1 -4 -2
right_child=1 -3 4 -5 -6 -7
leaf_value=-0.001217414148305144 -0.0029085966589503221 0.00047715325320421846 -0.00028609798728897895 0.00035338633460188528 -0.0027421349539438361 0.00030868482923669059
leaf_weight=134.95630107438774 116.94974624330644 121.86688965072972 183.47575730085373 1686.8589121468685 56.372405752539635 32.827636518049985
leaf_count=2944 1688 1529 786 21059 236 318
internal_value=-4.57835e-05 -0.00104069 8.96959e-05 0.000231014 -0.000949997 -0.00222826
internal_weight=2333.31 271.644 2061.66 1821.82 239.848 149.777
internal_count=28560 3535 25025 24003 1022 2006
is_linear=0
shrinkage=0.03


Tree=181
num_leaves=7
num_cat=0
split_feature=9 51 46 1 47 31
split_gain=0.249077 0.272763 0.695068 0.345272 0.321114 0.650814
threshold=0.20620103298965517 0.45000000000000007 23.500000000000004 0.025394442259978358 7.5000000000000009 -4.4397979378700247
decision_type=2 2 10 2 8 10
left_child=1 4 -3 -4 5 -1
right_child=-2 2 3 -5 -6 -7
leaf_value=-0.0035218099924758041 0.0018271142437961652 0.0025425774380260489 -0.0010147881078711668 0.0013221977101100001 3.8642526898166245e-05 -0.00042207510916957957
leaf_weight=59.916139069246128 53.88729445298668 110.82082498306409 161.00449716625735 75.506070949370041 1371.587360348014 509.39403046373627
leaf_count=765 673 1046 1653 617 17182 6743
internal_value=-2.067e-05 -7.19457e-05 0.000690448 -0.000245334 -0.000211219 -0.000803464
internal_weight=2342.12 2288.23 347.331 236.511 1940.9 569.31
internal_count=28679 28006 3316 2270 24690 7508
is_linear=0
shrinkage=0.03


Tree=182
num_leaves=7
num_cat=0
split_feature=28 33 9 22 31 22
split_gain=0.301953 0.276872 0.264811 0.244605 0.340094 0.229083
threshold=2.7757409811019902 1.4143101597825689 -0.025016127000847019 0.034715597582891805 4.3366324305534372 0.051308317020916164
decision_type=10 10 2 2 10 2
left_child=3 2 -2 -1 5 -5
right_child=1 -3 -4 4 -6 -7
leaf_value=-0.00032731434074007216 -0.00023049343807777045 -0.00089869645953589451 0.0021517181878580025 0.001696370259673833 0.0012779294744444893 -0.00064537495313385276
leaf_weight=1592.8825118798559 56.857289277599193 50.097694957628846 133.34345100284554 34.770515710581094 221.02783178159734 230.45327980507864
leaf_count=20070 598 424 1080 354 3448 2379
internal_value=-2.98911e-05 0.00095492 0.00146365 -0.000147738 0.000435267 -0.000287894
internal_weight=2319.43 240.298 190.201 2079.13 486.252 265.224
internal_count=28353 2102 1678 26251 6181 2733
is_linear=0
shrinkage=0.03


Tree=183
num_leaves=7
num_cat=0
split_feature=51 46 31 47 27 27
split_gain=0.394493 0.564501 0.393957 0.345101 0.274377 0.263467
threshold=0.45000000000000007 53.500000000000007 9.3657277822494525 5.5000000000000009 -0.31586354970932001 1.6414750218391421
decision_type=2 10 8 8 10 8
left_child=3 2 -2 5 -5 -1
right_child=1 -3 -4 4 -6 -7
leaf_value=-0.00055980170407718128 0.0010916422187721973 -0.00053759898250894901 0.0041158536309450116 0.00059924549362967315 -0.00021347400642086718 -0.00301909121566138
leaf_weight=144.24024866899708 168.04098982061259 133.37708403193392 45.871027861838229 515.68002662080107 1284.5768483504362 47.370340757304803
leaf_count=2002 1504 1319 486 7779 14788 621
internal_value=5.37799e-05 0.000971859 0.001895 -0.000110346 2.13522e-05 -0.00128738
internal_weight=2339.16 347.289 213.912 1991.87 1800.26 191.611
internal_count=28499 3309 1990 25190 22567 2623
is_linear=0
shrinkage=0.03


Tree=184
num_leaves=7
num_cat=0
split_feature=3 15 24 23 14 7
split_gain=0.249009 0.348272 0.344793 0.27021 0.308807 0.262572
threshold=-0.05711566095057282 1.5000000000000002 1.0000000180025095e-35 -0.30827912751255176 0.31953153718185695 -0.0039402538226512617
decision_type=2 2 2 2 2 2
left_child=1 3 -3 4 -1 -5
right_child=-2 2 -4 5 -6 -7
leaf_value=-0.00047369617159847801 0.00058767723486356999 -0.0035113407585987272 -0.00062125753102849164 0.00082937827508101295 -0.0034559922499226002 -0.00010660682735966203
leaf_weight=275.36726227932377 458.3126840221521 40.045265001594089 169.10255798036815 358.71591525535041 26.049722492694855 998.24540147790685
leaf_count=4364 4821 615 2240 5251 113 11117
internal_value=-3.1348e-05 -0.000185585 -0.00130959 -3.68297e-05 -0.000834139 0.00014508
internal_weight=2325.84 1867.53 209.148 1658.38 301.417 1356.96
internal_count=28521 23700 2855 20845 4477 16368
is_linear=0
shrinkage=0.03


Tree=185
num_leaves=7
num_cat=0
split_feature=51 39 2 27 28 31
split_gain=0.289113 0.513946 0.268648 0.255485 0.285826 0.343011
threshold=0.55000000000000016 4.5000000000000009 -0.19311438320140856 2.8338406085968022 0.44573460519313818 1.148816764354706
decision_type=2 2 2 10 8 10
left_child=2 -2 -1 4 5 -4
right_child=1 -3 3 -5 -6 -7
leaf_value=-0.00075331602764172275 0.00278177092361461 -0.00019449938012729238 -0.0014439845661544451 -0.0013256783082805398 0.00057024126824654648 0.00010501448464647669
leaf_weight=381.93747891829116 83.392681762576103 115.70082278334303 152.30256487801671 94.332875438965857 883.67953972594114 615.26316912741459
leaf_count=6842 662 1146 1406 1048 8769 8576
internal_value=6.10697e-05 0.00112556 -4.33458e-05 0.000115404 0.000205215 -0.00021696
internal_weight=2326.61 199.094 2127.52 1745.58 1651.25 767.566
internal_count=28449 1808 26641 19799 18751 9982
is_linear=0
shrinkage=0.03


Tree=186
num_leaves=7
num_cat=0
split_feature=11 28 14 30 45 28
split_gain=0.3447 0.368749 0.29597 0.34195 0.297805 0.295831
threshold=0.12734043717877583 3.9447966814041142 0.2277947556113353 3.8775258064270024 0.23611111111111113 0.93899044394493114
decision_type=2 10 2 8 10 8
left_child=1 2 5 4 -4 -1
right_child=-2 -3 3 -5 -6 -7
leaf_value=-0.00031201984794302414 0.001757727254058932 0.0017864316495164695 0.00014905400235730053 -0.0020910547542428155 -0.0015603301675743699 0.00051554419859968894
leaf_weight=980.62339918459475 81.820483455667272 78.068725042045116 306.11723758280277 127.24797913432121 120.07173208892345 629.88000307540642
leaf_count=16033 863 681 1469 597 581 8217
internal_value=-4.42676e-05 -0.000117543 -0.000194135 -0.000785943 -0.000357268 1.28307e-05
internal_weight=2323.83 2242.01 2163.94 553.437 426.189 1610.5
internal_count=28441 27578 26897 2647 2050 24250
is_linear=0
shrinkage=0.03


Tree=187
num_leaves=7
num_cat=0
split_feature=23 51 46 18 7 45
split_gain=0.37242 0.331558 0.468068 0.271775 0.339014 0.346229
threshold=0.12321820692792675 0.55000000000000016 31.500000000000004 1.0000000180025095e-35 -0.044178069626222179 0.19090909090909094
decision_type=2 2 10 2 2 10
left_child=1 3 -3 -1 -5 -6
right_child=-2 2 -4 4 5 -7
leaf_value=-0.00017297213386598034 0.00074939044297079552 0.0030690847889991335 -0.00020515259287061361 0.00123397920600237 -0.0035279313395328357 -5.5277621686715236e-05
leaf_weight=1554.7816457790905 502.69126777097699 56.422234776779078 93.38984635239467 24.613050095969811 62.417594099533744 40.675721086212434
leaf_count=20597 5376 512 898 298 558 401
internal_value=3.43768e-05 -0.00016479 0.00114287 -0.000287291 -0.00156546 -0.00228383
internal_weight=2334.99 1832.3 149.812 1682.49 127.706 103.093
internal_count=28640 23264 1410 21854 1257 959
is_linear=0
shrinkage=0.03


Tree=188
num_leaves=7
num_cat=0
split_feature=14 27 15 28 2 22
split_gain=0.33573 0.441293 0.305775 0.317304 0.290273 0.301472
threshold=0.41385917847164688 2.170499989185811e-14 1.5000000000000002 0.47916764020919805 -0.2236773815140409 0.033400878447249364
decision_type=2 10 2 10 2 2
left_child=2 -2 4 -4 5 -1
right_child=1 -3 3 -5 -6 -7
leaf_value=-0.001303215520559447 -0.0033786718331782332 0.0002360505681581159 -0.0017034380846654065 0.00034635735831252564 0.0003603738936399351 0.0010240512089306081
leaf_weight=186.11702806229005 49.314775660634041 59.857370093464851 151.33565792129957 112.47074607782997 1711.4906315586268 58.976916882616933
leaf_count=3598 203 247 2302 1215 19777 1170
internal_value=8.16882e-06 -0.00154327 9.10274e-05 -0.000848799 0.000221416 -0.000725015
internal_weight=2329.56 109.172 2220.39 263.806 1956.58 245.094
internal_count=28512 450 28062 3517 24545 4768
is_linear=0
shrinkage=0.03


Tree=189
num_leaves=7
num_cat=0
split_feature=11 47 15 23 20 9
split_gain=0.337328 0.347905 0.317045 0.35733 0.279785 0.276185
threshold=0.1237091212798322 5.5000000000000009 1.5000000000000002 -0.30827912751255176 -0.052034020112110828 0.10865697067530269
decision_type=2 8 2 2 2 2
left_child=1 5 3 -3 -4 -1
right_child=-2 2 4 -5 -6 -7
leaf_value=-0.0013748619239994184 0.0017278162898234993 -0.00072252393262075827 -0.0024988202394261661 0.00041677745274222133 -0.00024509049951308806 0.0013603943459005901
leaf_weight=244.63820458314149 89.388768697535852 289.26973878941499 62.636726709926734 1442.5552769058122 164.26110295718536 30.061544423224404
leaf_count=3113 981 4200 902 16911 2062 334
internal_value=1.76095e-05 -5.82351e-05 8.37837e-05 0.000223422 -0.000946467 -0.00103826
internal_weight=2322.81 2233.42 1958.72 1731.83 226.898 274.7
internal_count=28503 27522 24075 21111 2964 3447
is_linear=0
shrinkage=0.03


Tree=190
num_leaves=7
num_cat=0
split_feature=51 5 31 39 22 31
split_gain=0.299732 0.334429 0.293064 0.290035 0.25178 0.317243
threshold=0.36666666666666675 0.0011665024186901464 9.4703424274921435 3.5000000000000004 -0.12222250240848485 1.4754784703254702
decision_type=2 2 10 2 2 10
left_child=4 2 -2 -3 -1 -6
right_child=1 3 -4 -5 5 -7
leaf_value=-0.0010401323167539764 -0.00010282261893863542 0.0044563255071612745 0.0028354187557787847 0.00075010309319502116 -0.00055669054085389453 0.00027772389165619746
leaf_weight=253.20864609110868 255.84962192131206 26.313020967878401 24.602981652016751 50.65248037117999 656.1597789482912 1056.971303365106
leaf_count=3781 2433 203 346 458 6631 14755
internal_value=-3.00787e-05 0.000756895 0.000243684 0.00238391 -0.000176231 -4.32477e-05
internal_weight=2323.76 357.418 280.453 76.9655 1966.34 1713.13
internal_count=28607 3440 2779 661 25167 21386
is_linear=0
shrinkage=0.03


Tree=191
num_leaves=7
num_cat=0
split_feature=25 5 2 1 35 27
split_gain=0.294697 0.288142 0.303818 0.252509 0.21263 0.205201
threshold=-0.22167303679532283 -0.17143440956543396 -0.2868854246054367 0.041129370308277464 1.313422107899731 2.51499354839325
decision_type=2 2 2 2 8 10
left_child=4 3 -3 -2 -1 -4
right_child=1 2 5 -5 -6 -7
leaf_value=0.0010761320777093269 -0.0021821293285056035 -0.0017606599593481642 0.00011667203806729903 0.0012340660882933843 -0.00018370430265296451 -0.0011659584406464385
leaf_weight=332.43610117325443 92.957274287764449 80.746705119381659 1520.0399471818964 17.138688483741134 182.10304800840095 111.15074733510846
leaf_count=4415 1422 1798 17341 170 2201 1244
internal_value=8.31989e-06 -0.000171227 -7.11512e-05 -0.00159185 0.000635255 2.27007e-05
internal_weight=2336.57 1822.03 1711.94 110.096 514.539 1631.19
internal_count=28591 21975 20383 1592 6616 18585
is_linear=0
shrinkage=0.03


Tree=192
num_leaves=7
num_cat=0
split_feature=0 49 0 2 33 7
split_gain=0.302544 0.222267 0.19076 0.638733 0.348006 0.331944
threshold=0.46586906684600954 1.5000000000000002 0.0056137771858125194 0.082216118246992195 -2.1415843864281965 0.0045521695267984772
decision_type=2 2 2 2 8 2
left_child=1 2 3 -1 5 -4
right_child=-2 -3 4 -5 -6 -7
leaf_value=-0.00038988775586094399 0.0023322822306650376 0.0026805277186542241 0.0016844344434785194 0.002881222011907868 0.00055449887817254071 -0.0018785902451908373
leaf_weight=1397.2186321163172 39.980741118255537 16.97173303947784 21.786423126235604 45.928290980955353 711.04193044293788 96.638024494226556
leaf_count=18916 420 116 329 573 7175 998
internal_value=2.32445e-05 -2.70427e-05 -5.89174e-05 -0.000266673 0.000301418 -0.00114298
internal_weight=2329.57 2289.59 2272.61 1443.15 829.466 118.424
internal_count=28527 28107 27991 19489 8502 1327
is_linear=0
shrinkage=0.03


Tree=193
num_leaves=7
num_cat=0
split_feature=2 24 6 31 47 6
split_gain=0.240139 0.390856 0.240041 0.286535 0.289254 0.419449
threshold=-0.2868854246054367 3.5000000000000004 0.30031076942859641 4.4362272322177896 8.5000000000000018 0.044322262855802583
decision_type=2 2 2 10 10 2
left_child=1 -1 3 4 -2 -6
right_child=2 -3 -4 -5 5 -7
leaf_value=-0.0024936426618161461 -0.00045168812882589088 0.0006322458868255077 0.0010385047731873744 0.00046408929659780214 -0.00050835843741057704 0.0024531326946098907
leaf_weight=73.751871829212178 1103.4286106364452 57.342145866336068 209.97886626241961 728.57763383875135 86.482684170361608 70.528634845977649
leaf_count=1797 11142 1291 2036 10714 898 648
internal_value=2.15897e-05 -0.00117844 9.81406e-05 -5.8313e-06 -0.000278976 0.000889159
internal_weight=2330.09 131.094 2199 1989.02 1260.44 157.011
internal_count=28526 3088 25438 23402 12688 1546
is_linear=0
shrinkage=0.03


Tree=194
num_leaves=7
num_cat=0
split_feature=27 2 24 47 27 47
split_gain=0.247417 0.278417 0.307988 0.28426 0.305244 0.326263
threshold=2.51499354839325 -0.21779750745571114 3.5000000000000004 4.5000000000000009 2.0387587547302251 7.5000000000000009
decision_type=10 2 2 8 8 8
left_child=1 2 -1 -3 -5 -6
right_child=-2 3 -4 4 5 -7
leaf_value=-0.0014904887221322074 -0.0010371042062567394 -0.0014118925828502963 0.00046028265771657712 0.00019245718469559659 -0.00023775903299775127 0.0019959652253270462
leaf_weight=170.51020515803248 162.19576172414236 76.142775016836822 115.78612469576183 1563.579560389946 83.570254653110169 174.35580551510793
leaf_count=3293 1902 897 2115 17495 943 2025
internal_value=5.82337e-05 0.000143938 -0.000712635 0.000276226 0.000354117 0.00129036
internal_weight=2346.14 2183.94 286.296 1897.65 1821.51 257.926
internal_count=28670 26768 5408 21360 20463 2968
is_linear=0
shrinkage=0.03


Tree=195
num_leaves=7
num_cat=0
split_feature=31 2 10 28 7 12
split_gain=0.199321 0.260034 0.285495 0.281885 0.246479 0.23367
threshold=0.57824797928333294 -0.012130484929704933 0.035327027955619782 1.5649611949920657 0.025119026438497755 1.5772099256491818
decision_type=8 2 2 8 2 2
left_child=1 2 3 4 -1 -4
right_child=-2 -3 5 -5 -6 -7
leaf_value=-0.00039252168790007848 0.00017171512379811124 -0.0019155061166758259 0.0016324782287391176 0.00034769870324166392 -0.0026637583450189579 -0.00097662157710655915
leaf_weight=98.126793009694666 1808.285855609327 84.601054665166885 99.647854783339426 132.1154651469551 72.774836120428517 35.346333518624306
leaf_count=970 24084 720 947 1066 567 168
internal_value=2.23029e-05 -0.000488194 -0.000175909 -0.000682138 -0.00145347 0.000929082
internal_weight=2330.9 522.612 438.011 303.017 170.902 134.994
internal_count=28522 4438 3718 2603 1537 1115
is_linear=0
shrinkage=0.03


Tree=196
num_leaves=7
num_cat=0
split_feature=6 12 25 33 4 8
split_gain=0.227832 0.249952 0.2315 0.19848 0.222457 0.226031
threshold=0.33929199159742401 1.1816921222539476 -0.21223249829241006 0.79666462292273843 -0.20708680384658804 0.20005708872711428
decision_type=2 2 2 10 2 2
left_child=2 -2 -1 4 -4 -6
right_child=1 -3 3 -5 5 -7
leaf_value=0.00046974274355409871 0.0018923056293428603 -0.0005306215011221827 -0.0016599434125890036 0.00030075030668185549 -0.00039678570633765658 0.0016755390639892516
leaf_weight=511.51762210627203 100.95491558994399 52.992836438119411 112.8644789486425 424.55716887969174 1088.8974189450237 39.744901036145166
leaf_count=6657 1308 260 1723 4792 13343 472
internal_value=-1.8867e-06 0.00107678 -8.27183e-05 -0.000254126 -0.000444764 -0.000309735
internal_weight=2331.53 153.948 2177.58 1666.06 1241.51 1128.64
internal_count=28555 1568 26987 20330 15538 13815
is_linear=0
shrinkage=0.03


Tree=197
num_leaves=7
num_cat=0
split_feature=0 10 33 37 5 12
split_gain=0.305952 0.261443 0.243012 0.248996 0.27876 0.20828
threshold=0.46586906684600954 0.047346388522495959 -1.9591204623381293 -0.78623626934380375 0.035817345425462062 0.010150374132170461
decision_type=2 2 8 10 2 2
left_child=1 -1 -3 5 -5 -4
right_child=-2 2 3 4 -6 -7
leaf_value=-0.00021381802898272332 0.0023312889143089336 -0.00082762656895469351 -0.00015401145644688104 -7.3835778347971782e-05 0.0025122292632743224 0.002272607079590191
leaf_weight=1726.4404894233739 40.45091356348712 91.422997848174418 40.136019456578651 275.2084336389089 33.341939011123031 124.26147951371968
leaf_count=21400 433 1199 1318 2834 290 1053
internal_value=2.034e-05 -3.04216e-05 0.000524553 0.00079766 0.000275706 0.00170531
internal_weight=2331.26 2290.81 564.371 472.948 308.55 164.397
internal_count=28527 28094 6694 5495 3124 2371
is_linear=0
shrinkage=0.03


Tree=198
num_leaves=7
num_cat=0
split_feature=11 5 28 28 16 33
split_gain=0.27843 0.246044 0.232169 0.243555 0.31168 0.343029
threshold=0.12734043717877583 -0.17143440956543396 -4.6628961563110343 0.40760128200054174 1.0000000180025095e-35 1.0927368998527529
decision_type=2 2 8 10 2 10
left_child=1 -1 -3 4 -4 -6
right_child=-2 2 3 -5 5 -7
leaf_value=-0.0012324070192365273 0.0016321457545613934 0.0016645490331267953 -0.000138384956758216 0.00032882206634581078 -0.0025123670009607703 0.0008956016142911094
leaf_weight=137.25980773748597 82.543207292328589 65.948233929346316 977.97762121626874 937.80173748207744 93.96882106520934 29.935158474138007
leaf_count=2068 878 1516 12983 9354 1378 383
internal_value=1.94716e-05 -4.68595e-05 3.58827e-05 -2.46404e-05 -0.000325721 -0.00168361
internal_weight=2325.43 2242.89 2105.63 2039.68 1101.88 123.904
internal_count=28560 27682 25614 24098 14744 1761
is_linear=0
shrinkage=0.03


Tree=199
num_leaves=7
num_cat=0
split_feature=23 7 14 18 24 28
split_gain=0.364765 0.233796 0.238557 0.220218 0.292517 0.311932
threshold=0.54077549956998283 0.08836142073623969 0.15944823247473108 1.0000000180025095e-35 2.5000000000000004 1.5057864189147951
decision_type=2 2 2 2 2 10
left_child=3 -2 -3 -1 5 -5
right_child=1 2 -4 4 -6 -7
leaf_value=1.3544386621158204e-05 0.0029039497293113755 0.0017886077353075527 -0.0010829934277032363 -0.0031239512361067334 0.00024420525204825466 0.00057674855063153568
leaf_weight=2038.5997856675385 50.65369694144465 42.987851976009551 41.895672127604485 65.577850964502431 79.729125302634202 24.336038885638118
leaf_count=25534 665 605 214 678 740 183
internal_value=2.04217e-05 0.00147527 0.000406517 -7.5122e-05 -0.00108207 -0.00216485
internal_weight=2343.78 135.537 84.8835 2208.24 169.643 89.9139
internal_count=28619 1484 819 27135 1601 861
is_linear=0
shrinkage=0.03


Tree=200
num_leaves=7
num_cat=0
split_feature=11 36 0 46 31 3
split_gain=0.298745 0.273504 0.228548 0.199354 0.194392 0.410121
threshold=0.1237091212798322 -0.15339300368158584 0.42313246652566022 88.500000000000014 7.1176422238349923 -0.21412442350750885
decision_type=2 8 2 8 10 2
left_child=2 -2 4 -3 -1 -6
right_child=1 3 -4 -5 5 -7
leaf_value=-0.00029744755463225874 -0.00045532855975191324 0.0041107835753611387 0.0016954707735227894 0.00047843776692292714 -0.0012814492968953074 0.00085778188004009034
leaf_weight=1755.8385034200328 34.458787816314725 28.755829154863022 51.790980970079545 25.519744909135625 93.888344091756153 357.43554051432875
leaf_count=19197 384 302 543 270 2217 5730
internal_value=-3.49326e-05 0.00158068 -0.000105083 0.00274305 -0.000154789 0.000394629
internal_weight=2347.69 88.7344 2258.95 54.2756 2207.16 451.324
internal_count=28643 956 27687 572 27144 7947
is_linear=0
shrinkage=0.03


Tree=201
num_leaves=7
num_cat=0
split_feature=3 37 33 39 22 23
split_gain=0.305059 0.295986 0.360042 0.272644 0.297209 0.260519
threshold=-0.052429155651936322 1.7960652770530998 -0.084738443295160906 6.5000000000000009 0.0024040879844657447 0.34456282204118988
decision_type=2 10 10 2 2 2
left_child=5 3 -3 4 -2 -1
right_child=1 2 -4 -5 -6 -7
leaf_value=-0.00029333849296431046 0.0032693500723908254 0.0011607331335345809 -0.0014819987352113744 3.5274207849354293e-05 0.00068708327083335542 0.00076754168334848647
leaf_weight=1679.5517088874185 78.422277259640396 77.164158328436315 89.630087114404887 95.026154354476603 85.866800834366586 227.93640463158954
leaf_count=21487 898 632 745 1179 1046 2459
internal_value=-3.43579e-07 0.000715828 -0.000262889 0.00133174 0.00203657 -0.000163226
internal_weight=2333.6 426.109 166.794 259.315 164.289 1907.49
internal_count=28446 4500 1377 3123 1944 23946
is_linear=0
shrinkage=0.03


Tree=202
num_leaves=7
num_cat=0
split_feature=14 27 7 31 4 35
split_gain=0.221044 0.347174 0.26082 0.243845 0.368573 0.359325
threshold=0.41385917847164688 2.1409999492153119e-14 -0.10750770994707606 7.1176422238349923 -0.099630410757952884 1.2362961529029743
decision_type=2 10 2 8 2 8
left_child=2 -2 -1 -4 -5 -6
right_child=1 -3 3 4 5 -7
leaf_value=-0.0010469994080663286 -0.0027961070321659608 0.00033449719942322517 -1.210249344576991e-05 4.8309193730701878e-05 6.3629108548615751e-06 0.0022882125042705879
leaf_weight=152.54273063424625 51.394215047359467 62.392424285411835 1455.3744699796953 351.27690677248756 94.125345993132214 172.91627230754239
leaf_count=3258 212 257 15258 5565 1734 2335
internal_value=4.31061e-05 -0.00119116 0.000111236 0.000201053 0.000694977 0.00151318
internal_weight=2340.02 113.787 2226.24 2073.69 618.319 267.042
internal_count=28619 469 28150 24892 9634 4069
is_linear=0
shrinkage=0.03


Tree=203
num_leaves=7
num_cat=0
split_feature=11 12 37 34 12 10
split_gain=0.230466 0.227372 0.362476 0.314208 0.299039 0.442892
threshold=0.12734043717877583 1.0259299102469412 -5.327629137513715 -10.829425116380053 -0.06172272927506927 -0.068746379449317246
decision_type=2 2 10 10 2 2
left_child=1 2 4 -3 -1 -6
right_child=-2 3 -4 -5 5 -7
leaf_value=-0.00040611051917185844 0.0014098435440748705 -0.0022995358892720329 -9.4122422168288329e-05 -0.00032005613247798809 -0.0016591517516819736 0.0025860925721864613
leaf_weight=66.23760007871897 82.070270996919135 70.477369800209999 1219.8173857258225 757.15497247874737 19.30936923623085 125.5485759768635
leaf_count=2690 848 409 18902 4209 212 1302
internal_value=-6.19371e-05 -0.000121397 0.000107708 -0.00051406 0.0012255 0.00194961
internal_weight=2340.62 2258.55 1430.91 827.632 211.096 144.858
internal_count=28572 27724 23106 4618 4204 1514
is_linear=0
shrinkage=0.03


Tree=204
num_leaves=7
num_cat=0
split_feature=28 45 4 42 46 49
split_gain=0.303426 0.430231 0.329621 0.359123 0.584279 0.260336
threshold=4.1199619770050058 0.78888888888888908 -0.11147566156402304 1.5000000000000002 17.500000000000004 1.0000000180025095e-35
decision_type=8 10 2 2 8 2
left_child=5 2 3 4 -2 -1
right_child=1 -3 -4 -5 -6 -7
leaf_value=-0.00013049912651951802 -0.0042520352750802784 -0.0025931892156400961 0.0023975641945432266 0.0027184732596317596 0.0005707630909565838 0.0021711211804772484
leaf_weight=2025.4660135422018 19.42412136355415 18.867023833794519 119.29064417316113 29.997048664372414 90.04008089879062 35.224536818452179
leaf_count=25009 259 313 1338 280 1107 308
internal_value=4.61626e-05 0.000959056 0.00130492 0.00027243 -0.000569319 -8.08612e-05
internal_weight=2338.31 277.619 258.752 139.461 109.464 2060.69
internal_count=28614 3297 2984 1646 1366 25317
is_linear=0
shrinkage=0.03


Tree=205
num_leaves=7
num_cat=0
split_feature=20 11 33 28 14 28
split_gain=0.241114 0.222406 0.241221 0.273691 0.223343 0.210816
threshold=0.028345673326884206 0.027306582479702045 1.0927368998527529 1.4018757939338686 0.25831483864018429 0.15307510644197467
decision_type=2 2 8 10 2 10
left_child=-1 4 3 -3 5 -2
right_child=1 2 -4 -5 -6 -7
leaf_value=-0.00013617559396061202 -0.0001904864355873489 -0.00031687841040965617 0.0029458970486423565 0.0024565301401467394 -0.0012040144416750882 0.0013264634516941573
leaf_weight=1759.5248649249261 175.18320751877036 91.665355777891818 52.633801394375041 37.717685972573236 76.754929065704346 142.21683448791737
leaf_count=21487 2764 1275 610 341 347 1733
internal_value=3.86802e-05 0.000565872 0.00140361 0.000609862 0.000153854 0.000508965
internal_weight=2335.7 576.172 182.017 129.383 394.155 317.4
internal_count=28557 7070 2226 1616 4844 4497
is_linear=0
shrinkage=0.03


Tree=206
num_leaves=7
num_cat=0
split_feature=8 0 20 11 20 8
split_gain=0.239897 0.333879 0.245207 0.235251 0.265481 0.379838
threshold=0.23216899988254566 0.022104538957884005 -0.16278525394256418 0.025522680899316499 -0.003647539369785797 -0.024903169450146017
decision_type=2 2 2 2 2 2
left_child=2 -2 -1 -4 -5 -6
right_child=1 -3 3 4 5 -7
leaf_value=-0.00097223931565435981 0.0034777604118434273 -0.00056734743637778607 -0.00017789725417419034 -0.00043910219184441299 -0.0007147465186520299 0.0012872810869810705
leaf_weight=225.97404074200313 31.06134677992668 28.840266883402364 1364.0840405062772 188.15184484451311 101.57560921899858 387.53244476573309
leaf_count=3277 357 307 16528 2317 1597 4159
internal_value=-3.47618e-06 0.00172765 -5.65974e-05 4.90084e-05 0.000501963 0.000865519
internal_weight=2327.22 59.9016 2267.32 2041.34 677.26 489.108
internal_count=28542 664 27878 24601 8073 5756
is_linear=0
shrinkage=0.03


Tree=207
num_leaves=7
num_cat=0
split_feature=0 4 50 14 30 20
split_gain=0.205435 0.213589 0.240941 0.454393 0.314223 0.276654
threshold=0.0077839355500756722 -0.059176521519506295 0.38750000000000007 0.2239656392350555 7.2147674560546884 0.11907951196083312
decision_type=2 2 2 2 8 2
left_child=1 2 4 -4 5 -1
right_child=-2 -3 3 -5 -6 -7
leaf_value=-0.00068070797921279561 0.00035127748236955645 0.00037347359256808589 0.0015313730955746428 -0.0018025383660158704 -0.0027092742444383778 0.00088462708559624767
leaf_weight=760.82225240184925 863.30729432925 382.13289489698946 118.38965091452701 42.178097411990166 51.623180828464683 108.27121097384952
leaf_count=10424 8859 4883 1764 201 807 1522
internal_value=-1.3373e-05 -0.000229414 -0.000443948 0.000601283 -0.000630732 -0.000477855
internal_weight=2326.72 1463.42 1081.28 160.568 920.717 869.093
internal_count=28460 19601 14718 1965 12753 11946
is_linear=0
shrinkage=0.03


Tree=208
num_leaves=7
num_cat=0
split_feature=28 30 36 33 24 36
split_gain=0.278121 0.456683 0.359612 0.341255 0.279892 0.268822
threshold=0.40760128200054174 -0.70943838357925404 2.6633495719084501 0.12939913074175521 3.5000000000000004 -0.39088664948595336
decision_type=8 10 10 10 2 10
left_child=1 3 5 4 -1 -3
right_child=-2 2 -4 -5 -6 -7
leaf_value=-0.00090273000114131959 0.00033799532557493963 -0.00029074177946723697 0.0018542542251438492 0.00091317218567383066 0.00070042043684704247 -0.0020605058940564957
leaf_weight=300.6991638673353 1259.4329232936143 124.0057332891738 24.209780572215095 285.1164517973084 134.50139003034565 212.55191290899529
leaf_count=5054 13200 1447 255 3987 2209 2403
internal_value=3.62439e-05 -0.000315164 -0.00117081 0.000123544 -0.000402663 -0.00143564
internal_weight=2340.52 1081.08 360.767 720.317 435.201 336.558
internal_count=28555 15355 4105 11250 7263 3850
is_linear=0
shrinkage=0.03


Tree=209
num_leaves=7
num_cat=0
split_feature=17 4 27 0 42 1
split_gain=0.221527 0.207027 0.252779 0.205744 0.201485 0.423949
threshold=1.5000000000000002 -0.20708680384658804 0.37318232655525213 0.038817082100946788 2.5000000000000004 0.010706958633777694
decision_type=2 2 10 2 2 2
left_child=1 2 -1 -2 -3 -6
right_child=3 4 -4 -5 5 -7
leaf_value=-0.0015389242991221607 -0.0018589234108094376 0.00016075811733704172 0.0005488217401759043 0.00062054181195921347 0.0030465319533486378 -0.0011547874985028727
leaf_weight=126.52614794590045 87.288744028948713 1914.3651754395978 77.826704818231519 37.728755616815761 51.026382617419586 26.836695057107136
leaf_count=1899 1395 22936 1020 471 537 212
internal_value=5.98734e-05 0.000131804 -0.000755307 -0.00112011 0.000226117 0.00163186
internal_weight=2321.6 2196.58 204.353 125.017 1992.23 77.8631
internal_count=28470 26604 2919 1866 23685 749
is_linear=0
shrinkage=0.03


Tree=210
num_leaves=7
num_cat=0
split_feature=47 49 23 23 8 0
split_gain=0.283018 0.32999 0.266039 0.252989 0.235158 0.226345
threshold=4.5000000000000009 1.0000000180025095e-35 -0.019316289553055418 0.57784389018357951 0.021321789951201309 -0.062782296260475587
decision_type=8 2 2 2 2 2
left_child=2 3 5 -2 -3 -1
right_child=1 4 -4 -5 -6 -7
leaf_value=-0.0014497053604908862 -1.1693995990704768e-05 0.00017964093692703206 -0.0024514122796227607 0.0013855099949517116 0.0034329639160853103 0.0024036035390597303
leaf_weight=17.931707597046625 2040.3790175048198 37.496273304685019 64.21857870707754 113.69530050095636 35.904271999141201 17.667326322174631
leaf_count=279 25303 355 781 1260 287 213
internal_value=6.74251e-05 0.000140124 -0.00141992 6.81141e-05 0.00199183 0.000570375
internal_weight=2327.29 2227.47 99.8176 2154.07 73.4005 35.599
internal_count=28478 27205 1273 26563 642 492
is_linear=0
shrinkage=0.03


Tree=211
num_leaves=7
num_cat=0
split_feature=31 6 3 28 25 4
split_gain=0.231945 0.432228 0.472476 0.281377 0.320009 0.298142
threshold=7.1176422238349923 -0.14155611239123753 -0.21412442350750885 0.38737246394157415 0.89907671907406439 -0.1680618134624266
decision_type=10 2 2 10 2 2
left_child=3 -2 -3 5 -5 -1
right_child=1 2 -4 4 -6 -7
leaf_value=-0.001484310512530312 -0.0011387051706950901 -0.00096722166669410063 0.0015684014116660019 0.00010401191377959603 0.0028233920646289329 -0.00021954674046570512
leaf_weight=208.43773641469306 95.10177001960983 76.744108883314766 300.0105715940299 869.82549480965827 30.825480951694772 743.53804676682921
leaf_count=2815 2253 1629 4455 8234 349 8695
internal_value=-1.05921e-07 0.000586565 0.00104025 -0.000151876 0.000227067 -0.000509021
internal_weight=2324.48 471.856 376.755 1852.63 900.651 951.976
internal_count=28430 8337 6084 20093 8583 11510
is_linear=0
shrinkage=0.03


Tree=212
num_leaves=7
num_cat=0
split_feature=27 29 37 33 10 11
split_gain=0.210121 0.245193 0.189721 0.348299 0.195474 0.280983
threshold=2.4626518487930302 -4.6581373214721671 -6.0137545348643657 -1.7759838104248045 0.045748957564831487 0.06050501081543451
decision_type=10 10 8 10 2 2
left_child=2 -2 3 -1 -4 -6
right_child=1 -3 4 -5 5 -7
leaf_value=-0.00089433247315333169 0.0001416434864035364 -0.002080906835157742 -0.00017935316584991097 0.0031608072929990845 0.00014936807680266119 0.0018912837786588972
leaf_weight=26.536446735961363 82.844311081978958 84.015509641496465 1557.5679183833417 35.939002583560068 448.37779759301338 92.96800754123251
leaf_count=785 1064 925 18750 808 5143 1029
internal_value=-3.75912e-05 -0.00103182 4.35615e-05 0.00155264 -8.50653e-06 0.000477393
internal_weight=2328.25 166.86 2161.39 62.4754 2098.91 541.346
internal_count=28504 1989 26515 1593 24922 6172
is_linear=0
shrinkage=0.03


Tree=213
num_leaves=7
num_cat=0
split_feature=6 14 12 47 34 47
split_gain=0.264971 0.231612 0.30118 0.279907 0.243713 0.28021
threshold=0.47458193080532401 0.31953153718185695 1.845192716743622 8.5000000000000018 -7.6496938218673067 4.5000000000000009
decision_type=2 2 2 8 8 8
left_child=1 4 3 -3 -1 -6
right_child=-2 2 -4 -5 5 -7
leaf_value=0.0013639195342722706 0.0018637778374468257 -0.0032530773986134808 0.00010910739433094402 -0.00040097328918163377 -0.0016991477637283911 4.7551527052498737e-05
leaf_weight=109.79710505981348 56.498482383380178 58.056800708174706 131.64855161309242 62.738225489854813 76.535530830034986 1836.7168876785145
leaf_count=2586 548 251 555 271 1018 23341
internal_value=-2.98705e-06 -5.72892e-05 -0.000895831 -0.00191567 5.12389e-05 -3.07929e-05
internal_weight=2331.99 2275.49 252.444 120.795 2023.05 1913.25
internal_count=28570 28022 1077 522 26945 24359
is_linear=0
shrinkage=0.03


Tree=214
num_leaves=7
num_cat=0
split_feature=8 22 24 33 4 8
split_gain=0.215174 0.214548 0.262358 0.343014 0.332496 0.337352
threshold=0.19344850867118132 0.034715597582891805 3.5000000000000004 -2.0794483373562493 -0.20708680384658804 -0.022068790875106558
decision_type=2 2 2 8 2 2
left_child=1 -1 3 -3 -5 -6
right_child=-2 2 -4 4 5 -7
leaf_value=-0.0002351032010180228 0.0012080277076584466 -0.0019870888964381678 0.0013749507912558208 -0.0023821691825366589 -0.00071644164674381189 0.001463258330556106
leaf_weight=1697.9210953594884 114.88894012357923 55.933355633518659 173.01214466779493 24.82146364916116 89.309839192428626 178.18406123982277
leaf_count=20851 1249 780 2193 339 1237 1891
internal_value=-3.74971e-06 -7.16222e-05 0.000455292 -2.72265e-05 0.00040111 0.000735916
internal_weight=2334.07 2219.18 521.261 348.249 292.315 267.494
internal_count=28540 27291 6440 4247 3467 3128
is_linear=0
shrinkage=0.03


Tree=215
num_leaves=7
num_cat=0
split_feature=51 46 30 28 12 31
split_gain=0.27087 0.516257 0.387728 0.198331 0.329244 0.314136
threshold=0.63333333333333341 81.500000000000014 2.4536392688751225 3.4106053113937382 1.2906102384536788 0.13974016904830935
decision_type=2 10 10 10 2 10
left_child=3 2 -2 4 -1 -6
right_child=1 -3 -4 -5 5 -7
leaf_value=-5.1622759916456631e-06 0.0026082480675724698 -0.0012306058719521004 -0.0012369444399653333 0.00093759182845006331 -0.0019406425910458236 -0.00033441810563224358
leaf_weight=1535.7614278707188 116.72159088088665 58.786271374672651 22.696325285360217 132.3009183590766 160.34252632409334 322.49153162911534
leaf_count=23055 1079 561 173 1174 821 1687
internal_value=-4.70076e-05 0.000986671 0.00194139 -0.000146386 -0.000221703 -0.000896377
internal_weight=2349.1 198.204 139.418 2150.9 2018.6 482.834
internal_count=28550 1813 1252 26737 25563 2508
is_linear=0
shrinkage=0.03


Tree=216
num_leaves=7
num_cat=0
split_feature=49 40 30 3 14 47
split_gain=0.258423 0.217784 0.493578 0.32807 0.336703 0.260095
threshold=1.5000000000000002 1.5000000000000002 5.3939504623413095 -1.0000000180025095e-35 0.39316636867906257 7.5000000000000009
decision_type=2 2 8 2 2 10
left_child=1 -1 3 4 -3 -4
right_child=-2 2 5 -5 -6 -7
leaf_value=0.00019125270014726887 0.0029220801242138602 -0.00011102050242605565 -0.0030639609253659966 0.0018406610070622407 -0.0027740275793053317 -4.5084628209283371e-05
leaf_weight=1560.8836457906582 17.337673505535349 553.72331408190075 76.436893698759377 60.809558551060036 36.400959327816963 36.974605650873855
leaf_count=19385 118 6965 866 691 152 440
internal_value=2.22716e-05 -1.17707e-05 -0.000423484 -9.22422e-05 -0.000318771 -0.00216315
internal_weight=2342.57 2325.23 764.345 650.934 590.124 113.411
internal_count=28617 28499 9114 7808 7117 1306
is_linear=0
shrinkage=0.03


Tree=217
num_leaves=7
num_cat=0
split_feature=8 36 41 46 35 23
split_gain=0.250406 0.287442 0.268883 0.313253 0.27761 0.252176
threshold=0.20005708872711428 -0.28283274601455072 1.5000000000000002 20.500000000000004 0.025565733783878389 -0.30827912751255176
decision_type=2 10 2 10 8 2
left_child=2 -2 5 -4 -5 -1
right_child=1 -3 3 4 -6 -7
leaf_value=-0.00080022234347126592 0.0029379736091559583 -8.4677890038746103e-05 0.0031884330848784797 -0.0020586183748675358 0.0016515535241319326 4.5920124194662103e-05
leaf_weight=376.44786737175309 46.036463008087594 56.13833964074729 39.337938020005822 24.376803691033274 28.490431783720851 1758.8373266503622
leaf_count=5603 529 565 326 206 231 21079
internal_value=3.46739e-05 0.00141773 -3.48194e-05 0.00146872 -0.000114522 -0.000106288
internal_weight=2329.67 102.175 2227.49 92.2052 52.8672 2135.29
internal_count=28539 1094 27445 763 437 26682
is_linear=0
shrinkage=0.03


Tree=218
num_leaves=7
num_cat=0
split_feature=14 46 6 37 26 26
split_gain=0.325424 0.305721 0.238422 0.318433 0.167353 0.165026
threshold=0.39316636867906257 14.500000000000002 0.25800267363092039 4.5026123782355763 -5.2269685268402091 -1.0498319864273069
decision_type=2 10 2 10 8 8
left_child=2 -2 4 5 -1 -4
right_child=1 -3 3 -5 -6 -7
leaf_value=0.0012779319557662777 0.0001414689740433671 -0.0025974998694953694 0.00022561576793608289 -0.0012243099927122792 -6.7039352074378596e-05 0.0019563400188498752
leaf_weight=77.168899640877498 65.863582417368889 70.074985578656197 77.148411888512783 43.004506333032623 1848.106328946873 144.9211651161022
leaf_count=1252 272 291 943 314 23939 1541
internal_value=2.02945e-05 -0.00135168 0.000111199 0.000937371 -6.8054e-06 0.00139071
internal_weight=2326.29 135.939 2190.35 265.074 1925.28 222.07
internal_count=28552 563 27989 2798 25191 2484
is_linear=0
shrinkage=0.03


Tree=219
num_leaves=7
num_cat=0
split_feature=30 47 42 40 2 37
split_gain=0.287347 0.260219 0.269614 0.345205 0.508215 0.575906
threshold=-6.1752028465270987 9.5000000000000018 2.5000000000000004 2.5000000000000004 -0.043662164216163528 7.0246754208845763
decision_type=8 10 2 2 2 8
left_child=-1 2 3 -2 5 -5
right_child=1 -3 -4 4 -6 -7
leaf_value=0.0008052160241206254 -0.00021421032314338463 0.0011091421845994783 0.0013200829249391866 -0.0012502533921156047 0.0009034487175398195 -0.0058088343541686117
leaf_weight=286.7068650239089 1649.7157122537901 119.65000396955293 80.744829952716827 111.34783606411656 50.449574957136065 25.781507776817307
leaf_count=5200 19007 1255 735 1374 521 330
internal_value=-6.76729e-05 -0.000193823 -0.000280435 -0.000357539 -0.00154344 -0.00244387
internal_weight=2324.4 2037.69 1918.04 1837.29 187.579 137.129
internal_count=28422 23222 21967 21232 2225 1704
is_linear=0
shrinkage=0.03


Tree=220
num_leaves=7
num_cat=0
split_feature=42 33 47 26 46 4
split_gain=0.251402 0.396972 0.220445 0.447952 0.212078 0.485565
threshold=2.5000000000000004 -2.8124002814292903 5.5000000000000009 4.0080225467681894 53.500000000000007 -0.15208251890815602
decision_type=2 10 8 8 8 2
left_child=2 -2 3 -1 5 -4
right_child=1 -3 4 -5 -6 -7
leaf_value=-0.00032549329583052164 0.0040770884886679034 0.00014129295313632472 -0.00081110708901466655 -0.0035758228233762524 -0.00016059223380650027 0.0012138997991920891
leaf_weight=222.57674705958925 23.863453748403117 74.715383598930202 149.36308001808356 36.716748390113935 1502.1272872145491 318.73194561112905
leaf_count=2870 203 748 1961 456 18369 3829
internal_value=-2.81288e-05 0.0013818 -9.63609e-05 -0.000901444 1.36102e-05 0.000564296
internal_weight=2328.09 98.5788 2229.52 259.293 1970.22 468.095
internal_count=28436 951 27485 3326 24159 5790
is_linear=0
shrinkage=0.03


Tree=221
num_leaves=7
num_cat=0
split_feature=37 28 29 8 0 50
split_gain=0.276871 0.21882 0.208147 0.192175 0.215974 0.47335
threshold=-6.0137545348643657 4.1199619770050058 -0.37820507586002344 0.30369138395519463 0.0077839355500756722 1.0000000180025095e-35
decision_type=8 10 8 2 2 2
left_child=-1 3 -3 4 -2 -6
right_child=1 2 -4 -5 5 -7
leaf_value=0.0018371240663551537 -0.00033929543096579526 0.0025986550112150255 -0.00062609421693781862 0.0023425330999974269 0.0004923483642351919 -0.0021522322631809193
leaf_weight=64.084889459001715 1376.4861338310584 43.127323273103684 22.298403629567474 19.07695823116228 735.71636580987251 56.462096965871751
leaf_count=1624 18104 402 176 218 7442 454
internal_value=3.25433e-05 -2.66735e-05 0.0015623 -8.10852e-05 -0.000113059 0.000279377
internal_weight=2317.25 2253.17 65.4257 2187.74 2168.66 792.178
internal_count=28420 26796 578 26218 26000 7896
is_linear=0
shrinkage=0.03


Tree=222
num_leaves=7
num_cat=0
split_feature=0 23 14 7 14 33
split_gain=0.188029 0.190969 0.340378 0.222048 0.328868 0.467713
threshold=0.46586906684600954 -0.3021662770987818 0.28755456020217163 -0.0067328699285319812 0.2277947556113353 -2.4166255990664163
decision_type=2 2 2 2 2 10
left_child=1 2 -1 -3 -5 -6
right_child=-2 3 -4 4 5 -7
leaf_value=-0.00033909237647168649 0.0017729326537130391 0.00058758208698189718 -0.0028928144051939982 0.00012209755077976367 -0.0027841610722580193 -0.00032942252905068526
leaf_weight=347.90177955984836 39.11428474454442 461.86285462613159 45.033918738365173 1031.5044861230999 80.780648753046989 318.34351423382759
leaf_count=5530 422 6683 201 13796 379 1494
internal_value=-6.42425e-05 -0.000103272 -0.000696301 2.28709e-05 -0.000162253 -0.000882157
internal_weight=2324.54 2285.43 392.936 1892.49 1430.63 399.124
internal_count=28505 28083 5731 22352 15669 1873
is_linear=0
shrinkage=0.03


Tree=223
num_leaves=7
num_cat=0
split_feature=49 5 26 9 23 39
split_gain=0.207908 0.28469 0.243962 0.206441 0.182456 0.306681
threshold=1.0000000180025095e-35 -0.067715266143674693 -7.9702489376068106 0.20620103298965517 0.1327349099094475 2.5000000000000004
decision_type=2 2 8 2 2 2
left_child=2 -2 -1 4 -4 -6
right_child=1 -3 3 -5 5 -7
leaf_value=0.0027201765927449147 -0.00070110039526689882 0.0026348571745499543 -0.00036589273584471251 0.001549268177778094 -0.0020493303777179466 0.00052283649764433681
leaf_weight=16.556517419754528 32.948270884808153 46.813372285105288 1702.8520483381872 51.060682108742185 36.093568084470462 443.9356540417939
leaf_count=306 289 423 21790 643 306 4749
internal_value=-8.43603e-05 0.00133224 -0.000140239 -0.000173466 -0.000220644 0.000291561
internal_weight=2330.26 79.7616 2250.5 2233.94 2182.88 480.029
internal_count=28506 712 27794 27488 26845 5055
is_linear=0
shrinkage=0.03


Tree=224
num_leaves=7
num_cat=0
split_feature=28 3 30 36 3 25
split_gain=0.266578 0.345691 0.320285 0.365942 0.279069 0.282079
threshold=0.44573460519313818 -0.24772624957049519 0.23052542656660083 2.5563570544531697 -0.1603182219194064 -0.15121687017724014
decision_type=8 2 10 10 2 2
left_child=2 -2 -1 -4 5 -3
right_child=1 4 3 -5 -6 -7
leaf_value=-5.1965370473823976e-05 -0.0010207681921285921 0.002512401448030993 -0.0015469753854506117 0.0020102116326301905 0.00014453682977208878 0.00060151309606936982
leaf_weight=822.89563054835889 149.72780211735517 91.843799358699471 253.36308369040489 20.292040855856612 746.64003157767002 250.02499598340364
leaf_count=12532 1996 985 2863 218 7222 2723
internal_value=-1.33088e-05 0.000287284 -0.00035227 -0.00122163 0.000474865 0.00117169
internal_weight=2334.79 1238.24 1096.55 273.655 1088.51 341.869
internal_count=28539 12926 15613 3081 10930 3708
is_linear=0
shrinkage=0.03


Tree=225
num_leaves=7
num_cat=0
split_feature=51 46 47 35 2 6
split_gain=0.300753 0.523417 0.285653 0.400637 0.219738 0.246181
threshold=0.36666666666666675 14.500000000000002 5.5000000000000009 4.2898748293519029 -0.025480960580754629 0.018161652176994638
decision_type=2 10 8 8 2 2
left_child=2 -2 3 -1 5 -3
right_child=1 4 -4 -5 -6 -7
leaf_value=-0.00050745161607575467 0.0030111268422575083 -0.00045908182348220665 8.0260836869303247e-06 -0.0039536432574910196 -0.0014822128093397045 0.0013904366458695671
leaf_weight=167.82980007160222 67.487908755545504 108.02457678830251 1791.9424872255913 28.226059761131182 46.061090206145309 138.51422972977161
leaf_count=2283 621 1167 22599 368 438 1195
internal_value=3.20762e-05 0.000817504 -0.000113569 -0.00117139 0.000228758 0.000593737
internal_weight=2348.09 360.088 1988 196.056 292.6 246.539
internal_count=28671 3421 25250 2651 2800 2362
is_linear=0
shrinkage=0.03


Tree=226
num_leaves=7
num_cat=0
split_feature=18 24 28 0 22 31
split_gain=0.181118 0.316238 0.300305 0.204533 0.212096 0.233995
threshold=1.0000000180025095e-35 2.5000000000000004 1.5057864189147951 0.40629810526123383 -0.15505850892022116 4.4362272322177896
decision_type=2 2 10 2 2 8
left_child=3 2 -2 4 -1 -6
right_child=1 -3 -4 -5 5 -7
leaf_value=-0.0008623292137302761 -0.0028644606089582208 0.0004697162620088118 0.00065512270821417606 0.0016535326315659546 -0.00016213877606281209 0.00050367786527930124
leaf_weight=198.27771433145972 70.563901425339282 83.033747620414943 25.500956168398261 63.856373343558516 1019.7607588343089 873.53482285491191
leaf_count=2959 725 772 200 667 10060 13194
internal_value=2.42085e-05 -0.000866295 -0.00195649 0.000101861 4.68453e-05 0.00014609
internal_weight=2334.53 179.099 96.0649 2155.43 2091.57 1893.3
internal_count=28577 1697 925 26880 26213 23254
is_linear=0
shrinkage=0.03


Tree=227
num_leaves=7
num_cat=0
split_feature=47 48 8 39 35 22
split_gain=0.224549 0.394714 0.297382 0.24004 0.25467 0.194587
threshold=5.5000000000000009 1.0000000180025095e-35 -0.0055960635758254612 4.5000000000000009 -1.9528689868748186 -0.053946264622441897
decision_type=8 2 2 2 8 2
left_child=3 5 -3 4 -1 -2
right_child=1 2 -4 -5 -6 -7
leaf_value=0.00099389839057761604 -0.00052027859527055214 -0.00037535170213921304 0.0035909907083017559 -4.9124884835648707e-05 -0.0023482103579486203 0.00018027712406328911
leaf_weight=19.351352924713865 454.87178099786979 23.291010420885868 39.401177969994023 173.28999419981847 98.623905659536831 1525.5908097631182
leaf_count=267 6085 225 313 2208 1177 18273
internal_value=-1.49424e-05 9.73489e-05 0.00226852 -0.000779724 -0.00176518 1.75683e-05
internal_weight=2334.42 2043.15 62.6922 291.265 117.975 1980.46
internal_count=28548 24896 538 3652 1444 24358
is_linear=0
shrinkage=0.03


Tree=228
num_leaves=7
num_cat=0
split_feature=37 33 35 6 11 0
split_gain=0.249408 0.297045 0.267521 0.2 0.19345 0.210614
threshold=-2.64727548992995 -0.85887560745080294 -3.9946261004855228 0.12170539104603485 0.12734043717877583 -0.084840280120375242
decision_type=8 10 8 2 2 2
left_child=1 -1 3 -2 5 -4
right_child=2 -3 4 -5 -6 -7
leaf_value=-0.00026566081296354601 0.0021705131356196789 0.0017592166986706806 -0.00075410431932764789 -0.00060743625918693932 0.0012256508746281275 -6.200071289340005e-05
leaf_weight=113.86603229718457 65.981656631629448 135.66642585335649 546.14530282004853 28.385267846751958 72.291627036291175 1379.0103167441848
leaf_count=2592 848 2404 7247 294 714 14521
internal_value=-1.6882e-05 0.000860595 -0.000125153 0.00135678 -0.000201575 -0.000261225
internal_weight=2341.35 249.532 2091.81 94.3669 1997.45 1925.16
internal_count=28620 4996 23624 1142 22482 21768
is_linear=0
shrinkage=0.03


Tree=229
num_leaves=7
num_cat=0
split_feature=49 25 30 3 37 2
split_gain=0.2136 0.201878 0.208934 0.219767 0.222114 0.208046
threshold=1.5000000000000002 -0.22657850729932286 1.18939745426178 -0.10536401945757061 3.4051944909846896 -0.13245520650976231
decision_type=2 2 10 2 10 2
left_child=1 2 -1 4 -4 -3
right_child=-2 5 3 -5 -6 -7
leaf_value=0.00090004833797277084 0.0026119485832984649 -0.00056695814481069133 -0.00084292260364711858 -0.0018933863683554596 0.0016613442009410988 8.7765281426485872e-05
leaf_weight=347.33180438666022 17.936730721965432 720.57770159703796 57.860095448966604 47.892393862828612 50.829444570932537 1080.7131197340932
leaf_count=4936 120 9915 693 448 446 11906
internal_value=4.43614e-06 -2.70469e-05 0.000497868 -0.00039473 0.000369517 -0.000175831
internal_weight=2323.14 2305.2 503.914 156.582 108.69 1801.29
internal_count=28464 28344 6523 1587 1139 21821
is_linear=0
shrinkage=0.03


Tree=230
num_leaves=7
num_cat=0
split_feature=35 3 4 0 27 24
split_gain=0.245346 0.178782 0.223982 0.222638 0.3044 0.201412
threshold=-5.8023672352234517 -0.052429155651936322 -0.024972144412340025 -0.21967607893832855 2.0789519548416142 7.5000000000000009
decision_type=8 2 2 2 10 2
left_child=-1 5 3 -3 -5 -2
right_child=1 2 -4 4 -6 -7
leaf_value=0.0023216500450831934 -0.00021296357394027721 -0.00084849473144169474 -0.00066767978076222789 0.001557662368304016 -0.0013492141235932906 0.00093046644470821114
leaf_weight=31.867305892577861 1736.7585551966185 47.928842324239668 97.584402046224568 256.85712308069924 29.150689336005598 140.73538280068897
leaf_count=509 21754 666 1049 2514 297 1849
internal_value=4.56535e-05 4.36593e-06 0.000547803 0.000912082 0.00122581 -0.000122777
internal_weight=2340.88 2309.01 431.521 333.937 286.008 1877.49
internal_count=28638 28129 4526 3477 2811 23603
is_linear=0
shrinkage=0.03


Tree=231
num_leaves=7
num_cat=0
split_feature=31 9 10 47 37 4
split_gain=0.208535 0.311123 0.264654 0.245063 0.388135 0.225899
threshold=7.1176422238349923 -0.060961940282530221 0.0083184952420028869 9.5000000000000018 0.88405138885395396 0.012971952935846886
decision_type=10 2 2 10 8 2
left_child=3 -2 -3 -1 -5 -4
right_child=1 2 5 4 -6 -7
leaf_value=-0.0002797931504244713 -0.00096498131496449563 0.00015135296837191203 0.0020917843784793101 -0.00099878404322356487 0.0023936050272476204 -0.00096505310793698672
leaf_weight=1745.1890361757251 94.652949611176155 210.76356036806828 153.78320348830312 42.339465749915689 68.234023866127245 19.163537352986168
leaf_count=19033 2128 3553 2445 506 634 279
internal_value=-4.6595e-05 0.000505525 0.000883563 -0.000190863 0.00111953 0.00171883
internal_weight=2334.13 478.363 383.71 1855.76 110.573 172.947
internal_count=28578 8405 6277 20173 1140 2724
is_linear=0
shrinkage=0.03


Tree=232
num_leaves=7
num_cat=0
split_feature=0 25 27 10 27 14
split_gain=0.190943 0.205812 0.2528 0.185916 0.18567 0.205923
threshold=0.46586906684600954 -0.22657850729932286 2.51499354839325 -0.068746379449317246 2.1745384931564335 0.2442724207889182
decision_type=2 2 10 2 10 2
left_child=1 3 4 -1 5 -3
right_child=-2 2 -4 -5 -6 -7
leaf_value=-0.00089448218027623463 0.0017393595142261059 -2.986253746984458e-05 -0.0015295881372432393 0.00066025656411050951 0.0015587600925894029 -0.00082717303923836142
leaf_weight=73.147712134377798 41.444122050132137 1251.4417798056384 120.97465574950911 430.40651812191936 44.926277481310535 370.39976094663143
leaf_count=1082 446 18017 1433 5438 498 1725
internal_value=-6.87911e-05 -0.000108912 -0.000259796 0.000421391 -0.000159062 -0.000215907
internal_weight=2332.74 2291.3 1787.74 503.554 1666.77 1621.84
internal_count=28639 28193 21673 6520 20240 19742
is_linear=0
shrinkage=0.03


Tree=233
num_leaves=7
num_cat=0
split_feature=49 27 47 27 3 4
split_gain=0.198946 0.234497 0.345309 0.260607 0.246862 0.227495
threshold=1.5000000000000002 2.8338406085968022 8.5000000000000018 3.8551263809204106 -0.029706027269383959 -0.16890156181635504
decision_type=2 8 8 8 2 2
left_child=1 -1 5 -4 -5 -3
right_child=-2 2 3 4 -6 -7
leaf_value=0.00016161285189753038 0.0026261644779322023 -0.0037490348454392729 -0.0017452154763042836 0.00014771477171143018 0.0032227909366252848 -0.00093665895905217051
leaf_weight=1995.585962513549 17.09531215694733 31.253983332891949 40.89899308711756 128.28628345864126 19.066893781768158 98.154393223812804
leaf_count=24419 119 458 480 1646 226 1238
internal_value=7.03284e-05 4.02178e-05 -0.00070406 0.000127483 0.000725142 -0.00183609
internal_weight=2330.34 2313.25 317.661 188.252 147.353 129.408
internal_count=28586 28467 4048 2352 1872 1696
is_linear=0
shrinkage=0.03


Tree=234
num_leaves=7
num_cat=0
split_feature=34 22 51 0 12 14
split_gain=0.187975 0.196466 0.170167 0.245816 0.185689 0.358793
threshold=-7.6496938218673067 -0.098913063272776811 0.63333333333333341 -0.15069536973922701 1.3108668313189586 0.19891925297071181
decision_type=8 2 2 2 2 2
left_child=1 -1 -2 -4 5 -5
right_child=2 -3 3 4 -6 -7
leaf_value=-0.001078956141770045 -0.00014679660894670023 0.0016852721302226944 0.0027305719950289128 0.00043942988622987168 0.001473573887138395 -0.0033388438496303615
leaf_weight=22.204841365513857 2029.4140686325554 95.277254465123406 34.782169605256058 80.349750777590089 53.651716209948063 20.536692515015602
leaf_count=601 24245 2095 376 939 261 108
internal_value=-1.22933e-06 0.00111916 -6.53095e-05 0.000771731 0.000191692 -0.000561429
internal_weight=2336.22 117.482 2218.73 189.32 154.538 100.886
internal_count=28625 2696 25929 1684 1308 1047
is_linear=0
shrinkage=0.03


Tree=235
num_leaves=7
num_cat=0
split_feature=14 11 34 10 2 12
split_gain=0.239977 0.255956 0.231729 0.259791 0.224368 0.183072
threshold=0.35654786167880476 0.11129591335915441 -7.9504116376241045 0.017391737881815358 -0.11607818977133898 -0.11712846020590882
decision_type=2 2 8 2 2 2
left_child=1 2 3 -1 -3 -5
right_child=-2 4 -4 5 -6 -7
leaf_value=1.520066552049078e-05 -0.00099938294586433244 -0.00073251303230346715 -6.554348318315716e-05 -0.00015002738333230693 0.0020900689574280869 0.0039711562574723447
leaf_weight=59.916378695110325 187.6944567412138 28.406962583772838 1921.0346259348444 12.082063454305169 88.429434156394564 27.955449229106307
leaf_count=1467 785 376 23982 654 929 273
internal_value=8.25675e-07 9.28851e-05 1.07879e-05 0.00135036 0.00140016 0.00294607
internal_weight=2325.52 2137.82 2020.99 99.9539 116.836 40.0375
internal_count=28466 27681 26376 2394 1305 927
is_linear=0
shrinkage=0.03


Tree=236
num_leaves=7
num_cat=0
split_feature=28 46 43 30 10 26
split_gain=0.235837 0.389558 0.307584 0.298766 0.237552 0.333147
threshold=0.47916764020919805 14.500000000000002 1.0000000180025095e-35 1.1013146638870241 0.050267501686341261 0.32170861959457403
decision_type=8 8 2 10 2 10
left_child=1 2 -1 -3 -2 -6
right_child=4 3 -4 -5 5 -7
leaf_value=-0.00022091969743092855 0.00010000468479361561 -0.00019511869417524627 0.0028428587514914647 -0.0014942341442046021 0.0018895200932586187 -0.00017678277832127137
leaf_weight=54.093391755770426 920.22479655424831 825.75166996549524 51.502853072131984 188.65734429331496 168.89183436072199 112.99326368194306
leaf_count=893 9728 12389 542 2099 1781 1061
internal_value=4.72003e-05 -0.000264801 0.00139005 -0.000448953 0.000337679 0.00108357
internal_weight=2322.12 1120.01 105.596 1014.41 1202.11 281.885
internal_count=28493 15923 1435 14488 12570 2842
is_linear=0
shrinkage=0.03


Tree=237
num_leaves=7
num_cat=0
split_feature=28 35 36 27 2 47
split_gain=0.218836 0.313454 0.24611 0.268086 0.244856 0.209632
threshold=1.9798751473426821 1.6910658819334852 -0.61098995124773359 1.5393496155738833 -0.05645328161161102 6.5000000000000009
decision_type=10 10 10 10 2 8
left_child=5 2 3 -2 -3 -1
right_child=1 4 -4 -5 -6 -7
leaf_value=-0.00068432995518501606 0.00076318176053878954 0.00022213621398369822 0.0017655680189493064 -0.0023131682776426623 -0.0024466269817561784 5.289031063980977e-05
leaf_weight=446.65954905585386 100.71343098225771 99.48359128437005 189.92395425221184 23.12717352877371 33.994598083896562 1442.3854775812506
leaf_count=5883 971 888 1727 223 292 18589
internal_value=1.78317e-05 0.000606958 0.00111453 5.87695e-05 -0.000580702 -0.000124109
internal_weight=2336.29 447.243 313.765 123.841 133.478 1889.05
internal_count=28573 4101 2921 1194 1180 24472
is_linear=0
shrinkage=0.03


Tree=238
num_leaves=7
num_cat=0
split_feature=23 15 4 28 0 28
split_gain=0.184557 0.172036 0.22356 0.220633 0.220005 0.217475
threshold=-0.29108432140184476 1.5000000000000002 -0.21460100065117496 1.6215919256210329 0.031356376919241431 -1.0704547762870786
decision_type=2 2 2 10 2 10
left_child=-1 2 5 4 -3 -2
right_child=1 3 -4 -5 -6 -7
leaf_value=-0.00058352308738086976 -0.0025379187625260615 -0.0018337241210270602 0.00031392237408417917 0.00089155102896947621 0.00040403128482778626 -6.9560975179821597e-05
leaf_weight=414.20455786213279 39.357534427224891 119.42281105718575 1565.4256325448368 54.937222006265074 52.432430525426753 93.692727183573879
leaf_count=6000 704 1767 18010 520 575 1065
internal_value=-1.68789e-05 0.000107415 0.000211933 -0.000651229 -0.00116632 -0.000926097
internal_weight=2339.47 1925.27 1698.48 226.792 171.855 133.05
internal_count=28641 22641 19779 2862 2342 1769
is_linear=0
shrinkage=0.03


Tree=239
num_leaves=7
num_cat=0
split_feature=2 24 51 10 36 34
split_gain=0.249397 0.348686 0.302988 0.218395 0.337193 0.238098
threshold=-0.19311438320140856 3.5000000000000004 0.63333333333333341 -0.071381563725995315 -0.85257359203838157 -7.9504116376241045
decision_type=2 2 2 2 10 8
left_child=1 2 -1 4 -2 -5
right_child=3 -3 -4 5 -6 -7
leaf_value=-0.0016757242452854375 -0.0022259888780991588 0.00039129291774795094 0.0017543584671671207 0.0018574117316931705 0.00010827285884408904 0.00017562152325554655
leaf_weight=226.58466887226677 75.310863541555591 162.25257767082076 17.592273135436699 69.725062261408311 157.9512586160854 1613.1799332239316
leaf_count=4150 1068 2786 207 1291 1815 17084
internal_value=-8.23614e-06 -0.000673926 -0.0013693 0.000135726 -0.000705891 0.000255861
internal_weight=2322.6 406.43 244.177 1916.17 233.262 1682.9
internal_count=28401 7143 4357 21258 2883 18375
is_linear=0
shrinkage=0.03


Tree=240
num_leaves=7
num_cat=0
split_feature=5 8 39 10 31 6
split_gain=0.264401 0.239898 0.238608 0.198346 0.570431 0.192257
threshold=-0.17382369966204117 0.30369138395519463 5.5000000000000009 -0.071381563725995315 0.33571881055831915 -0.082998536208500007
decision_type=2 2 2 2 10 2
left_child=2 3 5 4 -2 -1
right_child=1 -3 -4 -5 -6 -7
leaf_value=0.00012070685648263958 -0.0027007115009464863 0.0027886503649476881 2.569230622478818e-05 0.00015259579816933049 0.00018638301575106542 -0.0032936039476605073
leaf_weight=19.210193744918797 78.304725139867514 19.00361043389421 69.020633933716454 1894.2943581620784 199.80177548184292 46.401907987659797
leaf_count=335 832 216 1100 22436 2962 557
internal_value=-3.47739e-06 7.81711e-05 -0.00124598 4.17912e-05 -0.000692043 -0.00241019
internal_weight=2326.04 2191.4 134.633 2172.4 278.107 65.6121
internal_count=28438 26446 1992 26230 3794 892
is_linear=0
shrinkage=0.03


Tree=241
num_leaves=7
num_cat=0
split_feature=28 39 20 24 8 33
split_gain=0.166965 0.415645 0.209561 0.4238 0.20177 0.295165
threshold=4.1199619770050058 4.5000000000000009 0.028345673326884206 1.5000000000000002 0.20005708872711428 -1.9900179704030354
decision_type=10 2 2 2 2 10
left_child=2 -2 4 -4 -1 -6
right_child=1 -3 3 -5 5 -7
leaf_value=-0.00033101285336171386 0.0036571677381125839 -0.00058609933811323931 -0.00063830938547972962 0.0010346035992832292 0.0035522279847445726 -9.8157349400969694e-05
leaf_weight=1619.8186823448632 26.789247713517398 42.448414996266365 210.55058539210586 350.73021606952534 20.181381078087725 57.209840330819134
leaf_count=20147 209 391 2704 4279 257 592
internal_value=-4.39055e-05 0.00131004 -9.10048e-05 0.000406863 -0.000257073 0.00115131
internal_weight=2327.73 69.2377 2258.49 561.281 1697.21 77.3912
internal_count=28579 600 27979 6983 20996 849
is_linear=0
shrinkage=0.03


Tree=242
num_leaves=7
num_cat=0
split_feature=22 31 35 37 31 43
split_gain=0.223064 0.245333 0.266653 0.364882 0.435954 0.344038
threshold=-0.16454758628043273 0.070073723793029799 0.27528116852045065 -0.40147133426119869 4.4362272322177896 1.5000000000000002
decision_type=2 8 8 8 8 2
left_child=-1 -2 -3 -4 -5 -6
right_child=1 2 3 4 5 -7
leaf_value=-0.00092846474634355038 -0.0005651769392162417 0.00071933039277710664 0.0009813824458732869 -0.0012414996030791696 3.9037354751107187e-06 0.003455805405685033
leaf_weight=197.28414636928937 392.77636008174159 671.48106501538132 232.91717346123187 295.70781219215132 507.80956052255351 17.388326925225556
leaf_count=2891 3285 9611 3645 2562 6254 131
internal_value=1.10274e-05 0.000102486 0.000256865 -4.18033e-05 -0.000340431 0.000180625
internal_weight=2315.36 2118.08 1725.3 1053.82 820.906 525.198
internal_count=28379 25488 22203 12592 8947 6385
is_linear=0
shrinkage=0.03


Tree=243
num_leaves=7
num_cat=0
split_feature=20 2 11 2 50 22
split_gain=0.197478 0.17846 0.282302 0.433776 0.555014 0.273948
threshold=0.14179057218119986 -0.019326247118881885 0.022129943051761813 -0.12572700109751672 0.2678571428571429 0.083270585625279628
decision_type=2 2 2 2 2 2
left_child=1 2 5 -4 -5 -1
right_child=-2 -3 3 4 -6 -7
leaf_value=-0.00010809900609948089 0.00085673208098372593 -0.00070392017972915877 -0.00040580037222804282 0.00064491146629202048 0.0037563565829237685 -0.0017764171914788824
leaf_weight=1087.6216003848094 204.86771763500292 352.5908558347146 249.20757933304412 303.87082291382831 53.841970962588675 86.61371932446491
leaf_count=13428 2588 4256 3586 3195 530 1072
internal_value=-1.03821e-05 -9.72445e-05 2.61102e-05 0.000546336 0.00120266 -0.000245119
internal_weight=2338.61 2133.75 1781.16 606.92 357.713 1174.24
internal_count=28655 26067 21811 7311 3725 14500
is_linear=0
shrinkage=0.03


Tree=244
num_leaves=7
num_cat=0
split_feature=49 40 26 2 42 3
split_gain=0.214574 0.208919 0.351575 0.205163 0.288043 0.213029
threshold=1.5000000000000002 2.5000000000000004 3.6049228906631474 -0.11046667665868692 2.5000000000000004 -0.054791549954404557
decision_type=2 2 8 2 2 2
left_child=1 -1 3 4 5 -3
right_child=-2 2 -4 -5 -6 -7
leaf_value=9.3147444352870682e-05 0.0026040080198587038 -0.0025955210301533858 -0.0027610664183900209 0.00049916942860007475 0.0009318982720835302 0.00069411637498509521
leaf_weight=1982.1868119375576 18.297905732411891 72.853662571345922 51.767634623683989 148.76213549636304 38.447118857642636 17.924983716453426
leaf_count=24441 123 1080 633 1580 413 207
internal_value=7.45321e-06 -2.42235e-05 -0.000711726 -0.00024747 -0.0010811 -0.00194153
internal_weight=2330.24 2311.94 329.756 277.988 129.226 90.7786
internal_count=28477 28354 3913 3280 1700 1287
is_linear=0
shrinkage=0.03


Tree=245
num_leaves=7
num_cat=0
split_feature=5 7 12 10 22 28
split_gain=0.258897 0.273041 0.301345 0.306847 0.271648 0.231392
threshold=0.0065695501389263326 0.081556182558951265 0.52527081076633586 0.019476561730886039 0.14285588530210477 1.0545144677162173
decision_type=2 2 2 2 2 10
left_child=4 5 -3 -4 -1 -2
right_child=1 2 3 -5 -6 -7
leaf_value=-0.000248422444228865 0.00050360183434830638 0.0015779266979300637 -0.0030334274757013138 0.0003978528049430376 0.0009911222276485802 0.0021863370708144533
leaf_weight=1713.7264386243914 225.41149632632732 32.143271660315804 41.634335409849882 39.212674595415592 165.44495210191235 105.79877507523634
leaf_count=21566 2786 507 251 228 2161 947
internal_value=2.00796e-05 0.000663095 -0.000573628 -0.00150858 -0.000134622 0.00108944
internal_weight=2323.37 444.201 112.99 80.847 1879.17 331.21
internal_count=28446 4719 986 479 23727 3733
is_linear=0
shrinkage=0.03


Tree=246
num_leaves=7
num_cat=0
split_feature=15 28 33 7 35 37
split_gain=0.174384 0.256782 0.280229 0.258687 0.241188 0.241064
threshold=1.5000000000000002 0.49325820803642279 1.1158544023831687 -0.016281289747916691 2.455544889842471 -5.0275678272359068
decision_type=2 10 10 2 10 10
left_child=5 2 3 -2 -3 -1
right_child=1 4 -4 -5 -6 -7
leaf_value=0.00090817067079725566 0.00018242694075392072 0.0010226464817527175 0.00070989771633459399 -0.0028920469594402917 -0.0019748465715025152 -4.2432860917994957e-05
leaf_weight=266.76719306965242 31.384866694745142 93.627587475231849 35.694030342507176 87.965567724662833 21.713621684582904 1806.2022166252718
leaf_count=4272 621 992 480 1213 229 20766
internal_value=-1.09219e-05 -0.000713262 -0.00147435 -0.00213197 0.000345815 8.36715e-05
internal_weight=2343.36 270.386 155.044 119.35 115.341 2072.97
internal_count=28573 3535 2314 1834 1221 25038
is_linear=0
shrinkage=0.03


Tree=247
num_leaves=7
num_cat=0
split_feature=14 2 30 30 45 10
split_gain=0.203158 0.213341 0.351523 0.254986 0.259429 0.246188
threshold=0.41385917847164688 -0.12572700109751672 4.5884289741516122 -2.6285928487777706 0.63068181818181823 -0.055843915572255466
decision_type=2 2 8 10 8 2
left_child=1 -1 3 4 -3 -4
right_child=-2 2 5 -5 -6 -7
leaf_value=-0.00029223537360641703 -0.0012480072904241719 0.0015557326729194638 -0.0007680256807450289 -0.00028233998460104154 -2.578527620381283e-05 0.0017765228389636477
leaf_weight=957.64329518569866 105.23455290496349 160.37171523144934 35.48021037876606 675.24055855566985 205.78097964481276 186.64234667248093
leaf_count=13648 433 2017 433 6920 3108 1948
internal_value=-1.97593e-05 4.37656e-05 0.000298722 6.2791e-05 0.00068985 0.0013545
internal_weight=2326.39 2221.16 1263.52 1041.39 366.153 222.123
internal_count=28507 28074 14426 12045 5125 2381
is_linear=0
shrinkage=0.03


Tree=248
num_leaves=7
num_cat=0
split_feature=3 39 26 27 33 24
split_gain=0.189744 0.285633 0.332105 0.264133 0.226275 0.284322
threshold=-0.040425177458980173 6.5000000000000009 -0.55027747154235829 -2.2450000097319099e-14 0.25540705521901458 7.5000000000000009
decision_type=2 2 10 10 10 2
left_child=4 2 -2 -4 5 -1
right_child=1 -3 3 -5 -6 -7
leaf_value=-0.00044237781935259232 0.0023967411017187198 -0.00041980721693533549 -0.0019206188567437133 0.00096319120435650802 0.00035103714102078056 0.0012834766051617273
leaf_weight=1167.636371555418 110.14960348256864 134.87275298888562 29.968574032885954 90.689722518320195 700.57976472066366 83.063777682429645
leaf_count=15105 1220 1508 330 835 8218 1161
internal_value=4.09516e-05 0.000658453 0.0012798 0.000154748 -7.75387e-05 -0.000318486
internal_weight=2316.96 365.681 230.808 120.658 1951.28 1250.7
internal_count=28377 3893 2385 1165 24484 16266
is_linear=0
shrinkage=0.03


Tree=249
num_leaves=7
num_cat=0
split_feature=2 24 2 3 33 47
split_gain=0.169247 0.246764 0.229753 0.179671 0.186562 0.22649
threshold=-0.2868854246054367 3.5000000000000004 -0.27336826291354516 -0.3327722783204225 3.4261779387791957 4.5000000000000009
decision_type=2 2 2 2 10 8
left_child=1 -1 -2 -4 5 -5
right_child=2 -3 3 4 -6 -7
leaf_value=-0.0020625691396578727 0.0027633448670479782 0.00041673485802741608 -0.0011714382505102099 -0.0013390651655614332 -0.0016448702390505596 0.00018757719433232489
leaf_weight=74.267623799503781 17.667541224102024 58.256956978351809 99.684348881070036 81.598406547040213 45.365873637143523 1957.2675474397838
leaf_count=1833 332 1291 1502 985 460 22184
internal_value=-1.79632e-05 -0.00101991 4.66883e-05 1.22157e-05 7.41506e-05 0.000120241
internal_weight=2334.11 132.525 2201.58 2183.92 2084.23 2038.87
internal_count=28587 3124 25463 25131 23629 23169
is_linear=0
shrinkage=0.03


Tree=250
num_leaves=7
num_cat=0
split_feature=2 24 10 14 25 4
split_gain=0.281932 0.279215 0.165928 0.161369 0.130706 0.126564
threshold=-0.2868854246054367 3.5000000000000004 -0.13167212107272711 0.15789183885710947 -0.34711387263999027 -0.21700945588984474
decision_type=2 2 2 2 2 2
left_child=1 4 3 -2 -1 -4
right_child=2 -3 5 -5 -6 -7
leaf_value=0.00025125715553114678 1.1335914539719208e-06 0.00028013147073650114 -0.00086298102111107347 0.0032447950079638726 -0.0028939355680746596 9.6945173618314727e-05
leaf_weight=12.436476506525649 26.324843699490884 56.579788854811341 121.60393599217059 19.037075527012348 61.83333543385379 2031.368611888538
leaf_count=380 544 1289 1526 109 1446 23206
internal_value=-2.13876e-06 -0.00130347 8.08708e-05 0.00170262 -0.00239995 3.89876e-05
internal_weight=2329.18 130.85 2198.33 45.3619 74.2698 2152.97
internal_count=28500 3115 25385 653 1826 24732
is_linear=0
shrinkage=0.03


Tree=251
num_leaves=7
num_cat=0
split_feature=28 2 29 2 49 40
split_gain=0.212193 0.330379 0.353884 0.262514 0.237904 0.274298
threshold=0.40760128200054174 -0.05645328161161102 -5.9161858558654776 -0.23947027975846882 1.5000000000000002 1.5000000000000002
decision_type=10 2 10 2 2 2
left_child=4 3 -3 -2 5 -1
right_child=1 2 -4 -5 -6 -7
leaf_value=5.9609741010040744e-06 -0.00079531521572740599 0.0011249401130286663 -0.0011797634582576618 0.00085640367487792822 0.00259938208757041 -0.00092240003778422245
leaf_weight=859.28016706943163 91.364287738164421 74.423223486053757 203.52634638780728 664.71390230185352 15.99671903462149 419.5722445891879
leaf_count=12220 1382 794 1877 6279 111 5822
internal_value=7.17913e-06 0.000325922 -0.000545024 0.000649034 -0.000247906 -0.000303414
internal_weight=2328.88 1034.03 277.95 756.078 1294.85 1278.85
internal_count=28485 10332 2671 7661 18153 18042
is_linear=0
shrinkage=0.03


Tree=252
num_leaves=7
num_cat=0
split_feature=49 5 26 26 5 6
split_gain=0.197815 0.30007 0.209018 0.306137 0.270861 0.260812
threshold=1.0000000180025095e-35 -0.064737573520379524 -5.2269685268402091 -1.0498319864273069 0.0032186186102094133 0.24808899812778243
decision_type=2 2 8 8 2 2
left_child=2 -2 -1 4 -4 -5
right_child=1 -3 3 5 -6 -7
leaf_value=0.0013608572462305512 -0.00064578235954436815 0.0027753965040050129 -0.00087510432456571147 4.5801876715747286e-05 0.00062699413109808613 0.001187583495371263
leaf_weight=91.69562367090839 33.129487903323025 47.869364706566557 517.71326639819017 1302.5901363120065 128.12372384086484 199.10674419422867
leaf_count=1384 289 422 6998 16001 1432 1930
internal_value=8.77171e-05 0.0014589 3.18521e-05 -3.09384e-05 -0.000572096 0.000204043
internal_weight=2320.23 80.9989 2239.23 2147.53 645.837 1501.7
internal_count=28456 711 27745 26361 8430 17931
is_linear=0
shrinkage=0.03


Tree=253
num_leaves=7
num_cat=0
split_feature=42 40 2 1 27 31
split_gain=0.182087 0.33768 0.492886 0.330611 0.284075 0.268853
threshold=2.5000000000000004 2.5000000000000004 -0.10667121742500639 0.009856805887102367 0.31001646816730505 0.52272143959999096
decision_type=2 2 2 2 8 8
left_child=1 5 -3 -2 -4 -1
right_child=3 2 4 -5 -6 -7
leaf_value=-0.0006251877323751484 0.0023460548667056397 -0.0025378034998658687 0.0015359906030153689 -0.00096472440404987876 -0.0010613183767160617 0.00021829535184765498
leaf_weight=424.17447994765826 62.916752224322408 108.54384862509323 58.865451508201659 36.169873642269522 74.371146285906434 1559.9890244749113
leaf_count=3655 663 1557 685 282 795 20910
internal_value=-3.71741e-05 -9.54086e-05 -0.00113039 0.00115986 0.000113323 3.57447e-05
internal_weight=2325.03 2225.94 241.78 99.0866 133.237 1984.16
internal_count=28547 27602 3037 945 1480 24565
is_linear=0
shrinkage=0.03


Tree=254
num_leaves=7
num_cat=0
split_feature=3 36 36 25 47 8
split_gain=0.212805 0.285274 0.261497 0.268112 0.27394 0.387678
threshold=-0.029706027269383959 2.3567812955006961 1.2981803357877115 -0.21701340830397872 5.5000000000000009 0.20005708872711428
decision_type=2 10 10 2 8 2
left_child=2 -2 3 -1 -5 -6
right_child=1 -3 -4 4 5 -7
leaf_value=0.00053095490643669939 0.0010849453550755199 -0.0017088555092515691 0.00062285874999554072 -0.0015687199416287113 -0.00036111598994169021 0.0021529268431482959
leaf_weight=348.67057644884335 301.72423283779062 27.78755402151728 449.41768347463221 148.20569151022937 1006.2453770166467 48.464564664813224
leaf_count=4701 3227 262 4963 1976 12824 539
internal_value=0.000111483 0.000805952 -6.31661e-06 -0.000191379 -0.000403402 -0.000226458
internal_weight=2330.52 329.512 2001 1551.59 1202.92 1054.71
internal_count=28492 3489 25003 20040 15339 13363
is_linear=0
shrinkage=0.03


Tree=255
num_leaves=7
num_cat=0
split_feature=51 46 28 2 14 13
split_gain=0.181222 0.403818 0.340082 0.261187 0.227217 0.278381
threshold=0.36666666666666675 14.500000000000002 2.466056346893311 0.082216118246992195 0.19582980509133244 2.249904835165133
decision_type=2 10 10 2 2 2
left_child=3 -2 4 -1 -3 -6
right_child=1 2 -4 -5 5 -7
leaf_value=-0.00016084648897915699 0.0026066589103843538 0.00046868471795240334 0.0024603121233923546 0.0015182488904998996 -0.0024790691364896282 0.00042225340002769601
leaf_weight=1884.3084468887246 64.774812458548695 145.42539535381366 37.572669421322644 77.244640295713907 60.598056048154831 47.088619530200958
leaf_count=24086 600 1957 276 919 295 241
internal_value=2.64958e-05 0.000639989 0.000129629 -8.73594e-05 -0.000296703 -0.00128232
internal_weight=2317.01 355.46 290.685 1961.55 253.112 107.687
internal_count=28374 3369 2769 25005 2493 536
is_linear=0
shrinkage=0.03


Tree=256
num_leaves=7
num_cat=0
split_feature=27 28 39 1 35 3
split_gain=0.228058 0.260061 0.287143 0.179285 0.171511 0.166751
threshold=2.8338406085968022 4.1199619770050058 4.5000000000000009 -0.098771090048690738 3.2683221704016137 -0.052429155651936322
decision_type=10 10 2 2 10 2
left_child=1 5 -3 -2 -5 -1
right_child=3 2 -4 4 -6 -7
leaf_value=-6.02038170178677e-05 0.0008999974545045342 0.0039166019957656041 7.9203224648021465e-05 -0.0023570035871685758 0.00039690588512981766 0.00061806053686281606
leaf_weight=1763.2596562695981 23.581047247629613 23.728308849968016 37.468110676389188 72.938887630822137 23.538988151121885 389.90308939051465
leaf_count=22432 350 185 349 813 256 4167
internal_value=5.30258e-05 0.000124201 0.00190824 -0.00116834 -0.00171092 6.49083e-05
internal_weight=2334.42 2214.36 61.1964 120.059 96.4779 2153.16
internal_count=28552 27133 534 1419 1069 26599
is_linear=0
shrinkage=0.03


Tree=257
num_leaves=7
num_cat=0
split_feature=28 30 16 14 36 34
split_gain=0.238023 0.37526 0.290795 0.315002 0.263809 0.259995
threshold=0.40760128200054174 1.1450779438018801 1.0000000180025095e-35 0.41385917847164688 2.4583147205234996 1.0000000180025095e-35
decision_type=10 10 2 2 10 10
left_child=1 2 3 -1 -2 -6
right_child=4 -3 -4 -5 5 -7
leaf_value=0.0002531999736972383 0.00051293657356375451 -0.0014567855469388167 -0.0013312681874751986 -0.0025155502704915975 0.00085131111873178612 -0.0022443163825116934
leaf_weight=958.01928303288878 950.30185814382276 184.72047834907426 125.74726663535694 28.481752932071686 32.276291305199265 55.07623124262318
leaf_count=14042 9545 2063 2010 117 316 459
internal_value=2.8333e-05 -0.000241844 -2.88852e-05 0.00014882 0.000365113 -0.00113054
internal_weight=2334.62 1296.97 1112.25 986.501 1037.65 87.3525
internal_count=28552 18232 16169 14159 10320 775
is_linear=0
shrinkage=0.03


Tree=258
num_leaves=7
num_cat=0
split_feature=14 5 5 47 6 37
split_gain=0.211124 0.31922 0.26399 0.270794 0.216518 0.236516
threshold=0.31953153718185695 -0.027943020783417521 0.02352343265814056 4.5000000000000009 0.32196094728357333 2.2260814244548484
decision_type=2 2 2 10 2 10
left_child=2 -2 4 -4 -1 -6
right_child=1 -3 3 -5 5 -7
leaf_value=-0.00010859568913599831 0.00041934104722128992 -0.0016462602944918696 -9.8498327290287894e-05 0.001732129623015172 0.0020733841661793231 -0.00048089745276932647
leaf_weight=1670.9331513726793 111.91072057187557 147.30213958024979 125.32922277488979 159.95558258064557 77.274315541842952 47.027009960031137
leaf_count=22756 478 629 1483 1792 1005 404
internal_value=1.88125e-05 -0.000772021 0.000120564 0.000951811 -1.60716e-05 0.00114317
internal_weight=2339.73 259.213 2080.52 285.285 1795.23 124.301
internal_count=28547 1107 27440 3275 24165 1409
is_linear=0
shrinkage=0.03


Tree=259
num_leaves=7
num_cat=0
split_feature=24 51 46 15 24 3
split_gain=0.193299 0.193261 0.456335 0.179918 0.339561 0.256889
threshold=7.5000000000000009 0.63333333333333341 28.500000000000004 1.5000000000000002 2.5000000000000004 -0.05711566095057282
decision_type=2 2 10 2 2 2
left_child=1 3 -3 -1 5 -5
right_child=-2 2 -4 4 -6 -7
leaf_value=-0.00020190315558638332 0.00082878339447196706 0.0025312277493662249 -0.00041396247033905761 -0.0027247233204723046 0.00032002251310636495 8.612232865751807e-05
leaf_weight=1758.3836932222766 160.52005571412155 64.647120545734651 123.28552297095302 98.527291514736135 91.827233560907189 39.245424116495997
leaf_count=21743 2063 565 1148 1451 1172 452
internal_value=-0.000145251 -0.00022057 0.000675854 -0.000308271 -0.00108046 -0.00197239
internal_weight=2336.44 2175.92 187.933 1987.98 229.6 137.773
internal_count=28594 26531 1713 24818 3075 1903
is_linear=0
shrinkage=0.03


Tree=260
num_leaves=7
num_cat=0
split_feature=35 24 51 46 30 12
split_gain=0.19095 0.14287 0.199614 0.415696 0.233678 0.195305
threshold=-3.9946261004855228 7.5000000000000009 0.63333333333333341 210.50000000000003 2.5849549770355229 1.3108668313189586
decision_type=8 2 2 10 10 2
left_child=-1 2 -2 4 5 -4
right_child=1 -3 3 -5 -6 -7
leaf_value=0.0010867509861476837 -0.00026666274026025693 0.00073538156341829684 0.00084346125598997563 -0.0023183256941412952 -0.0010915776422584214 0.0032998516185764435
leaf_weight=117.57334459610865 1877.8951070893818 157.99080319714267 87.223311029258184 23.972357736667618 22.854147970676422 43.063139587640762
leaf_count=1717 23110 2032 988 223 182 215
internal_value=-4.21994e-05 -0.000106798 -0.000174793 0.00076148 0.00135614 0.00183271
internal_weight=2330.57 2213 2055.01 177.113 153.141 130.286
internal_count=28467 26750 24718 1608 1385 1203
is_linear=0
shrinkage=0.03


Tree=261
num_leaves=7
num_cat=0
split_feature=28 46 42 12 46 51
split_gain=0.220248 0.302479 0.736167 0.37359 0.282931 0.592009
threshold=1.9798751473426821 30.500000000000004 1.5000000000000002 0.78227944406371452 14.500000000000002 0.22500000000000003
decision_type=8 8 2 2 8 2
left_child=4 2 3 -2 5 -1
right_child=1 -3 -4 -5 -6 -7
leaf_value=-0.00062695079897693987 -0.00014937419705276435 0.00091031978335544088 0.0018550742772814133 -0.0037467287175589593 -0.00021861063032510599 0.0031272184295149993
leaf_weight=74.691333238559309 48.762968539493158 489.816502794798 59.969217723701149 47.810179956257343 1539.981042504558 61.274910828913562
leaf_count=1106 881 4975 571 291 19966 630
internal_value=8.16217e-05 0.000547588 -0.0005739 -0.00211476 -0.000100269 0.00116325
internal_weight=2322.31 646.359 156.542 96.5731 1675.95 135.966
internal_count=28420 6718 1743 1172 21702 1736
is_linear=0
shrinkage=0.03


Tree=262
num_leaves=7
num_cat=0
split_feature=11 42 1 40 35 10
split_gain=0.199976 0.198678 0.331429 0.226689 0.301762 0.280512
threshold=0.12734043717877583 2.5000000000000004 0.0058397516120058781 2.5000000000000004 -2.7206942367621436 -0.048531608025988743
decision_type=2 2 2 2 8 2
left_child=1 3 -3 -1 -5 -6
right_child=-2 2 -4 4 5 -7
leaf_value=-2.3311201847877652e-06 0.0013432788538745492 0.0024354361297600291 -0.00092851199415706909 0.0016257702712494846 -0.003490219286212216 -0.00076029411927029189
leaf_weight=1918.8859627114143 86.80278026725864 60.267266209120862 35.355392989004031 26.436399668629747 35.584685801411979 168.41302388045006
leaf_count=23806 882 637 272 399 506 1986
internal_value=8.13298e-06 -4.92198e-05 0.0012215 -0.000111149 -0.000979519 -0.00137734
internal_weight=2331.75 2244.94 95.6227 2149.32 230.434 203.998
internal_count=28488 27606 909 26697 2891 2492
is_linear=0
shrinkage=0.03


Tree=263
num_leaves=7
num_cat=0
split_feature=0 23 10 27 28 36
split_gain=0.208591 0.19365 0.15604 0.167625 0.174258 0.436397
threshold=0.46586906684600954 0.89400588103304024 0.13218654111450365 2.51499354839325 1.4798393249511721 2.0832172407369534
decision_type=2 2 2 10 10 10
left_child=1 2 3 4 -1 -6
right_child=-2 -3 -4 -5 5 -7
leaf_value=-0.00013759135161390775 0.0019477963746962655 0.0019127853258807672 -0.0014737209752966722 -0.0010011028899953129 0.00084095140482280499 -0.0016673235646351204
leaf_weight=1537.4161341488798 37.630620977375656 34.031839661824051 61.674848830793053 145.2550911209546 440.04441348055843 63.008228752296418
leaf_count=20484 410 368 690 1764 4194 537
internal_value=-1.72734e-05 -5.80448e-05 -9.62298e-05 -5.08262e-05 2.13737e-05 0.000500411
internal_weight=2319.06 2281.43 2247.4 2185.72 2040.47 503.053
internal_count=28447 28037 27669 26979 25215 4731
is_linear=0
shrinkage=0.03


Tree=264
num_leaves=7
num_cat=0
split_feature=43 46 1 14 20 7
split_gain=0.311964 0.5331 0.385094 0.505673 0.37027 0.317734
threshold=1.0000000180025095e-35 53.500000000000007 -0.024604083684933286 0.1343478740169374 -0.017142891838606525 0.019220767685830753
decision_type=2 10 2 2 2 2
left_child=-1 2 -2 5 -5 -4
right_child=1 -3 3 4 -6 -7
leaf_value=-0.0001971086284916093 0.0030089524595046657 -0.00073335082281603993 -0.00012643164218407356 0.0017375090587743987 -0.0013192509842795453 0.0037522113341562861
leaf_weight=1865.6617630920809 83.229350560694002 155.18933046364691 27.269740574760363 42.215484388172626 103.99065870791674 48.269539026427083
leaf_count=23939 962 1542 454 239 571 715
internal_value=-2.39992e-05 0.00066711 0.00138041 0.000665688 -0.000381915 0.00250093
internal_weight=2325.83 460.164 304.975 221.745 146.206 75.5393
internal_count=28422 4483 2941 1979 810 1169
is_linear=0
shrinkage=0.03


Tree=265
num_leaves=7
num_cat=0
split_feature=28 39 7 33 28 8
split_gain=0.201226 0.293862 0.187456 0.247906 0.259845 0.295965
threshold=3.493869543075562 4.5000000000000009 -0.10497029864169484 -2.4900540883342424 0.98438933491706859 0.016021583039614828
decision_type=10 2 2 8 10 2
left_child=2 -2 -1 4 -4 -6
right_child=1 -3 3 -5 5 -7
leaf_value=-0.00099577941659539319 0.002950132784431945 6.9202292722385657e-05 -0.0015483662239327439 0.0001859565074523506 0.0025637197269055743 -0.00098309892095288141
leaf_weight=149.47202403051779 42.243377287872136 82.967380826710723 146.46270848815038 1834.8838692784193 27.549690584070049 39.946272531524301
leaf_count=3251 344 753 2208 21313 303 345
internal_value=6.41651e-05 0.00118747 -4.90311e-06 7.18711e-05 -0.000871129 0.000608609
internal_weight=2323.53 125.211 2198.31 2048.84 213.959 67.496
internal_count=28517 1097 27420 24169 2856 648
is_linear=0
shrinkage=0.03


Tree=266
num_leaves=7
num_cat=0
split_feature=27 35 18 28 1 45
split_gain=0.199556 0.199291 0.177902 0.219057 0.310018 0.21859
threshold=2.8338406085968022 3.3291042283177381 1.0000000180025095e-35 0.4635580331087113 -0.050069525212010225 0.27922077922077926
decision_type=10 10 2 10 2 10
left_child=2 -2 -1 4 -4 -5
right_child=1 -3 3 5 -6 -7
leaf_value=0.00012823521925329676 -0.0018184813519418256 0.00080170407045185852 0.001070961589153166 -0.00078287516235671362 -0.0026678741698292451 0.0021396338180450399
leaf_weight=2063.6404291679064 89.504319073981605 28.894758681999519 20.517388003878295 55.608774745371193 69.504172898945399 25.683021788019687
leaf_count=25582 1084 336 272 440 679 222
internal_value=-1.62016e-05 -0.0011664 4.96557e-05 -0.00085178 -0.00179386 0.000273684
internal_weight=2353.35 118.399 2234.95 171.313 90.0216 81.2918
internal_count=28615 1420 27195 1613 951 662
is_linear=0
shrinkage=0.03


Tree=267
num_leaves=7
num_cat=0
split_feature=0 15 1 14 47 35
split_gain=0.173874 0.245841 0.257261 0.221586 0.340549 0.313405
threshold=-0.055713991131700162 1.5000000000000002 0.0058397516120058781 0.2277947556113353 8.5000000000000018 -1.3594521557912229
decision_type=2 2 2 2 8 10
left_child=-1 3 -3 -2 5 -5
right_child=1 2 -4 4 -6 -7
leaf_value=-0.00044614217863106882 0.00047824131918900982 -0.0018544745628732461 0.00033592628400161835 -0.0030409081514846019 0.0004487548797988541 -0.00039222044963490741
leaf_weight=749.71332328081189 1000.5308050638123 99.71262174542062 81.4474647246534 52.162363305687904 210.51313276588917 124.1729881465435
leaf_count=10789 13678 1392 800 245 989 580
internal_value=-7.34892e-05 0.000106325 -0.000903639 0.000243727 -0.000359581 -0.00129688
internal_weight=2318.25 1568.54 181.16 1387.38 386.848 176.335
internal_count=28473 17684 2192 15492 1814 825
is_linear=0
shrinkage=0.03


Tree=268
num_leaves=7
num_cat=0
split_feature=51 46 46 31 42 28
split_gain=0.227751 0.537071 0.302096 0.314805 0.24986 0.245756
threshold=0.36666666666666675 14.500000000000002 13.500000000000002 5.1516780853271493 1.5000000000000002 1.7780444622039797
decision_type=2 10 8 10 2 10
left_child=2 -2 3 4 -1 -3
right_child=1 5 -4 -5 -6 -7
leaf_value=-0.0034151780971438776 0.0028992632040868416 -0.00037399301413880925 -1.0946064835309925e-05 0.00052976806497871123 -6.4761508088971028e-05 0.001638137197974149
leaf_weight=57.730613400344737 68.569691834039986 225.54422778834123 1840.9801012419193 44.556843924918212 29.003821230959147 61.164487913716584
leaf_count=726 617 2288 23273 774 318 467
internal_value=1.32973e-05 0.000701601 -0.000113605 -0.00145045 -0.00241732 9.60043e-05
internal_weight=2327.55 355.278 1972.27 131.291 86.7344 286.709
internal_count=28463 3372 25091 1818 1044 2755
is_linear=0
shrinkage=0.03


Tree=269
num_leaves=7
num_cat=0
split_feature=24 2 12 23 10 31
split_gain=0.19055 0.207019 0.183262 0.175953 0.16538 0.310519
threshold=7.5000000000000009 -0.32576250935338291 1.1328809768349075 -0.31371196235539839 -0.071381563725995315 -1.5772320250980554
decision_type=2 2 2 2 2 10
left_child=1 -1 3 -2 5 -3
right_child=2 4 -4 -5 -6 -7
leaf_value=-0.0015596094280575406 -0.00028808806314911803 -0.0027192817020326851 -0.00068177674925375337 0.002130178092486583 5.1679030050192956e-05 -0.00021192084018284183
leaf_weight=75.282005044486141 34.453347372007556 46.630784894747194 41.556567393243313 87.687102424155455 1821.2483268352953 216.2305707836058
leaf_count=1943 604 535 231 1289 20980 2892
internal_value=-3.43635e-05 -0.000110772 0.000921918 0.00147786 -5.12394e-05 -0.000740076
internal_weight=2323.09 2159.39 163.697 122.14 2084.11 262.861
internal_count=28474 26350 2124 1893 24407 3427
is_linear=0
shrinkage=0.03


Tree=270
num_leaves=7
num_cat=0
split_feature=26 33 47 7 12 30
split_gain=0.164396 0.241946 0.169434 0.203624 0.239765 0.193379
threshold=-7.4371142387390128 -2.2345386780798431 9.5000000000000018 0.048473088814314592 0.53722448628807351 1.7762413024902346
decision_type=8 8 10 2 2 10
left_child=-1 2 3 5 -5 -2
right_child=1 -3 -4 4 -6 -7
leaf_value=0.0019839408083779401 -0.00097032674329978954 3.5983656474517275e-05 0.001494991805165247 0.00012574873184011628 -0.0031060076451597191 0.0012190446062953096
leaf_weight=25.285238801618107 135.74291447887663 2034.9044340504624 16.340772665571421 28.062451767444145 61.084809593856335 39.043175346683711
leaf_count=426 2284 24302 196 590 381 387
internal_value=-4.87861e-05 -7.94235e-05 -0.0008897 -0.00108653 -0.00217861 -0.000441767
internal_weight=2340.46 2315.18 280.274 263.933 89.1473 174.786
internal_count=28566 28140 3838 3642 971 2671
is_linear=0
shrinkage=0.03


Tree=271
num_leaves=7
num_cat=0
split_feature=28 33 46 14 25 12
split_gain=0.252457 0.289563 0.276179 0.220222 0.202359 0.237068
threshold=2.8385466337203984 1.4143101597825689 81.500000000000014 0.41385917847164688 -0.022907577162350586 0.94901583327900851
decision_type=10 10 8 2 2 2
left_child=3 2 -2 -1 -4 -6
right_child=1 -3 4 -5 5 -7
leaf_value=1.9599718286575082e-05 0.0028095255842081083 -0.00098464635408624583 -0.0010098919232724346 -0.0014427401939298415 -0.00040524174070928767 0.0027910386668877074
leaf_weight=2025.3542347020702 73.1471745664021 46.765978427196387 42.739553777268156 87.117901727557182 33.840616461122409 36.559019677340984
leaf_count=26219 621 398 384 360 432 193
internal_value=5.79094e-05 0.000973578 0.0014903 -4.72202e-05 0.000478489 0.0013953
internal_weight=2345.52 233.052 186.286 2112.47 113.139 70.3996
internal_count=28607 2028 1630 26579 1009 625
is_linear=0
shrinkage=0.03


Tree=272
num_leaves=7
num_cat=0
split_feature=29 14 30 27 9 28
split_gain=0.137175 0.430438 0.397636 0.239486 0.2272 0.260895
threshold=-5.293468475341796 0.22021843570589214 5.3939504623413095 2.51499354839325 0.11097396658343328 0.77245953679084789
decision_type=10 2 8 10 2 10
left_child=1 4 -3 -2 5 -1
right_child=3 2 -4 -5 -6 -7
leaf_value=4.9987508482911106e-05 -3.6814574924574599e-05 0.0003399615137784871 -0.0023767892857163003 -0.0015885646693662419 0.0022269639370638174 0.001487542398437995
leaf_weight=361.41723625874147 1475.145244966232 103.41368278861046 77.861153095960617 85.332966193323955 71.655850307492074 156.21202742104651
leaf_count=6292 17327 504 372 960 995 2091
internal_value=3.04436e-05 0.000355369 -0.000890191 -0.000131245 0.000746987 0.000503789
internal_weight=2331.04 770.56 181.275 1560.48 589.285 517.629
internal_count=28541 10254 876 18287 9378 8383
is_linear=0
shrinkage=0.03


Tree=273
num_leaves=7
num_cat=0
split_feature=28 30 33 45 28 36
split_gain=0.17562 0.239285 0.197777 0.19789 0.1818 0.172112
threshold=3.9447966814041142 -1.838316738605499 -1.9591204623381293 0.78888888888888908 -0.21902862191200254 -0.59226035816772338
decision_type=10 8 10 10 10 10
left_child=1 2 4 -4 -1 -2
right_child=5 -3 3 -5 -6 -7
leaf_value=-0.0013649349990377624 -0.00058554449891050689 -0.00022386047718907958 0.00079935244925609904 -0.0010519029814726863 0.00061312788017501359 0.0021678493098951711
leaf_weight=86.818486320247757 24.48562420764938 1453.8723508128023 597.9534568421368 48.267480877344497 65.711958028667141 55.682468833401799
leaf_count=1934 230 15667 8418 902 938 466
internal_value=5.69582e-05 4.96961e-06 0.0004191 0.000647156 -0.000527469 0.00135521
internal_weight=2332.79 2252.62 798.751 646.221 152.53 80.1681
internal_count=28555 27859 12192 9320 2872 696
is_linear=0
shrinkage=0.03


Tree=274
num_leaves=7
num_cat=0
split_feature=8 27 28 36 30 8
split_gain=0.193483 0.162456 0.18434 0.345011 0.366707 0.406413
threshold=-0.22904671692901882 2.6909512281417851 0.93899044394493114 1.2981803357877115 -1.4975462555885313 0.049165833952125829
decision_type=2 10 10 10 10 2
left_child=-1 2 3 -2 -5 -6
right_child=1 -3 -4 4 5 -7
leaf_value=-0.001882738002839626 -0.0003085832704246927 -0.00092189893189969987 0.00050545644698281658 0.001808326744223944 -0.0014640422853945091 0.0017827132517462463
leaf_weight=37.28525444882689 1151.7628412864433 133.54890184849501 728.26169499411481 150.53784797017579 86.25808264274383 44.466988623025827
leaf_count=1104 15620 1536 6872 1962 962 436
internal_value=1.69817e-05 5.5882e-05 0.000120268 -7.76303e-05 0.000846239 -0.000311436
internal_weight=2332.12 2294.84 2161.29 1433.03 281.263 130.725
internal_count=28492 27388 25852 18980 3360 1398
is_linear=0
shrinkage=0.03


Tree=275
num_leaves=7
num_cat=0
split_feature=47 26 1 49 2 2
split_gain=0.16012 0.274292 0.335728 0.184914 0.287234 0.159174
threshold=4.5000000000000009 1.6257877349853518 -0.041029197080891484 1.0000000180025095e-35 -0.1362984772556137 -0.05645328161161102
decision_type=8 10 2 2 2 2
left_child=1 2 -1 5 -5 -2
right_child=3 -3 -4 4 -6 -7
leaf_value=0.00057247052344624853 0.00013372880238516249 0.0014892147880497496 -0.0032251112618975983 -0.00073916677451530571 0.0027008947929806821 -0.00045242691156068514
leaf_weight=28.442999738035724 1612.1705903429829 19.877393820555881 48.82423054141691 30.222193766152486 45.576336101861671 551.21795865168679
leaf_count=462 20089 234 561 283 378 6535
internal_value=-1.69701e-05 -0.00114997 -0.00192177 3.70782e-05 0.001403 -1.70145e-05
internal_weight=2336.33 97.1446 77.2672 2239.19 75.7985 2163.39
internal_count=28542 1257 1023 27285 661 26624
is_linear=0
shrinkage=0.03


Tree=276
num_leaves=7
num_cat=0
split_feature=7 30 45 46 30 4
split_gain=0.192185 0.193038 0.169786 0.339493 0.171541 0.278455
threshold=-0.10750770994707606 1.3367767333984377 0.78888888888888908 28.500000000000004 -4.5000259876251212 -0.058119651656791962
decision_type=2 8 10 10 10 2
left_child=1 -1 4 -4 5 -2
right_child=2 -3 3 -5 -6 -7
leaf_value=-0.00018456998862337201 0.00024634348533326728 -0.0023737907131031574 -0.002855303064159685 6.0100768785638913e-05 3.7868799451119261e-05 0.0017429528235695017
leaf_weight=111.17865667055594 422.92120875246474 45.196480792248622 39.812687650904991 127.73092970924336 1434.0590663959447 144.28087044421409
leaf_count=2583 5995 702 703 1711 14768 2021
internal_value=6.11914e-05 -0.000921958 0.000135985 -0.000754477 0.000213914 0.000650641
internal_weight=2325.18 156.375 2168.8 167.544 2001.26 567.202
internal_count=28483 3285 25198 2414 22784 8016
is_linear=0
shrinkage=0.03


Tree=277
num_leaves=7
num_cat=0
split_feature=47 39 26 49 2 2
split_gain=0.208999 0.428657 0.400984 0.27989 0.301424 0.194426
threshold=5.5000000000000009 3.5000000000000004 -1.4899728894233701 1.0000000180025095e-35 -0.11149064220805976 -0.12433530582624423
decision_type=8 2 8 2 2 2
left_child=1 2 -1 -2 -5 -3
right_child=3 5 -4 4 -6 -7
leaf_value=0.00079815458277942989 1.1584292250187082e-06 -0.00094834079856505565 -0.0035855921168796668 -0.00026942018656673394 0.0036112205217817802 0.00083417265108343087
leaf_weight=21.261621240293607 1982.5704048081097 94.794289926299825 60.722129547444638 30.053201716393232 30.60831456980668 106.07197122694924
leaf_count=279 24335 1402 736 274 247 1201
internal_value=-3.98201e-05 -0.000789434 -0.00248554 6.72903e-05 0.00192261 -1.21244e-05
internal_weight=2326.08 282.85 81.9838 2043.23 60.6615 200.866
internal_count=28474 3618 1015 24856 521 2603
is_linear=0
shrinkage=0.03


Tree=278
num_leaves=7
num_cat=0
split_feature=34 2 35 34 34 4
split_gain=0.13694 0.139525 0.196344 0.149169 0.254737 0.198049
threshold=-8.4152763684590628 -0.19311438320140856 2.5682234073328414 -2.1583308378855386 -0.89277674754460634 -0.020192270523977492
decision_type=8 2 10 10 10 2
left_child=-1 2 3 5 -5 -2
right_child=1 -3 -4 4 -6 -7
leaf_value=0.0011519708072692074 -0.00050264301123688175 0.00011894041038020135 0.00090025503752323797 -0.0030613976113613708 -0.00058510057464229769 0.0024252787469836038
leaf_weight=88.616380923500401 133.04657965086517 1850.4214707365027 65.927410770294955 46.443396091664908 130.51159764471231 14.338170882110715
leaf_count=2134 2794 20002 960 704 1697 273
internal_value=5.78603e-05 9.66358e-06 -0.000498491 -0.000801232 -0.00136401 -8.18028e-05
internal_weight=2329.31 2240.69 390.267 324.34 176.955 147.385
internal_count=28564 26430 6428 5468 2401 3067
is_linear=0
shrinkage=0.03


Tree=279
num_leaves=7
num_cat=0
split_feature=51 46 0 36 0 14
split_gain=0.172073 0.39894 0.321692 0.329912 0.307885 0.225264
threshold=0.36666666666666675 14.500000000000002 0.038817082100946788 0.33133616556447987 -0.17942876463085686 0.11842500643211003
decision_type=2 10 2 10 2 2
left_child=-1 -2 4 -4 -3 -6
right_child=1 2 3 -5 5 -7
leaf_value=-0.00020068291876541782 0.0023522607747354799 0.0011327906469172807 -0.00028234411700390821 0.0028998290300363706 0.00046235529955971971 -0.0021739156514465501
leaf_weight=1975.1911456140806 71.881002753740177 47.831144557218067 58.778626657556742 45.498484145849943 35.764258029405028 97.97039096057415
leaf_count=25178 638 588 508 385 681 590
internal_value=-9.06222e-05 0.000506015 -2.20783e-05 0.00123837 -0.000772834 -0.00148579
internal_weight=2332.92 357.724 285.843 104.277 181.566 133.735
internal_count=28568 3390 2752 893 1859 1271
is_linear=0
shrinkage=0.03


Tree=280
num_leaves=7
num_cat=0
split_feature=23 43 1 18 24 40
split_gain=0.214466 0.187652 0.325203 0.211628 0.27896 0.23381
threshold=0.62378312966976102 1.5000000000000002 1.0000000180025095e-35 1.0000000180025095e-35 2.5000000000000004 1.5000000000000002
decision_type=2 2 2 2 2 2
left_child=1 3 -3 5 -5 -1
right_child=-2 2 -4 4 -6 -7
leaf_value=7.9008747389953826e-05 0.0012005097232689103 0.0025089170729735697 -0.00090385660003337973 -0.002296566711538983 0.00010895525090155878 -0.00062422950881002516
leaf_weight=1376.7058065044112 97.877230456040706 49.965000089723617 36.278233946301043 87.330583426984958 76.721030769869685 604.65430407205713
leaf_count=17535 1105 411 274 868 720 7640
internal_value=-0.000106891 -0.000169331 0.00112858 -0.0002265 -0.00122997 -0.000137656
internal_weight=2329.53 2231.65 86.2432 2145.41 164.052 1981.36
internal_count=28553 27448 685 26763 1588 25175
is_linear=0
shrinkage=0.03


Tree=281
num_leaves=7
num_cat=0
split_feature=51 46 47 39 29 2
split_gain=0.198648 0.592679 0.367493 0.375878 0.243719 0.287901
threshold=0.36666666666666675 14.500000000000002 7.5000000000000009 1.5000000000000002 1.4303988814353945 -0.057791825455069175
decision_type=2 10 8 2 8 2
left_child=2 -2 3 -1 -4 -6
right_child=1 -3 4 -5 5 -7
leaf_value=-0.0025910338861208485 0.0029690579467858071 -1.5425988600228683e-05 -0.00012349959487714934 -0.00045379082533724145 0.0012648372392642395 -0.00061147623797141776
leaf_weight=78.482672457699664 65.81815660034772 284.49465401319321 1043.5174072723894 499.07264044741169 265.46086499502417 93.533923010458238
leaf_count=1093 608 2749 13256 6496 3196 1116
internal_value=-3.61962e-05 0.00061215 -0.000153401 -0.000783372 0.00010973 0.000772652
internal_weight=2330.38 350.313 1980.07 577.555 1402.51 358.995
internal_count=28514 3357 25157 7589 17568 4312
is_linear=0
shrinkage=0.03


Tree=282
num_leaves=7
num_cat=0
split_feature=8 29 3 33 30 14
split_gain=0.211518 0.317505 0.222429 0.360214 0.303539 0.296828
threshold=0.23216899988254566 -3.2995011806488033 -0.05711566095057282 -2.4544758647680278 3.2013901472091679 0.10891123758241884
decision_type=2 10 2 10 10 2
left_child=2 -2 3 5 -4 -1
right_child=1 -3 4 -5 -6 -7
leaf_value=6.1715269716419515e-05 0.0036111348550323082 -0.00032683548965059647 0.00088694458140634838 1.6896928725530978e-05 -0.0010978516240666941 -0.0016718761528818332
leaf_weight=141.17219850985566 25.71155055941199 34.962791431695223 376.49997617508052 1447.9025815873174 75.582038961350918 226.88994812220335
leaf_count=3675 312 357 4129 17930 614 1479
internal_value=4.38069e-07 0.00161676 -4.97089e-05 -0.000198299 0.000538536 -0.0010229
internal_weight=2328.72 60.6743 2268.05 1815.96 452.082 368.062
internal_count=28496 669 27827 23084 4743 5154
is_linear=0
shrinkage=0.03


Tree=283
num_leaves=7
num_cat=0
split_feature=28 46 30 47 28 14
split_gain=0.223736 0.22327 0.222011 0.309291 0.242795 0.265234
threshold=3.8115005493164067 81.500000000000014 -4.5000259876251212 4.5000000000000009 1.0000000180025095e-35 0.31071663281077194
decision_type=10 8 10 8 10 2
left_child=2 -2 3 -1 -4 -6
right_child=1 -3 4 -5 5 -7
leaf_value=-0.0023239460340695739 0.0028018934331871664 -2.3892573237310753e-05 -0.00086013920910267224 0.00049391011161793198 0.00014649404605639502 -0.0010934293391944106
leaf_weight=27.286244355840608 38.020648992387578 52.520105016999878 492.1859089343925 619.56571135421109 914.38913229483296 176.64945143461227
leaf_count=475 317 469 6436 9570 10361 758
internal_value=-6.1472e-05 0.00132339 -0.000123354 0.000341474 -0.000314218 -6.23688e-05
internal_weight=2320.62 90.5408 2230.08 646.852 1583.22 1091.04
internal_count=28386 786 27600 10045 17555 11119
is_linear=0
shrinkage=0.03


Tree=284
num_leaves=7
num_cat=0
split_feature=6 25 8 12 14 43
split_gain=0.193163 0.178513 0.185345 0.297064 0.241727 0.244868
threshold=0.47458193080532401 -0.71295313963611839 0.041646812470044793 2.0377492597316498 0.41385917847164688 1.0000000180025095e-35
decision_type=2 2 2 2 2 2
left_child=1 -1 3 -3 5 -4
right_child=-2 2 4 -5 -6 -7
leaf_value=0.0011798898173381259 0.0016141815834551875 1.130345115593554e-05 -0.00057124806470850462 0.0020281331862748763 -0.0024073468937066624 0.00075634702337969671
leaf_weight=92.38031755835982 54.960754536441527 1300.0108568909636 633.13039530858805 59.235460624098778 43.6148511916399 146.07861105445772
leaf_count=1307 538 17426 7446 263 180 1353
internal_value=1.05812e-06 -4.48174e-05 -0.000101813 0.000113366 -0.000454366 -0.000315933
internal_weight=2329.41 2274.45 2182.07 1359.25 822.824 779.209
internal_count=28513 27975 26668 17689 8979 8799
is_linear=0
shrinkage=0.03


Tree=285
num_leaves=7
num_cat=0
split_feature=36 45 42 7 6 25
split_gain=0.169518 0.194435 0.245775 0.230094 0.189112 0.241054
threshold=0.45996708604285402 0.59166666666666679 1.0000000180025095e-35 0.050227968418992928 0.47458193080532401 0.27951082425192503
decision_type=8 10 2 2 2 2
left_child=4 -2 -3 -4 5 -1
right_child=1 2 3 -5 -6 -7
leaf_value=-0.00013161112310848205 0.00038531489916081524 -0.0014254059534277582 -0.00061577324362467253 0.0031379808734560912 0.0017026297053156386 -0.0011875547393524596
leaf_weight=938.19060918994364 968.016323452699 113.90460528805852 28.865663725649938 15.300532435998319 31.922000235295855 236.55485416002921
leaf_count=11900 10778 1619 431 161 336 3291
internal_value=-3.86392e-05 0.000225062 -0.000720852 0.00102389 -0.000284558 -0.000352472
internal_weight=2332.75 1126.09 158.071 44.1662 1206.67 1174.75
internal_count=28516 12989 2211 592 15527 15191
is_linear=0
shrinkage=0.03


Tree=286
num_leaves=7
num_cat=0
split_feature=15 23 22 10 10 34
split_gain=0.17118 0.222168 0.233269 0.168274 0.208467 0.156682
threshold=1.5000000000000002 0.077797840641934415 -0.038636856252825154 -0.15550802908845909 -0.079735478629532952 3.1821547150611882
decision_type=2 2 2 2 2 10
left_child=3 2 -2 -1 -5 -6
right_child=1 -3 -4 4 5 -7
leaf_value=0.0023000349356183877 -0.0026416798803189203 0.00075970799831025248 -0.00045506798170849837 -0.00082385725954947837 0.00025517848724961219 -0.00076805249097943319
leaf_weight=21.074876227386994 56.586164015374379 64.804887217236683 145.39278375293361 198.97923061641632 1708.6036114904855 136.48181576118805
leaf_count=314 884 704 1943 2799 20784 1098
internal_value=1.51864e-05 -0.000685675 -0.00116339 0.000108595 7.49129e-05 0.000175757
internal_weight=2331.92 266.784 201.979 2065.14 2044.06 1845.09
internal_count=28526 3531 2827 24995 24681 21882
is_linear=0
shrinkage=0.03


Tree=287
num_leaves=7
num_cat=0
split_feature=20 29 37 7 12 7
split_gain=0.238803 0.235502 0.17973 0.169268 0.16903 0.162457
threshold=0.028345673326884206 -6.2152345180511466 -7.2194709498011926 0.13498754378235181 1.4953473712900205 0.093059164733422434
decision_type=2 8 8 2 2 2
left_child=2 -2 -1 4 -3 -4
right_child=1 3 5 -5 -6 -7
leaf_value=0.00171378559145096 0.0015864582380394536 0.00023836959545979922 -0.00014544202730405848 0.0019533426124609451 -0.0012834933321913867 -0.00092853540225036266
leaf_weight=31.950984458686435 121.62146546278382 352.80543103424134 1435.6708183345327 32.215584633057006 70.212725728750229 277.29909249715274
leaf_count=816 1618 4805 18120 278 340 2509
internal_value=-5.58934e-05 0.000468263 -0.000230856 0.000141844 -3.8037e-05 -0.000276864
internal_weight=2321.78 576.855 1744.92 455.234 423.018 1712.97
internal_count=28486 7041 21445 5423 5145 20629
is_linear=0
shrinkage=0.03


Tree=288
num_leaves=7
num_cat=0
split_feature=28 30 40 42 39 27
split_gain=0.185422 0.221416 0.238825 0.428611 0.564609 0.397306
threshold=0.40760128200054174 0.23052542656660083 1.5000000000000002 1.5000000000000002 1.5000000000000002 -0.88634407520294178
decision_type=10 10 2 2 2 10
left_child=1 2 -1 4 -4 -6
right_child=-2 -3 3 -5 5 -7
leaf_value=0.00036833657465255019 0.00037401901337837161 -0.00092417738123562725 -0.0040490957463670185 0.00048438298006164962 0.0024134724865950523 -0.0012487687887263782
leaf_weight=673.5327988089557 1037.348286991124 261.71093723931699 47.651270757371094 170.62932884774636 24.559193268039962 109.49288812183659
leaf_count=10167 10377 2968 792 2075 535 1630
internal_value=7.73627e-05 -0.000162682 3.86315e-05 -0.000584416 -0.00156099 -0.000456858
internal_weight=2324.92 1287.58 1025.87 352.333 181.703 134.052
internal_count=28544 18167 15199 5032 2957 2165
is_linear=0
shrinkage=0.03


Tree=289
num_leaves=7
num_cat=0
split_feature=51 46 28 4 14 35
split_gain=0.165737 0.411154 0.293336 0.182777 0.175323 0.448905
threshold=0.55000000000000016 31.500000000000004 0.68013316392898571 -0.2757664739332531 0.19582980509133244 4.4047221583388163
decision_type=2 10 10 2 2 8
left_child=3 -2 -3 -1 -5 -6
right_child=1 2 -4 4 5 -7
leaf_value=0.0023565349687614499 0.0024050476707696842 -0.0014272904656467882 0.0013477906657115241 7.1078056582620262e-05 -0.0002151710845357997 -0.002481181103181775
leaf_weight=17.120850032486487 74.731092175119556 72.832307753385976 48.795537289697677 1406.7731827516982 621.6996905952692 80.518813729286194
leaf_count=313 643 754 384 22815 3161 409
internal_value=-1.33351e-05 0.000798612 -0.000296151 -9.17107e-05 -0.000122613 -0.000506189
internal_weight=2322.47 196.359 121.628 2126.11 2108.99 702.219
internal_count=28479 1781 1138 26698 26385 3570
is_linear=0
shrinkage=0.03


Tree=290
num_leaves=7
num_cat=0
split_feature=12 14 8 18 24 46
split_gain=0.173983 0.329267 0.189452 0.169456 0.264442 0.262997
threshold=2.1262134057663959 0.41385917847164688 0.04272373492806876 1.0000000180025095e-35 1.5000000000000002 13.500000000000002
decision_type=2 2 2 2 2 10
left_child=1 3 -2 -1 5 -5
right_child=2 -3 -4 4 -6 -7
leaf_value=6.9403938424890881e-05 0.002245824035376388 -0.0022504069438233089 -0.00018800871139053796 -0.0037226525451792398 7.9524583655310165e-05 -5.9440795487690788e-05
leaf_weight=2003.6940892201674 52.3317911028862 50.628725230693817 50.83150015771389 34.50975478370674 102.74462489900179 29.7631228226237
leaf_count=26113 230 208 219 349 980 312
internal_value=-1.16614e-05 -6.98114e-05 0.00113596 -8.86575e-06 -0.000898736 -0.00226271
internal_weight=2324.5 2221.34 103.163 2170.71 167.018 64.2729
internal_count=28411 27962 449 27754 1641 661
is_linear=0
shrinkage=0.03


Tree=291
num_leaves=7
num_cat=0
split_feature=5 30 28 10 28 4
split_gain=0.165496 0.164297 0.21767 0.219328 0.387762 0.267143
threshold=-0.16809133489906505 -5.0865466594696036 0.1359570845961571 -0.035764815073518683 1.028931260108948 -0.17086463003598776
decision_type=2 8 8 2 10 2
left_child=-1 -2 -3 4 -4 -6
right_child=1 2 3 -5 5 -7
leaf_value=-0.0010273432079667994 0.00054851717346312884 -0.00060307667746976965 -0.001675453557004282 0.00033065807500024387 0.0011384495551236423 -0.0011200050180565568
leaf_weight=149.01233281259192 363.93535648210673 603.04907387497951 144.39259003382176 899.77755541761871 121.87154733331408 63.895645615877584
leaf_count=2180 6140 7642 1824 9036 1201 632
internal_value=-9.27244e-05 -2.49634e-05 -0.000141185 8.83216e-05 -0.000562418 0.000344111
internal_weight=2345.93 2196.92 1832.99 1229.94 330.16 185.767
internal_count=28655 26475 20335 12693 3657 1833
is_linear=0
shrinkage=0.03


Tree=292
num_leaves=7
num_cat=0
split_feature=47 31 6 3 27 28
split_gain=0.203853 0.215337 0.367711 0.329593 0.237983 0.215549
threshold=4.5000000000000009 7.1176422238349923 -0.14155611239123753 -0.21412442350750885 2.4085525274276738 1.5649611949920657
decision_type=8 10 2 2 10 10
left_child=-1 4 -3 -4 5 -2
right_child=1 2 3 -5 -6 -7
leaf_value=-0.0013272704434845962 -0.00021826705237195417 -0.0010029253146081559 -0.00065604369517637353 0.0015067737444473821 -0.0014179106269368302 0.00055372882845785524
leaf_weight=92.638000476930756 1239.9578059973719 91.332999539066805 74.695843000634341 283.06012513895985 106.84494675439782 430.12881029950222
leaf_count=1239 14252 2123 1569 4153 1101 3885
internal_value=-2.00265e-05 4.00682e-05 0.000619448 0.00104964 -0.000109007 -1.7328e-05
internal_weight=2318.66 2226.02 449.089 357.756 1776.93 1670.09
internal_count=28322 27083 7845 5722 19238 18137
is_linear=0
shrinkage=0.03


Tree=293
num_leaves=7
num_cat=0
split_feature=3 29 47 9 36 28
split_gain=0.177716 0.248264 0.273691 0.246824 0.238456 0.228734
threshold=-0.30325888206374413 -6.2983288764953604 9.5000000000000018 -0.12268658923562033 0.49457321395831461 0.96234637498855602
decision_type=2 8 10 2 10 10
left_child=-1 5 3 4 -3 -2
right_child=1 2 -4 -5 -6 -7
leaf_value=-0.00092857294169072465 8.4990734451400303e-05 0.0033749801399310434 0.0012906511617193767 -0.00026439019120017308 -0.00084457012986824441 0.0014893647206781909
leaf_weight=169.94237867929041 239.69559099490289 22.938362273736857 108.2371952959802 1611.5097018626839 13.784953419701194 176.67814577458194
leaf_count=2820 3657 376 1156 18657 161 1820
internal_value=-2.24695e-05 5.23279e-05 -0.000104746 -0.00020361 0.00194931 0.000701858
internal_weight=2342.79 2172.84 1756.47 1648.23 36.7233 416.374
internal_count=28647 25827 20350 19194 537 5477
is_linear=0
shrinkage=0.03


Tree=294
num_leaves=7
num_cat=0
split_feature=8 30 26 35 10 28
split_gain=0.166958 0.172768 0.213799 0.352534 0.190988 0.184265
threshold=-0.22904671692901882 -4.5000259876251212 0.18547734618186953 -1.3333392848098087 -0.017123426047182189 0.15307510644197467
decision_type=2 8 10 10 2 8
left_child=-1 2 3 4 -2 -3
right_child=1 5 -4 -5 -6 -7
leaf_value=-0.0017645514347050231 -0.00039891202965049372 -0.00053807841738708171 0.001371900996977356 -0.0011110578860156093 0.0017887323318664327 9.7215331820717872e-05
leaf_weight=38.234860406722873 51.604295260127401 593.80370275638415 164.00551070729853 122.77535713627003 88.616597176471259 1278.8687330656103
leaf_count=1132 986 7425 2381 2034 1546 13095
internal_value=-1.77552e-05 1.88015e-05 0.00055611 1.57617e-05 0.00101067 -0.000106017
internal_weight=2337.91 2299.67 427.002 262.996 140.221 1872.67
internal_count=28599 27467 6947 4566 2532 20520
is_linear=0
shrinkage=0.03


Tree=295
num_leaves=7
num_cat=0
split_feature=20 24 8 26 46 37
split_gain=0.162076 0.290494 0.296952 0.322267 0.222052 0.158366
threshold=0.034174533879059242 1.5000000000000002 -0.024903169450146017 -2.3437330722808833 18.500000000000004 -8.7989677350968112
decision_type=2 2 2 8 10 8
left_child=5 2 -2 -4 -5 -1
right_child=1 -3 3 4 -6 -7
leaf_value=0.0020565358448312201 -0.001985744968344064 0.00098188822083337805 -0.0020388058790302786 0.002037933768475636 -0.00043389750528952245 -0.00015762221899755493
leaf_weight=19.588980481552426 62.383936884638388 348.0292350423988 30.097515003115404 69.443254819489084 50.555403754347935 1761.873283709574
leaf_count=518 936 4162 379 744 550 21319
internal_value=1.83876e-05 0.000458683 -0.00040391 0.000336512 0.00104328 -0.000121932
internal_weight=2341.97 560.509 212.48 150.096 119.999 1781.46
internal_count=28608 6771 2609 1673 1294 21837
is_linear=0
shrinkage=0.03


Tree=296
num_leaves=7
num_cat=0
split_feature=22 0 27 10 2 23
split_gain=0.148185 0.191292 0.177605 0.212701 0.218536 0.144541
threshold=-0.15768213182079982 -1.0000000180025095e-35 0.18882738053798678 -0.01853700636792854 -0.070900737467739991 0.15749216999142071
decision_type=2 2 10 2 2 2
left_child=1 5 3 -3 -5 -1
right_child=-2 2 -4 4 -6 -7
leaf_value=-0.0025124336042125985 0.00013332650468382901 -0.00099702672974784226 -0.001089362016334784 0.0031028887715104218 -0.00061084552611432631 0.00051612817587891433
leaf_weight=53.157516975858016 2116.312106706464 27.67721194261685 66.138231744233053 32.602523785200901 17.157456285029184 14.413900015904799
leaf_count=918 25404 416 852 462 268 198
internal_value=5.66898e-05 -0.000682731 -3.19413e-05 0.000892489 0.00193444 -0.00188315
internal_weight=2327.46 211.147 143.575 77.4372 49.76 67.5714
internal_count=28518 3114 1998 1146 730 1116
is_linear=0
shrinkage=0.03


Tree=297
num_leaves=7
num_cat=0
split_feature=22 31 46 31 34 35
split_gain=0.145663 0.210017 0.275083 0.206803 0.260298 0.190908
threshold=-0.15768213182079982 0.57824797928333294 45.500000000000007 -0.45680424571037287 1.4619909723599755 -1.4517834591497845
decision_type=2 8 8 10 8 8
left_child=-1 2 3 4 -2 -3
right_child=1 5 -4 -5 -6 -7
leaf_value=-0.00074206376461462221 0.0023902316148211224 0.00092968357108231625 -0.00090830475082097199 -0.00089887010888572494 -0.00085962444887220202 7.8532180565261907e-05
leaf_weight=212.07867816145881 62.078308135271072 277.72351486467232 352.46841382957064 43.65612352732569 25.913974870461971 1363.0099900680652
leaf_count=3132 525 4400 3002 358 178 16932
internal_value=-1.08779e-05 6.5235e-05 -0.000477722 0.000657836 0.00144309 0.000227364
internal_weight=2336.93 2124.85 484.117 131.648 87.9923 1640.73
internal_count=28527 25395 4063 1061 703 21332
is_linear=0
shrinkage=0.03


Tree=298
num_leaves=7
num_cat=0
split_feature=7 14 31 23 35 2
split_gain=0.158336 0.525904 0.413223 0.220022 0.291477 0.189509
threshold=0.081556182558951265 0.10786888036898733 2.0752831101417546 0.54077549956998283 0.97751699363568234 -0.034696892541522736
decision_type=2 2 8 2 10 2
left_child=3 2 -2 5 -5 -1
right_child=1 -3 -4 4 -6 -7
leaf_value=0.00015327349799017914 -0.0015945588876095462 -0.0011676541646487315 0.0020094589840692809 0.0033118309465283561 -0.0009336474657995038 -0.00062624815757181165
leaf_weight=1484.4336582146061 31.174529106589034 332.20859450101852 93.161134749097982 30.526182650064584 17.106860505882651 335.59333748457721
leaf_count=19271 493 1960 1835 420 210 4215
internal_value=-5.84357e-05 -0.00055287 0.0010544 6.47282e-05 0.00188967 6.90147e-06
internal_weight=2324.2 456.544 124.336 1867.66 47.633 1820.03
internal_count=28404 4288 2328 24116 630 23486
is_linear=0
shrinkage=0.03


Tree=299
num_leaves=7
num_cat=0
split_feature=28 44 2 24 35 6
split_gain=0.219668 0.207468 0.155019 0.401516 0.160944 0.207613
threshold=3.8115005493164067 5.5000000000000009 -0.31590719059422395 3.5000000000000004 -3.9946261004855228 0.12170539104603485
decision_type=10 8 2 2 8 2
left_child=2 -2 3 -1 5 -4
right_child=1 -3 4 -5 -6 -7
leaf_value=-0.0028151730742223312 0.002415037149472896 -0.00023158939327125067 0.0017687507232028985 0.0008805953546935088 -0.00014164431804839555 -0.00088184820559810599
leaf_weight=51.719677239598241 50.528885795501992 44.768755439203233 77.092337013367796 39.76035678590415 2032.7878466477414 31.052929496683646
leaf_count=1363 404 414 1154 997 23827 395
internal_value=-7.18414e-05 0.00126779 -0.000134427 -0.00128038 -7.97361e-05 0.000997435
internal_weight=2327.71 95.2976 2232.41 91.48 2140.93 108.145
internal_count=28554 818 27736 2360 25376 1549
is_linear=0
shrinkage=0.03


Tree=300
num_leaves=7
num_cat=0
split_feature=25 26 47 7 46 31
split_gain=0.187309 0.242205 0.26184 0.23292 0.20636 0.200971
threshold=-0.22657850729932286 0.46265418827533727 6.5000000000000009 0.13190552335520442 65.500000000000014 7.1807017922401437
decision_type=2 8 10 2 8 10
left_child=1 3 -3 4 -1 -4
right_child=-2 2 5 -5 -6 -7
leaf_value=0.0024759035667006892 -0.00013524319659649086 0.00046533024490265243 -0.0025355942041184634 -0.00085689760169525364 0.00066283063830281208 0.00065311482043346736
leaf_weight=92.805593929952011 1817.6024283765582 157.43308211947442 48.855470846407115 40.818084869126324 149.2263341100188 20.536608118796721
leaf_count=1297 21999 1914 465 386 2193 327
internal_value=7.69363e-06 0.000510228 -0.000216945 0.00108086 0.0014287 -0.0016285
internal_weight=2327.28 509.675 226.825 282.85 242.032 69.3921
internal_count=28581 6582 2706 3876 3490 792
is_linear=0
shrinkage=0.03


Tree=301
num_leaves=7
num_cat=0
split_feature=26 43 25 29 26 25
split_gain=0.197326 0.235867 0.234419 0.225211 0.217795 0.221914
threshold=2.2174268960952763 1.5000000000000002 0.77179187551235173 -6.3736929893493643 1.5984305739402773 0.24999923861273435
decision_type=8 2 2 8 10 2
left_child=2 3 4 -2 5 -1
right_child=1 -3 -4 -5 -6 -7
leaf_value=0.00011254801918615429 0.00042868049671155472 0.0019849831445641697 0.001545150636798171 -0.00092424296155029623 0.0011247001335188244 -0.00083195136738189622
leaf_weight=1201.5880482691573 138.1883543493168 23.609734602505341 90.272153829224408 461.26496267993934 143.57608830049867 264.6972638645675
leaf_count=14781 1730 180 1429 5418 1615 3299
internal_value=-2.99304e-05 -0.000482295 0.000137703 -0.000610445 4.9729e-05 -6.24357e-05
internal_weight=2323.2 623.063 1700.13 599.453 1609.86 1466.29
internal_count=28452 7328 21124 7148 19695 18080
is_linear=0
shrinkage=0.03


Tree=302
num_leaves=7
num_cat=0
split_feature=23 22 14 24 29 14
split_gain=0.157224 0.279611 0.236201 0.208751 0.183645 0.153573
threshold=-0.3021662770987818 0.075882441939995576 0.37533345012189662 2.5000000000000004 -1.5719958543777464 0.027661524865742027
decision_type=2 2 2 2 8 2
left_child=1 2 3 4 -1 -2
right_child=5 -3 -4 -5 -6 -7
leaf_value=-0.00068139680242372297 -0.0012933520477738459 0.0010497527975775638 -0.0036347538939063826 -0.0011603800417081377 0.001823978358934746 0.00010512002178782314
leaf_weight=48.530601261474658 63.436736615738482 68.213450147479307 17.77353572845459 226.17830121717998 39.116500763630029 1877.7258604932576
leaf_count=820 4733 997 75 3420 525 18035
internal_value=-5.94386e-05 -0.000593435 -0.000952291 -0.000692817 0.000509026 5.30239e-05
internal_weight=2340.97 399.812 331.599 313.825 87.6471 1941.16
internal_count=28605 5837 4840 4765 1345 22768
is_linear=0
shrinkage=0.03


Tree=303
num_leaves=7
num_cat=0
split_feature=49 2 2 2 26 47
split_gain=0.186656 0.203349 0.152672 0.232752 0.225086 0.220531
threshold=1.0000000180025095e-35 -0.11149064220805976 -0.05645328161161102 0.045092583946012975 1.4195226430892947 7.5000000000000009
decision_type=2 2 2 2 10 10
left_child=2 -2 -1 5 -5 -4
right_child=1 -3 3 4 -6 -7
leaf_value=0.00015366055486167122 -0.00021044611904070707 0.0026124850993894905 -0.0011475277792819269 0.0012418508843725919 -0.0011005282250859403 0.00043069227359067479
leaf_weight=1678.538174058398 38.397409583092667 42.441303050378338 319.73880623962032 112.14695402601501 44.01156836503651 99.188760633114725
leaf_count=21024 365 356 3971 1298 457 1103
internal_value=6.27726e-05 0.00139607 8.99048e-06 -0.000408676 0.000555175 -0.000772526
internal_weight=2334.46 80.8387 2253.62 575.086 156.159 418.928
internal_count=28574 721 27853 6829 1755 5074
is_linear=0
shrinkage=0.03


Tree=304
num_leaves=7
num_cat=0
split_feature=26 23 24 47 36 35
split_gain=0.166586 0.151798 0.142805 0.197006 0.275662 0.164366
threshold=-7.4371142387390128 0.89400588103304024 7.5000000000000009 4.5000000000000009 0.45996708604285402 -1.1791005180217324
decision_type=8 2 2 8 10 10
left_child=-1 2 3 4 -2 -4
right_child=1 -3 5 -5 -6 -7
leaf_value=0.0020990732433761091 -0.0027124521032412924 0.001714448911209959 0.0020903803324339265 -5.2014271504037304e-05 0.00055837259845028565 0.00011054668473244289
leaf_weight=24.099708167137578 48.974788149935193 34.893547214393038 47.776720731286332 2028.8404913284612 33.425656696141232 112.32083926658379
leaf_count=407 696 384 658 24603 389 1411
internal_value=1.75512e-05 -1.31689e-05 -4.71083e-05 -0.000113975 -0.00146881 0.000789532
internal_weight=2330.33 2306.23 2271.34 2111.24 82.4004 160.098
internal_count=28548 28141 27757 25688 1085 2069
is_linear=0
shrinkage=0.03


Tree=305
num_leaves=7
num_cat=0
split_feature=47 23 51 46 28 5
split_gain=0.184528 0.285113 0.175687 0.430842 0.368833 0.27953
threshold=4.5000000000000009 -0.019316289553055418 0.36666666666666675 14.500000000000002 2.5651172399520878 0.0096641171071157866
decision_type=8 2 2 10 10 2
left_child=1 -1 -2 -4 5 -5
right_child=2 -3 3 4 -6 -7
leaf_value=0.00083752607796490884 -2.3949413856544728e-05 -0.0023388395552591998 0.002808488418173881 -0.00081417966498736232 0.0027859435414911578 0.0016209356771934936
leaf_weight=33.739108787558507 1906.8879075466393 58.959813485154882 60.358704056590796 185.97690122656059 30.893778562545776 44.381223067408428
leaf_count=488 24255 731 526 1894 217 384
internal_value=2.98369e-05 -0.00121377 8.67586e-05 0.000724095 0.000156739 -0.000297106
internal_weight=2321.2 92.6989 2228.5 321.611 261.252 230.358
internal_count=28495 1219 27276 3021 2495 2278
is_linear=0
shrinkage=0.03


Tree=306
num_leaves=7
num_cat=0
split_feature=10 27 8 31 39 10
split_gain=0.207802 0.191403 0.155043 0.269899 0.318705 0.384492
threshold=-0.13167212107272711 0.31001646816730505 0.20005708872711428 2.2753836363554005 6.5000000000000009 -0.0077781594008215693
decision_type=2 8 2 8 2 2
left_child=1 -1 -2 -4 5 -5
right_child=2 -3 3 4 -6 -7
leaf_value=-0.00025269603351507316 -0.0001477863175796167 0.0030861833293922706 -0.00088882729685554667 -0.00025988104673220209 -0.00059138750981147696 0.00518937129339759
leaf_weight=24.63168637623312 2177.4640476486529 25.972249742335407 37.347480763448402 16.154967890470289 23.648735680733807 24.763898273784434
leaf_count=397 26609 387 288 199 299 315
internal_value=-4.67478e-05 0.00168744 -9.24508e-05 0.000997385 0.0020613 0.00340946
internal_weight=2329.98 50.6039 2279.38 101.915 64.5676 40.9189
internal_count=28494 784 27710 1101 813 514
is_linear=0
shrinkage=0.03


Tree=307
num_leaves=7
num_cat=0
split_feature=0 5 46 28 36 3
split_gain=0.198782 0.232277 0.232892 0.25747 0.220661 0.337239
threshold=-0.084840280120375242 0.024404815021584359 31.500000000000004 1.4018757939338686 0.45996708604285402 -0.11272404045731658
decision_type=2 2 10 10 10 2
left_child=1 2 -1 -4 -2 -6
right_child=4 -3 3 -5 5 -7
leaf_value=-0.00010338565420658734 -3.1916734770182534e-05 0.0010708129257853997 -0.0019374123891744567 0.00027518727152542631 0.0011844873679880408 -0.00024557716797872346
leaf_weight=361.74415218281501 1036.0526317081531 78.566141813294962 158.49321987954318 62.672871272894554 404.97254882162088 226.41702256177086
leaf_count=5522 12271 999 2524 692 4374 2147
internal_value=6.41523e-05 -0.00037237 -0.000581665 -0.00132564 0.000238509 0.000675831
internal_weight=2328.92 661.476 582.91 221.166 1667.44 631.39
internal_count=28529 9737 8738 3216 18792 6521
is_linear=0
shrinkage=0.03


Tree=308
num_leaves=7
num_cat=0
split_feature=0 2 7 31 2 7
split_gain=0.175476 0.145515 0.272542 0.241473 0.231304 0.229013
threshold=0.49137279211970858 -0.05645328161161102 -0.023151040652162211 7.3192882537841806 -0.030785707475686205 0.019898932340092077
decision_type=2 2 2 8 2 2
left_child=1 5 -3 -4 -5 -1
right_child=-2 2 3 4 -6 -7
leaf_value=0.00041490224205024056 0.0018772797600419551 -0.0020086870307669293 -0.00057701765994833283 0.0026279780781188456 6.0040437336698297e-05 -0.00027779999826748269
leaf_weight=934.0152778243355 33.796059570275247 75.867078765775659 368.18770594286616 35.655236503342167 103.89329724464915 778.88484764905297
leaf_count=13221 353 1107 3642 469 1661 8003
internal_value=-3.9066e-06 -3.96098e-05 -0.000444543 -0.000176541 0.000848013 0.000100135
internal_weight=2330.3 2296.5 583.603 507.736 139.549 1712.9
internal_count=28456 28103 6879 5772 2130 21224
is_linear=0
shrinkage=0.03


Tree=309
num_leaves=7
num_cat=0
split_feature=47 24 1 26 3 33
split_gain=0.174962 0.244807 0.249352 0.222256 0.165849 0.17279
threshold=4.5000000000000009 5.5000000000000009 -0.077654236753787284 1.0368596315383913 -0.32425502173703141 3.4261779387791957
decision_type=8 2 2 10 2 10
left_child=1 2 -1 -4 -2 -6
right_child=4 -3 3 -5 5 -7
leaf_value=0.00098296381667074828 -0.00099596653767218047 0.0012750546212260334 -0.0037322306605850944 0.00010878046178295932 0.00012853507675427691 -0.0015859366328828013
leaf_weight=15.24921588168945 125.83461832246394 20.074737113434821 42.454501210770104 17.536992530105636 2070.1620614918356 44.312018465483561
leaf_count=281 2136 259 516 178 24729 463
internal_value=-3.56661e-05 -0.00123069 -0.00197039 -0.00275429 2.04201e-05 8.53098e-05
internal_weight=2335.62 95.3154 75.2407 59.9915 2240.31 2114.47
internal_count=28562 1234 975 694 27328 25192
is_linear=0
shrinkage=0.03


Tree=310
num_leaves=7
num_cat=0
split_feature=0 26 33 8 28 13
split_gain=0.162487 0.127645 0.163353 0.390299 0.224594 0.207799
threshold=0.46586906684600954 -6.9871046543121329 -2.4900540883342424 0.026907995403980391 -1.4630386233329771 2.4414009612931857
decision_type=2 8 8 2 10 2
left_child=1 -1 3 4 -3 -6
right_child=-2 2 -4 -5 5 -7
leaf_value=0.0016356319729240332 0.0017010221079408971 -0.00197566997072539 3.4889541437342034e-05 -0.0020163575150318851 0.0017628584441663109 -0.0011923491980571103
leaf_weight=31.13309847417986 40.419556059525348 18.470903172128601 2030.8265818492218 107.94081869968795 72.367399750859477 21.063115825294517
leaf_count=503 421 539 24428 1269 885 351
internal_value=1.64439e-05 -2.06885e-05 -5.07339e-05 -0.000808798 0.000425876 0.00104576
internal_weight=2322.22 2281.8 2250.67 219.842 111.901 93.4305
internal_count=28396 27975 27472 3044 1775 1236
is_linear=0
shrinkage=0.03


Tree=311
num_leaves=7
num_cat=0
split_feature=28 31 24 4 33 8
split_gain=0.216992 0.267897 0.210208 0.308602 0.335479 0.288527
threshold=0.40760128200054174 1.0388142168521883 3.5000000000000004 -0.17155372068330851 0.6010508959492048 -0.063455167567468523
decision_type=10 8 2 2 10 2
left_child=1 -1 3 4 -3 -5
right_child=-2 2 -4 5 -6 -7
leaf_value=-0.0011960529348658184 0.00036733827719800916 -0.0023099724431642115 0.00058941423517021232 -0.0013860505105242897 0.00082780726917057847 0.00029382490001175586
leaf_weight=200.01287426974159 1024.629249296966 105.87812487973133 334.93981551908655 101.74858141652658 35.84846872050548 511.17538439547934
leaf_count=1875 10290 2013 4924 2028 538 6760
internal_value=4.33297e-05 -0.000214951 -2.56132e-05 -0.000302722 -0.00151405 -2.81715e-06
internal_weight=2314.23 1289.6 1089.59 754.651 141.727 612.924
internal_count=28428 18138 16263 11339 2551 8788
is_linear=0
shrinkage=0.03


Tree=312
num_leaves=7
num_cat=0
split_feature=16 2 1 1 2 37
split_gain=0.169073 0.218438 0.186884 0.210168 0.195572 0.184726
threshold=1.0000000180025095e-35 -0.070900737467739991 0.0049066969712198661 -0.08387649209406163 -0.10961568294194646 1.0860065973940356
decision_type=2 2 2 2 2 8
left_child=-1 2 3 -2 -5 -4
right_child=1 -3 5 4 -6 -7
leaf_value=8.4808764794351755e-05 0.0007407402216037779 -0.0022392827994060162 -0.00063604257186021377 -0.002477712772238998 0.00021638775524170898 0.002133794601556438
leaf_weight=2055.4546067588235 44.926757811394054 54.286181667470373 32.617977130925283 61.785336769127753 34.353910189413 38.578112042509019
leaf_count=24943 793 702 379 888 416 330
internal_value=-8.49774e-06 -0.000705068 -0.000229596 -0.000844527 -0.00158533 0.000942765
internal_weight=2322 266.548 212.262 141.066 96.1392 71.1961
internal_count=28451 3508 2806 2097 1304 709
is_linear=0
shrinkage=0.03


Tree=313
num_leaves=7
num_cat=0
split_feature=31 6 3 35 29 29
split_gain=0.222926 0.350959 0.207626 0.176373 0.160439 0.141466
threshold=7.1176422238349923 -0.14553733222604745 -0.21412442350750885 4.0981009633026346 -22.315703392028805 -9.7084474563598615
decision_type=10 2 2 10 10 8
left_child=3 -2 -3 5 -4 -1
right_child=1 2 4 -5 -6 -7
leaf_value=0.0018604855165212644 -0.0009686541095349834 -0.00035649407990145211 -0.0010702155472471471 -0.0015330985022462 0.0015086628646952202 -0.00010482685781021755
leaf_weight=23.603351673809811 95.011050809684093 77.348656710557407 16.490014708833769 67.278958848444745 287.63384216584382 1755.0025270642363
leaf_count=237 2267 1625 188 591 4294 19271
internal_value=2.00839e-05 0.000591634 0.000995063 -0.000129845 0.00133921 -6.84897e-05
internal_weight=2322.37 476.484 381.473 1845.88 304.124 1778.61
internal_count=28473 8374 6107 20099 4482 19508
is_linear=0
shrinkage=0.03


Tree=314
num_leaves=7
num_cat=0
split_feature=10 28 4 27 17 28
split_gain=0.177127 0.214403 0.172081 0.296828 0.196056 0.202279
threshold=-0.13167212107272711 0.057958602905273444 -0.20708680384658804 1.4200268387794497 1.5000000000000002 3.0939124822616582
decision_type=2 8 2 10 2 8
left_child=1 -1 3 -2 -4 -6
right_child=2 -3 4 -5 5 -7
leaf_value=-0.00065330488117894855 -0.0015010264600131184 0.0028345612483433652 0.00010384766229080302 0.0015604333937263605 -0.00039919867717415884 -0.0032939786602362688
leaf_weight=20.523539097601315 138.46010499677504 31.733648630441166 2002.5014409561845 26.668785527173895 94.204213989723939 19.719324004137889
leaf_count=411 2021 391 23684 356 1400 272
internal_value=9.52562e-07 0.00157982 -4.19466e-05 -0.000945723 3.26842e-05 -0.00112564
internal_weight=2333.81 52.2572 2281.55 165.129 2116.42 113.924
internal_count=28535 802 27733 2377 25356 1672
is_linear=0
shrinkage=0.03


Tree=315
num_leaves=7
num_cat=0
split_feature=47 6 34 29 27 35
split_gain=0.14617 0.290313 0.344106 0.197513 0.171905 0.163524
threshold=8.5000000000000018 0.044322262855802583 -0.36264456311861665 -2.5405974388122554 0.4949300885200501 -1.0333654303103683
decision_type=10 2 8 8 10 10
left_child=-1 5 4 -4 -3 -2
right_child=1 2 3 -5 -6 -7
leaf_value=-7.0635758701841252e-05 0.0010074406884350035 0.001018258451926267 0.00087278354633901203 0.0043209824595854193 -0.0017989357522377937 -0.00096820646388374575
leaf_weight=2065.6555569900811 49.151234264019877 44.556668216653634 32.098037279676646 34.286859020823613 20.33234625402838 95.392769873025827
leaf_count=25468 722 509 278 319 233 1130
internal_value=1.70216e-05 0.000653008 0.00162162 0.00298626 1.31775e-05 -0.000274683
internal_weight=2341.47 275.818 131.274 66.3849 64.889 144.544
internal_count=28659 3191 1339 597 742 1852
is_linear=0
shrinkage=0.03


Tree=316
num_leaves=7
num_cat=0
split_feature=10 7 12 33 3 10
split_gain=0.204413 0.282059 0.358512 0.264248 0.21499 0.20314
threshold=0.050267501686341261 0.081556182558951265 1.1816921222539476 0.23482369879881546 -0.0055589491650955202 0.11659482755027885
decision_type=2 2 2 8 2 2
left_child=1 -1 -3 5 -5 -2
right_child=3 2 -4 4 -6 -7
leaf_value=1.8045990442268373e-05 0.00030307947340198454 -0.00015368409967406448 -0.0022332980905991427 0.0014760125010469234 -0.0010854043164435325 -0.0014956180104855022
leaf_weight=1484.1300680765708 240.33092520559148 193.2079917890369 113.2259132489562 231.25454260178958 26.297172034624964 63.041905038408004
leaf_count=19260 2915 2293 565 2643 261 753
internal_value=1.63372e-06 -0.000155211 -0.000968386 0.000496256 0.00118369 -0.000106495
internal_weight=2351.49 1790.56 306.434 560.925 257.552 303.373
internal_count=28690 22118 2858 6572 2904 3668
is_linear=0
shrinkage=0.03


Tree=317
num_leaves=7
num_cat=0
split_feature=27 12 31 14 14 1
split_gain=0.157441 0.160119 0.14229 0.162367 0.261826 0.246148
threshold=3.2658895254135136 0.87782372410951004 4.8141577243804941 0.34198608790104729 0.21367782318285913 0.032399639102363459
decision_type=10 2 10 2 2 2
left_child=2 -2 -1 4 5 -4
right_child=1 -3 3 -5 -6 -7
leaf_value=-0.00013968217643641257 -0.0022598796331315674 0.00028546021834572607 -0.00010277558858908531 -0.0013576157902053135 0.0017569185882548822 0.0013509272770481887
leaf_weight=1503.2913196241716 45.087262773304246 33.923725079745054 479.0560916091199 36.979109793901443 109.15277247130871 123.77384194018668
leaf_count=15585 756 200 9523 156 571 1766
internal_value=-2.02088e-05 -0.00125773 2.85724e-05 0.000363678 0.000470645 0.000212874
internal_weight=2331.26 79.011 2252.25 748.962 711.983 602.83
internal_count=28557 956 27601 12016 11860 11289
is_linear=0
shrinkage=0.03


Tree=318
num_leaves=7
num_cat=0
split_feature=2 27 11 39 47 28
split_gain=0.181135 0.237568 0.216447 0.294282 0.352502 0.228979
threshold=-0.12572700109751672 1.5393496155738833 0.043666553838990978 2.5000000000000004 7.5000000000000009 -0.9029862880706786
decision_type=2 8 2 2 10 10
left_child=1 -1 -2 4 -4 -5
right_child=2 -3 3 5 -6 -7
leaf_value=-7.0491276271081573e-05 -5.6765509261061445e-05 -0.0011325951122824632 0.0007339127563270447 0.0017585608287483225 0.0047323177295348776 -0.00012089803254924044
leaf_weight=746.77970844958327 948.81040674977703 244.6928643224237 59.921505118429195 65.95505315536866 23.619644635124132 246.8086268012994
leaf_count=10483 10591 3286 630 936 251 2425
internal_value=-3.54977e-05 -0.000341308 0.000190767 0.000770208 0.00224944 0.000317644
internal_weight=2336.59 991.473 1345.12 396.305 83.5411 312.764
internal_count=28602 13769 14833 4242 881 3361
is_linear=0
shrinkage=0.03


Tree=319
num_leaves=7
num_cat=0
split_feature=36 47 1 8 37 46
split_gain=0.180459 0.296881 0.28769 0.255705 0.21748 0.328292
threshold=0.42825345788464614 4.5000000000000009 -0.014956600104410715 0.19344850867118132 -1.1367969527426689 299.50000000000006
decision_type=10 8 2 2 10 8
left_child=1 2 -1 -3 5 -2
right_child=4 3 -4 -5 -6 -7
leaf_value=0.0002890113838515367 -0.00011301278779434488 -0.00029720637357818748 -0.0037436061828650508 0.0015128705538833579 2.072956983465368e-05 0.0024771299954383951
leaf_weight=23.348010886576958 85.95946960861329 1279.3513976514223 32.398992734146304 64.422812625882216 763.92165052497876 78.551811481826007
leaf_count=412 1332 16442 396 733 7876 1236
internal_value=-8.34686e-05 -0.00029776 -0.00226759 -0.000199894 0.000239285 0.00119482
internal_weight=2327.95 1399.52 55.747 1343.77 928.433 164.511
internal_count=28427 17983 808 17175 10444 2568
is_linear=0
shrinkage=0.03


Tree=320
num_leaves=7
num_cat=0
split_feature=31 22 5 14 26 33
split_gain=0.13525 0.216702 0.19503 0.239715 0.189897 0.281613
threshold=4.4362272322177896 0.01524276036705772 0.02352343265814056 0.34198608790104729 0.49525988101959234 -0.777766707042853
decision_type=10 2 2 2 10 10
left_child=4 2 3 -2 5 -1
right_child=1 -3 -4 -5 -6 -7
leaf_value=-0.00036481090087453109 -0.0001131383972532411 0.00094396816440169647 0.0012470038314324411 -0.0026043532833631981 -0.00074879776204396303 0.00066080279047017211
leaf_weight=683.13522211764939 491.62834205447871 261.58865137872635 76.229140650655609 27.506779491901398 434.86099564697361 359.34351498779142
leaf_count=7703 8243 4006 1044 116 3929 3490
internal_value=-5.64973e-05 0.00024161 -7.74844e-05 -0.000291862 -0.000229881 -8.36127e-06
internal_weight=2334.29 856.953 595.364 519.135 1477.34 1042.48
internal_count=28531 13409 9403 8359 15122 11193
is_linear=0
shrinkage=0.03


Tree=321
num_leaves=7
num_cat=0
split_feature=15 37 33 12 50 22
split_gain=0.241717 0.202595 0.394915 0.386726 0.261101 0.24313
threshold=1.5000000000000002 0.68012543760791955 -1.803974527865648 0.55803047731793887 0.90454545454545465 -0.12222250240848485
decision_type=2 10 8 2 2 2
left_child=1 2 3 -1 -4 -3
right_child=-2 5 4 -5 -6 -7
leaf_value=0.00047716312238358033 -0.00080238937458704544 -0.0012630644266729205 0.00085401033787200738 -0.0022696474978724057 -0.0014372841528018901 3.4761866960226951e-05
leaf_weight=91.982873754648608 269.1818791225669 140.54308019793825 764.61289634104469 77.180069781839848 38.628291802480817 944.40643515979173
leaf_count=2553 3564 1498 10954 539 321 9053
internal_value=2.62987e-05 0.00013808 0.000450354 -0.000832793 0.000727502 -0.000143357
internal_weight=2326.54 2057.35 972.404 169.163 803.241 1084.95
internal_count=28482 24918 14367 3092 11275 10551
is_linear=0
shrinkage=0.03


Tree=322
num_leaves=7
num_cat=0
split_feature=47 31 27 28 7 12
split_gain=0.15207 0.268997 0.244156 0.152305 0.147439 0.140621
threshold=9.5000000000000018 2.9179838895797734 0.12005421146750452 3.8115005493164067 0.024357494096714252 1.2703982667234479
decision_type=10 10 10 10 2 2
left_child=3 2 -2 -1 -3 -5
right_child=1 4 -4 5 -6 -7
leaf_value=-7.2144890631558323e-05 0.0033423524953923754 -0.0016537453959014833 4.0300985637021175e-05 0.00010280464985058955 0.0009994769906650461 0.0024126336706167721
leaf_weight=2116.2584689169162 42.275784188648686 32.306906943093054 33.198493050411344 54.369532428216189 25.091135622700676 33.410522483289242
leaf_count=26309 397 508 280 596 307 165
internal_value=4.2407e-05 0.000990906 0.00206454 -1.89913e-05 -0.000517702 0.00113879
internal_weight=2336.91 132.872 75.4743 2204.04 57.398 87.7801
internal_count=28562 1492 677 27070 815 761
is_linear=0
shrinkage=0.03


Tree=323
num_leaves=7
num_cat=0
split_feature=14 27 17 27 1 6
split_gain=0.163431 0.358727 0.155033 0.161331 0.161331 0.18553
threshold=0.41385917847164688 2.1409999492153119e-14 1.5000000000000002 -0.36287315189838404 0.0049066969712198661 -0.10024831316860948
decision_type=2 10 2 8 2 2
left_child=2 -2 -1 -4 5 -5
right_child=1 -3 3 4 -6 -7
leaf_value=0.00012879438512211251 -0.0027593924033608164 0.00046461470926282395 0.0010093454219636318 0.00031131965318577051 0.00023169371938475773 -0.0030553115069249038
leaf_weight=2121.0539461894659 48.383610710501671 61.197924196720123 23.217102724942379 17.533329833415337 33.021046560024843 47.097927891009022
leaf_count=26337 200 252 441 327 354 717
internal_value=1.0188e-05 -0.0010706 6.75346e-05 -0.000935169 -0.0014483 -0.00222267
internal_weight=2351.5 109.582 2241.92 120.869 97.6523 64.6313
internal_count=28628 452 28176 1839 1398 1044
is_linear=0
shrinkage=0.03


Tree=324
num_leaves=7
num_cat=0
split_feature=35 30 45 47 36 26
split_gain=0.176121 0.214881 0.325459 0.249733 0.218461 0.204625
threshold=-3.9946261004855228 -0.89153936505317677 0.78888888888888908 6.5000000000000009 0.59828840757748403 -0.76835191249847401
decision_type=8 10 10 10 8 8
left_child=-1 2 5 4 -4 -2
right_child=1 -3 3 -5 -6 -7
leaf_value=0.0010343971986589069 -0.00028592796578993918 -0.00041311703334113834 -0.0003866148260035297 7.623963106803935e-05 -0.0046861796802430689 0.00060878376483145338
leaf_weight=117.84217291284585 329.75597096366982 1072.7073162503948 19.96844345430145 45.017631270980928 18.819076823187061 715.3300887371006
leaf_count=1715 4960 10855 422 828 336 9268
internal_value=-4.85374e-05 -0.000110917 0.000177348 -0.0015185 -0.00300564 0.000326441
internal_weight=2319.44 2201.6 1128.89 83.8052 38.7875 1045.09
internal_count=28384 26669 15814 1586 758 14228
is_linear=0
shrinkage=0.03


Tree=325
num_leaves=7
num_cat=0
split_feature=26 11 36 26 43 7
split_gain=0.135297 0.146214 0.136641 0.208882 0.124977 0.235959
threshold=-7.4371142387390128 0.1237091212798322 0.28619041619352031 -1.4899728894233701 1.5000000000000002 0.050227968418992928
decision_type=8 2 8 10 2 2
left_child=-1 4 3 -3 -2 -6
right_child=1 2 -4 -5 5 -7
leaf_value=0.0018695794790429352 -0.00010631555839644978 0.001686770677905251 0.0020128554150485979 -0.0018746820624383274 0.0019896952411918752 -0.00099456413837954076
leaf_weight=25.02666890877299 2141.2818585596833 18.433927297999617 50.423412616888527 21.083456104621291 58.105311808642 29.12699553091079
leaf_count=412 26510 215 507 240 484 211
internal_value=1.8984e-05 -8.93585e-06 0.00111379 -0.000208211 -5.90214e-05 0.00099344
internal_weight=2343.48 2318.45 89.9408 39.5174 2228.51 87.2323
internal_count=28579 28167 962 455 27205 695
is_linear=0
shrinkage=0.03


Tree=326
num_leaves=7
num_cat=0
split_feature=14 8 47 26 13 28
split_gain=0.15083 0.250186 0.18685 0.282021 0.15949 0.196963
threshold=0.41385917847164688 0.04272373492806876 9.5000000000000018 -4.0137217044830313 1.8688348091416842 3.9447966814041142
decision_type=2 2 10 10 2 10
left_child=2 -2 4 -4 -1 -6
right_child=1 -3 3 -5 5 -7
leaf_value=0.00090055334169908657 0.00019905492564436478 -0.0024968740362879493 0.0036021596055271048 0.00027975326556135507 -0.00024197493491595709 0.0012924074744804304
leaf_weight=120.6919190234039 60.598955392837524 50.605805240571499 20.020147382572759 106.92640536511317 1894.1748535550869 68.545680557610467
leaf_count=1044 250 209 269 1210 24846 626
internal_value=-0.000102068 -0.00113256 -4.5356e-05 0.00102849 -0.000115388 -0.000182109
internal_weight=2321.56 111.205 2210.36 126.947 2083.41 1962.72
internal_count=28454 459 27995 1479 26516 25472
is_linear=0
shrinkage=0.03


Tree=327
num_leaves=7
num_cat=0
split_feature=42 28 40 2 28 3
split_gain=0.140356 0.437447 0.192087 0.37956 0.214783 0.191878
threshold=2.5000000000000004 -0.20094592869281766 2.5000000000000004 -0.11046667665868692 -1.4630386233329771 -0.032539079533621125
decision_type=2 10 2 2 10 2
left_child=2 -2 -1 4 -4 -5
right_child=1 -3 3 5 -6 -7
leaf_value=0.00011164364561183346 0.0030851672025865536 -0.00064554885757743541 -0.0037521477605634737 -0.00023732441527258096 -0.00090874106720450652 0.0024343863603107827
leaf_weight=1994.0065075051825 42.768038016511127 54.951041558058932 32.502432876615785 114.05409761512419 76.343509805272333 20.243800588184968
leaf_count=24540 497 468 593 1294 951 194
internal_value=6.43313e-05 0.00112208 1.3341e-05 -0.000765396 -0.00200208 0.0003062
internal_weight=2334.87 97.7191 2237.15 243.144 108.846 134.298
internal_count=28537 965 27572 3032 1544 1488
is_linear=0
shrinkage=0.03


Tree=328
num_leaves=7
num_cat=0
split_feature=20 4 14 12 7 14
split_gain=0.150871 0.198355 0.160092 0.150497 0.286341 0.236367
threshold=-0.16278525394256418 0.0065989054764286946 0.26325530413933823 1.797408188821852 0.082851968726798952 0.41385917847164688
decision_type=2 2 2 2 2 2
left_child=1 2 -1 5 -5 -2
right_child=3 -3 -4 4 -6 -7
leaf_value=-0.00052021626339236596 6.7845101183584242e-05 0.0016524804329527739 -0.0025478130203343409 0.0015564962309918666 -0.0008233500413037969 -0.0025009128414853398
leaf_weight=174.93603497039294 1867.5393509810237 20.229166213102872 36.62742754817009 143.2478467002511 57.326250746846199 22.803214311599731
leaf_count=2973 24054 249 169 656 255 94
internal_value=2.71739e-05 -0.000682616 -0.000970398 0.000108734 0.000869512 2.38609e-05
internal_weight=2322.71 231.793 211.563 2090.92 200.574 1890.34
internal_count=28450 3391 3142 25059 911 24148
is_linear=0
shrinkage=0.03


Tree=329
num_leaves=7
num_cat=0
split_feature=27 12 47 34 6 8
split_gain=0.152731 0.164527 0.161362 0.26921 0.213994 0.20864
threshold=-0.47999110817909235 1.470437706341795 9.5000000000000018 0.037806013599038131 0.0059581747692629564 0.12644176053820602
decision_type=8 2 10 8 2 2
left_child=1 -1 5 -4 -5 -2
right_child=2 -3 3 4 -6 -7
leaf_value=0.00024700288192716516 -0.00031278793442015705 0.0018923264922311471 -0.00051017730349562089 -2.3887997066229038e-07 0.003561722406036119 0.00062583884288361217
leaf_weight=347.29330092102464 1592.2097899624496 55.926959618926048 55.556196003453806 23.960410997737199 31.415811447193846 236.3727314225398
leaf_count=6059 18667 274 636 251 286 2443
internal_value=-8.45664e-06 0.000515482 -0.000119468 0.000943157 0.00225623 -0.000188712
internal_weight=2342.74 403.22 1939.51 110.932 55.3762 1828.58
internal_count=28616 6333 22283 1173 537 21110
is_linear=0
shrinkage=0.03


Tree=330
num_leaves=7
num_cat=0
split_feature=27 27 12 33 20 12
split_gain=0.152896 0.250572 0.377147 0.200144 0.198856 0.259283
threshold=-0.48809476196765894 -0.0610256940126419 1.2906102384536788 -1.803974527865648 -0.097083997281630391 1.0697579478132935
decision_type=8 8 2 8 2 2
left_child=4 2 -2 -3 5 -1
right_child=1 3 -4 -5 -6 -7
leaf_value=0.00044013892681961684 -0.00027613593953638651 -0.00077652798540441155 -0.0027992662995054308 0.00011259220929058032 0.00014660750438903411 0.0041435659157861796
leaf_weight=49.754783978685737 183.50505647907266 261.20494982830132 66.692245371639729 1416.046563521435 324.21568733273307 18.289259731769562
leaf_count=1109 2654 3046 338 16143 4963 103
internal_value=-5.39273e-05 -0.000164212 -0.00103043 -2.96556e-05 0.00047859 0.00183895
internal_weight=2319.71 1927.45 250.197 1677.25 392.26 68.044
internal_count=28356 22181 2992 19189 6175 1212
is_linear=0
shrinkage=0.03


Tree=331
num_leaves=7
num_cat=0
split_feature=47 26 1 14 42 26
split_gain=0.172254 0.145191 0.276248 0.141328 0.143596 0.127646
threshold=4.5000000000000009 1.6257877349853518 -0.014956600104410715 0.028209123971929886 1.5000000000000002 -0.3868382722139358
decision_type=8 10 2 2 2 8
left_child=1 2 5 4 -2 -1
right_child=3 -3 -4 -5 -6 -7
leaf_value=0.0015869498783693998 -0.0014338884158733895 0.00092634927698588174 -0.0029382855357174931 0.00022658501275700196 0.0015969371495255899 -0.0013944316612203474
leaf_weight=21.232102388341445 72.77093408248038 19.496950080618262 43.902613748097792 2144.4758224673569 8.3399324481142667 12.512772280431816
leaf_count=336 5563 232 505 21034 558 196
internal_value=0.000122556 -0.00105358 -0.0015997 0.000178376 -0.000981184 0.000415392
internal_weight=2322.73 97.1444 77.6475 2225.59 81.1109 33.7449
internal_count=28424 1269 1037 27155 6121 532
is_linear=0
shrinkage=0.03


Tree=332
num_leaves=7
num_cat=0
split_feature=8 0 31 2 10 2
split_gain=0.199186 0.360251 0.180772 0.328525 0.315453 0.276389
threshold=0.23216899988254566 0.022104538957884005 0.070073723793029799 -0.019326247118881885 -0.066464310535185797 -0.1638066696521025
decision_type=2 2 10 2 2 2
left_child=2 -2 3 4 -1 -6
right_child=1 -3 -4 -5 5 -7
leaf_value=-0.0019198735970337567 0.0034393896492544845 -0.00069581186920206109 9.1390087928428391e-05 -0.0021166958239544949 -0.0010587492092835962 0.00054188379696422774
leaf_weight=72.352044922183268 30.000510414538439 30.736178841703804 1661.5945954251947 86.535108634619974 125.0641561106313 335.76921196572948
leaf_count=792 342 317 21684 874 1485 3021
internal_value=-2.38403e-05 0.00154421 -7.21447e-05 -0.000505102 -0.00020939 9.42322e-05
internal_weight=2342.05 60.7367 2281.32 619.721 533.185 460.833
internal_count=28515 659 27856 6172 5298 4506
is_linear=0
shrinkage=0.03


Tree=333
num_leaves=7
num_cat=0
split_feature=28 36 30 30 26 46
split_gain=0.154298 0.323781 0.312181 0.225115 0.181644 0.134957
threshold=2.8385466337203984 2.0507956012191939 -0.35610350966453547 5.9475224018096933 1.7246760725975039 81.500000000000014
decision_type=10 10 10 10 10 8
left_child=3 2 -2 -1 5 -4
right_child=1 -3 4 -5 -6 -7
leaf_value=-1.8613910392443072e-05 -0.00074039803844010675 -0.0016591802438858012 0.0035834214302611638 -0.0017299644169340668 -5.2927811911024337e-05 0.0012600211617050457
leaf_weight=2037.9389962416026 50.422881820122711 34.189314339775592 44.820186228025705 61.618263474199921 34.537519203964621 68.713369423756376
leaf_count=25946 508 274 359 609 296 588
internal_value=5.63343e-06 0.000721978 0.00119203 -7.68015e-05 0.00185529 0.00239307
internal_weight=2332.24 232.683 198.494 2099.56 148.071 113.534
internal_count=28580 2025 1751 26555 1243 947
is_linear=0
shrinkage=0.03


Tree=334
num_leaves=7
num_cat=0
split_feature=35 47 36 37 35 23
split_gain=0.170222 0.177905 0.297766 0.17201 0.161738 0.214716
threshold=-5.8023672352234517 4.5000000000000009 -0.44021749624022932 -6.0137545348643657 1.2870674350044944 0.12785918108343311
decision_type=8 8 10 8 10 2
left_child=-1 2 -2 -3 5 -5
right_child=1 3 -4 4 -6 -7
leaf_value=0.0019214682536055391 -0.0031019666788527512 0.0015730495732285755 0.00014229513965767455 2.0044287294380045e-05 -0.00035691632105818181 0.00092085383565261461
leaf_weight=32.963641858543269 33.203252757666633 56.656402370499563 59.989162989659235 1186.3478675369988 672.49347973670228 288.10284814296756
leaf_count=514 493 1392 715 14832 7519 3068
internal_value=5.05382e-05 1.54734e-05 -0.00120218 7.21674e-05 2.54508e-05 0.000201077
internal_weight=2329.76 2296.79 93.1924 2203.6 2146.94 1474.45
internal_count=28533 28019 1208 26811 25419 17900
is_linear=0
shrinkage=0.03


Tree=335
num_leaves=7
num_cat=0
split_feature=2 20 10 24 31 28
split_gain=0.150895 0.238355 0.223051 0.182356 0.17451 0.160097
threshold=-0.19311438320140856 -0.1222766029174748 -0.010315416068503036 3.5000000000000004 -0.71286839246749867 0.5529184639453889
decision_type=2 2 2 2 8 10
left_child=1 -1 4 -4 -3 -2
right_child=5 2 3 -5 -6 -7
leaf_value=-0.0020031128483924496 -7.5997493799964037e-05 -0.0015382132124425693 -0.0015201147604789042 0.00031906108666507679 0.0010658007102056851 0.00047482577404386737
leaf_weight=65.100949655578006 1121.2942843467463 18.405175178777426 113.35532466880977 75.095717712858459 137.25888638483593 810.87040038884152
leaf_count=1314 13966 192 1839 1209 2626 7441
internal_value=4.51867e-05 -0.000471222 -0.00013303 -0.000808076 0.000683645 0.000156421
internal_weight=2341.38 409.216 344.115 188.451 155.664 1932.16
internal_count=28587 7180 5866 3048 2818 21407
is_linear=0
shrinkage=0.03


Tree=336
num_leaves=7
num_cat=0
split_feature=47 33 1 26 26 22
split_gain=0.154507 0.350003 0.31227 0.169645 0.275323 0.224105
threshold=4.5000000000000009 -0.60105953658664169 -0.014956600104410715 2.2174268960952763 3.0020973682403569 0.030617801857848518
decision_type=8 10 2 10 10 2
left_child=1 2 -1 -2 -5 -6
right_child=3 -3 -4 4 5 -7
leaf_value=0.00025088434273899375 0.00024300843588066263 0.00059158700513271074 -0.0044174949994413432 -0.0014375743370010402 -0.00038363283804257686 0.0015222263215262828
leaf_weight=18.702829616609961 1846.2681875432463 52.736971386999357 25.313773459522054 143.35876161500346 183.95741402084241 67.950769497081637
leaf_count=314 22858 627 305 1619 2131 730
internal_value=6.94938e-05 -0.00104618 -0.00275466 0.000122083 -0.000434811 0.000168953
internal_weight=2338.29 96.7536 44.0166 2241.54 395.267 251.908
internal_count=28584 1246 619 27338 4480 2861
is_linear=0
shrinkage=0.03


Tree=337
num_leaves=7
num_cat=0
split_feature=28 25 25 10 36 30
split_gain=0.17677 0.28292 0.199009 0.219578 0.195193 0.255091
threshold=0.37049102783203131 -0.76783977110787516 0.84962918610846561 -0.13167212107272711 1.2981803357877115 0.51229694485664379
decision_type=10 2 2 2 10 10
left_child=4 -2 3 -3 -1 -6
right_child=1 2 -4 -5 5 -7
leaf_value=-0.00046165776736420042 0.0026722399767217598 0.0024711770216006919 0.0019006499443557155 -3.637383304874385e-05 0.00098416352297669941 -0.0011154818242798518
leaf_weight=1027.4932094882533 31.513033030962106 22.48289153771475 44.962478368950542 961.87194397792337 192.14468550987658 60.972970542963594
leaf_count=14807 349 248 525 9450 2523 666
internal_value=-4.20487e-05 0.000243099 0.000143733 4.51753e-05 -0.000278312 0.000455212
internal_weight=2341.44 1060.83 1029.32 984.355 1280.61 253.118
internal_count=28568 10572 10223 9698 17996 3189
is_linear=0
shrinkage=0.03


Tree=338
num_leaves=7
num_cat=0
split_feature=11 20 30 30 9 30
split_gain=0.175169 0.219562 0.197448 0.161774 0.262426 0.217028
threshold=0.11376216354355202 -0.001310291497256366 0.60122913122177135 5.3939504623413095 0.0061656787275190398 4.5884289741516122
decision_type=2 2 10 10 2 10
left_child=3 -2 -3 5 -5 -1
right_child=1 2 -4 4 -6 -7
leaf_value=-7.0328191919632809e-05 -0.00078272324555746231 0.0028520586796084223 -0.00010350551383310769 0.00041158774571231984 -0.0023269097835594507 0.0016181921252159002
leaf_weight=2035.0190722753177 34.026568243687507 50.64137152035255 29.588795930612832 52.042838720139116 60.857105352915823 60.88409773260355
leaf_count=25570 403 567 267 556 485 564
internal_value=-1.46014e-05 0.00108159 0.00187138 -7.5924e-05 -0.00113378 -1.3827e-05
internal_weight=2323.06 114.257 80.2302 2208.8 112.9 2095.9
internal_count=28412 1237 834 27175 1041 26134
is_linear=0
shrinkage=0.03


Tree=339
num_leaves=7
num_cat=0
split_feature=24 6 34 13 20 14
split_gain=0.156603 0.154024 0.140099 0.165536 0.135546 0.186174
threshold=7.5000000000000009 0.47458193080532401 -1.0171306927998858 2.4414009612931857 0.19161798785044981 0.21367782318285913
decision_type=2 2 10 2 2 2
left_child=1 4 3 -2 -1 -6
right_child=2 -3 -4 -5 5 -7
leaf_value=-0.0002418933784351353 0.0023806912972149578 0.001355744761917205 -0.00020391760595784561 -0.00011579248486732839 0.0014910267440205658 -0.001029568419690922
leaf_weight=1997.7540838140121 57.155530185438693 50.210176167776808 71.094384375726804 35.731943167746067 81.11091392103117 28.971477165818214
leaf_count=24363 766 486 767 580 1303 140
internal_value=-7.30108e-05 -0.000142205 0.000793442 0.00150243 -0.000184121 0.000797161
internal_weight=2322.03 2158.05 163.982 92.8875 2107.84 110.082
internal_count=28405 26292 2113 1346 25806 1443
is_linear=0
shrinkage=0.03


Tree=340
num_leaves=7
num_cat=0
split_feature=35 15 24 3 1 44
split_gain=0.145609 0.141044 0.273266 0.186143 0.200785 0.130862
threshold=6.2776671499079031 1.5000000000000002 2.5000000000000004 -0.05711566095057282 -0.062083699660649326 7.5000000000000009
decision_type=10 2 2 2 2 10
left_child=1 5 3 4 -3 -1
right_child=-2 2 -4 -5 -6 -7
leaf_value=2.6385218794788472e-05 0.0021267251678631209 0.00060977320048365233 0.00039395753823197305 0.00017938920902559031 -0.0026560760836938802 0.0015548793948037315
leaf_weight=1998.9580788055609 18.780207747360691 16.554630829661619 118.62127547469572 41.717658663867041 86.657412256579846 41.728031744714826
leaf_count=24093 189 324 1492 472 1193 620
internal_value=6.02525e-06 -2.03741e-05 -0.000660163 -0.00149267 -0.00212466 6.50698e-05
internal_weight=2323.02 2304.24 263.551 144.93 103.212 2040.69
internal_count=28383 28194 3481 1989 1517 24713
is_linear=0
shrinkage=0.03


Tree=341
num_leaves=7
num_cat=0
split_feature=23 24 10 46 15 31
split_gain=0.156167 0.241433 0.240868 0.397449 0.298063 0.271966
threshold=-0.3021662770987818 2.5000000000000004 -0.052888014443342922 38.500000000000007 1.5000000000000002 -3.9965787529945369
decision_type=2 2 2 8 2 10
left_child=-1 2 3 -2 5 -4
right_child=1 -3 4 -5 -6 -7
leaf_value=-0.00057187074379143386 -0.0030706474129813316 0.00048213222701745797 0.0012896223241136366 -0.00026370768694570482 -0.0013930900622224145 -6.0663744214288873e-05
leaf_weight=409.6335296088655 54.818250236217864 753.30047424486838 156.42614550422877 158.88139223732287 110.41121170535916 690.21673970841221
leaf_count=5941 784 8358 1765 2127 1449 8197
internal_value=-4.7416e-05 6.66206e-05 -0.000202552 -0.00108882 4.55553e-06 0.000200958
internal_weight=2333.69 1924.05 1170.75 213.7 957.054 846.643
internal_count=28621 22680 14322 2911 11411 9962
is_linear=0
shrinkage=0.03


Tree=342
num_leaves=7
num_cat=0
split_feature=6 2 20 4 3 2
split_gain=0.135574 0.203929 0.132155 0.172692 0.212753 0.146699
threshold=0.47458193080532401 -0.094969957927450235 0.19161798785044981 -0.13537235263806227 -0.015349603725542603 -0.32576250935338291
decision_type=2 2 2 2 2 2
left_child=2 -2 5 -4 -5 -1
right_child=1 -3 3 4 -6 -7
leaf_value=-0.0012756405542839447 -0.00055756607897784348 0.0027068626954548001 0.0021856498860051993 0.0014543849600221342 -0.0014084571750290875 -2.3752501505053518e-05
leaf_weight=77.86192990152631 25.101867075951304 30.221846953791101 45.055348442110699 35.111356135108508 38.46401349856751 2057.1198810218193
leaf_count=2033 260 275 633 460 459 24322
internal_value=1.97528e-05 0.00136709 -1.92162e-05 0.000914879 -3.17104e-05 -7.51426e-05
internal_weight=2308.94 55.3237 2253.61 118.631 73.5754 2134.98
internal_count=28442 535 27907 1552 919 26355
is_linear=0
shrinkage=0.03


Tree=343
num_leaves=7
num_cat=0
split_feature=14 8 1 27 7 2
split_gain=0.14012 0.131006 0.263057 0.144896 0.260014 0.412747
threshold=0.024778606825940391 0.23216899988254566 0.019859606863010738 1.589663088321686 0.048473088814314592 -0.15518417183766275
decision_type=2 2 2 8 2 2
left_child=-1 3 -3 -2 -5 -6
right_child=1 2 -4 4 5 -7
leaf_value=-0.0012654525643308572 0.00012910712570987995 0.0029144649389690183 -0.00062056946579030331 -0.00084164824998392263 -0.0018606405657687868 0.0014109563462589992
leaf_weight=67.767781308095437 1654.4526992850006 30.122871113941073 30.414254046976566 388.61094583570957 37.747184053063393 120.98120805062354
leaf_count=5781 16568 294 262 4204 381 1021
internal_value=-1.33258e-05 2.95854e-05 0.00130225 -1.11354e-05 -0.000429759 0.000568775
internal_weight=2330.1 2262.33 60.5371 2201.79 547.339 158.728
internal_count=28511 22730 556 22174 5606 1402
is_linear=0
shrinkage=0.03


Tree=344
num_leaves=7
num_cat=0
split_feature=14 28 11 40 11 12
split_gain=0.176616 0.443853 0.168187 0.245229 0.305564 0.20007
threshold=0.39316636867906257 0.49325820803642279 0.11129591335915441 3.5000000000000004 0.078258970898929511 0.029515766898130517
decision_type=2 10 2 2 2 2
left_child=2 -2 3 4 -1 -5
right_child=1 -3 -4 5 -6 -7
leaf_value=1.6638035276412155e-05 -0.0029033919711095629 0.00038704944734182817 0.0010975146505100134 -0.0010053005016292835 -0.0014760487658592185 0.0020612473420726189
leaf_weight=1858.321846443243 53.765872426331043 82.779507413506508 121.52975630981382 18.133781079901382 122.19148245858378 74.490190774202347
leaf_count=24010 223 342 1346 555 1474 608
internal_value=-9.83884e-06 -0.0010183 5.72387e-05 -8.71935e-06 -8.24088e-05 0.00142142
internal_weight=2331.21 136.545 2194.67 2073.14 1980.51 92.624
internal_count=28558 565 27993 26647 25484 1163
is_linear=0
shrinkage=0.03


Tree=345
num_leaves=7
num_cat=0
split_feature=36 14 50 7 4 12
split_gain=0.168115 0.279981 0.421594 0.273436 0.311874 0.35367
threshold=-1.0436750455992294 0.15236710688623262 0.29285714285714293 -1.0000000180025095e-35 -0.16593410500468495 0.60061526685965361
decision_type=10 2 2 2 2 2
left_child=1 2 -1 -4 -5 -6
right_child=-2 -3 3 4 5 -7
leaf_value=-0.00045815015468761178 0.00015764755145372702 -0.0010584096381951477 -0.00089975822791469912 -0.0007036260358340542 0.0047228568080807101 8.5124530022498527e-05
leaf_weight=287.52315400901716 1645.8203133013449 306.50264322012663 23.098097276582848 18.333105325233191 40.603811047272757 21.442139826714993
leaf_count=5837 19297 1740 461 357 764 199
internal_value=-7.78e-06 -0.000394832 0.000138764 0.00169157 0.00245339 0.0033544
internal_weight=2343.32 697.503 391 103.477 80.3791 62.046
internal_count=28655 9358 7618 1781 1320 963
is_linear=0
shrinkage=0.03


Tree=346
num_leaves=7
num_cat=0
split_feature=29 3 27 40 27 27
split_gain=0.172671 0.212334 0.195574 0.238705 0.232961 0.19149
threshold=-5.293468475341796 -0.28105147115010798 0.81834876537323009 2.5000000000000004 -1.4304371476173399 2.51499354839325
decision_type=8 2 10 2 10 10
left_child=1 -1 4 -4 -3 -2
right_child=5 2 3 -5 -6 -7
leaf_value=-0.0012296724362610421 -6.3167248848758684e-05 0.002471949204367756 0.001593817944783434 -0.00097272442477002515 -0.00023652864642553822 -0.0014450427390047867
leaf_weight=50.966727960621938 1699.5779002894997 22.265155146451434 214.80275615560822 31.271071092225611 240.86154719459591 85.389734621043317
leaf_count=947 20168 521 2632 376 3054 962
internal_value=7.54542e-06 0.000462324 0.000652101 0.00124241 7.47707e-05 -0.000136956
internal_weight=2345.13 560.167 509.201 246.074 263.127 1784.97
internal_count=28660 7530 6583 3008 3575 21130
is_linear=0
shrinkage=0.03


Tree=347
num_leaves=7
num_cat=0
split_feature=51 46 30 10 10 6
split_gain=0.162558 0.273063 0.228389 0.163836 0.163576 0.156434
threshold=0.63333333333333341 81.500000000000014 2.5171222686767583 -0.0083402820072501684 -0.041239527513858058 -0.020968312555197492
decision_type=2 10 10 2 2 2
left_child=5 2 3 4 -2 -1
right_child=1 -3 -4 -5 -6 -7
leaf_value=-0.00044233297593624385 0.0018703870685453379 -0.00082535705633414425 -0.00094587733188224339 0.0029049053188701496 -0.0010223052336462461 0.00010347275709017822
leaf_weight=693.96824653771182 27.72012000461109 58.426264568464831 22.80084092868492 65.40219080762472 24.188997709425166 1429.7895503377367
leaf_count=10378 271 567 172 585 218 16365
internal_value=2.02582e-06 0.000801455 0.00148962 0.0020001 0.000575031 -7.61143e-05
internal_weight=2322.3 198.538 140.112 117.311 51.9091 2123.76
internal_count=28556 1813 1246 1074 489 26743
is_linear=0
shrinkage=0.03


Tree=348
num_leaves=7
num_cat=0
split_feature=12 25 7 26 7 12
split_gain=0.117645 0.100234 0.151264 0.124705 0.124208 0.245667
threshold=-1.2976756097991466 -0.71295313963611839 -0.041254289369598518 0.29533955454826361 0.081556182558951265 0.70961944699216206
decision_type=2 2 2 10 2 2
left_child=-1 2 -2 -4 -3 -6
right_child=1 4 3 -5 5 -7
leaf_value=-0.001588469292926054 -0.00099795655078905709 0.00013091052211262094 0.0024847476758963409 6.5563484298529294e-05 0.0005021078361019777 -0.00097681461136837943
leaf_weight=29.397763982982724 19.777312467806041 1796.8069206518121 41.408387667499483 31.473499312065542 152.08532599452883 264.75581481307745
leaf_count=3605 315 20284 426 304 2094 1525
internal_value=3.73816e-05 6.48741e-05 0.000981301 0.001574 2.22737e-05 -0.000438105
internal_weight=2335.71 2306.31 92.6592 72.8819 2213.65 416.841
internal_count=28553 24948 1045 730 23903 3619
is_linear=0
shrinkage=0.03


Tree=349
num_leaves=7
num_cat=0
split_feature=31 35 3 50 33 12
split_gain=0.15353 0.237903 0.255414 0.321066 0.229395 0.220364
threshold=7.1176422238349923 4.9976966610799236 -0.04443553547864134 0.40833333333333338 1.1678425818681719 0.77164821300769615
decision_type=8 10 2 2 10 2
left_child=-1 2 4 -4 5 -2
right_child=1 -3 3 -5 -6 -7
leaf_value=-0.00018811413135628733 0.00015144088258912605 0.0026693848894671544 0.0004295072609324159 0.0039511380184079894 0.0011017156064084006 -0.0011980314300433371
leaf_weight=1642.3183000174176 279.17889572304557 27.47478381136898 84.462985190271866 23.836881450726651 110.95145811059047 166.58070649579167
leaf_count=17446 6579 372 1215 246 1636 1077
internal_value=-3.02902e-05 0.000341359 0.000207056 0.00147309 -6.08804e-05 -0.000368079
internal_weight=2334.8 692.486 665.011 108.3 556.711 445.76
internal_count=28571 11125 10753 1461 9292 7656
is_linear=0
shrinkage=0.03


Tree=350
num_leaves=7
num_cat=0
split_feature=2 47 44 29 9 11
split_gain=0.191664 0.312363 0.204947 0.184821 0.287236 0.219616
threshold=-0.021640979111938085 7.5000000000000009 3.5000000000000004 -2.5817143917083736 -0.052749193785970518 -0.0015207145855028164
decision_type=2 10 10 8 2 2
left_child=-1 3 -3 4 -2 -5
right_child=1 2 -4 5 -6 -7
leaf_value=0.00017812122625570961 -0.0023400133816932653 -0.00047417237974219827 0.0022243995519792906 0.00075417681861772955 0.00060296568633779802 -0.0020560219622610203
leaf_weight=1930.0515984654776 29.988071391970152 42.646986281732097 43.42403971409658 24.549805662594736 108.08388870599447 143.3657871154137
leaf_count=23737 484 411 572 259 1313 1700
internal_value=5.47994e-05 -0.000541628 0.000977117 -0.000986238 -0.000151089 -0.00162587
internal_weight=2322.11 392.059 86.071 305.988 138.072 167.916
internal_count=28476 4739 983 3756 1797 1959
is_linear=0
shrinkage=0.03


Tree=351
num_leaves=7
num_cat=0
split_feature=26 14 31 31 49 6
split_gain=0.177665 0.147623 0.258033 0.221559 0.167364 0.465647
threshold=-7.4371142387390128 0.34198608790104729 2.5233491659164433 0.33571881055831915 1.0000000180025095e-35 0.016348715698916768
decision_type=8 2 8 10 2 2
left_child=-1 4 3 -3 -2 -6
right_child=1 2 -4 -5 5 -7
leaf_value=0.0020825377233417929 -9.2935514658337625e-05 -0.00094257274491221072 -0.0020222097972493673 0.0014450263892530875 -0.0013802208309677902 0.0030459559718222736
leaf_weight=23.517186611134093 2039.0920484919334 75.024007827043533 86.283269710838795 49.436580315232277 28.653324377606623 41.93368015717715
leaf_count=404 26630 316 365 208 298 378
internal_value=-8.69835e-05 -0.000117813 -0.00085601 4.27346e-05 -4.03815e-05 0.00130092
internal_weight=2343.94 2320.42 210.744 124.461 2109.68 70.587
internal_count=28599 28195 889 524 27306 676
is_linear=0
shrinkage=0.03


Tree=352
num_leaves=7
num_cat=0
split_feature=51 46 30 10 20 4
split_gain=0.129344 0.428519 0.239319 0.202952 0.133538 0.159255
threshold=0.63333333333333341 65.500000000000014 2.4536392688751225 -0.010315416068503036 -0.1649209121211356 -1.0000000180025095e-35
decision_type=2 10 10 2 2 2
left_child=4 2 3 -2 5 -1
right_child=1 -3 -4 -5 -6 -7
leaf_value=-0.0011063745658083028 0.00053182988762356779 -0.0010562157699142388 -0.00079285478930530163 0.0032881060324874757 -1.8604824151656263e-05 0.0011568077338194734
leaf_weight=184.17400109069422 43.638115652836859 73.175052164820954 23.33380103064701 59.590308973798528 1924.1404293814267 24.343336291291052
leaf_count=2787 411 714 162 536 23571 330
internal_value=-2.90377e-05 0.000682125 0.00169093 0.00227281 -9.85154e-05 -0.000801312
internal_weight=2332.4 199.737 126.562 103.228 2132.66 208.517
internal_count=28511 1823 1109 947 26688 3117
is_linear=0
shrinkage=0.03


Tree=353
num_leaves=7
num_cat=0
split_feature=8 22 7 37 12 33
split_gain=0.18949 0.124978 0.346859 0.166349 0.234526 0.258164
threshold=0.30369138395519463 0.023709694332379346 0.13799144546021239 -2.64727548992995 0.090986753032478621 -1.6533544063568113
decision_type=2 2 2 8 2 10
left_child=1 3 -3 4 -1 -6
right_child=-2 2 -4 -5 5 -7
leaf_value=-0.00067663488189270129 0.0022894029579432549 6.6128003788789514e-05 0.0026989700229516429 -0.00032129265603092087 -0.00069618230212752953 0.0023130387700903794
leaf_weight=69.091315386453061 20.504460090538487 555.19557958227233 39.065967625123449 1538.851356885687 31.074766851961613 76.169957641512156
leaf_count=2607 228 6865 340 17506 291 684
internal_value=-6.01686e-05 -9.08098e-05 0.000281009 -0.000220516 0.000628987 0.00145609
internal_weight=2329.95 2309.45 594.262 1715.19 176.336 107.245
internal_count=28521 28293 7205 21088 3582 975
is_linear=0
shrinkage=0.03


Tree=354
num_leaves=7
num_cat=0
split_feature=49 6 14 30 29 39
split_gain=0.184398 0.288874 0.300881 0.185309 0.188784 0.326137
threshold=1.0000000180025095e-35 0.018161652176994638 0.19582980509133244 6.2141816616058358 -5.293468475341796 1.5000000000000002
decision_type=2 2 2 10 10 2
left_child=3 -2 -3 4 -1 -6
right_child=1 2 -4 -5 5 -7
leaf_value=0.00044981727792792756 -0.00069224700897498525 0.0042962617643329346 -3.7240106576512377e-06 -0.001427480451906473 -0.0018302994074072892 -4.1878556335570881e-05
leaf_weight=651.3948575501563 34.732543073943816 26.604756591143087 24.384205773472786 71.869476834428497 88.086314118583687 1433.8683435475687
leaf_count=9132 333 305 116 680 1054 16898
internal_value=2.85419e-05 0.00131809 0.00257646 -2.63188e-05 2.63414e-05 -0.000156659
internal_weight=2330.94 85.7215 50.989 2245.22 2173.35 1521.95
internal_count=28518 754 421 27764 27084 17952
is_linear=0
shrinkage=0.03


Tree=355
num_leaves=7
num_cat=0
split_feature=51 8 36 47 26 26
split_gain=0.124768 0.30204 0.26875 0.243321 0.624258 0.296535
threshold=0.45000000000000007 -0.0047575641682689107 0.23921291894900307 6.5000000000000009 4.0080225467681894 -1.3596047759056089
decision_type=2 2 8 8 8 8
left_child=3 -2 -3 4 -1 -5
right_child=1 2 -4 5 -6 -7
leaf_value=-0.0002534333575733711 -0.00055132688321846016 8.6297055009434566e-05 0.0021952596375122931 -0.00058081134797971002 -0.0035679438198606048 0.00031102941161385817
leaf_weight=325.8250502005103 141.30934784398414 104.39083219575696 105.4851373223355 461.65554990465171 51.086810139706358 1153.1239870041609
leaf_count=4426 1508 950 906 6203 679 13937
internal_value=-1.49902e-05 0.000498278 0.00119791 -0.000107529 -0.000783288 5.40522e-05
internal_weight=2342.88 351.185 209.876 1991.69 376.912 1614.78
internal_count=28609 3364 1856 25245 5105 20140
is_linear=0
shrinkage=0.03


Tree=356
num_leaves=7
num_cat=0
split_feature=25 0 26 1 27 29
split_gain=0.144518 0.210597 0.198973 0.275846 0.181352 0.210718
threshold=-0.22167303679532283 0.46586906684600954 -4.1753840446472159 -0.10149645815904383 2.51499354839325 -7.2510037422180167
decision_type=2 2 8 2 10 10
left_child=-1 2 3 -2 -4 -6
right_child=1 -3 4 -5 5 -7
leaf_value=0.00041355771802147458 0.0014360994857944805 0.0018196121569000691 -1.7728470225072147e-05 -0.0018552219174930459 0.00049432281444576501 -0.0020321918435217954
leaf_weight=515.19363357548718 20.41827726655174 37.596234624972567 1513.6921046398784 111.62694690789795 40.064325358718634 77.108288449759129
leaf_count=6623 433 385 18125 1412 497 881
internal_value=-2.46989e-05 -0.000151692 -0.000203759 -0.00128101 -0.000109263 -0.00119737
internal_weight=2315.7 1800.51 1762.91 132.045 1630.86 117.173
internal_count=28356 21733 21348 1845 19503 1378
is_linear=0
shrinkage=0.03


Tree=357
num_leaves=7
num_cat=0
split_feature=31 46 31 29 50 5
split_gain=0.155369 0.24816 0.370514 0.230648 0.173839 0.288289
threshold=0.57824797928333294 51.500000000000007 -3.0940451323986049 6.6445443630218515 0.13392857142857148 0.045616988917159408
decision_type=8 8 10 8 2 2
left_child=1 -1 3 -3 5 -4
right_child=-2 2 4 -5 -6 -7
leaf_value=0.00059834881711888098 0.00019001316978763791 0.0020893408467066933 -0.0012926330887612816 -0.0010949431182669422 -0.0033059362646004568 0.0017145084805600622
leaf_weight=151.38108695251867 1811.8618551067484 47.595142249483615 242.92467038484756 24.010406739544123 25.777913401834667 23.656038831919432
leaf_count=1248 24118 374 2207 220 167 182
internal_value=5.91824e-05 -0.000395656 -0.000814031 0.00101827 -0.00128164 -0.000973442
internal_weight=2327.21 515.345 363.964 71.6055 292.359 266.581
internal_count=28516 4398 3150 594 2556 2389
is_linear=0
shrinkage=0.03


Tree=358
num_leaves=7
num_cat=0
split_feature=14 46 4 27 40 11
split_gain=0.126755 0.116523 0.28584 0.146605 0.135277 0.27199
threshold=0.024778606825940391 87.500000000000014 -0.16890156181635504 -1.4686661958694456 2.5000000000000004 -0.0015207145855028164
decision_type=2 10 2 10 2 2
left_child=-1 4 -3 -4 -2 -6
right_child=1 2 3 -5 5 -7
leaf_value=-0.0011753614814398192 0.00026178512387674946 0.001143585426414371 0.0011744988297682391 -0.0010363599602973921 -0.0014786448469226116 0.00032414585510356594
leaf_weight=67.548872298037168 1603.6808590013534 73.86755546182394 21.564793847501278 272.81694985553622 118.64811684191227 174.92215680703521
leaf_count=5786 16276 753 238 2598 1198 1682
internal_value=1.74512e-05 5.80254e-05 -0.000423312 -0.000841139 0.000153181 -0.00042917
internal_weight=2333.05 2265.5 368.249 294.382 1897.25 293.57
internal_count=28531 22745 3589 2836 19156 2880
is_linear=0
shrinkage=0.03


Tree=359
num_leaves=7
num_cat=0
split_feature=0 25 9 33 37 36
split_gain=0.160121 0.164341 0.148798 0.135025 0.110107 0.13712
threshold=0.40629810526123383 0.60255679533345052 0.20620103298965517 0.34670026103655499 -6.0137545348643657 -1.4891513720075917
decision_type=2 2 2 10 8 10
left_child=2 -2 4 -4 5 -1
right_child=1 -3 3 -5 -6 -7
leaf_value=-0.00059732611089280158 9.9575811506232364e-05 0.0029404387651706821 0.0022940585975840377 -0.00053812523690850874 -0.00015005044298309228 0.0019775597380868866
leaf_weight=24.17954868664674 43.622621439164504 22.54871675639879 33.918891589681152 18.232336102752015 2151.0689231118595 38.456846497399965
leaf_count=664 420 254 436 208 25656 896
internal_value=-2.65805e-05 0.00132658 -7.17529e-05 0.00137664 -0.000111912 0.00103818
internal_weight=2332.03 66.1713 2265.86 52.1512 2213.71 62.6364
internal_count=28534 674 27860 644 27216 1560
is_linear=0
shrinkage=0.03


Tree=360
num_leaves=7
num_cat=0
split_feature=9 33 28 26 4 31
split_gain=0.174334 0.136627 0.131494 0.177523 0.147759 0.310072
threshold=0.1977487668536668 0.31340359648068755 3.8115005493164067 1.7246760725975039 -0.20708680384658804 -1.4679401591420171
decision_type=2 10 10 10 2 10
left_child=2 -2 4 -4 5 -1
right_child=1 -3 3 -5 -6 -7
leaf_value=-0.0030362360953508144 0.0022778765039214266 -0.00040259409681016751 0.0016978974485305656 -0.00096710925835274454 -3.5220575823389125e-05 -0.00023933802161341363
leaf_weight=36.517135153524578 41.19527519447729 21.744956666836515 68.8480874535162 23.957058194093406 1984.7026650742628 161.85905516840285
leaf_count=462 528 248 602 210 24020 2502
internal_value=-2.03302e-05 0.00142358 -6.63149e-05 0.000982789 -0.000115191 -0.000875193
internal_weight=2338.82 62.9402 2275.88 92.8051 2183.08 198.376
internal_count=28572 776 27796 812 26984 2964
is_linear=0
shrinkage=0.03


Tree=361
num_leaves=7
num_cat=0
split_feature=29 3 45 10 3 12
split_gain=0.144615 0.276312 0.266102 0.264075 0.268445 0.230406
threshold=-5.293468475341796 -0.24543728179954535 0.5634920634920636 0.023843207351470736 -0.19803520204105599 1.1164835115866014
decision_type=10 2 8 2 2 2
left_child=1 5 3 4 -3 -1
right_child=-2 2 -4 -5 -6 -7
leaf_value=-0.00016242217178865799 -0.00016647690274658623 0.0018808794087745372 0.0010110110916331438 0.00098324263096384546 -0.0013833571235699661 -0.0032257394793050779
leaf_weight=75.545788501040079 1558.8956718890404 17.718073866213672 416.90851069948985 95.110699029406533 142.03412349475548 21.929639600217342
leaf_count=1664 18275 233 5546 997 1595 133
internal_value=-5.56295e-07 0.000333507 0.000552642 -0.000207027 -0.000931847 -0.00108761
internal_weight=2328.14 769.247 671.771 254.863 159.752 97.4754
internal_count=28443 10168 8371 2825 1828 1797
is_linear=0
shrinkage=0.03


Tree=362
num_leaves=7
num_cat=0
split_feature=27 20 6 6 46 50
split_gain=0.174643 0.221407 0.215586 0.334759 0.201201 0.358957
threshold=2.4626518487930302 -0.098942535943731411 0.14287935157847984 0.097157513735977155 11.500000000000002 0.38750000000000007
decision_type=8 2 2 2 8 2
left_child=-1 -2 3 4 -3 -6
right_child=1 2 -4 -5 5 -7
leaf_value=0.00019369421462159481 -0.001641748666139584 -0.0020987345849666703 0.00133289659868778 -0.0031668866502052944 -0.00056194365784909635 0.0022395348267952842
leaf_weight=1958.5145588072191 99.968108021945227 24.698273766320199 65.870063873706385 26.024871793575585 113.01407577027567 52.304835750255734
leaf_count=23953 1355 299 647 305 1560 575
internal_value=7.88695e-05 -0.000499937 -5.26711e-05 -0.000515401 -1.20769e-05 0.000401593
internal_weight=2340.39 381.88 281.912 216.042 190.017 165.319
internal_count=28694 4741 3386 2739 2434 2135
is_linear=0
shrinkage=0.03


Tree=363
num_leaves=7
num_cat=0
split_feature=35 10 12 26 5 42
split_gain=0.197673 0.202716 0.246318 0.147165 0.29941 0.207634
threshold=-1.4838857754976267 -0.13167212107272711 0.7929871739444978 -1.4232649803161619 0.0048284939513521695 1.0000000180025095e-35
decision_type=8 2 2 8 2 2
left_child=-1 2 -2 4 5 -3
right_child=1 3 -4 -5 -6 -7
leaf_value=0.00053853632032156587 -0.00035228160916361731 -0.0023204618995257445 0.003682200551069624 -7.0444423913276476e-05 0.0012001998045679467 -0.00019610212318986139
leaf_weight=520.66621491473052 23.849199900578242 93.616523250530008 17.512886729091406 1568.2155142212287 40.489259445108473 72.300356713472866
leaf_count=6955 517 1264 109 18405 429 794
internal_value=2.89817e-05 -0.000119264 0.00174026 -0.000172113 -0.000905613 -0.00145852
internal_weight=2336.65 1815.98 41.3621 1774.62 206.406 165.917
internal_count=28473 21518 626 20892 2487 2058
is_linear=0
shrinkage=0.03


Tree=364
num_leaves=7
num_cat=0
split_feature=28 35 2 31 11 4
split_gain=0.178682 0.240301 0.274255 0.346737 0.315658 0.20806
threshold=0.93899044394493114 0.45055138310178733 -0.16078267335700788 0.52272143959999096 -0.010842281030976985 -0.16593410500468495
decision_type=10 10 2 10 2 2
left_child=-1 2 -2 4 -4 -3
right_child=1 5 3 -5 -6 -7
leaf_value=-0.00015511963865932421 -0.0004387835093452191 0.00099743039234957394 0.0021960132011761206 0.0022488503771425049 -0.00059579748465599634 -0.00051803995538546831
leaf_weight=1524.7764376395353 100.78073619032511 100.1422080155462 42.357290845829993 160.59535421920009 110.87445867806673 304.94452254974749
leaf_count=20749 1237 945 337 1620 891 2818
internal_value=3.67924e-05 0.00039135 0.000890222 0.00131738 0.000263188 -0.000128394
internal_weight=2344.47 819.695 414.608 313.827 153.232 405.087
internal_count=28597 7848 4085 2848 1228 3763
is_linear=0
shrinkage=0.03


Tree=365
num_leaves=7
num_cat=0
split_feature=9 7 14 10 47 11
split_gain=0.118786 0.125726 0.425746 0.228077 0.312239 0.248291
threshold=0.20620103298965517 0.087091821336873293 0.10786888036898733 0.050267501686341261 9.5000000000000018 0.0098869676204791992
decision_type=2 2 2 2 8 2
left_child=1 -1 -3 5 -5 -4
right_child=-2 2 3 4 -6 -7
leaf_value=0.00011023527701901134 0.0013109679185688027 0.001075000022319354 -0.00041541474602758125 -0.0013131813842171122 0.0017791018776346806 -0.0025618028702998111
leaf_weight=1877.5184868295764 54.612940311490092 108.29917880921857 92.595107585191727 53.671248458325863 44.631842911243439 103.68551798164845
leaf_count=24199 667 2013 543 316 265 612
internal_value=4.2504e-05 6.53469e-06 -0.000467697 -0.00105152 0.000125423 -0.00161847
internal_weight=2335.01 2280.4 402.883 294.584 98.3031 196.281
internal_count=28615 27948 3749 1736 581 1155
is_linear=0
shrinkage=0.03


Tree=366
num_leaves=7
num_cat=0
split_feature=20 33 46 1 23 7
split_gain=0.145953 0.171496 0.252265 0.1896 0.169313 0.169667
threshold=0.039593578730233336 -2.2691400845845533 8.5000000000000018 -0.02157215092168718 -0.29687070269102706 0.08836142073623969
decision_type=2 10 10 2 2 2
left_child=4 2 -2 -4 -1 -6
right_child=1 -3 3 -5 5 -7
leaf_value=-0.00074293799053910326 -0.0021743071867901384 0.00071311161619820335 0.0025874060960461511 -0.00051159424598472801 0.00018311350161664288 -0.00059900109120433569
leaf_weight=307.0327018268581 41.340395383129362 425.09817805330385 17.287131637160201 43.789786886132788 1188.04191315551 305.34774049272528
leaf_count=4475 559 5075 296 539 14725 2816
internal_value=1.56875e-05 0.000449714 -0.000609741 0.000606165 -0.000113262 2.02769e-05
internal_weight=2327.94 527.515 102.417 61.0769 1800.42 1493.39
internal_count=28485 6469 1394 835 22016 17541
is_linear=0
shrinkage=0.03


Tree=367
num_leaves=7
num_cat=0
split_feature=26 47 33 1 10 10
split_gain=0.181264 0.161067 0.299699 0.227263 0.149137 0.168761
threshold=-7.4371142387390128 4.5000000000000009 -0.60105953658664169 -0.014956600104410715 -0.14780847103255307 -0.079735478629532952
decision_type=8 8 10 2 2 2
left_child=-1 2 3 -2 -3 -6
right_child=1 4 -4 -5 5 -7
leaf_value=0.0021827136058310743 1.0806069527617589e-05 0.0018874444125109467 0.00040815228133279355 -0.0041199787000699862 -0.00081269673837090339 8.0821284711085211e-05
leaf_weight=23.903184838767629 17.920265614753589 28.131568957527634 50.39490067504812 25.887477483891416 200.48300816142 1968.3968427075888
leaf_count=408 297 432 613 315 2871 23471
internal_value=5.12071e-06 -2.69834e-05 -0.00117947 -0.00274224 2.75526e-05 -5.12294e-06
internal_weight=2315.12 2291.21 94.2026 43.8077 2197.01 2168.88
internal_count=28407 27999 1225 612 26774 26342
is_linear=0
shrinkage=0.03


Tree=368
num_leaves=7
num_cat=0
split_feature=34 29 31 0 2 2
split_gain=0.17172 0.26344 0.157814 0.142228 0.324486 0.239186
threshold=3.6322998603185019 -3.8279787302017207 2.8300567269325261 0.038817082100946788 0.10996922307793948 -0.021640979111938085
decision_type=10 10 10 2 2 2
left_child=3 2 -2 4 5 -1
right_child=1 -3 -4 -5 -6 -7
leaf_value=-3.7853927981778495e-05 0.0014579451191636642 -0.0029801839786959194 -0.00095630046188556841 0.00038493311326774426 0.0025977058417952642 -0.0011146752462535844
leaf_weight=1256.7137735483266 27.809643824584782 33.722296413965523 58.694393305806443 712.70257444679737 28.377322943822946 207.98665727869957
leaf_count=16901 197 237 555 7407 341 2804
internal_value=-2.30812e-05 -0.00108172 -0.000109509 3.92416e-05 -0.000127233 -0.000197284
internal_weight=2326.01 120.226 86.504 2205.78 1493.08 1464.7
internal_count=28442 989 752 27453 20046 19705
is_linear=0
shrinkage=0.03


Tree=369
num_leaves=7
num_cat=0
split_feature=18 1 1 3 31 47
split_gain=0.16908 0.186501 0.269116 0.190022 0.161509 0.227277
threshold=1.0000000180025095e-35 0.0068430368025080819 -0.09275982561641373 -0.046111469645566082 4.8141577243804941 5.5000000000000009
decision_type=2 2 2 2 8 8
left_child=4 2 -2 -4 -1 -6
right_child=1 -3 3 -5 5 -7
leaf_value=-0.00014340414707865397 0.00089202483264513453 0.00043672335503666535 -0.0029624958623138018 0.00011718939098252699 -0.00080315168903308308 0.00055773169378892204
leaf_weight=1219.8326313677826 26.440256779431365 61.482666169758886 66.936642516520806 22.584143956191838 118.52386251441203 815.66759965239908
leaf_count=12271 311 489 692 194 1912 12711
internal_value=8.76866e-06 -0.000855629 -0.00152111 -0.00225185 8.36006e-05 0.000378394
internal_weight=2331.47 177.444 115.961 89.5208 2154.02 934.191
internal_count=28580 1686 1197 886 26894 14623
is_linear=0
shrinkage=0.03


Tree=370
num_leaves=7
num_cat=0
split_feature=27 2 20 2 10 47
split_gain=0.12343 0.226551 0.273806 0.255073 0.301914 0.271108
threshold=-0.48809476196765894 -0.070900737467739991 0.08447893943864708 -0.10580182629515385 -0.051090379566159499 6.5000000000000009
decision_type=10 2 2 2 2 8
left_child=1 3 -3 5 -5 -1
right_child=-2 2 -4 4 -6 -7
leaf_value=-0.001080570570997953 -0.00011141089839033182 -0.0010391623095171803 0.0019945958915340398 -0.0010723669440135379 0.0026574326413489843 0.0008110451511130801
leaf_weight=84.035980389162432 1719.5055751510372 143.42447272395657 22.863868624786846 18.623993958812207 86.490716189262457 241.46923524365411
leaf_count=1368 19514 2035 321 251 1020 3841
internal_value=1.7836e-05 0.000385857 -0.000532552 0.000744548 0.00196085 0.000305034
internal_weight=2316.41 596.908 166.288 430.62 105.115 325.505
internal_count=28350 8836 2356 6480 1271 5209
is_linear=0
shrinkage=0.03


Tree=371
num_leaves=7
num_cat=0
split_feature=29 3 9 25 5 46
split_gain=0.187335 0.329184 0.207279 0.180242 0.190589 0.225467
threshold=-5.293468475341796 -0.28105147115010798 -0.11974823607503146 -0.2026951498307821 0.0021485122064870718 25.500000000000004
decision_type=10 2 2 2 2 8
left_child=1 -1 -2 -4 -5 -6
right_child=2 -3 3 4 5 -7
leaf_value=-0.0015228180398940427 0.00096118203670686117 0.00058372435342466408 0.00029057674182751117 -0.00067559456596821528 0.0022566599368156219 -0.00014107276068876326
leaf_weight=64.050224006641656 122.32498102117097 705.35738547838992 364.74703585152747 856.08890644164057 33.148912128643133 188.53427068586461
leaf_count=1265 1937 8941 4295 9935 340 1849
internal_value=1.07187e-05 0.000391075 -0.000177592 -0.000280112 -0.000474144 0.000299394
internal_weight=2334.25 769.408 1564.84 1442.52 1077.77 221.683
internal_count=28562 10206 18356 16419 12124 2189
is_linear=0
shrinkage=0.03


Tree=372
num_leaves=7
num_cat=0
split_feature=31 42 4 22 8 46
split_gain=0.142975 0.233847 0.250782 0.294138 0.389826 0.235116
threshold=0.33571881055831915 2.5000000000000004 -0.1537621421157874 -0.043034594759599754 0.0024957652021106416 61.500000000000007
decision_type=10 2 2 2 2 8
left_child=1 2 5 4 -4 -1
right_child=-2 -3 3 -5 -6 -7
leaf_value=-0.0026296816929304817 0.0001665880956084263 0.0016798935915628757 0.0032387827351845139 -0.00051627482097525972 -0.00030105677559113999 -0.00044714261727786406
leaf_weight=71.819546387996525 1643.2325206499081 38.141194268595427 39.25826039572712 358.39115310588386 61.344725225237198 108.40081304206979
leaf_count=817 21762 300 439 3431 568 1154
internal_value=1.54667e-05 -0.000348237 -0.000493265 -0.000111159 0.00124823 -0.00140943
internal_weight=2320.59 677.356 639.214 458.994 100.603 180.22
internal_count=28471 6709 6409 4438 1007 1971
is_linear=0
shrinkage=0.03


Tree=373
num_leaves=7
num_cat=0
split_feature=28 39 44 40 45 42
split_gain=0.166815 0.370162 0.156852 0.132901 0.266133 0.256617
threshold=3.4106053113937382 4.5000000000000009 7.5000000000000009 1.5000000000000002 0.5634920634920636 1.5000000000000002
decision_type=10 2 10 2 8 2
left_child=2 -2 3 4 -1 -5
right_child=1 -3 -4 5 -6 -7
leaf_value=0.00074567823915162824 0.0028002003047961936 -0.00022266704673977502 0.0014615807275899497 -0.00099477964654548154 -0.00020373476104012527 0.00014226825219715197
leaf_weight=339.42989176674746 48.451956977602094 93.378184564062394 46.362226923927665 380.57569297036389 1099.3690389848343 325.12706757400883
leaf_count=3874 383 846 743 4978 14337 3489
internal_value=-3.55477e-05 0.000926419 -0.000101749 -0.000142174 2.3844e-05 -0.000476258
internal_weight=2332.69 141.83 2190.86 2144.5 1438.8 705.703
internal_count=28650 1229 27421 26678 18211 8467
is_linear=0
shrinkage=0.03


Tree=374
num_leaves=7
num_cat=0
split_feature=42 6 2 36 40 3
split_gain=0.129393 0.216837 0.159138 0.151571 0.128368 0.37146
threshold=2.5000000000000004 0.059027476757426221 -0.088308637510529475 0.33133616556447987 1.5000000000000002 -0.048089337773658695
decision_type=2 2 2 8 2 2
left_child=4 2 -2 -3 -1 -6
right_child=1 3 -4 -5 5 -7
leaf_value=0.00010258187984534105 0.0033218974492800011 -0.0017852445240603011 1.5902179535826187e-06 0.0010781553506752819 -0.00070712868996457442 0.0011035733421980839
leaf_weight=1558.245085275732 29.874285850790329 23.577658712863922 19.284142068587244 23.681091054342687 563.01337401050841 114.71425857557915
leaf_count=19400 338 198 192 205 7034 1230
internal_value=9.32653e-07 0.00102309 0.00223983 -0.000412703 -4.75025e-05 -0.000389054
internal_weight=2332.39 96.4172 49.1584 47.2587 2235.97 677.728
internal_count=28597 933 530 403 27664 8264
is_linear=0
shrinkage=0.03


Tree=375
num_leaves=7
num_cat=0
split_feature=0 7 12 26 22 5
split_gain=0.148191 0.13753 0.324424 0.264001 0.354708 0.194976
threshold=0.46586906684600954 0.081556182558951265 0.37737664950448851 -1.1123366951942442 0.025046092961844912 1.0000000180025095e-35
decision_type=2 2 2 10 2 2
left_child=1 5 -3 -4 -5 -1
right_child=-2 2 3 4 -6 -7
leaf_value=-6.9429479582852735e-05 0.0016129295121507876 0.00096780347759983115 -0.0020282222566820338 -0.00096984028139802676 0.0017325618221267684 0.00068761850065683259
leaf_weight=1496.0702391749946 40.759454684972297 94.52685134584317 117.95964636653662 158.54276365786791 49.207682136446238 374.5061905295006
leaf_count=19944 437 1836 758 1013 310 4174
internal_value=9.58825e-06 -2.58256e-05 -0.000509598 -0.000954422 -0.00027958 8.49888e-05
internal_weight=2331.57 2290.81 420.237 325.71 207.75 1870.58
internal_count=28472 28035 3917 2081 1323 24118
is_linear=0
shrinkage=0.03


Tree=376
num_leaves=7
num_cat=0
split_feature=46 45 46 45 14 45
split_gain=0.14275 0.585862 0.199759 0.191563 0.210829 0.165378
threshold=14.500000000000002 0.23611111111111113 10.500000000000002 0.73863636363636376 0.10997981332411316 0.47727272727272735
decision_type=8 10 10 10 2 8
left_child=1 2 -1 4 -3 -2
right_child=5 3 -4 -5 -6 -7
leaf_value=0.00056863212311376301 -0.00051607154517242034 0.0015333746019238787 0.003215022939316465 -0.0026517019596245354 -0.0012474525763776115 4.5893406194096014e-05
leaf_weight=49.95230998727493 695.58225429154118 33.404167216969654 57.103016917360947 27.342615095723886 46.460399940609932 1415.1311986927176
leaf_count=506 7350 794 555 456 298 18550
internal_value=-6.50099e-05 0.000655171 0.00213428 -0.000877918 -4.31407e-05 -0.000140861
internal_weight=2324.98 214.263 107.055 107.207 79.8646 2110.71
internal_count=28509 2609 1061 1548 1092 25900
is_linear=0
shrinkage=0.03


Tree=377
num_leaves=7
num_cat=0
split_feature=7 30 5 11 34 22
split_gain=0.165394 0.333349 0.184922 0.227026 0.352674 0.203839
threshold=-0.10497029864169484 0.781671702861786 -0.0072937578581972586 0.017811226100862106 -1.7528906067212422 0.083270585625279628
decision_type=2 8 2 2 8 2
left_child=1 -1 3 5 -5 -2
right_child=2 -3 -4 4 -6 -7
leaf_value=0.0001439065521450591 0.0003658539230647051 -0.0025818243458385843 -0.00017640373067863682 -0.00061173525121102266 0.0022466252055057998 -0.00091214739560211582
leaf_weight=104.18376368843019 715.99019136605784 54.941429110302124 1167.7745517697913 51.651736213359982 112.3994041668484 123.12555346474983
leaf_count=2495 8124 857 13741 706 1125 1411
internal_value=9.59284e-06 -0.000894223 7.96369e-05 0.00037649 0.00136323 0.000169796
internal_weight=2330.07 159.125 2170.94 1003.17 164.051 839.116
internal_count=28459 3352 25107 11366 1831 9535
is_linear=0
shrinkage=0.03


Tree=378
num_leaves=7
num_cat=0
split_feature=11 20 36 23 30 28
split_gain=0.174248 0.225987 0.180789 0.1526 0.180627 0.201972
threshold=0.12734043717877583 -0.001310291497256366 -3.8453879221822271 -0.3021662770987818 0.781671702861786 1.0000000180025095e-35
decision_type=2 2 8 2 10 10
left_child=2 -2 -1 4 5 -4
right_child=1 -3 3 -5 -6 -7
leaf_value=0.0019733344943952918 -0.00081463348494059716 0.0022339832373027796 -0.00091629501187268894 5.4505646412340309e-06 -0.0015433287246223585 0.00070188144027641332
leaf_weight=28.167309425538406 26.610306791844778 55.029462749953382 141.01229036456789 1837.4042183209676 123.51289953035302 118.88083542365348
leaf_count=510 295 561 2575 21533 1422 1567
internal_value=-2.26991e-05 0.00125983 -7.4627e-05 -0.000109331 -0.00064556 -0.000177525
internal_weight=2330.62 81.6398 2248.98 2220.81 383.406 259.893
internal_count=28463 856 27607 27097 5564 4142
is_linear=0
shrinkage=0.03


Tree=379
num_leaves=7
num_cat=0
split_feature=24 37 7 33 20 33
split_gain=0.149188 0.210806 0.185042 0.164798 0.168647 0.187094
threshold=7.5000000000000009 5.6454195986925209 -0.0061278171290051467 0.48697650122145819 -0.034677603327608719 -0.47107676664988191
decision_type=2 10 2 10 2 8
left_child=1 -1 -3 4 -2 -6
right_child=3 2 -4 -5 5 -7
leaf_value=-0.00018736058924903828 -0.00055249877607528076 0.002453035288551072 0.0002161310206435917 -0.00039371847306205376 0.00060323270815146356 0.0035427470350358793
leaf_weight=2029.185789256866 23.558971576974727 40.570862304419279 103.89730006922036 60.358670284971595 44.84217659017304 33.061648921051528
leaf_count=25298 346 354 753 729 612 421
internal_value=-4.00763e-05 -0.000106882 0.000962456 0.000811286 0.00149914 0.00211184
internal_weight=2335.48 2173.65 144.468 161.821 101.463 77.9038
internal_count=28513 26405 1107 2108 1379 1033
is_linear=0
shrinkage=0.03


Tree=380
num_leaves=7
num_cat=0
split_feature=3 3 12 46 24 27
split_gain=0.134011 0.292253 0.292112 0.225825 0.237534 0.171916
threshold=-0.029706027269383959 -0.0088803131704073904 0.17482031030029258 69.500000000000014 1.5000000000000002 0.73956286907196056
decision_type=2 2 2 8 2 8
left_child=-1 -2 -3 4 -4 -5
right_child=1 2 3 5 -6 -7
leaf_value=-0.00018436555010437747 0.0019707424675109277 0.001694185959438235 -0.0010003864710307544 -0.0021091616283109333 0.0022915030473228105 -1.4595062709083736e-05
leaf_weight=1997.2528201442474 76.073906275385525 55.719026972277788 28.758330889046192 76.460756707936525 32.519190635532141 59.799385096877813
leaf_count=25000 742 1353 217 543 232 423
internal_value=-9.15086e-05 0.000460468 -5.08197e-05 -0.000600946 0.000822974 -0.00125378
internal_weight=2326.58 329.331 253.257 197.538 61.2775 136.26
internal_count=28510 3510 2768 1415 449 966
is_linear=0
shrinkage=0.03


Tree=381
num_leaves=7
num_cat=0
split_feature=28 46 51 30 35 33
split_gain=0.189464 0.272659 0.220582 0.18502 0.293401 0.176966
threshold=0.40760128200054174 14.500000000000002 0.22500000000000003 1.0544238090515139 1.8426681537003746 0.8433781067530316
decision_type=8 8 2 10 10 10
left_child=1 2 -1 5 -5 -3
right_child=-2 3 -4 4 -6 -7
leaf_value=-0.00021750274227401952 0.00029547672060999721 -0.00046238002191200555 0.0024406717727552315 -0.0019885438601323357 0.00059692029640438392 0.0005435024080624899
leaf_weight=51.313923456007615 1250.2261774683138 590.6649368199287 48.328962540137582 125.45637781842379 50.334664209047332 204.03581166826189
leaf_count=858 13100 9233 514 1396 567 2736
internal_value=4.57616e-05 -0.000246012 0.00117678 -0.000402607 -0.00125596 -0.00020058
internal_weight=2320.36 1070.13 99.6429 970.492 175.791 794.701
internal_count=28404 15304 1372 13932 1963 11969
is_linear=0
shrinkage=0.03


Tree=382
num_leaves=7
num_cat=0
split_feature=28 30 25 11 28 46
split_gain=0.198052 0.318111 0.217466 0.200883 0.470109 0.171221
threshold=0.37049102783203131 -0.54077517986297596 -0.74981261703203972 0.024428185521346412 -0.84265542030334462 25.500000000000004
decision_type=8 10 2 2 10 8
left_child=1 5 -2 -3 -5 -1
right_child=2 3 -4 4 -6 -7
leaf_value=0.0010196106444559944 0.0023135839311665984 -0.00047672121020029195 0.00019049375802126256 0.0015462175018229093 -0.0028953036939750338 -0.0001484017700991517
leaf_weight=128.25427677255357 35.166289845830761 222.09711049718317 1229.1394340377592 20.373192643397488 91.312625588994706 608.20910894853296
leaf_count=1933 403 2583 12831 254 996 9597
internal_value=1.39701e-05 -0.000284926 0.000267239 -0.00103848 -0.00202462 6.59405e-05
internal_weight=2334.55 1070.25 1264.31 333.783 111.686 736.463
internal_count=28597 15363 13234 3833 1250 11530
is_linear=0
shrinkage=0.03


Tree=383
num_leaves=7
num_cat=0
split_feature=27 42 6 4 25 44
split_gain=0.181056 0.197816 0.302889 0.280281 0.226364 0.154988
threshold=2.4085525274276738 1.5000000000000002 0.036121945402706954 -0.0015811092208757988 0.34489972283459558 1.5000000000000002
decision_type=8 2 2 2 2 8
left_child=-1 3 -3 4 5 -2
right_child=1 2 -4 -5 -6 -7
leaf_value=7.0013698243695334e-05 -0.0035407674766255244 -0.0010702333103201425 0.0027146682555683754 0.0013372168824782862 0.00086446792120278035 -0.0011881683626443413
leaf_weight=1960.9984920958959 23.149162654997781 30.213891483610496 27.847347737755626 35.748816247272771 34.69375814171508 237.28021238412475
leaf_count=23921 219 333 292 420 458 3101
internal_value=-4.81666e-05 -0.00063085 0.000877221 -0.000913456 -0.00122097 -0.00152049
internal_weight=2349.93 388.933 58.0612 330.872 295.123 260.429
internal_count=28744 4823 625 4198 3778 3320
is_linear=0
shrinkage=0.03


Tree=384
num_leaves=7
num_cat=0
split_feature=37 36 14 24 35 31
split_gain=0.120063 0.190283 0.142416 0.125123 0.111351 0.0955355
threshold=-6.0137545348643657 -1.6585098395950351 0.045822973168537236 1.5000000000000002 -5.5396608859300605 -0.71286839246749867
decision_type=8 10 2 2 8 10
left_child=1 3 -3 -1 5 -2
right_child=4 2 -4 -5 -6 -7
leaf_value=-0.0024871006428607303 -0.00035029671310788524 -0.00057619696845800418 0.0029428224643629677 0.00084785093022940537 -0.00011988868158294652 0.0023620251132347911
leaf_weight=9.2634453581995349 15.295103007927535 9.902485642815007 32.142210692167282 13.661399882344993 2237.1514057586028 20.376916016510222
leaf_count=288 156 647 337 355 26482 301
internal_value=-5.18859e-05 0.0011298 0.00216255 -0.000845829 -9.04659e-05 0.001377
internal_weight=2337.79 64.9695 42.0447 22.9248 2272.82 35.672
internal_count=28566 1627 984 643 26939 457
is_linear=0
shrinkage=0.03


Tree=385
num_leaves=7
num_cat=0
split_feature=34 35 40 46 45 3
split_gain=0.15161 0.145242 0.14708 0.259128 0.367127 0.25447
threshold=4.4901195367177333 -5.8023672352234517 1.5000000000000002 23.500000000000004 0.47727272727272735 -0.065510649338639343
decision_type=10 8 2 8 10 2
left_child=1 -1 3 4 -3 -4
right_child=-2 2 5 -5 -6 -7
leaf_value=0.0017477003768630219 0.0013925858548862638 0.0029057700177040208 -0.00065914050999709448 3.5100023518751846e-05 -0.0011781568517661208 0.00068476586441151453
leaf_weight=31.712336004769895 61.898044184781611 54.38605463958811 594.51305459669675 1431.4852801864763 22.082629511423875 151.73587808990851
leaf_count=494 509 625 7296 17708 390 1598
internal_value=3.61377e-05 -6.49776e-06 -3.87858e-05 0.000131683 0.00172655 -0.000380441
internal_weight=2347.81 2285.92 2254.2 1507.95 76.4687 746.249
internal_count=28620 28111 27617 18723 1015 8894
is_linear=0
shrinkage=0.03


Tree=386
num_leaves=7
num_cat=0
split_feature=26 33 40 5 33 27
split_gain=0.127363 0.219274 0.172097 0.162423 0.159683 0.148219
threshold=-7.4371142387390128 -2.4900540883342424 2.5000000000000004 -0.15933036968662093 -2.8124002814292903 -0.44175806641578669
decision_type=8 8 2 2 10 10
left_child=-1 4 -3 -4 5 -2
right_child=1 2 3 -5 -6 -7
leaf_value=0.0017859578047477044 0.00092992858958932431 0.00018957826115893289 -0.0024056762794579852 -0.00030558397919431022 -0.0021814876267716265 -0.00090355938114064288
leaf_weight=25.663550106051844 46.563753185313544 1779.9269993125636 28.668312407622579 264.39645345241297 53.306223418796435 127.90578130050562
leaf_count=427 898 21546 381 3042 700 1548
internal_value=6.86632e-06 -2.06212e-05 7.7992e-05 -0.00058362 -0.000883637 -0.00039034
internal_weight=2326.43 2300.77 2072.99 293.065 227.776 174.47
internal_count=28542 28115 24969 3423 3146 2446
is_linear=0
shrinkage=0.03


Tree=387
num_leaves=7
num_cat=0
split_feature=28 46 2 28 29 47
split_gain=0.138587 0.145205 0.128835 0.121535 0.174164 0.239651
threshold=-4.8550727367401114 14.500000000000002 -0.21599741212959864 4.2957904338836679 2.1011523008346562 8.5000000000000018
decision_type=8 10 2 10 8 8
left_child=1 2 -1 4 -2 -6
right_child=3 -3 -4 -5 5 -7
leaf_value=-0.00043870445271548949 -0.00017521502480203699 -0.00023858989274173271 0.003156393871072949 0.0012390483784559185 -0.00027818734050008283 0.0010246353041461461
leaf_weight=8.8965426854847447 1704.0066001898958 30.076621225161944 27.271214313543169 60.006042662542313 220.26490141655086 279.61346163839335
leaf_count=289 20654 702 567 521 2513 3228
internal_value=5.08104e-05 0.00130883 0.00236859 8.40522e-06 -3.05473e-05 0.000456366
internal_weight=2330.14 66.2444 36.1678 2263.89 2203.88 499.878
internal_count=28474 1558 856 26916 26395 5741
is_linear=0
shrinkage=0.03


Tree=388
num_leaves=7
num_cat=0
split_feature=35 37 2 2 34 2
split_gain=0.157508 0.123513 0.120734 0.116634 0.111405 0.154125
threshold=-5.8023672352234517 -6.0137545348643657 -0.032532135683091025 -0.10580182629515385 -6.3293890158335353 -0.17383287903645547
decision_type=8 8 2 2 8 2
left_child=-1 2 3 -2 -3 -6
right_child=1 4 -4 -5 5 -7
leaf_value=0.001867224988722295 0.00047942557506049056 -0.00089692859979442101 -0.0011135442267676129 0.0032887768324357087 -0.00044008487280389631 0.00016785964115318276
leaf_weight=32.232676953193732 34.624392917117802 113.42046400799882 9.097249079088213 16.873233592443285 475.39238772666431 1645.3043084248202
leaf_count=494 926 2103 253 301 7105 17278
internal_value=5.17394e-05 1.8247e-05 0.00125375 0.00178501 -2.07005e-05 3.01521e-05
internal_weight=2326.94 2294.71 60.5949 51.4976 2234.12 2120.7
internal_count=28460 27966 1480 1227 26486 24383
is_linear=0
shrinkage=0.03


Tree=389
num_leaves=7
num_cat=0
split_feature=51 46 6 1 5 46
split_gain=0.126264 0.263629 0.223367 0.179323 0.159715 0.151938
threshold=0.36666666666666675 49.500000000000007 0.08249603190124101 -0.024604083684933286 0.0096641171071157866 14.500000000000002
decision_type=2 10 2 2 2 10
left_child=-1 3 -3 -2 5 -5
right_child=1 2 -4 4 -6 -7
leaf_value=-6.224321085785496e-05 0.0025417694748911175 -0.0012399179572118669 0.00099925713449006766 0.0013477902500819503 0.0021929477164338322 -0.00070330891736432798
leaf_weight=1978.0963424491929 55.36231640400365 94.803363136947155 55.730575588997453 40.999819800723344 32.119770593009889 79.656641066307202
leaf_count=25064 619 959 499 349 253 722
internal_value=3.24582e-05 0.000542263 -0.000400325 0.00121108 0.000602343 4.34785e-05
internal_weight=2336.77 358.672 150.534 208.139 152.776 120.656
internal_count=28465 3401 1458 1943 1324 1071
is_linear=0
shrinkage=0.03


Tree=390
num_leaves=7
num_cat=0
split_feature=28 46 23 1 45 27
split_gain=0.131409 0.262224 0.240149 0.232917 0.263359 0.215094
threshold=0.38737246394157415 14.500000000000002 -0.77401172158764553 0.023197618039513434 0.26136363636363641 2.8338406085968022
decision_type=8 8 2 2 10 10
left_child=1 3 -3 4 -1 -2
right_child=5 2 -4 -5 -6 -7
leaf_value=0.0032884698231755312 0.00038209850370615251 -0.0021057965099177283 -0.00020196960109513716 -0.0010216871736992001 -9.1982171053398606e-05 -0.0011490622943945256
leaf_weight=42.943217533058487 1177.526587895758 54.088251873734407 912.7000226181699 24.923492334433831 33.228755630960222 79.118127201450989
leaf_count=530 12337 1198 12688 258 596 820
internal_value=7.04556e-05 -0.000173367 -0.00032895 0.00121018 0.00197426 0.000277386
internal_weight=2324.53 1067.88 966.788 101.095 76.172 1256.64
internal_count=28427 15270 13886 1384 1126 13157
is_linear=0
shrinkage=0.03


Tree=391
num_leaves=7
num_cat=0
split_feature=28 7 7 12 23 45
split_gain=0.11852 0.180147 0.276058 0.266081 0.370561 0.246743
threshold=0.44573460519313818 0.019898932340092077 0.013178264280701329 0.85347191826357749 -0.2577766867692583 0.78888888888888908
decision_type=8 2 2 2 2 8
left_child=1 2 3 -1 -5 -6
right_child=-2 -3 -4 4 5 -7
leaf_value=-0.00055592541392609205 0.00020183766480341651 -0.00063617021928975262 0.0021689424717334688 -0.0010858489985447509 0.0028007301241230976 0.00027278876445175021
leaf_weight=353.15483750205021 1232.7545722020441 503.87334471015492 44.378615877300035 57.602440934628248 66.508284874260426 68.052855338901281
leaf_count=7810 12871 5969 610 389 418 431
internal_value=9.18454e-07 -0.000225349 0.000130436 -7.15302e-05 0.000802147 0.00162956
internal_weight=2326.32 1093.57 589.697 545.318 192.164 134.561
internal_count=28498 15627 9658 9048 1238 849
is_linear=0
shrinkage=0.03


Tree=392
num_leaves=7
num_cat=0
split_feature=26 28 36 23 8 30
split_gain=0.136128 0.141043 0.363896 0.290871 0.227197 0.177975
threshold=-7.4371142387390128 2.8385466337203984 2.0507956012191939 0.011497648188013134 0.071576175812736745 5.7225165367126474
decision_type=8 10 10 2 2 10
left_child=-1 5 3 4 -3 -2
right_child=1 2 -4 -5 -6 -7
leaf_value=0.001796714130648301 -0.00010070962659046957 0.00092544061172779779 -0.0020142247216365693 -0.00047400622982679053 0.0036523770557932793 -0.001538664313357119
leaf_weight=25.392483478528447 2009.6062580960861 95.438304937328212 30.828565452713519 66.339120413700584 35.761494109872729 70.683652811218053
leaf_count=407 25436 904 259 546 288 686
internal_value=-5.01938e-05 -7.81689e-05 0.000613725 0.00110114 0.00187476 -0.000156695
internal_weight=2334.05 2308.66 228.367 197.539 131.2 2080.29
internal_count=28526 28119 1997 1738 1192 26122
is_linear=0
shrinkage=0.03


Tree=393
num_leaves=7
num_cat=0
split_feature=28 30 24 14 33 28
split_gain=0.144097 0.232353 0.194793 0.206981 0.224016 0.293234
threshold=0.37049102783203131 0.28222244977951055 3.5000000000000004 0.050056348388962335 0.05656953155994416 -0.44896443188190455
decision_type=8 10 2 2 10 10
left_child=1 2 3 -1 -5 -6
right_child=-2 -3 -4 4 5 -7
leaf_value=-0.0016442966570860609 0.00023183284695265253 -0.0010219627135297578 0.00063170685388615601 -0.00060005989785167908 0.0015948059338092141 -0.00081047653421494222
leaf_weight=79.759136142965872 1268.4917476222327 249.16749630490085 283.29368385201087 271.47533317282796 114.80483564734459 64.125470340251923
leaf_count=4075 13280 2859 4136 2552 1078 575
internal_value=1.67793e-05 -0.000239705 9.40601e-06 -0.000328659 -6.50286e-05 0.000735523
internal_weight=2331.12 1062.63 813.458 530.165 450.406 178.93
internal_count=28555 15275 12416 8280 4205 1653
is_linear=0
shrinkage=0.03


Tree=394
num_leaves=7
num_cat=0
split_feature=2 31 6 4 4 30
split_gain=0.163587 0.280502 0.308566 0.321282 0.284786 0.340037
threshold=-0.062616327728909418 1.2116855680942538 0.076763802206584617 -0.066750870154722308 -0.063958471308722495 -0.70943838357925404
decision_type=2 8 2 2 2 10
left_child=-1 -2 3 -3 -4 -6
right_child=1 2 4 -5 5 -7
leaf_value=0.0001468148422742041 -0.0013435712411867388 -0.0014218958857875209 0.0016122747364892547 0.00062566459225689506 -0.0025946017545714997 0.0014324025178132551
leaf_weight=1676.2732337744383 191.41202427097596 168.42106415645685 134.56260037416359 104.96983484737575 30.521479249757249 26.507360420073383
leaf_count=20973 1636 2305 1564 1476 410 262
internal_value=-1.04899e-05 -0.000408383 -3.22719e-06 -0.000641388 0.00089404 -0.000788375
internal_weight=2332.67 656.394 464.982 273.391 191.591 57.0288
internal_count=28626 7653 6017 3781 2236 672
is_linear=0
shrinkage=0.03


Tree=395
num_leaves=7
num_cat=0
split_feature=40 10 3 15 26 2
split_gain=0.211662 0.267467 0.245544 0.192458 0.213675 0.354457
threshold=1.5000000000000002 0.016741200307892574 0.0080345993168827023 1.5000000000000002 4.7113578319549569 -0.13245520650976231
decision_type=2 2 2 2 8 2
left_child=3 -2 -3 4 -1 -6
right_child=1 2 -4 -5 5 -7
leaf_value=0.00020935525344084304 -0.00082595728546089363 1.3070846952586306e-05 0.0026941174819395536 -0.00070903616269876269 -0.00033013771856537196 0.0024218579922786615
leaf_weight=1234.6677970832679 458.21713724004803 294.79765591261094 24.336823138641194 164.3665041741915 66.447032943658996 95.713510807836428
leaf_count=15192 5611 3312 266 2197 916 1086
internal_value=3.29969e-05 -0.000368623 0.000293167 0.000234045 0.00034927 0.00134052
internal_weight=2338.55 777.352 319.134 1561.19 1396.83 162.161
internal_count=28580 9189 3578 19391 17194 2002
is_linear=0
shrinkage=0.03


Tree=396
num_leaves=7
num_cat=0
split_feature=44 7 46 37 0 34
split_gain=0.118264 0.150169 0.181212 0.197416 0.144543 0.237648
threshold=7.5000000000000009 -0.10497029864169484 75.500000000000014 2.3268393844405497 -0.36529684337927287 -1.6134524345397947
decision_type=10 2 8 8 2 10
left_child=1 2 3 -1 5 -3
right_child=-2 4 -4 -5 -6 -7
leaf_value=0.0019689322471297239 0.0014163279692455989 -0.00028362890887771123 -0.0014336837209924214 -0.0013700326579905715 7.4268512380675121e-05 0.0027237484196659073
leaf_weight=28.628341025789268 49.347438738157507 42.50025806541089 110.22549499306479 18.111480814870447 2042.991829919396 38.8994092560024
leaf_count=751 764 846 2265 242 23249 482
internal_value=9.39909e-05 5.93314e-05 -0.000807487 0.000661668 0.000126861 0.00129431
internal_weight=2330.7 2281.36 156.965 46.7398 2124.39 81.3997
internal_count=28599 27835 3258 993 24577 1328
is_linear=0
shrinkage=0.03


Tree=397
num_leaves=7
num_cat=0
split_feature=20 12 35 29 33 0
split_gain=0.130169 0.157338 0.119829 0.23211 0.159742 0.156631
threshold=0.19161798785044981 1.0999111470803922 -3.9946261004855228 -2.3754527568817134 -3.0984154740969339 -0.084840280120375242
decision_type=2 2 8 8 10 2
left_child=2 -2 3 -1 -5 -4
right_child=1 -3 5 4 -6 -7
leaf_value=0.0022701607259870025 0.0014824326070484309 -0.00074508339496184037 -0.00058969985177081562 0.0012919305069788284 -0.0012966389565259476 -1.3296897063703628e-05
leaf_weight=43.806233278854052 86.588916681823321 33.31185569986701 582.60821124457289 25.637657925020903 44.729099515709095 1495.5919648921117
leaf_count=658 1403 182 8513 409 563 16691
internal_value=-6.94745e-05 0.000853849 -0.000123619 0.000782991 -0.00031011 -0.000176937
internal_weight=2312.27 119.901 2192.37 114.173 70.3668 2078.2
internal_count=28419 1585 26834 1630 972 25204
is_linear=0
shrinkage=0.03


Tree=398
num_leaves=7
num_cat=0
split_feature=5 22 14 6 5 0
split_gain=0.131718 0.129498 0.131405 0.194356 0.116921 0.126704
threshold=-0.16809133489906505 -0.095329146753579758 0.18227037747969455 0.055711122198918446 -0.14765971853646218 -0.0097357741111700462
decision_type=2 2 2 2 2 2
left_child=1 -1 3 -3 5 -2
right_child=4 2 -4 -5 -6 -7
leaf_value=0.0010055517753406692 -0.00028604195233747679 -0.0014993073022785363 -0.0023720280698467243 0.0011598842725264818 2.2827630228125106e-05 0.0022456799711935461
leaf_weight=21.08805398712866 26.30600548221264 47.932306025060825 43.151366397738457 33.774829068453982 2115.2155474094325 34.392382040852681
leaf_count=364 376 1024 228 543 25537 397
internal_value=2.96724e-06 -0.000839393 -0.00120245 -0.000393476 6.3049e-05 0.0012632
internal_weight=2321.86 145.947 124.859 81.7071 2175.91 60.6984
internal_count=28469 2159 1795 1567 26310 773
is_linear=0
shrinkage=0.03


Tree=399
num_leaves=7
num_cat=0
split_feature=48 14 5 14 12 0
split_gain=0.13603 0.287029 0.414109 0.112328 0.138591 0.127028
threshold=1.0000000180025095e-35 0.19891925297071181 -0.051605433634123316 0.028209123971929886 -0.78174994413603227 -0.098352437806754719
decision_type=2 2 2 2 2 2
left_child=3 2 -2 -1 -5 -6
right_child=1 -3 -4 4 5 -7
leaf_value=-0.0010380610964489808 -0.00041035945170487766 -0.00064933615951428669 0.0047439385854881793 0.0020015779607934258 -0.0003671837334880234 0.00014669135313035247
leaf_weight=81.625916406905162 22.128982124850154 39.45010145008564 22.451133427792229 21.755946287885308 587.65988091751933 1560.8668217342347
leaf_count=6250 262 189 293 629 6400 14463
internal_value=3.75467e-05 0.0011555 0.00257899 -9.09396e-06 3.41899e-05 5.08754e-06
internal_weight=2335.94 84.0302 44.5801 2251.91 2170.28 2148.53
internal_count=28486 744 555 27742 21492 20863
is_linear=0
shrinkage=0.03


end of trees

feature_importances:
Column_28=197
Column_0=113
Column_2=110
Column_14=109
Column_46=93
Column_47=92
Column_31=83
Column_7=82
Column_6=79
Column_3=77
Column_8=69
Column_23=67
Column_30=64
Column_22=62
Column_9=61
Column_12=55
Column_27=55
Column_20=54
Column_10=53
Column_5=51
Column_33=48
Column_11=47
Column_26=47
Column_51=47
Column_24=44
Column_4=43
Column_43=43
Column_1=42
Column_37=39
Column_35=38
Column_36=36
Column_34=34
Column_29=28
Column_49=28
Column_39=27
Column_15=25
Column_25=24
Column_45=23
Column_40=22
Column_42=21
Column_18=11
Column_41=11
Column_50=10
Column_48=9
Column_13=7
Column_17=7
Column_44=7
Column_16=6

parameters:
[boosting: gbdt]
[objective: custom]
[metric: custom]
[tree_learner: serial]
[device_type: cpu]
[data_sample_strategy: bagging]
[data: ]
[valid: ]
[num_iterations: 100]
[learning_rate: 0.03]
[num_leaves: 7]
[num_threads: 4]
[seed: 2]
[deterministic: 0]
[force_col_wise: 0]
[force_row_wise: 0]
[histogram_pool_size: -1]
[max_depth: -1]
[min_data_in_leaf: 200]
[min_sum_hessian_in_leaf: 0.001]
[bagging_fraction: 0.8]
[pos_bagging_fraction: 1]
[neg_bagging_fraction: 1]
[bagging_freq: 1]
[bagging_seed: 29216]
[bagging_by_query: 0]
[feature_fraction: 0.7]
[feature_fraction_bynode: 1]
[feature_fraction_seed: 17795]
[extra_trees: 0]
[extra_seed: 19650]
[early_stopping_round: 0]
[early_stopping_min_delta: 0]
[first_metric_only: 0]
[max_delta_step: 0]
[lambda_l1: 0]
[lambda_l2: 10]
[linear_lambda: 0]
[min_gain_to_split: 0]
[drop_rate: 0.1]
[max_drop: 50]
[skip_drop: 0.5]
[xgboost_dart_mode: 0]
[uniform_drop: 0]
[drop_seed: 24198]
[top_rate: 0.2]
[other_rate: 0.1]
[min_data_per_group: 100]
[max_cat_threshold: 32]
[cat_l2: 10]
[cat_smooth: 10]
[max_cat_to_onehot: 4]
[top_k: 20]
[monotone_constraints: ]
[monotone_constraints_method: basic]
[monotone_penalty: 0]
[feature_contri: ]
[forcedsplits_filename: ]
[refit_decay_rate: 0.9]
[cegb_tradeoff: 1]
[cegb_penalty_split: 0]
[cegb_penalty_feature_lazy: ]
[cegb_penalty_feature_coupled: ]
[path_smooth: 0]
[interaction_constraints: ]
[verbosity: -1]
[saved_feature_importance_type: 0]
[use_quantized_grad: 0]
[num_grad_quant_bins: 4]
[quant_train_renew_leaf: 0]
[stochastic_rounding: 1]
[linear_tree: 0]
[max_bin: 255]
[max_bin_by_feature: ]
[min_data_in_bin: 3]
[bin_construct_sample_cnt: 200000]
[data_random_seed: 45]
[is_enable_sparse: 1]
[enable_bundle: 1]
[use_missing: 1]
[zero_as_missing: 0]
[feature_pre_filter: 1]
[pre_partition: 0]
[two_round: 0]
[header: 0]
[label_column: ]
[weight_column: ]
[group_column: ]
[ignore_column: ]
[categorical_feature: ]
[forcedbins_filename: ]
[precise_float_parser: 0]
[parser_config_file: ]
[objective_seed: 29484]
[num_class: 1]
[is_unbalance: 0]
[scale_pos_weight: 1]
[sigmoid: 1]
[boost_from_average: 1]
[reg_sqrt: 0]
[alpha: 0.9]
[fair_c: 1]
[poisson_max_delta_step: 0.7]
[tweedie_variance_power: 1.5]
[lambdarank_truncation_level: 30]
[lambdarank_norm: 1]
[label_gain: ]
[lambdarank_position_bias_regularization: 0]
[eval_at: ]
[multi_error_top_k: 1]
[auc_mu_weights: ]
[num_machines: 1]
[local_listen_port: 12400]
[time_out: 120]
[machine_list_filename: ]
[machines: ]
[gpu_platform_id: -1]
[gpu_device_id: -1]
[gpu_device_id_list: ]
[gpu_use_dp: 0]
[num_gpu: 1]

end of parameters

pandas_categorical:null
