tree
version=v4
num_class=1
num_tree_per_iteration=1
label_index=0
max_feature_idx=51
feature_names=Column_0 Column_1 Column_2 Column_3 Column_4 Column_5 Column_6 Column_7 Column_8 Column_9 Column_10 Column_11 Column_12 Column_13 Column_14 Column_15 Column_16 Column_17 Column_18 Column_19 Column_20 Column_21 Column_22 Column_23 Column_24 Column_25 Column_26 Column_27 Column_28 Column_29 Column_30 Column_31 Column_32 Column_33 Column_34 Column_35 Column_36 Column_37 Column_38 Column_39 Column_40 Column_41 Column_42 Column_43 Column_44 Column_45 Column_46 Column_47 Column_48 Column_49 Column_50 Column_51
feature_infos=[-1.5:1.1366362033976634] [-0.65509124764268645:0.40510447387519971] [-0.85251175772068255:0.49893240555510682] [-0.67920672704701235:0.43885498450226607] [-0.42493206354631741:0.15687577236922162] [-0.64756721121716898:0.33647699784215573] [-1.3040108624960967:1.1608720758041358] [-0.57986229449180005:0.45489627323880977] [-0.70614378539769462:0.58837320072104526] [-0.54731417487356271:0.51819999363361069] [-0.29734186309896704:0.26478717780513195] [-0.57618913033216312:0.35589300273507235] [-5.0445154593868349:3.6754640327949004] [0.69314718055994529:3.1780538303479458] [0.00017214709266177869:0.85598412553983372] [1:5] [0:5] [0:5] [0:1] [0:1] [-0.78271514402617004:0.72283178928922986] [0:1] [-0.70084045237270542:0.72283178928922986] [-3:2.1650119469014046] [0:24] [-2.3232332583606072:3.1220677019308267] [-75.649192810058594:16.799999237060547] [-77.407508850097656:14.32053279876709] [-113.28507995605469:13.934700965881348] [-65.764854431152344:82.94964599609375] [-216.87321472167969:32.5] [-67.799999237060547:237.32306671142578] [0:1] [-24.34213415781657:16.799999237060547] [-89.101097106933594:32.5] [-70.730913675257142:15.425550371408463] [-22.543879124940716:15.343613442964852] [-69.293544291953253:31.116615288425237] [0:1] [0:10] [0:8] [0:4] [0:6] [0:3] [1:12] [0:1] [2:1073] [2:13] [0:4] [0:3] [0:1] [0:1]
tree_sizes=907 920 912 918 908 924 914 918 912 916 919 913 919 914 917 920 916 920 914 922 914 915 919 921 921 915 921 919 915 923 921 923 918 925 919 923 917 917 919 920 925 920 924 924 915 924 926 920 929 919 926 916 926 930 919 924 924 928 930 927 924 925 927 925 919 924 929 919 928 927 926 930 925 926 923 926 919 913 928 926 929 927 924 933 922 921 930 933 930 927 933 931 928 926 926 923 927 928 928 927 922 928 921 919 924 929 932 928 926 924 925 927 932 932 931 927 929 930 926 927 927 926 922 930 926 932 925 932 929 922 927 929 921 925 931 920 926 931 930 927 927 937 929 926 926 928 928 932 922 926 924 931 926 929 925 928 929 920 936 927 932 928 929 927 926 930 924 923 923 931 924 932 928 933 925 925 925 935 923 928 926 923 924 913 934 921 931 933 924 921 919 926 938 932 934 923 923 936 933 923 929 931 933 926 927 929 923 919 927 921 923 929 926 939 926 931 926 921 921 925 927 926 928 926 922 927 929 924 918 932 931 930 918 927 933 921 933 925 925 921 928 931 925 923 928 934 922 932 928 929 928 928 927 926 930 928 924 928 924 921 934 928 929 928 925 929 924 922 929 914 933 927 918 920 920 916 931 926 929 927 928 924 920 928 935 922 917 928 928 933 928 920 923 929 924 919 925 934 928 924 923 928 924 923 926 916 932 923 922 924 924 937 923 926 920 932 928 933 919 913 924 924 922 932 920 937 923 921 931 933 927 925 925 931 926 929 932 920 919 925 925 931 932 926 931 932 921 920 915 919 928 928 930 926 927 929 926 928 926 924 922 929 923 929 930 929 921 924 917 932 933 919 935 930 937 932 927 927 923 929 922 925 921 923 930 929 927 924 919 926 931 926 930 924 925 924 934 927 927 930

Tree=0
num_leaves=7
num_cat=0
split_feature=7 0 9 6 28 8
split_gain=11.5138 5.9232 2.26011 1.61708 1.52983 1.39009
threshold=-0.020371819932996756 0.12052974880660025 0.0046372142866668306 0.33929199159742401 3.0200256109237675 0.19344850867118132
decision_type=2 2 2 2 8 2
left_child=-1 2 5 -3 -4 -2
right_child=1 3 4 -5 -6 -7
leaf_value=-0.0033080366499105953 -0.0014407291367263646 0.0029512664826306465 0.00067080129409919633 0.0070502955776197201 0.004059149519839652 0.0045335910205120825
leaf_weight=656.17890724047902 550.32563670998206 305.3000962746155 534.49728222435806 131.03196743261651 146.77625217341119 27.75766728410963
leaf_count=9558 6953 3102 5690 1503 1540 346
internal_value=3.66809e-05 0.00134279 0.000287963 0.0043126 0.00144896 -0.00108165
internal_weight=2351.87 1695.69 1259.36 436.332 681.274 578.083
internal_count=28692 19134 14529 4605 7230 7299
is_linear=0
shrinkage=0.03


Tree=1
num_leaves=7
num_cat=0
split_feature=0 1 0 3 22 5
split_gain=10.0151 5.31905 1.71031 1.30225 1.15348 0.905425
threshold=0.12052974880660025 -0.017895590103229039 0.42313246652566022 -0.21412442350750885 0.034715597582891805 1.0000000180025095e-35
decision_type=2 2 2 2 2 2
left_child=1 4 -2 -3 -1 -5
right_child=2 3 -4 5 -6 -7
leaf_value=-0.0033141210109537502 0.0031433423808562007 -0.001696819281233484 0.0089011324375586984 0.00048293221815354584 -0.00076649772437168491 0.0028490274133695782
leaf_weight=641.0445590630261 419.30466041486943 185.54603091167519 47.798194190720096 648.00109351947322 221.64921929611592 179.96960912755458
leaf_count=8549 4469 2676 594 7355 3108 1822
internal_value=2.37598e-05 -0.000958539 0.00390675 0.000515079 -0.00267585 0.00102509
internal_weight=2343.31 1876.21 467.103 1013.52 862.694 827.971
internal_count=28573 23510 5063 11853 11657 9177
is_linear=0
shrinkage=0.03


Tree=2
num_leaves=7
num_cat=0
split_feature=0 7 8 28 9 6
split_gain=10.2014 5.56702 1.9896 1.6319 1.54916 1.04046
threshold=0.12052974880660025 -0.019294980699455917 0.12644176053820602 2.7236564159393315 0.0054541300413041985 0.34732969617399051
decision_type=2 2 2 10 2 2
left_child=1 -1 4 5 -3 -2
right_child=3 2 -4 -5 -6 -7
leaf_value=-0.0033448388879937377 0.0019374880676361632 -0.0015921446007751746 0.0030128138609545165 0.007989810567140725 0.00067211529147336534 0.0054153384080815438
leaf_weight=627.29703864170006 291.24716179183451 499.14712616187171 171.00336837401846 66.520254487288184 575.06034297219594 107.66063715470955
leaf_count=9141 3157 6306 1986 616 6069 1283
internal_value=-7.30501e-05 -0.0010644 0.000101912 0.00385383 -0.000384989 0.0029856
internal_weight=2337.94 1872.51 1245.21 465.428 1074.21 398.908
internal_count=28558 23502 14361 5056 12375 4440
is_linear=0
shrinkage=0.03


Tree=3
num_leaves=7
num_cat=0
split_feature=7 6 28 6 2 22
split_gain=9.74687 5.24021 1.99904 1.19125 1.05027 0.995654
threshold=-0.018207413947412359 0.28806393323660878 2.7757409811019902 0.11787534619931593 -0.11777762181154879 0.10134777681395037
decision_type=2 2 8 2 2 2
left_child=5 2 3 -2 -4 -1
right_child=1 -3 4 -5 -6 -7
leaf_value=-0.0034665290410582513 -0.00063620212442549431 0.0056320634285908309 0.00065610021734700927 0.001427911967016893 0.0041441730762239257 -0.00010168497350596587
leaf_weight=573.76121174526634 784.40470669345814 205.09639136286569 139.94554243795574 358.30870407368639 177.92380046163453 92.269320305960719
leaf_count=8258 9238 2207 1618 3807 1883 1457
internal_value=3.20666e-05 0.00125866 0.000610424 1.77932e-05 0.00267536 -0.00300878
internal_weight=2331.71 1665.68 1460.58 1142.71 317.869 666.031
internal_count=28468 18753 16546 13045 3501 9715
is_linear=0
shrinkage=0.03


Tree=4
num_leaves=7
num_cat=0
split_feature=0 7 9 28 28 8
split_gain=9.02488 5.32049 2.47469 1.75734 1.18159 1.11298
threshold=0.13655568528558773 -0.024091166803862328 0.0054541300413041985 2.672078132629395 2.466056346893311 0.19344850867118132
decision_type=2 2 2 8 8 2
left_child=1 -1 5 -2 -4 -3
right_child=3 2 4 -5 -6 -7
leaf_value=-0.0032721483209350987 0.0028343139978487288 -0.0015413172146169682 0.00058959354601917585 0.0079288221388536737 0.0033715620888346005 0.0039110721275559682
leaf_weight=593.04764484835323 349.03957614095998 589.38202033934067 524.43486801916151 71.720020458567888 179.09854159620591 26.282421131414594
leaf_count=8779 3925 7373 5638 689 1785 359
internal_value=-5.84569e-05 -0.000937726 0.00012844 0.0038666 0.00133513 -0.00124977
internal_weight=2333.01 1912.25 1319.2 420.76 703.533 615.664
internal_count=28548 23934 15155 4614 7423 7732
is_linear=0
shrinkage=0.03


Tree=5
num_leaves=7
num_cat=0
split_feature=0 6 1 23 22 22
split_gain=8.1657 3.78142 1.43094 1.36407 1.26976 0.997258
threshold=-0.0051056284576169722 0.33929199159742401 -0.017895590103229039 0.34456282204118988 0.068439268060310934 -0.15768213182079982
decision_type=2 2 2 2 2 2
left_child=2 3 4 5 -1 -2
right_child=1 -3 -4 -5 -6 -7
leaf_value=-0.0032772126512774142 -0.0017532684388408871 0.0060490421372898281 3.9598260891244585e-05 0.0037814019103018892 -0.00011239557518503018 0.00096925737691350752
leaf_weight=589.20834596353234 128.81980097314226 140.76739345709211 228.75966842702474 131.14748560835142 141.82661809344427 972.47491813346278
leaf_count=8076 1759 1595 2448 1354 2089 11191
internal_value=7.82214e-05 0.00155769 -0.00203274 0.00100014 -0.00267302 0.000637889
internal_weight=2333 1373.21 959.795 1232.44 731.035 1101.29
internal_count=28512 15899 12613 14304 10165 12950
is_linear=0
shrinkage=0.03


Tree=6
num_leaves=7
num_cat=0
split_feature=6 1 6 22 9 28
split_gain=7.8226 3.47947 2.37087 1.58012 1.33164 1.20465
threshold=0.11787534619931593 -0.026614850834016098 0.33929199159742401 0.032192119719780345 0.017728591276973783 2.9509787559509282
decision_type=2 2 2 2 2 8
left_child=1 3 -2 -1 -3 -6
right_child=2 4 -4 -5 5 -7
leaf_value=-0.0035539770632940018 0.0015871217033779487 -0.0010494015558245604 0.0058411074621225988 -0.00035903130665405631 0.00030106611564057416 0.0039513973766852513
leaf_weight=546.05662430811208 562.85949311222066 476.38384426187258 144.015602157393 189.12025079334853 319.80409463963588 100.0166809563525
leaf_count=7542 5999 6104 1627 2810 3479 1042
internal_value=-9.16778e-05 -0.00123317 0.0025232 -0.00274794 2.60432e-05 0.00124241
internal_weight=2338.26 1631.38 706.875 735.177 896.205 419.821
internal_count=28603 20977 7626 10352 10625 4521
is_linear=0
shrinkage=0.03


Tree=7
num_leaves=7
num_cat=0
split_feature=7 6 28 28 9 20
split_gain=8.28429 4.32901 1.83781 1.13592 0.967479 0.877042
threshold=-0.016281289747916691 0.25800267363092039 2.3425008058547978 2.6208504438400273 0.019327554822262356 0.10132930415284148
decision_type=2 2 8 8 2 2
left_child=5 2 -2 -3 -4 -1
right_child=1 3 4 -5 -6 -7
leaf_value=-0.0032287396375019596 -0.00020596991225028895 0.0033335834657268835 0.00070855612630352769 0.0084700011980118253 0.0038371369379030049 -0.00011750037260809554
leaf_weight=591.3057296575862 1055.7755204600398 202.46933080631425 187.62874832574744 49.651857735123485 169.35592826968059 95.231458054913674
leaf_count=8493 12118 2218 2222 449 1636 1492
internal_value=-5.57132e-05 0.00108799 0.000427849 0.00462967 0.00225689 -0.00280505
internal_weight=2351.42 1664.88 1412.76 252.121 356.985 686.537
internal_count=28628 18643 15976 2667 3858 9985
is_linear=0
shrinkage=0.03


Tree=8
num_leaves=7
num_cat=0
split_feature=7 6 9 28 43 28
split_gain=7.35267 4.05065 1.95977 1.31411 0.952633 0.829542
threshold=-0.024091166803862328 0.25800267363092039 0.013910249214652769 3.0200256109237675 1.5000000000000002 2.6208504438400273
decision_type=2 2 2 8 2 8
left_child=-1 2 4 -4 -2 -3
right_child=1 5 3 -5 -6 -7
leaf_value=-0.002820408533262115 -0.00096978527602380182 0.0032214572264340235 0.00076674842617749188 0.0038818786232272342 0.0038133981974883338 0.0076156791692066567
leaf_weight=618.37609708122909 715.79301506208139 207.84650947593036 572.75437337369658 147.53575653297594 29.770852411631495 51.733237197156996
leaf_count=9197 8975 2286 6027 1475 263 477
internal_value=-4.00177e-05 0.000966953 0.00034296 0.00144923 -0.000730847 0.00434722
internal_weight=2343.81 1725.43 1465.85 720.29 745.564 259.58
internal_count=28700 19503 16740 7502 9238 2763
is_linear=0
shrinkage=0.03


Tree=9
num_leaves=7
num_cat=0
split_feature=0 1 28 9 9 28
split_gain=7.2307 3.29403 1.45784 1.32242 1.1422 1.02079
threshold=0.14332896383286889 -0.0010476205091561506 2.6208504438400273 0.023468341943540728 -0.089260218624545126 1.7780444622039797
decision_type=2 2 8 2 2 8
left_child=1 3 -2 -1 -3 -6
right_child=2 4 -4 -5 5 -7
leaf_value=-0.002882161069909306 0.0025989120315930464 -0.0020900470193870196 0.0072634666878929688 -0.00062117256333998579 8.6556160288355372e-05 0.0022697922215188741
leaf_weight=585.33362765419588 337.8827818405407 124.0431466086884 71.474691743729636 393.44306240853621 519.63808645564131 297.17075046838727
leaf_count=8365 3799 1779 671 4707 6012 3215
internal_value=-3.27021e-06 -0.000779194 0.00356714 -0.00198878 0.000486827 0.000898705
internal_weight=2328.99 1919.63 409.357 978.777 940.852 816.809
internal_count=28548 24078 4470 13072 11006 9227
is_linear=0
shrinkage=0.03


Tree=10
num_leaves=7
num_cat=0
split_feature=7 0 28 9 28 9
split_gain=6.94944 3.3942 1.56981 1.05161 1.04826 0.859173
threshold=-0.016281289747916691 0.13997435442498815 2.9509787559509282 -0.062302855990015095 2.7236564159393315 0.0084460423705238503
decision_type=2 2 8 2 8 2
left_child=5 2 3 -2 -3 -1
right_child=1 4 -4 -5 -6 -7
leaf_value=-0.0035517017478993115 -0.0022385374956369621 0.0025999537260539651 0.0022666207045065156 0.00019871741898616643 0.0067472514761868193 -0.0013606403798961039
leaf_weight=354.6479490758793 188.18655102440971 328.16350895282812 268.31008654250763 806.07273638583138 65.255330695072189 323.98805431532674
leaf_count=5760 2563 3513 3060 8851 584 4227
internal_value=-5.64655e-06 0.00104222 0.000274518 -0.000280286 0.00343805 -0.00254061
internal_weight=2334.62 1655.99 1262.57 994.259 393.419 678.636
internal_count=28558 18571 14474 11414 4097 9987
is_linear=0
shrinkage=0.03


Tree=11
num_leaves=7
num_cat=0
split_feature=0 7 3 31 7 47
split_gain=6.9229 3.67374 1.55314 1.11489 1.01414 0.912248
threshold=0.13326998848160362 -0.021188254162003924 -0.22324057293262708 7.9284871779382238 0.11917742429786461 5.5000000000000009
decision_type=2 2 2 8 2 8
left_child=1 -1 -3 -4 -2 -5
right_child=4 2 3 5 -6 -7
leaf_value=-0.0026536409390814151 0.0022872272087520562 -0.002083503409778204 -1.2203458999610648e-05 -0.001562524805604569 0.0054811356460655533 0.002706329796957362
leaf_weight=605.72747589094797 302.57992637035204 218.61188479405246 739.20555443144985 46.559838713263161 138.07636694432586 280.3118780386867
leaf_count=8999 3306 3135 7211 616 1404 3842
internal_value=4.46357e-05 -0.000748295 0.000163628 0.000639509 0.00338743 0.00206994
internal_weight=2331.07 1890.42 1284.69 1066.08 440.656 326.872
internal_count=28513 23803 14804 11669 4710 4458
is_linear=0
shrinkage=0.03


Tree=12
num_leaves=7
num_cat=0
split_feature=7 6 9 2 20 28
split_gain=5.58684 3.09964 1.53322 1.02365 0.851145 0.804906
threshold=-0.024091166803862328 0.28806393323660878 0.010053427755530033 0.045092583946012975 0.0049181383830820278 2.6208504438400273
decision_type=2 2 2 2 2 8
left_child=4 2 3 -2 -1 -3
right_child=1 5 -4 -5 -6 -7
leaf_value=-0.0031947666151638356 -0.00088914713041610301 0.0029624771360172168 0.0013331450201379649 0.0031217794447189794 -0.00074394628059526219 0.007662171713058984
leaf_weight=412.33014331149752 689.08486226995592 167.53403613658156 769.50159919811995 52.610853493009927 193.35890753482818 42.475147785386071
leaf_count=6116 8500 1842 8000 648 2976 376
internal_value=1.73463e-05 0.000890172 0.000403009 -0.000566894 -0.00243716 0.00421807
internal_weight=2326.9 1721.21 1511.2 741.696 605.689 210.009
internal_count=28458 19366 17148 9148 9092 2218
is_linear=0
shrinkage=0.03


Tree=13
num_leaves=7
num_cat=0
split_feature=0 7 41 8 9 0
split_gain=6.21267 3.46162 1.73824 1.53567 1.20991 1.15178
threshold=0.12052974880660025 -0.024091166803862328 1.5000000000000002 0.12644176053820602 0.02024585362907461 0.40629810526123383
decision_type=2 2 2 2 2 2
left_child=1 -1 3 4 -3 -2
right_child=5 2 -4 -5 -6 -7
leaf_value=-0.0026295420774769805 0.002438682683287766 -0.0014244161399092554 0.005118299332910769 0.0025338927839660191 0.00059326222934337003 0.0068738674054062308
leaf_weight=577.21235878788866 413.43423115220503 581.01180633468903 50.472651172662154 162.79752295598155 480.7685061324155 56.530344117840286
leaf_count=8652 4348 7340 425 1915 5091 686
internal_value=6.11081e-05 -0.000723541 0.000153049 -9.14012e-05 -0.000513811 0.00310428
internal_weight=2322.23 1852.26 1275.05 1224.58 1061.78 469.965
internal_count=28457 23423 14771 14346 12431 5034
is_linear=0
shrinkage=0.03


Tree=14
num_leaves=7
num_cat=0
split_feature=0 7 3 8 43 7
split_gain=5.85263 3.19817 1.40911 1.58807 1.30539 1.13314
threshold=0.14332896383286889 -0.018207413947412359 -0.052429155651936322 0.20005708872711428 1.5000000000000002 0.11917742429786461
decision_type=2 2 2 2 2 2
left_child=1 -1 3 4 -3 -2
right_child=5 2 -4 -5 -6 -7
leaf_value=-0.0023752961045668203 0.0020250586355071362 -0.0007978185259003795 0.0021637140112052864 0.0044772154745658689 0.0043847005841550516 0.0054329570011939846
leaf_weight=632.23225364618702 275.40033489337657 948.39425068860874 255.67678064576467 49.589155737368856 35.963969167787582 136.31294583369163
leaf_count=9369 3048 11178 2698 563 305 1386
internal_value=5.37335e-05 -0.00064546 0.000214336 -0.00028382 -0.000566281 0.00325544
internal_weight=2333.57 1921.86 1289.62 1033.95 984.358 411.713
internal_count=28547 24113 14744 12046 11483 4434
is_linear=0
shrinkage=0.03


Tree=15
num_leaves=7
num_cat=0
split_feature=7 1 28 5 14 47
split_gain=4.85801 2.53036 1.79892 1.02239 0.862626 0.71609
threshold=-0.031371926671917141 0.042520850294021945 3.3306834697723393 0.0021485122064870718 0.2442724207889182 5.5000000000000009
decision_type=2 2 8 2 2 8
left_child=-1 2 3 -2 -3 -4
right_child=1 4 5 -5 -6 -7
leaf_value=-0.0024510105296777075 -0.00089961414950567246 0.0034839559056682344 -0.0014731535871209151 0.0014167729604697952 0.00055138661830156431 0.0029030301201696633
leaf_weight=548.75838836072944 872.74280888820067 320.87801244159346 33.050335695501417 203.41911406200961 130.01000884175301 222.33761717681773
leaf_count=8382 10446 3895 395 2162 592 2644
internal_value=-8.65232e-06 0.000752755 8.89284e-05 -0.000452752 0.00266868 0.00230253
internal_weight=2331.2 1782.44 1331.55 1076.16 450.888 255.388
internal_count=28516 20134 15647 12608 4487 3039
is_linear=0
shrinkage=0.03


Tree=16
num_leaves=7
num_cat=0
split_feature=0 0 9 28 9 28
split_gain=5.66898 2.27761 1.21511 0.979501 0.941876 0.852399
threshold=-0.053351463142832671 0.13326998848160362 0.02024585362907461 2.672078132629395 -0.012107225195464566 3.0200256109237675
decision_type=2 2 2 8 2 8
left_child=4 2 -2 -3 -1 -4
right_child=1 3 5 -5 -6 -7
leaf_value=-0.0032282418679839991 -0.00053940635581676752 0.0021605958893930834 0.00069935131918990798 0.0058719823305554836 -0.0010970932280496171 0.0035035527592029696
leaf_weight=317.89333781573805 592.4598019568075 370.90623972468893 380.43203119409736 75.751198108773679 472.36054579442134 124.73609277029755
leaf_count=4993 7504 4043 4124 703 5902 1280
internal_value=6.7789e-05 0.00112376 0.000379309 0.00290483 -0.00198401 0.00144633
internal_weight=2334.54 1544.29 1097.63 446.657 790.254 505.168
internal_count=28549 17654 12908 4746 10895 5404
is_linear=0
shrinkage=0.03


Tree=17
num_leaves=7
num_cat=0
split_feature=6 7 28 23 47 9
split_gain=4.96064 3.1304 1.72946 1.0299 0.940168 0.894864
threshold=0.25800267363092039 -0.031371926671917141 1.9798751473426821 0.57784389018357951 5.5000000000000009 0.025316750455254593
decision_type=2 2 8 2 8 2
left_child=1 -1 3 5 -4 -3
right_child=-2 2 4 -5 -6 -7
leaf_value=-0.0024720824879409038 0.0037235485433952543 -0.0014712356529300661 -0.0015813190609371161 0.0029953722307226758 0.0022751362504215651 0.00031845939600491993
leaf_weight=533.19146434847789 272.20233225461561 580.44598569287336 59.22445279895328 62.412161089217989 383.92051469854778 432.71143761015264
leaf_count=8230 2898 7256 613 735 4109 4632
internal_value=-6.88114e-06 -0.000517412 0.000180517 -0.000470535 0.00173621 -0.000711229
internal_weight=2324.11 2051.91 1518.71 1075.57 443.145 1013.16
internal_count=28473 25575 17345 12623 4722 11888
is_linear=0
shrinkage=0.03


Tree=18
num_leaves=7
num_cat=0
split_feature=0 43 28 9 8 22
split_gain=5.41554 1.9454 1.81439 1.78001 1.0394 1.03065
threshold=0.0077839355500756722 1.5000000000000002 2.8385466337203984 0.0093130960852280693 0.17882094874433499 0.034715597582891805
decision_type=2 2 10 2 2 2
left_child=1 3 5 4 -1 -2
right_child=2 -3 -4 -5 -6 -7
leaf_value=-0.0026251152219837191 0.00067668500119178777 0.0042580397595238717 0.0053797958907580616 -0.00027698566145975952 0.0024883849144054049 0.0033685212950963473
leaf_weight=690.21352307169582 567.38223551775445 48.643500773003325 106.11729710333748 724.08119183534291 30.083897062635515 158.31078247603728
leaf_count=10236 6121 424 934 8589 409 1728
internal_value=-4.69708e-05 -0.00112575 0.0018797 -0.00133509 -0.0023804 0.00130172
internal_weight=2324.83 1493.02 831.81 1444.38 720.297 725.693
internal_count=28441 19658 8783 19234 10645 7849
is_linear=0
shrinkage=0.03


Tree=19
num_leaves=7
num_cat=0
split_feature=7 7 28 30 43 22
split_gain=4.25113 2.0094 1.31491 1.03181 0.851895 0.878353
threshold=-0.015272537823014474 0.11917742429786461 1.8467716574668886 -4.5000259876251212 1.5000000000000002 -0.021557571906934244
decision_type=2 2 8 10 2 2
left_child=-1 2 3 -2 5 -4
right_child=1 -3 4 -5 -6 -7
leaf_value=-0.0019491191412694198 0.001490736784271556 0.0034145761733060339 -0.00085562569925890875 -0.00075379594000761247 0.0067031284262506928 0.0021362382103552362
leaf_weight=686.11758333492617 234.16713688953314 224.93538612031261 113.77708102687029 743.51406675006729 19.695253364741802 324.24097017821623
leaf_count=10110 3668 2182 1278 7865 142 3390
internal_value=2.06006e-05 0.000841367 0.000417295 -0.000206551 0.00172576 0.00135734
internal_weight=2346.45 1660.33 1435.39 977.681 457.713 438.018
internal_count=28635 18525 16343 11533 4810 4668
is_linear=0
shrinkage=0.03


Tree=20
num_leaves=7
num_cat=0
split_feature=0 7 28 28 2 0
split_gain=4.63036 2.48989 1.37022 1.22845 0.867517 0.815648
threshold=0.12052974880660025 -0.024091166803862328 2.466056346893311 2.7236564159393315 -0.11777762181154879 0.40629810526123383
decision_type=2 2 8 10 2 2
left_child=1 -1 -3 5 -4 -2
right_child=3 2 4 -5 -6 -7
leaf_value=-0.0022615588488685283 0.0013498065396594394 -0.00046733157030009949 1.6350697691003144e-05 0.0061001539509653434 0.0031093530485581059 0.0052790118705389206
leaf_weight=571.62673832250584 361.53976549598156 955.44886742380913 144.42149291950045 70.126393800368533 177.97908094449667 47.622635777748656
leaf_count=8689 3882 11181 1672 622 1896 594
internal_value=4.91418e-05 -0.000634345 0.000105473 0.00264564 0.001766 0.00192216
internal_weight=2328.76 1849.48 1277.85 479.289 322.401 409.162
internal_count=28536 23438 14749 5098 3568 4476
is_linear=0
shrinkage=0.03


Tree=21
num_leaves=7
num_cat=0
split_feature=7 6 28 3 23 2
split_gain=4.3693 2.19009 1.41332 0.951455 0.856873 0.69472
threshold=-0.018207413947412359 0.33929199159742401 1.9798751473426821 -0.23124022824059742 0.45464867897238254 -0.090897380884977647
decision_type=2 2 8 2 2 2
left_child=-1 2 4 -4 -2 -5
right_child=1 -3 3 5 -6 -7
leaf_value=-0.002110967461026016 -0.00046814777576210416 0.00419835045834277 -0.0014871942452985361 0.0011186628833217108 0.0021852261657913383 0.0036936929861436192
leaf_weight=651.83782346808584 966.16516870757914 142.28803280473221 61.234290071995929 215.71211261424469 113.43504894417129 177.35335209581535
leaf_count=9782 11187 1527 814 2194 1273 1745
internal_value=-4.55227e-05 0.000765445 0.000421871 0.00180612 -0.000171858 0.00234335
internal_weight=2328.03 1676.19 1533.9 454.3 1079.6 393.065
internal_count=28522 18740 17213 4753 12460 3939
is_linear=0
shrinkage=0.03


Tree=22
num_leaves=7
num_cat=0
split_feature=6 5 2 43 0 9
split_gain=3.76178 1.38526 1.33813 1.03367 0.986666 0.974601
threshold=0.087945717403657406 1.0000000180025095e-35 -0.13245520650976231 1.5000000000000002 0.40629810526123383 0.023468341943540728
decision_type=2 2 2 2 2 2
left_child=1 3 -2 5 -4 -1
right_child=2 -3 4 -5 -6 -7
leaf_value=-0.0022720956045806386 7.2906368278704485e-05 0.00095285073125029489 0.0020241738846320922 0.002925370181604272 0.0064467486957234706 -0.00050726109246150011
leaf_weight=657.43014177888108 328.74992581343395 284.56892002845416 483.00388795332401 40.027941179927438 43.855311556602828 499.64838674251223
leaf_count=9735 3870 3289 4890 366 477 5955
internal_value=9.3107e-06 -0.000903655 0.00158249 -0.00134921 0.00250553 -0.00152088
internal_weight=2337.28 1481.68 855.609 1197.11 526.859 1157.08
internal_count=28582 19345 9237 16056 5367 15690
is_linear=0
shrinkage=0.03


Tree=23
num_leaves=7
num_cat=0
split_feature=7 1 2 28 28 9
split_gain=3.57003 1.64753 1.25634 1.03817 0.87856 0.747397
threshold=-0.015272537823014474 0.042520850294021945 -0.11046667665868692 2.7757409811019902 1.6534560322761538 -0.035617276805198654
decision_type=2 2 2 8 8 2
left_child=-1 2 5 -4 -3 -2
right_child=1 4 3 -5 -6 -7
leaf_value=-0.0017885381344377035 -0.0025346881792982574 0.0013135593045509721 0.00039548536870465562 0.0032106199870399138 0.0041378223699388142 -0.00015030603283889418
leaf_weight=685.82803394633811 157.32282692714944 319.14061640319414 493.68057330767624 146.40710475493688 145.11350579257123 408.73894616984762
leaf_count=10170 2268 3325 5596 1583 1249 4563
internal_value=1.85843e-05 0.000766774 0.000176222 0.00107887 0.00226498 -0.000845483
internal_weight=2356.23 1670.4 1206.15 640.088 464.254 566.062
internal_count=28754 18584 14010 7179 4574 6831
is_linear=0
shrinkage=0.03


Tree=24
num_leaves=7
num_cat=0
split_feature=0 0 8 43 9 9
split_gain=3.09981 1.65611 1.11876 1.06004 0.880106 0.821798
threshold=-0.053351463142832671 0.40629810526123383 0.099301723458525434 1.5000000000000002 -0.0055679357386712374 0.02024585362907461
decision_type=2 2 2 2 2 2
left_child=4 2 3 5 -1 -2
right_child=1 -3 -4 -5 -6 -7
leaf_value=-0.0026513996747807352 -0.00079147888893237039 0.0052284485297248249 0.0021705539547000065 0.0040546018771494708 -0.0006324276794123768 0.00081154493294692293
leaf_weight=342.89448599967 628.37765053485055 61.592667503078701 294.83105915546184 48.980481930775568 451.42251015946385 514.2062990256818
leaf_count=5362 7839 703 3303 396 5606 5406
internal_value=-1.36942e-05 0.000767187 0.000548618 0.000132575 -0.00152612 -6.92752e-05
internal_weight=2342.31 1547.99 1486.4 1191.56 794.317 1142.58
internal_count=28615 17647 16944 13641 10968 13245
is_linear=0
shrinkage=0.03


Tree=25
num_leaves=7
num_cat=0
split_feature=0 28 0 2 2 20
split_gain=3.15489 1.84035 1.04583 1.03317 0.90211 0.815054
threshold=0.12052974880660025 2.4239186048507695 0.46586906684600954 -0.12572700109751672 -0.11777762181154879 0.032911609014406977
decision_type=2 8 2 2 2 2
left_child=1 3 -2 5 -3 -1
right_child=2 4 -4 -5 -6 -7
leaf_value=-0.0026394907455745634 0.0015865312913567174 -0.0003418743545672242 0.0064471907972478417 -0.00039490656273692817 0.0024009094063909119 -0.00021089846670496967
leaf_weight=476.4223978119262 451.64740210358286 201.11581908096559 35.731239841290517 783.83065639570123 217.5543793780962 169.5670807971037
leaf_count=6941 4667 2407 425 9288 2311 2577
internal_value=-5.7057e-05 -0.000624757 0.00206534 -0.00113574 0.00110612 -0.00201494
internal_weight=2335.87 1848.49 487.379 1429.82 418.67 645.989
internal_count=28616 23524 5092 18806 4718 9518
is_linear=0
shrinkage=0.03


Tree=26
num_leaves=7
num_cat=0
split_feature=6 7 28 7 3 3
split_gain=3.65157 1.34513 1.32928 0.912107 0.853226 0.718416
threshold=0.074773325052908665 0.11917742429786461 2.2689465284347539 -0.021188254162003924 -0.05711566095057282 -0.32866954310102664
decision_type=2 2 8 2 2 2
left_child=2 4 3 -1 -2 -4
right_child=1 -3 5 -5 -6 -7
leaf_value=-0.002499885359687619 0.00031941339639220563 0.0035756558222147395 -0.0039319631361779458 -0.00073027287575561485 0.0029568637186527824 0.0010697086527774262
leaf_weight=457.09051863013883 604.86874007817823 195.08928060819744 18.360274642182048 625.39381542790215 125.92561154847499 305.87131303653587
leaf_count=7319 6924 1893 276 7554 1237 3449
internal_value=-3.1446e-05 0.00142287 -0.000991945 -0.00149355 0.000807661 0.000677311
internal_weight=2332.6 925.884 1406.72 1082.48 730.794 324.232
internal_count=28652 10054 18598 14873 8161 3725
is_linear=0
shrinkage=0.03


Tree=27
num_leaves=7
num_cat=0
split_feature=6 23 9 0 3 28
split_gain=3.36505 1.35092 1.31813 0.929115 0.858573 0.811508
threshold=0.074773325052908665 0.48447040189574847 0.016937871378546496 0.46586906684600954 -0.024451192919065664 2.466056346893311
decision_type=2 2 2 2 2 8
left_child=2 3 -1 4 -2 -4
right_child=1 -3 5 -5 -6 -7
leaf_value=-0.0017612910806824031 0.00036265481720983801 0.0046560544136022572 -0.00049715351238210817 0.0053458582624281254 0.0033118312653043149 0.0020084055059182934
leaf_weight=767.0103880938841 710.88295214329264 92.130744713358581 500.02480577921961 31.869444441981614 92.134612678491976 140.73395504103974
leaf_count=11013 7814 965 6066 364 900 1438
internal_value=-8.66965e-06 0.00138635 -0.000930594 0.000974701 0.000737603 7.55645e-05
internal_weight=2334.79 927.018 1407.77 834.887 803.018 640.759
internal_count=28560 10043 18517 9078 8714 7504
is_linear=0
shrinkage=0.03


Tree=28
num_leaves=7
num_cat=0
split_feature=7 8 28 43 9 31
split_gain=2.80884 1.72534 1.09509 1.14706 0.939003 0.822076
threshold=-0.020371819932996756 0.1029647351714858 2.8385466337203984 1.5000000000000002 0.02024585362907461 1.3210596144199374
decision_type=2 2 10 2 2 8
left_child=-1 2 3 4 -2 -6
right_child=1 -3 -4 -5 5 -7
leaf_value=-0.0015871263502730637 -0.001023752750697977 0.0026103501571034717 0.0027364476168591561 0.003903631849943621 -0.0012459828181954884 0.0013759728569521425
leaf_weight=626.92029348657525 630.52126437058905 344.73357398324879 133.2385736614815 53.081722106551751 138.57918050163426 389.18392678839155
leaf_count=9535 7927 3838 1116 433 1092 4450
internal_value=0.000112508 0.000748877 0.00025588 -3.71293e-05 -0.000249594 0.000677137
internal_weight=2316.26 1689.34 1344.6 1211.37 1158.28 527.763
internal_count=28391 18856 15018 13902 13469 5542
is_linear=0
shrinkage=0.03


Tree=29
num_leaves=7
num_cat=0
split_feature=0 28 7 28 9 4
split_gain=3.00129 1.66253 1.11914 1.0496 0.85288 0.839208
threshold=0.082363552169606349 2.4239186048507695 -0.10750770994707606 1.8145318627357485 -0.012107225195464566 -0.11065795068779095
decision_type=2 8 2 8 2 2
left_child=1 2 -1 -2 -4 -3
right_child=3 5 4 -5 -6 -7
leaf_value=-0.0036977724027629582 0.00092417133776371717 -0.00028414512610534478 -0.0018940977236465378 0.0036910523567766358 -0.00025063091310399346 0.002408726211237576
leaf_weight=134.95896286703646 423.76009483469534 218.97947854798986 455.56823462169268 170.37405454134569 738.8545007747307 185.45204065123107
leaf_count=2788 4695 2518 6404 1505 8532 2040
internal_value=-5.69633e-05 -0.000688042 -0.00119872 0.00176557 -0.000887992 0.000978997
internal_weight=2327.95 1733.81 1329.38 594.134 1194.42 404.432
internal_count=28482 22282 17724 6200 14936 4558
is_linear=0
shrinkage=0.03


Tree=30
num_leaves=7
num_cat=0
split_feature=0 28 9 2 12 11
split_gain=2.44673 1.45776 0.837999 0.828201 0.905243 0.764157
threshold=-0.055713991131700162 1.9798751473426821 0.0061656787275190398 -0.12572700109751672 1.5456991899470942 0.11698109412712838
decision_type=2 8 2 2 2 2
left_child=5 2 -2 -3 -5 -1
right_child=1 3 -4 4 -6 -7
leaf_value=-0.0015782480771612277 -0.00082619624212860998 0.00044346129155688343 0.00083136252013286255 0.0038010464958181034 -0.00030414894567252153 0.0027631990537356375
leaf_weight=746.85878574207891 508.33284173283027 190.01869142137002 573.58504575141706 234.14037487399764 58.520158000290394 29.440463816397823
leaf_count=10486 6560 2136 6087 2686 270 379
internal_value=-1.39325e-05 0.0006686 5.2134e-05 0.00202129 0.00299725 -0.00138055
internal_weight=2340.9 1564.6 1081.92 482.679 292.661 776.299
internal_count=28604 17739 12647 5092 2956 10865
is_linear=0
shrinkage=0.03


Tree=31
num_leaves=7
num_cat=0
split_feature=0 28 0 43 2 14
split_gain=2.35284 1.72274 1.10504 0.950241 0.890236 0.898686
threshold=-0.053351463142832671 2.7236564159393315 0.40629810526123383 1.5000000000000002 -0.17383287903645547 0.41385917847164688
decision_type=2 10 2 2 2 2
left_child=-1 2 3 4 -2 -6
right_child=1 -3 -4 -5 5 -7
leaf_value=-0.0013814073430994994 -0.0016188852965696122 0.0034093732068500061 0.0042835760581748953 0.0036909154929589548 0.00052575671191664277 -0.0033024920139099485
leaf_weight=785.49478889978491 260.96597637180821 167.14698420400964 48.974118113110308 52.760401980485767 972.70786143044825 48.547086820006371
leaf_count=10951 3832 1470 592 441 11191 201
internal_value=-5.37065e-05 0.000623197 0.000264653 8.64655e-05 -8.9264e-05 0.000313515
internal_weight=2336.6 1551.1 1383.96 1334.98 1282.22 1021.25
internal_count=28678 17727 16257 15665 15224 11392
is_linear=0
shrinkage=0.03


Tree=32
num_leaves=7
num_cat=0
split_feature=7 2 28 6 20 23
split_gain=2.58351 1.47684 1.3869 0.856677 0.755499 0.68107
threshold=-0.021188254162003924 -0.12572700109751672 2.3097722530364995 0.29324434012715528 0.028345673326884206 0.56683232886863422
decision_type=2 2 8 2 2 2
left_child=-1 4 3 5 -2 -3
right_child=1 2 -4 -5 -6 -7
leaf_value=-0.0016681200269174706 -0.0011102820350766868 -6.2533524627892336e-05 0.0030928388369717611 0.0031004984948844426 0.0012286603074554367 0.0033244560622320272
leaf_weight=619.21498413011432 494.03276350421947 636.86016050085891 268.1867819907493 97.912855133181438 155.89419330307283 48.293390076229116
leaf_count=9424 5911 7065 2632 1036 1838 523
internal_value=-2.4495e-05 0.000580022 0.00127049 0.000615241 -0.000539137 0.000220589
internal_weight=2320.4 1701.18 1051.25 783.066 649.927 685.154
internal_count=28429 19005 11256 8624 7749 7588
is_linear=0
shrinkage=0.03


Tree=33
num_leaves=7
num_cat=0
split_feature=6 0 5 12 8 17
split_gain=2.77175 1.33636 0.876342 0.862064 0.740807 0.632881
threshold=0.24808899812778243 -0.053351463142832671 0.005732849572629266 1.643183226024939 0.17882094874433499 1.0000000180025095e-35
decision_type=2 2 2 2 2 2
left_child=1 2 -1 -2 5 -3
right_child=3 4 -4 -5 -6 -7
leaf_value=-0.0017392669570713056 0.0034499444739969545 0.00036574297869300111 0.00087944430181062126 -0.00066228283501290608 0.0030832762013534381 -0.0016555505570400909
leaf_weight=645.15462672329159 246.563227004488 1040.8892926643894 133.02040170575492 52.341986514627934 69.904858004825655 150.76886742789065
leaf_count=9250 2849 11978 1648 244 830 1832
internal_value=8.28962e-05 -0.000316698 -0.00128615 0.00273171 0.000286705 9.83594e-05
internal_weight=2338.64 2039.74 778.175 298.905 1261.56 1191.66
internal_count=28631 25538 10898 3093 14640 13810
is_linear=0
shrinkage=0.03


Tree=34
num_leaves=7
num_cat=0
split_feature=2 6 9 7 1 43
split_gain=2.45013 1.67608 1.24673 0.834033 0.79792 0.898022
threshold=-0.12705250761577 0.28806393323660878 0.1040427098408976 -0.018207413947412359 0.042520850294021945 1.5000000000000002
decision_type=2 2 2 2 2 2
left_child=4 2 3 -2 5 -1
right_child=1 -3 -4 -5 -6 -7
leaf_value=-0.0016145315817706707 -0.0014495134770865848 0.0038303832591577761 0.0027228726929573849 0.00054701910138387139 0.00093957215273786853 0.0030536412397871695
leaf_weight=840.26186823571334 238.79245690628886 142.65176230817451 178.36533421103377 764.76559348223964 143.71492604847299 29.783770991954952
leaf_count=12056 3244 1430 1888 8355 1468 264
internal_value=2.29653e-05 0.000869785 0.000483318 6.23384e-05 -0.00108117 -0.00142185
internal_weight=2338.34 1324.58 1181.92 1003.56 1013.76 870.046
internal_count=28705 14917 13487 11599 13788 12320
is_linear=0
shrinkage=0.03


Tree=35
num_leaves=7
num_cat=0
split_feature=7 43 14 28 22 46
split_gain=2.22552 1.64362 1.14986 1.11226 0.793373 0.772385
threshold=0.061985534140175623 1.5000000000000002 0.31953153718185695 1.0545144677162173 0.029186624923908718 28.500000000000004
decision_type=2 2 2 8 2 10
left_child=1 3 -2 4 -1 -3
right_child=2 5 -4 -5 -6 -7
leaf_value=-0.0019635726842151817 0.0020161635666798663 0.0063441017569645956 -0.0014971245762900338 0.00010731238813749115 -4.1228528148703746e-05 -3.9501755099775906e-05
leaf_weight=730.18410203549138 510.17326963532832 33.280769396573305 92.382948443293571 682.59790480759693 262.07035595487105 27.952961063943803
leaf_count=10561 5617 290 389 7580 3868 243
internal_value=-9.44142e-05 -0.000639842 0.00146186 -0.000825175 -0.00146133 0.00383355
internal_weight=2338.64 1736.09 602.556 1674.85 992.254 61.2337
internal_count=28548 22542 6006 22009 14429 533
is_linear=0
shrinkage=0.03


Tree=36
num_leaves=7
num_cat=0
split_feature=6 43 3 23 28 28
split_gain=2.6356 1.57099 1.29805 1.21803 1.00028 0.689054
threshold=0.24808899812778243 1.5000000000000002 -0.052429155651936322 0.19540126644789638 2.6208504438400273 1.9798751473426821
decision_type=2 2 2 2 8 10
left_child=1 2 3 5 -2 -1
right_child=4 -3 -4 -5 -6 -7
leaf_value=-0.0016358574250461735 0.0015401872424890223 0.0036884903402388358 0.0010121100390432533 0.00086207502298979997 0.0057230301659967446 0.00017844562312804984
leaf_weight=1107.4233885795256 247.76695334588294 70.286738849012181 360.02845091582276 267.29936737436219 59.822623645653948 224.3778902135673
leaf_count=15554 2622 607 3994 3031 527 2264
internal_value=-3.40076e-05 -0.000429742 -0.000595471 -0.000961449 0.00250829 -0.00133114
internal_weight=2337.01 2029.42 1959.13 1599.1 307.59 1331.8
internal_count=28599 25450 24843 20849 3149 17818
is_linear=0
shrinkage=0.03


Tree=37
num_leaves=7
num_cat=0
split_feature=0 43 47 7 46 28
split_gain=2.04888 1.17178 1.2179 1.07462 1.01463 0.975571
threshold=0.084934658122994902 1.5000000000000002 5.5000000000000009 -0.10750770994707606 30.500000000000004 2.6208504438400273
decision_type=2 2 8 2 10 10
left_child=1 2 -1 -4 -3 -2
right_child=5 4 3 -5 -6 -7
leaf_value=-0.0028407283232657994 0.00086931351667484497 0.0063889412482165311 -0.0028722843655787961 -0.00015257702409714459 -0.00083805473932997525 0.0040660597274945502
leaf_weight=205.60334518080344 499.5730136592756 29.786025820532814 135.17039899647352 1331.1256461874582 27.518754567950964 96.261848130030558
leaf_count=2729 5398 271 2683 16464 234 804
internal_value=-5.83599e-05 -0.000581483 -0.000733734 -0.000421051 0.00330954 0.00144436
internal_weight=2325.04 1729.2 1671.9 1466.3 57.3048 595.835
internal_count=28583 22381 21876 19147 505 6202
is_linear=0
shrinkage=0.03


Tree=38
num_leaves=7
num_cat=0
split_feature=0 0 5 8 14 15
split_gain=2.25223 1.23807 1.0021 0.972452 1.1337 0.949716
threshold=-0.053351463142832671 0.46586906684600954 0.005732849572629266 -0.066244158714105342 0.41385917847164688 1.5000000000000002
decision_type=2 2 2 2 2 2
left_child=2 3 -1 -2 5 -5
right_child=1 -3 -4 4 -6 -7
leaf_value=-0.0017975626840053072 -0.0013059658025140607 0.0054590279789966138 0.0010291579347247175 0.001357307245501605 -0.0026074155227620009 -0.0011059066675931288
leaf_weight=646.15892149026331 219.68853109062184 36.871786444011377 129.4689475260675 1062.1769643282751 72.470049902796745 154.52304372715298
leaf_count=9272 3285 439 1619 11805 299 1812
internal_value=-9.32909e-06 0.000651914 -0.00131863 0.000499275 0.000814591 0.00103801
internal_weight=2321.36 1545.73 775.628 1508.86 1289.17 1216.7
internal_count=28531 17640 10891 17201 13916 13617
is_linear=0
shrinkage=0.03


Tree=39
num_leaves=7
num_cat=0
split_feature=7 28 14 5 37 47
split_gain=2.04733 1.5493 1.28947 0.932829 0.699849 0.681585
threshold=0.065152799049827126 2.7757409811019902 0.31953153718185695 0.0021485122064870718 -2.5911847638587151 5.5000000000000009
decision_type=2 8 2 2 10 8
left_child=1 3 -2 4 -1 -3
right_child=2 5 -4 -5 -6 -7
leaf_value=0.00053284557996684625 0.0021670760436686008 -0.0019435841283438025 -0.0016128812503554246 0.00068021064749990688 -0.0015869971658107713 0.001807982491950377
leaf_weight=157.67427510855487 479.39156838456984 42.40562158357352 89.781963095068932 256.27288813862833 1003.7751278449432 296.07626409758814
leaf_count=3494 5284 482 377 3077 12378 3453
internal_value=5.45778e-06 -0.000502131 0.00155327 -0.000937432 -0.00129712 0.00129569
internal_weight=2325.38 1756.2 569.174 1417.72 1161.45 338.482
internal_count=28545 22884 5661 18949 15872 3935
is_linear=0
shrinkage=0.03


Tree=40
num_leaves=7
num_cat=0
split_feature=0 41 2 46 14 22
split_gain=1.65099 1.43039 1.11517 0.990642 0.842608 0.673104
threshold=0.12052974880660025 1.5000000000000002 -0.12572700109751672 28.500000000000004 0.41385917847164688 0.0098045582349376038
decision_type=2 2 2 10 2 2
left_child=1 2 5 -3 -4 -1
right_child=-2 3 4 -5 -6 -7
leaf_value=-0.0020528517844433589 0.0014446045076702578 0.0064122761135928562 0.00022501883599763625 -0.00036188886028080486 -0.003589443230564367 -0.00014219814113449963
leaf_weight=561.94987841046532 487.84416593631613 34.573524388717487 924.46987327831448 32.646240421570837 45.198443025350571 235.97713242401369
leaf_count=8033 5044 315 11199 277 187 3426
internal_value=-8.89078e-05 -0.000502262 -0.000673361 0.00350149 1.23936e-05 -0.00149655
internal_weight=2322.66 1834.82 1767.6 67.2198 969.668 797.927
internal_count=28481 23437 22845 592 11386 11459
is_linear=0
shrinkage=0.03


Tree=41
num_leaves=7
num_cat=0
split_feature=8 1 43 9 28 31
split_gain=2.02075 1.51617 1.38474 0.931679 0.718281 0.597266
threshold=0.16183952307787722 0.0049066969712198661 1.5000000000000002 0.02024585362907461 1.5930150151252749 1.9233466386795046
decision_type=2 2 2 2 8 10
left_child=1 2 3 -1 5 -3
right_child=-2 4 -4 -5 -6 -7
leaf_value=-0.0016042553325500044 0.0030623772729908715 -0.0011445458827250676 0.0038663362265022537 -8.0513686316582741e-05 0.002383089114634552 0.00107481089034474
leaf_weight=803.50011667865328 172.01504166339873 161.53698723530397 46.587798331398517 651.47529274132103 206.62215964414645 291.12603372335434
leaf_count=11882 1955 1325 405 7701 1776 3420
internal_value=2.62149e-05 -0.000228473 -0.000753877 -0.000927196 0.00096155 0.000275193
internal_weight=2332.86 2160.85 1501.56 1454.98 659.285 452.663
internal_count=28464 26509 19988 19583 6521 4745
is_linear=0
shrinkage=0.03


Tree=42
num_leaves=7
num_cat=0
split_feature=0 41 9 46 5 14
split_gain=2.06591 1.48514 1.14442 0.92762 0.749476 0.597933
threshold=0.12052974880660025 1.5000000000000002 -0.0055679357386712374 28.500000000000004 1.0000000180025095e-35 0.31953153718185695
decision_type=2 2 2 10 2 2
left_child=1 2 -1 -3 -4 -2
right_child=5 3 4 -5 -6 -7
leaf_value=-0.0015279033033080145 0.0021211076728537273 0.0062452308610812229 -0.00039271700292966666 -0.00019818779032814782 0.0015920740209134823 -0.00087617194018838951
leaf_weight=737.93816006515408 424.82043617410818 37.126356967259198 829.03665472657303 34.033552190288901 205.12943038041703 63.851443737745285
leaf_count=10731 4823 327 9931 289 2157 269
internal_value=5.72317e-06 -0.000455516 -0.000633958 0.00351883 1.24482e-05 0.00171976
internal_weight=2331.94 1843.26 1772.1 71.1599 1034.17 488.672
internal_count=28527 23435 22819 616 12088 5092
is_linear=0
shrinkage=0.03


Tree=43
num_leaves=7
num_cat=0
split_feature=2 14 34 20 28 11
split_gain=1.75165 1.42914 1.09722 0.872668 0.907204 0.830104
threshold=-0.12572700109751672 0.41385917847164688 -7.6496938218673067 0.008622565428666908 1.8145318627357485 0.11129591335915441
decision_type=2 2 10 2 8 2
left_child=3 2 -2 4 -1 -4
right_child=1 -3 5 -5 -6 -7
leaf_value=-0.0022126987216977419 0.0031183180882616394 -0.0031123803356444663 0.00032976636184199398 0.00040373645430356387 0.00010682517966509034 0.0034063970126732949
leaf_weight=497.78905172803206 169.04584926308598 73.879696391522884 1009.984668969817 294.97943920391845 215.17333146661986 75.951822763541713
leaf_count=7157 2568 305 11150 4078 2480 793
internal_value=-2.13054e-05 0.00069193 0.00093872 -0.000959189 -0.00152087 0.000574069
internal_weight=2336.8 1328.86 1254.98 1007.94 712.962 1085.94
internal_count=28531 14816 14511 13715 9637 11943
is_linear=0
shrinkage=0.03


Tree=44
num_leaves=7
num_cat=0
split_feature=28 0 23 20 51 0
split_gain=1.61758 1.0516 1.01287 0.94679 0.781501 0.854774
threshold=1.9798751473426821 0.40629810526123383 0.55228305723375715 0.12144804760133911 0.55000000000000016 0.13655568528558773
decision_type=8 2 2 2 2 2
left_child=1 2 3 -1 5 -2
right_child=4 -3 -4 -5 -6 -7
leaf_value=-0.0010148434981814575 0.00040919912828628059 0.0037168605564131831 0.0023464723983286496 0.0012550889532882909 0.0046232400138095852 0.0032455265654076117
leaf_weight=1381.6060556279554 490.051537848718 43.429224563617026 91.707977112120716 179.06959085940616 49.359769756905735 110.01680171280168
leaf_count=17839 5437 532 1096 2385 387 983
internal_value=5.55585e-05 -0.000432474 -0.000563232 -0.000748062 0.00131716 0.000973888
internal_weight=2345.24 1695.81 1652.38 1560.68 649.428 600.068
internal_count=28659 21852 21320 20224 6807 6420
is_linear=0
shrinkage=0.03


Tree=45
num_leaves=7
num_cat=0
split_feature=6 5 3 14 8 37
split_gain=1.73825 0.970155 0.912368 0.781995 0.697003 0.645706
threshold=0.074773325052908665 0.0011665024186901464 -0.05711566095057282 0.26325530413933823 0.02771959077107149 -3.1646775253117077
decision_type=2 2 2 2 2 10
left_child=1 5 3 4 -2 -1
right_child=2 -3 -4 -5 -6 -7
leaf_value=0.00046832116523820469 -5.7520373314461129e-06 0.0009604535335032327 0.00295953149222911 -0.0012512853943502241 0.0020088052752962444 -0.0013828300896198892
leaf_weight=201.67292476190778 299.51764265465317 257.48121497081593 163.48785094782943 163.26741614937782 309.26479528562049 930.59032245978597
leaf_count=3820 4105 3024 1570 723 3669 11630
internal_value=-3.61678e-06 -0.000674868 0.00099012 0.000540571 0.00103358 -0.0010519
internal_weight=2325.28 1389.74 935.538 772.05 608.782 1132.26
internal_count=28541 18474 10067 8497 7774 15450
is_linear=0
shrinkage=0.03


Tree=46
num_leaves=7
num_cat=0
split_feature=0 28 14 31 47 23
split_gain=1.83691 1.19161 1.00169 0.865348 0.680958 0.629755
threshold=-0.084840280120375242 2.6208504438400273 0.22021843570589214 7.3192882537841806 6.5000000000000009 0.039002659354443144
decision_type=2 10 2 8 8 2
left_child=-1 2 3 5 -5 -2
right_child=1 -3 -4 4 -6 -7
leaf_value=-0.0012256038614592373 -0.00042438199846436581 0.0027605735112147555 -0.00094587410593326528 -0.00029259716185304298 0.0026252103638722481 0.0015860924010540442
leaf_weight=685.77147579743178 489.65531675965758 193.72442104760557 404.45880110561848 92.662898975308053 285.84910469502211 185.02090897131711
leaf_count=9810 6405 1695 1936 1582 4974 2166
internal_value=6.88215e-05 0.000610504 0.000307893 0.000793748 0.00192176 0.000142077
internal_weight=2337.14 1651.37 1457.65 1053.19 378.512 674.676
internal_count=28568 18758 17063 15127 6556 8571
is_linear=0
shrinkage=0.03


Tree=47
num_leaves=7
num_cat=0
split_feature=0 43 3 46 23 23
split_gain=1.60194 1.2631 1.11477 0.992159 0.975687 0.748646
threshold=0.12052974880660025 1.5000000000000002 -0.25586864436787465 28.500000000000004 -0.28074864084349643 0.55228305723375715
decision_type=2 2 2 10 2 2
left_child=1 2 -1 -3 -4 -6
right_child=-2 3 4 -5 5 -7
leaf_value=-0.0023508724379930263 0.0016069846740150832 0.0065470723184877493 -0.0016916204626285201 -0.00043585625980574781 1.9797082595329397e-05 0.003061727411913085
leaf_weight=232.39252718389616 492.79343324742513 32.35013175313361 291.96819643478375 30.197964288759977 1181.6592006000574 67.606131045380607
leaf_count=3824 5085 281 4077 259 14253 781
internal_value=0.00010615 -0.000303168 -0.000459429 0.00358037 -0.000160914 0.000207423
internal_weight=2328.97 1836.17 1773.63 62.5481 1541.23 1249.27
internal_count=28560 23475 22935 540 19111 15034
is_linear=0
shrinkage=0.03


Tree=48
num_leaves=7
num_cat=0
split_feature=2 11 9 28 22 31
split_gain=1.73523 1.14149 0.844063 0.778095 0.676691 0.618436
threshold=-0.12572700109751672 0.043009995560498421 0.0054541300413041985 3.5800904035568242 0.013786453090246481 3.3011938333511357
decision_type=2 2 2 10 2 10
left_child=3 2 -2 4 -1 -6
right_child=1 -3 -4 -5 5 -7
leaf_value=-0.001645368875626201 -0.00085147360156883841 0.0020272587852481366 0.00093943825220645766 0.0023965088080740507 -0.0013824492307280953 0.0013770628662104858
leaf_weight=689.51865060970886 431.03432761470322 390.79443004113273 501.75960454664892 49.854600292281248 125.59519114898285 148.64013455488021
leaf_count=9518 5304 4297 5197 463 1350 2465
internal_value=-2.50378e-05 0.000688182 0.000111623 -0.000953998 -0.00115015 0.000109079
internal_weight=2337.2 1323.59 932.794 1013.61 963.754 274.235
internal_count=28594 14798 10501 13796 13333 3815
is_linear=0
shrinkage=0.03


Tree=49
num_leaves=7
num_cat=0
split_feature=28 9 0 41 30 1
split_gain=1.55622 1.33402 0.805479 0.790259 0.775113 0.672949
threshold=1.9798751473426821 0.023468341943540728 0.084934658122994902 1.5000000000000002 -2.5330623388290401 0.0078727596299442305
decision_type=8 2 2 2 10 2
left_child=1 4 3 -2 -1 -6
right_child=2 -3 -4 -5 5 -7
leaf_value=-0.0001029750877603881 0.0003163045555265017 0.00049205126963579174 0.0030716160223171773 0.005456192080578199 -0.0025634878702492925 -0.00042961909715591928
leaf_weight=364.51591376410215 464.67031973414123 727.5634555114957 154.48755458230153 18.701811243314296 395.47744224962662 204.8597774147056
leaf_count=6362 5299 8328 1365 140 5087 1997
internal_value=1.96321e-06 -0.000474262 0.00125334 0.000621727 -0.0012005 -0.00185429
internal_weight=2330.28 1692.42 637.86 483.372 964.853 600.337
internal_count=28578 21774 6804 5439 13446 7084
is_linear=0
shrinkage=0.03


Tree=50
num_leaves=7
num_cat=0
split_feature=0 0 20 28 7 20
split_gain=1.68916 1.01352 0.730123 0.724341 0.771268 0.636602
threshold=-0.053351463142832671 0.46586906684600954 -0.11613884092245573 2.8898928165435795 0.027620579926664699 0.039593578730233336
decision_type=2 2 2 8 2 2
left_child=2 3 -1 5 -5 -2
right_child=1 -3 -4 4 -6 -7
leaf_value=-0.0035780945097744969 -0.00032752034187665126 0.0048670871850888218 -0.00081460144509949576 0.00016908570982968572 0.003065299714167326 0.00132582834650316
leaf_weight=90.626449384551961 926.55808321604854 37.067421245505102 681.64879345192458 166.35399629012682 157.14328526350437 260.03588819602737
leaf_count=1406 10560 419 9486 1998 1559 2964
internal_value=-4.33346e-05 0.000528221 -0.00118049 0.000390399 0.00162569 4.28545e-05
internal_weight=2319.43 1547.16 772.275 1510.09 323.497 1186.59
internal_count=28392 17500 10892 17081 3557 13524
is_linear=0
shrinkage=0.03


Tree=51
num_leaves=7
num_cat=0
split_feature=28 9 31 14 3 2
split_gain=1.83796 0.995406 0.82883 0.780529 0.849053 0.779041
threshold=1.9798751473426821 0.026092893121989418 3.3524224758148198 0.37533345012189662 -0.31493732643588251 0.020920523852352105
decision_type=8 2 10 2 2 2
left_child=1 -1 -3 4 -2 -6
right_child=3 2 -4 -5 5 -7
leaf_value=-0.0010637393380118427 -0.002248824144648207 -0.00070670619649239872 0.0013313140583109265 -0.001694724492778246 0.0016331380741934525 0.0053344202070953689
leaf_weight=970.95350203286216 36.20615166251082 320.38966279756278 385.39856970513938 57.224985092878342 494.46482432610355 50.781359588669147
leaf_count=13574 513 2810 5223 236 5411 554
internal_value=7.72717e-05 -0.000444981 0.000409215 0.00143408 0.00176546 0.00206772
internal_weight=2315.42 1676.74 705.788 638.677 581.452 545.246
internal_count=28321 21607 8033 6714 6478 5965
is_linear=0
shrinkage=0.03


Tree=52
num_leaves=7
num_cat=0
split_feature=0 28 41 47 3 31
split_gain=1.45876 0.881586 0.84412 0.801869 0.761647 0.653167
threshold=0.0077839355500756722 1.4798393249511721 1.5000000000000002 5.5000000000000009 -0.25401591230217097 7.3192882537841806
decision_type=2 8 2 8 2 10
left_child=2 5 3 -1 -5 -2
right_child=1 -3 -4 4 -6 -7
leaf_value=-0.0026444084621152172 -0.00033037792456820707 0.002238773758605807 0.0028747567797574609 -0.0022581608994268971 -0.00018127851035360079 0.0020526859109606869
leaf_weight=168.09809545817552 436.86229788133642 292.8390691044624 50.314837633399293 176.57345627085306 1087.4155956108443 124.87004074308788
leaf_count=2351 4324 2561 463 3039 13884 1948
internal_value=-4.71347e-05 0.000933642 -0.000614998 -0.000756691 -0.000486857 0.000226002
internal_weight=2336.97 854.571 1482.4 1432.09 1263.99 561.732
internal_count=28570 8833 19737 19274 16923 6272
is_linear=0
shrinkage=0.03


Tree=53
num_leaves=7
num_cat=0
split_feature=22 8 14 23 16 49
split_gain=1.53771 1.2204 0.762578 0.768005 0.710667 0.522209
threshold=-0.16251717978601601 -0.0055960635758254612 0.41385917847164688 0.34456282204118988 1.0000000180025095e-35 1.0000000180025095e-35
decision_type=2 2 2 2 2 2
left_child=-1 -2 3 4 5 -3
right_child=1 2 -4 -5 -6 -7
leaf_value=-0.0023389911269831492 -0.00059530037476418832 0.0008506740125934154 -0.0019682113173811479 0.002945090603019466 -0.0013416607964418926 0.0041118103326427836
leaf_weight=211.53713013019296 842.1655117344344 890.86358140785887 71.203709229826927 157.44824697135482 121.27534752496285 37.554408759344369
leaf_count=2978 11563 10270 294 1685 1476 326
internal_value=3.99673e-05 0.000287151 0.000868613 0.00105074 0.000741487 0.001025
internal_weight=2332.05 2120.51 1278.35 1207.14 1049.69 928.418
internal_count=28592 25614 14051 13757 12072 10596
is_linear=0
shrinkage=0.03


Tree=54
num_leaves=7
num_cat=0
split_feature=6 7 8 47 20 31
split_gain=1.68039 0.980739 0.758597 0.660833 0.619146 0.581665
threshold=0.33929199159742401 -0.024091166803862328 0.1029647351714858 5.5000000000000009 0.10132930415284148 5.0530623346567163
decision_type=2 2 2 8 2 8
left_child=1 4 3 -3 -1 -5
right_child=-2 2 -4 5 -6 -7
leaf_value=-0.0016235137399484637 0.0029771726510924431 -0.0018870713722502939 0.0015015963562191414 -0.00044005385056255445 0.0010264080165163921 0.00092624167677333687
leaf_weight=502.2307050642703 152.24345410708338 156.95455033297185 312.3188318797329 659.2069668067852 86.8453087315429 472.99297332973219
leaf_count=7700 1613 1793 3477 6103 1421 6581
internal_value=3.08717e-05 -0.000186495 0.000199705 -0.00012483 -0.00122223 0.000133848
internal_weight=2342.79 2190.55 1601.47 1289.15 589.076 1132.2
internal_count=28688 27075 17954 14477 9121 12684
is_linear=0
shrinkage=0.03


Tree=55
num_leaves=7
num_cat=0
split_feature=0 28 14 31 9 9
split_gain=1.2338 0.85077 0.944426 0.636777 0.606602 0.534856
threshold=-0.084840280120375242 2.672078132629395 0.22021843570589214 7.1176422238349923 -0.043883386583417817 -0.027692959535345795
decision_type=2 10 2 8 2 2
left_child=5 2 3 -2 -5 -1
right_child=1 -3 -4 4 -6 -7
leaf_value=-0.0022937635466190797 5.76754872358541e-05 0.0022491565270629237 -0.0010543859008342535 -0.00045717670246238893 0.0022380206110549183 -0.00050422700473390066
leaf_weight=219.80123276349332 666.44691275939113 187.64466376550263 410.25893753767014 96.092902193195187 291.66715724242385 457.8214941737242
leaf_count=3756 8431 1625 1961 2014 4673 6014
internal_value=-4.10007e-05 0.000401337 0.000150925 0.000625488 0.00157541 -0.00110962
internal_weight=2329.73 1652.11 1464.47 1054.21 387.76 677.623
internal_count=28474 18704 17079 15118 6687 9770
is_linear=0
shrinkage=0.03


Tree=56
num_leaves=7
num_cat=0
split_feature=7 14 8 3 31 22
split_gain=1.17763 1.14646 0.936906 0.788907 0.786214 0.592664
threshold=-0.031371926671917141 0.41385917847164688 0.084597532270643275 -0.2409861994955331 4.4362272322177896 -0.15060012707257953
decision_type=2 2 2 2 8 2
left_child=5 2 3 -2 -5 -1
right_child=1 -3 -4 4 -6 -7
leaf_value=-0.0042761491334097068 -0.0016586652179475974 -0.002712655966112104 0.0017620211180597294 -0.00029112324414932983 0.0013105897518154866 -0.00085834662091272744
leaf_weight=41.754728916188469 174.26465965170064 91.115489847958088 434.70104947485379 581.16126133059151 509.95770998246735 487.40825851231057
leaf_count=781 2579 375 4913 5450 6806 7546
internal_value=2.77805e-05 0.000395846 0.000577334 0.00015973 0.000462575 -0.00120234
internal_weight=2320.36 1791.2 1700.08 1265.38 1091.12 529.163
internal_count=28450 20123 19748 14835 12256 8327
is_linear=0
shrinkage=0.03


Tree=57
num_leaves=7
num_cat=0
split_feature=28 30 3 11 9 1
split_gain=1.33279 1.17033 0.831567 0.831521 0.809548 0.625142
threshold=1.9798751473426821 -4.5000259876251212 -0.2409861994955331 0.024908529708334421 0.062223260416881032 -0.0061679697036600952
decision_type=8 10 2 2 2 2
left_child=1 -1 -2 -4 5 -3
right_child=2 4 3 -5 -6 -7
leaf_value=0.00093580794261258801 -0.001592483593313167 -0.0021701851142113329 0.00065134192464141947 0.003047385483604198 0.00035535685329275831 -0.00061323132638072041
leaf_weight=407.28409373783506 78.769941573729739 432.19686915667262 357.01462627534056 202.30417988728732 339.70957152661867 512.19475818175124
leaf_count=7022 1120 5827 3623 2045 3431 5480
internal_value=-8.73947e-06 -0.000449696 0.00114901 0.00155629 -0.000892978 -0.00134104
internal_weight=2329.47 1691.39 638.089 559.319 1284.1 944.392
internal_count=28548 21760 6788 5668 14738 11307
is_linear=0
shrinkage=0.03


Tree=58
num_leaves=7
num_cat=0
split_feature=0 3 8 23 22 34
split_gain=1.2211 1.06325 0.839983 0.753939 0.761795 0.502624
threshold=0.13997435442498815 -0.048089337773658695 0.19344850867118132 -0.30827912751255176 -0.16251717978601601 -3.0017713507016492
decision_type=2 2 2 2 2 10
left_child=1 2 3 -1 -5 -3
right_child=-2 5 -4 4 -6 -7
leaf_value=-0.0022192925764487849 0.0013950060995688294 0.0028261418600180358 0.0024020593226132662 -0.0025324339853270675 -0.00022859051146956338 0.0003524244772613376
leaf_weight=278.28045568297966 430.85892357755802 100.4482087555225 66.169646804279182 137.10651644106838 1082.7320214061765 234.13068054069299
leaf_count=4228 4493 1433 746 1950 13409 2265
internal_value=-2.81911e-05 -0.000356735 -0.000685478 -0.000836873 -0.000506022 0.00115556
internal_weight=2329.73 1898.87 1564.29 1498.12 1219.84 334.579
internal_count=28524 24031 20333 19587 15359 3698
is_linear=0
shrinkage=0.03


Tree=59
num_leaves=7
num_cat=0
split_feature=2 9 14 20 11 23
split_gain=1.35185 0.850779 0.813821 0.678035 0.58813 0.474463
threshold=-0.12572700109751672 0.12293168029438238 0.34198608790104729 -0.15814811911484469 0.087064646621101749 0.35314691404300985
decision_type=2 2 2 2 2 2
left_child=3 2 4 -1 5 -2
right_child=1 -3 -4 -5 -6 -7
leaf_value=-0.0030389112580870054 2.3957675386944885e-05 0.0026238806181550483 -0.0020020356743741196 -0.00058776517045771388 0.0023875107997787795 0.002045152407719221
leaf_weight=105.87465478500235 809.40282990354171 151.36085186246783 114.56925928592682 902.81555575225502 128.43132166750729 110.06971225235611
leaf_count=1689 9944 1572 480 12075 1473 1262
internal_value=-5.0999e-05 0.000581416 0.000295364 -0.00087235 0.000563093 0.000285314
internal_weight=2322.52 1313.83 1162.47 1008.69 1047.9 919.473
internal_count=28495 14731 13159 13764 12679 11206
is_linear=0
shrinkage=0.03


Tree=60
num_leaves=7
num_cat=0
split_feature=28 20 6 2 2 7
split_gain=1.23219 0.906628 0.767896 0.724167 0.601776 0.561205
threshold=2.6208504438400273 0.034174533879059242 0.2531370982072077 -0.12433530582624423 -0.18987655089366304 0.12188672116063198
decision_type=8 2 2 2 2 2
left_child=1 4 3 -2 -1 -3
right_child=2 5 -4 -5 -6 -7
leaf_value=-0.0019784241128165845 -0.00056480849815769302 0.00042983183392486768 0.0043196155807109877 0.0019068447331813192 -0.00042019350875925306 0.0038399154432602225
leaf_weight=269.93544102480519 182.75937677780166 411.83784990612185 57.670365497237071 234.60814969078638 1142.6426376739109 39.094350923667662
leaf_count=4635 2194 5374 503 2435 13037 397
internal_value=-7.8597e-06 -0.000356724 0.00133983 0.000836651 -0.000729776 0.000802369
internal_weight=2338.55 1863.51 475.038 417.368 1412.58 450.932
internal_count=28575 23443 5132 4629 17672 5771
is_linear=0
shrinkage=0.03


Tree=61
num_leaves=7
num_cat=0
split_feature=48 23 22 0 3 8
split_gain=1.22866 1.3215 0.954164 0.801297 0.574849 0.608961
threshold=1.5000000000000002 0.34456282204118988 -0.15505850892022116 0.16614430783263404 -0.065510649338639343 0.19344850867118132
decision_type=2 2 2 2 2 2
left_child=1 2 -1 4 5 -4
right_child=-2 -3 3 -5 -6 -7
leaf_value=-0.0022276640703716758 0.006400421050057537 0.0019099903205468313 -0.00082364602958669066 0.001386991142438032 0.00065840727386557894 0.0023271686946867388
leaf_weight=203.61735857833992 16.699080144288018 258.04450804178487 1167.9980637495173 264.99283567490056 368.87052335531916 48.429554240894504
leaf_count=2934 124 2866 15250 2721 4091 542
internal_value=1.52472e-06 -7.20598e-05 -0.000329124 -0.000109345 -0.000366594 -0.00068025
internal_weight=2328.65 2311.95 2053.91 1850.29 1585.3 1216.43
internal_count=28528 28404 25538 22604 19883 15792
is_linear=0
shrinkage=0.03


Tree=62
num_leaves=7
num_cat=0
split_feature=28 2 0 20 11 12
split_gain=1.21817 1.13544 1.05273 0.767717 0.621282 0.695496
threshold=3.8115005493164067 -0.12572700109751672 0.40629810526123383 0.012612602314840128 0.083712209046271205 1.4213917400073715
decision_type=10 2 2 2 2 2
left_child=1 3 4 -1 5 -3
right_child=-2 2 -4 -5 -6 -7
leaf_value=-0.0015107263448896229 0.0031768053585963648 0.0003409019280513581 0.0047396693201141029 0.00034048824638700467 0.001920367720206116 -0.0015006200197424571
leaf_weight=685.60120441476465 90.106047381763346 857.64430087080109 38.031502892961726 279.40322325215675 155.79367729357909 224.46930453926325
leaf_count=9527 806 11182 407 3863 1685 1099
internal_value=-6.16547e-05 -0.000205405 0.000381022 -0.000976739 0.000210206 -5.13387e-05
internal_weight=2331.05 2240.94 1275.94 965.004 1237.91 1082.11
internal_count=28569 27763 14373 13390 13966 12281
is_linear=0
shrinkage=0.03


Tree=63
num_leaves=7
num_cat=0
split_feature=1 43 8 3 15 14
split_gain=1.26973 1.34081 0.803329 0.654386 0.629173 0.572084
threshold=0.025394442259978358 1.5000000000000002 0.23216899988254566 -0.052429155651936322 1.5000000000000002 0.26325530413933823
decision_type=2 2 2 2 2 2
left_child=1 2 3 4 -1 -2
right_child=5 -3 -4 -5 -6 -7
leaf_value=-0.00078439974089496373 0.0016260873558268858 0.0036558275344269848 0.003761865890518014 0.00048432836065117609 -0.0027964314492259965 -0.00053457753908951213
leaf_weight=1196.6751895885682 448.06366935756523 57.761246820911765 26.590999538369942 310.64300695498241 151.54919848113786 139.81523841619492
leaf_count=16216 5048 513 337 3560 2251 616
internal_value=-8.23728e-05 -0.000489161 -0.000651936 -0.000744805 -0.00102949 0.00111187
internal_weight=2331.1 1743.22 1685.46 1658.87 1348.22 587.879
internal_count=28541 22877 22364 22027 18467 5664
is_linear=0
shrinkage=0.03


Tree=64
num_leaves=7
num_cat=0
split_feature=28 23 30 51 8 46
split_gain=1.30574 1.09226 0.723322 0.722498 0.897939 0.829084
threshold=2.7757409811019902 0.19540126644789638 -5.5500738620758048 0.45000000000000007 0.0059325034264900373 14.500000000000002
decision_type=8 2 10 2 2 8
left_child=1 2 -1 5 -5 -2
right_child=3 -3 -4 4 -6 -7
leaf_value=0.0007421245184499976 -0.0024303632892669893 0.0011826685074354966 -0.00094726432902499005 0.00018399452933686065 0.0069636597977336566 0.0014661532332381703
leaf_weight=269.84959276640438 48.010961139807478 352.45114712259965 1267.3113831998489 30.329172202385962 33.744978592963889 337.04878362506861
leaf_count=5016 607 3889 14814 266 260 3725
internal_value=4.52479e-05 -0.000301961 -0.000647811 0.0014808 0.00421261 0.000931097
internal_weight=2338.75 1889.61 1537.16 449.134 64.0742 385.06
internal_count=28577 23719 19830 4858 526 4332
is_linear=0
shrinkage=0.03


Tree=65
num_leaves=7
num_cat=0
split_feature=28 30 22 3 23 7
split_gain=1.17182 0.854685 0.702486 0.603941 0.585891 0.508245
threshold=2.5651172399520878 -4.4259374141693106 0.046803670768842641 -0.22936570714925031 -0.22875638262079476 0.12188672116063198
decision_type=8 10 2 2 2 2
left_child=1 -1 4 -2 -3 -4
right_child=3 2 5 -5 -6 -7
leaf_value=0.00085283571387585082 -0.0012404908132812613 -0.0023078696706268472 0.00015447389618013382 0.0017324168634919278 -0.00064058446548493427 0.0039134389109162131
leaf_weight=424.8199290898483 64.292956915451214 237.02749609632883 272.71419377694838 424.526545427565 879.56535951141268 26.881762090488337
leaf_count=7288 930 3060 3182 4345 9533 252
internal_value=3.39806e-05 -0.000313944 -0.000667473 0.00132437 -0.00101186 0.000607264
internal_weight=2329.83 1841.01 1416.19 488.82 1116.59 299.596
internal_count=28590 23315 16027 5275 12593 3434
is_linear=0
shrinkage=0.03


Tree=66
num_leaves=7
num_cat=0
split_feature=49 0 3 23 47 17
split_gain=0.931032 1.00672 0.719883 0.662342 0.570405 0.538881
threshold=1.5000000000000002 0.12052974880660025 -0.052429155651936322 0.54077549956998283 5.5000000000000009 1.0000000180025095e-35
decision_type=2 2 2 2 8 2
left_child=1 2 3 4 -1 -6
right_child=-2 -3 -4 -5 5 -7
leaf_value=-0.0023472117524781779 0.0054933116330296234 0.0011259956357084699 0.00081757937609802677 0.0019804918764295102 -0.00034700668235008612 -0.0022735985113082791
leaf_weight=183.76734379405389 17.404735307674855 489.04505701392191 347.72328728321008 70.371473993349355 1079.8562214593694 139.642503409239
leaf_count=2459 127 5037 3852 841 14135 1982
internal_value=-3.901e-06 -6.8808e-05 -0.000394016 -0.000683491 -0.000830153 -0.000584315
internal_weight=2327.81 2310.41 1821.36 1473.64 1403.27 1219.5
internal_count=28433 28306 23269 19417 18576 16117
is_linear=0
shrinkage=0.03


Tree=67
num_leaves=7
num_cat=0
split_feature=28 23 3 0 51 28
split_gain=1.1821 0.727923 0.718369 0.62203 0.682077 0.696931
threshold=2.5651172399520878 0.34456282204118988 -0.059841758346674608 0.14627105653835051 0.55000000000000016 3.8115005493164067
decision_type=8 2 2 2 2 10
left_child=1 -1 3 4 5 -2
right_child=2 -3 -4 -5 -6 -7
leaf_value=-0.00056984583644353805 -0.00096655084078012092 0.0012511028102954809 0.0034491565473324802 0.0032559819909133768 0.0041077361995634663 0.0026355668024793002
leaf_weight=1623.4587846223149 255.59203463135054 215.24001413659425 99.510108962305821 59.268261183053255 24.784786412026733 49.211725526722148
leaf_count=20854 3095 2452 936 547 196 481
internal_value=-1.51154e-06 -0.000351069 0.00129521 0.000671347 0.000124371 -0.000319729
internal_weight=2327.07 1838.7 488.367 388.857 329.589 304.804
internal_count=28561 23306 5255 4319 3772 3576
is_linear=0
shrinkage=0.03


Tree=68
num_leaves=7
num_cat=0
split_feature=2 0 14 5 10 34
split_gain=1.07587 0.989317 0.784637 0.571303 0.593009 0.578264
threshold=-0.12090684562095159 0.42313246652566022 0.34198608790104729 0.02352343265814056 -0.049446358495335963 -7.9504116376241045
decision_type=2 2 2 2 2 10
left_child=-1 2 3 4 -2 -6
right_child=1 -3 -4 -5 5 -7
leaf_value=-0.00071572888982388157 -0.0011491929077720698 0.0048487586083721399 -0.0017373737924101529 0.0020580240113723335 0.0027307651904711558 0.00036382007253049089
leaf_weight=1040.3863447259646 183.0531189548492 37.096432201447897 127.08619272708893 206.00131771765882 99.866311457153643 631.73650718521094
leaf_count=14175 2373 387 533 2286 1523 7256
internal_value=-2.32364e-06 0.000576415 0.000411854 0.000668794 0.000337034 0.000719382
internal_weight=2325.23 1284.84 1247.74 1120.66 914.656 731.603
internal_count=28533 14358 13971 13438 11152 8779
is_linear=0
shrinkage=0.03


Tree=69
num_leaves=7
num_cat=0
split_feature=6 14 5 28 9 6
split_gain=1.0424 0.976605 0.987661 0.799412 0.791746 0.656597
threshold=0.47458193080532401 0.2442724207889182 1.0000000180025095e-35 3.4106053113937382 -0.0023106327211634271 0.023789790312045141
decision_type=2 2 2 10 2 2
left_child=1 2 5 -3 -4 -1
right_child=-2 3 4 -5 -6 -7
leaf_value=-0.00082830677514463772 0.0036914066544862169 -0.0016809016919706933 -9.3448080971662674e-05 0.0022069009585111692 0.0027576123207310533 0.00045804603368250274
leaf_weight=722.8670481457375 54.167549182078801 475.50821023434401 150.29360859733424 44.157778695225716 198.24611687078141 687.49438274931163
leaf_count=11810 557 2208 2171 198 2382 9225
internal_value=-8.02368e-05 -0.000185637 0.000153614 -0.00131511 0.00155989 -0.000202451
internal_weight=2332.73 2278.57 1758.9 519.666 348.54 1410.36
internal_count=28551 27994 25588 2406 4553 21035
is_linear=0
shrinkage=0.03


Tree=70
num_leaves=7
num_cat=0
split_feature=22 28 30 14 6 9
split_gain=1.10234 0.890474 0.717351 0.559267 0.526118 0.495795
threshold=-0.15768213182079982 1.9798751473426821 -4.5000259876251212 0.35654786167880476 0.28806393323660878 0.072017116945204671
decision_type=2 8 10 2 2 2
left_child=-1 2 -2 4 -3 -4
right_child=1 3 5 -5 -6 -7
leaf_value=-0.0019668034385274275 0.00097400528960212972 0.0011278874248111933 -0.00090079403375892763 -0.0014497542192594547 0.0041006002173974388 0.00050924391337066148
leaf_weight=221.00062848627567 363.33677039499162 483.27266593417153 856.68997941134148 57.086500182747841 53.245070220669731 295.4895943045849
leaf_count=3156 6146 5454 10129 237 473 2970
internal_value=1.11044e-06 0.000215623 -0.000171423 0.00119025 0.00149254 -0.000537903
internal_weight=2330.12 2109.12 1515.52 593.604 536.518 1152.18
internal_count=28565 25409 19245 6164 5927 13099
is_linear=0
shrinkage=0.03


Tree=71
num_leaves=7
num_cat=0
split_feature=6 43 47 22 39 6
split_gain=1.00094 0.980959 0.947477 0.713962 0.618055 0.55113
threshold=0.33929199159742401 1.5000000000000002 5.5000000000000009 -0.053946264622441897 4.5000000000000009 -0.013297991454333502
decision_type=2 2 8 2 2 2
left_child=1 2 4 -4 -1 -5
right_child=-2 -3 3 5 -6 -7
leaf_value=-0.0036841217829421892 0.0022823929100483963 0.0029551145292357616 -0.0010985673270325301 -0.00048421922657495642 -0.00070102624467807792 0.00073248836566032211
leaf_weight=100.72581101406831 151.53060125396587 77.188639263389632 435.05248523390037 526.83745806034131 157.52053541009082 885.13827325138845
leaf_count=1286 1602 659 5842 7340 2009 9819
internal_value=3.31754e-06 -0.000164609 -0.000292422 -5.01817e-05 -0.00195851 0.000278297
internal_weight=2333.99 2182.46 2105.27 1847.03 258.246 1411.98
internal_count=28557 26955 26296 23001 3295 17159
is_linear=0
shrinkage=0.03


Tree=72
num_leaves=7
num_cat=0
split_feature=28 37 9 9 0 41
split_gain=1.13326 0.956234 0.807645 0.786009 0.585054 0.712206
threshold=0.93899044394493114 -2.64727548992995 0.06356955942899703 -0.097188027672730812 0.038817082100946788 1.5000000000000002
decision_type=8 10 2 2 2 2
left_child=1 -1 -3 -2 5 -5
right_child=3 2 -4 4 -6 -7
leaf_value=0.0012634652733995771 -0.0016395222832663193 -0.0014041798080152849 0.00041036426904204795 0.00024877923219743427 0.0020989753324360087 0.0049306097077905994
leaf_weight=206.20885742767132 101.11745019059163 812.89989134192001 296.48122259328375 583.00428099208511 302.58410090871621 20.877931131049991
leaf_count=4451 1352 10397 3162 6338 2628 154
internal_value=7.34745e-06 -0.000570733 -0.000919911 0.000760331 0.00104301 0.000488325
internal_weight=2323.17 1315.59 1109.38 1007.58 906.466 603.882
internal_count=28482 18010 13559 10472 9120 6492
is_linear=0
shrinkage=0.03


Tree=73
num_leaves=7
num_cat=0
split_feature=6 43 27 47 20 7
split_gain=0.820735 0.797464 0.665074 0.660189 0.623278 0.567343
threshold=0.33011219405377712 1.5000000000000002 0.75282901525497448 5.5000000000000009 0.11907951196083312 -0.016281289747916691
decision_type=2 2 8 8 2 2
left_child=1 3 -3 -1 5 -5
right_child=-2 2 -4 4 -6 -7
leaf_value=-0.0017222336270287259 0.0019241552671971952 0.00042090913029069259 0.0057938700009167784 -0.0011524165417471813 0.0014344148431329042 6.2464633823251063e-05
leaf_weight=249.07125478441594 169.42318744858494 54.362827950855717 25.346616028342396 482.57233122721664 200.39847532473505 1159.118842487951
leaf_count=3226 1731 467 205 7294 2622 13027
internal_value=-2.63285e-05 -0.000186677 0.00258484 -0.000304119 -0.00010411 -0.000299463
internal_weight=2340.29 2170.87 79.7094 2091.16 1842.09 1641.69
internal_count=28572 26841 672 26169 22943 20321
is_linear=0
shrinkage=0.03


Tree=74
num_leaves=7
num_cat=0
split_feature=2 0 37 4 5 22
split_gain=1.18621 0.845834 0.617853 0.566444 0.521931 0.466241
threshold=-0.12572700109751672 0.40629810526123383 -2.64727548992995 -0.17818859632036851 0.02352343265814056 0.029186624923908718
decision_type=2 2 10 2 2 2
left_child=5 2 3 -2 -4 -1
right_child=1 -3 4 -5 -6 -7
leaf_value=-0.0011473977949647569 -0.0013229703287808963 0.0042684974014257655 -0.00022794273492500786 0.0023838767982531464 0.0014584489445978845 0.00033794059224015119
leaf_weight=754.85097357307677 38.237513719301205 43.875583670684136 842.56673237416544 201.4331875914213 194.91529823560268 248.01176194380969
leaf_count=10245 664 449 8791 3046 1833 3496
internal_value=-6.7235e-06 0.000582034 0.00042321 0.00176318 9.97842e-05 -0.000780358
internal_weight=2323.89 1321.03 1277.15 239.671 1037.48 1002.86
internal_count=28524 14783 14334 3710 10624 13741
is_linear=0
shrinkage=0.03


Tree=75
num_leaves=7
num_cat=0
split_feature=23 43 0 22 28 30
split_gain=1.0136 1.01059 0.759235 0.75011 0.627372 0.887019
threshold=0.48447040189574847 1.5000000000000002 0.40629810526123383 -0.16251717978601601 1.6881240010261538 -4.5000259876251212
decision_type=2 2 2 2 8 10
left_child=1 2 3 -1 5 -5
right_child=-2 -3 -4 4 -6 -7
leaf_value=-0.0020926576924253678 0.0022496590510405973 0.0030070384961153798 0.0031172835952329408 0.00084371515719846701 0.00064926831695631172 -0.00098333519415970362
leaf_weight=187.64373740824522 167.74306976961088 79.98194571887143 49.009393889456987 310.91439052042551 593.85698966251221 941.4957924586779
leaf_count=2718 1868 668 543 5480 6298 11011
internal_value=7.17644e-05 -0.000106717 -0.000240079 -0.000335834 -0.000146969 -0.000526674
internal_weight=2330.65 2162.9 2082.92 2033.91 1846.27 1252.41
internal_count=28586 26718 26050 25507 22789 16491
is_linear=0
shrinkage=0.03


Tree=76
num_leaves=7
num_cat=0
split_feature=43 23 46 28 47 15
split_gain=0.916561 0.9434 0.912311 0.785497 0.658583 0.730355
threshold=1.5000000000000002 0.54077549956998283 20.500000000000004 1.4018757939338686 5.5000000000000009 1.5000000000000002
decision_type=2 2 10 10 8 2
left_child=1 3 -2 4 -1 -6
right_child=2 -3 -4 -5 5 -7
leaf_value=-0.0023203342244597471 0.005918745957772217 0.002288403558910199 8.7017284873819504e-05 0.00062022419069572207 -0.00017534502249039356 -0.0022727845259518892
leaf_weight=181.7224245229736 35.272247625282034 122.48694003658602 52.38028218364343 573.48878559737932 1207.369294594173 160.88018196704797
leaf_count=2565 289 1411 424 5555 16052 2281
internal_value=-4.61824e-05 -0.00016916 0.00279955 -0.000320981 -0.00067097 -0.000436665
internal_weight=2333.6 2245.95 87.6525 2123.46 1549.97 1368.25
internal_count=28577 27864 713 26453 20898 18333
is_linear=0
shrinkage=0.03


Tree=77
num_leaves=7
num_cat=0
split_feature=28 51 7 4 2 26
split_gain=1.1152 0.83092 1.06526 0.714846 0.699896 0.652982
threshold=2.5651172399520878 0.45000000000000007 0.022927621580581613 -0.1026324706893688 -0.19311438320140856 2.1338064670562749
decision_type=8 2 2 2 2 8
left_child=4 3 -3 5 -1 -2
right_child=1 2 -4 -5 -6 -7
leaf_value=-0.0015395365887700776 0.0013349165697919886 0.00039983973110353343 0.0075179375909409738 0.0020959617734790451 -5.3753725663834468e-05 -0.0016842667655862589
leaf_weight=342.2057945766137 106.46043769741664 37.990861974656582 30.214060293510556 179.4781966439914 1507.2156422583066 135.0832507153973
leaf_count=6068 1015 333 237 1938 17322 1744
internal_value=2.54226e-06 0.00126147 0.00411119 0.00071515 -0.000335475 -0.000353394
internal_weight=2338.65 489.227 68.2049 421.022 1849.42 241.544
internal_count=28657 5267 570 4697 23390 2759
is_linear=0
shrinkage=0.03


Tree=78
num_leaves=7
num_cat=0
split_feature=8 22 28 37 47 6
split_gain=0.791417 0.733197 0.590544 0.592102 0.5791 0.613892
threshold=0.18821883252260022 -0.16251717978601601 3.3306834697723393 -4.7630002841663845 4.5000000000000009 -0.11876986193816148
decision_type=2 2 10 8 8 2
left_child=1 -1 3 -3 -5 -6
right_child=-2 2 -4 4 5 -7
leaf_value=-0.0018128445846640061 0.00233719469811149 0.0022678349225827175 0.0019736674942116539 -0.0025785600919537265 -0.0012117937537455305 0.00021522792779920125
leaf_weight=193.06649638392264 117.36353504811996 83.545717294313363 127.86553060333245 76.273693033959717 325.95200849443791 1400.6232426353672
leaf_count=2783 1337 1991 1153 901 4996 15378
internal_value=3.76202e-05 -9.46374e-05 7.81945e-05 -6.00163e-05 -0.000179806 -5.95995e-05
internal_weight=2324.69 2207.33 2014.26 1886.39 1802.85 1726.58
internal_count=28539 27202 24419 23266 21275 20374
is_linear=0
shrinkage=0.03


Tree=79
num_leaves=7
num_cat=0
split_feature=0 14 23 3 31 0
split_gain=0.89067 0.822097 0.831548 0.64672 0.642397 0.684735
threshold=0.46586906684600954 0.41385917847164688 0.44482716452076637 -0.25212466933018818 7.1176422238349923 -0.24118535489600509
decision_type=2 2 2 2 8 2
left_child=1 2 3 -1 -5 -6
right_child=-2 -3 -4 4 5 -7
leaf_value=-0.0015108995534904104 0.0040425483981258118 -0.0025454249365972001 0.0019617923427121321 -0.00031233934400490303 -0.0015831573646518484 0.0013649851895015689
leaf_weight=259.65252747561317 37.719811766874045 107.25961647182703 174.30993106489768 1220.5249245592859 74.964203631592682 456.58056165571907
leaf_count=4315 428 442 1967 13039 1657 6627
internal_value=-1.42603e-05 -9.82477e-05 3.28695e-05 -0.000143143 6.69795e-05 0.00092765
internal_weight=2331.01 2293.29 2186.03 2011.72 1752.07 531.545
internal_count=28475 28047 27605 25638 21323 8284
is_linear=0
shrinkage=0.03


Tree=80
num_leaves=7
num_cat=0
split_feature=0 12 15 8 20 51
split_gain=0.925229 0.735575 0.742392 0.572785 0.468522 0.466999
threshold=-0.084840280120375242 1.3967022761021195 1.5000000000000002 -0.024903169450146017 -0.059551082989045004 0.55000000000000016
decision_type=2 2 2 2 2 2
left_child=-1 2 3 -2 -4 -3
right_child=1 5 4 -5 -6 -7
leaf_value=-0.00091803202087811569 -2.4669069673086836e-05 -0.0011772687465434781 -0.0033885908199605061 0.0014473147862726328 -2.670488576541902e-05 0.0017967009465280784
leaf_weight=673.95004027013783 339.57365980406757 324.78922458738089 45.63815722509753 782.17437198988046 113.73416622460354 46.269039370119572
leaf_count=9807 5015 1606 662 9692 1498 221
internal_value=1.07599e-05 0.000392873 0.000732746 0.00100544 -0.00113265 -0.000769012
internal_weight=2326.13 1652.18 1281.12 1121.75 159.372 371.058
internal_count=28501 18694 16867 14707 2160 1827
is_linear=0
shrinkage=0.03


Tree=81
num_leaves=7
num_cat=0
split_feature=22 28 46 43 11 22
split_gain=1.05128 0.72028 0.749467 0.685624 0.646256 0.593524
threshold=-0.16251717978601601 1.9798751473426821 21.500000000000004 1.0000000180025095e-35 0.025522680899316499 0.13641569553103003
decision_type=2 8 8 2 2 2
left_child=-1 2 3 -2 -3 -4
right_child=1 4 5 -5 -6 -7
leaf_value=-0.001982967774221564 -0.00017991655562918523 0.00031487132220277985 -0.00062649966289745631 0.0033580858199312737 0.0023500798578143861 0.0013300582529223602
leaf_weight=209.78944566857535 97.227967700862791 386.27559008233948 1192.3182146269537 88.025743920356035 214.04458734201035 148.39554883044912
leaf_count=2983 1457 4058 14976 931 2186 2019
internal_value=-7.3428e-06 0.000195951 -0.000151494 0.0015871 0.00106714 -0.000401696
internal_weight=2336.08 2126.29 1525.97 185.254 600.32 1340.71
internal_count=28610 25627 19383 2388 6244 16995
is_linear=0
shrinkage=0.03


Tree=82
num_leaves=7
num_cat=0
split_feature=14 43 0 3 46 15
split_gain=0.922429 0.88498 0.964965 0.608823 0.504228 0.503016
threshold=0.31071663281077194 1.5000000000000002 0.13997435442498815 -0.035493039018460244 20.500000000000004 1.5000000000000002
decision_type=2 2 2 2 10 2
left_child=1 2 3 5 -3 -1
right_child=-2 4 -4 -5 -6 -7
leaf_value=-0.00025654751378346649 -0.001586091364235559 0.0059291941502005027 0.0014600350093247364 0.0011609436963960342 0.00082406364107448526 -0.0019963841175588523
leaf_weight=1222.8332771031419 285.28931978344917 26.700503770727664 362.73213628542726 231.29529958494822 40.451157178962603 161.1520569253189
leaf_count=17258 1222 259 4133 2849 377 2383
internal_value=-1.82912e-05 0.000207062 8.36849e-05 -0.000232474 0.00335935 -0.000472003
internal_weight=2330.45 2045.16 1978.01 1615.28 67.1517 1383.99
internal_count=28481 27259 26623 22490 636 19641
is_linear=0
shrinkage=0.03


Tree=83
num_leaves=7
num_cat=0
split_feature=5 6 3 14 47 30
split_gain=0.978683 0.862368 0.573062 0.531799 0.530222 0.408904
threshold=1.0000000180025095e-35 0.089539744293095441 -0.052429155651936322 0.31953153718185695 5.5000000000000009 -4.4259374141693106
decision_type=2 2 2 2 8 10
left_child=1 4 -3 -2 -1 -6
right_child=3 2 -4 -5 5 -7
leaf_value=-0.0024696877470845994 0.0015338577890889997 9.7970913538368215e-05 0.0023881348539332692 -0.0012222855495565622 0.00033990686205874568 -0.00096394518186525301
leaf_weight=146.67512760031968 422.80783384339884 550.35861670965096 109.98290657508187 66.067336231470108 300.21313825089601 728.61598034054623
leaf_count=2050 4963 6168 1057 280 5122 8819
internal_value=-3.47607e-05 -0.000353251 0.000509344 0.00114435 -0.000838023 -0.000583871
internal_weight=2324.72 1835.85 660.342 488.875 1175.5 1028.83
internal_count=28459 23216 7225 5243 15991 13941
is_linear=0
shrinkage=0.03


Tree=84
num_leaves=7
num_cat=0
split_feature=9 31 8 4 41 37
split_gain=0.84805 0.678445 0.668522 0.479556 0.47204 0.451504
threshold=0.010939286986388812 4.4362272322177896 0.20005708872711428 -0.21460100065117496 1.5000000000000002 -1.3519644321252902
decision_type=2 8 2 2 2 8
left_child=2 -2 4 -3 5 -1
right_child=1 3 -4 -5 -6 -7
leaf_value=0.0004157346502121522 -5.4093574625917621e-05 -0.0014332188308183694 0.0026754939526452215 0.0016484597697844856 0.0020242272730343273 -0.0011301306945069626
leaf_weight=206.27731387534004 644.69019256485626 42.361801058956189 45.962409843225032 492.92980282020289 45.568001549458131 851.66306371352402
leaf_count=4246 5754 688 568 6438 425 10422
internal_value=4.1433e-05 0.000603874 -0.000536166 0.00138277 -0.000692761 -0.000827647
internal_weight=2329.45 1179.98 1149.47 535.292 1103.51 1057.94
internal_count=28541 12880 15661 7126 15093 14668
is_linear=0
shrinkage=0.03


Tree=85
num_leaves=7
num_cat=0
split_feature=28 43 47 46 37 36
split_gain=0.857721 0.785698 0.844784 0.634372 0.580727 0.561893
threshold=2.6208504438400273 1.5000000000000002 6.5000000000000009 20.500000000000004 -2.7032146741877545 2.5043044921800952
decision_type=10 2 8 10 10 10
left_child=1 2 -1 -3 -4 -2
right_child=5 3 4 -5 -6 -7
leaf_value=-0.0014665320604312835 0.0019927381128230321 0.0052910920658992572 0.0011266384154929349 0.00010757349294453393 -0.0002895518283673885 -0.0021788903043736562
leaf_weight=440.5953034843551 248.99740896507865 31.230660325614735 320.45772837963887 44.72256541531533 1222.7262058357592 24.446885860525072
leaf_count=5845 2240 266 5511 386 14138 195
internal_value=8.38849e-06 -0.000203602 -0.000323729 0.00260656 9.89467e-06 0.00155607
internal_weight=2333.18 2059.73 1983.78 75.9532 1543.18 273.444
internal_count=28581 26146 25494 652 19649 2435
is_linear=0
shrinkage=0.03


Tree=86
num_leaves=7
num_cat=0
split_feature=2 14 6 10 30 47
split_gain=0.752782 0.883929 0.688888 0.56191 0.671302 0.397398
threshold=-0.12572700109751672 0.41385917847164688 0.47458193080532401 -0.050307466927461721 -9.2837438583374006 5.5000000000000009
decision_type=2 2 2 2 10 8
left_child=5 2 3 -2 -5 -1
right_child=1 -3 -4 4 -6 -7
leaf_value=-0.0020537230783923854 -0.00074849317229740663 -0.0026388440939699108 0.0043868203773117474 0.0026840112993993686 0.00050792583579861803 -0.00035662393652775745
leaf_weight=136.56522106385091 240.912516084034 67.581733636558056 33.409904649364762 141.93991661946347 847.76562127980287 860.67234601033852
leaf_count=1904 2994 280 336 2073 9140 11809
internal_value=1.27763e-05 0.000478074 0.000664126 0.000528514 0.000843738 -0.000607113
internal_weight=2328.85 1331.61 1264.03 1230.62 989.706 997.238
internal_count=28536 14823 14543 14207 11213 13713
is_linear=0
shrinkage=0.03


Tree=87
num_leaves=7
num_cat=0
split_feature=28 30 14 20 2 16
split_gain=0.707972 0.749475 0.683327 0.453998 0.412407 0.398178
threshold=1.6534560322761538 -6.2658965587615958 0.13706865765051898 -0.067132613624366608 -0.21779750745571114 1.0000000180025095e-35
decision_type=8 10 2 2 2 2
left_child=1 3 4 -1 -2 -3
right_child=2 5 -4 -5 -6 -7
leaf_value=-0.00081062912917569975 -0.00053068319457146539 -0.00033160054943599067 0.00011569354158888528 0.0019006175831044298 0.0024059393004829252 -0.0019196210848017781
leaf_weight=69.520958302629879 47.464258633903228 1177.5779233436042 443.34252525866032 196.89157451195933 257.32857030071318 152.831652661931
leaf_count=1380 1084 13959 2518 3619 4221 1931
internal_value=0.000122088 -0.000235008 0.000877323 0.00118938 0.0019463 -0.000526986
internal_weight=2344.96 1596.82 748.135 266.413 304.793 1330.41
internal_count=28712 20889 7823 4999 5305 15890
is_linear=0
shrinkage=0.03


Tree=88
num_leaves=7
num_cat=0
split_feature=20 0 43 47 34 28
split_gain=0.747923 0.580272 0.584315 0.571514 0.441126 0.410129
threshold=-0.16278525394256418 0.038817082100946788 1.5000000000000002 5.5000000000000009 -7.9504116376241045 1.7176288366317751
decision_type=2 2 2 8 8 10
left_child=-1 2 3 5 -5 -2
right_child=1 -3 -4 4 -6 -7
leaf_value=-0.0015704202929547597 -0.0026052606399463692 0.00089291634632290677 0.0028039905510182229 0.0024861046302131441 -0.00018568729699864093 0.00089679457903184322
leaf_weight=234.98804250679677 131.73401907924563 681.00823203061009 47.160131202545017 48.461348863333114 1134.5588329829625 32.792027332121506
leaf_count=3364 1929 6937 407 1272 14156 338
internal_value=-2.3754e-06 0.000181819 -0.000169282 -0.000293226 -5.63184e-05 -0.00189587
internal_weight=2310.7 2075.71 1394.71 1347.55 1183.02 164.526
internal_count=28403 25039 18102 17695 15428 2267
is_linear=0
shrinkage=0.03


Tree=89
num_leaves=7
num_cat=0
split_feature=49 23 3 0 20 8
split_gain=0.792358 0.74328 0.725775 0.568423 0.466933 0.388536
threshold=1.5000000000000002 0.47518234098927253 -0.052429155651936322 0.13326998848160362 0.19161798785044981 0.087630582331575321
decision_type=2 2 2 2 2 2
left_child=1 2 3 4 -1 -4
right_child=-2 -3 5 -5 -6 -7
leaf_value=-0.00075661286029872715 0.0050866969788145875 0.0018514459324867811 0.00051319019595349568 0.00071301613806808411 0.0024216313280185065 0.0028231876237516792
leaf_weight=1372.6731471367675 18.134377209702507 173.95842776240897 331.34663293263293 324.21891625266289 33.355199538927991 73.878783094114624
leaf_count=18137 126 1927 3550 3452 524 767
internal_value=8.24905e-05 2.14345e-05 -0.000135575 -0.000403882 -0.000664646 0.000992187
internal_weight=2327.57 2309.43 2135.47 1730.25 1406.03 405.225
internal_count=28483 28357 26430 22113 18661 4317
is_linear=0
shrinkage=0.03


Tree=90
num_leaves=7
num_cat=0
split_feature=28 3 30 2 14 22
split_gain=0.759707 0.650726 0.608135 0.494522 0.423576 0.395709
threshold=0.93899044394493114 -0.31493732643588251 -5.5500738620758048 -0.21779750745571114 0.39316636867906257 0.029186624923908718
decision_type=8 2 10 2 2 2
left_child=2 -2 -1 -3 5 -4
right_child=1 3 4 -5 -6 -7
leaf_value=0.00064882084327677657 -0.0022454323552163358 -0.0011577798804260876 -0.0010643483536496021 0.00099091371302994385 -0.0032377234823122397 0.00031294880448136657
leaf_weight=298.22996824386064 60.013330119603779 99.980978546198457 710.89592232083669 859.36974671657663 54.810045875608921 248.65786576009123
leaf_count=5549 795 1489 9131 8292 228 3109
internal_value=-5.09242e-05 0.000560469 -0.000526381 0.000757349 -0.00087486 -0.00070789
internal_weight=2331.96 1019.36 1312.59 959.351 1014.36 959.554
internal_count=28593 10576 18017 9781 12468 12240
is_linear=0
shrinkage=0.03


Tree=91
num_leaves=7
num_cat=0
split_feature=2 34 3 7 11 20
split_gain=0.831946 0.642052 0.578431 0.487398 0.435074 0.427289
threshold=-0.12971135270207443 -8.6270603736241647 -0.31493732643588251 -0.1154456919237508 0.11129591335915441 0.012612602314840128
decision_type=2 10 2 2 2 2
left_child=3 -2 -3 -1 -4 -5
right_child=1 2 4 5 -6 -7
leaf_value=-0.0025123485953322941 0.0023034100728675276 -0.0022992563444926145 0.00030980994114209181 -0.00074463942684703001 0.0024943083996832554 0.00071175846566998656
leaf_weight=94.633360196166905 158.88387773153954 61.556247930857353 1049.6893915633264 638.31242604070576 79.513898860663176 242.72755891858833
leaf_count=2167 2299 793 11124 8186 797 3077
internal_value=9.00549e-05 0.000570782 0.000322339 -0.000573977 0.000484178 -0.000339915
internal_weight=2325.32 1349.64 1190.76 975.673 1129.2 881.04
internal_count=28443 15013 12714 13430 11921 11263
is_linear=0
shrinkage=0.03


Tree=92
num_leaves=7
num_cat=0
split_feature=8 41 46 22 31 6
split_gain=0.753188 0.651104 0.629092 0.550674 0.520339 0.569423
threshold=0.16183952307787722 1.5000000000000002 28.500000000000004 -0.15768213182079982 7.1176422238349923 -0.14155611239123753
decision_type=2 2 10 2 10 2
left_child=1 3 -3 -1 -5 -6
right_child=-2 2 -4 4 5 -7
leaf_value=-0.0018042929392775046 0.0017405563679991688 0.0043271821914474947 -0.00046747592775184087 -0.00040807060329474702 -0.0013068975738772717 0.0014373119462659991
leaf_weight=192.87354402983328 184.67030447439174 44.638433630811051 41.627452635671943 1489.1724076179671 79.313504314632155 292.41209990167408
leaf_count=2786 2054 389 349 16344 1889 4632
internal_value=-4.65772e-05 -0.000208173 0.00220531 -0.000319742 -0.000157054 0.000832894
internal_weight=2324.71 2140.04 86.2659 2053.77 1860.9 371.726
internal_count=28443 26389 738 25651 22865 6521
is_linear=0
shrinkage=0.03


Tree=93
num_leaves=7
num_cat=0
split_feature=14 43 23 9 47 28
split_gain=0.745921 0.776699 0.644606 0.53822 0.437476 0.644805
threshold=0.34198608790104729 1.5000000000000002 0.14772808370208781 0.10632669663453077 5.5000000000000009 2.0509992837905888
decision_type=2 2 2 2 8 8
left_child=1 2 3 4 -1 -6
right_child=-2 -3 -4 -5 5 -7
leaf_value=-0.0018433421655628674 -0.0016783139572091115 0.0030221193660550103 0.0010944299806918342 0.0010732568560981193 -0.00066593883452939723 0.00085992251530216742
leaf_weight=167.93096788128605 210.6372142881155 71.731590300565585 405.88135139356018 234.70527199131902 898.24643481698877 334.03038504527649
leaf_count=2417 882 663 4680 2813 13011 4001
internal_value=-1.82139e-05 0.00015444 3.93993e-05 -0.000227582 -0.000451696 -0.000248734
internal_weight=2323.16 2112.53 2040.79 1634.91 1400.21 1232.28
internal_count=28467 27585 26922 22242 19429 17012
is_linear=0
shrinkage=0.03


Tree=94
num_leaves=7
num_cat=0
split_feature=6 43 46 23 47 23
split_gain=0.700526 0.683395 0.8367 0.544602 0.486124 0.401285
threshold=0.33929199159742401 1.5000000000000002 28.500000000000004 0.54077549956998283 5.5000000000000009 -0.29108432140184476
decision_type=2 2 10 2 8 2
left_child=1 3 -3 4 -1 -6
right_child=-2 2 -4 -5 5 -7
leaf_value=-0.0016609741378100379 0.0018581532915276813 0.0049654715126550997 -0.00073250325753278364 0.0016688844759039365 -0.0011651039453865922 -4.5598833111797941e-06
leaf_weight=232.30198056111112 154.22505322861252 40.299667329527438 38.873604302760214 111.57292863700422 320.82842434692429 1415.6750701883575
leaf_count=3064 1585 337 320 1264 4689 17214
internal_value=-3.11561e-05 -0.000174024 0.00239939 -0.000282971 -0.000401458 -0.00022442
internal_weight=2313.78 2159.55 79.1733 2080.38 1968.81 1736.5
internal_count=28473 26888 657 26231 24967 21903
is_linear=0
shrinkage=0.03


Tree=95
num_leaves=7
num_cat=0
split_feature=2 6 43 23 11 12
split_gain=0.598087 0.632297 0.482323 0.403538 0.355782 0.487841
threshold=-0.11244127404968111 0.29324434012715528 1.5000000000000002 0.62378312966976102 0.11129591335915441 1.2906102384536788
decision_type=2 2 2 2 2 2
left_child=3 2 4 -1 5 -2
right_child=1 -3 -4 -5 -6 -7
leaf_value=-0.00057943517267760561 0.00034351603598685698 0.0023993409381591287 0.0031395969429184713 0.0022964080416675958 0.0019926468830756476 -0.0011759926008381414
leaf_weight=1081.0052639046044 711.34587454846769 128.81621114560403 39.423168093897402 36.038955483119935 72.694437223137356 248.25808237493038
leaf_count=14543 9832 1255 323 449 779 1272
internal_value=3.03571e-05 0.000493253 0.000244087 -0.0004671 0.000104447 -5.76686e-05
internal_weight=2317.58 1200.54 1071.72 1117.04 1032.3 959.604
internal_count=28453 13461 12206 14992 11883 11104
is_linear=0
shrinkage=0.03


Tree=96
num_leaves=7
num_cat=0
split_feature=49 0 8 28 30 47
split_gain=0.756041 0.681866 0.513882 0.449218 0.642324 0.42494
threshold=1.5000000000000002 0.0077839355500756722 0.23216899988254566 0.44573460519313818 -1.9887751936912534 5.5000000000000009
decision_type=2 2 2 8 8 8
left_child=1 2 5 4 -3 -1
right_child=-2 3 -4 -5 -6 -7
leaf_value=-0.0019518842903688074 0.004899421387170976 0.00097135228182528141 0.0030277370541505985 0.0011676964960293233 -0.0014100822709268294 -0.00039939062113025547
leaf_weight=173.50622666539857 17.326949347741902 197.64738812012365 26.215553991030902 465.09513725584839 190.49887864466291 1249.1388102690398
leaf_count=2429 123 2715 323 4156 1953 16751
internal_value=-6.17267e-05 -0.000120096 -0.000515073 0.000548799 -0.000203496 -0.000601036
internal_weight=2319.43 2302.1 1448.86 853.241 388.146 1422.65
internal_count=28450 28327 19503 8824 4668 19180
is_linear=0
shrinkage=0.03


Tree=97
num_leaves=7
num_cat=0
split_feature=49 37 9 11 1 14
split_gain=0.665168 0.610187 0.592661 0.378281 0.501481 0.455552
threshold=1.5000000000000002 -6.0137545348643657 -0.0055679357386712374 0.025522680899316499 0.095387891846403505 0.28104463578201971
decision_type=2 8 2 2 2 2
left_child=1 -1 -3 4 -4 -5
right_child=-2 2 3 5 -6 -7
leaf_value=0.0026110973534653279 0.0045515297631095247 -0.00078591463314020961 -0.00037338597037823708 0.0013476643286074788 0.0021688809429204993 -0.0010373373509877386
leaf_weight=61.561057097176672 17.797769947675988 916.23147051400156 815.82021408161381 366.43463931657607 66.32935302820988 81.295976579189301
leaf_count=1615 127 12496 8989 4437 568 355
internal_value=-6.19837e-05 -0.00011705 -0.000203065 0.000201363 -0.000160063 0.00090141
internal_weight=2325.47 2307.67 2246.11 1329.88 882.15 447.731
internal_count=28587 28460 26845 14349 9557 4792
is_linear=0
shrinkage=0.03


Tree=98
num_leaves=7
num_cat=0
split_feature=43 46 22 23 18 0
split_gain=0.718759 1.27455 0.716205 0.509702 0.407831 0.379878
threshold=1.5000000000000002 20.500000000000004 -0.16251717978601601 0.20557854401914447 1.0000000180025095e-35 0.40629810526123383
decision_type=2 8 2 2 2 2
left_child=2 -2 -1 4 5 -4
right_child=1 -3 3 -5 -6 -7
leaf_value=-0.0018000333376445008 0.0062737247078408732 -0.00049154360791813759 -0.00013349685982385449 0.001043778930764776 -0.0017512692738492278 0.0025580587869429654
leaf_weight=202.61087473496445 34.076149723492563 55.034280948340893 1526.0325395076798 356.55464988271706 128.26747365633491 38.69300504605053
leaf_count=2944 284 445 19461 3828 1244 408
internal_value=-3.32543e-05 0.00246749 -0.000142671 2.91144e-05 -0.000189454 -5.11174e-05
internal_weight=2341.27 89.1104 2252.16 2049.55 1692.99 1564.73
internal_count=28614 729 27885 24941 21113 19869
is_linear=0
shrinkage=0.03


Tree=99
num_leaves=7
num_cat=0
split_feature=28 8 22 7 23 31
split_gain=0.741219 0.577371 0.540356 0.511057 0.48765 0.435388
threshold=3.3306834697723393 0.20005708872711428 0.034715597582891805 0.12188672116063198 -0.29108432140184476 4.199809819459916
decision_type=10 2 2 2 2 10
left_child=1 2 4 5 -1 -4
right_child=-2 -3 3 -5 -6 -7
leaf_value=-0.0017366550557598155 0.0018644093274734731 0.0019138502604940763 -0.00064854430472066767 0.003441479804074945 -0.00037895330501888413 0.0011652629909214307
leaf_weight=283.87803452840308 149.56975853734184 95.566488864307757 251.38893790962175 37.966513663297519 1306.10746553223 209.14734716684325
leaf_count=4197 1350 1080 2611 377 15663 3283
internal_value=-0.000110363 -0.000253481 -0.000361303 0.000493444 -0.000630698 0.000182434
internal_weight=2333.62 2184.05 2088.49 498.503 1589.99 460.536
internal_count=28561 27211 26131 6271 19860 5894
is_linear=0
shrinkage=0.03


Tree=100
num_leaves=7
num_cat=0
split_feature=51 46 47 3 31 26
split_gain=0.641597 1.14395 0.597589 0.579437 0.62937 0.518333
threshold=0.36666666666666675 14.500000000000002 6.5000000000000009 -0.2409861994955331 4.8141577243804941 4.2999167442321786
decision_type=2 10 8 2 8 8
left_child=2 -2 5 -4 -5 -1
right_child=1 -3 3 4 -6 -7
leaf_value=-0.00073925402996472532 0.0045335790539973156 0.00034597539804623214 -0.0012128436973626046 -0.00022341309372666309 0.0010769702171654412 -0.0038881080289113268
leaf_weight=333.80277829995612 64.217499712889548 290.55854529782664 246.48403022042476 765.24125221325085 581.95687480834022 46.461867858539335
leaf_count=4466 612 2807 3984 7533 8541 629
internal_value=5.13165e-05 0.00120747 -0.000161517 9.55587e-05 0.000342117 -0.00121376
internal_weight=2328.72 354.776 1973.95 1593.68 1347.2 380.265
internal_count=28572 3419 25153 20058 16074 5095
is_linear=0
shrinkage=0.03


Tree=101
num_leaves=7
num_cat=0
split_feature=22 28 37 31 5 35
split_gain=0.625194 0.626655 0.575898 0.400679 0.469231 0.395214
threshold=-0.15768213182079982 1.6881240010261538 -4.7630002841663845 3.256752192974091 0.042444910779515517 0.45055138310178733
decision_type=2 8 10 10 2 8
left_child=-1 2 -2 4 -4 -3
right_child=1 5 3 -5 -6 -7
leaf_value=-0.0015249043318855948 0.0021074234706206815 0.0018444775571627742 -0.0012182259607166636 9.4050446913500045e-05 0.0013972551973259618 0.00033154211896582281
leaf_weight=216.64559958843165 79.7972839432623 235.91212511307094 548.17259406868834 743.62726035554078 61.015018770936877 437.7463048963109
leaf_count=3120 1946 2330 5268 10645 525 4659
internal_value=-2.75282e-05 0.000132966 -0.00022226 -0.000374134 -0.000937929 0.000880595
internal_weight=2322.92 2106.27 1432.61 1352.81 609.188 673.658
internal_count=28493 25373 18384 16438 5793 6989
is_linear=0
shrinkage=0.03


Tree=102
num_leaves=7
num_cat=0
split_feature=7 43 46 23 15 0
split_gain=0.594369 0.499384 0.821051 0.515485 0.405362 0.400335
threshold=-0.10750770994707606 1.5000000000000002 28.500000000000004 0.57784389018357951 1.5000000000000002 0.40629810526123383
decision_type=2 2 10 2 2 2
left_child=-1 3 -3 4 5 -2
right_child=1 2 -4 -5 -6 -7
leaf_value=-0.0016615831120366329 4.1069820184613933e-05 0.0048056216019213725 -0.00062457998703344608 0.0020011313412439846 -0.0011812457066400093 0.0025447698576444937
leaf_weight=159.99347343228874 1698.073027771301 43.008030627854168 43.672206078190356 108.8510078144318 232.98136334907031 49.506489705294371
leaf_count=3269 19864 351 348 1247 2940 514
internal_value=4.73777e-05 0.000180052 0.0022881 8.21165e-05 -3.28752e-05 0.000126071
internal_weight=2336.09 2176.09 86.6802 2089.41 1980.56 1747.58
internal_count=28533 25264 699 24565 23318 20378
is_linear=0
shrinkage=0.03


Tree=103
num_leaves=7
num_cat=0
split_feature=23 28 2 36 29 4
split_gain=0.690564 0.703668 0.75489 0.402539 0.421133 0.525379
threshold=0.34456282204118988 2.5651172399520878 0.020920523852352105 2.5043044921800952 0.77124965190887462 -0.17818859632036851
decision_type=2 8 2 10 8 2
left_child=1 -1 3 4 -3 -6
right_child=-2 2 -4 -5 5 -7
leaf_value=-0.00056096767710763829 0.001325850024761303 0.0017289813834366992 0.0042641805314060999 -0.0030645243221534735 -0.0031023349971319798 0.00042589225142026875
leaf_weight=1619.6840964202274 266.4579647500359 156.92512817424722 39.7227985446807 19.382957311812788 36.709536000853404 194.61339325620793
leaf_count=20801 2878 1470 394 157 553 2229
internal_value=-8.31369e-05 -0.000270276 0.000771454 0.00033714 0.000579651 -0.00023937
internal_weight=2333.5 2067.04 447.354 407.631 388.248 231.323
internal_count=28482 25604 4803 4409 4252 2782
is_linear=0
shrinkage=0.03


Tree=104
num_leaves=7
num_cat=0
split_feature=43 0 47 50 12 31
split_gain=0.576244 0.511246 0.446704 0.424312 0.578519 0.419273
threshold=1.5000000000000002 0.0056137771858125194 5.5000000000000009 0.2678571428571429 0.60996991323836969 3.8381482958793645
decision_type=2 2 8 2 2 8
left_child=1 2 -1 -4 -5 -2
right_child=5 -3 3 4 -6 -7
leaf_value=-0.0019020415436242139 0.00030180293307488059 0.0004592347585023699 -0.0005091365064419629 0.0027804855233638319 -0.00043544683708493937 0.0042361094226933448
leaf_weight=163.57693385094171 53.332611254416406 829.48756957228761 1056.6404660962871 80.245717541198246 108.69740969315171 37.654380244435742
leaf_count=2336 380 8641 14375 1664 744 356
internal_value=-2.88381e-05 -0.000128279 -0.000474911 -0.000273837 0.00100149 0.00218823
internal_weight=2329.64 2238.65 1409.16 1245.58 188.943 90.987
internal_count=28496 27760 19119 16783 2408 736
is_linear=0
shrinkage=0.03


Tree=105
num_leaves=7
num_cat=0
split_feature=5 1 30 10 20 7
split_gain=0.591124 0.405265 0.388844 0.480801 0.372436 0.343618
threshold=1.0000000180025095e-35 0.12695128007315934 -4.4259374141693106 0.026182136446761494 -0.1649209121211356 -0.11251980112901676
decision_type=2 2 10 2 2 2
left_child=1 2 3 -1 -2 -4
right_child=4 -3 5 -5 -6 -7
leaf_value=-0.00033132183612532982 -0.001546901095626855 0.0017433498384015814 -0.0022819915447439536 0.00155223965729502 0.0011894954177412568 -0.00045829307797671766
leaf_weight=322.207632955804 41.018408147967421 79.441715523658786 92.284246172086569 183.67171950382181 448.10946656216402 1164.742049269058
leaf_count=5420 504 763 1648 2840 4779 12638
internal_value=1.73806e-05 -0.000229602 -0.000327841 0.000369383 0.000933626 -0.000609133
internal_weight=2331.48 1842.35 1762.91 505.879 489.128 1257.03
internal_count=28592 23309 22546 8260 5283 14286
is_linear=0
shrinkage=0.03


Tree=106
num_leaves=7
num_cat=0
split_feature=20 5 34 14 47 0
split_gain=0.613416 0.669459 0.439681 0.396844 0.366561 0.334217
threshold=-0.16278525394256418 1.0000000180025095e-35 -7.6496938218673067 0.41385917847164688 5.5000000000000009 0.012392890653151691
decision_type=2 2 8 2 8 2
left_child=-1 2 -2 -3 -4 -6
right_child=1 3 4 -5 5 -7
leaf_value=-0.0014321855259078402 0.0018651239590704856 0.0013772909672597822 -0.001437266376239847 -0.0020932237113440995 -0.00042214034912418371 0.00055075774300424702
leaf_weight=238.26697997437441 83.289162540764664 426.24277338307002 195.30334193282761 23.072510123252869 884.85900161278551 482.93982128240168
leaf_count=3416 1910 4659 2339 95 11330 4740
internal_value=-2.18879e-05 0.000144493 -0.000137253 0.00115739 -0.000255127 -7.71271e-05
internal_weight=2333.97 2095.71 1646.39 449.315 1563.1 1367.8
internal_count=28489 25073 20319 4754 18409 16070
is_linear=0
shrinkage=0.03


Tree=107
num_leaves=7
num_cat=0
split_feature=5 22 0 23 14 47
split_gain=0.665532 0.513133 0.589151 0.485779 0.421809 0.404792
threshold=1.0000000180025095e-35 0.13078759026390899 0.46586906684600954 0.62378312966976102 0.31953153718185695 5.5000000000000009
decision_type=2 2 2 2 2 8
left_child=1 2 3 5 -2 -1
right_child=4 -3 -4 -5 -6 -7
leaf_value=-0.0018559532980912145 0.0013242630014341534 0.0012031310604366501 0.0032241535549597114 0.0019419080185744521 -0.0011228542193696509 -0.00042381545247435829
leaf_weight=196.05678182962583 424.45460570434807 185.28667512186803 29.121535362792201 60.380762829678133 66.3783989995718 1379.3684718963632
leaf_count=2561 4945 2415 328 708 282 17324
internal_value=6.83314e-06 -0.000254543 -0.00042298 -0.000507104 0.000977512 -0.000612623
internal_weight=2341.05 1850.21 1664.93 1635.81 490.833 1575.43
internal_count=28563 23336 20921 20593 5227 19885
is_linear=0
shrinkage=0.03


Tree=108
num_leaves=7
num_cat=0
split_feature=28 11 31 3 46 28
split_gain=0.59299 0.568793 0.505584 0.625603 0.44783 0.386607
threshold=3.9447966814041142 0.12734043717877583 5.4638588726520547 -0.2691643109125138 12.500000000000002 0.44573460519313818
decision_type=10 2 8 2 10 10
left_child=1 2 5 -4 -5 -1
right_child=-2 -3 3 4 -6 -7
leaf_value=-0.0010782780429872633 0.0024387092058827274 0.00232331707866037 -0.0017918204814010674 0.0013494289233262581 -9.7553454368322094e-05 -5.0497625910820895e-05
leaf_weight=607.51839361788006 78.273196975002065 76.171097010490485 93.858625812572427 412.5819036502653 351.23284825286828 708.17304528073873
leaf_count=6764 695 846 2089 6165 5296 6662
internal_value=2.66325e-05 -6.77179e-05 -0.000161775 0.00040212 0.000691386 -0.000529627
internal_weight=2327.81 2249.54 2173.36 857.673 763.815 1315.69
internal_count=28517 27822 26976 13550 11461 13426
is_linear=0
shrinkage=0.03


Tree=109
num_leaves=7
num_cat=0
split_feature=49 2 14 0 9 20
split_gain=0.65611 0.559058 0.6481 0.557454 0.394521 0.392445
threshold=1.5000000000000002 -0.12572700109751672 0.41385917847164688 0.42313246652566022 0.14617380513482778 0.012612602314840128
decision_type=2 2 2 2 2 2
left_child=1 5 3 4 -3 -1
right_child=-2 2 -4 -5 -6 -7
leaf_value=-0.0008665024354525062 0.0046686154410956809 0.00031302285292737162 -0.0022074390703242727 0.0038703937689071859 0.0022318920760114901 0.00043678858636463092
leaf_weight=707.75242683087708 17.943904261104763 1121.4494445467717 68.432420320808887 35.640852944226936 96.163469325227197 285.54963377065724
leaf_count=9749 123 13045 283 379 1043 3939
internal_value=9.91262e-05 4.37794e-05 0.000446523 0.000607766 0.000481516 -0.000491219
internal_weight=2332.93 2314.99 1321.69 1253.25 1217.61 993.302
internal_count=28561 28438 14750 14467 14088 13688
is_linear=0
shrinkage=0.03


Tree=110
num_leaves=7
num_cat=0
split_feature=14 8 3 36 8 22
split_gain=0.582399 0.59414 0.46813 0.55915 0.377131 0.335741
threshold=0.34198608790104729 -0.066244158714105342 -0.059841758346674608 -2.5869741197087843 0.23216899988254566 -0.1601264224905416
decision_type=2 2 2 10 2 2
left_child=1 -1 4 -4 5 -3
right_child=-2 2 3 -5 -6 -7
leaf_value=-0.00093245700948495376 -0.0014571084207597902 -0.0012671715912072805 0.0040115805120798679 0.00079666196848198129 0.0025635278034585214 0.00021097124406893697
leaf_weight=358.97167151619215 210.33977434039116 145.93712826143019 50.287806832580827 298.35142847948009 45.68379480598378 1213.2612160793069
leaf_count=6523 883 2066 591 3212 532 14705
internal_value=1.09793e-05 0.000163332 0.000391672 0.00135931 0.000143631 4.41673e-05
internal_weight=2322.83 2112.49 1753.52 348.639 1404.88 1359.2
internal_count=28512 27629 21106 3803 17303 16771
is_linear=0
shrinkage=0.03


Tree=111
num_leaves=7
num_cat=0
split_feature=49 22 18 7 47 28
split_gain=0.712101 0.512458 0.414503 0.400184 0.399258 0.30574
threshold=1.5000000000000002 -0.15768213182079982 1.0000000180025095e-35 -0.10497029864169484 4.5000000000000009 1.6215919256210329
decision_type=2 2 2 2 8 10
left_child=1 -1 3 -3 -5 -4
right_child=-2 2 5 4 -6 -7
leaf_value=-0.0014112772426110338 0.0047450537621990981 -0.0012542730560988324 -0.0020784320918529305 -0.001682318680497458 0.00043195730764980105 0.00070690439218576786
leaf_weight=217.78587797441287 18.09706470835954 145.0042102294392 117.56568109546788 74.579463479691185 1718.7673627289769 43.362217348068953
leaf_count=3129 126 2970 1170 885 20023 349
internal_value=-2.35169e-06 -5.96619e-05 8.6585e-05 0.000210458 0.00033519 -0.00133047
internal_weight=2335.16 2317.06 2099.28 1938.35 1793.35 160.928
internal_count=28652 28526 25397 23878 20908 1519
is_linear=0
shrinkage=0.03


Tree=112
num_leaves=7
num_cat=0
split_feature=0 22 14 5 31 6
split_gain=0.615419 0.50006 0.499383 0.619644 0.548729 0.628968
threshold=0.46586906684600954 -0.16251717978601601 0.41385917847164688 1.0000000180025095e-35 7.1176422238349923 -0.013297991454333502
decision_type=2 2 2 2 8 2
left_child=1 -1 3 4 -3 -6
right_child=-2 2 -4 -5 5 -7
leaf_value=-0.0014442092739411056 0.0033054253861266232 -0.00046073836446137881 -0.0018838499445988218 0.001192854732474621 -0.00069637022258188096 0.0015438933940465373
leaf_weight=205.28903030659421 39.737963484833017 1097.1671382192872 101.13484375923872 419.08293817157391 168.21057215360634 305.55276551036513
leaf_count=2939 432 12297 416 4592 3322 4594
internal_value=3.80188e-06 -6.74136e-05 7.39772e-05 0.000182398 -9.30054e-05 0.000750531
internal_weight=2336.18 2296.44 2091.15 1990.01 1570.93 473.763
internal_count=28592 28160 25221 24805 20213 7916
is_linear=0
shrinkage=0.03


Tree=113
num_leaves=7
num_cat=0
split_feature=11 28 12 2 51 9
split_gain=0.596008 0.448443 0.486088 0.466161 0.429236 0.410378
threshold=0.1237091212798322 3.3306834697723393 1.5456991899470942 -0.10867236142967861 0.55000000000000016 0.094315318185411445
decision_type=2 10 2 2 2 2
left_child=1 2 3 5 -4 -1
right_child=-2 -3 4 -5 -6 -7
leaf_value=-0.00076548437458966374 0.0022903015806598611 0.0014768504389776336 -0.0017069425896712434 0.00047032854922647013 0.0013132977080495439 0.00094389631366739962
leaf_weight=779.92667869606521 86.819006966252346 139.17299694358371 278.20603931695223 859.89097874997242 42.067556746304035 141.65917077020276
leaf_count=12010 952 1248 1347 10901 196 1842
internal_value=-1.45061e-05 -0.000113578 -0.000225388 -2.92448e-05 -0.00128249 -0.00049542
internal_weight=2327.74 2240.92 2101.75 1781.48 320.274 921.586
internal_count=28496 27544 26296 24753 1543 13852
is_linear=0
shrinkage=0.03


Tree=114
num_leaves=7
num_cat=0
split_feature=28 2 37 33 9 28
split_gain=0.775775 0.419486 0.373989 0.351571 0.331743 0.418925
threshold=0.38737246394157415 -0.15815581402044174 0.74525100085884366 -1.8962197800477345 0.11097396658343328 0.63525319099426281
decision_type=8 2 10 10 2 10
left_child=2 -2 3 -1 -3 -6
right_child=1 4 -4 -5 5 -7
leaf_value=-0.0014913939275936737 -0.00039234316110222652 0.00058886793317510205 -0.0012133067815834246 0.00028463208327853836 0.0047233746198208342 0.00095833129653508217
leaf_weight=116.71980932721635 340.22323951649014 795.66711580508854 474.905671864748 471.91491092988872 32.277893392485566 91.372609114972875
leaf_count=2469 4291 7907 5222 7565 316 758
internal_value=-2.69744e-06 0.000499288 -0.000596307 -8.65648e-05 0.000829936 0.00222104
internal_weight=2323.08 1259.54 1063.54 588.635 919.318 123.651
internal_count=28528 13272 15256 10034 8981 1074
is_linear=0
shrinkage=0.03


Tree=115
num_leaves=7
num_cat=0
split_feature=28 12 46 51 28 22
split_gain=0.508747 0.683725 0.585716 0.706155 0.529923 0.403888
threshold=1.6881240010261538 1.0259299102469412 15.500000000000002 0.22500000000000003 3.5800904035568242 -0.021557571906934244
decision_type=8 2 8 2 10 2
left_child=2 5 3 -1 -3 -2
right_child=1 4 -4 -5 -6 -7
leaf_value=-0.00037657073610092041 -0.00012628242899195507 -0.00092822055431662515 -0.00039346640243914492 0.0037004809677277958 0.0020777011078940508 0.0020180121860685265
leaf_weight=77.117923844431061 102.37055007135496 251.78040205687284 1447.3065596738161 62.724795218557119 56.29896867275238 321.05646841146518
leaf_count=1164 1547 1379 18907 667 297 4465
internal_value=9.08484e-05 0.000739906 -0.000211058 0.00157706 -0.000330862 0.00150864
internal_weight=2318.66 731.506 1587.15 139.843 308.079 423.427
internal_count=28426 7688 20738 1831 1676 6012
is_linear=0
shrinkage=0.03


Tree=116
num_leaves=7
num_cat=0
split_feature=47 51 46 4 34 22
split_gain=0.485026 0.547438 0.848776 0.365512 0.536102 0.418051
threshold=4.5000000000000009 0.36666666666666675 23.500000000000004 -0.091708521687438302 -7.2217581868171683 0.13078759026390899
decision_type=8 2 10 2 10 2
left_child=-1 3 -3 5 -5 -2
right_child=1 2 -4 4 -6 -7
leaf_value=-0.0019246579968025123 -0.00059876833444636119 0.0033900776785858338 0.00014062919410837447 0.0022870878258156968 8.9660417810401787e-05 0.001281808395198683
leaf_weight=100.58081343083177 1056.2997142110544 100.24486177787185 213.13406991807278 108.05561767698964 656.55229977649287 108.77076534618391
leaf_count=1275 13529 941 2055 1749 7571 1486
internal_value=1.5223e-05 0.000110365 0.00125277 -8.06619e-05 0.000425721 -0.000413784
internal_weight=2343.64 2243.06 313.379 1929.68 764.608 1165.07
internal_count=28606 27331 2996 24335 9320 15015
is_linear=0
shrinkage=0.03


Tree=117
num_leaves=7
num_cat=0
split_feature=2 37 3 4 28 46
split_gain=0.524273 0.563613 0.428545 0.39043 0.366389 0.292658
threshold=-0.12830813690610451 -3.4100566996882358 -0.31493732643588251 -0.17727738112085223 0.44573460519313818 29.500000000000004
decision_type=2 10 2 2 10 8
left_child=-1 3 -3 -2 5 -4
right_child=1 2 4 -5 -6 -7
leaf_value=-0.0005074326773868822 -0.00099483493615640109 -0.0022352112937640014 0.0011515226914526595 0.0023041191664687393 0.00079381137857098864 -0.00064419413089748735
leaf_weight=983.30697100362158 32.932411508227233 55.323964660492493 91.212447758822236 181.15149082889548 557.01444669323973 421.20430884580128
leaf_count=13605 596 704 1033 2685 5049 4862
internal_value=1.56712e-05 0.000400777 0.000125894 0.00177489 0.000267615 -0.000308625
internal_weight=2322.15 1338.84 1124.76 214.084 1069.43 512.417
internal_count=28534 14929 11648 3281 10944 5895
is_linear=0
shrinkage=0.03


Tree=118
num_leaves=7
num_cat=0
split_feature=15 28 47 34 50 22
split_gain=0.582569 0.661338 0.556688 0.493264 0.485057 0.438559
threshold=1.5000000000000002 2.8898928165435795 5.5000000000000009 -7.6496938218673067 0.40833333333333338 0.034715597582891805
decision_type=2 8 8 10 2 2
left_child=1 3 -3 -1 -4 -5
right_child=-2 2 4 5 -6 -7
leaf_value=0.0019503434780484144 -0.0012229657803587049 -0.0015342139367732607 0.0008278908481137644 -0.00044009676525045112 0.0032103910652214055 0.00071907991363966042
leaf_weight=96.211268182625645 273.3803735243564 45.067709509981796 209.02602614014177 1206.9475629613153 121.81699528638273 377.54330939758802
leaf_count=2263 3582 493 2200 14164 1324 4459
internal_value=5.28685e-05 0.000227559 0.00134753 -2.94266e-05 0.00177358 -0.000161117
internal_weight=2329.99 2056.61 375.911 1680.7 330.843 1584.49
internal_count=28485 24903 4017 20886 3524 18623
is_linear=0
shrinkage=0.03


Tree=119
num_leaves=7
num_cat=0
split_feature=28 7 14 15 5 28
split_gain=0.554487 0.433042 0.459353 0.56004 0.373104 0.357535
threshold=4.2957904338836679 -0.10497029864169484 0.41385917847164688 1.5000000000000002 1.0000000180025095e-35 0.4635580331087113
decision_type=10 2 2 2 2 10
left_child=1 -1 3 4 -3 -5
right_child=-2 2 -4 5 -6 -7
leaf_value=-0.0015235623784796964 0.0026791321886439857 9.5600685322542753e-05 -0.0018342910274393419 -0.0021118999411588336 0.0011420739966273921 0.00019505857657093684
leaf_weight=162.64570610458031 57.541127043776214 1383.8849443890504 101.65167731791735 140.41808235528879 384.71893060614821 98.478123921435326
leaf_count=3334 505 17075 419 2011 4107 1036
internal_value=2.81989e-07 -7.90131e-05 3.90461e-05 0.000142526 0.000328378 -0.00119129
internal_weight=2329.34 2271.8 2109.15 2007.5 1768.6 238.896
internal_count=28487 27982 24648 24229 21182 3047
is_linear=0
shrinkage=0.03


Tree=120
num_leaves=7
num_cat=0
split_feature=51 46 14 3 6 23
split_gain=0.73071 0.95246 0.4907 0.498996 0.451693 0.403735
threshold=0.63333333333333341 65.500000000000014 0.41385917847164688 -0.30325888206374413 0.33929199159742401 -0.3021662770987818
decision_type=2 10 2 2 2 2
left_child=2 -2 3 -1 5 -5
right_child=1 -3 -4 4 -6 -7
leaf_value=-0.0016048497038198925 0.0032415002385995924 -0.00093012769321524095 -0.0021703099828399726 -0.00098266618146616381 0.0017670046180552623 0.00018649469357134082
leaf_weight=157.88291238076636 123.60989595483989 72.231688365107402 91.920490242540836 315.12415972002782 126.05583229236072 1447.5259529400937
leaf_count=2694 1104 686 379 4563 1357 17763
internal_value=2.5051e-05 0.00173245 -0.000138646 -3.72866e-05 0.000101513 -2.68906e-05
internal_weight=2334.35 195.842 2138.51 2046.59 1888.71 1762.65
internal_count=28546 1790 26756 26377 23683 22326
is_linear=0
shrinkage=0.03


Tree=121
num_leaves=7
num_cat=0
split_feature=6 51 46 5 14 28
split_gain=0.627444 0.626006 1.03266 0.495902 0.483322 0.512111
threshold=0.47458193080532401 0.36666666666666675 23.500000000000004 -0.039592481429720168 0.31953153718185695 0.93899044394493114
decision_type=2 2 10 2 2 10
left_child=1 4 3 -3 5 -1
right_child=-2 2 -4 -5 -6 -7
leaf_value=-0.00046599999872373851 0.0030276423225786726 0.0010322937725425144 -5.7784830116551474e-05 0.0051110481351053071 -0.0016494132676353112 0.00061563143492195593
leaf_weight=1164.5496369286411 51.038744061603211 55.575491267023608 235.74030668812338 56.519348321191501 193.47101028263569 582.98782909219153
leaf_count=17500 520 513 2289 561 824 6381
internal_value=2.5701e-05 -5.41182e-05 0.0010996 0.00333902 -0.000265445 -0.000103712
internal_weight=2339.88 2288.84 347.835 112.095 1941.01 1747.54
internal_count=28588 28068 3363 1074 24705 23881
is_linear=0
shrinkage=0.03


Tree=122
num_leaves=7
num_cat=0
split_feature=28 2 28 14 39 28
split_gain=0.523357 0.535846 0.540538 0.440484 0.400078 0.377531
threshold=4.1199619770050058 -0.1945278056739301 -4.8550727367401114 0.37533345012189662 4.5000000000000009 0.15307510644197467
decision_type=10 2 8 2 2 8
left_child=1 -1 -3 5 -2 -4
right_child=4 2 3 -5 -6 -7
leaf_value=-0.0011178002053161443 0.0047552675281056249 0.0029218303383261547 -0.00040332775767218626 -0.0015790317580906116 0.00036737816930758371 0.00050534151451929487
leaf_weight=389.09776907152263 25.129180661402643 48.874101722598425 683.07692932043574 136.16637560725212 43.952329146908596 1004.3255149104516
leaf_count=6915 202 993 8904 564 408 10540
internal_value=-3.63064e-05 -0.000119676 9.25725e-05 1.2229e-06 0.002363 0.000137294
internal_weight=2330.62 2261.54 1872.44 1823.57 69.0815 1687.4
internal_count=28526 27916 21001 20008 610 19444
is_linear=0
shrinkage=0.03


Tree=123
num_leaves=7
num_cat=0
split_feature=8 22 2 18 14 7
split_gain=0.521824 0.342924 0.322213 0.323827 0.309902 0.352054
threshold=0.19344850867118132 0.13977680002997564 -0.2236773815140409 1.0000000180025095e-35 0.41385917847164688 -0.10497029864169484
decision_type=2 2 2 2 2 2
left_child=1 2 -1 4 5 -4
right_child=-2 -3 3 -5 -6 -7
leaf_value=-0.0011799720603135574 0.0019491752334379485 0.0010930967739688818 -0.0015424756098470986 -0.0013773405938194718 -0.0015988204879951748 0.00029222989729592156
leaf_weight=248.94854388851672 111.02285854169168 196.06129079713719 90.673613545077387 140.7634963542223 83.921989649534225 1459.6269872260018
leaf_count=4769 1239 2521 1572 1249 346 16867
internal_value=3.07357e-05 -7.35167e-05 -0.000191347 -4.68546e-05 7.54265e-05 0.000175724
internal_weight=2331.02 2220 2023.93 1774.99 1634.22 1550.3
internal_count=28563 27324 24803 20034 18785 18439
is_linear=0
shrinkage=0.03


Tree=124
num_leaves=7
num_cat=0
split_feature=28 7 12 9 28 4
split_gain=0.500934 0.479772 0.479108 0.448846 0.350581 0.411319
threshold=3.4106053113937382 -0.10750770994707606 1.6058927959201512 0.10019122391016565 0.5529184639453889 -0.10046836234473287
decision_type=10 2 2 2 8 2
left_child=1 -1 3 4 -3 -6
right_child=-2 2 -4 -5 5 -7
leaf_value=-0.001666202786773828 0.0017356098645606264 -0.00040338063906585384 -0.0010677043102339347 0.0013295423452280848 -0.00011810991523776614 0.001351730105672999
leaf_weight=148.94116639322601 136.07848818367347 793.5218890405813 288.04652751982212 272.11397764802678 394.26067710033385 291.0954977410147
leaf_count=3145 1209 11595 1362 3166 4653 3382
internal_value=3.45713e-05 -7.86376e-05 4.48915e-05 0.000232943 2.35933e-05 0.000516646
internal_weight=2324.06 2187.98 2039.04 1750.99 1478.88 685.356
internal_count=28512 27303 24158 22796 19630 8035
is_linear=0
shrinkage=0.03


Tree=125
num_leaves=7
num_cat=0
split_feature=49 5 22 8 6 4
split_gain=0.732822 0.622315 0.608081 0.456599 0.359515 0.357706
threshold=1.0000000180025095e-35 -0.065364330161106945 -0.047232524841542979 -0.028981528147918784 0.25800267363092039 0.0065989054764286946
decision_type=2 2 2 2 2 2
left_child=2 -2 5 -4 -5 -1
right_child=1 -3 3 4 -6 -7
leaf_value=-0.0011639224763933856 -0.00047859951488556438 0.0045961206647718508 -0.00057320816221239441 0.00028905648132691527 0.00175297374340245 0.0015216053690658192
leaf_weight=511.42679475614568 32.554855194408447 46.475969126797281 488.99956233808189 1046.9797123843455 167.74461699405219 40.274182321765693
leaf_count=6860 288 424 7290 11614 1569 470
internal_value=1.70097e-05 0.00268675 -8.79857e-05 0.000193192 0.000503875 -0.00094428
internal_weight=2334.46 79.0308 2255.42 1703.72 1214.72 551.701
internal_count=28515 712 27803 20473 13183 7330
is_linear=0
shrinkage=0.03


Tree=126
num_leaves=7
num_cat=0
split_feature=23 28 46 51 3 14
split_gain=0.472819 0.421567 0.644372 0.787286 0.460131 0.522864
threshold=0.55228305723375715 1.4798393249511721 14.500000000000002 0.22500000000000003 -0.2409861994955331 0.13706865765051898
decision_type=2 8 8 2 2 2
left_child=1 2 3 -1 -3 -6
right_child=-2 4 -4 -5 5 -7
leaf_value=-0.0005832930772745119 0.0017239475148846974 -0.0013559876878251678 -0.00059299836327374221 0.0040903146894552172 0.0017544939534959419 6.5539408347618927e-05
leaf_weight=64.113212274503894 126.12761991500156 99.420590574853122 1319.2764646592259 51.483740659954492 265.93048719957005 412.24001378566027
leaf_count=1001 1436 1347 17535 550 4375 2325
internal_value=7.70461e-06 -9.74512e-05 -0.00040142 0.00165815 0.000461431 0.000743699
internal_weight=2338.59 2212.46 1434.87 115.597 777.591 678.171
internal_count=28569 27133 19086 1551 8047 6700
is_linear=0
shrinkage=0.03


Tree=127
num_leaves=7
num_cat=0
split_feature=51 46 47 22 12 28
split_gain=0.449896 0.723402 0.520567 0.446451 0.362742 0.542997
threshold=0.36666666666666675 21.500000000000004 5.5000000000000009 -0.053946264622441897 1.2906102384536788 3.3306834697723393
decision_type=2 10 8 2 2 10
left_child=2 -2 -1 -4 -5 -6
right_child=1 -3 3 4 5 -7
leaf_value=-0.0016316337252125733 0.0029656585409277817 6.4482536695849529e-05 -0.00087899292441561338 0.00050588127049537818 -0.0010710119843522546 0.0023540187988781501
leaf_weight=192.99736013874644 101.65174422261771 253.30069524561986 415.32755649354658 1046.0156190846028 295.00893274694681 38.672916144132614
leaf_count=2631 974 2416 5676 15188 1536 189
internal_value=-1.48114e-05 0.000953821 -0.000191665 -2.86604e-05 0.000231797 -0.000617115
internal_weight=2342.97 354.952 1988.02 1795.03 1379.7 333.682
internal_count=28610 3390 25220 22589 16913 1725
is_linear=0
shrinkage=0.03


Tree=128
num_leaves=7
num_cat=0
split_feature=51 46 14 28 2 4
split_gain=0.658399 0.712894 0.456459 0.54822 0.515949 0.422957
threshold=0.63333333333333341 65.500000000000014 0.2277947556113353 3.3306834697723393 -0.11777762181154879 -0.016546102484139309
decision_type=2 10 2 10 2 2
left_child=2 -2 4 -4 5 -1
right_child=1 -3 3 -5 -6 -7
leaf_value=-0.00063832272108569233 0.0029999901235441399 -0.00068091047011053444 -0.001141934252650866 0.0019155821951815724 0.00067994485026788944 0.0015961773800006144
leaf_weight=678.97032617876539 122.53943845414324 68.770931071019731 491.11510582268238 49.898359566926956 837.06211041098868 76.115668114915024
leaf_count=11376 1096 676 2354 227 11605 1186
internal_value=6.85837e-05 0.00170871 -8.57958e-05 -0.000830289 0.000170787 -0.000395158
internal_weight=2324.47 191.31 2133.16 541.013 1592.15 755.086
internal_count=28520 1772 26748 2581 24167 12562
is_linear=0
shrinkage=0.03


Tree=129
num_leaves=7
num_cat=0
split_feature=47 2 30 3 8 4
split_gain=0.598906 0.451945 0.460733 0.475341 0.427589 0.38185
threshold=4.5000000000000009 -0.12705250761577 -7.7647809982299796 -0.059841758346674608 0.15822847283258473 -0.039619780768251171
decision_type=8 2 10 2 2 2
left_child=-1 -2 3 4 5 -3
right_child=1 2 -4 -5 -6 -7
leaf_value=-0.0021145629626942116 -0.00032423596320665617 -0.00061513090700533529 0.00027434954910143561 0.0043006145715129935 0.0038560018883680627 0.0027507415568328165
leaf_weight=98.050050425168592 942.76975021383259 116.06674106273567 1066.916329603293 42.456587110471446 26.470874241553247 30.009299342724262
leaf_count=1249 13053 1657 11170 561 406 421
internal_value=6.7211e-05 0.000172402 0.000537329 0.00177213 0.000948466 0.000208281
internal_weight=2322.74 2224.69 1281.92 215.004 172.547 146.076
internal_count=28517 27268 14215 3045 2484 2078
is_linear=0
shrinkage=0.03


Tree=130
num_leaves=7
num_cat=0
split_feature=51 46 14 2 24 6
split_gain=0.462729 0.765942 0.473289 0.393672 0.419204 0.332529
threshold=0.63333333333333341 78.500000000000014 0.41385917847164688 -0.19311438320140856 3.5000000000000004 0.33929199159742401
decision_type=2 10 2 2 2 2
left_child=2 -2 3 4 -1 -5
right_child=1 -3 -4 5 -6 -7
leaf_value=-0.0016509529962811338 0.0025846066850071757 -0.0012371703582610505 -0.0020392477078347623 8.5804859978114349e-05 0.00035858509608604073 0.0016960018234382557
leaf_weight=224.76212870058953 136.59234405192547 62.366394758573733 96.970155090093613 1556.0639848230057 150.14862926295609 114.80288866179762
leaf_count=4152 1230 599 400 18403 2659 1180
internal_value=3.70381e-05 0.00138474 -9.39502e-05 7.72822e-06 -0.000857743 0.000205871
internal_weight=2341.71 198.959 2142.75 2045.78 374.911 1670.87
internal_count=28623 1829 26794 26394 6811 19583
is_linear=0
shrinkage=0.03


Tree=131
num_leaves=7
num_cat=0
split_feature=3 15 28 14 7 28
split_gain=0.468295 0.445269 0.529001 0.495854 0.555234 0.393834
threshold=-0.32425502173703141 1.5000000000000002 -4.8550727367401114 0.19891925297071181 -0.0053885025339599291 0.96234637498855602
decision_type=2 2 10 2 2 10
left_child=-1 2 3 4 -2 -4
right_child=1 -3 5 -5 -6 -7
leaf_value=-0.0016356755266933244 -0.00070140554759905919 -0.001020875683250785 -0.00026693021462661267 -0.00081299912464759456 0.0032486452675794509 0.00066024494633363097
leaf_weight=135.62240999759524 37.352937310715788 260.20439134212211 1043.3483760399104 52.179678976535797 131.46193896845216 667.8157673968235
leaf_count=2225 904 3323 13310 259 2142 6323
internal_value=1.2024e-05 0.000120917 0.000279147 0.00162685 0.00238429 9.6652e-05
internal_weight=2327.99 2192.36 1932.16 220.995 168.815 1711.16
internal_count=28486 26261 22938 3305 3046 19633
is_linear=0
shrinkage=0.03


Tree=132
num_leaves=7
num_cat=0
split_feature=47 22 37 0 23 42
split_gain=0.457137 0.46552 0.387637 0.310524 0.285384 0.303141
threshold=4.5000000000000009 -0.15768213182079982 -6.0137545348643657 0.42313246652566022 0.68732619444284715 2.5000000000000004
decision_type=8 2 8 2 2 2
left_child=-1 -2 -3 4 5 -4
right_child=1 2 3 -5 -6 -7
leaf_value=-0.0019352461862847622 -0.0012514762506477327 0.0025254568824785856 -7.5918249908547741e-05 0.0023151775577922268 0.0019786867452165511 0.0017957834098320678
leaf_weight=96.656146062363405 205.40346802098793 53.36969738904736 1791.4974300251342 47.379465616540983 58.357754168682732 71.396752178203315
leaf_count=1238 2942 1342 21215 470 626 659
internal_value=-1.64666e-05 7.50744e-05 0.000215327 0.000140252 7.49063e-05 5.02132e-06
internal_weight=2324.06 2227.4 2022 1968.63 1921.25 1862.89
internal_count=28492 27254 24312 22970 22500 21874
is_linear=0
shrinkage=0.03


Tree=133
num_leaves=7
num_cat=0
split_feature=22 31 6 8 51 46
split_gain=0.455792 0.563903 0.528374 0.445044 0.321668 0.54107
threshold=-0.16454758628043273 7.1176422238349923 -0.14155611239123753 0.18821883252260022 0.55000000000000016 78.500000000000014
decision_type=2 10 2 2 2 10
left_child=-1 3 -3 4 -2 -6
right_child=1 2 -4 -5 5 -7
leaf_value=-0.0013321533014130393 -0.00035472530619344074 -0.00088520043541934321 0.0016466456750352978 0.0018910519742426758 0.002227617346721444 -0.0014244616557246713
leaf_weight=198.17601042528986 1483.2168024321727 87.781067565883859 332.4042965589033 85.126564637292176 101.67328529106453 46.049875809578225
leaf_count=2904 16296 2035 5226 805 850 415
internal_value=8.13516e-06 0.000138099 0.00110944 -0.000104786 -0.000219848 0.00107102
internal_weight=2334.43 2136.25 420.185 1716.07 1630.94 147.723
internal_count=28531 25627 7261 18366 17561 1265
is_linear=0
shrinkage=0.03


Tree=134
num_leaves=7
num_cat=0
split_feature=0 10 30 3 28 47
split_gain=0.386139 0.317153 0.329026 0.257142 0.263892 0.377703
threshold=0.46586906684600954 0.047346388522495959 -7.7647809982299796 -0.25787835741813431 2.7757409811019902 6.5000000000000009
decision_type=2 2 10 2 10 8
left_child=1 3 -3 -1 5 -5
right_child=-2 2 -4 4 -6 -7
leaf_value=-0.0012295149040145912 0.0026637784577556913 0.0019809051178121869 0.00020105423735060872 -0.0011114300740321837 0.0010024549725871654 4.0231032259768195e-05
leaf_weight=199.33874753818964 38.525323416513857 108.14025178032171 461.64320752653293 330.67212158496841 161.72557455068454 1032.2046158227313
leaf_count=3304 424 1594 5122 4111 1397 12583
internal_value=1.5442e-05 -4.04092e-05 0.000567195 -0.000243343 -0.000107231 -0.000245255
internal_weight=2332.25 2293.72 569.783 1723.94 1524.6 1362.88
internal_count=28535 28111 6716 21395 18091 16694
is_linear=0
shrinkage=0.03


Tree=135
num_leaves=7
num_cat=0
split_feature=28 9 23 39 2 24
split_gain=0.422895 0.338373 0.316165 0.295627 0.265039 0.423538
threshold=4.1199619770050058 0.20620103298965517 0.54077549956998283 4.5000000000000009 -0.2868854246054367 3.5000000000000004
decision_type=10 2 2 2 2 2
left_child=1 2 4 -2 5 -1
right_child=3 -3 -4 -5 -6 -7
leaf_value=-0.0028399084474655593 0.0043313637381302492 0.0022322280105987542 0.001362024569532714 0.00046907173020180906 -4.0580809270687797e-05 0.00058534255626648988
leaf_weight=68.071673795784591 25.020154036814347 50.81816332845483 126.63298192291404 42.045740941073745 1951.9837524688483 50.683475568366703
leaf_count=1701 197 656 1420 399 22908 1175
internal_value=9.98346e-05 2.48176e-05 -3.61141e-05 0.00228503 -0.00012775 -0.00144612
internal_weight=2315.26 2248.19 2197.37 67.0659 2070.74 118.755
internal_count=28456 27860 27204 596 25784 2876
is_linear=0
shrinkage=0.03


Tree=136
num_leaves=7
num_cat=0
split_feature=11 10 34 11 7 2
split_gain=0.403644 0.394544 0.346362 0.331294 0.266048 0.300969
threshold=0.12734043717877583 0.0083184952420028869 -7.7976580858230582 0.025522680899316499 0.047520619902865442 -0.11046667665868692
decision_type=2 2 10 2 2 2
left_child=1 -1 4 -4 -3 -6
right_child=-2 2 3 -5 5 -7
leaf_value=-0.00039844453206761932 0.0020401501082950835 0.0006940894000011385 -0.00022766025630744545 0.0010125043650749622 0.0004603554379225195 0.0051269549673668433
leaf_weight=1209.0642006765993 77.917121531878365 103.73953155780328 611.94677186085028 272.01012795986026 22.919613115547691 24.275058452505618
leaf_count=15416 837 1659 6815 3125 318 325
internal_value=4.60597e-05 -3.19255e-05 0.000395994 0.000161019 0.00167663 0.0033374
internal_weight=2321.87 2243.96 1034.89 883.957 150.934 47.1947
internal_count=28495 27658 12242 9940 2302 643
is_linear=0
shrinkage=0.03


Tree=137
num_leaves=7
num_cat=0
split_feature=15 31 41 47 39 20
split_gain=0.395323 0.435683 0.643112 0.455997 0.501226 0.358324
threshold=1.5000000000000002 4.4362272322177896 1.5000000000000002 5.5000000000000009 1.0000000180025095e-35 -0.059551082989045004
decision_type=2 8 2 8 2 2
left_child=1 -1 3 4 -3 -2
right_child=5 2 -4 -5 -6 -7
leaf_value=-0.00023063237952560201 -0.0027609487097787835 -0.0048115426737933399 0.0043163869666715694 0.00072489242228117442 -0.00019126651660829547 -0.00034970725433169052
leaf_weight=1130.0707735434407 68.316190143988933 17.537119506625459 31.140607425477356 789.91458339471137 94.764415636658669 202.74007428035839
leaf_count=10958 986 231 299 12051 1519 2517
internal_value=2.18965e-05 0.000164925 0.000641218 0.00046844 -0.0012472 -0.00103404
internal_weight=2334.48 2063.43 933.357 902.216 112.302 271.056
internal_count=28561 25058 14100 13801 1750 3503
is_linear=0
shrinkage=0.03


Tree=138
num_leaves=7
num_cat=0
split_feature=43 46 8 23 27 6
split_gain=0.534393 0.611017 0.438207 0.417682 0.353674 0.326808
threshold=1.5000000000000002 20.500000000000004 0.23216899988254566 0.54077549956998283 2.51499354839325 -0.0033394908678040926
decision_type=2 10 2 2 10 2
left_child=2 -2 3 4 5 -1
right_child=1 -3 -4 -5 -6 -7
leaf_value=-0.00066840080685241754 0.0045318332437604327 -0.00012786604410366256 0.0022690348422232634 0.0014913145586706827 -0.0016595946053539962 0.00013562099252309635
leaf_weight=722.77326963945234 38.899932705098763 51.434350166469812 57.783803948143031 116.96200735581806 145.31600265944144 1193.2956008671026
leaf_count=10512 309 421 669 1336 1750 13583
internal_value=-1.17531e-05 0.00213039 -0.00010739 -0.000180509 -0.000282109 -0.000169565
internal_weight=2326.46 90.3343 2236.13 2178.35 2061.38 1916.07
internal_count=28580 730 27850 27181 25845 24095
is_linear=0
shrinkage=0.03


Tree=139
num_leaves=7
num_cat=0
split_feature=23 43 46 28 30 29
split_gain=0.431802 0.441596 0.472409 0.428695 0.393682 0.362762
threshold=0.54077549956998283 1.5000000000000002 20.500000000000004 0.93899044394493114 -5.7141261100769034 -6.136927366256713
decision_type=2 2 10 10 8 10
left_child=1 3 -3 4 -1 -5
right_child=-2 2 -4 5 -6 -7
leaf_value=0.0006156305188370285 0.0016582808906036837 0.0043092645560262183 -5.8550976527401307e-05 0.0016202912773185302 -0.00066360458620241456 8.4339222369860366e-05
leaf_weight=259.32433971349383 136.24437962361844 32.925689797149971 45.800635532941669 176.06957022694405 1122.741366410075 544.84108229557751
leaf_count=4944 1505 269 379 1897 14197 5215
internal_value=8.01646e-05 -2.55032e-05 0.00204799 -0.000112451 -0.000420877 0.000476504
internal_weight=2317.95 2181.7 78.7263 2102.98 1382.07 720.911
internal_count=28406 26901 648 26253 19141 7112
is_linear=0
shrinkage=0.03


Tree=140
num_leaves=7
num_cat=0
split_feature=8 23 35 39 51 27
split_gain=0.359654 0.297356 0.336449 0.256172 0.246879 0.483846
threshold=0.22164239001758915 0.20557854401914447 1.207867694754069 5.5000000000000009 0.55000000000000016 -0.49429824948310846
decision_type=2 2 10 2 2 10
left_child=1 4 -3 -2 -1 -6
right_child=3 2 -4 -5 5 -7
leaf_value=-0.00035937469746930397 0.0034287498577848675 0.0012910319780742529 -0.00050920196027674401 1.6530263900423388e-05 0.0032552922761942384 -0.00023938547667971889
leaf_weight=1738.1461461685685 35.357426685281098 247.81298301901552 139.65230027819052 35.317432196228765 41.929639139620122 109.90498324111104
leaf_count=22273 380 2733 1423 402 414 1011
internal_value=-3.17994e-05 -0.000101098 0.000645696 0.00193701 -0.00025679 0.000867198
internal_weight=2348.12 2277.45 387.465 70.6749 1889.98 151.835
internal_count=28636 27854 4156 782 23698 1425
is_linear=0
shrinkage=0.03


Tree=141
num_leaves=7
num_cat=0
split_feature=23 11 3 30 20 46
split_gain=0.360933 0.283635 0.455422 0.360502 0.351638 0.33099
threshold=0.54077549956998283 0.035786324715780631 -0.029706027269383959 -4.5000259876251212 -0.003647539369785797 23.500000000000004
decision_type=2 2 2 10 2 10
left_child=1 3 4 5 -3 -1
right_child=-2 2 -4 -5 -6 -7
leaf_value=0.00098478471857531822 0.0014784810839493098 -0.00080372002353083381 0.0025158347757456784 -0.00054692872449909875 0.00075600005539124872 -0.00074334978850575291
leaf_weight=309.10956468712538 137.16729818703607 201.46510540641611 76.075863994541578 1144.7861164901115 328.75272978842258 136.51684530114289
leaf_count=4760 1504 2580 800 12771 3938 2266
internal_value=4.01175e-05 -5.59901e-05 0.000491147 -0.000266334 0.000159451 0.000450678
internal_weight=2333.87 2196.71 606.294 1590.41 530.218 445.626
internal_count=28619 27115 7318 19797 6518 7026
is_linear=0
shrinkage=0.03


Tree=142
num_leaves=7
num_cat=0
split_feature=14 15 37 10 27 33
split_gain=0.529291 0.454479 0.57929 0.468315 0.435579 0.38904
threshold=0.41385917847164688 1.5000000000000002 -2.5911847638587151 -0.03431252116415217 2.170499989185811e-14 -0.2529820402463277
decision_type=2 2 10 2 10 10
left_child=1 2 3 5 -2 -1
right_child=4 -3 -4 -5 -6 -7
leaf_value=-0.0014021194565375719 -0.0038197997685852935 -0.0010499790691804553 -2.4462111093592994e-05 0.0018785077710807693 -0.00017103258015268015 0.0021931622172654619
leaf_weight=82.80753506012843 48.614958941936493 272.45760266511934 1565.9079224083689 283.34494881817955 61.150809772312641 28.455725205654744
leaf_count=1564 200 3553 17813 4654 252 494
internal_value=-2.80218e-05 7.5854e-05 0.000236848 0.00124877 -0.00197107 -0.000377588
internal_weight=2342.74 2232.97 1960.52 394.608 109.766 111.263
internal_count=28530 28078 24525 6712 452 2058
is_linear=0
shrinkage=0.03


Tree=143
num_leaves=7
num_cat=0
split_feature=14 27 15 28 7 31
split_gain=0.49647 0.562302 0.419991 0.393932 0.365515 0.349021
threshold=0.41385917847164688 2.170499989185811e-14 1.5000000000000002 3.0939124822616582 -0.10497029864169484 7.1176422238349923
decision_type=2 10 2 10 2 8
left_child=2 -2 3 4 -1 -6
right_child=1 -3 -4 -5 5 -7
leaf_value=-0.0013579248612062308 -0.0038959936729472586 0.00014201313968380857 -0.0010270616762514031 0.0016538612308103033 -7.1801596513390087e-05 0.00085238477637479743
leaf_weight=132.69184261705959 51.970494329929352 60.821239531040192 263.50532130713691 150.15888211154379 1147.7707179415447 530.22728441702202
leaf_count=2834 214 251 3505 1364 12233 8191
internal_value=-2.71898e-05 -0.00188432 7.49929e-05 0.00022755 0.000100834 0.00022355
internal_weight=2337.15 112.792 2224.35 1960.85 1810.69 1678
internal_count=28592 465 28127 24622 23258 20424
is_linear=0
shrinkage=0.03


Tree=144
num_leaves=7
num_cat=0
split_feature=0 47 11 9 28 35
split_gain=0.488151 0.425823 0.410729 0.457788 0.517114 0.336174
threshold=0.46586906684600954 4.5000000000000009 0.025522680899316499 -0.027692959535345795 0.40760128200054174 2.4872188727060958
decision_type=2 8 2 2 10 10
left_child=1 5 -3 4 -4 -1
right_child=-2 2 3 -5 -6 -7
leaf_value=-0.0026848569674106492 0.0029180939075621254 -0.00028071386161860441 -0.0018219223276535435 0.0010702090862063631 0.00096970507536621486 0.001393129599137375
leaf_weight=80.193423447723035 39.896029677183833 1469.8577696902648 118.54076896404149 511.99411969675566 102.79535308433697 16.11708626174368
leaf_count=1060 432 18110 2029 5730 1122 179
internal_value=-1.77737e-05 -8.11253e-05 8.31976e-06 0.00058363 -0.000539531 -0.00193557
internal_weight=2339.39 2299.5 2203.19 733.33 221.336 96.3105
internal_count=28662 28230 26991 8881 3151 1239
is_linear=0
shrinkage=0.03


Tree=145
num_leaves=7
num_cat=0
split_feature=51 46 47 8 5 18
split_gain=0.460402 0.81625 0.451678 0.430088 0.340839 0.3338
threshold=0.36666666666666675 21.500000000000004 5.5000000000000009 0.11952537529086481 -0.049909524321957277 1.0000000180025095e-35
decision_type=2 10 8 2 2 2
left_child=2 4 -1 5 -2 -4
right_child=1 -3 3 -5 -6 -7
leaf_value=-0.0015383443867842256 0.00091047992439359884 8.4698914980294304e-06 -9.2094144826810866e-05 0.0010604156900255372 0.0044816822416864676 -0.0016460347310080828
leaf_weight=190.36721027403837 47.51683734159451 247.83469731803052 1397.6702231950767 263.38482223427854 56.626104894385207 126.73751975083724
leaf_count=2606 423 2378 18368 2977 547 1224
internal_value=-8.5022e-06 0.000975609 -0.000187633 -3.60505e-05 0.00307478 -0.000231173
internal_weight=2330.14 351.978 1978.16 1787.79 104.143 1524.41
internal_count=28523 3348 25175 22569 970 19592
is_linear=0
shrinkage=0.03


Tree=146
num_leaves=7
num_cat=0
split_feature=2 11 50 14 37 23
split_gain=0.511711 0.422859 0.441245 0.425977 0.36716 0.314382
threshold=-0.12572700109751672 0.043009995560498421 0.21111111111111111 0.34198608790104729 0.12629056379061057 0.12321820692792675
decision_type=2 2 2 2 8 2
left_child=4 3 5 -2 -1 -3
right_child=1 2 -4 -5 -6 -7
leaf_value=0.00029848293974843123 0.00025005877006937437 9.3857439627524481e-05 0.003510123206220921 -0.0018027216341939855 -0.00091468975720519102 0.0019819814823402175
leaf_weight=330.56959484456456 833.74075696812361 233.31945805251598 53.173096496844664 91.977967582643032 664.34678117450676 111.12332652427722
leaf_count=6082 9982 2642 574 387 7689 1082
internal_value=-1.44749e-06 0.000383845 0.00118898 2.90118e-05 -0.000512644 0.000741732
internal_weight=2318.25 1323.33 397.616 925.719 994.916 344.443
internal_count=28438 14667 4298 10369 13771 3724
is_linear=0
shrinkage=0.03


Tree=147
num_leaves=7
num_cat=0
split_feature=14 47 42 28 30 2
split_gain=0.357189 0.406531 0.365922 0.384808 0.406103 0.359419
threshold=0.34198608790104729 4.5000000000000009 2.5000000000000004 1.8145318627357485 -6.2658965587615958 -0.12572700109751672
decision_type=2 8 2 10 8 2
left_child=1 -1 3 4 -3 -6
right_child=-2 2 -4 -5 5 -7
leaf_value=-0.0018415544981227104 -0.0012193224574772723 0.00097692252219781415 0.0021134575784656248 0.00088985549288192315 -0.00091708525065227475 7.2563429390171412e-05
leaf_weight=87.140812950558029 208.25940580666065 234.62666036335577 71.596526625333354 393.02951653575292 568.27581358779571 767.01712149850209
leaf_count=1190 875 4528 752 3992 8176 9004
internal_value=-6.36313e-05 5.49963e-05 0.000144837 6.26849e-05 -0.000148719 -0.000352299
internal_weight=2329.95 2121.69 2034.55 1962.95 1569.92 1335.29
internal_count=28517 27642 26452 25700 21708 17180
is_linear=0
shrinkage=0.03


Tree=148
num_leaves=7
num_cat=0
split_feature=49 28 15 31 0 36
split_gain=0.430111 0.376312 0.496837 0.448373 0.344806 0.445231
threshold=1.5000000000000002 0.40760128200054174 1.5000000000000002 1.0388142168521883 0.038817082100946788 2.4583147205234996
decision_type=2 10 2 8 2 10
left_child=1 2 3 -1 5 -3
right_child=-2 4 -4 -5 -6 -7
leaf_value=-0.0014380824967057647 0.0037312229135231549 0.00028005870214250838 -0.0018899040675144105 0.00017124965680850128 0.0011346001193077546 -0.0023114249595520059
leaf_weight=176.09312080207746 18.61820352030918 570.29011749906931 147.76374390494311 948.60241118429985 398.015588094946 56.50507324654609
leaf_count=1641 123 6220 2252 14143 3499 537
internal_value=7.60544e-05 3.03879e-05 -0.00031316 -9.11759e-05 0.00045586 1.38095e-05
internal_weight=2315.89 2297.27 1272.46 1124.7 1024.81 626.795
internal_count=28415 28292 18036 15784 10256 6757
is_linear=0
shrinkage=0.03


Tree=149
num_leaves=7
num_cat=0
split_feature=42 31 40 2 3 31
split_gain=0.370889 0.505667 0.372216 0.626765 0.334235 0.273583
threshold=2.5000000000000004 5.5760397315025338 2.5000000000000004 -0.081291494548005064 -0.048089337773658695 4.4362272322177896
decision_type=2 8 2 2 2 8
left_child=2 -2 5 4 -4 -1
right_child=1 -3 3 -5 -6 -7
leaf_value=-0.00027857970813426568 -4.0330821843654039e-05 0.0041997244224229683 -0.0029867790196630131 0.00067135621387946027 0.00059415783520191836 0.00042338759415161409
leaf_weight=1098.4439537603175 60.036410218337551 33.533950306475163 119.93675065616844 94.572890269104391 25.003725494607352 899.94204076874303
leaf_count=10757 539 386 1652 1078 291 13781
internal_value=-1.73459e-05 0.00173801 -9.81453e-05 -0.00119067 -0.00237055 3.80744e-05
internal_weight=2331.47 93.5704 2237.9 239.513 144.94 1998.39
internal_count=28484 925 27559 3021 1943 24538
is_linear=0
shrinkage=0.03


Tree=150
num_leaves=7
num_cat=0
split_feature=51 39 8 20 0 47
split_gain=0.509723 0.606606 0.502164 0.384253 0.418058 0.364784
threshold=0.63333333333333341 4.5000000000000009 -0.0055960635758254612 0.10132930415284148 0.46586906684600954 5.5000000000000009
decision_type=2 2 2 2 2 8
left_child=3 2 -2 4 5 -1
right_child=1 -3 -4 -5 -6 -7
leaf_value=-0.0014866645788595477 0.00021660004321903757 2.1175207624844427e-05 0.0049076609509791109 0.00092129604224614684 0.0026593524267717796 -0.00016241644621536159
leaf_weight=202.27378662762931 32.720714572351426 116.9325294251903 49.87521054642275 282.1319485984277 33.557481113937683 1617.6888675930386
leaf_count=2660 283 1139 390 3618 357 20137
internal_value=4.72542e-05 0.00145941 0.00327337 -9.08669e-05 -0.000249049 -0.000316915
internal_weight=2335.18 199.528 82.5959 2135.65 1853.52 1819.96
internal_count=28584 1812 673 26772 23154 22797
is_linear=0
shrinkage=0.03


Tree=151
num_leaves=7
num_cat=0
split_feature=28 14 36 37 9 10
split_gain=0.372078 0.454147 0.42968 0.364517 0.371815 0.322223
threshold=3.4106053113937382 0.39316636867906257 0.34645851591808924 -6.0137545348643657 0.14291672071523756 -0.071381563725995315
decision_type=10 2 10 8 2 2
left_child=1 3 -3 -1 5 -5
right_child=-2 2 -4 4 -6 -7
leaf_value=0.0021340589482468503 0.0014531586271634529 -0.0032297442563109634 0.00011462984647279732 -0.0011671836664380719 0.0013190064244304844 -1.7139459561041057e-05
leaf_weight=60.944403499102918 140.02397834078874 67.827010661363602 61.019668847322464 243.86214489757549 153.33453974645818 1611.2054434293532
leaf_count=1610 1227 280 252 3447 1768 20053
internal_value=7.46813e-06 -9.07855e-05 -0.00175172 2.05586e-05 -5.38302e-05 -0.000173769
internal_weight=2338.22 2198.19 128.847 2069.35 2008.4 1855.07
internal_count=28637 27410 532 26878 25268 23500
is_linear=0
shrinkage=0.03


Tree=152
num_leaves=7
num_cat=0
split_feature=28 2 37 20 6 5
split_gain=0.497184 0.362147 0.366898 0.403993 0.33758 0.353392
threshold=4.1199619770050058 0.045092583946012975 -2.64727548992995 0.032911609014406977 0.20354479350291765 0.0032186186102094133
decision_type=10 2 8 2 2 2
left_child=1 2 -1 -4 5 -5
right_child=-2 -3 3 4 -6 -7
leaf_value=0.00091399172644295729 0.0023353723498074114 0.0012544133765419623 -0.00057955971181882393 -0.0003774342202549735 0.0022356567010844955 0.0018908931647548431
leaf_weight=228.40143803099636 68.700651928549632 157.18703932099743 1431.0298638173845 303.84359187781229 68.784561308915727 66.989901788183488
leaf_count=4667 606 1778 16403 3697 615 696
internal_value=-8.77511e-06 -9.01427e-05 -0.0001963 -0.000336003 0.000452072 7.12237e-05
internal_weight=2324.94 2256.24 2099.05 1870.65 439.618 370.833
internal_count=28462 27856 26078 21411 5008 4393
is_linear=0
shrinkage=0.03


Tree=153
num_leaves=7
num_cat=0
split_feature=3 15 24 34 10 47
split_gain=0.279352 0.262677 0.644959 0.277913 0.292236 0.284307
threshold=-0.25212466933018818 1.5000000000000002 2.5000000000000004 -7.6496938218673067 0.017391737881815358 5.5000000000000009
decision_type=2 2 2 8 2 8
left_child=-1 3 -3 4 -2 -5
right_child=1 2 -4 5 -6 -7
leaf_value=-0.00081418054749393741 0.00021131384033783307 -0.0021057061778365087 0.00088587117160901063 -0.00081574715042587978 0.0035935453138576014 0.00034169094856759845
leaf_weight=294.01441443417571 48.87644085980719 131.11568268894916 112.09262627561111 208.78915820224211 35.781169386129477 1511.9223887874105
leaf_count=4757 1047 1664 1343 2373 723 16674
internal_value=3.48535e-05 0.000160071 -0.000746381 0.000285622 0.00186945 0.000197347
internal_weight=2342.59 2048.58 243.208 1805.37 84.6576 1720.71
internal_count=28581 23824 3007 20817 1770 19047
is_linear=0
shrinkage=0.03


Tree=154
num_leaves=7
num_cat=0
split_feature=28 14 39 6 2 35
split_gain=0.512802 0.365623 0.5046 0.314763 0.286147 0.270162
threshold=3.4106053113937382 0.2239656392350555 2.5000000000000004 0.33011219405377712 -0.10089786100608843 -0.47447393110228914
decision_type=10 2 2 2 2 10
left_child=1 3 4 -1 -3 -4
right_child=-2 2 5 -5 -6 -7
leaf_value=-4.9862971520383325e-05 0.0016676967244320154 -0.00084340210224793293 -0.0012373410471397672 0.001550081314785977 -0.0036078704330271601 0.00028986123282537859
leaf_weight=1501.5411260009132 136.68561949860305 74.472467839717865 155.47702953219414 109.42993047501659 66.707143291831017 274.1356630474329
leaf_count=23122 1200 352 754 1413 312 1322
internal_value=-4.98194e-05 -0.000164538 -0.000809903 6.77101e-05 -0.00230186 -0.000278408
internal_weight=2318.45 2181.76 570.792 1610.97 141.18 429.613
internal_count=28475 27275 2740 24535 664 2076
is_linear=0
shrinkage=0.03


Tree=155
num_leaves=7
num_cat=0
split_feature=51 46 20 14 50 4
split_gain=0.279371 0.597558 0.351952 0.327376 0.296834 0.285227
threshold=0.55000000000000016 78.500000000000014 0.10132930415284148 0.26876967110187672 0.9545454545454547 -0.15208251890815602
decision_type=2 8 2 2 2 2
left_child=2 -2 4 -4 5 -1
right_child=1 -3 3 -5 -6 -7
leaf_value=-0.00076268854410592175 0.0021058003181573482 -0.0013161698222087514 0.0013174817262491675 -0.0012757901356658923 -0.0026634932207855932 5.2046409838269221e-05
leaf_weight=547.32609475197387 135.47497449605726 59.06294845440425 233.34057139838114 45.052002564072609 35.137656887527555 1259.6128461826593
leaf_count=7481 1225 575 3346 198 300 15258
internal_value=-5.76628e-06 0.00105331 -0.000107417 0.000868129 -0.000258743 -0.000197578
internal_weight=2315.01 194.538 2120.47 278.393 1842.08 1806.94
internal_count=28383 1800 26583 3544 23039 22739
is_linear=0
shrinkage=0.03


Tree=156
num_leaves=7
num_cat=0
split_feature=28 46 30 14 51 2
split_gain=0.394647 0.506989 0.46517 0.38012 0.366885 0.366508
threshold=0.44573460519313818 14.500000000000002 1.1013146638870241 0.39316636867906257 0.18333333333333338 -0.23079846180227256
decision_type=8 8 10 2 2 2
left_child=1 4 3 -3 -1 -2
right_child=5 2 -4 -5 -6 -7
leaf_value=-0.0001878846670001166 -0.0010954968007781951 -0.00010204794016503349 -0.0018976367555053613 -0.0031893116529493021 0.0032442022213059452 0.00060000704457243586
leaf_weight=52.640864226152189 118.57622202421771 787.29226911453588 179.75202038744465 27.653353318572044 47.54968049726449 1114.1854112492292
leaf_count=866 1865 12147 1994 115 520 10983
internal_value=6.29124e-05 -0.000349897 -0.000558905 -0.000244198 0.00158755 0.000429418
internal_weight=2327.65 1094.89 994.698 814.946 100.191 1232.76
internal_count=28490 15642 14256 12262 1386 12848
is_linear=0
shrinkage=0.03


Tree=157
num_leaves=7
num_cat=0
split_feature=47 51 46 39 22 34
split_gain=0.362085 0.351722 0.559127 0.305797 0.300373 0.289147
threshold=4.5000000000000009 0.55000000000000016 28.500000000000004 5.5000000000000009 -0.16251717978601601 -7.9504116376241045
decision_type=8 2 10 2 2 8
left_child=3 4 -3 -1 -2 -6
right_child=1 2 -4 -5 5 -7
leaf_value=-0.0029458265569060373 -0.0011090848439803574 0.0034783132664914056 9.8842247020317422e-05 0.00032191623594271128 0.0017800151456578398 4.5146877036966039e-05
leaf_weight=55.083032241906039 184.5525060579821 60.625482174800709 118.76254661090206 39.694461157545447 80.877888142305892 1793.1805055295699
leaf_count=690 2710 521 1078 527 1903 21140
internal_value=4.69766e-05 0.000127127 0.00136431 -0.00167713 1.3244e-05 0.000129068
internal_weight=2332.78 2238 179.388 94.7775 2058.61 1874.06
internal_count=28569 27352 1599 1217 25753 23043
is_linear=0
shrinkage=0.03


Tree=158
num_leaves=7
num_cat=0
split_feature=20 0 11 28 37 16
split_gain=0.351109 0.452032 0.348088 0.471244 0.26912 0.353296
threshold=0.14179057218119986 0.46586906684600954 0.022129943051761813 1.5057864189147951 -0.30488506521690989 1.0000000180025095e-35
decision_type=2 2 2 10 10 2
left_child=1 2 4 -4 5 -1
right_child=-2 -3 3 -5 -6 -7
leaf_value=0.00033231076661427114 0.0010888092101721662 0.002649792326945124 -0.00020243696784766281 0.0014719513224305144 -0.00087635240588497488 -0.0018889535995133316
leaf_weight=426.02885751781287 198.56303612771444 39.007869879307691 558.89729655563133 196.47470427461667 846.80180375679629 65.620105439971667
leaf_count=6623 2539 413 7275 1812 8702 1119
internal_value=-8.67454e-05 -0.000200758 -0.000266206 0.000246618 -0.000555308 4.09492e-06
internal_weight=2331.39 2132.83 2093.82 755.372 1338.45 491.649
internal_count=28483 25944 25531 9087 16444 7742
is_linear=0
shrinkage=0.03


Tree=159
num_leaves=7
num_cat=0
split_feature=51 28 7 3 28 40
split_gain=0.359153 0.466011 0.767874 0.358857 0.437114 0.343206
threshold=0.36666666666666675 2.466056346893311 0.022927621580581613 -0.052429155651936322 0.49325820803642279 1.5000000000000002
decision_type=2 8 2 2 10 2
left_child=3 -2 -3 4 5 -1
right_child=1 2 -4 -5 -6 -7
leaf_value=-0.00041272416895031121 0.00025585235112223219 -7.0030402388395044e-05 0.0056468082898526633 0.00066550542609928958 0.00021098019852046752 -0.0016930032856646781
leaf_weight=665.58453209999425 277.79351380298613 41.525402893545106 32.580919253639877 366.54609455930768 682.65197048970731 258.55958678416209
leaf_count=9923 2772 353 246 3987 7231 3984
internal_value=-1.12633e-05 0.000857891 0.00281594 -0.000169801 -0.00036329 -0.000785213
internal_weight=2325.24 351.9 74.1063 1973.34 1606.8 924.144
internal_count=28496 3371 599 25125 21138 13907
is_linear=0
shrinkage=0.03


Tree=160
num_leaves=7
num_cat=0
split_feature=0 40 2 34 27 28
split_gain=0.324826 0.289172 0.434641 0.28559 0.264158 0.280233
threshold=-0.053351463142832671 2.5000000000000004 -0.11384991049432627 -8.6270603736241647 2.8338406085968022 2.3097722530364995
decision_type=2 2 2 8 10 10
left_child=3 4 -3 -1 5 -2
right_child=1 2 -4 -5 -6 -7
leaf_value=0.0018531674159354234 0.00027307696819756685 -0.0022126447670236149 0.00034684811082185302 -0.00069037419665430428 -0.0013332612025820356 0.0015263986034988433
leaf_weight=32.508429023451754 1084.6674757772998 95.620322424336337 132.13636221503839 732.74352760214242 68.742188738426194 180.01196083787363
leaf_count=942 12809 1100 1347 9974 741 1573
internal_value=-5.75312e-05 0.000190671 -0.000775585 -0.000559812 0.000360258 0.000462048
internal_weight=2326.43 1561.18 227.757 765.252 1333.42 1264.68
internal_count=28486 17570 2447 10916 15123 14382
is_linear=0
shrinkage=0.03


Tree=161
num_leaves=7
num_cat=0
split_feature=15 24 8 37 31 10
split_gain=0.359168 0.402327 0.311665 0.319737 0.298013 0.484664
threshold=1.5000000000000002 2.5000000000000004 -0.026802924113002665 0.35867663842690733 3.5428355932235722 0.028551013397519028
decision_type=2 2 2 8 8 2
left_child=2 -2 3 -1 -4 -6
right_child=1 -3 4 -5 5 -7
leaf_value=0.00048106319845348032 -0.0019595456507258556 0.00030442084365784488 -3.451209283805499e-05 -0.00090789138613721603 0.00024603130676247611 0.0018267926495596229
leaf_weight=231.4492333320959 149.93608640722232 122.31252511506318 697.78396425396204 385.53944793826668 484.33223417267436 266.3114347619121
leaf_count=4430 2011 1547 6130 4791 6274 3385
internal_value=3.6581e-05 -0.000967669 0.000172979 -0.000387494 0.000412744 0.000823493
internal_weight=2337.66 272.249 2065.42 616.989 1448.43 750.644
internal_count=28568 3558 25010 9221 15789 9659
is_linear=0
shrinkage=0.03


Tree=162
num_leaves=7
num_cat=0
split_feature=41 46 28 30 14 40
split_gain=0.310544 0.347139 0.337278 0.422558 0.404854 0.351616
threshold=1.5000000000000002 31.500000000000004 0.30202503502368933 0.23052542656660083 0.41385917847164688 1.5000000000000002
decision_type=2 10 10 10 2 2
left_child=2 -2 3 4 5 -1
right_child=1 -3 -4 -5 -6 -7
leaf_value=0.00030977678715882927 0.0028566635369248854 -0.00053306749342923066 0.00025381864289403087 -0.0015925919049757911 -0.0035598111952044407 -0.00093120092201471466
leaf_weight=645.34652397697209 56.700851573608816 41.331401031464338 1052.626876197377 234.89711239153985 21.117656633257866 289.43620583417942
leaf_count=9910 465 344 10695 2673 87 4412
internal_value=-6.11217e-05 0.00151046 -0.000136194 -0.000480196 -0.000193185 -8.02556e-05
internal_weight=2341.46 98.0323 2243.42 1190.8 955.9 934.783
internal_count=28586 809 27777 17082 14409 14322
is_linear=0
shrinkage=0.03


Tree=163
num_leaves=7
num_cat=0
split_feature=28 36 30 9 36 6
split_gain=0.39522 0.50653 0.288675 0.364048 0.384772 0.367435
threshold=2.8385466337203984 2.0507956012191939 1.1450779438018801 0.072017116945204671 1.2594417485718927 0.074773325052908665
decision_type=10 8 10 2 10 2
left_child=2 -2 3 4 -1 -5
right_child=1 -3 -4 5 -6 -7
leaf_value=-0.00044811674617261879 0.0017312501702279686 -0.0019136082896762921 -0.00069838028765498812 0.00011877669526647211 0.00086284419553502413 0.002066821430707954
leaf_weight=926.88800681232533 197.37987677456113 32.516951727215201 568.7026377778966 214.28604829206597 246.96813674975419 138.39837329811417
leaf_count=13582 1745 262 5699 2724 3049 1442
internal_value=3.74808e-06 0.00115744 -0.000127735 8.80167e-05 -0.000167344 0.000919127
internal_weight=2325.14 229.897 2095.24 1526.54 1173.86 352.684
internal_count=28503 2007 26496 20797 16631 4166
is_linear=0
shrinkage=0.03


Tree=164
num_leaves=7
num_cat=0
split_feature=49 0 2 20 31 14
split_gain=0.440513 0.300379 0.444292 0.357618 0.288009 0.287757
threshold=1.5000000000000002 0.0077839355500756722 0.082216118246992195 0.01555683694556176 5.1071106269955644 0.28104463578201971
decision_type=2 2 2 2 10 2
left_child=1 2 5 -3 -5 -1
right_child=-2 3 -4 4 -6 -7
leaf_value=-0.00022789212892747893 0.0037394782620603171 2.1493127406038569e-05 0.0023178473087804539 0.00057167003721949033 0.0028091336686604752 -0.0014214095883333532
leaf_weight=1187.9144655785203 17.994992332067341 632.4284004548681 45.88094021496363 153.35337344068103 73.984140961547382 205.99221737682819
leaf_count=18019 123 6501 578 1320 965 921
internal_value=-1.15307e-06 -4.64897e-05 -0.000310725 0.000394491 0.0013875 -0.000413139
internal_weight=2317.55 2299.55 1439.79 859.766 227.338 1393.91
internal_count=28427 28304 19518 8786 2285 18940
is_linear=0
shrinkage=0.03


Tree=165
num_leaves=7
num_cat=0
split_feature=8 31 28 31 40 42
split_gain=0.322049 0.351047 0.335211 0.445796 0.314785 0.728673
threshold=0.20005708872711428 7.3192882537841806 0.30202503502368933 1.0388142168521883 1.5000000000000002 1.5000000000000002
decision_type=2 10 10 8 2 2
left_child=1 2 3 -1 -5 -6
right_child=-2 -3 -4 4 5 -7
leaf_value=-0.0020415808570368693 0.0015274901137733868 0.00061093488285641031 7.3384684354969558e-05 5.871067951535126e-05 -0.0027906437883728056 0.00043181084612069638
leaf_weight=178.39409618778154 98.421162076119799 433.56156238584663 914.11925688467454 475.52891549959895 121.64588410314173 116.91321358713321
leaf_count=1664 1102 7748 8815 6201 1732 1337
internal_value=-6.99462e-05 -0.000146606 -0.000330768 -0.000740946 -0.000392312 -0.00125755
internal_weight=2338.58 2240.16 1806.6 892.482 714.088 238.559
internal_count=28599 27497 19749 10934 9270 3069
is_linear=0
shrinkage=0.03


Tree=166
num_leaves=7
num_cat=0
split_feature=11 14 39 23 15 45
split_gain=0.277004 0.277493 0.296461 0.431414 0.367059 0.409772
threshold=0.12734043717877583 0.14177601981863511 1.5000000000000002 0.039002659354443144 1.5000000000000002 0.19090909090909094
decision_type=2 2 2 2 2 10
left_child=1 2 4 -4 5 -1
right_child=-2 -3 3 -5 -6 -7
leaf_value=0.0034338513228496493 0.0016240246517919626 -0.00040430967097182752 -0.0003370522379109428 0.0010906667503323396 -0.0016644386701690109 -3.2706800792196614e-05
leaf_weight=70.771821202186402 78.557966870197561 1169.2423753589392 674.58109271715512 253.94779351909528 20.260983001382556 49.193314287287649
leaf_count=1273 855 6791 13684 4336 410 1121
internal_value=-2.18196e-05 -8.65592e-05 0.000261593 6.0882e-05 0.00149811 0.0021192
internal_weight=2316.56 2238 1068.76 928.529 140.226 119.965
internal_count=28470 27615 20824 18020 2804 2394
is_linear=0
shrinkage=0.03


Tree=167
num_leaves=7
num_cat=0
split_feature=28 47 10 46 51 13
split_gain=0.329669 0.361666 0.288407 0.419477 0.427036 0.296854
threshold=4.2957904338836679 4.5000000000000009 0.012651660630027753 25.500000000000004 0.55000000000000016 2.249904835165133
decision_type=10 8 2 8 2 2
left_child=1 -1 -3 4 5 -4
right_child=-2 2 3 -5 -6 -7
leaf_value=-0.0017345193428703516 0.0021349391574378776 -0.00022455090245451553 0.0025284295919606372 0.0001861904841781433 0.0047989052836426719 -0.00026773004987305652
leaf_weight=93.470785940124188 56.925148328533396 1219.7644854540995 50.164077627239749 805.33560180287168 25.684573051927146 75.174489072465803
leaf_count=1225 497 15469 516 9527 206 1058
internal_value=5.97623e-05 -1.42364e-06 8.06115e-05 0.00046812 0.00186659 0.000955506
internal_weight=2326.52 2269.59 2176.12 956.359 151.023 125.339
internal_count=28498 28001 26776 11307 1780 1574
is_linear=0
shrinkage=0.03


Tree=168
num_leaves=7
num_cat=0
split_feature=23 24 28 36 39 14
split_gain=0.353795 0.329852 0.307265 0.494182 0.55728 0.417635
threshold=0.20557854401914447 3.5000000000000004 2.8385466337203984 2.0507956012191939 4.5000000000000009 0.2239656392350555
decision_type=2 2 10 10 2 2
left_child=2 -2 5 4 -4 -1
right_child=1 -3 3 -5 -6 -7
leaf_value=-4.9880667344901375e-05 -0.00012740149510084834 0.0015628628748079263 0.0037341948711609404 -0.0021977616277082351 0.00018372030040942261 -0.001102909492831036
leaf_weight=1306.1167909991491 194.44062037425465 209.77743350007222 56.254889020463452 28.847539651207626 102.36779613234103 448.25985911488533
leaf_count=20535 1973 2371 444 230 980 2174
internal_value=-3.01166e-05 0.00076635 -0.000198987 0.000925078 0.00158966 -0.000323666
internal_weight=2346.06 404.218 1941.85 187.47 158.623 1754.38
internal_count=28707 4344 24363 1654 1424 22709
is_linear=0
shrinkage=0.03


Tree=169
num_leaves=7
num_cat=0
split_feature=28 30 29 25 3 26
split_gain=0.285481 0.629362 0.322208 0.353512 0.345435 0.316729
threshold=0.40760128200054174 -4.5000259876251212 -2.6309157609939571 0.82747612791619707 -0.24543728179954535 0.37857179343700414
decision_type=8 10 10 2 2 8
left_child=1 -1 4 -4 -2 -6
right_child=2 -3 3 -5 5 -7
leaf_value=0.00063363333416047803 -0.00096998982134248598 -0.00088811117772140543 -0.00050159856360051209 0.0027553693685713056 0.0018052002427593752 0.00042198097902188263
leaf_weight=358.35690685245208 92.950547087821178 723.64402372180484 478.51758731051814 22.053763444535434 223.21962191115017 436.91842959070345
leaf_count=6435 1403 9013 4395 245 2332 4765
internal_value=-2.77686e-05 -0.000382925 0.000279362 -0.00030695 0.000667993 0.000909662
internal_weight=2335.66 1082 1253.66 500.571 753.089 660.138
internal_count=28588 15448 13140 4640 8500 7097
is_linear=0
shrinkage=0.03


Tree=170
num_leaves=7
num_cat=0
split_feature=51 46 47 28 12 39
split_gain=0.352484 0.622879 0.400418 0.283129 0.303393 0.424562
threshold=0.63333333333333341 25.500000000000004 4.5000000000000009 3.8115005493164067 1.2906102384536788 2.5000000000000004
decision_type=2 10 8 10 2 2
left_child=2 -2 -1 4 -4 -6
right_child=1 -3 3 -5 5 -7
leaf_value=-0.0020369597217259655 0.0035166709834652254 3.4365640592311029e-05 0.00014828912339391725 0.0016377944425174091 -0.0021831914312458105 -0.00016896900856659436
leaf_weight=79.288799046713393 60.47394509986043 134.95672964956611 1501.866674281875 82.459386399597861 119.85239591449499 349.93199676647782
leaf_count=1028 526 1260 22543 734 616 1810
internal_value=4.37186e-05 0.00123066 -7.02458e-05 1.51701e-05 -6.06144e-05 -0.000717635
internal_weight=2328.83 195.431 2133.4 2054.11 1971.65 469.784
internal_count=28517 1786 26731 25703 24969 2426
is_linear=0
shrinkage=0.03


Tree=171
num_leaves=7
num_cat=0
split_feature=0 28 30 31 12 30
split_gain=0.344795 0.281997 0.336611 0.336862 0.322878 0.398854
threshold=0.46586906684600954 1.9798751473426821 -1.9887751936912534 0.92404848337173473 0.60061526685965361 -0.31533697247505182
decision_type=2 8 10 10 2 10
left_child=1 2 3 -1 -3 -6
right_child=-2 4 -4 -5 5 -7
leaf_value=-0.0010829095795825629 0.0025261317417458874 0.001425610451660882 -0.00055750117905852404 0.00060292694873738905 -0.00096345034764204148 0.00089696643059719355
leaf_weight=120.38437634846196 40.493260870222002 229.63853009563172 936.67153204744682 586.52216430327098 184.33338708989322 212.42563240975142
leaf_count=1180 439 4107 10291 9926 1222 1265
internal_value=7.41901e-05 1.9563e-05 -0.000187052 0.000304733 0.000556113 3.01843e-05
internal_weight=2310.47 2269.98 1643.58 706.907 626.398 396.759
internal_count=28430 27991 21397 11106 6594 2487
is_linear=0
shrinkage=0.03


Tree=172
num_leaves=7
num_cat=0
split_feature=16 24 3 7 23 3
split_gain=0.312102 0.440872 0.394853 0.309359 0.302173 0.288244
threshold=1.0000000180025095e-35 2.5000000000000004 -0.05711566095057282 -0.017213328829185168 -0.3021662770987818 -0.31493732643588251
decision_type=2 2 2 2 2 2
left_child=4 2 3 -2 -1 -6
right_child=1 -3 -4 -5 5 -7
leaf_value=-0.00063703334440172812 0.0002340288935749341 0.00041077040835568691 0.00047201726156086772 -0.0035722107235003709 -0.0011088196418287735 0.0004162673843584504
leaf_weight=358.02848728274694 22.512881826318335 121.68997178986319 41.185993602732196 86.708384817931801 110.39324814401334 1586.1813893305516
leaf_count=5159 400 1515 470 1150 1692 18075
internal_value=1.57909e-05 -0.000920246 -0.0019556 -0.00283384 0.00014361 0.000311117
internal_weight=2326.7 272.097 150.407 109.221 2054.6 1696.57
internal_count=28461 3535 2020 1550 24926 19767
is_linear=0
shrinkage=0.03


Tree=173
num_leaves=7
num_cat=0
split_feature=49 11 26 31 49 22
split_gain=0.347358 0.340159 0.289202 0.272282 0.351139 0.271259
threshold=1.5000000000000002 0.12734043717877583 -7.4371142387390128 0.13974016904830935 1.0000000180025095e-35 0.01524276036705772
decision_type=2 2 8 10 2 2
left_child=1 2 -1 -4 5 -5
right_child=-2 -3 3 4 -6 -7
leaf_value=0.0025093494367813868 0.0032816262606557463 0.0016793299682477782 -0.00078907861150744507 -0.00034891471082331191 0.0033972643366030893 0.00050611995849870626
leaf_weight=24.8356171711348 17.115533801028505 79.624689588497858 597.23692469997332 1131.9210264951689 16.272230160539038 462.21239962446271
leaf_count=408 118 854 5944 15013 179 6007
internal_value=-9.50889e-05 -0.00013411 -0.000205989 -0.000247714 -4.33121e-05 -9.93913e-05
internal_weight=2329.22 2312.1 2232.48 2207.64 1610.41 1594.13
internal_count=28523 28405 27551 27143 21199 21020
is_linear=0
shrinkage=0.03


Tree=174
num_leaves=7
num_cat=0
split_feature=43 46 18 12 50 12
split_gain=0.429076 0.48609 0.251012 0.259991 0.451945 0.469182
threshold=1.5000000000000002 14.500000000000002 1.0000000180025095e-35 1.0259299102469412 0.2678571428571429 0.65495860274870588
decision_type=2 10 2 2 2 2
left_child=2 -2 3 4 -1 -6
right_child=1 -3 -4 -5 5 -7
leaf_value=8.5324181646401071e-05 0.0046938491525099898 0.00032246211592775397 -0.001128427907974471 -0.00040903692647161686 0.0028046261044630087 -0.00069959440910423562
leaf_weight=1190.6210121013864 26.821554662194103 64.863296455005184 170.43339832825586 742.85034903511405 105.02498037338955 44.192771345376968
leaf_count=19689 206 526 1629 4147 2058 368
internal_value=3.08122e-05 0.00193712 -5.49765e-05 3.78401e-05 0.000286798 0.00178805
internal_weight=2344.81 91.6849 2253.12 2082.69 1339.84 149.218
internal_count=28623 732 27891 26262 22115 2426
is_linear=0
shrinkage=0.03


Tree=175
num_leaves=7
num_cat=0
split_feature=3 28 47 31 39 35
split_gain=0.386934 0.317097 0.42741 0.511472 0.47694 0.379976
threshold=-0.25401591230217097 1.5057864189147951 6.5000000000000009 5.4638588726520547 3.5000000000000004 2.8757477037191812
decision_type=2 10 8 8 2 10
left_child=-1 2 4 -4 -2 -3
right_child=1 5 3 -5 -6 -7
leaf_value=-0.0009908504957813894 -0.0024516919976821467 0.0011347927483355089 -0.00033734014245612008 0.00092105139979145817 -0.00016833870244561548 -0.0010464431291407033
leaf_weight=285.92142542736838 114.416819138336 445.7334655635641 635.45896397231263 519.99791696621105 248.24024612127687 77.200479193706997
leaf_count=4612 1391 4097 6582 7857 3271 687
internal_value=2.33685e-05 0.000169584 -5.11005e-05 0.000232026 -0.000935186 0.000799185
internal_weight=2326.97 2041.05 1518.11 1155.46 362.657 522.934
internal_count=28497 23885 19101 14439 4662 4784
is_linear=0
shrinkage=0.03


Tree=176
num_leaves=7
num_cat=0
split_feature=48 14 7 22 4 28
split_gain=0.399026 0.45971 0.432085 0.270128 0.253108 0.34903
threshold=1.0000000180025095e-35 0.19891925297071181 0.013178264280701329 0.14608050115648616 -0.059176521519506295 2.8385466337203984
decision_type=2 2 2 2 2 8
left_child=3 2 -2 4 -1 -6
right_child=1 -3 -4 -5 5 -7
leaf_value=-0.0003704821957862487 7.0793768256132428e-05 -0.00047211987735480584 0.0057433005155022223 0.00097985743245765258 1.6966449303817926e-05 0.0019736847466514905
leaf_weight=1531.8724524079589 18.986208852496929 37.673837274312973 24.513295436510816 189.56746105867205 434.29912122915266 91.204609833657742
leaf_count=19041 272 182 289 2426 5312 970
internal_value=4.00324e-06 0.00194974 0.00374344 -7.46162e-05 -0.000176045 0.000387083
internal_weight=2328.12 81.1733 43.4995 2246.94 2057.38 525.504
internal_count=28492 743 561 27749 25323 6282
is_linear=0
shrinkage=0.03


Tree=177
num_leaves=7
num_cat=0
split_feature=23 27 20 4 11 0
split_gain=0.432507 0.299106 0.353597 0.317122 0.296931 0.289259
threshold=0.62378312966976102 -0.37955765426158899 -0.12026990949839221 -0.11065795068779095 -0.080992363156093053 -0.56475313506303781
decision_type=2 10 2 2 2 2
left_child=1 3 -3 -1 -5 -4
right_child=-2 2 5 4 -6 -7
leaf_value=-0.00019670953061405621 0.0018320723443963722 -0.001462383339568064 0.0024980480157642099 -0.0015051295081648141 0.0014633746690792255 -0.00023652683449779512
leaf_weight=337.80193959944881 95.868017479020637 210.87127932894509 25.759286989516113 26.070060289057437 256.59809592463716 1362.5875388046261
leaf_count=5114 1082 2712 524 407 3585 14944
internal_value=-4.16843e-05 -0.000130465 -0.000346953 0.000424171 0.00114752 -0.000168288
internal_weight=2315.56 2219.69 1599.22 620.47 282.668 1388.35
internal_count=28368 27286 18180 9106 3992 15468
is_linear=0
shrinkage=0.03


Tree=178
num_leaves=7
num_cat=0
split_feature=28 30 43 47 27 33
split_gain=0.345724 0.3024 0.397488 0.405004 0.499191 0.399713
threshold=4.2957904338836679 -1.838316738605499 1.5000000000000002 6.5000000000000009 1.0880754590034487 -1.803974527865648
decision_type=10 10 2 8 8 8
left_child=1 2 3 4 -1 -5
right_child=-2 -3 -4 5 -6 -7
leaf_value=0.00017841099449750265 0.002105950404111804 -0.00037284331153419328 0.0029334243123924795 -0.0010016767851079779 -0.0026323571300156429 0.0008236470226171557
leaf_weight=146.30652753895265 58.078912942903116 1260.4468792410335 39.85265363426879 121.04067632016086 81.831871628644876 630.13138421910116
leaf_count=2389 500 13092 355 2290 1133 8845
internal_value=-8.23531e-07 -6.34624e-05 0.000319068 0.000184102 -0.000897997 0.000520227
internal_weight=2337.69 2279.61 1019.16 979.31 228.138 751.172
internal_count=28604 28104 15012 14657 3522 11135
is_linear=0
shrinkage=0.03


Tree=179
num_leaves=7
num_cat=0
split_feature=9 8 28 30 29 3
split_gain=0.280713 0.256421 0.217737 0.457758 0.35836 0.365048
threshold=0.20620103298965517 -0.20651749480279671 0.82394891977310192 -4.5000259876251212 -6.2983288764953604 -0.28105147115010798
decision_type=2 2 8 10 8 2
left_child=1 -1 3 -3 5 -4
right_child=-2 2 4 -5 -6 -7
leaf_value=-0.0020249138944293289 0.0019127778038766764 0.000544204895984893 -0.0018839224922273931 -0.00072466020780941585 -2.688664193420828e-05 0.0018584773520833584
leaf_weight=52.637063230213244 52.100771069875918 355.56441957002971 18.845602610730566 851.3034515203035 834.89675456407713 166.34325922199059
leaf_count=1471 660 5988 241 10084 8400 1734
internal_value=-7.79733e-05 -0.000131628 -7.80257e-05 -0.00034943 0.000243349 0.00140063
internal_weight=2331.69 2279.59 2226.95 1206.87 1020.09 185.189
internal_count=28578 27918 26447 16072 10375 1975
is_linear=0
shrinkage=0.03


Tree=180
num_leaves=7
num_cat=0
split_feature=14 27 18 24 7 47
split_gain=0.404226 0.432307 0.320787 0.373807 0.366549 0.358409
threshold=0.41385917847164688 2.170499989185811e-14 1.0000000180025095e-35 1.5000000000000002 -0.10750770994707606 4.5000000000000009
decision_type=2 10 2 2 2 8
left_child=2 -2 4 -4 -1 -6
right_child=1 -3 3 -5 5 -7
leaf_value=-0.0011707244377904813 -0.0034613152590021678 0.0001436041037493714 -0.0027067417865452451 5.6211486226341851e-05 -0.001503374189659462 0.00044311286308949555
leaf_weight=143.40503970644204 49.64780567586422 58.580604135990143 64.395496116834693 107.14182941953186 79.629932752926834 1830.1651619065524
leaf_count=3094 205 242 647 1007 1014 22425
internal_value=4.6805e-05 -0.00166298 0.000137051 -0.00107297 0.000242855 0.000354545
internal_weight=2332.97 108.228 2224.74 171.537 2053.2 1909.8
internal_count=28634 447 28187 1654 26533 23439
is_linear=0
shrinkage=0.03


Tree=181
num_leaves=7
num_cat=0
split_feature=47 10 33 46 42 40
split_gain=0.366994 0.281928 0.429815 0.306207 0.455341 0.556013
threshold=4.5000000000000009 -0.068746379449317246 3.2878638505935673 25.500000000000004 1.5000000000000002 1.5000000000000002
decision_type=8 2 8 8 2 2
left_child=-1 2 -2 4 5 -3
right_child=1 3 -4 -5 -6 -7
leaf_value=-0.001680483413743936 -0.00026088149722999895 0.0020762636585340602 -0.0034357984270326977 7.7972490145214026e-05 0.0024281456219341709 -0.0011697690939311736
leaf_weight=98.116680583683774 270.55614389528637 68.153612215304747 35.133119803562295 1625.3072742540535 123.7478366860887 111.12283417786239
leaf_count=1241 3731 875 516 19422 1265 1497
internal_value=2.68564e-05 0.000108996 -0.000723053 0.000243947 0.00110324 0.000108739
internal_weight=2332.14 2234.02 305.689 1928.33 303.024 179.276
internal_count=28547 27306 4247 23059 3637 2372
is_linear=0
shrinkage=0.03


Tree=182
num_leaves=7
num_cat=0
split_feature=14 13 5 2 3 8
split_gain=0.310643 0.392126 0.335564 0.385279 0.324217 0.337559
threshold=0.24035663890157938 1.8688348091416842 0.0096641171071157866 0.082216118246992195 -0.20456766077223207 0.07302281778820903
decision_type=2 2 2 2 2 2
left_child=2 -2 3 -1 -4 -6
right_child=1 -3 4 -5 5 -7
leaf_value=1.5519069040214597e-05 -0.0023530221996601384 -0.00016047423145732886 -0.00069604435840496667 0.0025118869373683076 0.0024827736048479818 0.00024508766852298519
leaf_weight=1434.5515639684018 77.155680060386658 477.08125045895576 61.071757361962227 47.892587493028259 153.08289499080274 100.4272372474079
leaf_count=21332 351 2237 926 658 1933 1180
internal_value=0.000113112 -0.000501993 0.000304551 0.000112458 0.00117842 0.00163926
internal_weight=2351.26 554.237 1797.03 1482.44 314.582 253.51
internal_count=28617 2588 26029 21990 4039 3113
is_linear=0
shrinkage=0.03


Tree=183
num_leaves=7
num_cat=0
split_feature=47 2 24 24 49 8
split_gain=0.297674 0.265481 0.231456 0.223 0.221229 0.48321
threshold=4.5000000000000009 -0.2868854246054367 5.5000000000000009 3.5000000000000004 1.0000000180025095e-35 -0.0083091337249836927
decision_type=8 2 2 2 2 2
left_child=2 3 -1 -2 -3 -6
right_child=1 4 -4 -5 5 -7
leaf_value=-0.002355331034744152 -0.0022697008679984929 5.2730343971463439e-05 0.00080733502069473852 0.0002007173866005817 -0.0014431108859003967 0.003161483537437925
leaf_weight=72.275759421056136 69.902538344671484 2033.3937434100808 22.262907546944916 53.3269496288558 24.33292003266979 48.504786956589669
leaf_count=937 1728 23716 277 1218 222 396
internal_value=-3.99397e-05 3.32761e-05 -0.00160457 -0.00126582 0.000114905 0.00163471
internal_weight=2324 2229.46 94.5387 123.229 2106.23 72.8377
internal_count=28494 27280 1214 2946 24334 618
is_linear=0
shrinkage=0.03


Tree=184
num_leaves=7
num_cat=0
split_feature=48 23 3 36 36 28
split_gain=0.360796 0.314534 0.271449 0.316707 0.299774 0.298134
threshold=1.5000000000000002 0.34456282204118988 -0.029706027269383959 2.3567812955006961 1.2377564338622273 -0.75636762380599964
decision_type=2 2 2 10 10 10
left_child=1 2 4 -4 -1 -6
right_child=-2 -3 3 -5 5 -7
leaf_value=-0.00050137750490426727 0.0033604833519859296 0.00092906638516499168 0.00099200399835784928 -0.0020945343768736615 0.0018722135942281057 -1.9850564332618475e-05
leaf_weight=1334.480882110598 18.913051453186199 271.41310502306442 273.57255022419849 24.042132632224821 87.409104279446183 324.21670823189197
leaf_count=17655 130 2918 2966 230 1317 3338
internal_value=2.99737e-05 -1.15701e-05 -0.000140405 0.000682681 -0.000283785 0.000416806
internal_weight=2334.05 2315.13 2043.72 297.615 1746.11 411.626
internal_count=28554 28424 25506 3196 22310 4655
is_linear=0
shrinkage=0.03


Tree=185
num_leaves=7
num_cat=0
split_feature=6 47 24 49 27 35
split_gain=0.30855 0.313324 0.365233 0.293385 0.279 0.361734
threshold=0.47458193080532401 5.5000000000000009 3.5000000000000004 1.0000000180025095e-35 -0.49429824948310846 2.6500105390118232
decision_type=2 8 2 2 8 10
left_child=1 2 4 -3 -1 -6
right_child=-2 3 -4 -5 5 -7
leaf_value=0.00060857427584620934 0.0020313317692199385 -5.7470188199297547e-05 0.00021425966522765262 0.0019743184057750608 -0.0031019451757730602 0.00078973387165950709
leaf_weight=28.384783791436348 51.31947665772168 1938.5003344058496 119.93250593740959 56.133431843947619 112.95581834181212 21.759772700839676
leaf_count=496 507 23962 1435 500 1402 241
internal_value=-6.92493e-05 -0.000125251 -0.00104125 9.2724e-06 -0.00192351 -0.00246221
internal_weight=2328.99 2277.67 283.033 1994.63 163.1 134.716
internal_count=28543 28036 3574 24462 2139 1643
is_linear=0
shrinkage=0.03


Tree=186
num_leaves=7
num_cat=0
split_feature=3 14 28 30 31 29
split_gain=0.227829 0.255831 0.277941 0.420377 0.329544 0.312486
threshold=-0.30325888206374413 0.41385917847164688 0.15307510644197467 -4.4259374141693106 1.0388142168521883 -6.2983288764953604
decision_type=2 2 8 10 10 8
left_child=-1 2 3 -2 -5 -4
right_child=1 -3 5 4 -6 -7
leaf_value=-0.0010622909024329836 0.00057091529418986471 -0.0013533703119932693 0.0013560124213472776 -0.0022457566422949197 -0.00040779307293486549 0.0001705491020171696
leaf_weight=168.48279331307276 312.90712715064001 100.64063765108585 242.58910011156695 102.73362915369216 427.8527636633662 982.2172155418375
leaf_count=2819 5467 415 2779 987 5810 10324
internal_value=-3.19396e-05 5.26058e-05 0.000127201 -0.000289836 -0.000798625 0.000414426
internal_weight=2337.42 2168.94 2068.3 843.494 530.586 1224.81
internal_count=28601 25782 25367 12264 6797 13103
is_linear=0
shrinkage=0.03


Tree=187
num_leaves=7
num_cat=0
split_feature=3 0 2 23 20 23
split_gain=0.232828 0.252504 0.230757 0.228146 0.356882 0.350809
threshold=-0.29639264563485307 0.33502050881232787 -0.10667121742500639 -0.29687070269102706 0.0035117194306609344 -0.58953754443477779
decision_type=2 2 2 2 2 2
left_child=-1 3 -3 4 5 -2
right_child=1 2 -4 -5 -6 -7
leaf_value=-0.00098753898302586887 -7.4987757542146544e-05 -0.00035360816348420105 0.0024223036411154994 0.00016173460799549829 0.00062130168240727695 -0.0023655916059105793
leaf_weight=186.30426704225829 110.78578034215025 38.194271471584216 66.109790882561356 1678.3549702050514 121.53443130489904 123.50086958162137
leaf_count=3046 1729 435 650 19398 1766 1505
internal_value=1.44897e-06 9.1805e-05 0.00146381 1.46377e-05 -0.000664651 -0.00132986
internal_weight=2324.78 2138.48 104.304 2034.18 355.821 234.287
internal_count=28529 25483 1085 24398 5000 3234
is_linear=0
shrinkage=0.03


Tree=188
num_leaves=7
num_cat=0
split_feature=47 49 6 23 35 1
split_gain=0.288714 0.40463 0.347296 0.292404 0.326049 0.25835
threshold=4.5000000000000009 1.0000000180025095e-35 0.025091313044442436 0.20557854401914447 1.313422107899731 -0.026614850834016098
decision_type=8 2 2 2 10 2
left_child=5 3 -3 -2 -5 -1
right_child=1 2 -4 4 -6 -7
leaf_value=0.00031132610059747898 -0.00017839870495409241 -0.00025875946846533728 0.0035959640280442862 0.0013365222199945548 -0.00045970034259206394 -0.0026659660504457896
leaf_weight=39.893522555707023 1768.5162570346438 32.85664003517013 42.833355305250734 253.28157650426147 132.67415032166173 57.234785531822126
leaf_count=609 22348 319 350 2780 1347 657
internal_value=-6.76249e-06 6.6025e-05 0.00208773 -1.43179e-05 0.000723046 -0.00152819
internal_weight=2327.29 2230.16 75.69 2154.47 385.956 97.1283
internal_count=28410 27144 669 26475 4127 1266
is_linear=0
shrinkage=0.03


Tree=189
num_leaves=7
num_cat=0
split_feature=11 0 8 23 30 5
split_gain=0.388587 0.377226 0.242519 0.218092 0.286043 0.26512
threshold=0.12734043717877583 0.40629810526123383 0.06009284385604325 0.20557854401914447 1.1450779438018801 -0.12098638989032774
decision_type=2 2 2 2 8 2
left_child=1 3 -2 -1 5 -5
right_child=2 -3 -4 4 -6 -7
leaf_value=-0.0002369252738954305 -0.00019782819542399634 0.0021111318386377886 0.0030621226867133299 -0.00092509406309758705 -0.00054607871965321687 0.0016015633227510347
leaf_weight=1819.2295210419252 29.309293675469235 61.561152033682447 50.657896668417379 38.725799139589071 129.79872781131417 196.31783708010335
leaf_count=23069 332 634 532 442 1196 2280
internal_value=4.48124e-05 -3.24972e-05 0.00197811 -0.000102265 0.000557605 0.00116451
internal_weight=2325.6 2245.63 79.9672 2184.07 364.842 235.044
internal_count=28485 27621 864 26987 3918 2722
is_linear=0
shrinkage=0.03


Tree=190
num_leaves=7
num_cat=0
split_feature=28 31 22 34 47 40
split_gain=0.30954 0.277013 0.333845 0.24605 0.23641 0.3949
threshold=3.8115005493164067 0.57824797928333294 -0.1601264224905416 -7.6496938218673067 5.5000000000000009 2.5000000000000004
decision_type=10 8 2 8 8 2
left_child=1 -1 -3 -4 5 -5
right_child=-2 2 3 4 -6 -7
leaf_value=-0.000744332541371269 0.0016169466982412699 -0.0011607516491772096 0.0016547110502916622 0.00012060141718856284 0.00025404387007577696 -0.0026585300919469866
leaf_weight=467.0387100612279 88.341648782137781 168.7546624817187 89.058632425701944 129.99220627453178 1323.0074650938914 60.549785450799391
leaf_count=4017 784 2656 2123 1673 16556 710
internal_value=-3.06716e-05 -0.0001026 6.98289e-05 0.000205803 0.000110247 -0.000851071
internal_weight=2326.74 2238.4 1771.36 1602.61 1513.55 190.542
internal_count=28519 27735 23718 21062 18939 2383
is_linear=0
shrinkage=0.03


Tree=191
num_leaves=7
num_cat=0
split_feature=5 37 28 46 45 3
split_gain=0.293726 0.271573 0.263 0.346361 0.322281 0.270236
threshold=-0.17143440956543396 -7.2194709498011926 0.47916764020919805 14.500000000000002 0.55050505050505061 -0.2409861994955331
decision_type=2 8 8 8 10 2
left_child=-1 -2 3 4 -3 -4
right_child=1 2 5 -5 -6 -7
leaf_value=-0.0013601856419136154 0.0021910409647944509 0.0021871710679195753 -0.00088921236550109446 -0.00055619092411060718 -0.0017581319771515455 0.00045866676688352884
leaf_weight=139.01288631296484 40.495472702459665 69.810402884148061 145.2736778203398 927.02694445871748 16.121889016358182 983.96921489015222
leaf_count=2031 1043 825 1900 12565 287 9749
internal_value=-7.15144e-05 1.63882e-05 -3.47101e-05 -0.000383723 0.00134088 0.000278983
internal_weight=2321.71 2182.7 2142.2 1012.96 85.9323 1129.24
internal_count=28400 26369 25326 13677 1112 11649
is_linear=0
shrinkage=0.03


Tree=192
num_leaves=7
num_cat=0
split_feature=5 23 28 31 34 36
split_gain=0.299089 0.295784 0.419766 0.318974 0.288819 0.280008
threshold=1.0000000180025095e-35 0.0063522205831201281 1.9798751473426821 1.0000000180025095e-35 -7.9504116376241045 2.6633495719084501
decision_type=2 2 8 10 8 10
left_child=1 2 3 -1 -3 -4
right_child=-2 4 5 -5 -6 -7
leaf_value=-0.0019776982369767914 0.00064598487083525888 0.0032141743410357836 0.00062970171833454569 -0.00049350598340483303 0.00025417118863967455 -0.002379870489933638
leaf_weight=148.34718132414855 494.81895848573186 21.894954165123636 368.97697524831165 812.60791494614386 466.26256247592391 20.24618090223521
leaf_count=1352 5279 413 4179 12225 4944 170
internal_value=-1.19106e-06 -0.000177942 -0.000406171 -0.000740637 0.00044879 0.000417462
internal_weight=2333.15 1838.34 1350.18 960.955 488.158 389.223
internal_count=28562 23283 17926 13577 5357 4349
is_linear=0
shrinkage=0.03


Tree=193
num_leaves=7
num_cat=0
split_feature=51 46 20 29 8 2
split_gain=0.289341 0.581076 0.284459 0.369495 0.341387 0.292296
threshold=0.63333333333333341 31.500000000000004 0.028345673326884206 -6.2152345180511466 -0.024903169450146017 -0.2868854246054367
decision_type=2 10 2 8 2 2
left_child=2 -2 5 -4 -5 -1
right_child=1 -3 3 4 -6 -7
leaf_value=-0.0018029051149165032 0.0030158656014445213 -0.00017348961202395835 0.0019899021158565535 -0.0011026040863295029 0.00070254929219927889 -0.00012649506598129141
leaf_weight=89.945970081083942 76.806678576685954 123.60921404638793 115.64223582256818 128.62199001538102 285.31469343806384 1514.0681629541941
leaf_count=2151 669 1157 1569 1940 3129 17886
internal_value=7.26452e-05 0.00113403 -3.18794e-05 0.000564595 0.000128859 -0.000231089
internal_weight=2334.01 200.416 2133.59 529.579 413.937 1604.01
internal_count=28501 1826 26675 6638 5069 20037
is_linear=0
shrinkage=0.03


Tree=194
num_leaves=7
num_cat=0
split_feature=2 48 4 37 21 30
split_gain=0.29234 0.375348 0.341797 0.361023 0.44107 0.221475
threshold=-0.12572700109751672 1.0000000180025095e-35 -0.20708680384658804 -6.0137545348643657 1.0000000180025095e-35 5.3939504623413095
decision_type=2 2 2 10 2 8
left_child=5 2 -2 4 -4 -1
right_child=1 -3 3 -5 -6 -7
leaf_value=-0.00022692664823382503 -0.0014735628383703526 0.0026464388290425864 0.0035405608302707201 0.00012065489591566223 -3.5843256568463851e-05 -0.0014881310098706917
leaf_weight=854.60744537960272 96.771042334847152 46.916590592358261 54.843846726987977 1076.5223533468088 59.144743129232666 138.02520373754669
leaf_count=12003 1260 402 718 11393 979 1742
internal_value=-2.78118e-05 0.000261488 0.000154836 0.000298373 0.00183166 -0.00041539
internal_weight=2326.83 1334.2 1287.28 1190.51 113.989 992.633
internal_count=28497 14752 14350 13090 1697 13745
is_linear=0
shrinkage=0.03


Tree=195
num_leaves=7
num_cat=0
split_feature=11 8 36 31 47 39
split_gain=0.275112 0.267621 0.20594 0.202248 0.331526 0.355891
threshold=0.12734043717877583 0.099301723458525434 -0.049951664358377473 4.8141577243804941 5.5000000000000009 3.5000000000000004
decision_type=2 2 10 8 8 2
left_child=3 2 -2 -1 5 -5
right_child=1 -3 -4 4 -6 -7
leaf_value=-0.00028434568188280963 -0.0017761460869922922 0.0032261063451422341 0.001627999156545484 -0.0031480054990053758 0.00050027484963923829 6.3688700449325417e-05
leaf_weight=1289.3484179794905 21.053472986444831 36.745116525213234 22.984170244541019 38.872798530792352 846.68087996014219 84.10321197391022
leaf_count=12777 244 382 241 618 13005 1313
internal_value=2.57898e-05 0.00164511 -2.69683e-05 -3.91126e-05 0.000286547 -0.00111192
internal_weight=2339.79 80.7828 44.0376 2259.01 969.657 122.976
internal_count=28580 867 485 27713 14936 1931
is_linear=0
shrinkage=0.03


Tree=196
num_leaves=7
num_cat=0
split_feature=20 30 5 10 46 10
split_gain=0.22786 0.259601 0.240542 0.19021 0.36252 0.371092
threshold=0.11907951196083312 3.6884220838546757 -0.024306895568600391 0.02927230449311723 26.500000000000004 0.084969046277270296
decision_type=2 10 2 2 8 2
left_child=3 2 -2 -1 5 -5
right_child=1 -3 -4 4 -6 -7
leaf_value=-0.0004053913247533618 -0.00014828235523130343 -0.0015989209679007702 0.0018322228554934312 0.0026321485794109671 -0.00012364997736906782 -0.00064206609418413971
leaf_weight=1363.5017882559623 86.102898838289548 28.353753423783928 137.06000276189297 84.891895045875572 594.2131835652981 41.424775823601522
leaf_count=16944 1120 269 1786 1006 6919 485
internal_value=-9.41756e-05 0.000741336 0.0010945 -0.00019807 0.000194435 0.00159006
internal_weight=2335.55 251.517 223.163 2084.03 720.53 126.317
internal_count=28529 3175 2906 25354 8410 1491
is_linear=0
shrinkage=0.03


Tree=197
num_leaves=7
num_cat=0
split_feature=28 8 31 10 4 5
split_gain=0.244472 0.446912 0.353169 0.273819 0.263714 0.249812
threshold=0.40760128200054174 0.10685066761287672 0.87220835685729992 -0.068746379449317246 -0.1537621421157874 0.068165877270530875
decision_type=10 2 8 2 2 2
left_child=1 2 4 -4 -1 -5
right_child=-2 -3 3 5 -6 -7
leaf_value=-0.0037185909255208096 0.00025777425139104552 0.00086988325877811635 -0.0016027588100250049 -3.519326421891375e-05 -0.00097864008761336797 -0.002461841135675014
leaf_weight=41.066311799455434 1043.3882259121165 213.43874286756909 128.92142368466011 765.95718274530373 113.18104603746906 30.201924407738261
leaf_count=401 10368 2722 2296 11365 1061 386
internal_value=-8.24666e-05 -0.000356945 -0.00060531 -0.000373162 -0.0018901 -0.000156643
internal_weight=2336.15 1292.77 1079.33 925.081 154.247 796.159
internal_count=28599 18231 15509 14047 1462 11751
is_linear=0
shrinkage=0.03


Tree=198
num_leaves=7
num_cat=0
split_feature=49 25 0 45 46 26
split_gain=0.279191 0.291775 0.236475 0.243044 0.379922 0.445024
threshold=1.5000000000000002 -0.22657850729932286 0.46586906684600954 0.23611111111111113 31.500000000000004 -1.0498319864273069
decision_type=2 2 2 10 8 10
left_child=1 -1 3 4 5 -3
right_child=-2 2 -4 -5 -6 -7
leaf_value=0.00059270057123850034 0.0030044597068268658 -0.00018254406119534941 0.0019276543473910768 -0.00077285108701895179 -0.00024192139292092583 0.0028104241380855891
leaf_weight=507.78476076936931 17.508914465084672 90.843563557020389 35.368207305902615 569.14024472230813 1034.5494873964781 75.925539964693598
leaf_count=6538 121 924 386 7641 12233 771
internal_value=-9.15143e-08 -3.56616e-05 -0.000214643 -0.000268026 -2.44527e-05 0.00126198
internal_weight=2331.12 2313.61 1805.83 1770.46 1201.32 166.769
internal_count=28614 28493 21955 21569 13928 1695
is_linear=0
shrinkage=0.03


Tree=199
num_leaves=7
num_cat=0
split_feature=11 15 24 3 0 8
split_gain=0.255598 0.220694 0.30358 0.365478 0.261868 0.194586
threshold=0.11376216354355202 1.5000000000000002 2.5000000000000004 -0.05711566095057282 -0.13767036767085336 0.20005708872711428
decision_type=2 2 2 2 2 2
left_child=1 4 3 -3 -1 -6
right_child=-2 2 -4 -5 5 -7
leaf_value=-0.00057446350889077207 0.001333924190196847 -0.0025890839050797662 0.00024444739180892023 0.0006553673130660089 0.00016168683672836725 0.0016847371914728445
leaf_weight=449.55885711289011 115.35419848078163 105.49291006382555 122.17657574737677 38.092155165970325 1439.8877936956997 69.924473468941869
leaf_count=6895 1239 1487 1512 441 16255 758
internal_value=1.5784e-05 -5.82126e-05 -0.000852884 -0.00174172 5.3357e-05 0.000242845
internal_weight=2340.49 2225.13 265.762 143.585 1959.37 1509.81
internal_count=28587 27348 3440 1928 23908 17013
is_linear=0
shrinkage=0.03


Tree=200
num_leaves=7
num_cat=0
split_feature=10 33 8 51 4 24
split_gain=0.259266 0.373974 0.353828 0.415342 0.310173 0.310045
threshold=-0.01853700636792854 3.2878638505935673 -0.070255288082504405 0.22500000000000003 -0.16666392047883299 1.5000000000000002
decision_type=2 8 2 2 2 2
left_child=1 -1 -2 -4 5 -3
right_child=2 4 3 -5 -6 -7
leaf_value=-0.00013484228267895599 -0.00082430448447174862 -0.0044778727249451091 0.00019718450007437415 0.0015278073573055993 7.6051834331957683e-05 0.00025896285603646882
leaf_weight=761.89082385812071 211.12708827876486 39.586355771229137 1014.4090238134522 257.9554307673825 37.706250860821456 15.200141444220206
leaf_count=9872 3484 560 11547 2309 469 210
internal_value=4.81861e-05 -0.000365545 0.000287317 0.000476761 -0.00206734 -0.00332655
internal_weight=2337.88 854.384 1483.49 1272.36 92.4927 54.7865
internal_count=28451 11111 17340 13856 1239 770
is_linear=0
shrinkage=0.03


Tree=201
num_leaves=7
num_cat=0
split_feature=2 24 22 10 31 10
split_gain=0.219238 0.333038 0.184949 0.176669 0.431966 0.243721
threshold=-0.2868854246054367 3.5000000000000004 -0.021557571906934244 -0.071381563725995315 -1.5772320250980554 -0.13167212107272711
decision_type=2 2 2 2 10 2
left_child=1 2 -1 4 -2 -6
right_child=3 -3 -4 -5 5 -7
leaf_value=-0.0041674238549638453 -0.0028706844610328331 0.00052499321906137816 -0.00098960092090671589 0.00016937489121191467 0.0018659574230092089 -0.00049589330504394981
leaf_weight=23.160898258589441 50.927042676485144 57.420419528585626 50.608888518123422 1918.631000268404 39.222419659199659 185.50998138813884
leaf_count=606 568 1284 1199 21881 548 2410
internal_value=-6.90422e-06 -0.0011529 -0.0023657 6.65313e-05 -0.000630147 -2.17488e-05
internal_weight=2325.48 131.19 73.7698 2194.29 275.659 224.732
internal_count=28496 3089 1805 25407 3526 2958
is_linear=0
shrinkage=0.03


Tree=202
num_leaves=7
num_cat=0
split_feature=27 28 30 28 33 4
split_gain=0.219998 0.268025 0.27833 0.257964 0.253026 0.289802
threshold=2.8338406085968022 3.9447966814041142 -2.3217500448226924 0.38737246394157415 -0.62165529529253638 -0.03291830572752881
decision_type=10 10 8 8 10 2
left_child=1 2 4 -4 5 -1
right_child=-2 -3 3 -5 -6 -7
leaf_value=0.00016300992256057319 -0.001331568651451004 0.0016375982723605582 -0.00089758650004776461 -5.7129373839253582e-05 0.00088726915087258655 -0.0021913210656856301
leaf_weight=261.07577863760525 116.77469964348711 71.979139596223831 490.74915243388386 960.8487182216486 382.93400865411968 47.105031118611805
leaf_count=4479 1401 622 5787 9948 5403 816
internal_value=-0.000116081 -4.6294e-05 -0.000110205 -0.000345464 0.000381807 -0.000254407
internal_weight=2331.47 2214.69 2142.71 1451.6 691.115 308.181
internal_count=28456 27055 26433 15735 10698 5295
is_linear=0
shrinkage=0.03


Tree=203
num_leaves=7
num_cat=0
split_feature=23 48 5 0 5 29
split_gain=0.257719 0.268498 0.43412 0.243682 0.237952 0.236783
threshold=0.62378312966976102 1.0000000180025095e-35 -0.065364330161106945 -0.084840280120375242 0.005732849572629266 1.6654444336891177
decision_type=2 2 2 2 2 10
left_child=1 3 -3 4 -1 -2
right_child=5 2 -4 -5 -6 -7
leaf_value=-0.0008825493300746814 0.0020752993194511995 -0.0010114418937764232 0.0030811811117768912 7.2752468393933866e-05 0.00062626504085177995 -0.0012098772551906391
leaf_weight=527.99820294670644 81.407079819007777 32.130855951458216 49.013928051921539 1511.724876975466 106.48632299923338 18.052514607203193
leaf_count=8004 943 291 444 17255 1381 174
internal_value=1.6378e-06 -6.7906e-05 0.00152746 -0.000135028 -0.000623535 0.00142296
internal_weight=2326.81 2227.35 81.1448 2146.21 634.485 99.4596
internal_count=28492 27375 735 26640 9385 1117
is_linear=0
shrinkage=0.03


Tree=204
num_leaves=7
num_cat=0
split_feature=48 6 3 34 46 40
split_gain=0.217317 0.313898 0.21241 0.552416 0.352417 0.235525
threshold=1.0000000180025095e-35 0.034490082401177256 -0.032539079533621125 -7.7976580858230582 67.500000000000014 1.5000000000000002
decision_type=2 2 2 10 8 2
left_child=2 -2 5 -4 -5 -1
right_child=1 -3 3 4 -6 -7
leaf_value=0.00020289063510961397 -0.00040474117979235377 0.0031066341330695164 0.0038292217211443724 0.0017878303860672641 -0.00039716672343659309 -0.00051082690038302327
leaf_weight=1312.9236460905522 37.023546399432234 42.480777754914016 36.626606904203072 87.021171967964619 202.54833904636325 597.10883641222608
leaf_count=16868 369 357 558 906 2066 7390
internal_value=0.000159034 0.00160893 0.000100553 0.000795916 0.000297227 -2.17281e-05
internal_weight=2315.73 79.5043 2236.23 326.196 289.57 1910.03
internal_count=28514 726 27788 3530 2972 24258
is_linear=0
shrinkage=0.03


Tree=205
num_leaves=7
num_cat=0
split_feature=23 15 35 24 3 39
split_gain=0.22015 0.238908 0.233972 0.233231 0.265818 0.206431
threshold=0.20557854401914447 1.5000000000000002 0.94995360914617788 1.0000000180025095e-35 -0.05711566095057282 6.5000000000000009
decision_type=2 2 10 2 2 2
left_child=1 -1 -2 4 -3 -4
right_child=2 3 5 -5 -6 -7
leaf_value=-5.3673727641663495e-05 0.0011411384833519291 -0.0037611226925484288 -0.001232865557985488 -0.00044591180046503866 0.00028812084552146225 0.00082727549229763889
leaf_weight=1688.2378010032553 247.74723057539086 38.280418152513448 86.453195060312282 166.98219700602931 18.986697475425899 70.873799551161937
leaf_count=21111 2717 605 829 2194 237 755
internal_value=-4.34746e-05 -0.000178574 0.000583309 -0.00107644 -0.00257536 -0.000310822
internal_weight=2317.56 1912.49 405.074 224.249 57.2671 157.327
internal_count=28448 24147 4301 3036 842 1584
is_linear=0
shrinkage=0.03


Tree=206
num_leaves=7
num_cat=0
split_feature=28 39 20 3 3 11
split_gain=0.238336 0.328369 0.19396 0.233722 0.304621 0.224144
threshold=4.1199619770050058 4.5000000000000009 -0.15814811911484469 -0.23563403307351424 -0.18805294030593131 0.029119628003744003
decision_type=10 2 2 2 2 2
left_child=2 -2 3 -1 -5 -4
right_child=1 -3 5 4 -6 -7
leaf_value=-0.0017241685746010973 0.0037432561773056215 -0.00010199641969511517 -0.00014725548516290689 0.0017484134975661123 -0.0010630923499752474 0.0005281395979455601
leaf_weight=116.42582942204899 26.356996471062303 43.252089069457725 1376.6404648242169 49.064305766543839 74.09878345526522 639.54294610931538
leaf_count=1885 206 399 16712 680 915 7628
internal_value=2.80064e-05 0.0016413 -2.8801e-05 -0.000817806 0.000104113 6.85323e-05
internal_weight=2325.38 69.6091 2255.77 239.589 123.163 2016.18
internal_count=28425 605 27820 3480 1595 24340
is_linear=0
shrinkage=0.03


Tree=207
num_leaves=7
num_cat=0
split_feature=11 2 37 39 39 28
split_gain=0.246396 0.412249 0.185381 0.310626 0.227761 0.495926
threshold=0.11129591335915441 -0.11607818977133898 -2.64727548992995 2.5000000000000004 2.5000000000000004 2.8898928165435795
decision_type=2 2 8 2 2 10
left_child=2 -2 3 -1 5 -4
right_child=1 -3 4 -5 -6 -7
leaf_value=0.0033431431992826796 -0.0013811412267819884 0.0022181133586256091 -0.0010941040389037524 0.00026715635105781498 1.0009954689269564e-05 0.0021994722307711631
leaf_weight=24.77834072796395 31.988592054171022 92.402585637290031 388.51406892819796 211.66835534098209 1546.8010458288772 36.542989288456738
leaf_count=611 396 954 4375 4186 17726 253
internal_value=1.13438e-05 0.00125863 -6.42713e-05 0.000712077 -0.000160487 -0.000766901
internal_weight=2332.7 124.391 2208.3 236.447 1971.86 425.057
internal_count=28501 1350 27151 4797 22354 4628
is_linear=0
shrinkage=0.03


Tree=208
num_leaves=7
num_cat=0
split_feature=51 46 28 36 22 28
split_gain=0.199067 0.569186 0.412881 0.269204 0.256641 0.252546
threshold=0.36666666666666675 14.500000000000002 2.7236564159393315 0.34645851591808924 -0.018016955651736184 0.38737246394157415
decision_type=2 10 10 10 2 10
left_child=5 -2 3 4 -3 -1
right_child=1 2 -4 -5 -6 -7
leaf_value=-0.00050642244824488107 0.002880252628837864 0.00052318496742361908 0.002756738658796748 0.00063508144317823815 -0.0020382903864993984 0.00017190151900861757
leaf_weight=1076.920798831401 65.679425798589364 46.107987195486203 31.167689285241067 108.25839846569579 102.995166082168 898.3804614529945
leaf_count=15957 609 481 219 1038 1034 9287
internal_value=-8.06507e-05 0.000564528 -4.14359e-05 -0.000470742 -0.00126309 -0.000198604
internal_weight=2329.51 354.209 288.529 257.362 149.103 1975.3
internal_count=28625 3381 2772 2553 1515 25244
is_linear=0
shrinkage=0.03


Tree=209
num_leaves=7
num_cat=0
split_feature=47 39 14 50 0 14
split_gain=0.294208 0.449536 0.355674 0.258575 0.236489 0.250351
threshold=5.5000000000000009 4.5000000000000009 0.2442724207889182 0.68333333333333346 -0.17565423283997869 0.10891123758241884
decision_type=8 2 2 2 2 2
left_child=1 4 -3 -2 -1 -6
right_child=3 2 -4 -5 5 -7
leaf_value=0.00023218406330634451 2.79665894982313e-06 0.00081267524195222226 -0.0021925212689821111 0.0015632765479442873 -0.00035137250229702897 -0.0038093146209724604
leaf_weight=25.574616003723349 1953.6685747822776 134.04108863294823 37.024045631289482 90.485505512333475 28.050547673017718 65.298632673919201
leaf_count=424 24052 2030 172 854 657 408
internal_value=-4.92336e-05 -0.000926664 7.7085e-05 7.91461e-05 -0.00226449 -0.00290477
internal_weight=2334.14 289.989 171.065 2044.15 118.924 93.3492
internal_count=28597 3691 2202 24906 1489 1065
is_linear=0
shrinkage=0.03


Tree=210
num_leaves=7
num_cat=0
split_feature=47 23 36 8 29 3
split_gain=0.335784 0.308023 0.269309 0.262638 0.259326 0.392643
threshold=4.5000000000000009 -0.3021662770987818 0.44170809534215749 0.17393205169575024 -4.6029348373413077 -0.21412442350750885
decision_type=8 2 10 2 10 2
left_child=2 3 -1 -2 5 -3
right_child=1 4 -4 -5 -6 -7
leaf_value=-0.0027388435712424795 -0.00079747979294808211 -0.00072380904180005241 0.0002966074841134402 0.002324114802846174 4.6086643369365994e-05 0.00110132505897841
leaf_weight=56.336933544196654 362.87694022557116 122.29666458713473 40.631842129281722 16.366946520516649 1165.027045678391 574.01276250751107
leaf_count=788 5329 2056 459 170 12971 6806
internal_value=8.4698e-05 0.000162403 -0.00155811 -0.000606514 0.000321473 0.000775057
internal_weight=2337.55 2240.58 96.9688 379.244 1861.34 696.309
internal_count=28579 27332 1247 5499 21833 8862
is_linear=0
shrinkage=0.03


Tree=211
num_leaves=7
num_cat=0
split_feature=51 28 31 30 14 9
split_gain=0.242934 0.285331 0.362962 0.324231 0.416495 0.404098
threshold=0.36666666666666675 0.40760128200054174 1.2116855680942538 -1.0636585950851438 0.22021843570589214 0.0925538410114463
decision_type=2 10 8 8 2 2
left_child=1 2 -1 -4 5 -5
right_child=-2 -3 3 4 -6 -7
leaf_value=-0.0017608063257713103 0.00066633778403196113 0.00022018312638096569 0.00027605448377865214 -0.00075790827299213102 -0.002420534719914351 0.0018842020399228404
leaf_weight=163.37965052877553 354.37806736346101 893.56696473041666 482.41032753972104 290.13630015146919 102.62950567901134 53.233595490455627
leaf_count=1618 3366 9150 8640 4527 507 719
internal_value=-4.62016e-05 -0.000176089 -0.00049947 -0.000261104 -0.000835428 -0.000306565
internal_weight=2339.73 1985.36 1091.79 928.41 445.999 343.37
internal_count=28527 25161 16011 14393 5753 5246
is_linear=0
shrinkage=0.03


Tree=212
num_leaves=7
num_cat=0
split_feature=15 24 0 2 3 0
split_gain=0.208677 0.357089 0.286153 0.290411 0.237082 0.197798
threshold=1.5000000000000002 2.5000000000000004 0.40629810526123383 -0.10580182629515385 -0.05711566095057282 -0.084840280120375242
decision_type=2 2 2 2 2 2
left_child=2 4 5 -4 -2 -1
right_child=1 -3 3 -5 -6 -7
leaf_value=-0.00044334802666372633 -0.0024234123283362516 0.00039426467085183753 -0.00065112687678841566 0.0032743056079237265 0.00017121825042602359 0.00020948713439751862
leaf_weight=581.45149107580073 106.91681540565332 123.67860874842154 21.694920763082337 38.451240731461439 41.758310865960084 1411.8645887038438
leaf_count=8520 1550 1549 245 369 473 15791
internal_value=-2.06012e-05 -0.000785437 8.41548e-05 0.00196742 -0.0017298 1.77922e-05
internal_weight=2325.82 272.354 2053.46 60.1462 148.675 1993.32
internal_count=28497 3572 24925 614 2023 24311
is_linear=0
shrinkage=0.03


Tree=213
num_leaves=7
num_cat=0
split_feature=37 18 24 10 33 23
split_gain=0.246268 0.259926 0.320066 0.265247 0.257709 0.256693
threshold=-6.0137545348643657 1.0000000180025095e-35 1.0000000180025095e-35 -0.071381563725995315 3.1595163941383366 -0.28074864084349643
decision_type=8 2 2 2 8 2
left_child=-1 3 -3 4 -2 -5
right_child=1 2 -4 5 -6 -7
leaf_value=0.001639005682688478 -0.0004601019076052288 -0.003378153862381059 -0.00042909770645447101 -0.00062051538897174064 -0.0030437313594056607 0.00029547861483110308
leaf_weight=65.949984962731833 238.74094938917551 35.256584375165403 137.7499104118906 327.22209748183377 31.847268748562783 1496.3369505871669
leaf_count=1627 3200 363 1270 4515 465 17059
internal_value=-4.17308e-05 -9.76052e-05 -0.00118183 -2.84161e-06 -0.000861825 0.000128624
internal_weight=2333.1 2267.15 173.006 2094.15 270.588 1823.56
internal_count=28499 26872 1633 25239 3665 21574
is_linear=0
shrinkage=0.03


Tree=214
num_leaves=7
num_cat=0
split_feature=14 46 34 2 30 45
split_gain=0.27242 0.303989 0.278316 0.25774 0.267761 0.287725
threshold=0.41385917847164688 11.500000000000002 -7.6496938218673067 -0.12572700109751672 -1.0636585950851438 0.70714285714285718
decision_type=2 10 8 2 10 10
left_child=2 -2 -1 -4 5 -5
right_child=1 -3 3 4 -6 -7
leaf_value=0.0014004714732445134 0.00027416153755650976 -0.0027269905790467367 -0.00044675341994610034 0.0009117541809562904 -0.00020484052104473822 -0.0011459470159221941
leaf_weight=113.76598448146251 50.654455699026585 60.09718644618988 894.67456960488926 519.56570284432382 632.21000820933841 60.524507978872862
leaf_count=2653 209 248 12016 6282 6176 901
internal_value=-5.76108e-05 -0.00144532 1.77654e-05 -6.31565e-05 0.000221276 0.00068128
internal_weight=2331.49 110.752 2220.74 2106.97 1212.3 580.09
internal_count=28485 457 28028 25375 13359 7183
is_linear=0
shrinkage=0.03


Tree=215
num_leaves=7
num_cat=0
split_feature=2 24 14 27 7 48
split_gain=0.241712 0.363562 0.206628 0.324337 0.295947 0.238373
threshold=-0.2868854246054367 3.5000000000000004 0.26876967110187672 2.1409999492153119e-14 -0.0032391982262560746 1.0000000180025095e-35
decision_type=2 2 2 10 2 2
left_child=1 -1 5 4 -4 -2
right_child=2 -3 3 -5 -6 -7
leaf_value=-0.0024448509039451602 0.00015884546355309639 0.00058928222510867866 0.00052776244040985971 0.00023360508037853725 -0.0020922781605477612 0.0020484976248524799
leaf_weight=74.721091816929402 1726.8063985048793 55.692665238748305 48.126830786466599 234.6128836274147 136.02993431687355 52.385644651483744
leaf_count=1801 22985 1283 221 1053 603 562
internal_value=7.5037e-06 -0.00119945 8.42249e-05 -0.000507767 -0.00141565 0.000225622
internal_weight=2328.38 130.414 2197.96 418.77 184.157 1779.19
internal_count=28508 3084 25424 1877 824 23547
is_linear=0
shrinkage=0.03


Tree=216
num_leaves=7
num_cat=0
split_feature=5 11 44 3 31 14
split_gain=0.224854 0.197601 0.177945 0.177255 0.261758 0.268617
threshold=-0.17143440956543396 -0.17568712271944514 1.5000000000000002 -0.32866954310102664 7.1176422238349923 0.15789183885710947
decision_type=2 2 10 2 8 2
left_child=1 2 -1 -2 -5 -6
right_child=3 -3 -4 4 5 -7
leaf_value=0.0018951958653630595 -0.0010055576204543964 -0.001802023278527903 -0.0014275676690612986 -7.5023452229100064e-05 0.0011130247390496223 -0.00020155762517851404
leaf_weight=24.115745074988808 118.70456702949014 98.525481499731541 15.938871488091534 1470.5006968217203 395.24434407925582 209.51774597913027
leaf_count=371 1958 1369 319 15154 8140 1180
internal_value=-6.9563e-07 -0.00113029 0.000551928 7.54591e-05 0.000141819 0.000661722
internal_weight=2332.55 138.58 40.0546 2193.97 2075.26 604.762
internal_count=28491 2059 690 26432 24474 9320
is_linear=0
shrinkage=0.03


Tree=217
num_leaves=7
num_cat=0
split_feature=10 46 40 29 42 8
split_gain=0.252687 0.394803 0.377506 0.538135 0.446266 0.325981
threshold=0.02927230449311723 66.500000000000014 1.5000000000000002 7.1002521514892587 1.5000000000000002 -0.075203560318036933
decision_type=2 8 2 8 2 2
left_child=2 5 -1 -4 -5 -2
right_child=1 -3 3 4 -6 -7
leaf_value=0.00015230586517989175 -0.0012530075204733354 -2.1003712346203961e-05 -0.00043194048067564139 -0.0051533100748666696 -0.00037710572988824595 0.0017106296201415919
leaf_weight=1014.8835839932726 30.982856509159319 529.06856187139056 450.14388407190563 33.773792552994564 32.299322885228321 250.85705518856412
leaf_count=12826 575 6242 5416 488 342 2696
internal_value=4.2247e-05 0.000467233 -0.000184407 -0.0008367 -0.00317499 0.00135306
internal_weight=2342.01 810.908 1531.1 516.217 66.0731 281.84
internal_count=28585 9513 19072 6246 830 3271
is_linear=0
shrinkage=0.03


Tree=218
num_leaves=7
num_cat=0
split_feature=24 48 51 6 2 24
split_gain=0.254648 0.284826 0.361284 0.351633 0.204848 0.186985
threshold=7.5000000000000009 1.0000000180025095e-35 0.36666666666666675 0.018161652176994638 -0.32576250935338291 3.5000000000000004
decision_type=2 2 2 2 2 2
left_child=1 4 -3 -4 5 -1
right_child=-2 2 3 -5 -6 -7
leaf_value=-0.0025941066586669735 0.001129168369341012 -0.001118683310056609 -0.00012790285246305858 0.00439346170851932 -8.0290495114831978e-05 0.00033500534798432471
leaf_weight=46.034885991888586 162.01594172726618 25.258583177812397 23.451672717928886 32.59957418567501 2014.8918710251601 26.992871275811922
leaf_count=1262 2086 260 220 263 23773 668
internal_value=1.79928e-05 -6.97996e-05 0.00157089 0.00276877 -0.000140876 -0.00160148
internal_weight=2331.25 2169.23 81.3098 56.0512 2087.92 73.0278
internal_count=28532 26446 743 483 25703 1930
is_linear=0
shrinkage=0.03


Tree=219
num_leaves=7
num_cat=0
split_feature=51 5 47 23 2 24
split_gain=0.244984 0.260752 0.21997 0.393104 0.197312 0.224753
threshold=0.36666666666666675 0.0086457923689335792 4.5000000000000009 -0.019316289553055418 -0.2868854246054367 3.5000000000000004
decision_type=2 2 8 2 2 2
left_child=2 -2 3 -1 5 -4
right_child=1 -3 4 -5 -6 -7
leaf_value=0.00095972344581017859 0.0002629596778341316 0.0021973940860423721 -0.0023758891964780742 -0.0034120549196909647 -5.2972925405339667e-06 0.00026502343955883548
leaf_weight=24.656666458467953 286.40762632311089 71.59982622275129 58.876568124600453 37.05788885068614 1810.541666617617 46.949223363335477
leaf_count=356 2806 596 1558 501 21596 1116
internal_value=-1.20401e-05 0.000699035 -0.000143604 -0.00177514 -8.21204e-05 -0.00128253
internal_weight=2336.09 358.007 1978.08 61.7146 1916.37 105.826
internal_count=28529 3402 25127 857 24270 2674
is_linear=0
shrinkage=0.03


Tree=220
num_leaves=7
num_cat=0
split_feature=3 39 33 12 15 24
split_gain=0.238833 0.322554 0.26623 0.300323 0.260304 0.507307
threshold=-0.048089337773658695 5.5000000000000009 0.69010631243387877 1.0999111470803922 1.5000000000000002 1.0000000180025095e-35
decision_type=2 2 10 2 2 2
left_child=4 2 3 -2 -1 -6
right_child=1 -3 -4 -5 5 -7
leaf_value=6.9267232899013944e-05 0.0031016909169261282 -8.4560297112879469e-05 -0.00036499770751723099 0.00033400014345958193 -0.0036111022861276413 -0.00021915286604816327
leaf_weight=1714.0166701296985 94.924716565408744 213.16539823019411 46.202323139237706 57.160667154937983 42.141789970803075 172.28929417452309
leaf_count=21389 1261 2342 416 300 643 2264
internal_value=8.49697e-05 0.00073197 0.00157168 0.00214625 -5.61381e-05 -0.00101697
internal_weight=2339.9 411.453 198.288 152.085 1928.45 214.431
internal_count=28615 4319 1977 1561 24296 2907
is_linear=0
shrinkage=0.03


Tree=221
num_leaves=7
num_cat=0
split_feature=51 46 40 2 27 22
split_gain=0.349775 0.462464 0.257024 0.384489 0.436692 0.251315
threshold=0.55000000000000016 78.500000000000014 2.5000000000000004 -0.10513690134545214 0.31001646816730505 -0.12222250240848485
decision_type=2 10 2 2 8 2
left_child=2 -2 5 -4 -5 -1
right_child=1 -3 3 4 -6 -7
leaf_value=-0.00085577334857890629 0.002078315997405674 -0.00091660698312607234 -0.0019934916137911859 0.0017991313778612176 -0.0012041862359627694 0.00017535601070467472
leaf_weight=234.96840041779797 141.52116210223176 60.038701200392097 138.56499625858851 68.031327530683484 88.759295577183366 1607.4797465269803
leaf_count=3420 1259 583 1890 811 915 19736
internal_value=2.12863e-05 0.00118506 -9.34451e-05 -0.000899604 0.000128688 3.99457e-05
internal_weight=2339.36 201.56 2137.8 295.356 156.791 1842.45
internal_count=28614 1842 26772 3616 1726 23156
is_linear=0
shrinkage=0.03


Tree=222
num_leaves=7
num_cat=0
split_feature=22 24 27 8 14 2
split_gain=0.258863 0.326245 0.316629 0.301901 0.266523 0.318902
threshold=0.034715597582891805 1.5000000000000002 -0.48809476196765894 -0.027926793471670767 0.14617922832206576 -0.062616327728909418
decision_type=2 2 10 2 2 2
left_child=2 3 4 -2 -1 -6
right_child=1 -3 -4 -5 5 -7
leaf_value=0.0011267066974671304 -0.0019576007230912634 0.0011460181122916991 -0.00038853274409919873 0.00041198720094534874 0.0004082561384134244 -0.0021165420393311628
leaf_weight=263.73420466542302 60.618773261609022 342.64369301425177 1310.9963382172573 145.76766689156648 157.62626024335623 51.785517483949661
leaf_count=5695 923 4119 14848 1668 935 291
internal_value=2.68429e-05 0.000590428 -0.000148912 -0.0003423 0.00050933 -0.000284111
internal_weight=2333.17 549.03 1784.14 206.386 473.146 209.412
internal_count=28479 6710 21769 2591 6921 1226
is_linear=0
shrinkage=0.03


Tree=223
num_leaves=7
num_cat=0
split_feature=28 39 17 14 7 45
split_gain=0.346255 0.335321 0.244642 0.261281 0.358176 0.363087
threshold=4.1199619770050058 4.5000000000000009 1.0000000180025095e-35 0.2442724207889182 0.080038217529307953 0.88194444444444453
decision_type=10 2 2 2 2 8
left_child=2 -2 3 -1 -5 -6
right_child=1 -3 -4 4 5 -7
leaf_value=0.00023569410911017575 0.0040562391872485011 0.00014429606616306003 -0.00090401915658181863 -7.5574284409036705e-05 -0.003254959167220739 7.1998998072905367e-05
leaf_weight=1537.3412900199764 26.579696054803208 44.462202374823391 266.56909958884353 346.24763821065426 65.564487129449844 47.756784990429878
leaf_count=22342 206 412 3520 1628 293 213
internal_value=9.32425e-07 0.00192783 -6.7759e-05 4.78224e-05 -0.000572278 -0.00196074
internal_weight=2334.52 71.0419 2263.48 1996.91 459.569 113.321
internal_count=28614 618 27996 24476 2134 506
is_linear=0
shrinkage=0.03


Tree=224
num_leaves=7
num_cat=0
split_feature=10 46 4 45 12 7
split_gain=0.272 0.346798 0.328798 0.272645 0.229833 0.39066
threshold=0.02927230449311723 69.500000000000014 -0.086540832010580188 0.27922077922077926 1.2906102384536788 -0.0032391982262560746
decision_type=2 8 2 10 2 2
left_child=4 2 3 -2 -1 -6
right_child=1 -3 -4 -5 5 -7
leaf_value=-5.9075121456703598e-06 0.004600274026469937 -3.5451885758803905e-06 0.00070050732777979913 0.00048353687766063076 0.00058481860160827434 -0.0015005208115585408
leaf_weight=1168.9474667644827 32.708442995441146 519.57380304332764 229.72383653433644 25.842816958436742 110.76486895978451 250.553356744349
leaf_count=17267 312 6093 2668 349 608 1262
internal_value=2.23788e-05 0.000464453 0.00127979 0.00311886 -0.000212499 -0.000862711
internal_weight=2338.11 807.849 288.275 58.5513 1530.27 361.318
internal_count=28559 9422 3329 661 19137 1870
is_linear=0
shrinkage=0.03


Tree=225
num_leaves=7
num_cat=0
split_feature=40 10 4 36 39 46
split_gain=0.21163 0.395599 0.31698 0.278476 0.277783 0.247594
threshold=1.5000000000000002 0.023843207351470736 -0.086540832010580188 -0.7000291149068455 2.5000000000000004 27.500000000000004
decision_type=2 2 2 8 2 10
left_child=3 4 5 -1 -2 -3
right_child=1 2 -4 -5 -6 -7
leaf_value=-0.00047773644466099084 -0.0021096768502647969 0.0035203420703033375 -0.00015099368964256201 0.00042379840667333284 -0.00048628313658128177 0.00019086126013835456
leaf_weight=410.23516943369759 123.7640143748722 35.294673283584416 216.83372413594043 1154.3500265366747 358.38680948273395 38.323931215156335
leaf_count=5636 1525 380 2440 13784 4370 416
internal_value=-1.45816e-05 -0.000417726 0.00044741 0.000185883 -0.000937394 0.00201721
internal_weight=2337.19 772.603 290.452 1564.59 482.151 73.6186
internal_count=28551 9131 3236 19420 5895 796
is_linear=0
shrinkage=0.03


Tree=226
num_leaves=7
num_cat=0
split_feature=26 31 14 28 33 35
split_gain=0.197431 0.200111 0.225084 0.20957 0.205816 0.289086
threshold=-7.4371142387390128 10.838353157043459 0.087570275475854401 0.82394891977310192 -2.4166255990664163 1.2870674350044944
decision_type=8 10 2 10 8 10
left_child=-1 4 3 -3 -2 -6
right_child=1 2 -4 -5 5 -7
leaf_value=0.0022550435479946739 -0.00091071926874152832 -0.0010056914152225009 0.0016136768682188595 0.0022899089199500213 0.00028489660841959268 -0.00050888123827254913
leaf_weight=25.933522779203486 226.22710426896811 70.952386429053149 128.60065754875541 12.253106802236287 1269.869939068536 599.63069126268965
leaf_count=430 2858 2633 981 314 15027 6269
internal_value=4.84313e-05 1.40087e-05 0.000871036 -0.000326757 -7.63326e-05 2.89444e-05
internal_weight=2333.47 2307.53 211.806 83.2055 2095.73 1869.5
internal_count=28512 28082 3928 2947 24154 21296
is_linear=0
shrinkage=0.03


Tree=227
num_leaves=7
num_cat=0
split_feature=7 14 27 47 37 35
split_gain=0.272883 0.220086 0.339598 0.188779 0.277918 0.271889
threshold=-0.10497029864169484 0.41385917847164688 2.170499989185811e-14 9.5000000000000018 0.88405138885395396 0.54665119045724475
decision_type=2 2 10 10 8 10
left_child=-1 3 -3 -2 -5 -6
right_child=1 2 -4 4 5 -7
leaf_value=-0.001185671309493277 5.6051403269748686e-05 -0.0028160544888832461 0.00034282816811830844 -0.00048168599103465921 0.0036990280981838626 0.0001062717425268998
leaf_weight=161.07867948213243 1950.3819890164013 49.00237064063549 59.715836554765701 47.908562528027687 39.680111728259362 31.637587248813361
leaf_count=3382 23369 202 246 646 419 286
internal_value=-3.18868e-05 5.84593e-05 -0.00119824 0.000129919 0.00124045 0.00231429
internal_weight=2339.41 2178.33 108.718 2069.61 119.226 71.3177
internal_count=28550 25168 448 24720 1351 705
is_linear=0
shrinkage=0.03


Tree=228
num_leaves=7
num_cat=0
split_feature=14 34 14 42 7 47
split_gain=0.275468 0.233652 0.340795 0.471747 0.338152 0.333728
threshold=0.41385917847164688 -7.6496938218673067 0.1445274514502444 1.5000000000000002 0.014808998566078061 6.5000000000000009
decision_type=2 10 2 2 2 8
left_child=1 2 3 5 -5 -1
right_child=-2 -3 -4 4 -6 -7
leaf_value=-0.0015536750999388127 -0.0013844531460861275 -2.2574781826541178e-05 -0.00038740836910083323 0.00047298418837371194 0.0064610547449870095 0.0014611398957983584
leaf_weight=33.751185096189147 107.31726513057947 1889.4525540366303 124.01092873513699 14.871182255796159 16.947271704906598 137.36943371285452
leaf_count=872 443 22611 738 326 286 3211
internal_value=3.25689e-05 0.000107091 0.000834862 0.00156488 0.00444472 0.000813559
internal_weight=2323.72 2216.4 326.95 202.939 31.8185 171.121
internal_count=28487 28044 5433 4695 612 4083
is_linear=0
shrinkage=0.03


Tree=229
num_leaves=7
num_cat=0
split_feature=47 18 24 23 25 42
split_gain=0.244019 0.230841 0.421254 0.23965 0.464352 0.22936
threshold=4.5000000000000009 1.0000000180025095e-35 1.0000000180025095e-35 -0.29108432140184476 0.77179187551235173 2.5000000000000004
decision_type=8 2 2 2 2 2
left_child=-1 3 -3 4 -2 -5
right_child=1 2 -4 5 -6 -7
leaf_value=-0.0014158884382997452 -0.0012175874351823758 -0.0034524075777265118 -0.00012347091467910574 0.0002089530454077884 0.0010755690429992816 0.0018733441939926187
leaf_weight=97.548341182991862 260.07795661591808 36.229102899320424 134.68040847301017 1629.0390694699017 103.74834266165271 68.388636991381645
leaf_count=1268 3742 376 1251 19695 1617 650
internal_value=-2.00496e-05 4.69931e-05 -0.000980963 0.000136551 -0.000552394 0.00028659
internal_weight=2329.71 2232.16 170.91 2061.25 363.826 1697.43
internal_count=28599 27331 1627 25704 5359 20345
is_linear=0
shrinkage=0.03


Tree=230
num_leaves=7
num_cat=0
split_feature=28 31 6 9 31 30
split_gain=0.280267 0.284282 0.351319 0.333936 0.30114 0.280285
threshold=0.31883437931537634 7.1807017922401437 -0.14553733222604745 -0.025016127000847019 11.858832478523256 -0.31533697247505182
decision_type=10 10 2 2 10 10
left_child=1 5 -3 -4 -5 -1
right_child=-2 2 3 4 -6 -7
leaf_value=-0.00023252840224427041 0.00039244730544928211 -0.0012625883591536001 -0.00053441254891710562 0.0026715607942582871 0.00010627102788621956 -0.001448312282614619
leaf_weight=718.42088608015911 1087.1759216597129 69.913440614720457 79.975396164751146 104.29412841569865 65.725595660507679 216.0452034334885
leaf_count=9142 10961 1810 1749 1598 1203 2248
internal_value=4.17727e-05 -0.00026286 0.000498348 0.00102043 0.00174087 -0.000525972
internal_weight=2341.55 1254.37 319.909 249.995 170.02 934.466
internal_count=28711 17750 6360 4550 2801 11390
is_linear=0
shrinkage=0.03


Tree=231
num_leaves=7
num_cat=0
split_feature=34 13 26 35 12 10
split_gain=0.220002 0.250196 0.197233 0.361555 0.191518 0.185066
threshold=-1.8253735303878782 2.4414009612931857 -0.83049085736274708 -1.3333392848098087 0.48499292456562521 -0.07566592495792239
decision_type=8 2 10 10 2 2
left_child=1 2 3 5 -5 -1
right_child=-2 -3 -4 4 -6 -7
leaf_value=-0.0014786106070614805 -0.00024235082077140926 -0.00050345256183889425 0.0011437731085163153 0.00015117333354809558 -0.0024778998672517357 0.0012298232242415968
leaf_weight=17.886769391974667 1519.0096701372531 210.74649282702012 338.97982497286284 41.041096484928858 49.528918698430061 146.83925560289936
leaf_count=345 15931 4025 4510 1086 330 2256
internal_value=-3.02816e-05 0.000367939 0.000680176 4.47057e-05 -0.00138998 0.000867935
internal_weight=2324.03 805.022 594.276 255.296 90.57 164.726
internal_count=28483 12552 8527 4017 1416 2601
is_linear=0
shrinkage=0.03


Tree=232
num_leaves=7
num_cat=0
split_feature=47 37 35 31 37 46
split_gain=0.206705 0.265236 0.186327 0.186271 0.161093 0.149034
threshold=9.5000000000000018 -2.2124816439683648 -5.8023672352234517 4.0212042331695566 1.2136068890492124 7.5000000000000009
decision_type=10 10 8 10 10 8
left_child=2 -2 -1 4 -3 -4
right_child=1 3 5 -5 -6 -7
leaf_value=0.0020118346513186085 0.0035256287734203003 -0.00041476543013823877 0.0017822479450460703 -0.0010490103966197914 0.0022914878523329798 -7.8871439221425083e-05
leaf_weight=30.349121523671784 23.24224539619172 27.766333821695298 29.43981081515085 40.376587057253346 41.714350105263293 2142.0006481925666
leaf_count=489 382 278 381 523 321 26226
internal_value=6.35121e-05 0.00116837 -8.25761e-06 0.000417105 0.00129388 -4.55845e-05
internal_weight=2334.89 133.1 2201.79 109.857 69.4807 2171.44
internal_count=28600 1504 27096 1122 599 26607
is_linear=0
shrinkage=0.03


Tree=233
num_leaves=7
num_cat=0
split_feature=0 43 5 31 3 2
split_gain=0.206805 0.223847 0.31566 0.212305 0.244628 0.228675
threshold=0.40629810526123383 1.5000000000000002 -0.048896226471668448 3.3011938333511357 -0.29639264563485307 -0.22525696356164476
decision_type=2 2 2 10 2 2
left_child=1 3 -3 5 -5 -1
right_child=-2 2 -4 4 -6 -7
leaf_value=-0.0015655201266752373 0.0015257174585401078 -0.00044992543261981806 0.0029337152497001038 -0.0012175045828856188 0.00035924242341665012 -0.00022923308221731306
leaf_weight=120.31455958320294 68.200286305800546 42.409232415258884 42.87399018695578 88.030816179292742 925.9058010125591 1050.3102584970184
leaf_count=1771 688 330 355 1800 13514 10141
internal_value=8.79215e-06 -4.3278e-05 0.00138048 -0.000104898 0.000211794 -0.000378671
internal_weight=2338.04 2269.84 85.2832 2184.56 1013.94 1170.62
internal_count=28599 27911 685 27226 15314 11912
is_linear=0
shrinkage=0.03


Tree=234
num_leaves=7
num_cat=0
split_feature=28 30 24 16 0 29
split_gain=0.224628 0.304319 0.3236 0.253626 0.243109 0.22358
threshold=0.38737246394157415 1.1013146638870241 3.5000000000000004 1.0000000180025095e-35 0.14332896383286889 -6.136927366256713
decision_type=8 10 2 2 2 10
left_child=1 2 3 -1 -2 -6
right_child=4 -3 -4 -5 5 -7
leaf_value=-0.00035476123904800165 -3.5660350852147432e-05 -0.0014865808570167188 0.00059430043808104851 -0.0022788726360180706 0.0024834492589707936 0.00044021168042884551
leaf_weight=519.08011270227144 1019.2379050403833 185.95582757936791 309.0594006202009 60.984959693189012 57.747977214865386 188.28486146975774
leaf_count=7855 11047 2057 4436 1042 562 1596
internal_value=-9.88435e-05 -0.000415776 -0.000177779 -0.000592245 0.000171597 0.000998059
internal_weight=2340.35 1075.08 889.124 580.065 1265.27 246.033
internal_count=28595 15390 13333 8897 13205 2158
is_linear=0
shrinkage=0.03


Tree=235
num_leaves=7
num_cat=0
split_feature=23 42 1 40 2 29
split_gain=0.260193 0.186099 0.395907 0.350986 0.553356 0.268002
threshold=0.89400588103304024 2.5000000000000004 0.019859606863010738 2.5000000000000004 -0.11244127404968111 -0.69604471325874318
decision_type=2 2 2 2 2 10
left_child=1 3 -3 -1 -5 -6
right_child=-2 2 -4 4 5 -7
leaf_value=4.1175776539802544e-05 0.0022593696345620195 0.0023987664376520349 -0.0013506060515504168 -0.002682359688689382 -0.00076362075835895746 0.0018695038470054764
leaf_weight=1950.420540874009 35.34587686607847 65.339810914127156 30.342701366171241 104.99446615704801 92.648160310287494 42.682498536771163
leaf_count=24070 390 699 242 1526 1064 430
internal_value=9.03166e-06 -3.54434e-05 0.00119448 -9.43448e-05 -0.0011519 0.000138346
internal_weight=2321.77 2286.43 95.6825 2190.75 240.325 135.331
internal_count=28421 28031 941 27090 3020 1494
is_linear=0
shrinkage=0.03


Tree=236
num_leaves=7
num_cat=0
split_feature=26 11 36 2 29 33
split_gain=0.228404 0.174751 0.354136 0.301728 0.255604 0.191049
threshold=-7.4371142387390128 0.035786324715780631 0.51268839786006593 -0.13245520650976231 1.4303988814353945 -0.85887560745080294
decision_type=8 2 10 2 10 8
left_child=-1 5 3 4 -3 -2
right_child=1 2 -4 -5 -6 -7
leaf_value=0.0023665574786329259 -0.00074190101090767634 -0.0021081265851837904 0.0011712551395003127 0.00027316749984274157 0.0011885931740185469 -5.4229193274181841e-05
leaf_weight=23.944256874965504 526.69465961214155 94.160686101618921 247.40275816281792 289.38152824400458 19.609866482089274 1132.87079302661
leaf_count=408 6984 1471 2724 3238 252 13437
internal_value=-7.71926e-05 -0.000112613 0.000301074 -0.000248355 -0.00148977 -0.000275611
internal_weight=2334.06 2310.12 650.555 403.152 113.771 1659.57
internal_count=28514 28106 7685 4961 1723 20421
is_linear=0
shrinkage=0.03


Tree=237
num_leaves=7
num_cat=0
split_feature=37 51 46 25 47 39
split_gain=0.273031 0.181409 0.426488 0.233062 0.186123 0.342179
threshold=-6.0137545348643657 0.55000000000000016 65.500000000000014 -0.26315833284755558 5.5000000000000009 4.5000000000000009
decision_type=8 2 10 2 8 2
left_child=-1 4 3 -3 5 -2
right_child=1 2 -4 -5 -6 -7
leaf_value=0.0018434732118418316 -0.0021800949415288237 0.0038096833834510339 -0.00095258188462445667 0.00091762216325830097 3.4321820954502576e-06 0.0001196014075264886
leaf_weight=63.545462131965905 93.776031780173071 29.709995619021356 69.938512917840853 95.259629095322452 1849.6459492982249 130.45732599118492
leaf_count=1647 1170 250 662 809 22289 1673
internal_value=4.45035e-05 -1.37516e-05 0.000838049 0.0018365 -9.74433e-05 -0.000894163
internal_weight=2332.33 2268.79 194.908 124.97 2073.88 224.233
internal_count=28500 26853 1721 1059 25132 2843
is_linear=0
shrinkage=0.03


Tree=238
num_leaves=7
num_cat=0
split_feature=9 4 45 46 2 4
split_gain=0.22574 0.262272 0.254607 0.232979 0.295905 0.231746
threshold=0.1977487668536668 -0.20708680384658804 0.91287878787878796 69.500000000000014 -0.15720334692344987 -0.16956079977581964
decision_type=2 2 10 10 2 2
left_child=1 -1 3 4 -3 -5
right_child=-2 2 -4 5 -6 -7
leaf_value=-0.00100639115784003 0.0016973972937743586 -0.00033815372286560217 -0.0014591880026832383 0.0012744788608297778 0.0005733416206031664 -0.00077828779627791146
leaf_weight=207.17564144523931 61.483904582273681 435.76800487292348 81.37003208626993 48.535878674942069 1146.8985338161438 335.70494960254291
leaf_count=3013 776 6610 1324 574 12394 3666
internal_value=3.76253e-05 -1.49131e-05 8.97735e-05 0.00016091 0.000321825 -0.00049324
internal_weight=2316.94 2255.45 2048.28 1966.91 1582.67 384.241
internal_count=28357 27581 24568 23244 19004 4240
is_linear=0
shrinkage=0.03


Tree=239
num_leaves=7
num_cat=0
split_feature=51 36 47 27 28 12
split_gain=0.269299 0.295177 0.248432 0.337401 0.239025 0.247652
threshold=0.36666666666666675 0.14191013450423895 5.5000000000000009 2.51499354839325 2.4239186048507695 0.55803047731793887
decision_type=2 8 8 8 10 2
left_child=2 4 3 -1 5 -2
right_child=1 -3 -4 -5 -6 -7
leaf_value=-0.00049022112567940026 0.00093910070248855615 0.0015139472419149458 -2.5235100796664741e-05 -0.0036134332306488244 0.0020976272639073555 -0.0015642699217387969
leaf_weight=159.6667379278806 46.792924781679176 192.37556162301917 1785.4675481940503 30.050134046585299 23.664408986456692 90.687082570046186
leaf_count=2184 847 1779 22581 421 179 562
internal_value=-1.57225e-07 0.000750533 -0.00013762 -0.00114108 -0.000196046 -0.000706316
internal_weight=2328.7 353.52 1975.18 189.717 161.144 137.48
internal_count=28553 3367 25186 2605 1588 1409
is_linear=0
shrinkage=0.03


Tree=240
num_leaves=7
num_cat=0
split_feature=25 27 26 28 28 30
split_gain=0.305401 0.271407 0.23293 0.287996 0.224235 0.226508
threshold=-0.22657850729932286 2.51499354839325 0.65325096249580394 0.23663273453712466 1.9798751473426821 -6.1752028465270987
decision_type=2 10 8 10 10 8
left_child=2 4 3 -1 5 -2
right_child=1 -3 -4 -5 -6 -7
leaf_value=0.00021361573298998973 0.00067806967609516445 -0.0014760914715590736 -0.00010476686173246221 0.002069089573133604 0.00065610296069727747 -0.0003862616332074962
leaf_weight=147.45068575406913 202.31140878351289 122.44808866526 211.37924833691795 149.50373788509751 306.52063286135672 1190.8442035382031
leaf_count=2364 3645 1425 2546 1654 2757 14092
internal_value=1.3995e-05 -0.000167954 0.000656852 0.00118474 -6.56311e-05 -0.000227971
internal_weight=2330.46 1822.12 508.334 296.954 1699.68 1393.16
internal_count=28483 21919 6564 4018 20494 17737
is_linear=0
shrinkage=0.03


Tree=241
num_leaves=7
num_cat=0
split_feature=22 2 33 11 2 28
split_gain=0.250569 0.21002 0.202136 0.197731 0.202398 0.229953
threshold=-0.15505850892022116 -0.153843966987916 -3.1630636751651759 0.1237091212798322 -0.021640979111938085 -0.72726505994796742
decision_type=2 2 10 2 2 8
left_child=1 -1 -3 4 -2 -6
right_child=3 2 -4 -5 5 -7
leaf_value=-0.0022431875264619268 0.00014122707088746358 0.0019862734663200722 -0.0007524781079771229 0.0014209168152147231 0.00086287007694520342 -0.0010590550211896444
leaf_weight=67.699079366313526 1703.5000234157924 19.417219500872307 131.92589567831601 83.542128389293794 62.700507710163947 258.38275727402652
leaf_count=1231 20677 292 1662 878 1031 2770
internal_value=-2.96307e-05 -0.000972131 -0.000299768 7.24259e-05 1.00716e-05 -0.000669019
internal_weight=2327.17 219.042 151.343 2108.13 2024.58 321.083
internal_count=28541 3185 1954 25356 24478 3801
is_linear=0
shrinkage=0.03


Tree=242
num_leaves=7
num_cat=0
split_feature=8 0 51 46 46 45
split_gain=0.21259 0.264366 0.180795 0.315869 0.255335 0.487106
threshold=0.23216899988254566 0.041461736149490454 0.36666666666666675 14.500000000000002 32.500000000000007 0.59166666666666679
decision_type=2 2 2 10 8 10
left_child=2 -2 4 -4 5 -1
right_child=1 -3 3 -5 -6 -7
leaf_value=-0.00014570888263811861 0.0031633311214077399 -0.000457452359800713 0.0022994297686405444 9.6081152241533742e-05 -2.268320554949315e-05 -0.0026358728593385439
leaf_weight=223.99337982339785 31.201714352995623 28.471777179656783 64.198393928818405 282.37266145728063 1617.1092543534905 94.17502418870572
leaf_count=2797 360 298 592 2692 20232 1603
internal_value=-1.45242e-05 0.00161806 -6.40922e-05 0.000557268 -0.000177658 -0.000940636
internal_weight=2341.52 59.6735 2281.85 346.571 1935.28 318.168
internal_count=28574 658 27916 3284 24632 4400
is_linear=0
shrinkage=0.03


Tree=243
num_leaves=7
num_cat=0
split_feature=7 1 34 2 37 46
split_gain=0.229018 0.246224 0.335213 0.285072 0.237604 0.251174
threshold=-0.10750770994707606 -0.094230451644423507 0.45095933973789221 -0.19311438320140856 2.8474730984053838 78.500000000000014
decision_type=2 2 10 2 8 8
left_child=4 2 -2 -3 5 -1
right_child=1 3 -4 -5 -6 -7
leaf_value=0.0017344543590226702 0.00029866416832198902 -0.0008472165759127227 0.0028063549048476886 0.0001778672477388654 -0.0025668000904863209 -0.0010914635821197252
leaf_weight=32.375879281607922 163.47122108624899 275.85442299596616 59.637848611921072 1664.4043236356374 47.998229889082722 75.56269402988255
leaf_count=861 2596 4150 626 17736 653 1735
internal_value=5.75793e-05 0.000139359 0.00106061 2.85301e-05 -0.00101701 -0.000168643
internal_weight=2319.3 2163.37 223.109 1940.26 155.937 107.939
internal_count=28357 25108 3222 21886 3249 2596
is_linear=0
shrinkage=0.03


Tree=244
num_leaves=7
num_cat=0
split_feature=17 49 0 24 47 39
split_gain=0.265255 0.264211 0.271941 0.154733 0.147397 0.316165
threshold=1.5000000000000002 1.5000000000000002 0.40629810526123383 1.0000000180025095e-35 5.5000000000000009 4.5000000000000009
decision_type=2 2 2 2 8 2
left_child=1 2 4 -2 5 -1
right_child=3 -3 -4 -5 -6 -7
leaf_value=-0.0018792720566762895 -0.0029568057020145661 0.0030346537877650173 0.0018261130261668799 -0.00059760829435226241 6.8875652018151771e-05 0.00018369136697586787
leaf_weight=104.41877960565034 27.502235942520201 16.776134077459574 63.833905978943221 97.871978950453922 1866.3407139230403 157.04513101198245
leaf_count=1294 456 113 646 1419 22645 1996
internal_value=-6.13184e-06 7.25655e-05 3.62112e-05 -0.00129531 -2.57765e-05 -0.000679056
internal_weight=2333.79 2208.41 2191.64 125.374 2127.8 261.464
internal_count=28569 26694 26581 1875 25935 3290
is_linear=0
shrinkage=0.03


Tree=245
num_leaves=7
num_cat=0
split_feature=31 3 27 20 10 28
split_gain=0.237945 0.362285 0.246737 0.213148 0.198294 0.196304
threshold=7.1176422238349923 -0.2184504760636512 2.51499354839325 -0.067132613624366608 1.0000000180025095e-35 0.37049102783203131
decision_type=10 2 10 2 2 8
left_child=2 3 5 -2 -3 -1
right_child=1 4 -4 -5 -6 -7
leaf_value=-0.00045083620551104262 -0.0021909431531919664 0.0002747210392725814 -0.0015109067103859515 0.00049603546144521952 0.0016391562995429121 0.00019163520697162341
leaf_weight=706.96170937592979 49.565652263932861 188.94321647583274 103.55860205041245 42.458019099853118 195.22662806112203 1052.7330581451533
leaf_count=8461 1140 3178 1087 1066 3020 10758
internal_value=-1.95075e-06 0.000589412 -0.000155426 -0.00102411 0.000992091 -6.75683e-05
internal_weight=2339.45 476.194 1863.25 92.0237 384.17 1759.69
internal_count=28710 8404 20306 2206 6198 19219
is_linear=0
shrinkage=0.03


Tree=246
num_leaves=7
num_cat=0
split_feature=47 36 1 23 42 25
split_gain=0.224089 0.296288 0.280797 0.17883 0.187857 0.253911
threshold=4.5000000000000009 0.44170809534215749 -0.026614850834016098 0.57784389018357951 2.5000000000000004 0.12483829638890472
decision_type=8 10 2 2 2 2
left_child=1 2 -1 4 -2 -6
right_child=3 -3 -4 -5 5 -7
leaf_value=0.00010765327143965757 -0.00011718477707567216 0.00050224021423120335 -0.0040033758894119521 0.0011305571186041997 0.0022336571280667824 -0.0010152166981004327
leaf_weight=21.709229940548539 2044.6802959373454 40.79020876402501 34.664350495848339 110.39759882964427 58.294606649549678 24.704565825406462
leaf_count=374 25267 473 424 1239 559 241
internal_value=-5.85153e-05 -0.00139866 -0.00264254 5.62845e-06 -5.77557e-05 0.00126145
internal_weight=2335.24 97.1638 56.3736 2238.08 2127.68 82.9992
internal_count=28577 1271 798 27306 26067 800
is_linear=0
shrinkage=0.03


Tree=247
num_leaves=7
num_cat=0
split_feature=25 37 45 29 25 5
split_gain=0.210374 0.249078 0.343962 0.340436 0.343275 0.224087
threshold=-0.15121687017724014 0.68012543760791955 0.78888888888888908 -7.9805312156677237 0.89907671907406439 -0.12098638989032774
decision_type=2 10 10 10 2 2
left_child=-1 2 -2 5 -5 -3
right_child=1 3 -4 4 -6 -7
leaf_value=0.00037366711093581289 0.00029133742633794885 -0.0016123168960108416 -0.0019042648978926703 -0.0010392291741670744 0.0018257825653183403 0.0010771043431850756
leaf_weight=637.82096153937164 769.12323711722274 25.032202200964093 60.014846698381007 682.51799236045917 30.871713744942099 138.579714604537
leaf_count=7971 10902 269 1250 6243 363 1559
internal_value=-8.74181e-05 -0.000260963 0.000111616 -0.000610494 -0.000891721 0.000596462
internal_weight=2343.96 1706.14 829.138 877.002 713.39 163.612
internal_count=28557 20586 12152 8434 6606 1828
is_linear=0
shrinkage=0.03


Tree=248
num_leaves=7
num_cat=0
split_feature=37 2 23 24 15 28
split_gain=0.218927 0.309323 0.215681 0.290406 0.25297 0.377398
threshold=-2.64727548992995 -0.021640979111938085 -0.3021662770987818 2.5000000000000004 1.5000000000000002 1.6881240010261538
decision_type=8 2 2 2 2 10
left_child=1 -1 -2 4 -4 -6
right_child=2 -3 3 -5 5 -7
leaf_value=0.0012637235479109764 -0.00078560171861158606 -0.0014171289599698563 -0.00011645183742309667 0.00050533125348304947 -0.0024023016016729275 0.0012845596882975984
leaf_weight=209.14048521762015 350.10821225820109 38.353480869642226 934.75947973970324 670.41001993161626 91.078716003161389 26.125925107859075
leaf_count=4188 4660 814 10354 7023 1226 243
internal_value=-1.59203e-05 0.000809378 -0.00011789 2.15876e-05 -0.000288555 -0.00154409
internal_weight=2319.98 247.494 2072.48 1722.37 1051.96 117.205
internal_count=28508 5002 23506 18846 11823 1469
is_linear=0
shrinkage=0.03


Tree=249
num_leaves=7
num_cat=0
split_feature=14 48 8 46 8 31
split_gain=0.226975 0.3642 0.347225 0.2854 0.195862 0.206493
threshold=0.39316636867906257 1.0000000180025095e-35 -0.0083091337249836927 14.500000000000002 -0.22904671692901882 4.4362272322177896
decision_type=2 2 2 10 2 10
left_child=1 4 -3 -2 -1 -6
right_child=3 2 -4 -5 5 -7
leaf_value=-0.0019292359425532519 0.0002805813380016994 -0.00059513852873610475 0.0033174578245484441 -0.0023712048023349025 -0.00022017013123972105 0.00039029286714167502
leaf_weight=37.719209887989564 63.459432870149612 27.588977430132218 47.269553763791919 70.391750603914261 1287.4691766634933 800.03708787247888
leaf_count=1116 262 300 409 292 13739 12526
internal_value=-2.72913e-05 4.79823e-05 0.00197527 -0.00118187 -2.88372e-05 1.45352e-05
internal_weight=2333.94 2200.08 74.8585 133.851 2125.23 2087.51
internal_count=28644 28090 709 554 27381 26265
is_linear=0
shrinkage=0.03


Tree=250
num_leaves=7
num_cat=0
split_feature=49 8 31 3 8 28
split_gain=0.19802 0.414069 0.172074 0.257149 0.232184 0.230149
threshold=1.0000000180025095e-35 -0.0083091337249836927 7.1176422238349923 -0.2691643109125138 0.20005708872711428 0.37049102783203131
decision_type=2 2 10 2 2 10
left_child=2 -2 4 -4 5 -1
right_child=1 -3 3 -5 -6 -7
leaf_value=-0.00052607667682988044 -0.0011419921889328154 0.0029228671441307915 -0.0012817667363817973 0.00079353842896529394 0.0014084445582537857 0.00016892632699425813
leaf_weight=847.73240084081772 29.118182605481707 50.349761555436999 52.385999118996551 414.7189078899537 77.187462660018355 850.20451416360447
leaf_count=10544 307 423 1316 6937 753 8215
internal_value=8.8204e-05 0.00147228 3.28312e-05 0.000538805 -0.000102583 -0.000179118
internal_weight=2321.7 79.4679 2242.23 467.105 1775.12 1697.94
internal_count=28495 730 27765 8253 19512 18759
is_linear=0
shrinkage=0.03


Tree=251
num_leaves=7
num_cat=0
split_feature=20 14 10 46 10 28
split_gain=0.279619 0.208594 0.207733 0.261574 0.253704 0.262047
threshold=0.19161798785044981 0.23518505758026373 -0.071381563725995315 36.500000000000007 -0.11564360663722102 -0.017785695381462571
decision_type=2 2 2 8 2 10
left_child=2 -2 3 -1 5 -5
right_child=1 -3 -4 4 -6 -7
leaf_value=-0.0025177671549403563 0.0019343502979772694 -0.00081205750202425315 1.091570598033058e-05 -0.00087928375571079019 -0.0010088093468877302 0.0024421235955050832
leaf_weight=55.846979946247302 95.122548852406908 26.404526263475418 1905.3823288633284 30.67394318577135 153.95306247126427 39.265873998403549
leaf_count=810 1473 122 22825 556 2090 468
internal_value=-2.2423e-05 0.00132126 -0.000102831 -0.00085123 -0.000345662 0.00105766
internal_weight=2306.65 121.527 2185.12 279.74 223.893 69.9398
internal_count=28344 1595 26749 3924 3114 1024
is_linear=0
shrinkage=0.03


Tree=252
num_leaves=7
num_cat=0
split_feature=51 46 28 40 3 36
split_gain=0.234392 0.467947 0.35529 0.290496 0.368856 0.337932
threshold=0.45000000000000007 14.500000000000002 2.5651172399520878 1.5000000000000002 -0.065510649338639343 -0.033619407389470689
decision_type=2 10 10 2 2 8
left_child=3 -2 -3 -1 -5 -6
right_child=1 2 -4 4 5 -7
leaf_value=7.2318002473655146e-05 0.002812761165302474 -0.00029533761941734235 0.0026320253197989682 -0.001111981377360814 0.0026075489342934715 -0.00061683026958331462
leaf_weight=1423.8959449167014 63.606256735511124 252.26993597077671 33.527617237530649 439.52562770972145 42.096790622686967 59.946065199445002
leaf_count=18043 593 2531 237 5787 515 673
internal_value=-2.55168e-05 0.000679304 0.000125449 -0.000153618 -0.000738193 0.000827363
internal_weight=2314.87 349.404 285.798 1965.46 541.568 102.043
internal_count=28379 3361 2768 25018 6975 1188
is_linear=0
shrinkage=0.03


Tree=253
num_leaves=7
num_cat=0
split_feature=51 46 0 10 27 9
split_gain=0.177478 0.365319 0.186937 0.203313 0.184626 0.195466
threshold=0.63333333333333341 53.500000000000007 -0.087226620051568657 0.08218629250300942 0.65658059716224682 0.062223260416881032
decision_type=2 10 2 2 10 2
left_child=2 -2 3 4 -1 -6
right_child=1 -3 -4 -5 5 -7
leaf_value=-0.0010296362031933638 0.0019854572715724168 -0.00053659130592278005 0.00016529025547975076 0.0011884225911196306 -0.00045713698306006724 0.0015316145664787074
leaf_weight=353.7332380588341 109.70916377624962 84.910866764490493 1525.5091382137616 52.446540449745953 151.35353161985404 51.448061985196546
leaf_count=5600 964 831 17518 791 2232 598
internal_value=6.86619e-05 0.000912663 -1.219e-05 -0.000452269 -0.000625132 9.56482e-05
internal_weight=2329.11 194.62 2134.49 608.981 556.535 202.802
internal_count=28534 1795 26739 9221 8430 2830
is_linear=0
shrinkage=0.03


Tree=254
num_leaves=7
num_cat=0
split_feature=8 27 14 34 13 6
split_gain=0.194108 0.196344 0.183193 0.38097 0.220088 0.27481
threshold=0.30369138395519463 2.8338406085968022 0.2277947556113353 -4.7745167190829907 1.8688348091416842 -0.11876986193816148
decision_type=2 10 2 10 2 2
left_child=1 2 4 -4 -1 -6
right_child=-2 -3 3 -5 5 -7
leaf_value=0.0016809258497759837 0.0023988428500763188 -0.0012173220706915579 -0.0022221042391011967 -0.00013079559939742472 -0.00073271256502485432 0.00026808214380163114
leaf_weight=70.485354969860055 18.784781711292453 119.03141742676962 83.648497983813286 490.57006141543388 297.73316153688938 1241.2003051422653
leaf_count=813 218 1411 403 2329 5838 17407
internal_value=-4.99076e-05 -8.01703e-05 -1.29168e-05 -0.000468265 0.000151434 7.09808e-05
internal_weight=2321.45 2302.67 2183.64 574.219 1609.42 1538.93
internal_count=28419 28201 26790 2732 24058 23245
is_linear=0
shrinkage=0.03


Tree=255
num_leaves=7
num_cat=0
split_feature=2 24 22 29 42 28
split_gain=0.144669 0.311315 0.169384 0.160004 0.297048 0.386737
threshold=-0.31590719059422395 3.5000000000000004 -0.021557571906934244 -2.6309157609939571 2.5000000000000004 0.93899044394493114
decision_type=2 2 2 10 2 10
left_child=1 2 -1 4 5 -2
right_child=3 -3 -4 -5 -6 -7
leaf_value=-0.0041340111030034677 -0.00019418535634644702 0.00086896602548680731 -0.00079221489761434479 -0.00017633535518568567 0.0025756454467933602 0.00096155151361702125
leaf_weight=18.139167221263051 712.1326463620062 39.91575651691528 38.701125882565975 1077.1771716447838 40.800614318344742 398.61921975307632
leaf_count=480 9943 986 966 11761 410 3920
internal_value=3.43754e-05 -0.00104476 -0.0023176 8.56814e-05 0.000330183 0.000225457
internal_weight=2325.49 96.756 56.8403 2228.73 1151.55 1110.75
internal_count=28466 2432 1446 26034 14273 13863
is_linear=0
shrinkage=0.03


Tree=256
num_leaves=7
num_cat=0
split_feature=24 37 35 28 39 26
split_gain=0.216211 0.246564 0.21012 0.192223 0.226961 0.179643
threshold=7.5000000000000009 5.0823717946773064 -5.5396608859300605 4.1199619770050058 4.5000000000000009 -4.1753840446472159
decision_type=2 10 8 10 2 8
left_child=2 -2 -1 5 -5 -4
right_child=1 -3 3 4 -6 -7
leaf_value=0.0018651177730866339 0.0014373236189719485 -0.0017135023301217498 -0.0012338265356325966 0.0031074848211051277 -0.00020233278425663717 -0.00012077556427177772
leaf_weight=37.911966765823308 142.32947813981446 17.542139538330957 130.33185541574494 25.157462767325342 37.285808230750263 1919.1367616754578
leaf_count=581 1921 156 1833 196 355 23361
internal_value=-1.95453e-05 0.00101108 -0.000100514 -0.000144423 0.00137603 -0.000197205
internal_weight=2309.7 159.872 2149.82 2111.91 62.4433 2049.47
internal_count=28403 2077 26326 25745 551 25194
is_linear=0
shrinkage=0.03


Tree=257
num_leaves=7
num_cat=0
split_feature=28 30 25 47 28 37
split_gain=0.192706 0.466775 0.323625 0.239742 0.461158 0.322708
threshold=0.40760128200054174 0.28222244977951055 0.89907671907406439 6.5000000000000009 2.3425008058547978 -0.43141402481567281
decision_type=8 10 2 8 10 10
left_child=1 -1 3 4 -2 -5
right_child=2 -3 -4 5 -6 -7
leaf_value=0.00016666012835305416 -0.0012604131364099011 -0.0012744660411436583 0.0027784974677088838 0.001287527616985328 0.0013171211852926466 0.00010283568051222291
leaf_weight=821.44420481925772 198.23701834888197 257.59675150417024 37.978387020644732 298.18778822780587 79.987805927405134 635.88307207153412
leaf_count=12479 2202 2926 470 3853 710 5849
internal_value=0.000106918 -0.00018592 0.000359119 0.000261214 -0.000499401 0.000490662
internal_weight=2329.32 1079.04 1250.27 1212.3 278.225 934.071
internal_count=28489 15405 13084 12614 2912 9702
is_linear=0
shrinkage=0.03


Tree=258
num_leaves=7
num_cat=0
split_feature=7 37 45 46 36 37
split_gain=0.181709 0.267709 0.190824 0.552168 0.204192 0.325501
threshold=-0.10497029864169484 2.9272786904540333 0.5634920634920636 16.500000000000004 1.5582094863702209 2.152637738155935
decision_type=2 8 10 10 10 10
left_child=1 -1 4 -4 -2 -6
right_child=2 -3 3 -5 5 -7
leaf_value=-6.6789470418270812e-05 8.6537648570135642e-05 -0.0025812144934749801 -0.0032378090317614371 5.3611581442126265e-07 0.0018178965108611115 -6.370599609911686e-05
leaf_weight=117.0015458164853 1522.0152385417605 46.917492065869737 46.838647738681175 284.9817837990995 161.21802265796578 158.86497620074078
leaf_count=2758 17277 633 783 3874 1851 1356
internal_value=3.99528e-05 -0.000893511 0.000114107 -0.000537927 0.00023383 0.000910374
internal_weight=2337.84 163.919 2173.92 331.82 1842.1 320.083
internal_count=28532 3391 25141 4657 20484 3207
is_linear=0
shrinkage=0.03


Tree=259
num_leaves=7
num_cat=0
split_feature=42 1 28 36 4 27
split_gain=0.193562 0.289735 0.172025 0.334328 0.288157 0.262032
threshold=2.5000000000000004 0.016985949811564666 0.93899044394493114 2.5563570544531697 -0.17086463003598776 2.8338406085968022
decision_type=2 2 10 10 2 10
left_child=2 -2 -1 4 -4 -6
right_child=1 -3 3 -5 5 -7
leaf_value=-0.00025233549801772007 0.0022854857217455278 -0.00090233347345632727 0.0016438326617392938 -0.0016581478345492344 0.00037307230479479136 -0.001827785587954604
leaf_weight=1447.2170560944796 65.150662539759651 32.268823332153261 143.5651187231997 61.897827343549579 523.25963662844151 43.653854013420641
leaf_count=19944 684 263 1494 540 5044 440
internal_value=1.02801e-09 0.00124386 -5.9927e-05 0.00029921 0.000490385 0.000174856
internal_weight=2317.01 97.4195 2219.59 772.376 710.479 566.913
internal_count=28409 947 27462 7518 6978 5484
is_linear=0
shrinkage=0.03


Tree=260
num_leaves=7
num_cat=0
split_feature=11 2 30 31 35 31
split_gain=0.222836 0.285551 0.349721 0.214304 0.218806 0.255727
threshold=0.035786324715780631 -0.13939186497089728 5.0906341075897226 0.13974016904830935 0.18097815749169602 9.6492884159088153
decision_type=2 2 8 8 10 10
left_child=3 2 -2 -1 5 -5
right_child=1 -3 -4 4 -6 -7
leaf_value=-0.0009356411677028738 2.4951639192642956e-05 0.00079143194150424229 -0.0032957887804385606 0.00052782420179598301 -0.00044061936891826844 -0.0012222206776542151
leaf_weight=310.25548683246598 154.99340363644296 476.31400741753168 24.944656530744396 592.00524061179021 699.75037577433977 76.279263557153172
leaf_count=2670 2262 5168 341 7964 8494 1615
internal_value=-5.38452e-05 0.000411002 -0.000584682 -0.00023697 -7.28785e-05 0.000312996
internal_weight=2334.54 656.252 179.938 1678.29 1368.03 668.285
internal_count=28514 7771 2603 20743 18073 9579
is_linear=0
shrinkage=0.03


Tree=261
num_leaves=7
num_cat=0
split_feature=49 51 24 20 47 39
split_gain=0.177555 0.276333 0.224607 0.522659 0.272809 0.37119
threshold=1.0000000180025095e-35 0.45000000000000007 1.5000000000000002 0.01555683694556176 7.5000000000000009 5.5000000000000009
decision_type=2 2 2 2 8 2
left_child=2 -2 4 -4 -1 -6
right_child=1 -3 3 -5 5 -7
leaf_value=-0.0013466618509274514 -0.0010726819227891999 0.0023048385438079484 -0.0002372578566893482 0.0010354269540434784 0.00047894201008019319 -0.00097462095269129731
leaf_weight=228.56673047831282 25.41277667216491 55.858074428513646 994.05075386998942 398.81075399930705 356.36075959620939 268.49482012694352
leaf_count=3173 253 482 11887 4761 4256 3612
internal_value=-5.06297e-05 0.0012469 -0.000102893 0.000131927 -0.000483228 -0.000151155
internal_weight=2327.55 81.2709 2246.28 1392.86 853.422 624.856
internal_count=28424 735 27689 16648 11041 7868
is_linear=0
shrinkage=0.03


Tree=262
num_leaves=7
num_cat=0
split_feature=28 46 45 30 25 24
split_gain=0.242185 0.367804 0.285093 0.255478 0.250147 0.240856
threshold=0.40760128200054174 14.500000000000002 0.55050505050505061 1.1013146638870241 0.89907671907406439 3.5000000000000004
decision_type=8 8 10 10 2 2
left_child=1 2 -1 5 -2 -3
right_child=4 3 -4 -5 -6 -7
leaf_value=0.0021175703149823688 0.00025067910595572463 -0.00059524171273253156 -0.0014075691086515721 -0.0014582603666807399 0.0023754047226196015 0.00047400052665641203
leaf_weight=81.093845299794339 1200.4053127263905 523.6441346101783 19.093415117822587 174.50143881392432 42.290807988261804 285.07927028904669
leaf_count=1016 12564 8055 368 1948 507 4084
internal_value=5.68258e-05 -0.000269692 0.00137899 -0.000449879 0.000341372 -0.000217142
internal_weight=2326.11 1083.41 100.187 983.225 1242.7 808.723
internal_count=28542 15471 1384 14087 13071 12139
is_linear=0
shrinkage=0.03


Tree=263
num_leaves=7
num_cat=0
split_feature=51 46 0 37 47 7
split_gain=0.280392 0.395723 0.299604 0.315121 0.219157 0.343528
threshold=0.45000000000000007 14.500000000000002 0.038817082100946788 -1.3143534393917424 5.5000000000000009 -0.0053885025339599291
decision_type=2 10 2 10 8 2
left_child=4 -2 -3 -4 5 -1
right_child=1 2 3 -5 -6 -7
leaf_value=0.0005191463877062683 0.0026862468488320084 -0.00048771558389303326 -0.0011917709943793156 0.0023301691388217865 -3.5405324435811581e-05 -0.0020118048027561257
leaf_weight=71.701782074058428 66.459226383944042 180.99784995394293 23.906175961950794 77.839319638442248 1794.6786719097872 118.88507287640823
leaf_count=1210 610 1861 268 618 22601 1448
internal_value=-1.81869e-06 0.000769782 0.000242941 0.00147006 -0.000140719 -0.00108121
internal_weight=2334.47 349.203 282.743 101.745 1985.27 190.587
internal_count=28616 3357 2747 886 25259 2658
is_linear=0
shrinkage=0.03


Tree=264
num_leaves=7
num_cat=0
split_feature=28 31 29 0 34 2
split_gain=0.189135 0.301224 0.256246 0.222361 0.343249 0.271583
threshold=0.44573460519313818 1.2116855680942538 -3.4800919294357295 0.038817082100946788 3.399805068969727 0.027822040756608081
decision_type=8 10 10 2 10 2
left_child=1 -1 -3 5 -5 -2
right_child=3 2 -4 4 -6 -7
leaf_value=-0.0012809487606717 -0.00021536376816904911 -0.00063808434751729047 0.00038729316601055056 0.0011303852717307746 -0.0012869566577913541 0.0016695040612061977
leaf_weight=213.34115481178742 753.30277282482712 369.93550570070511 509.06869562133215 362.57047604362015 53.06149631133303 65.62175442383159
leaf_count=2011 8544 6070 7586 3281 363 681
internal_value=-1.09692e-05 -0.000297083 -4.6568e-05 0.000242539 0.00079879 -4.60077e-05
internal_weight=2326.9 1092.35 879.004 1234.56 415.632 818.925
internal_count=28536 15667 13656 12869 3644 9225
is_linear=0
shrinkage=0.03


Tree=265
num_leaves=7
num_cat=0
split_feature=28 30 3 29 36 35
split_gain=0.2451 0.336307 0.31215 0.294277 0.260242 0.254263
threshold=0.5529184639453889 -1.0167216062545774 -0.31493732643588251 -6.2983288764953604 1.2981803357877115 1.8426681537003746
decision_type=8 10 2 8 10 10
left_child=1 4 -2 -4 -1 -3
right_child=2 5 3 -5 -6 -7
leaf_value=-0.00019689435989471879 -0.0015044326342601036 -0.0013563226961073548 0.0014193624880804699 0.00020127891681493554 0.0011402507312791655 0.00023100496852279719
leaf_weight=563.10540234151995 69.477420141571201 324.28299328952562 213.70485926960828 906.64966278022621 159.92526926036226 121.11189226759598
leaf_count=9162 929 3684 2292 9089 2204 1385
internal_value=1.69999e-05 -0.000290381 0.000318755 0.000444127 0.000110386 -0.000929102
internal_weight=2358.26 1168.43 1189.83 1120.35 723.031 445.395
internal_count=28745 16435 12310 11381 11366 5069
is_linear=0
shrinkage=0.03


Tree=266
num_leaves=7
num_cat=0
split_feature=14 12 7 30 15 20
split_gain=0.244941 0.240439 0.235846 0.222596 0.181217 0.273288
threshold=0.41385917847164688 2.1262134057663959 -0.10497029864169484 1.2404588460922243 1.5000000000000002 -0.059551082989045004
decision_type=2 2 2 8 2 2
left_child=2 -2 3 -1 -4 -6
right_child=1 -3 4 -5 5 -7
leaf_value=-0.00020973019925346137 -0.0026640555006846576 5.888157077547992e-05 0.00025877524149639205 -0.0025289977634536508 -0.0021496734313835582 1.634848377034885e-05
leaf_weight=111.43959241581615 50.142212584614754 55.881108433008194 1813.8743885536969 47.53969604964368 62.690895428677322 187.5047409532126
leaf_count=2608 206 232 21538 752 899 2249
internal_value=-3.58671e-06 -0.00134751 6.62562e-05 -0.00101188 0.000153775 -0.000588145
internal_weight=2329.07 106.023 2223.05 158.979 2064.07 250.196
internal_count=28484 438 28046 3360 24686 3148
is_linear=0
shrinkage=0.03


Tree=267
num_leaves=7
num_cat=0
split_feature=14 14 46 47 33 14
split_gain=0.190765 0.203927 0.274268 0.165904 0.214827 0.232418
threshold=0.028209123971929886 0.41385917847164688 11.500000000000002 9.5000000000000018 -1.8962197800477345 0.21367782318285913
decision_type=2 2 10 10 10 2
left_child=-1 3 -3 -2 -5 -6
right_child=1 2 -4 4 5 -7
leaf_value=-0.0012850799896263611 8.5088485901867877e-05 0.00044830204372229708 -0.0023882406178631637 0.0031117297710769711 -0.0006561604824819392 0.0022277361488271313
leaf_weight=85.231399007330765 2008.6271666456014 51.346763730049133 57.457757905125618 27.585590345785022 63.493596786633134 28.582691624760628
leaf_count=6458 20457 211 237 291 730 143
internal_value=3.02115e-05 8.58189e-05 -0.00112457 0.000152667 0.00119298 0.00036961
internal_weight=2322.32 2237.09 108.805 2128.29 119.662 92.0763
internal_count=28527 22069 448 21621 1164 873
is_linear=0
shrinkage=0.03


Tree=268
num_leaves=7
num_cat=0
split_feature=43 46 47 35 4 10
split_gain=0.18716 0.46387 0.308769 0.304968 0.351857 0.417855
threshold=1.0000000180025095e-35 31.500000000000004 7.5000000000000009 -3.9946261004855228 -0.17818859632036851 -0.012329485582221451
decision_type=2 10 8 10 2 2
left_child=2 -2 -1 4 -4 -6
right_child=1 -3 3 -5 5 -7
leaf_value=-0.00067901072650272199 0.0016603078520596535 -0.0002169137418019986 -0.0014319910672821125 5.2012727252157094e-06 0.0039896272451408468 0.00073380130211506058
leaf_weight=490.94567196475691 204.28205151681323 260.46255102555733 28.982037207402755 1174.616855827684 44.513164647098165 119.40937869640766
leaf_count=6738 2004 2527 479 14496 631 1546
internal_value=9.41823e-05 0.000625825 -4.14029e-05 0.000190768 0.00126476 0.00179648
internal_weight=2323.21 464.745 1858.47 1367.52 192.905 163.923
internal_count=28421 4531 23890 17152 2656 2177
is_linear=0
shrinkage=0.03


Tree=269
num_leaves=7
num_cat=0
split_feature=47 33 1 50 14 6
split_gain=0.265907 0.266401 0.361923 0.216805 0.266244 0.222571
threshold=4.5000000000000009 -0.60105953658664169 -0.014956600104410715 0.76388888888888895 0.19891925297071181 0.036121945402706954
decision_type=8 10 2 2 2 2
left_child=1 2 -1 -2 5 -5
right_child=3 -3 -4 4 -6 -7
leaf_value=0.00036674673416183862 1.6178827667106343e-05 8.6913427964422621e-05 -0.0045995446379141908 0.0003899426384917 -0.00029526142760338727 0.004249941826098883
leaf_weight=18.348870919377077 2138.5180075696844 51.580357698258013 27.15008387574926 25.264229212189093 44.169997364282608 25.396437977906317
leaf_count=316 26380 626 313 350 213 291
internal_value=1.18891e-05 -0.00144869 -0.00289152 8.15522e-05 0.00141361 0.00270659
internal_weight=2330.43 97.0793 45.499 2233.35 94.8307 50.6607
internal_count=28489 1255 629 27234 854 641
is_linear=0
shrinkage=0.03


Tree=270
num_leaves=7
num_cat=0
split_feature=24 49 8 14 10 10
split_gain=0.209999 0.193565 0.303977 0.147403 0.147323 0.265469
threshold=7.5000000000000009 1.0000000180025095e-35 -0.0083091337249836927 0.24035663890157938 -0.13167212107272711 -0.072786483350620185
decision_type=2 2 2 2 2 2
left_child=1 4 -3 -2 -1 -6
right_child=3 2 -4 -5 5 -7
leaf_value=0.0013136888398796269 0.0013490116278241609 -0.0011172875956254663 0.0023861512733209739 -0.00081954973734584653 -0.0012193652466622161 -0.00012275830988064067
leaf_weight=46.390632656170055 133.28834580699913 27.015410627238452 53.425017741741613 27.963805437088013 213.44196041006944 1823.4325019584503
leaf_count=701 1966 294 426 133 2948 21999
internal_value=-6.47881e-05 -0.000144206 0.0012161 0.00094705 -0.00020229 -0.000243066
internal_weight=2324.96 2163.71 80.4404 161.252 2083.27 2036.87
internal_count=28467 26368 720 2099 25648 24947
is_linear=0
shrinkage=0.03


Tree=271
num_leaves=7
num_cat=0
split_feature=31 47 22 5 14 26
split_gain=0.166606 0.284993 0.280806 0.219252 0.226162 0.196067
threshold=4.4362272322177896 9.5000000000000018 0.0098045582349376038 0.02352343265814056 0.34198608790104729 2.6536822319030766
decision_type=10 10 2 2 2 10
left_child=1 -1 3 4 -2 -5
right_child=2 -3 -4 5 -6 -7
leaf_value=-0.00028572993597239727 -7.4651523822712651e-05 0.0013803176113464429 0.0011304287116614853 0.00220894595638936 -0.0024398002625488665 -0.00088424064446683234
leaf_weight=1381.0853330166428 479.85709433813463 89.108979293261655 269.41823740190011 55.009919025236741 29.440556839108467 19.423075667815283
leaf_count=14261 8104 853 4119 802 125 219
internal_value=1.71343e-05 -0.000176107 0.000348321 -2.56166e-05 -0.000255722 0.00139266
internal_weight=2323.34 1470.19 853.149 583.731 509.298 74.433
internal_count=28483 15114 13369 9250 8229 1021
is_linear=0
shrinkage=0.03


Tree=272
num_leaves=7
num_cat=0
split_feature=49 11 20 28 36 35
split_gain=0.180368 0.13856 0.178793 0.156517 0.314222 0.158913
threshold=1.5000000000000002 0.12734043717877583 -0.001310291497256366 3.9447966814041142 -0.57468373819978691 -5.8023672352234517
decision_type=2 2 2 10 10 8
left_child=1 3 -3 5 -5 -1
right_child=-2 2 -4 4 -6 -7
leaf_value=0.0017468678643400722 0.0024376447750810593 -0.00077745671319498402 0.001966555964349598 -0.0013076431887035836 0.0023613293398781665 -0.00012682457750896463
leaf_weight=31.558539059653413 17.778572511393577 24.767674135917332 57.453318891581148 23.73189687076956 53.090630499646068 2117.3748275574908
leaf_count=494 124 290 580 222 445 26346
internal_value=3.4677e-05 5.7303e-06 0.0011453 -4.13004e-05 0.00120785 -9.13442e-05
internal_weight=2325.76 2307.98 82.221 2225.76 76.8225 2148.93
internal_count=28501 28377 870 27507 667 26840
is_linear=0
shrinkage=0.03


Tree=273
num_leaves=7
num_cat=0
split_feature=14 12 35 34 42 8
split_gain=0.342923 0.235618 0.251269 0.183645 0.158219 0.425844
threshold=0.34198608790104729 1.845192716743622 0.94995360914617788 -7.6496938218673067 2.5000000000000004 0.070186859550734601
decision_type=2 2 10 8 2 2
left_child=3 -2 -3 -1 -5 -6
right_child=1 2 -4 4 5 -7
leaf_value=0.001160190271156139 -0.002275655840823287 0.00085450440460072767 -0.0016376438540733498 -7.7433074070970361e-05 0.0023662914872560246 -0.0019832197535692348
leaf_weight=116.10095389401249 89.299740746617317 70.404261022806168 56.994536995887756 1923.2472753929324 61.089492750819772 19.701587367802858
leaf_count=2672 379 294 239 24089 633 190
internal_value=-6.86293e-05 -0.00117768 -0.000298455 4.97233e-05 -2.00511e-05 0.00120401
internal_weight=2336.84 216.699 127.399 2120.14 2004.04 80.7911
internal_count=28496 912 533 27584 24912 823
is_linear=0
shrinkage=0.03


Tree=274
num_leaves=7
num_cat=0
split_feature=37 10 47 10 28 14
split_gain=0.199527 0.24018 0.187709 0.196161 0.212751 0.183911
threshold=-6.0137545348643657 0.069683738080011104 4.5000000000000009 -0.13167212107272711 0.057958602905273444 0.14924655638993792
decision_type=8 2 8 2 8 2
left_child=1 -1 5 4 -4 -2
right_child=2 -3 3 -5 -6 -7
leaf_value=0.002442034220708027 0.00018209432728470121 -0.0014172461751262757 -0.00052393197290610035 6.8613582041876313e-05 0.0031108004141551346 -0.0023442861666852495
leaf_weight=52.346866560459603 45.428207583958283 11.713740972831145 18.993508076760918 2126.477115770831 29.204633542802185 46.546749398112297
leaf_count=1355 886 270 339 25029 356 271
internal_value=0.000107817 0.00164027 5.74923e-05 0.000115971 0.00183455 -0.00120097
internal_weight=2330.71 64.0606 2266.65 2174.68 48.1981 91.975
internal_count=28506 1625 26881 25724 695 1157
is_linear=0
shrinkage=0.03


Tree=275
num_leaves=7
num_cat=0
split_feature=27 9 29 5 4 9
split_gain=0.213223 0.398002 0.33746 0.27022 0.251234 0.196156
threshold=2.4085525274276738 0.02024585362907461 -4.8170106410980216 0.025936532023152926 -0.17155372068330851 0.066198938911122954
decision_type=8 2 10 2 2 2
left_child=-1 -2 3 4 -3 -6
right_child=1 2 -4 -5 5 -7
leaf_value=0.00015986691670437115 -0.0014814559897473006 -0.00099086668929053651 -0.0017523854824003544 -0.0015571754004571614 0.003471252149615231 0.00077163695953013029
leaf_weight=1947.0766630041471 204.70172962592915 21.486238135956228 40.589875064091757 21.204962318239268 46.410110520664603 55.57002632250078
leaf_count=23701 2863 275 401 199 503 580
internal_value=3.10039e-05 -0.000600317 0.000399295 0.00107725 0.00161248 0.00220048
internal_weight=2337.04 389.963 185.261 144.671 123.466 101.98
internal_count=28522 4821 1958 1557 1358 1083
is_linear=0
shrinkage=0.03


Tree=276
num_leaves=7
num_cat=0
split_feature=43 8 46 34 40 3
split_gain=0.181605 0.287886 0.316337 0.196994 0.181744 0.267349
threshold=1.0000000180025095e-35 -0.0055960635758254612 41.500000000000007 2.1803887486457829 2.5000000000000004 -0.086472677284762892
decision_type=2 2 10 8 2 2
left_child=4 3 -3 -2 -1 -6
right_child=1 2 -4 -5 5 -7
leaf_value=3.5668411693701738e-05 0.00025585164587091223 0.0020489874911459654 4.5305450714106168e-05 -0.001891042825053816 -0.0016332509275433929 0.00088889834573513805
leaf_weight=1679.8726216373325 134.8526474731043 154.51546264381614 125.45218502578791 42.801931612426415 127.10785773623502 44.903699489193968
leaf_count=21530 1602 1375 1130 390 1838 506
internal_value=7.13877e-05 0.000599708 0.00118367 -0.000334604 -6.16863e-05 -0.000962179
internal_weight=2309.51 457.622 279.968 177.655 1851.88 172.012
internal_count=28371 4497 2505 1992 23874 2344
is_linear=0
shrinkage=0.03


Tree=277
num_leaves=7
num_cat=0
split_feature=4 4 10 1 12 23
split_gain=0.132681 0.192584 0.162586 0.303835 0.245223 0.151661
threshold=-0.20708680384658804 -0.19594458520539185 -0.13167212107272711 -0.028565848912986497 0.90457231434764562 0.14230593836560249
decision_type=2 2 2 2 2 2
left_child=2 -2 4 -4 -1 -5
right_child=1 -3 3 5 -6 -7
leaf_value=-0.00088283200017861771 0.0016181220124603566 -9.299554946589783e-05 0.00020947382480227637 -0.0029555297860351186 0.002894488313985887 -0.00026449044078616211
leaf_weight=31.236001720855711 50.938221046933904 2070.5282458738075 74.657489996781806 67.116207686573034 15.416301507502792 27.73759912175592
leaf_count=658 671 24760 1242 861 93 262
internal_value=-0.000118366 -4.45113e-05 -0.000809167 -0.00122648 0.000655979 -0.00226888
internal_weight=2337.63 2121.47 216.164 169.511 46.6523 94.8538
internal_count=28547 25431 3116 2365 751 1123
is_linear=0
shrinkage=0.03


Tree=278
num_leaves=7
num_cat=0
split_feature=9 34 46 22 28 47
split_gain=0.265458 0.207964 0.279317 0.278597 0.198373 0.254341
threshold=0.10632669663453077 -7.7976580858230582 148.50000000000003 0.018034741916913954 0.93899044394493114 8.5000000000000018
decision_type=2 10 8 2 10 8
left_child=4 3 -3 -2 5 -1
right_child=1 2 -4 -5 -6 -7
leaf_value=-0.00090834646757265104 0.0041194214629557899 0.001437982221383929 -0.00039057553561970467 -0.00031063185099002981 0.00017932962961118913 -6.4385687538400779e-05
leaf_weight=580.52213368823868 22.602053972426802 115.68182204372715 179.33332300104667 18.855718486593105 688.62694194429787 708.75195265034563
leaf_count=8061 288 1153 1840 308 6804 9953
internal_value=-9.69182e-05 0.000669944 0.000350079 0.00243575 -0.000230088 -0.000448463
internal_weight=2314.37 336.473 295.015 41.4578 1977.9 1289.27
internal_count=28407 3589 2993 596 24818 18014
is_linear=0
shrinkage=0.03


Tree=279
num_leaves=7
num_cat=0
split_feature=0 39 42 8 46 28
split_gain=0.22276 0.399573 0.285956 0.240439 0.243392 0.237053
threshold=0.0077839355500756722 1.5000000000000002 2.5000000000000004 0.23216899988254566 10.500000000000002 0.44573460519313818
decision_type=2 2 2 2 8 10
left_child=2 -2 3 4 -1 -3
right_child=1 5 -4 -5 -6 -7
leaf_value=-0.0020910389799491495 -0.0017232760235798719 2.5112960378736246e-05 0.0016511977937174347 0.0021166865948558352 -0.00028874648355839118 0.0010537068285556737
leaf_weight=61.574371679569595 65.464183509349823 385.93961716242484 59.394713344750926 25.659730969928205 1308.2521105440101 413.44788492220687
leaf_count=842 548 4617 632 315 17823 3666
internal_value=-6.07497e-06 0.000372735 -0.000232265 -0.000323607 -0.000384328 0.000563553
internal_weight=2319.73 864.852 1454.88 1395.49 1369.83 799.388
internal_count=28443 8831 19612 18980 18665 8283
is_linear=0
shrinkage=0.03


Tree=280
num_leaves=7
num_cat=0
split_feature=28 15 47 7 39 35
split_gain=0.207537 0.284048 0.277121 0.268103 0.267476 0.250025
threshold=0.40760128200054174 1.5000000000000002 5.5000000000000009 -0.016281289747916691 1.5000000000000002 -1.7172787432662313
decision_type=10 2 8 2 2 10
left_child=1 2 4 -3 -1 -6
right_child=-2 3 -4 -5 5 -7
leaf_value=-0.003497825302752194 0.0003318046924459356 0.00060066424668488085 0.00010675039117955459 -0.0021575383405069738 0.0016409066860908076 -0.0012697918290027037
leaf_weight=27.032945794227999 1035.5320504663396 38.425703283865005 1007.9602633733011 107.25488496286562 27.081634780624881 87.13604870630661
leaf_count=372 10302 750 13913 1483 460 1182
internal_value=1.69439e-05 -0.000235465 -7.19129e-05 -0.00143816 -0.00126961 -0.000503109
internal_weight=2330.42 1294.89 1149.21 145.681 141.251 114.218
internal_count=28462 18160 15927 2233 2014 1642
is_linear=0
shrinkage=0.03


Tree=281
num_leaves=7
num_cat=0
split_feature=6 29 35 29 23 51
split_gain=0.188617 0.189284 0.18111 0.196514 0.159254 0.160083
threshold=0.45295549498803406 -4.2608954906463614 -3.9946261004855228 -1.6546016931533811 0.89400588103304024 0.63333333333333341
decision_type=2 10 8 8 2 2
left_child=2 -2 3 -1 5 -4
right_child=1 -3 4 -5 -6 -7
leaf_value=0.0022477387940210642 0.0033468683825518984 0.0001885443411744264 -0.00023611866019099229 -8.9611949763473847e-05 0.0017169637834758796 0.00067860890716210632
leaf_weight=52.341120100929402 19.574034528865013 43.482239286298864 1939.3522016408097 65.818399410462007 31.704094254295342 179.22004631336313
leaf_count=756 226 400 24191 926 336 1638
internal_value=-7.63236e-06 0.00149288 -5.57116e-05 0.00104036 -0.000120479 -0.000155913
internal_weight=2331.49 63.0563 2268.44 118.16 2150.28 2118.57
internal_count=28473 626 27847 1682 26165 25829
is_linear=0
shrinkage=0.03


Tree=282
num_leaves=7
num_cat=0
split_feature=11 20 35 35 35 2
split_gain=0.12613 0.191326 0.208638 0.165468 0.14429 0.15665
threshold=0.1237091212798322 -0.046564305608116884 0.49778369494846891 -0.99848857363968169 6.2776671499079031 -0.034696892541522736
decision_type=2 2 10 8 10 2
left_child=4 -2 3 -3 5 -1
right_child=1 2 -4 -5 -6 -7
leaf_value=6.1087716345646314e-05 -0.0011512622738556624 0.00053216807166804798 -0.00018404803759792393 0.0043658851788795396 0.0020818598696763163 -0.00057437295197781859
leaf_weight=1796.5382268762769 19.781327281525591 20.097738154348917 29.689603423001245 19.935890797059983 18.618861848663073 422.9222484282509
leaf_count=22150 239 222 279 227 192 5100
internal_value=1.12945e-05 0.00105646 0.00174866 0.0029323 -3.5017e-05 -6.20336e-05
internal_weight=2327.58 89.5046 69.7232 40.0336 2238.08 2219.46
internal_count=28409 967 728 449 27442 27250
is_linear=0
shrinkage=0.03


Tree=283
num_leaves=7
num_cat=0
split_feature=9 27 28 29 29 33
split_gain=0.182105 0.16556 0.197348 0.184823 0.165904 0.232926
threshold=0.1977487668536668 2.7587355375289921 4.1199619770050058 -2.0818822383880611 -1.0521015524864195 -1.0379841725031531
decision_type=2 10 10 10 8 10
left_child=1 2 4 -4 -1 -6
right_child=-2 -3 3 -5 5 -7
leaf_value=-0.0003444094849117709 0.0014042873813967709 -0.0011383377508483567 0.002926364046417182 -0.00015095430616978374 -0.0002679775427505199 0.00067013106094700008
leaf_weight=1140.884501929977 63.276350642729085 124.01796385284979 28.125079264864326 30.845121504971758 478.59239535799134 456.41129620920401
leaf_count=14836 784 1456 266 248 6010 4902
internal_value=-6.81796e-05 -0.000115434 -5.09817e-05 0.00152823 -0.000102954 0.000192195
internal_weight=2322.15 2258.88 2134.86 58.9702 2075.89 935.004
internal_count=28502 27718 26262 514 25748 10912
is_linear=0
shrinkage=0.03


Tree=284
num_leaves=7
num_cat=0
split_feature=5 11 28 29 28 26
split_gain=0.169385 0.227841 0.230212 0.170683 0.254709 0.304101
threshold=-0.17143440956543396 -0.17568712271944514 -0.9370288848876952 -4.6029348373413077 0.93899044394493114 -0.46634973585605616
decision_type=2 2 10 10 8 8
left_child=1 -1 -3 4 -2 -6
right_child=3 2 -4 -5 5 -7
leaf_value=0.00078203168241840269 -0.00021979133513316668 -0.0036336552223558928 -0.00061168157109452084 -0.00014904693894076063 0.0023018825231719952 0.00043635845389629411
leaf_weight=39.863323446654249 342.65013461746275 27.744974734494463 70.230437844293192 1382.0191388465464 92.335379240335897 371.05022307822946
leaf_count=679 5334 497 879 15836 967 4257
internal_value=-1.30058e-05 -0.000995903 -0.00172472 5.31619e-05 0.000397445 0.000848861
internal_weight=2325.89 137.839 97.9754 2188.05 806.036 463.386
internal_count=28449 2055 1376 26394 10558 5224
is_linear=0
shrinkage=0.03


Tree=285
num_leaves=7
num_cat=0
split_feature=31 46 31 29 30 39
split_gain=0.190803 0.245283 0.263635 0.320358 0.250125 0.20904
threshold=0.57824797928333294 49.500000000000007 -3.0940451323986049 6.6445443630218515 3.6068795919418339 2.5000000000000004
decision_type=8 8 10 10 10 2
left_child=1 4 3 -3 -1 -4
right_child=-2 2 5 -5 -6 -7
leaf_value=0.001116673873577351 0.00014383801946213603 0.0020075854965720349 -0.0028297012105274401 -0.0017244737110119065 -0.0017366752771644843 -0.00084199142648492045
leaf_weight=117.90347948088311 1811.2731315402198 46.174395591020584 54.302630754187703 23.546003822702914 25.794034081511199 251.16227089799941
leaf_count=993 24156 375 398 217 183 2248
internal_value=-1.83567e-06 -0.000503446 -0.000900678 0.000688979 0.000524822 -0.00127385
internal_weight=2330.16 518.883 375.185 69.7204 143.698 305.465
internal_count=28570 4414 3238 592 1176 2646
is_linear=0
shrinkage=0.03


Tree=286
num_leaves=7
num_cat=0
split_feature=47 35 14 24 49 5
split_gain=0.161818 0.262326 0.247166 0.213257 0.171887 0.233524
threshold=4.5000000000000009 2.5682234073328414 0.15944823247473108 1.5000000000000002 1.0000000180025095e-35 -0.050751970908741492
decision_type=8 10 2 2 2 2
left_child=1 2 3 -1 -2 -6
right_child=4 -3 -4 -5 5 -7
leaf_value=-0.0024087711026433032 3.0489742111359438e-06 0.0016966651319088109 -0.003355331160952553 0.001165407169425645 -0.0004537560910068746 0.0025974800324190263
leaf_weight=13.852400994801426 2177.7999505910266 15.756535870488731 36.295563630759716 30.754487649654038 34.486024461686611 43.759493724093772
leaf_count=306 26774 178 204 581 300 376
internal_value=1.91637e-06 -0.00114005 -0.00181839 -0.000182384 5.56582e-05 0.00135365
internal_weight=2352.7 96.659 80.9025 44.6069 2256.05 78.2455
internal_count=28719 1269 1091 887 27450 676
is_linear=0
shrinkage=0.03


Tree=287
num_leaves=7
num_cat=0
split_feature=14 2 42 36 6 31
split_gain=0.189788 0.242615 0.250025 0.29962 0.246206 0.286635
threshold=0.34198608790104729 -0.15614127591284491 2.5000000000000004 2.7876076712760902 0.048486755330698669 1.2116855680942538
decision_type=2 2 2 8 2 8
left_child=1 2 3 -1 -3 -6
right_child=-2 4 -4 -5 5 -7
leaf_value=-0.00031594076553839587 -0.00088436163617909623 -0.00013139759015279331 0.0021018656809587335 -0.0022221299434719384 -0.00031549218109088654 0.0010078729681864459
leaf_weight=527.86711003872915 217.0260703265667 779.78677718140534 22.980588832870126 77.370956031314563 199.87550175143406 510.71087235046434
leaf_count=8618 914 9983 272 1247 1669 5812
internal_value=-5.9991e-05 2.82145e-05 -0.000461853 -0.000591777 0.000236488 0.000636421
internal_weight=2335.62 2118.59 628.219 605.238 1490.37 710.586
internal_count=28515 27601 10137 9865 17464 7481
is_linear=0
shrinkage=0.03


Tree=288
num_leaves=7
num_cat=0
split_feature=29 28 30 2 2 0
split_gain=0.194121 0.299236 0.258746 0.254933 0.330158 0.238872
threshold=-4.8170106410980216 2.8385466337203984 5.5368864536285409 -0.061404001813750983 0.027822040756608081 0.012392890653151691
decision_type=8 10 10 2 2 2
left_child=1 2 -1 -2 5 -5
right_child=3 -3 -4 4 -6 -7
leaf_value=0.00043351073052604012 4.0069791518070147e-05 0.0021502399179331479 -0.0014166427014445154 -0.001887075947086941 0.00039924386218769773 -0.00018272231504743412
leaf_weight=477.81142044189619 1251.7781085640599 69.707843257405329 69.178248898708262 206.09182626919937 144.23140307777794 116.09882782603381
leaf_count=6975 15079 638 700 2560 1534 1126
internal_value=-2.04668e-05 0.000431939 0.000178287 -0.000184404 -0.000775041 -0.00129691
internal_weight=2334.9 616.698 546.99 1718.2 466.422 322.191
internal_count=28612 8313 7675 20299 5220 3686
is_linear=0
shrinkage=0.03


Tree=289
num_leaves=7
num_cat=0
split_feature=24 35 10 35 8 49
split_gain=0.212406 0.196134 0.172327 0.286307 0.318867 0.193367
threshold=7.5000000000000009 -1.2991519282261528 -0.071381563725995315 -2.4859137990408473 -0.039400272806614518 1.0000000180025095e-35
decision_type=2 10 2 10 2 2
left_child=2 -2 3 4 -1 -4
right_child=1 -3 5 -5 -6 -7
leaf_value=0.00081273505195642948 0.0024053750161082163 0.00023068687916344169 -8.7131204788614374e-05 -0.00025439370793675094 -0.0035492564934782194 0.0013986409197824401
leaf_weight=16.268971481069457 47.183186134032439 114.6207919199951 1825.6672026668239 217.7962557830615 45.745120904932264 72.375427795224823
leaf_count=315 661 1435 22030 2922 653 624
internal_value=-4.80448e-05 0.000967937 -0.000127606 -0.000808991 -0.00245096 -2.3443e-05
internal_weight=2339.66 161.804 2177.85 279.81 62.0141 1898.04
internal_count=28640 2096 26544 3890 968 22654
is_linear=0
shrinkage=0.03


Tree=290
num_leaves=7
num_cat=0
split_feature=37 33 12 5 7 46
split_gain=0.159741 0.256239 0.261855 0.196735 0.241985 0.190113
threshold=-2.64727548992995 -0.85887560745080294 0.55803047731793887 -0.16809133489906505 -0.035885995824340898 18.500000000000004
decision_type=8 10 2 2 2 8
left_child=1 5 -3 4 -2 -1
right_child=3 2 -4 -5 -6 -7
leaf_value=0.0019861329556955473 0.00064956420899399858 0.00036649909445197109 0.0029460278046872339 -3.855092132424935e-05 -0.0019937945388445854 -0.00091023077777702621
leaf_weight=15.426539733773096 39.358615524368361 87.438272969040554 53.633206944912672 1948.8518388890079 90.518436639686115 97.402484867401654
leaf_count=334 702 2115 380 21754 1060 2254
internal_value=-2.90065e-05 0.000666598 0.00147729 -0.000116754 -0.00120357 -0.000384767
internal_weight=2332.63 253.901 141.071 2078.73 129.877 112.829
internal_count=28599 5083 2495 23516 1762 2588
is_linear=0
shrinkage=0.03


Tree=291
num_leaves=7
num_cat=0
split_feature=28 10 3 50 1 11
split_gain=0.18669 0.382759 0.358713 0.265103 0.301623 0.188907
threshold=3.8115005493164067 -0.046094621675032213 -0.18522079844535114 0.9545454545454547 -0.011126686391873758 0.047275014842194304
decision_type=8 2 2 2 2 2
left_child=-1 2 -2 4 -3 -6
right_child=1 3 -4 -5 5 -7
leaf_value=-7.7819433202106018e-05 0.0016007566514350414 -0.00051784421583255078 -0.0025789933975167282 -0.0010565453317424669 0.0026927143496399695 0.00034738650996314613
leaf_weight=2015.3789307081461 19.898678388795815 44.210979333787691 44.068224192771595 32.571402093861252 127.96103025309276 44.044359844876453
leaf_count=24947 315 514 515 238 1494 480
internal_value=2.90905e-05 0.00069908 -0.00123814 0.00122576 0.00160108 0.00214424
internal_weight=2328.13 312.755 63.9669 248.788 216.216 172.005
internal_count=28503 3556 830 2726 2488 1974
is_linear=0
shrinkage=0.03


Tree=292
num_leaves=7
num_cat=0
split_feature=9 4 10 14 23 24
split_gain=0.183894 0.184399 0.223396 0.327053 0.178212 0.238678
threshold=0.20620103298965517 -0.20708680384658804 -0.12795175703621778 0.15615506158883916 -0.30827912751255176 7.5000000000000009
decision_type=2 2 2 2 2 2
left_child=1 2 3 -1 -3 -6
right_child=-2 4 -4 -5 5 -7
leaf_value=-0.001115883670890344 0.0016088125652718131 -0.00056638241969408942 -0.0014353097208950965 0.002948144257193083 8.2932493783923226e-05 0.0014859786491836873
leaf_weight=32.765876002202276 53.122757056204136 337.37141981357126 151.3238452563528 21.30711779743433 1619.1541705632844 107.13953948917333
leaf_count=709 674 4811 2199 123 18633 1275
internal_value=1.15817e-05 -3.27073e-05 -0.000868042 0.000695709 5.42188e-05 0.000178067
internal_weight=2322.18 2269.06 205.397 54.073 2063.67 1726.29
internal_count=28424 27750 3031 832 24719 19908
is_linear=0
shrinkage=0.03


Tree=293
num_leaves=7
num_cat=0
split_feature=26 4 27 37 30 11
split_gain=0.192966 0.143104 0.286374 0.243829 0.21718 0.145178
threshold=-7.4371142387390128 -0.20708680384658804 1.3969861268997195 0.38832939524436383 -3.3860368728637691 0.025522680899316499
decision_type=8 2 10 8 10 2
left_child=-1 2 3 4 -2 -3
right_child=1 5 -4 -5 -6 -7
leaf_value=0.0022197198314863617 -0.0013058468552719187 -0.00019021021956203556 0.0013412350900045198 -0.0020776664154717101 0.0017989485429802461 0.00033697928544720195
leaf_weight=23.012341438792646 32.527289107994875 1390.3453241962998 36.930874751589727 114.44180293922545 28.890320543170674 697.72746031577117
leaf_count=406 768 16774 487 1393 456 8233
internal_value=-5.81728e-05 -9.04624e-05 -0.000813212 -0.00131347 0.000202017 -1.32839e-05
internal_weight=2323.88 2300.86 212.79 175.859 61.4176 2088.07
internal_count=28517 28111 3104 2617 1224 25007
is_linear=0
shrinkage=0.03


Tree=294
num_leaves=7
num_cat=0
split_feature=14 36 47 2 24 34
split_gain=0.220098 0.256758 0.199484 0.184866 0.192704 0.183171
threshold=0.41385917847164688 0.3162002311253444 4.5000000000000009 -0.2868854246054367 3.5000000000000004 -8.1049404939015677
decision_type=2 10 8 2 2 8
left_child=2 -2 -1 4 -4 -5
right_child=1 -3 3 5 -6 -7
leaf_value=-0.0013362339205699875 -0.002620773395168547 0.00016191369601358121 -0.0019909002220834418 0.0014090717863702198 0.00032368609396936382 6.224000504067125e-05
leaf_weight=86.778688359307125 53.947201542556286 53.901165783405304 67.705772853165399 85.433775282552233 51.297109377366723 1933.8498933700612
leaf_count=1187 223 223 1716 1776 1218 22187
internal_value=-7.08386e-05 -0.0013343 -3.90329e-06 5.61354e-05 -0.00104543 0.000125886
internal_weight=2332.91 107.848 2225.07 2138.29 119.003 2019.28
internal_count=28530 446 28084 26897 2934 23963
is_linear=0
shrinkage=0.03


Tree=295
num_leaves=7
num_cat=0
split_feature=43 46 2 1 42 46
split_gain=0.222144 0.333991 0.357 0.308617 0.271867 0.204071
threshold=1.0000000180025095e-35 21.500000000000004 -0.043662164216163528 -0.013980800750291447 1.5000000000000002 20.500000000000004
decision_type=2 10 2 2 2 8
left_child=5 2 3 -2 -5 -1
right_child=1 -3 -4 4 -6 -7
leaf_value=-0.0010691777686893404 0.0030046664256523255 6.3773359280531718e-05 0.0044024702221025971 -0.00193311410928278 0.0011216242496310594 6.3888632412892312e-06
leaf_weight=165.01261548994808 32.46602169284597 312.64064691390377 26.326468909159303 33.263665622565895 56.614280085079372 1708.6511517566687
leaf_count=2461 416 3059 259 306 481 21550
internal_value=5.24703e-05 0.000634784 0.00175587 0.000896745 -8.92831e-05 -9.35089e-05
internal_weight=2334.97 461.311 148.67 122.344 89.8779 1873.66
internal_count=28532 4521 1462 1203 787 24011
is_linear=0
shrinkage=0.03


Tree=296
num_leaves=7
num_cat=0
split_feature=14 27 4 30 5 11
split_gain=0.174303 0.26953 0.145806 0.307568 0.270201 0.229035
threshold=0.41385917847164688 2.170499989185811e-14 -0.059176521519506295 -5.3898866176605216 0.038396215924252984 0.020519044572665252
decision_type=2 10 2 10 2 2
left_child=2 -2 -1 5 -5 -4
right_child=1 -3 3 4 -6 -7
leaf_value=-9.89786953329081e-05 -0.0025865923308466669 0.00023844740760334379 0.0023760390081669744 -0.00021090310025277044 0.0021061655379612512 -0.00019145833576770157
leaf_weight=1649.245835304464 48.516269236803055 60.060050196945667 96.169816701993113 395.04841146478429 41.003708607051522 42.328060198342428
leaf_count=21145 200 248 1438 4504 393 659
internal_value=-1.47888e-05 -0.00113557 4.47719e-05 0.000452042 4.93133e-05 0.0016313
internal_weight=2332.37 108.576 2223.8 574.55 436.052 138.498
internal_count=28587 448 28139 6994 4897 2097
is_linear=0
shrinkage=0.03


Tree=297
num_leaves=7
num_cat=0
split_feature=8 28 23 24 10 18
split_gain=0.174679 0.284966 0.125872 0.250093 0.242147 0.303682
threshold=0.23216899988254566 1.8467716574668886 -0.31970166604574041 2.5000000000000004 -0.052888014443342922 1.0000000180025095e-35
decision_type=2 8 2 2 2 2
left_child=2 -2 -1 4 -4 -6
right_child=1 -3 3 -5 5 -7
leaf_value=-0.00053567894441062158 -0.00010045469153580601 0.0037822964627718322 -0.0011137307565770034 0.00047603645436935946 0.00015056728138898885 -0.0017624635723257434
leaf_weight=381.83109850031906 40.876285129459575 18.542820920236409 212.14244113670429 753.51336922540213 868.140518683751 71.624696419807151
leaf_count=5598 491 168 2854 8391 10466 671
internal_value=-1.11896e-06 0.00148153 -4.59173e-05 5.45113e-05 -0.000222951 -1.22571e-05
internal_weight=2346.67 59.4191 2287.25 1905.42 1151.91 939.765
internal_count=28639 659 27980 22382 13991 11137
is_linear=0
shrinkage=0.03


Tree=298
num_leaves=7
num_cat=0
split_feature=7 7 33 40 2 40
split_gain=0.216265 0.200854 0.295728 0.248376 0.648324 0.233757
threshold=-0.10750770994707606 0.0034887357793136607 -1.3182249069213865 2.5000000000000004 -0.11149064220805976 3.5000000000000004
decision_type=2 2 8 2 2 2
left_child=-1 -2 -3 -4 -5 -6
right_child=1 2 3 4 5 -7
leaf_value=-0.0010800595555863269 0.0004231053393580246 -0.00094675501545747891 0.00027496708891869059 -0.003101026104284164 -0.00050688202099424503 0.0023974630541325585
leaf_weight=152.36701043869834 818.69940885649703 322.84093580310582 884.40599723704509 63.099405710352585 56.469254373805597 31.154168707784265
leaf_count=3259 10739 3680 9286 729 554 300
internal_value=-2.37855e-05 5.47549e-05 -0.000168788 8.05858e-05 -0.00100614 0.000665553
internal_weight=2329.04 2176.67 1357.97 1035.13 150.723 87.6234
internal_count=28547 25288 14549 10869 1583 854
is_linear=0
shrinkage=0.03


Tree=299
num_leaves=7
num_cat=0
split_feature=11 8 8 31 31 23
split_gain=0.16872 0.226286 0.169966 0.322534 0.240508 0.283873
threshold=0.12734043717877583 0.099301723458525434 0.041646812470044793 1.2116855680942538 1.5793609470129015 0.50463307021977366
decision_type=2 2 2 10 10 2
left_child=2 -2 -1 -4 -5 -6
right_child=1 -3 3 4 5 -7
leaf_value=0.00016628710477640846 -0.00020504462697929163 0.0027210535705329952 -0.0011331629124108841 0.0024594185551602855 -0.00032912617779414064 0.0019122427717147541
leaf_weight=1416.6923353876045 45.092268559266813 37.45532443781849 303.89974016218912 25.670217941515148 459.52325846266467 47.052225623629056
leaf_count=18550 491 385 2709 239 5607 543
internal_value=1.77653e-05 0.00127321 -3.36594e-05 -0.000370393 7.79966e-05 -8.79536e-05
internal_weight=2335.39 82.5476 2252.84 836.145 532.246 506.575
internal_count=28524 876 27648 9098 6389 6150
is_linear=0
shrinkage=0.03


Tree=300
num_leaves=7
num_cat=0
split_feature=33 7 46 8 3 14
split_gain=0.166366 0.237767 0.238997 0.222824 0.199845 0.190851
threshold=-2.4166255990664163 -0.0067328699285319812 169.50000000000003 -0.037167233584711849 -0.26107505608488119 0.1288802892705383
decision_type=8 2 8 2 2 2
left_child=1 2 -1 -4 -3 -6
right_child=-2 4 3 -5 5 -7
leaf_value=0.0017942830665229397 1.8990347113798177e-05 0.0011829660244183206 0.0013372587220393879 -0.0025185909926337051 -0.00029027030332212037 -0.0024271624905134485
leaf_weight=46.275670351926237 2066.7773974526499 17.816780786233721 14.295750052202491 23.949166935999529 61.27497865841724 101.67294801771641
leaf_count=869 24853 325 340 351 1243 585
internal_value=-7.31971e-05 -0.000766009 0.000507404 -0.00109886 -0.00135681 -0.00168685
internal_weight=2332.06 265.285 84.5206 38.2449 180.765 162.948
internal_count=28566 3713 1560 691 2153 1828
is_linear=0
shrinkage=0.03


Tree=301
num_leaves=7
num_cat=0
split_feature=4 21 11 24 33 33
split_gain=0.205761 0.220239 0.212453 0.156372 0.156911 0.152205
threshold=-0.21700945588984474 1.0000000180025095e-35 0.0025408093865052156 2.5000000000000004 0.31340359648068755 -1.1851770554979639
decision_type=2 2 2 2 10 8
left_child=1 2 -1 4 5 -3
right_child=-2 3 -4 -5 -6 -7
leaf_value=0.0018321551941047889 7.1741916188766458e-05 -0.00075043933604914542 -0.0011260465693283589 -0.00046938758743462745 -0.00018927615442726776 -0.0048063169030227145
leaf_weight=33.502649765345268 2155.3600663172838 17.029714704753133 34.491798703325912 58.808828856941545 18.150711289490573 22.419786377053242
leaf_count=446 25908 324 454 863 243 366
internal_value=-1.22478e-05 -0.000947135 0.000379563 -0.00169078 -0.0026839 -0.00356129
internal_weight=2339.76 184.403 67.9944 116.409 57.6002 39.4495
internal_count=28604 2696 900 1796 933 690
is_linear=0
shrinkage=0.03


Tree=302
num_leaves=7
num_cat=0
split_feature=47 34 31 24 14 14
split_gain=0.203684 0.265215 0.19363 0.16718 0.163814 0.147989
threshold=9.5000000000000018 0.72644272446632396 2.1767696887254719 7.5000000000000009 0.24035663890157938 0.027661524865742027
decision_type=10 8 10 2 2 2
left_child=3 -2 -3 5 -5 -1
right_child=1 2 -4 4 -6 -7
leaf_value=-0.0014380345869054265 -5.4999817937585819e-05 0.0038142664980579184 0.00017908002415264446 0.0012244677127765055 -0.0010978150520842369 -0.00012642056911869165
leaf_weight=70.786079848621739 80.098118801310193 29.428502220660448 21.360679273027927 132.50878861395177 25.583726778626442 1961.6968388725072
leaf_count=5512 998 275 218 1938 122 19310
internal_value=-3.38636e-05 0.00107214 0.00256636 -0.00010452 0.000805705 -0.000178918
internal_weight=2321.46 130.887 50.7892 2190.58 158.093 2032.48
internal_count=28373 1491 493 26882 2060 24822
is_linear=0
shrinkage=0.03


Tree=303
num_leaves=7
num_cat=0
split_feature=12 7 22 35 23 36
split_gain=0.177196 0.300235 0.201592 0.247468 0.219279 0.27707
threshold=1.0400263595865538 0.096806895507574001 0.06174024338956937 4.4047221583388163 -0.30827912751255176 0.33133616556447987
decision_type=2 2 2 8 2 10
left_child=-1 2 3 4 5 -2
right_child=1 -3 -4 -5 -6 -7
leaf_value=0.00019031447860847351 -0.002218826125220172 -0.0014754357473234496 -0.001130536114600003 -0.0012680534074031649 0.00073540906121616594 0.00081892792247569078
leaf_weight=1495.5426775999513 47.631314467638731 160.81379245966673 121.22853504493833 81.281900145113468 397.24056586995721 43.362941361963749
leaf_count=23949 285 837 680 469 2213 258
internal_value=-6.06346e-06 -0.000349156 -6.96316e-05 0.000171806 0.000432156 -0.000833448
internal_weight=2347.1 851.559 690.745 569.517 488.235 90.9943
internal_count=28691 4742 3905 3225 2756 543
is_linear=0
shrinkage=0.03


Tree=304
num_leaves=7
num_cat=0
split_feature=31 14 15 24 3 25
split_gain=0.209405 0.355182 0.211802 0.182616 0.178896 0.172233
threshold=3.3011938333511357 0.41385917847164688 1.5000000000000002 2.5000000000000004 -0.15414337402534808 0.89907671907406439
decision_type=8 2 2 2 2 2
left_child=5 2 -2 4 -4 -1
right_child=1 -3 3 -5 -6 -7
leaf_value=-0.00046875454976141851 0.00041677903622756981 -0.0024094884976306303 -0.0030272844296584511 0.00039142055685084085 -0.00032810203255948808 0.0014722375531445598
leaf_weight=1017.2592677430948 1089.4421809226624 36.226165249943733 33.378752874443308 67.398623110202607 50.7289040988544 33.304260334640276
leaf_count=9489 16041 149 640 1001 730 376
internal_value=-8.20815e-05 0.000175495 0.000269615 -0.000748885 -0.00160715 -0.000393921
internal_weight=2327.74 1277.17 1240.95 151.506 84.1077 1050.56
internal_count=28426 18561 18412 2371 1370 9865
is_linear=0
shrinkage=0.03


Tree=305
num_leaves=7
num_cat=0
split_feature=14 12 51 39 30 30
split_gain=0.179404 0.243269 0.216126 0.233196 0.231705 0.20602
threshold=0.34198608790104729 1.9024477967103091 0.63333333333333341 4.5000000000000009 1.6228690147399905 0.55298206210136425
decision_type=2 2 2 2 8 10
left_child=2 -2 -1 4 -4 -3
right_child=1 5 3 -5 -6 -7
leaf_value=3.2183252498781446e-05 -0.0017896647602491733 0.0013846923452182414 0.0035851360374298705 0.00016401054379492331 9.9798403741576652e-05 -0.00092951969053201825
leaf_weight=1954.2784078947443 98.621568478643894 54.920124530792236 39.804008357925341 101.87071208236739 27.091939446516335 64.387952506542206
leaf_count=25891 419 229 382 1096 219 270
internal_value=3.83559e-05 -0.000761844 0.000123683 0.00112215 0.00237016 0.000160464
internal_weight=2340.97 217.93 2123.05 168.767 66.8959 119.308
internal_count=28506 918 27588 1697 601 499
is_linear=0
shrinkage=0.03


Tree=306
num_leaves=7
num_cat=0
split_feature=25 22 29 17 8 28
split_gain=0.181854 0.160112 0.215059 0.177905 0.183765 0.176441
threshold=-0.71295313963611839 -0.16251717978601601 1.6654444336891177 1.5000000000000002 -0.041497904398850136 4.1199619770050058
decision_type=2 2 10 2 2 10
left_child=-1 2 -2 5 -5 -3
right_child=1 3 -4 4 -6 -7
leaf_value=0.0012181185595576888 -0.0013282946046061139 7.9477615143536188e-06 0.0010739367615410147 0.00099212733779217768 -0.0017530008006809772 0.0015660094250631005
leaf_weight=90.484775341086788 162.28353713444085 1864.6093090189388 33.656966026057489 21.525459774537012 83.377249876502901 57.796717529185116
leaf_count=1291 2426 22191 442 422 1134 495
internal_value=-3.05112e-05 -8.65565e-05 -0.000883549 -5.56807e-06 -0.00115239 6.26521e-05
internal_weight=2313.73 2223.25 195.941 2027.31 104.903 1922.41
internal_count=28401 27110 2868 24242 1556 22686
is_linear=0
shrinkage=0.03


Tree=307
num_leaves=7
num_cat=0
split_feature=22 10 31 12 26 23
split_gain=0.172364 0.273128 0.379037 0.220272 0.192504 0.192142
threshold=-0.12222250240848485 -0.01853700636792854 1.6262706294655802 1.3967022761021195 -0.83049085736274708 0.24037642420154406
decision_type=2 2 8 2 8 2
left_child=1 5 -3 4 -4 -1
right_child=-2 2 3 -5 -6 -7
leaf_value=-0.0022177061430181887 0.00011092531150011921 0.0019922081449317225 -0.0017655275912219742 -0.0030004873573348219 0.00066043527574760163 0.0010129892479997698
leaf_weight=96.570621299673803 2026.2490159700246 53.382907282561064 34.097313897043932 21.718763738870621 78.902364824141841 13.614652110321911
leaf_count=1491 24205 471 720 113 1274 172
internal_value=1.08844e-05 -0.000650244 6.03702e-05 -0.000789896 -0.000155616 -0.00176745
internal_weight=2324.54 298.287 188.101 134.718 113 110.185
internal_count=28446 4241 2578 2107 1994 1663
is_linear=0
shrinkage=0.03


Tree=308
num_leaves=7
num_cat=0
split_feature=47 6 34 20 12 24
split_gain=0.214097 0.230203 0.274464 0.178104 0.207546 0.202912
threshold=9.5000000000000018 -0.043450251716787236 0.37426046530405682 0.19161798785044981 1.0999111470803922 1.0000000180025095e-35
decision_type=10 2 8 2 2 2
left_child=3 -2 -3 -1 5 -5
right_child=1 2 -4 4 -6 -7
leaf_value=-4.58309845758174e-05 -0.00070371362716705756 0.00035759685319101963 0.0034623186942926848 -0.00060031308246631014 -0.00073230322109269104 0.0026344096752167678
leaf_weight=2086.4129972926166 35.791847374523059 54.658200067584403 42.9876833348535 18.861355221946724 32.619566693902016 61.016383791575208
leaf_count=25573 461 636 402 289 179 1007
internal_value=9.25681e-05 0.00121556 0.00191909 1.92263e-05 0.00113104 0.00188879
internal_weight=2332.35 133.438 97.6459 2198.91 112.497 79.8777
internal_count=28547 1499 1038 27048 1475 1296
is_linear=0
shrinkage=0.03


Tree=309
num_leaves=7
num_cat=0
split_feature=29 3 8 30 22 12
split_gain=0.155313 0.216774 0.217056 0.250182 0.288558 0.206811
threshold=-6.7751545906066886 -0.29639264563485307 0.10907611858867212 6.2141816616058358 0.0061393164353893423 0.75054782878036275
decision_type=10 2 2 8 2 2
left_child=1 -1 3 -3 5 -5
right_child=-2 2 -4 4 -6 -7
leaf_value=-0.0014044828044244644 -0.00011391532683829332 0.00092080371533167116 0.001849486271671696 0.0011480551309893461 -0.0022093428628127297 -0.00087360476701431138
leaf_weight=43.60221564330277 1728.53245190288 266.55328995743184 93.300613898958545 87.204967553610913 50.179727533482946 76.046593956649303
leaf_count=833 20431 3698 1088 1441 607 481
internal_value=3.21997e-05 0.000436903 0.000598631 0.000322703 -0.000432042 0.000210249
internal_weight=2345.42 616.887 573.285 479.985 213.431 163.252
internal_count=28579 8148 7315 6227 2529 1922
is_linear=0
shrinkage=0.03


Tree=310
num_leaves=7
num_cat=0
split_feature=14 17 34 14 1 42
split_gain=0.133041 0.127528 0.165446 0.466784 0.429382 0.345238
threshold=0.018054258162199393 1.5000000000000002 -7.6496938218673067 0.19891925297071181 -0.052238344463686838 1.5000000000000002
decision_type=2 2 10 2 2 2
left_child=-1 2 3 4 -2 -6
right_child=1 -3 -4 -5 5 -7
leaf_value=-0.0014979794030340328 -0.0011327283727206043 -0.00080546304904253725 5.9298387697056297e-05 -0.0011810648777439605 0.0013033196136817871 0.0045611606405792987
leaf_weight=37.181906693454948 40.148087613284588 119.06930558569729 1870.7386957267299 71.850717648863792 153.85587704833597 31.454650946892798
leaf_count=4270 682 1539 19116 360 2126 389
internal_value=7.97025e-05 0.00011176 0.000165601 0.000810788 0.00146877 0.00206153
internal_weight=2324.3 2287.12 2168.05 297.309 225.459 185.311
internal_count=28482 24212 22673 3557 3197 2515
is_linear=0
shrinkage=0.03


Tree=311
num_leaves=7
num_cat=0
split_feature=26 40 33 37 2 11
split_gain=0.178862 0.149063 0.251157 0.311907 0.253783 0.235297
threshold=-7.4371142387390128 1.5000000000000002 -1.6533544063568113 -0.46310566469199083 -0.030785707475686205 0.015603353886392649
decision_type=8 2 8 10 2 2
left_child=-1 2 -2 4 -4 -3
right_child=1 5 3 -5 -6 -7
leaf_value=0.0020793498378250696 -0.00070804771157889049 -0.00084600798346718081 0.0012523279262467452 -5.6300842143152664e-05 -0.00053516301429781127 0.00020720187376080046
leaf_weight=25.895469159644563 265.28192854214285 433.88234121285495 365.34247698666877 826.95710638343007 82.286026791320182 329.27873270004056
leaf_count=429 3771 5163 5369 8679 1264 3847
internal_value=-2.22153e-05 -5.47331e-05 0.000115255 0.000290788 0.000919226 -0.00039478
internal_weight=2328.92 2303.03 1539.87 1274.59 447.629 763.161
internal_count=28522 28093 19083 15312 6633 9010
is_linear=0
shrinkage=0.03


Tree=312
num_leaves=7
num_cat=0
split_feature=27 40 2 42 46 2
split_gain=0.177189 0.154335 0.381822 0.351087 0.247682 0.218763
threshold=2.8338406085968022 2.5000000000000004 -0.11046667665868692 2.5000000000000004 27.500000000000004 -0.090007077406021346
decision_type=10 2 2 2 10 2
left_child=1 -1 3 -3 -5 -4
right_child=-2 2 5 4 -6 -7
leaf_value=0.00016817394815608311 -0.0010854666804893485 -0.0024866304022797096 0.0024701227757477711 0.0021084908580764712 -0.0015735162254139261 -9.6771211647194263e-05
leaf_weight=1881.5205338100786 117.65785266587045 104.06060519313905 27.667347986309323 26.388589505688287 20.531297668581828 141.25993531546555
leaf_count=23256 1428 1486 277 282 203 1527
internal_value=1.28739e-06 6.4016e-05 -0.000535112 -0.00158369 0.000503928 0.000438197
internal_weight=2319.09 2201.43 319.908 150.98 46.9199 168.927
internal_count=28459 27031 3775 1971 485 1804
is_linear=0
shrinkage=0.03


Tree=313
num_leaves=7
num_cat=0
split_feature=2 3 25 2 11 28
split_gain=0.174766 0.232575 0.239657 0.217806 0.264582 0.25494
threshold=-0.2868854246054367 -0.18522079844535114 -0.018597977168242848 -0.062616327728909418 0.12734043717877583 0.47916764020919805
decision_type=2 2 2 2 2 8
left_child=1 -1 -3 5 -5 -2
right_child=3 2 -4 4 -6 -7
leaf_value=-0.0021050526450136077 -0.00012214240958105822 0.0022500178553176171 -0.0010802956163256433 -0.0005397622304108221 0.0016731604392463656 0.00064209621395154895
leaf_weight=67.556300856173038 745.68785086565185 23.137567138415761 37.573456279584207 609.39064368905383 43.094257123651914 813.91224986931775
leaf_count=1670 9776 515 844 7115 449 8166
internal_value=2.17617e-05 -0.00101321 0.000327625 8.60637e-05 -0.000370557 0.000278242
internal_weight=2340.35 128.267 60.711 2212.09 652.485 1559.6
internal_count=28535 3029 1359 25506 7564 17942
is_linear=0
shrinkage=0.03


Tree=314
num_leaves=7
num_cat=0
split_feature=27 3 11 39 8 3
split_gain=0.169198 0.175517 0.328291 0.406508 0.241991 0.238353
threshold=2.51499354839325 -0.032539079533621125 -0.0046016221569531611 5.5000000000000009 0.062414448399533064 0.04197689840540559
decision_type=10 2 2 2 2 2
left_child=1 -1 -3 5 -5 -4
right_child=-2 2 3 4 -6 -7
leaf_value=1.9956365719564289e-05 -0.00085416574647240162 -0.00063016430571636434 0.0034897548575636836 -0.00069730275166571905 0.0018870322060037317 -0.00012841674538663909
leaf_weight=1857.6929639010632 158.58059396257158 96.94202678266447 73.886189431941602 83.158664223796222 40.338697284227237 19.50350714835804
leaf_count=23353 1872 969 752 947 419 235
internal_value=6.19075e-05 0.000132415 0.000776933 0.00140592 0.000224955 0.0027948
internal_weight=2330.1 2171.52 313.829 216.887 123.497 93.3897
internal_count=28547 26675 3322 2353 1366 987
is_linear=0
shrinkage=0.03


Tree=315
num_leaves=7
num_cat=0
split_feature=6 34 29 31 3 26
split_gain=0.202853 0.231998 0.256194 0.201833 0.268103 0.184147
threshold=0.33929199159742401 -1.9428058067957559 -4.3716282844543448 4.4362272322177896 -0.25212466933018818 0.49525988101959234
decision_type=2 10 10 10 2 10
left_child=3 -2 -3 5 -5 -1
right_child=1 2 -4 4 -6 -7
leaf_value=-0.00010722658342144397 0.0022777379549462733 0.0017447781716750737 -0.0011234719611847284 -0.0010682676177505297 0.00048356140102908773 -0.00086497241879628214
leaf_weight=972.47090688184835 60.546570996521041 36.454591976711527 60.655840904451907 107.36265223860391 688.61212506721495 402.59407963923877
leaf_count=10589 817 326 465 2334 10276 3675
internal_value=-3.73809e-05 0.000968404 1.56203e-05 -0.000114524 0.00026359 -0.000333724
internal_weight=2328.7 157.657 97.1104 2171.04 795.975 1375.06
internal_count=28482 1608 791 26874 12610 14264
is_linear=0
shrinkage=0.03


Tree=316
num_leaves=7
num_cat=0
split_feature=3 36 22 36 27 27
split_gain=0.146232 0.333427 0.193428 0.186049 0.194494 0.189778
threshold=-0.040425177458980173 -1.5163307103735859 1.0000000180025095e-35 1.9754690497714498 2.1409999492153119e-14 -1.1116153597831724
decision_type=2 10 2 10 10 10
left_child=-1 2 -2 4 5 -3
right_child=1 3 -4 -5 -6 -7
leaf_value=-0.00011809167860840672 0.0033282419023900551 0.0015202065327208946 0.0004700745376835392 -0.0015313888769932719 0.0010005156681915347 -0.0013159066630194945
leaf_weight=1945.6967401149159 41.184879561769776 19.038339607417583 43.09077824302949 46.929767091758549 153.20858654903714 76.302146111615002
leaf_count=24403 447 278 502 447 1514 795
internal_value=-1.23956e-05 0.00051828 0.00207171 2.18995e-05 0.00036307 -0.000659018
internal_weight=2325.45 379.754 84.2757 295.479 248.549 95.3405
internal_count=28386 3983 949 3034 2587 1073
is_linear=0
shrinkage=0.03


Tree=317
num_leaves=7
num_cat=0
split_feature=8 27 45 46 45 10
split_gain=0.174732 0.300496 0.239236 0.198494 0.372721 0.199272
threshold=-0.066244158714105342 2.1025000147736464e-14 0.36931818181818188 21.500000000000004 0.31666666666666671 -0.035764815073518683
decision_type=2 8 8 8 10 2
left_child=1 -1 -3 4 5 -2
right_child=3 2 -4 -5 -6 -7
leaf_value=0.00050177737852189137 -3.3700771159487998e-05 -0.0025990021668580417 -0.00050086745502903637 6.1406708527161612e-05 -0.00039029418350162797 0.00239660234832852
leaf_weight=151.72073051772895 39.440844366326928 64.564785963040777 161.50190067489166 1669.9035584469384 110.87102586659603 118.0744790318422
leaf_count=2926 417 866 2785 18650 1558 1115
internal_value=6.99519e-05 -0.000511997 -0.00118481 0.000185424 0.000927136 0.00182238
internal_weight=2316.08 377.787 226.067 1938.29 268.386 157.515
internal_count=28317 6577 3651 21740 3090 1532
is_linear=0
shrinkage=0.03


Tree=318
num_leaves=7
num_cat=0
split_feature=27 31 14 14 12 37
split_gain=0.129686 0.197248 0.278898 0.168345 0.273736 0.166654
threshold=2.51499354839325 2.695081472396851 0.19003227656972535 0.35654786167880476 1.797408188821852 -5.0275678272359068
decision_type=10 10 2 2 2 8
left_child=3 -2 -3 5 -5 -1
right_child=1 2 -4 4 -6 -7
leaf_value=0.0012857165044348766 -0.00226803307686912 -0.0010785159839604935 0.0018667622209429986 -0.0022761234545361736 5.61865675756624e-05 2.1427556462369927e-05
leaf_weight=88.704196166989277 48.538031704025343 76.687371218868066 33.459195882081985 64.012505099177361 115.50186316668987 1910.3762760962418
leaf_count=2170 472 1254 173 270 482 23814
internal_value=-5.89991e-05 -0.000860374 -0.000102922 3.03597e-06 -0.000851704 8.36475e-05
internal_weight=2337.28 158.685 110.147 2178.59 179.514 1999.08
internal_count=28635 1899 1427 26736 752 25984
is_linear=0
shrinkage=0.03


Tree=319
num_leaves=7
num_cat=0
split_feature=36 47 10 11 13 2
split_gain=0.192341 0.606074 0.338189 0.289202 0.207465 0.217
threshold=-3.8453879221822271 8.5000000000000018 0.036170722165350264 -0.049018493470057024 2.249904835165133 -0.16615717033222976
decision_type=10 8 2 2 2 2
left_child=1 2 3 -1 -3 -6
right_child=-2 4 -4 -5 5 -7
leaf_value=0.0011686748317859834 -9.251095987967964e-05 0.0032745136502206015 0.0013148542080944909 -0.0028955392065367095 -0.0014737923997944356 0.0016852387923672726
leaf_weight=14.708812885684891 2090.3762171376875 58.33473617141135 34.023522724979557 55.079006671498064 18.5398146607331 59.392357051372528
leaf_count=213 25289 640 422 767 382 803
internal_value=1.13585e-06 0.000787618 -0.000893388 -0.00199983 0.00204177 0.000851576
internal_weight=2330.45 240.078 103.811 69.7878 136.267 77.9322
internal_count=28516 3227 1402 980 1825 1185
is_linear=0
shrinkage=0.03


Tree=320
num_leaves=7
num_cat=0
split_feature=17 10 31 12 28 3
split_gain=0.165152 0.176413 0.324395 0.199443 0.191479 0.359114
threshold=1.5000000000000002 -0.068746379449317246 -1.9797197245061395 1.5772099256491818 2.5174576044082646 -0.31493732643588251
decision_type=2 2 10 2 8 2
left_child=1 2 -1 -4 -3 -6
right_child=-2 4 3 -5 5 -7
leaf_value=-0.0026127781288069318 -0.001004751267721008 2.8628560274705463e-05 -0.00045917651020773364 0.0017648220862894353 -0.0023419423175720785 0.00096564191930722187
leaf_weight=47.590061319526285 122.98766339896247 1501.6212602793385 221.45614427042892 33.0743488073349 22.382830627902877 404.37268576631323
leaf_count=579 1841 18467 3432 161 321 3937
internal_value=2.25185e-05 8.3393e-05 -0.000579041 -0.000114394 0.000189629 0.000742514
internal_weight=2353.48 2230.5 302.121 254.53 1928.38 426.756
internal_count=28738 26897 4172 3593 22725 4258
is_linear=0
shrinkage=0.03


Tree=321
num_leaves=7
num_cat=0
split_feature=9 45 46 42 30 40
split_gain=0.177468 0.192879 0.249819 0.327927 0.508531 0.308306
threshold=0.20620103298965517 0.78888888888888908 28.500000000000004 1.5000000000000002 -2.7295287847518916 1.5000000000000002
decision_type=2 10 8 2 8 2
left_child=1 2 3 4 -1 -6
right_child=-2 -3 -4 -5 5 -7
leaf_value=0.0020421261537945591 0.0015628839394923142 -0.00097853057017639072 -0.00011449265316870097 0.0016999424910670365 0.00062919168097459028 -0.0020631919064002632
leaf_weight=60.562004561244976 53.639167619403452 172.57012925774325 1722.2174922891136 162.75596148753539 56.794709459063597 87.617333007277921
leaf_count=959 666 2721 20692 1699 668 1006
internal_value=3.77921e-07 -4.33799e-05 3.8129e-05 0.000737021 -7.10788e-05 -0.00103215
internal_weight=2316.16 2262.52 2089.95 367.73 204.974 144.412
internal_count=28411 27745 25024 4332 2633 1674
is_linear=0
shrinkage=0.03


Tree=322
num_leaves=7
num_cat=0
split_feature=37 28 30 39 14 9
split_gain=0.177301 0.154754 0.291378 0.197265 0.609558 0.325657
threshold=-6.0137545348643657 4.1199619770050058 1.2866638302803042 2.5000000000000004 0.13161067903979992 0.030525606105874032
decision_type=8 10 10 2 2 2
left_child=-1 3 -3 4 -2 -6
right_child=1 2 -4 -5 5 -7
leaf_value=0.0014356094613744953 0.00071925607401776114 -0.00078101088514911888 0.0027646472011192331 5.1496733665759123e-05 -0.00049840329661854203 -0.0025492843969991651
leaf_weight=64.82490479851549 175.63193031726405 31.021626160712913 37.364633021876216 1745.8178868484974 152.9912223815918 128.16194142401218
leaf_count=1615 3584 276 316 21116 906 719
internal_value=-1.35823e-06 -4.84901e-05 0.0012618 -9.4691e-05 -0.00064255 -0.00148873
internal_weight=2335.81 2270.99 68.3863 2202.6 456.785 281.153
internal_count=28532 26917 592 26325 5209 1625
is_linear=0
shrinkage=0.03


Tree=323
num_leaves=7
num_cat=0
split_feature=37 24 18 24 30 9
split_gain=0.159431 0.191267 0.143304 0.231808 0.149105 0.31642
threshold=-7.2194709498011926 1.5000000000000002 1.0000000180025095e-35 1.0000000180025095e-35 5.3939504623413095 0.0093130960852280693
decision_type=8 2 2 2 10 2
left_child=1 -1 4 -4 -2 -6
right_child=2 -3 3 -5 5 -7
leaf_value=-0.00070674163676957922 9.3393420071429727e-05 0.0028554125787558738 -0.0027201608625096944 -0.00022071684527079398 0.00064087046770512515 -0.0023777924536642963
leaf_weight=16.297773820610018 1999.5379599190783 26.702757978957379 34.778470082441345 139.64615187013987 52.337756807915866 56.868000992573798
leaf_count=489 24692 633 366 1286 566 469
internal_value=4.9392e-09 0.0016267 -3.75918e-05 -0.000839552 3.23918e-05 -0.000998675
internal_weight=2326.17 43.0005 2283.17 174.425 2108.74 109.206
internal_count=28501 1122 27379 1652 25727 1035
is_linear=0
shrinkage=0.03


Tree=324
num_leaves=7
num_cat=0
split_feature=20 4 31 26 5 39
split_gain=0.148647 0.288069 0.201274 0.1678 0.127756 0.253568
threshold=0.19161798785044981 -0.13537235263806227 1.092968635261059 -7.4371142387390128 -0.19583125604962334 5.5000000000000009
decision_type=2 2 10 8 2 2
left_child=3 -2 -3 -1 5 -5
right_child=1 2 -4 4 -6 -7
leaf_value=0.0020658289002282925 0.0025948153750775748 -0.00222672317681365 0.00073457816196815823 -0.0026390593959127536 -5.725793716893732e-05 0.00037111845448179674
leaf_weight=22.487046542577446 46.031221047975123 20.104910592432134 56.290327813941985 40.762267588812392 2103.2654827039514 45.725090637512039
leaf_count=380 650 195 761 608 25149 765
internal_value=-1.71119e-05 0.000959406 -0.000212279 -7.52271e-05 -0.000106505 -0.00117408
internal_weight=2334.67 122.426 76.3952 2212.24 2189.75 86.4874
internal_count=28508 1606 956 26902 26522 1373
is_linear=0
shrinkage=0.03


Tree=325
num_leaves=7
num_cat=0
split_feature=18 24 0 22 7 12
split_gain=0.163571 0.208834 0.150777 0.146536 0.199788 0.345409
threshold=1.0000000180025095e-35 1.0000000180025095e-35 0.46586906684600954 0.14285588530210477 0.081556182558951265 0.37737664950448851
decision_type=2 2 2 2 2 2
left_child=2 -2 3 4 -1 -6
right_child=1 -3 -4 -5 5 -7
leaf_value=6.6593689659392085e-05 -0.0026439375793353118 -0.00029849143888655276 0.0016906919701233569 0.00078800089176011721 0.0008901463614310128 -0.0012093308714146167
leaf_weight=1586.197666311491 36.092354518827051 144.60406092030462 38.416505736880936 182.26698212220799 85.383183993952116 277.54426725953817
leaf_count=20786 383 1321 413 2369 1660 1781
internal_value=-3.86289e-05 -0.000881051 3.5246e-05 -2.34797e-06 -7.99002e-05 -0.000704778
internal_weight=2350.51 180.696 2169.81 2131.39 1949.13 362.927
internal_count=28713 1704 27009 26596 24227 3441
is_linear=0
shrinkage=0.03


Tree=326
num_leaves=7
num_cat=0
split_feature=9 45 30 26 35 10
split_gain=0.151791 0.149473 0.131278 0.250601 0.304904 0.187246
threshold=0.20620103298965517 0.27922077922077926 -4.5000259876251212 0.16144440323114398 -1.4838857754976267 0.020893486032914688
decision_type=2 10 8 10 10 2
left_child=2 -2 3 4 5 -1
right_child=1 -3 -4 -5 -6 -7
leaf_value=-0.00012701674646515567 0.00014558854898257009 0.0031228545696511075 -0.0001394779907814617 0.0012943626976092272 -0.0011575104139611378 0.002070313529542948
leaf_weight=77.912116615567356 36.14562128984835 17.528421066701412 1846.1813006853918 170.77385048707947 127.18860523676267 51.686239222064614
leaf_count=1500 438 240 20632 2513 2229 961
internal_value=1.0919e-05 0.00145563 -2.94093e-05 0.000438186 -0.00015838 0.000834849
internal_weight=2327.42 53.674 2273.74 427.561 256.787 129.598
internal_count=28513 678 27835 7203 4690 2461
is_linear=0
shrinkage=0.03


Tree=327
num_leaves=7
num_cat=0
split_feature=28 39 39 12 47 5
split_gain=0.217895 0.319385 0.153238 0.497537 0.444924 0.351105
threshold=4.1199619770050058 4.5000000000000009 1.5000000000000002 0.65495860274870588 6.5000000000000009 -0.10152379148669873
decision_type=10 2 2 2 10 2
left_child=2 -2 3 5 -5 -1
right_child=1 -3 -4 4 -6 -7
leaf_value=-0.0018557963277625463 0.0036587115859385479 -0.00015301397813618844 6.5329802720867042e-05 -0.0026912613048291289 0.00027855222431900082 0.0015734770133750879
leaf_weight=26.430359036079608 25.908023700350896 42.359032714506611 1955.8902835834015 113.34999203681946 69.105782344937325 99.581240255851299
leaf_count=542 205 391 24156 728 435 2056
internal_value=1.99268e-05 0.00157621 -3.3717e-05 -0.000644071 -0.00161041 0.000770642
internal_weight=2332.62 68.2671 2264.36 308.467 182.456 126.012
internal_count=28513 596 27917 3761 1163 2598
is_linear=0
shrinkage=0.03


Tree=328
num_leaves=7
num_cat=0
split_feature=8 33 31 4 20 11
split_gain=0.155389 0.153734 0.144261 0.308585 0.28945 0.381203
threshold=-0.22904671692901882 0.81754620869954431 0.57824797928333294 -0.16890156181635504 -0.033344189147603384 0.031412271295609064
decision_type=2 10 10 2 2 2
left_child=1 -1 3 -2 5 -5
right_child=2 -3 -4 4 -6 -7
leaf_value=-0.0025177689672576339 -0.0014629683232523763 0.0010086966594922396 0.00023540191383405258 0.0019072121141410292 -0.00040217430676661064 -0.00096956141985965591
leaf_weight=29.358973092661472 144.99790971796028 9.2330961208790523 1565.4766996994731 121.83659613190684 397.57788712269394 53.088507066946477
leaf_count=937 1494 199 20386 1278 3614 516
internal_value=3.89315e-05 -0.00164011 7.43435e-05 -0.000275467 4.52441e-05 0.00102891
internal_weight=2321.57 38.5921 2282.98 717.501 572.503 174.925
internal_count=28424 1136 27288 6902 5408 1794
is_linear=0
shrinkage=0.03


Tree=329
num_leaves=7
num_cat=0
split_feature=25 23 25 8 16 22
split_gain=0.176649 0.240571 0.169668 0.185879 0.291792 0.203912
threshold=0.77179187551235173 -0.69468635556691583 -0.22657850729932286 0.041646812470044793 1.0000000180025095e-35 0.080952011969667198
decision_type=2 2 2 2 2 2
left_child=2 -2 -1 -4 5 -5
right_child=1 -3 3 4 -6 -7
leaf_value=0.0004266759488455572 0.00030739475257698142 0.0033433666827059291 5.3602474716171862e-05 -0.0006058575818511763 -0.0025807245457918774 0.00091563926220929843
leaf_weight=508.94195498668705 95.460889322683215 22.261361778422724 1057.6498179491609 514.90175001334865 50.394743795273826 84.233898104255786
leaf_count=6543 1555 271 13245 5452 606 920
internal_value=1.3369e-05 0.00109832 -4.89393e-05 -0.000192388 -0.000587681 -0.000380427
internal_weight=2333.84 117.722 2216.12 1707.18 649.53 599.136
internal_count=28592 1826 26766 20223 6978 6372
is_linear=0
shrinkage=0.03


Tree=330
num_leaves=7
num_cat=0
split_feature=27 0 5 39 6 46
split_gain=0.132179 0.133956 0.250242 0.203282 0.28097 0.32665
threshold=2.7587355375289921 -0.053351463142832671 0.0076240015996742764 5.5000000000000009 -0.30856613003507349 31.500000000000004
decision_type=10 2 2 2 2 8
left_child=1 2 3 4 -1 -6
right_child=-2 -3 -4 -5 5 -7
leaf_value=0.00089901689886589392 -0.00079236376098388076 0.00032841267012596008 0.0010352768386061031 5.6375472754111399e-05 0.00036197475771900228 -0.0022195778686489851
leaf_weight=47.161663724138634 127.71701908268733 1480.4116454406758 118.86390269204276 345.28685743562528 57.610452954831999 148.61918888348737
leaf_count=975 1517 16669 1465 5302 721 1821
internal_value=0.000110282 0.000166083 -0.00016874 -0.000420872 -0.00104865 -0.00151503
internal_weight=2325.67 2197.95 717.542 598.678 253.391 206.23
internal_count=28470 26953 10284 8819 3517 2542
is_linear=0
shrinkage=0.03


Tree=331
num_leaves=7
num_cat=0
split_feature=28 39 31 13 31 30
split_gain=0.176191 0.375513 0.153582 0.225124 0.187747 0.220085
threshold=4.1199619770050058 4.5000000000000009 1.2116855680942538 1.8688348091416842 -3.0940451323986049 0.95740556716918956
decision_type=10 2 8 2 10 10
left_child=2 -2 3 -1 -5 -6
right_child=1 -3 -4 4 5 -7
leaf_value=0.0014624239496632302 0.0036143194566739282 -0.00040197286591264959 0.00013627400136943053 0.00067469600047315062 -0.0002624858775820054 -0.0015779932560182183
leaf_weight=42.968479358358309 27.594501879066229 43.352960825199261 1675.9259309863846 81.576612018281594 276.14247646508738 191.66194399958476
leaf_count=256 216 404 22807 687 2681 1614
internal_value=3.83528e-05 0.00141366 -1.06804e-05 -0.000421816 -0.000592696 -0.000823202
internal_weight=2339.22 70.9475 2268.28 592.35 549.381 467.804
internal_count=28665 620 28045 5238 4982 4295
is_linear=0
shrinkage=0.03


Tree=332
num_leaves=7
num_cat=0
split_feature=20 4 39 3 35 47
split_gain=0.204484 0.267431 0.179319 0.165852 0.157115 0.178738
threshold=0.19161798785044981 -0.13537235263806227 4.5000000000000009 -0.021353595774110227 -5.5396608859300605 5.5000000000000009
decision_type=2 2 2 2 8 8
left_child=4 -2 -3 -4 -1 -6
right_child=1 2 3 -5 5 -7
leaf_value=0.0015977241411855641 0.0026713738320827858 -0.001895758470196088 0.0023265235498471579 -0.00059835100325904668 -0.00085626184453762514 -4.1910737449204123e-05
leaf_weight=37.545692078070715 46.321259956341237 21.632832464703824 23.831856252800208 29.452829118003137 268.34266230853973 1896.9879478002258
leaf_count=585 658 253 322 362 3377 22906
internal_value=-4.14297e-05 0.00110936 -5.72819e-05 0.000870732 -0.000109492 -0.000146303
internal_weight=2324.12 121.239 74.9175 53.2847 2202.88 2165.33
internal_count=28463 1595 937 684 26868 26283
is_linear=0
shrinkage=0.03


Tree=333
num_leaves=7
num_cat=0
split_feature=8 33 47 46 45 10
split_gain=0.131513 0.156194 0.136201 0.226246 0.461034 0.285701
threshold=-0.22904671692901882 0.81754620869954431 4.5000000000000009 25.500000000000004 0.55050505050505061 -0.015771821804670013
decision_type=2 10 8 8 10 2
left_child=1 -1 -2 4 5 -4
right_child=2 -3 3 -5 -6 -7
leaf_value=-0.0024579996589348318 -0.0010762061084518494 0.0011769552250070327 -1.3804489934915658e-05 -8.3968366512253184e-05 -0.0013042652675563581 0.0020144614306174128
leaf_weight=29.272343756456394 91.907877646328416 7.8001006886479436 95.393570503219962 1876.1548050518468 68.949136457405984 170.54130823985906
leaf_count=942 1189 186 1125 22211 1168 1759
internal_value=-3.58996e-05 -0.00160564 -3.79742e-06 4.5425e-05 0.000751754 0.00131277
internal_weight=2340.02 37.0724 2302.95 2211.04 334.884 265.935
internal_count=28580 1128 27452 26263 4052 2884
is_linear=0
shrinkage=0.03


Tree=334
num_leaves=7
num_cat=0
split_feature=12 8 1 27 14 50
split_gain=0.201852 0.173963 0.266502 0.184327 0.356437 0.261565
threshold=2.1262134057663959 0.23216899988254566 1.0000000180025095e-35 2.51499354839325 0.22021843570589214 0.31666666666666676
decision_type=2 2 2 8 2 2
left_child=1 3 -3 -1 5 -5
right_child=-2 2 -4 4 -6 -7
leaf_value=-4.4432696949265428e-05 0.0011767091284056632 0.0032639090312136855 -0.00042897138131764922 -0.001010422402509705 -0.0025206964919428231 0.00080233469403522559
leaf_weight=1814.7600953728543 103.25170628726482 23.865543375781272 32.389959557651309 161.77636009617709 72.547650337219238 113.47814936283976
leaf_count=22851 449 295 353 2509 359 1559
internal_value=-5.91913e-05 -0.000121725 0.00139385 -0.000167384 -0.000789748 -0.000261156
internal_weight=2322.07 2218.82 56.2555 2162.56 347.802 275.255
internal_count=28375 27926 648 27278 4427 4068
is_linear=0
shrinkage=0.03


Tree=335
num_leaves=7
num_cat=0
split_feature=3 23 7 12 9 33
split_gain=0.145689 0.136829 0.173128 0.285301 0.240602 0.207947
threshold=0.094621633110485256 0.89400588103304024 0.081556182558951265 0.64445036247736109 -0.047537740614946332 -0.41601453535258764
decision_type=2 2 2 2 2 8
left_child=1 2 -1 4 -4 -5
right_child=-2 -3 3 5 -6 -7
leaf_value=-5.2019540390159261e-05 0.0017593979393456332 0.0014795056781057281 -0.0015572578876408038 -0.0021854986808532611 0.0010356645116734431 -0.00052462655258840162
leaf_weight=1842.7459511276102 26.669055580394343 35.721090398990782 34.425701802130789 115.67334478348494 109.46670328069013 166.38706384599209
leaf_count=23747 407 377 651 676 1653 985
internal_value=-0.000118265 -0.000147504 -0.000179502 -0.000717167 0.000354437 -0.00125726
internal_weight=2331.09 2304.42 2268.7 425.953 143.892 282.06
internal_count=28496 28089 27712 3965 2304 1661
is_linear=0
shrinkage=0.03


Tree=336
num_leaves=7
num_cat=0
split_feature=31 12 14 46 31 11
split_gain=0.188105 0.203637 0.296559 0.170922 0.158597 0.152992
threshold=0.070073723793029799 2.1262134057663959 0.31953153718185695 41.500000000000007 -2.8915134370326991 -0.090659555424422958
decision_type=8 2 2 8 10 2
left_child=1 2 3 -1 -5 -2
right_child=5 -3 -4 4 -6 -7
leaf_value=0.00078846066872190993 -0.00068332015047342632 0.0013733150194060429 -0.0026211530729455985 0.00046905698264173179 -0.0011701696793699017 0.00022746910914424413
leaf_weight=76.913576475111768 173.63455428282032 35.808756083250046 54.629533380270004 65.835876660421491 192.00797771301586 1743.7821640356269
leaf_count=722 2570 155 235 627 1875 22460
internal_value=1.47375e-05 -0.000548669 -0.000755378 -0.000383703 -0.000749736 0.000141874
internal_weight=2342.61 425.196 389.387 334.757 257.844 1917.42
internal_count=28644 3614 3459 3224 2502 25030
is_linear=0
shrinkage=0.03


Tree=337
num_leaves=7
num_cat=0
split_feature=6 22 31 14 51 12
split_gain=0.154949 0.135596 0.279363 0.213569 0.212733 0.243204
threshold=0.47458193080532401 0.06174024338956937 7.1176422238349923 0.11351024586378 0.63333333333333341 1.3108668313189586
decision_type=2 2 10 2 2 2
left_child=1 4 3 -3 -1 -6
right_child=-2 2 -4 -5 5 -7
leaf_value=-7.1873659099945121e-05 0.0014048896552098099 8.117735513914857e-05 0.00076243275563066921 -0.001533138967256873 0.00013012585426766193 0.002491846412402729
leaf_weight=1688.8740399955277 54.827503037930001 109.77116857992951 100.5564133269072 208.93442529439926 102.96021873282734 54.612998567521572
leaf_count=21215 531 2155 1720 1301 1198 266
internal_value=-4.16069e-05 -8.263e-05 -0.000562925 -0.000991569 2.88726e-05 0.00104853
internal_weight=2320.54 2265.71 419.262 318.706 1846.45 157.573
internal_count=28386 27855 5176 3456 22679 1464
is_linear=0
shrinkage=0.03


Tree=338
num_leaves=7
num_cat=0
split_feature=40 35 9 14 26 46
split_gain=0.193343 0.320179 0.307868 0.327735 0.324581 0.284199
threshold=1.5000000000000002 4.9976966610799236 0.14948221215925947 0.2442724207889182 -1.7230966687202451 49.500000000000007
decision_type=2 8 2 2 8 10
left_child=1 -1 3 -2 -5 -6
right_child=2 -3 -4 4 5 -7
leaf_value=3.5035139219964156e-05 -0.00016443979488590284 0.0013799595346459714 0.001796393503701762 0.0003213199595966996 -0.0033203405024626776 -0.0003548068274203404
leaf_weight=1385.1484768159862 546.91979168058606 170.09768858220195 44.661157190916128 53.701227068901062 83.643036141991615 45.989769324660301
leaf_count=17253 7808 2135 513 250 385 217
internal_value=-2.6938e-06 0.000190006 -0.000386934 -0.000542927 -0.00160512 -0.00236902
internal_weight=2330.16 1555.25 774.915 730.254 183.334 129.633
internal_count=28561 19388 9173 8660 852 602
is_linear=0
shrinkage=0.03


Tree=339
num_leaves=7
num_cat=0
split_feature=51 5 27 42 47 35
split_gain=0.171894 0.334613 0.304069 0.232406 0.221177 0.428417
threshold=0.36666666666666675 0.0011665024186901464 1.2583051919937136 1.5000000000000002 7.5000000000000009 4.2898748293519029
decision_type=2 2 8 2 8 8
left_child=4 2 -2 -4 5 -1
right_child=1 -3 3 -5 -6 -7
leaf_value=-0.00026470957830558659 0.00064400148521150493 0.0022044178556183546 -0.0028642956249294686 0.00040605124934678025 8.5025885246945186e-05 -0.0025628703629403181
leaf_weight=495.46816428861348 207.91381410206668 77.818976184818894 37.230447550769895 29.623770521022379 1405.0418163426511 76.276127249700949
leaf_count=6546 2065 655 366 269 17543 994
internal_value=-8.49277e-06 0.000592227 7.42504e-05 -0.00155089 -0.000118081 -0.000610091
internal_weight=2329.37 352.587 274.768 66.8542 1976.79 571.744
internal_count=28438 3355 2700 635 25083 7540
is_linear=0
shrinkage=0.03


Tree=340
num_leaves=7
num_cat=0
split_feature=11 46 36 2 11 36
split_gain=0.193457 0.140004 0.152056 0.12576 0.244288 0.250997
threshold=0.12734043717877583 7.5000000000000009 0.41201721603650004 -0.034696892541522736 -1.0000000180025095e-35 0.8553565072573045
decision_type=2 10 8 2 2 10
left_child=3 -2 -3 -1 5 -5
right_child=1 2 -4 4 -6 -7
leaf_value=-6.1772094543432088e-05 -0.00056345495132514541 0.00025997775406167318 0.0031863516713527404 0.0018467572281115016 -0.00096184713482960261 -0.0014839854446561328
leaf_weight=1826.366240647083 23.604036937351339 30.733376620482886 28.329260860919021 53.815499044838361 348.76003699062858 21.156515744747594
leaf_count=22539 248 330 288 601 4255 231
internal_value=-0.000116575 0.00122791 0.00192174 -0.000171184 -0.000630473 0.000842818
internal_weight=2332.76 82.6667 59.0626 2250.1 423.732 74.972
internal_count=28492 866 618 27626 5087 832
is_linear=0
shrinkage=0.03


Tree=341
num_leaves=7
num_cat=0
split_feature=28 23 36 24 35 51
split_gain=0.167685 0.26274 0.262408 0.231767 0.301521 0.195302
threshold=0.30202503502368933 0.27831862655744105 2.3134076034098316 3.5000000000000004 -1.2696423307061193 0.63333333333333341
decision_type=8 2 10 2 10 2
left_child=2 -2 3 5 -5 -1
right_child=1 -3 -4 4 -6 -7
leaf_value=-0.00092712646449058479 6.6954794771420032e-05 0.0012744345801303089 0.0011990989742726662 0.0015777326499352609 -0.00036653733357542998 0.00079627176031351699
leaf_weight=561.11591874544683 1129.8827252757328 179.62545193883125 89.863382593117421 93.312343469646294 226.73349195520859 58.379286562092602
leaf_count=8581 12074 1690 1134 1476 3125 591
internal_value=1.65657e-05 0.000240988 -0.000268495 -0.000420014 0.000230961 -0.000754649
internal_weight=2338.91 1309.51 1029.4 939.541 320.046 619.495
internal_count=28671 13764 14907 13773 4601 9172
is_linear=0
shrinkage=0.03


Tree=342
num_leaves=7
num_cat=0
split_feature=47 27 4 14 1 2
split_gain=0.160911 0.324712 0.306312 0.322845 0.246343 0.224246
threshold=5.5000000000000009 0.24930890649557116 -0.16666392047883299 0.39316636867906257 -0.0010476205091561506 -0.014173685280873304
decision_type=10 10 2 2 2 2
left_child=5 2 4 -4 -2 -1
right_child=1 -3 3 -5 -6 -7
leaf_value=1.0351447798410943e-05 0.00088688450083128487 -0.00025714029048872432 0.0013914708986462617 -0.0015875390505048184 -0.0016017304849847329 -0.0010387094738879502
leaf_weight=1086.4717949671904 57.812137977743987 457.54602480321773 413.03226102964254 27.284900411963463 67.346477923652856 210.57860757299932
leaf_count=13744 923 5095 5084 113 848 2610
internal_value=5.48083e-05 0.000334431 0.000809242 0.00117572 -0.000471643 -0.00016661
internal_weight=2320.07 1023.02 565.476 440.317 125.159 1297.05
internal_count=28417 12063 6968 5197 1771 16354
is_linear=0
shrinkage=0.03


Tree=343
num_leaves=7
num_cat=0
split_feature=35 20 14 14 33 35
split_gain=0.147821 0.149812 0.315711 0.150707 0.142882 0.205295
threshold=-5.5396608859300605 -0.21358005361425533 0.26325530413933823 0.19302726328456818 3.4261779387791957 5.8340516425669202
decision_type=8 2 2 2 10 10
left_child=-1 2 3 -2 5 -3
right_child=1 4 -4 -5 -6 -7
leaf_value=0.0015980833705951508 -0.00076429462873239058 1.9869159932678347e-05 -0.0036880522309641643 0.001654011462943231 -0.0014817031053322885 0.0024303325861928632
leaf_weight=40.364013416168746 91.376364475028822 2082.3117589434842 20.637972503900528 20.209121569991112 45.763697062036954 22.295955745270476
leaf_count=629 1814 25092 98 122 470 226
internal_value=-9.68152e-06 -4.49589e-05 -0.00098795 -0.000226303 1.7329e-05 5.67776e-05
internal_weight=2322.96 2282.59 132.223 111.585 2150.37 2104.61
internal_count=28451 27822 2034 1936 25788 25318
is_linear=0
shrinkage=0.03


Tree=344
num_leaves=7
num_cat=0
split_feature=28 11 39 7 23 45
split_gain=0.148332 0.280508 0.283484 0.431962 0.315499 0.277985
threshold=0.37049102783203131 0.015603353886392649 4.5000000000000009 0.082851968726798952 0.23032028812992092 0.78888888888888908
decision_type=10 2 2 2 2 10
left_child=5 -2 3 -3 -4 -1
right_child=1 2 4 -5 -6 -7
leaf_value=-7.8614816079194377e-05 -0.00013032661740169417 0.0028061442056166461 -0.00029337640738277387 -0.00058025010115349035 0.001975580979176154 -0.0017399829730038265
leaf_weight=1192.3366304624942 636.06198886269704 107.59697861375753 217.77366379677551 43.417490275111049 63.010708699235693 88.210843011474935
leaf_count=16207 6457 1015 2281 300 595 1741
internal_value=1.1367e-05 0.000271106 0.000852003 0.00185697 0.000266229 -0.000205654
internal_weight=2348.41 1067.86 431.799 151.014 280.784 1280.55
internal_count=28596 10648 4191 1315 2876 17948
is_linear=0
shrinkage=0.03


Tree=345
num_leaves=7
num_cat=0
split_feature=31 25 28 23 27 25
split_gain=0.176012 0.195143 0.219185 0.198151 0.15536 0.166745
threshold=4.4362272322177896 0.89907671907406439 0.37049102783203131 -0.44768706282505005 2.51499354839325 -0.031964817978719633
decision_type=10 2 10 2 10 2
left_child=1 3 -3 -1 5 -5
right_child=-2 2 -4 4 -6 -7
leaf_value=-0.0013938225457990844 0.00035880063594205004 -0.00067570418856802259 0.0030724198697369112 -0.00049612363224149332 -0.0015150831475088378 0.00020943000562752672
leaf_weight=113.34972867823672 857.35763425593905 18.762113233155105 24.09710282710148 475.38775163382525 59.578571583842859 786.05498001357773
leaf_count=1410 13375 257 253 4740 579 7923
internal_value=1.92336e-05 -0.000178932 0.00161421 -0.000243317 -0.000134868 -5.8276e-05
internal_weight=2334.59 1477.23 42.8592 1434.37 1321.02 1261.44
internal_count=28537 15162 510 14652 13242 12663
is_linear=0
shrinkage=0.03


Tree=346
num_leaves=7
num_cat=0
split_feature=51 0 36 6 22 12
split_gain=0.141663 0.270523 0.340141 0.320839 0.277884 0.374957
threshold=0.45000000000000007 -0.1622559407260292 0.36377634478902271 0.01958772521940336 -0.012917627629884991 0.53722448628807351
decision_type=2 2 8 2 2 2
left_child=-1 -2 4 -4 -3 -6
right_child=1 2 3 -5 5 -7
leaf_value=-0.00014585471577506807 0.0021020282175902498 0.00094115348833182129 -0.0007669749235219151 0.0020061509239345352 0.00082507994246968361 -0.0028437504116379233
leaf_weight=1980.998930307338 65.071697595762089 43.207174884853885 51.307224973803386 96.523880817112513 31.135161179467104 69.689636647701263
leaf_count=25180 756 422 466 802 497 422
internal_value=-4.62166e-05 0.000495683 7.97724e-05 0.00105608 -0.000925792 -0.00173858
internal_weight=2337.93 356.935 291.863 147.831 144.032 100.825
internal_count=28545 3365 2609 1268 1341 919
is_linear=0
shrinkage=0.03


Tree=347
num_leaves=7
num_cat=0
split_feature=2 2 8 12 11 1
split_gain=0.14268 0.32979 0.318098 0.19537 0.243735 0.156892
threshold=-0.021640979111938085 0.045092583946012975 0.12644176053820602 1.3967022761021195 0.0058399493536293824 -0.032918379961494722
decision_type=2 2 2 2 2 2
left_child=2 -2 -1 4 -3 -4
right_child=1 3 5 -5 -6 -7
leaf_value=8.45307633778072e-06 -0.0012427048672247916 0.0025203364600688595 -9.7511040529684828e-05 -0.0013221173348278259 -2.6647175307298064e-05 0.0027301503661558315
leaf_weight=1850.4362132263195 229.21956462689559 46.78777365401038 24.175828173523769 32.957055650651455 83.078360722021898 49.405448217410594
leaf_count=23029 2943 571 257 160 1079 436
internal_value=-1.6702e-05 -0.000530863 9.02679e-05 0.000485177 0.00100556 0.00190058
internal_weight=2316.06 392.043 1924.02 162.823 129.866 73.5813
internal_count=28475 4753 23722 1810 1650 693
is_linear=0
shrinkage=0.03


Tree=348
num_leaves=7
num_cat=0
split_feature=10 14 20 27 29 1
split_gain=0.13695 0.231717 0.147191 0.133207 0.260151 0.134154
threshold=-0.13167212107272711 0.15789183885710947 -0.03596184594856993 2.51499354839325 -5.293468475341796 0.009856805887102367
decision_type=2 2 2 10 10 2
left_child=1 2 -1 -2 -5 -6
right_child=3 -3 -4 4 5 -7
leaf_value=-0.0021628328318234694 7.907198492959512e-05 0.003362744741050889 0.0010742743012506115 0.00049619129968770076 -0.0025689826250539843 -4.0406593183450702e-05
leaf_weight=10.667246280121615 2120.7347074856661 19.710344485938549 22.800660031032749 71.519412365101743 56.951453325222246 26.75357993459329
leaf_count=238 25915 112 458 909 685 241
internal_value=5.38206e-05 0.00143159 -0.000217698 1.5507e-05 -0.000805165 -0.00185136
internal_weight=2329.14 53.1783 33.4679 2275.96 155.224 83.705
internal_count=28558 808 696 27750 1835 926
is_linear=0
shrinkage=0.03


Tree=349
num_leaves=7
num_cat=0
split_feature=23 27 36 46 29 3
split_gain=0.214852 0.141477 0.13866 0.160544 0.129497 0.334985
threshold=0.60798110501374814 1.4847362637519839 -1.2375939872873809 20.500000000000004 -5.293468475341796 -0.24543728179954535
decision_type=2 10 10 10 10 2
left_child=4 2 -2 -4 5 -1
right_child=1 -3 3 -5 -6 -7
leaf_value=-0.0012925935224628589 -0.00034432869948014869 -0.0007366697465877426 0.0035515045457269532 0.00056063891623025694 -0.00020584279618580416 0.00052436517223491172
leaf_weight=96.288445620215498 19.151272300397977 19.571438459679484 33.90803886129288 32.57841506972909 1482.3488615597744 650.23284874102683
leaf_count=1753 254 207 381 330 17496 8128
internal_value=2.1166e-05 0.00128452 0.00177517 0.00235088 -4.39391e-05 0.00027602
internal_weight=2334.08 105.209 85.6377 66.4865 2228.87 746.521
internal_count=28549 1172 965 711 27377 9881
is_linear=0
shrinkage=0.03


Tree=350
num_leaves=7
num_cat=0
split_feature=36 12 35 22 31 50
split_gain=0.130484 0.277266 0.276871 0.257606 0.252417 0.241265
threshold=-0.88793544512655986 0.633446994310499 -1.4838857754976267 -0.024390030626419836 1.092968635261059 0.90454545454545465
decision_type=10 2 10 2 8 2
left_child=1 4 -2 -3 -1 -4
right_child=2 3 5 -5 -6 -7
leaf_value=-0.0011312744759082031 0.0011741815430326859 0.000451301046828515 -2.4165598138241299e-05 -0.0012635561865279776 0.00072809612272960015 0.0026297733725850472
leaf_weight=75.127655056887306 214.42141522446764 100.93373823165894 1340.8168373476365 291.30346998758614 283.6458627776592 21.550646075047553
leaf_count=1206 2691 682 15533 1883 6275 173
internal_value=4.30702e-05 -0.000280088 0.000197783 -0.000822026 0.000318623 3.66722e-05
internal_weight=2327.8 751.011 1576.79 392.237 358.774 1362.37
internal_count=28443 10046 18397 2565 7481 15706
is_linear=0
shrinkage=0.03


Tree=351
num_leaves=7
num_cat=0
split_feature=23 22 14 14 25 35
split_gain=0.18456 0.297448 0.194005 0.188212 0.180305 0.197577
threshold=-0.3021662770987818 0.0034525250034794651 0.31953153718185695 0.027661524865742027 0.77179187551235173 1.8426681537003746
decision_type=2 2 2 2 2 10
left_child=1 2 4 -2 5 -1
right_child=3 -3 -4 -5 -6 -7
leaf_value=-0.001712040716570099 -0.0012783610641134444 0.00067976482372799317 -0.003153136924714263 0.00028000806869103977 0.00054351512468211072 0.0005165259748051216
leaf_weight=136.31123864214169 62.686019103726721 127.99049274111167 24.832984730601311 1850.8995561376214 69.374208545312285 42.231624942010967
leaf_count=2090 4700 1834 108 17834 1206 588
internal_value=9.97042e-05 -0.000478168 -0.00102636 0.000222578 -0.000699336 -0.00118547
internal_weight=2314.33 400.741 272.75 1913.59 247.917 178.543
internal_count=28360 5826 3992 22534 3884 2678
is_linear=0
shrinkage=0.03


Tree=352
num_leaves=7
num_cat=0
split_feature=0 2 2 28 31 1
split_gain=0.149937 0.140771 0.161775 0.26233 0.246361 0.175881
threshold=0.46586906684600954 -0.021640979111938085 0.014480709445959321 -0.7028769552707671 -0.14239013195037839 0.016985949811564666
decision_type=2 2 2 10 10 2
left_child=1 -1 4 5 -3 -4
right_child=-2 2 3 -5 -6 -7
leaf_value=-1.1382860065343296e-06 0.0015297141324482964 -0.0032004065030622241 0.0023359384865946232 -0.00070682351322600854 -0.00055381901335693361 -0.00084408454735890022
leaf_weight=1906.6319015738991 41.489953087992035 36.792929399292916 42.910670620942255 169.61765451577958 115.77665825583972 16.186282770009711
leaf_count=23440 432 409 634 1699 1650 231
internal_value=-7.19396e-05 -0.000107515 -0.000625835 -0.000106677 -0.00134966 0.00146884
internal_weight=2329.41 2287.92 381.284 228.715 152.57 59.097
internal_count=28495 28063 4623 2564 2059 865
is_linear=0
shrinkage=0.03


Tree=353
num_leaves=7
num_cat=0
split_feature=28 39 5 5 31 27
split_gain=0.227382 0.259142 0.170434 0.2247 0.285588 0.225026
threshold=4.1199619770050058 4.5000000000000009 -0.011440871593532123 1.0000000180025095e-35 0.13974016904830935 2.8338406085968022
decision_type=10 2 2 2 10 8
left_child=2 -2 -1 4 -4 -5
right_child=1 -3 3 5 -6 -7
leaf_value=0.00024393925339749088 0.003462548379477225 3.3735639030531529e-05 -0.0016014143658921618 0.00050726278962586737 -0.0002542480516371602 -0.0012261354891543684
leaf_weight=1043.647859160701 26.331352690933272 44.136401585768908 180.94755802175496 406.5184383688611 568.46033942913346 70.663509952195454
leaf_count=12651 197 412 1929 4317 8237 774
internal_value=1.87913e-05 0.00158604 -3.65982e-05 -0.000275337 -0.000596331 0.000230673
internal_weight=2340.71 70.4678 2270.24 1226.59 749.408 477.182
internal_count=28517 609 27908 15257 10166 5091
is_linear=0
shrinkage=0.03


Tree=354
num_leaves=7
num_cat=0
split_feature=49 22 36 22 12 22
split_gain=0.16028 0.0989435 0.15067 0.13507 0.12981 0.116984
threshold=1.5000000000000002 -0.1601264224905416 2.1171514941570382 -0.1378965282686028 0.67892112849917652 -0.12222250240848485
decision_type=2 2 10 2 2 2
left_child=1 2 -1 4 -3 -5
right_child=-2 3 -4 5 -6 -7
leaf_value=-0.00096058292544650282 0.0021349499247303653 -0.00030066032234232483 0.0014306965536531879 -0.0015066460176563967 0.0024773286959603644 -3.6122921597546687e-05
leaf_weight=191.88514108746313 19.391890631057322 22.341635436925571 17.929181891086046 39.909037037286907 26.972956474870443 2021.1228268980049
leaf_count=2794 126 505 256 513 169 24199
internal_value=-6.72103e-05 -9.46992e-05 -0.000700451 -3.14548e-05 0.00138027 -7.17349e-05
internal_weight=2339.55 2320.16 209.814 2110.35 49.3146 2061.03
internal_count=28562 28436 3050 25386 674 24712
is_linear=0
shrinkage=0.03


Tree=355
num_leaves=7
num_cat=0
split_feature=7 34 46 3 14 7
split_gain=0.125438 0.183689 0.148579 0.134727 0.248106 0.268279
threshold=-0.10497029864169484 -1.3701382726430891 78.500000000000014 -0.12749624343694693 0.10371103651527876 0.093059164733422434
decision_type=2 8 8 2 2 2
left_child=1 2 -1 -2 5 -5
right_child=3 -3 -4 4 -6 -7
leaf_value=0.0017547339842186776 0.00023805720043279405 -0.0017399579870060937 -0.00068477825353106987 0.00010140442479320782 -0.00054570255277795678 0.0026181205548387021
leaf_weight=25.474109604838304 1246.188110600604 80.027848281548359 51.877320076659089 229.81881293799961 662.54708117246628 35.918560991296545
leaf_count=707 15446 1265 1341 4891 4190 639
internal_value=-2.57046e-05 -0.000817122 0.000227534 3.50533e-05 -0.000237105 0.000524191
internal_weight=2331.85 157.379 77.3514 2174.47 928.284 265.737
internal_count=28479 3313 2048 25166 9720 5530
is_linear=0
shrinkage=0.03


Tree=356
num_leaves=7
num_cat=0
split_feature=8 22 31 14 8 24
split_gain=0.156573 0.135292 0.167691 0.235415 0.161574 0.13096
threshold=0.30369138395519463 -0.15768213182079982 1.6813822984695437 0.24035663890157938 -0.0091034008583159975 1.5000000000000002
decision_type=2 2 8 2 2 2
left_child=1 2 4 -4 -1 -3
right_child=-2 5 3 -5 -6 -7
leaf_value=0.002187762904637968 0.002186048887902334 -0.00025834564308293483 -0.00059617515622448398 -0.0034582618783859033 -0.00062716280594265637 0.00022378268187522881
leaf_weight=20.732025660574436 18.827546505141072 824.50699351454386 124.14452143915696 24.8974839001894 37.636532011441886 1282.5650454142597
leaf_count=219 216 10108 2355 121 342 15142
internal_value=-1.13595e-05 -3.85623e-05 -0.000751112 -0.00126167 0.000546428 3.47945e-05
internal_weight=2333.31 2314.48 207.411 149.042 58.3686 2107.07
internal_count=28503 28287 3037 2476 561 25250
is_linear=0
shrinkage=0.03


Tree=357
num_leaves=7
num_cat=0
split_feature=24 2 37 46 35 40
split_gain=0.15009 0.158529 0.152491 0.139312 0.281663 0.194702
threshold=7.5000000000000009 -0.31590719059422395 4.9920104266385801 259.50000000000006 0.22641114145517352 1.5000000000000002
decision_type=2 2 10 10 8 2
left_child=1 -1 -2 5 -5 -3
right_child=2 3 -4 4 -6 -7
leaf_value=-0.0012100727894319998 0.0012440496141011524 0.00032230890014729599 -0.0012116868507894599 -0.0024494120701425014 0.00052296511887519085 -0.00029789860363112604
leaf_weight=84.045364331104793 144.85054522269638 1292.9966950590606 18.488932772073895 47.456684055738151 51.564570623100735 691.12801527720876
leaf_count=2140 1955 15202 166 587 569 7849
internal_value=6.27566e-05 -5.16185e-06 0.000912211 4.89996e-05 -0.000995576 0.000105862
internal_weight=2330.53 2167.19 163.339 2083.15 99.0213 1984.12
internal_count=28468 26347 2121 24207 1156 23051
is_linear=0
shrinkage=0.03


Tree=358
num_leaves=7
num_cat=0
split_feature=28 36 7 30 34 12
split_gain=0.146075 0.215321 0.230861 0.210211 0.21928 0.211565
threshold=0.5529184639453889 2.4583147205234996 0.028386326378096825 0.60122913122177135 0.48686327536900847 0.72049784300124098
decision_type=8 10 2 10 10 2
left_child=3 -2 -3 4 -1 -6
right_child=1 2 -4 -5 5 -7
leaf_value=-0.00012929430887754969 0.00040914646973195883 -0.0023556616762319843 0.00054251059260268064 -0.00091915302433403915 -0.00024171741334637014 0.0024248129882989394
leaf_weight=795.79438965555164 1093.0345618706197 44.9255825340515 39.405765200499445 256.53915808832971 43.495402891363483 53.378135435283184
leaf_count=12306 11511 433 312 2906 727 338
internal_value=6.00427e-05 0.000293692 -0.00108747 -0.0001798 4.05074e-05 0.00131697
internal_weight=2326.57 1177.37 84.3313 1149.21 892.668 96.8735
internal_count=28533 12256 745 16277 13371 1065
is_linear=0
shrinkage=0.03


Tree=359
num_leaves=7
num_cat=0
split_feature=27 29 25 2 0 17
split_gain=0.153763 0.250522 0.148027 0.127749 0.136531 0.117502
threshold=2.4626518487930302 -4.6581373214721671 -0.14691051921577392 -0.043662164216163528 -0.03380947129182587 1.5000000000000002
decision_type=10 10 2 2 2 2
left_child=5 3 -3 4 -2 -1
right_child=1 2 -4 -5 -6 -7
leaf_value=0.00014737273480817023 0.00097466724550518348 0.00015484364069253813 -0.0026294190601396164 0.0019403098442579319 -0.0014226809183936636 -0.00081636858240260958
leaf_weight=2051.8103036018147 29.444204515428282 21.568025576649234 58.01744151674211 19.709483565704431 37.772391730803065 110.62119707665988
leaf_count=24807 422 253 652 247 415 1682
internal_value=2.54605e-05 -0.000826193 -0.00194181 0.000290177 -0.0003823 9.45407e-05
internal_weight=2328.94 166.512 79.5855 86.9261 67.2166 2162.43
internal_count=28478 1989 905 1084 837 26489
is_linear=0
shrinkage=0.03


Tree=360
num_leaves=7
num_cat=0
split_feature=24 47 26 1 2 20
split_gain=0.144581 0.181513 0.251113 0.302878 0.14969 0.24852
threshold=7.5000000000000009 4.5000000000000009 1.4720706939697268 -0.041029197080891484 -0.2868854246054367 -0.02772403997122613
decision_type=2 8 10 2 2 2
left_child=1 2 3 -1 5 -3
right_child=-2 4 -4 -5 -6 -7
leaf_value=0.00042018048301356987 0.00071071971021621631 -0.0029934083014697059 0.00119427789906179 -0.0035009867894501053 -6.3549917176396637e-05 -9.2332555432855386e-05
leaf_weight=23.569694370671641 165.8462406983017 32.670632094203029 18.29080878791865 43.590930058097001 1983.9949988852604 72.223340864438796
leaf_count=390 2132 853 233 521 22775 1717
internal_value=-0.000117775 -0.000183932 -0.00146387 -0.00224876 -0.000124847 -0.0011778
internal_weight=2340.19 2174.34 85.4514 67.1606 2088.89 104.894
internal_count=28621 26489 1144 911 25345 2570
is_linear=0
shrinkage=0.03


Tree=361
num_leaves=7
num_cat=0
split_feature=12 37 36 35 3 50
split_gain=0.126306 0.137271 0.301756 0.120221 0.237885 0.227537
threshold=-1.2976756097991466 -6.0137545348643657 -1.4891513720075917 -1.4838857754976267 -0.13846033177655584 0.9545454545454547
decision_type=2 8 10 10 2 2
left_child=-1 2 -2 5 -5 -3
right_child=1 3 -4 4 -6 -7
leaf_value=-0.0016993152992917195 -0.0011515894143120343 0.00044149439959238751 0.0027321877105837777 0.00018413023306438638 -0.00055512560540767555 -0.0016424006636004572
leaf_weight=29.441532149954583 21.942252766340971 655.32167105562985 37.077385411597788 801.4125396348536 749.55271274363622 40.986517402343452
leaf_count=3626 364 7509 561 8871 7301 335
internal_value=-1.59565e-05 1.27764e-05 0.00133063 -2.75758e-05 -0.000174406 0.000297314
internal_weight=2335.73 2306.29 59.0196 2247.27 1550.97 696.308
internal_count=28567 24941 925 24016 16172 7844
is_linear=0
shrinkage=0.03


Tree=362
num_leaves=7
num_cat=0
split_feature=47 39 36 49 33 12
split_gain=0.130351 0.270126 0.159746 0.14989 0.100767 0.237572
threshold=4.5000000000000009 5.5000000000000009 -0.55844779436398906 1.5000000000000002 -1.7759838104248045 0.60061526685965361
decision_type=8 2 10 2 10 2
left_child=1 2 -1 4 5 -2
right_child=3 -3 -4 -5 -6 -7
leaf_value=-0.0037752851548329778 0.00039626516755846626 0.00079172594390173831 -0.00057424284300779669 0.0022944075707044356 0.0001700805317148038 -0.00079775714602833695
leaf_weight=21.453011929988861 256.17073947835888 38.848540364066139 33.187271327828057 17.0769912248943 1629.8812742785376 336.46447543054819
leaf_count=322 5785 534 382 114 19101 2239
internal_value=2.7847e-05 -0.00101334 -0.00222066 7.56213e-05 4.83721e-05 -0.000283622
internal_weight=2333.08 93.4888 54.6403 2239.59 2222.52 592.635
internal_count=28477 1238 704 27239 27125 8024
is_linear=0
shrinkage=0.03


Tree=363
num_leaves=7
num_cat=0
split_feature=5 7 23 4 14 30
split_gain=0.152395 0.295173 0.347995 0.278419 0.340614 0.191023
threshold=-0.0097136708014106208 0.082851968726798952 0.31074930902570352 -0.016546102484139309 0.10074512176218835 0.781671702861786
decision_type=2 2 2 2 2 8
left_child=-1 2 -2 4 -3 -6
right_child=1 3 -4 -5 5 -7
leaf_value=0.00021090790690984494 -0.00019630728672519936 0.00040546029654103604 0.0019227107790331978 0.00099173712896608599 -0.0011801676714166326 -0.0034481882327633833
leaf_weight=1086.7106247851625 919.81661363548483 53.788940279046074 65.410549891152186 37.888981419266202 90.763257279992104 64.759136758744717
leaf_count=13035 12158 1065 826 399 560 375
internal_value=-4.70458e-05 -0.000274367 -3.77171e-05 -0.00117941 -0.00159972 -0.00227583
internal_weight=2319.14 1232.43 985.227 247.2 209.311 155.522
internal_count=28418 15383 12984 2399 2000 935
is_linear=0
shrinkage=0.03


Tree=364
num_leaves=7
num_cat=0
split_feature=8 39 36 7 14 39
split_gain=0.149025 0.187254 0.1834 0.169554 0.272877 0.283283
threshold=-0.066244158714105342 2.5000000000000004 0.39657122310086018 0.081556182558951265 0.10786888036898733 3.5000000000000004
decision_type=2 2 8 2 2 2
left_child=1 -1 -3 -2 -5 -6
right_child=3 2 -4 4 5 -7
leaf_value=-0.0019614431790130659 0.00026846804051518691 -0.00085015343126982181 0.00055278087670019107 0.00081854993811878807 -0.0022630035296111991 -0.00027089750601772618
leaf_weight=57.372385742841288 1528.2099660200183 172.93902003351832 145.60171523201279 110.30573191659641 82.571522906422615 220.9517755061388
leaf_count=1039 18024 3241 2338 2009 446 1332
internal_value=1.62043e-05 -0.000522552 -0.00021158 0.000122632 -0.000409546 -0.000867731
internal_weight=2317.95 375.913 318.541 1942.04 413.829 303.523
internal_count=28429 6618 5579 21811 3787 1778
is_linear=0
shrinkage=0.03


Tree=365
num_leaves=7
num_cat=0
split_feature=28 35 33 27 12 30
split_gain=0.131438 0.310219 0.277699 0.259482 0.225574 0.205973
threshold=1.9798751473426821 0.64271493181808015 -0.58475156873464573 0.50367841124534618 1.2703982667234479 -1.838316738605499
decision_type=10 10 10 10 2 8
left_child=5 2 3 -2 -3 -1
right_child=1 4 -4 -5 -6 -7
leaf_value=0.00021021429903079081 0.0011908546594076156 0.00034222669662250323 0.0021983791707825607 -0.0014136207981654816 -0.0016096391110257075 -0.00042821809443425215
leaf_weight=743.59865444524621 74.133294856350403 128.27599328063661 104.96381374448538 48.343835641164333 77.969886653125286 1141.9226846624515
leaf_count=11546 727 1437 984 467 390 12907
internal_value=-6.81289e-05 0.00039706 0.00113901 0.000133717 -0.000435976 -0.000176657
internal_weight=2319.21 433.687 227.441 122.477 206.246 1885.52
internal_count=28458 4005 2178 1194 1827 24453
is_linear=0
shrinkage=0.03


Tree=366
num_leaves=7
num_cat=0
split_feature=23 6 8 35 7 30
split_gain=0.135401 0.13937 0.151549 0.128644 0.229652 0.125676
threshold=0.70902891549459535 0.47458193080532401 0.095880417304791909 1.313422107899731 0.13498754378235181 -1.0167216062545774
decision_type=2 2 2 10 2 10
left_child=1 5 -3 4 -2 -1
right_child=3 2 -4 -5 -6 -7
leaf_value=0.00012187397400701594 0.003544779662268154 -0.00015804994606901794 0.0028094929568719231 -0.00053003313496782995 -0.00021778193552524932 -0.00032851766568009233
leaf_weight=1119.9751322597149 23.870037239626981 28.667768468032591 21.309810158913024 22.484101653564721 23.743780430871993 1092.712887955131
leaf_count=16076 320 303 189 247 218 11173
internal_value=-2.01461e-05 -6.27866e-05 0.00136473 0.00119223 0.00195635 -0.000101025
internal_weight=2332.76 2262.67 49.9776 70.0979 47.6138 2212.69
internal_count=28526 27741 492 785 538 27249
is_linear=0
shrinkage=0.03


Tree=367
num_leaves=7
num_cat=0
split_feature=3 28 26 6 26 7
split_gain=0.127864 0.298654 0.234589 0.255051 0.240511 0.154042
threshold=-0.23845042274485165 2.5174576044082646 -1.1123366951942442 -0.080640120166797766 1.0368596315383913 -0.0048231450628014724
decision_type=2 8 10 2 10 2
left_child=1 2 -1 -4 -5 -6
right_child=-2 -3 3 4 5 -7
leaf_value=-0.0011205249992278072 0.00018305790674998703 -0.0021921502223899948 -0.0011451736071764627 0.0024343157826050604 0.0019239674158521491 -0.00083602705498777251
leaf_weight=96.853906353848288 1994.3720847383229 59.984176599653438 44.980946387222502 66.078135025105439 15.834345396200659 51.592178948922083
leaf_count=1846 23178 878 887 910 228 651
internal_value=9.15568e-05 -0.000442197 2.50478e-06 0.000639026 0.00127808 -2.30966e-05
internal_weight=2329.7 335.324 275.34 178.486 133.505 67.4265
internal_count=28578 5400 4522 2676 1789 879
is_linear=0
shrinkage=0.03


Tree=368
num_leaves=7
num_cat=0
split_feature=5 1 7 33 26 33
split_gain=0.121878 0.13273 0.150648 0.141906 0.135136 0.128435
threshold=-0.16809133489906505 -0.09275982561641373 0.044208730386879044 -0.2529820402463277 2.1338064670562749 -2.4900540883342424
decision_type=2 2 2 8 8 8
left_child=1 4 -3 -4 -1 -2
right_child=5 2 3 -5 -6 -7
leaf_value=0.0015508179536440688 -0.000564580471861188 -0.0021526637715130214 -0.0013783506693007331 0.0014893027059135068 -0.0015416328927353351 0.00017005014729804262
leaf_weight=28.558048534032423 230.771519633563 61.489890085125808 20.680227881879546 21.484423680230975 9.7028013082453963 1941.8976392481127
leaf_count=614 3195 845 232 243 168 23175
internal_value=3.27438e-05 -0.000789057 -0.00131356 8.82154e-05 0.000609646 8.97917e-05
internal_weight=2314.58 141.915 103.655 42.1647 38.2608 2172.67
internal_count=28472 2102 1320 475 782 26370
is_linear=0
shrinkage=0.03


Tree=369
num_leaves=7
num_cat=0
split_feature=11 47 7 11 11 10
split_gain=0.13028 0.26954 0.17904 0.165689 0.153858 0.14683
threshold=-0.090659555424422958 8.5000000000000018 -0.031371926671917141 -0.082744503990878446 -0.079102094855727001 0.050267501686341261
decision_type=2 8 2 2 2 2
left_child=1 2 -1 -2 -5 -6
right_child=3 -3 -4 4 5 -7
leaf_value=0.00022329683700994242 0.0019424901490980495 0.00039899593701805611 -0.0024092035375451624 -0.0022251845545215271 -6.1510511718730946e-05 0.00052312754628506956
leaf_weight=30.029553290631156 32.644263496680651 102.35030074237147 73.443171345745213 16.355582151736598 1574.0319026046491 501.79082696531259
leaf_count=560 393 1485 831 189 19189 5847
internal_value=2.01746e-05 -0.000682345 -0.00169286 9.11023e-05 5.31122e-05 8.16451e-05
internal_weight=2330.65 205.823 103.473 2124.82 2092.18 2075.82
internal_count=28494 2876 1391 25618 25225 25036
is_linear=0
shrinkage=0.03


Tree=370
num_leaves=7
num_cat=0
split_feature=28 36 28 12 36 14
split_gain=0.166896 0.22879 0.225623 0.292286 0.26892 0.31106
threshold=0.30202503502368933 2.5563570544531697 -0.31882722675800318 0.99870007701907093 1.6576886420335737 0.14776552989209993
decision_type=10 10 10 2 10 2
left_child=1 2 4 -4 -1 -6
right_child=-2 -3 3 -5 5 -7
leaf_value=-0.00025345067918410144 0.00024024798866134029 0.0012917714000856917 -0.00030508345720540737 -0.0020371902889747347 -0.00026912127944909363 0.0035459954383190071
leaf_weight=729.52885535654787 1097.3136090157204 69.905568358604796 234.69509093323722 134.25019348785281 36.421282901632367 27.892333470284939
leaf_count=11204 11016 847 3768 777 732 159
internal_value=-2.77046e-05 -0.000266243 -0.000370125 -0.000972482 -8.15595e-05 0.00163998
internal_weight=2330.01 1232.69 1162.79 368.945 793.842 64.3136
internal_count=28503 17487 16640 4545 12095 891
is_linear=0
shrinkage=0.03


Tree=371
num_leaves=7
num_cat=0
split_feature=36 41 47 7 34 25
split_gain=0.131022 0.328429 0.266395 0.378324 0.297907 0.241199
threshold=1.5582094863702209 1.5000000000000002 6.5000000000000009 0.040829358495535588 0.98673413073023164 0.0044292037267302251
decision_type=8 2 8 2 10 2
left_child=-1 2 3 -2 -4 -6
right_child=1 -3 4 -5 5 -7
leaf_value=-5.0571444496856817e-05 -0.0019502813022456529 0.0030953949513478438 0.00099797680507655363 0.0011280416592526253 -0.0018328786048351575 0.00091015811138463697
leaf_weight=1686.9153238215076 87.978718704311177 29.766669241013005 372.42601892765379 48.554486638866365 62.148458447598387 40.125614983029664
leaf_count=21110 1124 216 4515 486 589 364
internal_value=8.86598e-05 0.000450222 0.000273651 -0.000853282 0.000608696 -0.000771479
internal_weight=2327.92 641 611.233 136.533 474.7 102.274
internal_count=28404 7294 7078 1610 5468 953
is_linear=0
shrinkage=0.03


Tree=372
num_leaves=7
num_cat=0
split_feature=27 0 28 2 33 2
split_gain=0.207431 0.263128 0.275114 0.258357 0.394178 0.346949
threshold=-0.37955765426158899 0.0099882119199677395 0.44573460519313818 0.082216118246992195 -0.3415831178426742 -0.061404001813750983
decision_type=8 2 8 2 10 2
left_child=-1 3 -3 5 -5 -2
right_child=1 2 -4 4 -6 -7
leaf_value=0.00053238695919236739 -0.00025011938832358421 -0.00038031216234036576 0.00079754672985006764 0.0038307567924711181 -0.0011029378569311552 -0.0014564472910681093
leaf_weight=428.63573809457012 875.94548200623831 317.41511995121255 384.78748030785937 20.92383719648933 21.002668710192665 276.75029823405202
leaf_count=6693 11233 3465 3291 251 220 3369
internal_value=-5.61327e-05 -0.000191218 0.000267258 -0.000460693 0.00162283 -0.000549782
internal_weight=2325.46 1896.82 702.203 1194.62 41.9265 1152.7
internal_count=28522 21829 6756 15073 471 14602
is_linear=0
shrinkage=0.03


Tree=373
num_leaves=7
num_cat=0
split_feature=14 37 2 26 7 11
split_gain=0.151243 0.249355 0.114953 0.262979 0.192693 0.210268
threshold=0.41385917847164688 3.362095615651572 -0.1638066696521025 2.6081926822662358 -0.0053885025339599291 0.017811226100862106
decision_type=2 10 2 10 2 2
left_child=2 -2 3 4 5 -1
right_child=1 -3 -4 -5 -6 -7
leaf_value=0.00068093737997876487 -0.0022441837367919034 0.00043670118252586753 0.00018508018602783098 0.0012045181561784824 -0.0010598301307611472 -0.0011952278322298014
leaf_weight=161.22825547726825 57.894722200930119 52.727242916822433 1624.5533017704729 80.229926727624843 284.78709589454229 68.420004703191807
leaf_count=3127 238 219 18445 1126 3904 1385
internal_value=-1.42166e-06 -0.00103609 5.45701e-05 -0.000299132 -0.000552133 9.54146e-05
internal_weight=2329.84 110.622 2219.22 594.665 514.435 229.648
internal_count=28444 457 27987 9542 8416 4512
is_linear=0
shrinkage=0.03


Tree=374
num_leaves=7
num_cat=0
split_feature=14 27 35 26 11 6
split_gain=0.131623 0.273852 0.161186 0.194459 0.238003 0.204746
threshold=0.41385917847164688 2.1409999492153119e-14 -1.7172787432662313 -0.98678648471832264 0.11129591335915441 -0.017056439156376117
decision_type=2 10 10 10 2 2
left_child=2 -2 -1 4 -4 -5
right_child=1 -3 3 5 -6 -7
leaf_value=0.00045609341311108676 -0.0024269687832054066 0.00039327505128457018 -0.00094590685604508654 -0.00044769375669741988 0.0020829804325019933 0.00035153527786327036
leaf_weight=649.61437956342706 48.669645145535469 60.67205324023962 311.15783743106294 435.65956295665819 15.857446765294297 808.5607759297709
leaf_count=8851 201 250 4051 6216 186 8764
internal_value=1.04945e-05 -0.000960233 6.23775e-05 -0.000102256 -0.000741583 7.03497e-05
internal_weight=2330.19 109.342 2220.85 1571.24 327.015 1244.22
internal_count=28519 451 28068 19217 4237 14980
is_linear=0
shrinkage=0.03


Tree=375
num_leaves=7
num_cat=0
split_feature=34 21 10 47 34 3
split_gain=0.163094 0.155292 0.153265 0.146917 0.303292 0.161619
threshold=-7.6496938218673067 1.0000000180025095e-35 0.018097445728648673 5.5000000000000009 -6.7355736245711642 0.0029032810422286457
decision_type=8 2 2 8 10 2
left_child=1 -1 -3 4 -2 -6
right_child=3 2 -4 -5 5 -7
leaf_value=0.0024370306468099717 -0.0031215721369260803 -0.00081186991894200702 0.0015000832198808274 -1.8422736886681212e-05 -0.00058696406153097166 0.0017699315929793895
leaf_weight=33.937259248472401 31.63582370482618 49.566507156909211 35.77263326587854 1940.6806531768234 216.71901540551335 19.838743690866977
leaf_count=658 455 1245 776 22610 2534 190
internal_value=-5.08053e-05 0.000985323 0.00021295 -0.000110943 -0.000755706 -0.000325536
internal_weight=2328.15 119.276 85.3391 2208.87 268.194 236.558
internal_count=28468 2679 2021 25789 3179 2724
is_linear=0
shrinkage=0.03


Tree=376
num_leaves=7
num_cat=0
split_feature=27 28 36 14 39 36
split_gain=0.166195 0.243891 0.287528 0.270488 0.250225 0.220474
threshold=2.8338406085968022 2.7757409811019902 2.0507956012191939 0.41385917847164688 4.5000000000000009 1.3149319320716442
decision_type=10 10 10 2 2 8
left_child=1 3 4 5 -3 -1
right_child=-2 2 -4 -5 -6 -7
leaf_value=-0.00026057274543462395 -0.0011342119361809461 0.002623216360693968 -0.0015352249944345215 -0.0017064271334317968 0.00043515974226581566 0.00043252088536302957
leaf_weight=1312.9910429716401 116.05563126306515 70.992683087708429 28.897608180064708 82.439413830637932 124.20007476292085 590.66015579365194
leaf_count=17580 1401 539 226 342 1156 7110
internal_value=-7.46967e-05 -1.42039e-05 0.000901973 -0.000121577 0.00132003 -4.4385e-05
internal_weight=2326.24 2210.18 224.09 1986.09 195.193 1903.65
internal_count=28354 26953 1921 25032 1695 24690
is_linear=0
shrinkage=0.03


Tree=377
num_leaves=7
num_cat=0
split_feature=34 34 8 11 36 12
split_gain=0.113624 0.155732 0.137458 0.123788 0.111722 0.124933
threshold=-7.9504116376241045 -6.3293890158335353 -0.062272936325375901 0.049762241929851257 -1.5163307103735859 -0.74786205224311331
decision_type=8 8 2 2 10 2
left_child=4 2 -2 -4 -1 -6
right_child=1 -3 3 -5 5 -7
leaf_value=-0.00036820108903162617 0.0009375682729923522 2.4131193971682341e-05 -0.0024710853028163402 0.00039427184705278611 -0.00096870838896510587 0.0019871261212318545
leaf_weight=36.578688787965802 13.932961776445152 2155.5193801925634 47.424171399557963 14.518383057438767 9.2966674137278442 63.579048851504922
leaf_count=909 387 24844 737 224 805 757
internal_value=2.24727e-05 -2.56705e-05 -0.00127853 -0.00183804 0.000923931 0.00153867
internal_weight=2340.85 2231.39 75.8755 61.9426 109.454 72.8757
internal_count=28663 26192 1348 961 2471 1562
is_linear=0
shrinkage=0.03


Tree=378
num_leaves=7
num_cat=0
split_feature=28 39 26 12 40 1
split_gain=0.193044 0.231142 0.133423 0.128157 0.36801 0.446577
threshold=4.1199619770050058 4.5000000000000009 -7.9702489376068106 1.1989963501508354 1.5000000000000002 -0.013159157667403878
decision_type=10 2 8 2 2 2
left_child=2 -2 -1 -4 -5 -6
right_child=1 -3 3 4 5 -7
leaf_value=0.0019280638274539184 0.0030622418919351805 -0.00011089884862333275 -3.236369553977393e-05 1.7497729502101825e-05 0.00030721254326064113 -0.0023621977294481481
leaf_weight=17.466599171748385 27.560290780616924 44.432042851578444 1599.7425415213511 412.39086645841599 83.070480242371559 152.91518592834473
leaf_count=308 205 418 24252 2192 461 783
internal_value=-0.000101812 0.00132918 -0.000152925 -0.00017756 -0.000529871 -0.00144824
internal_weight=2337.58 71.9923 2265.59 2248.12 648.377 235.986
internal_count=28619 623 27996 27688 3436 1244
is_linear=0
shrinkage=0.03


Tree=379
num_leaves=7
num_cat=0
split_feature=14 23 20 24 17 23
split_gain=0.154935 0.157349 0.195808 0.181854 0.159459 0.177193
threshold=0.02868019551154518 -0.3021662770987818 0.076532260665761145 2.5000000000000004 1.5000000000000002 -0.1908571973001478
decision_type=2 2 2 2 2 2
left_child=-1 2 3 -2 5 -3
right_child=1 4 -4 -5 -6 -7
leaf_value=-0.0011732869440638548 0.00030031072674273975 0.0014008092369269204 0.00089274484707535539 -0.0012534897737810002 -0.00096186966859154776 0.00015114981093390079
leaf_weight=87.604424598059268 90.715831452980638 99.122380666434765 65.993138184770942 224.22454585321248 97.554101184010506 1666.0281328447163
leaf_count=6550 957 975 720 2503 1122 15694
internal_value=-3.11356e-06 4.75801e-05 -0.000500109 -0.000810463 0.000161658 0.000228821
internal_weight=2331.24 2243.64 380.934 314.94 1862.7 1765.15
internal_count=28521 21971 4180 3460 17791 16669
is_linear=0
shrinkage=0.03


Tree=380
num_leaves=7
num_cat=0
split_feature=42 1 29 5 5 29
split_gain=0.108812 0.354852 0.185717 0.111003 0.302703 0.315242
threshold=2.5000000000000004 0.0058397516120058781 -2.5817143917083736 1.0000000180025095e-35 0.013864707673359318 -2.8040463924407955
decision_type=2 2 10 2 2 8
left_child=3 2 -2 -1 5 -5
right_child=1 -3 -4 4 -6 -7
leaf_value=-0.00016416910458000338 0.0034082106004995356 -0.0012025070030684704 0.0001876404342791213 -0.0002911130851934851 -4.4757531112429832e-05 0.0030451513803136394
leaf_weight=1772.753309885491 33.766523836413398 37.144389495486394 27.450654248474166 38.98685550049413 379.60875274601858 55.771523386705667
leaf_count=22622 366 298 288 450 4012 567
internal_value=-1.04378e-05 0.000918234 0.00219319 -5.4976e-05 0.000348053 0.00177574
internal_weight=2345.48 98.3616 61.2172 2247.12 474.367 94.7584
internal_count=28603 952 654 27651 5029 1017
is_linear=0
shrinkage=0.03


Tree=381
num_leaves=7
num_cat=0
split_feature=46 46 31 49 5 9
split_gain=0.129349 0.172095 0.186023 0.178941 0.377945 0.157724
threshold=7.5000000000000009 9.5000000000000018 3.0162432193756108 1.0000000180025095e-35 -0.021044435918322734 0.021031691592891959
decision_type=8 8 10 2 2 2
left_child=5 2 -2 -3 -5 -1
right_child=1 3 -4 4 -6 -7
leaf_value=-0.0004110163550364449 -0.0029260123078910633 -6.2080954008745417e-05 0.00041544521268595074 -0.00056748664729640449 0.0034626776009154072 0.0030746433085653497
leaf_weight=17.302103064954281 27.752526552416384 2175.5894434249203 21.217897028313018 39.190064676804468 29.801708072191104 16.275173493660986
leaf_count=259 274 26819 319 341 284 179
internal_value=-2.29801e-05 -5.35142e-05 -0.00165329 -1.14335e-05 0.00139136 0.00159636
internal_weight=2327.13 2293.55 48.9704 2244.58 68.9918 33.5773
internal_count=28475 28037 593 27444 625 438
is_linear=0
shrinkage=0.03


Tree=382
num_leaves=7
num_cat=0
split_feature=11 11 45 11 6 12
split_gain=0.13024 0.221156 0.169265 0.143684 0.168702 0.264473
threshold=-0.090659555424422958 -0.0845188628005374 0.27922077922077926 -0.17568712271944514 0.034490082401177256 1.1989963501508354
decision_type=2 2 10 2 2 2
left_child=2 -2 3 -1 5 -5
right_child=1 -3 -4 4 -6 -7
leaf_value=0.001411412304162992 0.0023358209156394338 -6.379172879392839e-05 -0.0019778123312858935 -0.0025817917879835312 0.00052482466793206514 0.0012782353203763764
leaf_weight=29.153660527314059 25.144985452410765 2094.8374870796542 62.699136004433967 48.273125358624384 53.597053097211756 15.0442593768239
leaf_count=443 299 25317 990 791 591 81
internal_value=-9.65308e-05 -2.44973e-05 -0.000793458 -0.000190925 -0.00067021 -0.0016154
internal_weight=2328.75 2119.98 208.767 146.068 116.914 63.3174
internal_count=28512 25616 2896 1906 1463 872
is_linear=0
shrinkage=0.03


Tree=383
num_leaves=7
num_cat=0
split_feature=26 40 14 15 46 14
split_gain=0.180829 0.288938 0.29296 0.305781 0.269406 0.267087
threshold=2.2174268960952763 1.5000000000000002 0.28755456020217163 1.5000000000000002 21.500000000000004 0.39316636867906257
decision_type=10 2 2 2 8 2
left_child=1 2 3 -1 -2 -3
right_child=4 5 -4 -5 -6 -7
leaf_value=0.00032048097745208075 0.001485533946174262 -0.00026097231766850662 0.0014316319003236716 -0.0012239612136127757 -0.0008757457504095839 -0.0024794390375567593
leaf_weight=965.33468196856847 39.863460464635864 614.4969883816666 175.1746129617095 120.95672135401401 376.06262314537889 43.446934759616852
leaf_count=13469 491 7712 770 1763 4190 180
internal_value=-6.05975e-05 6.31785e-05 0.000328276 0.000138914 -0.00061987 -0.000442395
internal_weight=2335.34 1919.41 1261.47 1086.29 415.926 657.944
internal_count=28575 23894 16002 15232 4681 7892
is_linear=0
shrinkage=0.03


Tree=384
num_leaves=7
num_cat=0
split_feature=35 31 2 2 33 26
split_gain=0.146882 0.172926 0.152017 0.251693 0.216241 0.249931
threshold=5.4612777573197642 7.1176422238349923 -0.021640979111938085 0.045092583946012975 0.21449149648348495 -1.6245245933532713
decision_type=10 10 2 2 8 10
left_child=2 -2 -1 4 5 -4
right_child=1 -3 3 -5 -6 -7
leaf_value=3.1634695551013157e-05 -0.00047632196142057231 0.0029554509820670944 -0.0017243418328143983 0.00028676098460256116 -0.0022301169883519579 0.00073473703155556996
leaf_weight=1916.9432873389596 18.808450870681554 21.076191127591301 57.266485176922288 162.06054419244174 97.748632048722357 74.348387679783627
leaf_count=23488 152 264 797 1785 1225 930
internal_value=-4.49011e-05 0.00156605 -7.93705e-05 -0.000610248 -0.00122955 -0.000381433
internal_weight=2348.25 39.8846 2308.37 391.424 229.364 131.615
internal_count=28641 416 28225 4737 2952 1727
is_linear=0
shrinkage=0.03


Tree=385
num_leaves=7
num_cat=0
split_feature=49 2 35 2 27 23
split_gain=0.168779 0.156286 0.291544 0.206282 0.149812 0.148107
threshold=1.5000000000000002 -0.021640979111938085 -3.1272227818315677 0.070586698044700816 0.12540031224489215 -0.3021662770987818
decision_type=2 2 10 2 8 2
left_child=1 5 3 4 -3 -1
right_child=-2 2 -4 -5 -6 -7
leaf_value=-0.00044043633147244861 0.0023467675395758324 -0.00029517911648055839 -0.00017281266518980268 0.00034359845801635924 -0.0040883811045148172 0.00021800387285381373
leaf_weight=372.80538129544584 17.373092537047341 14.23767879011575 329.89656912934151 18.076234073203523 31.503950473270379 1556.7672181650123
leaf_count=5422 114 226 3874 235 430 18239
internal_value=4.79368e-06 -2.27019e-05 -0.000559628 -0.00226492 -0.00317247 8.91742e-05
internal_weight=2340.66 2323.29 393.714 63.8179 45.7416 1929.57
internal_count=28540 28426 4765 891 656 23661
is_linear=0
shrinkage=0.03


Tree=386
num_leaves=7
num_cat=0
split_feature=11 2 28 12 14 37
split_gain=0.197692 0.16221 0.189223 0.176228 0.138589 0.162494
threshold=0.11129591335915441 -0.10348075712787431 0.15307510644197467 0.85347191826357749 0.028209123971929886 -4.7630002841663845
decision_type=2 2 8 2 2 10
left_child=4 3 -3 -2 -1 -6
right_child=1 2 -4 -5 5 -7
leaf_value=-0.0012556099512428366 0.0012213460031513512 -0.00025432906341880208 0.0025599271896349462 -0.0021514323409802289 0.00061153069107312786 -0.00015537490937617612
leaf_weight=79.918079159673653 19.071279004972894 28.59020883962512 60.110545231145807 17.489004924893379 277.23001414351165 1844.0396648310125
leaf_count=6155 342 353 540 100 3088 17880
internal_value=-3.39381e-05 0.00107961 0.00171897 -0.000507614 -0.000101901 -5.27485e-05
internal_weight=2326.45 125.261 88.7008 36.5603 2201.19 2121.27
internal_count=28458 1335 893 442 27123 20968
is_linear=0
shrinkage=0.03


Tree=387
num_leaves=7
num_cat=0
split_feature=0 40 35 3 36 5
split_gain=0.131932 0.110215 0.281927 0.190467 0.304896 0.224782
threshold=0.46586906684600954 2.5000000000000004 2.2809085794857573 -0.048089337773658695 -0.47586873318586081 0.034353365628769561
decision_type=2 2 8 2 10 2
left_child=1 -1 3 5 -5 -3
right_child=-2 2 -4 4 -6 -7
leaf_value=7.3603606238589704e-05 0.0015582882519111366 -0.00080797995611627774 -0.0017993282440514141 0.0034858292309297885 -0.00070618017215706718 0.001802614725985678
leaf_weight=1955.8127834572078 39.120217036921531 164.00397102767602 95.549775705207139 23.010911244200543 24.337657062686048 26.079836490564048
leaf_count=24187 425 2082 1081 239 232 271
internal_value=1.99254e-05 -1.30328e-05 -0.000509212 6.17064e-05 0.00158368 -0.00037761
internal_weight=2327.92 2288.79 332.982 237.432 47.3486 190.084
internal_count=28517 28092 3905 2824 471 2353
is_linear=0
shrinkage=0.03


Tree=388
num_leaves=7
num_cat=0
split_feature=40 46 45 37 5 6
split_gain=0.187764 0.319983 0.352321 0.284035 0.383929 0.361892
threshold=1.5000000000000002 22.500000000000004 0.5634920634920636 5.7688247368360566 0.038396215924252984 0.064412093588239488
decision_type=2 8 10 8 2 2
left_child=1 2 -1 -3 5 -5
right_child=-2 3 -4 4 -6 -7
leaf_value=0.0030400229975166169 -0.00036935508425174672 -7.2050755453954564e-05 -0.0012870446715418698 0.0026024526457006886 -0.0020863176605926724 -4.6590370974289427e-05
leaf_weight=55.92923366103787 774.05721633462235 1274.1321721931745 16.452314293768723 107.91702868882567 21.149076461326331 75.969489535898902
leaf_count=684 9268 16136 303 1264 189 740
internal_value=9.4811e-06 0.000199635 0.00201964 9.76106e-05 0.00110624 0.00156209
internal_weight=2325.61 1551.55 72.3815 1479.17 205.036 183.887
internal_count=28584 19316 987 18329 2193 2004
is_linear=0
shrinkage=0.03


Tree=389
num_leaves=7
num_cat=0
split_feature=35 24 47 39 3 20
split_gain=0.114908 0.124345 0.173432 0.18208 0.149729 0.228065
threshold=-5.8023672352234517 7.5000000000000009 4.5000000000000009 5.5000000000000009 -0.1603182219194064 -0.079005029170635718
decision_type=8 2 8 2 2 2
left_child=-1 2 3 -2 5 -4
right_child=1 -3 4 -5 -6 -7
leaf_value=0.0015430290989820496 -0.0022764006336094354 0.00073629256916318267 -0.00039414893652011572 0.00043110724657095486 -0.00025671910839721187 0.00061921358752063931
leaf_weight=31.999094510043506 53.842494079668541 162.0195715369191 302.53925196046475 30.13440398441162 1219.4418135609303 549.51547696421039
leaf_count=503 668 2078 4279 426 13392 7304
internal_value=-1.22547e-05 -4.02668e-05 -0.000101769 -0.00136234 -4.43665e-05 0.000259
internal_weight=2349.49 2317.49 2155.47 83.9769 2071.5 852.055
internal_count=28650 28147 26069 1094 24975 11583
is_linear=0
shrinkage=0.03


Tree=390
num_leaves=7
num_cat=0
split_feature=28 4 31 45 24 42
split_gain=0.236007 0.227821 0.275768 0.254981 0.246104 0.399973
threshold=0.42463320493698126 -0.035938198608663159 3.0162432193756108 0.21111111111111114 1.0000000180025095e-35 1.5000000000000002
decision_type=8 2 10 8 2 2
left_child=-1 4 3 -3 5 -2
right_child=1 2 -4 -5 -6 -7
leaf_value=-0.00031860298729750614 -0.0014157341309939647 -0.00042837227157377307 -0.00033167947953739312 0.0025132234691515104 0.00034131944708906112 0.0014384449848728728
leaf_weight=1084.5314024963736 176.44903041952057 30.668740601278841 71.884511363867205 110.02177170431241 805.34070960083045 49.087812046986073
leaf_count=15463 2229 250 837 1093 8082 477
internal_value=3.27793e-06 0.000284322 0.00115494 0.00188612 9.54233e-05 -0.000759829
internal_weight=2327.98 1243.45 212.575 140.691 1030.88 225.537
internal_count=28431 12968 2180 1343 10788 2706
is_linear=0
shrinkage=0.03


Tree=391
num_leaves=7
num_cat=0
split_feature=26 24 36 3 28 36
split_gain=0.145742 0.150807 0.186448 0.175228 0.17258 0.274468
threshold=-7.4371142387390128 7.5000000000000009 3.4497943479705744 -0.18396906761774043 2.7757409811019902 1.3149319320716442
decision_type=8 2 10 2 10 10
left_child=-1 2 4 -3 -2 -6
right_child=1 3 -4 -5 5 -7
leaf_value=0.0019241952754832242 -0.00024482681089811972 -0.00060355274142144348 0.0015980663759586559 0.0014218349608948497 0.0012531522801962518 -0.0010387770118399199
leaf_weight=24.485294720914681 1900.0112633676326 49.009981155220885 46.227583122556098 113.83793550357223 159.17249672533944 56.539037561800797
leaf_count=407 23883 725 466 1360 1403 445
internal_value=-1.18972e-05 -4.04426e-05 -0.000108146 0.00081263 -0.000152768 0.000633019
internal_weight=2349.28 2324.8 2161.95 162.848 2115.72 215.712
internal_count=28689 28282 26197 2085 25731 1848
is_linear=0
shrinkage=0.03


Tree=392
num_leaves=7
num_cat=0
split_feature=10 12 10 23 4 17
split_gain=0.0937665 0.202098 0.130116 0.162352 0.136037 0.127068
threshold=-0.13636765782435836 0.89100836032927966 -0.079735478629532952 -1.0000000180025095e-35 -0.21700945588984474 1.5000000000000002
decision_type=2 2 2 2 2 2
left_child=1 -1 3 4 -2 -4
right_child=2 -3 5 -5 -6 -7
leaf_value=-0.00041947233011960407 -0.00061232975197865729 0.0031163268628235869 0.00011259741670763582 -0.0013174964127727149 0.0018060224099299585 -0.00088784088267859578
leaf_weight=27.4646285478957 42.059991474176059 16.726989906281233 1979.420641956036 130.32539420528337 25.770443892572075 111.25783463325934
leaf_count=574 674 98 23363 1755 382 1645
internal_value=1.3558e-05 0.00124696 -1.55765e-05 -0.000730961 0.000420457 5.53849e-05
internal_weight=2333.03 44.1916 2288.83 198.156 67.8304 2090.68
internal_count=28491 672 27819 2811 1056 25008
is_linear=0
shrinkage=0.03


Tree=393
num_leaves=7
num_cat=0
split_feature=0 10 7 31 36 10
split_gain=0.123576 0.124311 0.148683 0.185264 0.138782 0.13799
threshold=0.49137279211970858 -0.072786483350620185 -0.049221684741093112 1.6813822984695437 1.3149319320716442 -0.13636765782435836
decision_type=2 2 2 8 10 2
left_child=1 2 3 -1 -5 -4
right_child=-2 -3 5 4 -6 -7
leaf_value=0.0023999427349474271 0.00148732046581026 -2.2759945831998999e-05 0.00056275399425963506 -0.0013700685515553375 0.0014689272542042135 -0.0013883198162744051
leaf_weight=18.962072882801294 34.630706387746613 2016.3587249803677 33.69433417415712 38.697993411566131 13.362430194218176 179.05524165384122
leaf_count=236 355 24191 437 919 235 2217
internal_value=-7.69862e-05 -0.000106875 -0.000683436 0.000457965 -0.000522102 -0.00106793
internal_weight=2334.76 2300.13 283.772 71.0225 52.0604 212.75
internal_count=28590 28235 4044 1390 1154 2654
is_linear=0
shrinkage=0.03


Tree=394
num_leaves=7
num_cat=0
split_feature=23 15 20 46 8 8
split_gain=0.161341 0.144543 0.197843 0.176127 0.13671 0.134076
threshold=0.67318818561707716 1.5000000000000002 -0.05497232745473514 15.500000000000002 -0.019246227560408776 -0.099976119342429323
decision_type=2 2 2 10 2 2
left_child=1 -1 3 -3 5 -4
right_child=-2 2 4 -5 -6 -7
leaf_value=4.6286110233821939e-05 0.0012316062730012851 -0.0031321088703857932 -0.0011787380783437247 -0.00017230601222481586 -0.00071190687035261018 0.0015754460404719601
leaf_weight=1989.6087485681346 83.264169496542308 36.861299975891598 13.565329809207467 31.476317608961836 127.65053766476922 49.047000624006614
leaf_count=24222 916 557 306 452 1486 644
internal_value=8.86245e-06 -4.16762e-05 -0.000694964 -0.00196485 -0.000163517 0.00089858
internal_weight=2331.47 2248.21 258.6 68.3376 190.263 62.6123
internal_count=28583 27667 3445 1009 2436 950
is_linear=0
shrinkage=0.03


Tree=395
num_leaves=7
num_cat=0
split_feature=46 4 31 3 45 46
split_gain=0.223297 0.264758 0.175383 0.221502 0.18856 0.318571
threshold=104.50000000000001 -0.1625148378054064 7.1176422238349923 -0.2691643109125138 0.91287878787878796 27.500000000000004
decision_type=10 2 10 2 10 10
left_child=2 -2 4 -4 -1 -6
right_child=1 -3 3 -5 5 -7
leaf_value=6.6997246875254298e-05 0.00084447944860581892 -0.0011611975701678614 -0.0011585961711748363 0.00093714071396516275 -0.0041524358272102234 0.00033398265099524738
leaf_weight=1563.7905751316866 69.475237297650892 241.9990827597212 42.988766177149955 367.30676867326838 15.814176649902945 28.769898882659618
leaf_count=17022 912 2720 1109 6135 250 403
internal_value=3.32833e-05 -0.000701473 0.000149553 0.000695218 6.9183e-06 -0.00172657
internal_weight=2330.14 311.474 2018.67 410.296 1608.37 44.5841
internal_count=28551 3632 24919 7244 17675 653
is_linear=0
shrinkage=0.03


Tree=396
num_leaves=7
num_cat=0
split_feature=28 28 36 36 26 28
split_gain=0.134464 0.190012 0.179947 0.20721 0.293562 0.20574
threshold=0.40760128200054174 -4.6628961563110343 1.2594417485718927 -0.37316336179328902 0.89447620511055004 -0.75636762380599964
decision_type=8 10 10 10 10 10
left_child=1 -1 3 4 -3 -4
right_child=-2 2 5 -5 -6 -7
leaf_value=0.0011656863940935755 0.00020736153566520122 -0.00043083721052043577 0.0013201686713670672 -0.001056549496757617 0.0017818219984491802 -0.0003638650435634585
leaf_weight=70.131981786864344 1255.2112356099242 323.48309933679411 100.52783430792624 389.68486817597295 54.399678357993253 151.78334260714473
leaf_count=1634 13121 4811 1381 5202 758 1709
internal_value=-3.5674e-06 -0.000246141 -0.000353602 -0.00058029 -7.45797e-05 0.00033185
internal_weight=2345.22 1090.01 1019.88 767.568 377.883 252.311
internal_count=28616 15495 13861 10771 5569 3090
is_linear=0
shrinkage=0.03


Tree=397
num_leaves=7
num_cat=0
split_feature=26 28 29 34 23 9
split_gain=0.143938 0.213919 0.167696 0.251492 0.237982 0.209524
threshold=2.2174268960952763 3.8115005493164067 -6.3736929893493643 -2.4833500782648721 -0.14999686960906497 0.012415590473512846
decision_type=10 10 10 10 2 2
left_child=1 -1 -2 4 -4 -6
right_child=2 -3 3 -5 5 -7
leaf_value=7.1365356599920374e-05 0.00036329610885174808 0.0015935633850594048 -0.0017356714401975588 -0.0014787215110246585 0.0027648722028315296 -0.00049109151220432456
leaf_weight=1845.3907586219138 136.1756807694037 77.078117235680111 21.705821107374504 187.61596240394283 31.616380963387201 26.543318121344782
leaf_count=23272 1731 649 337 1809 422 316
internal_value=3.17398e-05 0.000140326 -0.000476305 -0.000901437 0.000468333 0.00142486
internal_weight=2326.13 1922.47 403.657 267.481 79.8655 58.1597
internal_count=28536 23921 4615 2884 1075 738
is_linear=0
shrinkage=0.03


Tree=398
num_leaves=7
num_cat=0
split_feature=14 9 8 29 46 25
split_gain=0.106578 0.100023 0.0865827 0.207695 0.141094 0.103792
threshold=0.028209123971929886 -0.093342887719774573 0.20005708872711428 -6.3736929893493643 71.500000000000014 -0.15121687017724014
decision_type=2 2 2 10 8 2
left_child=1 -1 5 -4 -5 -2
right_child=2 -3 3 4 -6 -7
leaf_value=-0.0025883531703238534 0.00034800981288027376 -0.00033013449319753077 0.0027334755375952005 -0.0015526627195743745 0.0008588488722680777 -0.00011674839301076937
leaf_weight=15.572120353695935 585.82546045258641 69.271899958053837 26.240562533959746 24.61998643912375 49.146742463111877 1567.4187818393111
leaf_count=1418 5854 4998 248 217 418 15444
internal_value=1.14729e-05 -0.00097381 5.27116e-05 0.000873648 -3.52771e-05 1.07209e-05
internal_weight=2338.1 84.844 2253.25 100.007 73.7667 2153.24
internal_count=28597 6416 22181 883 635 21298
is_linear=0
shrinkage=0.03


Tree=399
num_leaves=7
num_cat=0
split_feature=28 10 24 4 33 33
split_gain=0.158253 0.17307 0.173009 0.298486 0.371931 0.199555
threshold=0.40760128200054174 -0.13167212107272711 3.5000000000000004 -0.16666392047883299 -1.9591204623381293 0.99537200729052244
decision_type=10 2 2 2 8 10
left_child=2 -2 3 5 -5 -1
right_child=1 -3 -4 4 -6 -7
leaf_value=-0.001842673995545567 0.0024357977860952457 0.00025376835459487774 0.00035448274879355178 -0.0016485655519429649 0.00019403353198482637 0.00056674928147889127
leaf_weight=157.51913236748078 24.022442569199484 1021.9504290849436 388.87050205832929 107.61143487351364 600.90331591136055 33.027356505743228
leaf_count=2634 270 10153 5500 1709 7867 451
internal_value=5.39651e-05 0.000326474 -0.000168159 -0.00039563 -0.000104875 -0.00141761
internal_weight=2333.9 1045.97 1287.93 899.061 708.515 190.546
internal_count=28584 10423 18161 12661 9576 3085
is_linear=0
shrinkage=0.03


end of trees

feature_importances:
Column_28=196
Column_14=119
Column_2=103
Column_0=100
Column_46=91
Column_47=86
Column_3=85
Column_8=82
Column_7=81
Column_23=81
Column_31=80
Column_9=68
Column_22=66
Column_6=63
Column_11=58
Column_30=57
Column_5=53
Column_24=52
Column_36=52
Column_10=50
Column_12=49
Column_20=49
Column_37=46
Column_27=45
Column_35=45
Column_39=45
Column_51=45
Column_4=40
Column_34=37
Column_43=37
Column_29=34
Column_1=32
Column_33=32
Column_26=31
Column_49=27
Column_15=26
Column_40=25
Column_42=22
Column_25=21
Column_45=21
Column_18=11
Column_41=11
Column_50=11
Column_17=10
Column_48=9
Column_13=6
Column_16=6
Column_21=3
Column_44=1

parameters:
[boosting: gbdt]
[objective: custom]
[metric: custom]
[tree_learner: serial]
[device_type: cpu]
[data_sample_strategy: bagging]
[data: ]
[valid: ]
[num_iterations: 100]
[learning_rate: 0.03]
[num_leaves: 7]
[num_threads: 4]
[seed: 0]
[deterministic: 0]
[force_col_wise: 0]
[force_row_wise: 0]
[histogram_pool_size: -1]
[max_depth: -1]
[min_data_in_leaf: 200]
[min_sum_hessian_in_leaf: 0.001]
[bagging_fraction: 0.8]
[pos_bagging_fraction: 1]
[neg_bagging_fraction: 1]
[bagging_freq: 1]
[bagging_seed: 7719]
[bagging_by_query: 0]
[feature_fraction: 0.7]
[feature_fraction_bynode: 1]
[feature_fraction_seed: 2437]
[extra_trees: 0]
[extra_seed: 11797]
[early_stopping_round: 0]
[early_stopping_min_delta: 0]
[first_metric_only: 0]
[max_delta_step: 0]
[lambda_l1: 0]
[lambda_l2: 10]
[linear_lambda: 0]
[min_gain_to_split: 0]
[drop_rate: 0.1]
[max_drop: 50]
[skip_drop: 0.5]
[xgboost_dart_mode: 0]
[uniform_drop: 0]
[drop_seed: 21238]
[top_rate: 0.2]
[other_rate: 0.1]
[min_data_per_group: 100]
[max_cat_threshold: 32]
[cat_l2: 10]
[cat_smooth: 10]
[max_cat_to_onehot: 4]
[top_k: 20]
[monotone_constraints: ]
[monotone_constraints_method: basic]
[monotone_penalty: 0]
[feature_contri: ]
[forcedsplits_filename: ]
[refit_decay_rate: 0.9]
[cegb_tradeoff: 1]
[cegb_penalty_split: 0]
[cegb_penalty_feature_lazy: ]
[cegb_penalty_feature_coupled: ]
[path_smooth: 0]
[interaction_constraints: ]
[verbosity: -1]
[saved_feature_importance_type: 0]
[use_quantized_grad: 0]
[num_grad_quant_bins: 4]
[quant_train_renew_leaf: 0]
[stochastic_rounding: 1]
[linear_tree: 0]
[max_bin: 255]
[max_bin_by_feature: ]
[min_data_in_bin: 3]
[bin_construct_sample_cnt: 200000]
[data_random_seed: 38]
[is_enable_sparse: 1]
[enable_bundle: 1]
[use_missing: 1]
[zero_as_missing: 0]
[feature_pre_filter: 1]
[pre_partition: 0]
[two_round: 0]
[header: 0]
[label_column: ]
[weight_column: ]
[group_column: ]
[ignore_column: ]
[categorical_feature: ]
[forcedbins_filename: ]
[precise_float_parser: 0]
[parser_config_file: ]
[objective_seed: 8855]
[num_class: 1]
[is_unbalance: 0]
[scale_pos_weight: 1]
[sigmoid: 1]
[boost_from_average: 1]
[reg_sqrt: 0]
[alpha: 0.9]
[fair_c: 1]
[poisson_max_delta_step: 0.7]
[tweedie_variance_power: 1.5]
[lambdarank_truncation_level: 30]
[lambdarank_norm: 1]
[label_gain: ]
[lambdarank_position_bias_regularization: 0]
[eval_at: ]
[multi_error_top_k: 1]
[auc_mu_weights: ]
[num_machines: 1]
[local_listen_port: 12400]
[time_out: 120]
[machine_list_filename: ]
[machines: ]
[gpu_platform_id: -1]
[gpu_device_id: -1]
[gpu_device_id_list: ]
[gpu_use_dp: 0]
[num_gpu: 1]

end of parameters

pandas_categorical:null
