tree
version=v4
num_class=1
num_tree_per_iteration=1
label_index=0
max_feature_idx=25
feature_names=Column_0 Column_1 Column_2 Column_3 Column_4 Column_5 Column_6 Column_7 Column_8 Column_9 Column_10 Column_11 Column_12 Column_13 Column_14 Column_15 Column_16 Column_17 Column_18 Column_19 Column_20 Column_21 Column_22 Column_23 Column_24 Column_25
feature_infos=[-1.5:1.1366362033976634] [-0.65509124764268645:0.40510447387519971] [-0.85251175772068255:0.49893240555510682] [-0.67920672704701235:0.43885498450226607] [-0.42493206354631741:0.15687577236922162] [-0.64756721121716898:0.33647699784215573] [-1.3040108624960967:1.1608720758041358] [-0.57986229449180005:0.45489627323880977] [-0.70614378539769462:0.58837320072104526] [-0.54731417487356271:0.51819999363361069] [-0.29734186309896704:0.26478717780513195] [-0.57618913033216312:0.35589300273507235] [-5.0445154593868349:3.6754640327949004] [0.69314718055994529:3.1780538303479458] [0.00017214709266177869:0.85598412553983372] [1:5] [0:5] [0:5] [0:1] [0:1] [-0.78271514402617004:0.72283178928922986] [0:1] [-0.70084045237270542:0.72283178928922986] [-3:2.1650119469014046] [0:24] [-2.3232332583606072:3.1220677019308267]
tree_sizes=914 917 911 921 916 919 923 913 915 918 922 923 919 922 918 920 921 919 917 925 924 922 918 918 925 922 924 925 928 917 923 921 928 929 921 923 923 927 924 922 921 927 924 925 925 933 927 933 923 925 925 925 920 930 927 930 926 933 924 934 925 932 929 928 928 929 931 930 930 935 930 927 927 932 935 935 924 931 932 930 927 927 934 925 929 924 921 935 924 931 932 927 924 926 926 934 926 928 921 928 924 933 934 929 938 934 930 935 925 931 924 931 924 928 929 926 929 934 928 926 930 928 930 926 927 932 921 930 939 925 922 922 929 923 929 929 922 930 932 936 935 922 930 929 927 921 925 921 936 921 939 930 924 933 929 927 923 930 934 929 925 935 927 925 928 927 930 930 925 923 931 925 925 926 925 932 928 930 929 925 934 925 924 932 932 925 934 930 929 937 920 931 927 923 938 926 929 926 926 924 932 935 922 928 926 929 931 926 932 928 930 933 930 923 931 927 919 934 923 927 930 921 936 931 926 925 921 922 932 926 927 923 934 924 923 924 926 923 926 925 922 917 936 926 920 930 937 931 930 927 923 929 930 920 928 925 929 923 922 927 935 925 918 927 932 922 924 935 928 924 927 931 930 924 924 925 923 935 924 918 928 923 929 928 919 929 927 933 932 922 927 924 925 921 935 923 928 931 927 933 929 924 934 926 921 930 930 927 930 936 911 925 923 927 926 936 936 928 934 928 927 919 935 933 922 930 934 930 925 927 931 928 931 927 924 924 932 927 932 930 925 927 925 926 934 930 921 925 920 927 924 929 929 920 925 931 928 931 934 928 939 923 926 916 927 928 929 929 939 925 931 914 925 923 932 921 934 934 926 922 919 929 925 928 926 925 924 929 922 928 922 923 922 926 927 922 920 925 925 929

Tree=0
num_leaves=7
num_cat=0
split_feature=6 7 3 3 8 8
split_gain=11.3266 7.07899 1.88274 1.0375 0.928364 0.842855
threshold=0.25800267363092039 -0.021188254162003924 -0.23563403307351424 -0.052429155651936322 0.12644176053820602 0.20005708872711428
decision_type=2 2 2 2 2 2
left_child=1 -1 4 5 -3 -4
right_child=-2 2 3 -5 -6 -7
leaf_value=-0.0033618106025369008 0.0057606668946053241 -0.0029208718155333399 0.00016896937997184025 0.002441259077021998 0.0021628846529611117 0.0040323077929120084
leaf_weight=633.83898810751271 262.23119658912765 182.94451318989741 904.78954199986765 281.08141312695807 31.253754600067623 43.925874210777692
leaf_count=9240 2859 2551 9976 2966 481 481
internal_value=5.12825e-06 -0.000745357 0.000418353 0.000873226 -0.00211571 0.000388037
internal_weight=2340.07 2077.83 1444 1229.8 214.198 948.715
internal_count=28554 25695 16455 13423 3032 10457
is_linear=0
shrinkage=0.03


Tree=1
num_leaves=7
num_cat=0
split_feature=0 1 9 6 22 8
split_gain=10.5694 4.36028 2.0406 1.94282 1.34067 1.18347
threshold=0.12052974880660025 -0.026614850834016098 0.0038378444273130812 0.33929199159742401 0.034715597582891805 0.19344850867118132
decision_type=2 2 2 2 2 2
left_child=1 4 5 -2 -1 -3
right_child=3 2 -4 -5 -6 -7
leaf_value=-0.0034049264772101451 0.0026254630674510306 -0.0015285362544720726 0.0014150618203163229 0.0069767729118018528 -0.00057540683243698489 0.0045453548152675624
leaf_weight=591.85950564272935 333.50294116407167 471.65861824571039 583.48127050072071 132.16047361047822 207.23060598937445 21.133356763864867
leaf_count=8017 3527 6001 6269 1571 2978 289
internal_value=-1.51064e-05 -0.00102325 0.000225627 0.00398113 -0.00268732 -0.00118284
internal_weight=2341.03 1875.36 1076.27 465.663 799.09 492.792
internal_count=28652 23554 12559 5098 10995 6290
is_linear=0
shrinkage=0.03


Tree=2
num_leaves=7
num_cat=0
split_feature=6 1 6 9 9 8
split_gain=9.933 3.9372 2.54286 1.43296 1.13574 0.979514
threshold=0.14287935157847984 -0.017895590103229039 0.33929199159742401 0.013910249214652769 -0.0055679357386712374 0.17393205169575024
decision_type=2 2 2 2 2 2
left_child=1 3 -2 -1 5 -3
right_child=2 4 -4 -5 -6 -7
leaf_value=-0.0037764466272967459 0.0021800841448167251 -0.0014580278470016463 0.0068268361199454921 -0.0012054207625720194 0.0010703306524553662 0.0039874063565638624
leaf_weight=443.28167937845865 458.50518963648938 357.39898101880681 135.56756063585635 366.0621141155716 550.48721155352541 22.766934236744419
leaf_count=6624 4875 4649 1571 4502 5982 315
internal_value=1.91646e-05 -0.00112584 0.00333593 -0.00264249 0.000207179 -0.00103808
internal_weight=2334.07 1740 594.073 809.344 930.653 380.166
internal_count=28518 22072 6446 11126 10946 4964
is_linear=0
shrinkage=0.03


Tree=3
num_leaves=7
num_cat=0
split_feature=7 6 3 8 20 14
split_gain=9.39235 5.17838 1.69325 1.2295 0.986045 0.792738
threshold=-0.015272537823014474 0.28806393323660878 -0.22936570714925031 0.16183952307787722 0.10132930415284148 0.41385917847164688
decision_type=2 2 2 2 2 2
left_child=4 2 -2 5 -1 -4
right_child=1 -3 3 -5 -6 -7
leaf_value=-0.003326299285184236 -0.0017443662207844667 0.0056159686510986323 0.00092810463978431972 0.0040800584795300278 -7.9587818064157196e-05 -0.0024778401610251865
leaf_weight=601.72378738116822 224.46937417640584 203.08007874622126 1048.7138016152894 99.707020856963936 98.200428045878652 55.817220941185951
leaf_count=8559 3192 2186 11719 1066 1509 229
internal_value=4.86245e-06 0.00125155 0.000596454 0.00104355 -0.00287832 0.000735298
internal_weight=2331.71 1631.79 1428.71 1204.24 699.924 1104.53
internal_count=28460 18392 16206 13014 10068 11948
is_linear=0
shrinkage=0.03


Tree=4
num_leaves=7
num_cat=0
split_feature=0 1 0 2 22 9
split_gain=8.91488 3.84883 1.59706 1.49024 1.29025 0.934257
threshold=0.12052974880660025 -0.0052460478081416823 0.40629810526123383 -0.12705250761577 0.034715597582891805 0.0046372142866668306
decision_type=2 2 2 2 2 2
left_child=1 4 -2 -3 -1 -5
right_child=2 3 -4 5 -6 -7
leaf_value=-0.0030021930501896161 0.0027811567787172143 -0.0012558048146904431 0.0079509011304631297 -7.657072623312055e-05 -0.00043836813332884044 0.0022679296417480884
leaf_weight=700.60118386388058 409.1810607292573 328.86547780578258 57.942305495555047 275.48728691547876 240.18906405891175 332.1955525536614
leaf_count=9234 4348 4107 677 3325 3327 3530
internal_value=-8.84956e-05 -0.00101432 0.00357562 0.000347226 -0.00235913 0.00122104
internal_weight=2344.46 1877.34 467.123 936.548 940.79 607.683
internal_count=28548 23523 5025 10962 12561 6855
is_linear=0
shrinkage=0.03


Tree=5
num_leaves=7
num_cat=0
split_feature=7 0 3 5 7 0
split_gain=9.12486 5.06281 1.78945 1.16377 1.13088 0.739917
threshold=-0.024091166803862328 0.13997435442498815 -0.22324057293262708 0.0021485122064870718 0.11917742429786461 -0.0051056284576169722
decision_type=2 2 2 2 2 2
left_child=5 2 -2 -4 -3 -1
right_child=1 4 3 -5 -6 -7
leaf_value=-0.0035841242073914067 -0.002154780006995058 0.0027052555268652261 0.00020586092312520186 0.0025592301877633639 0.0062019750611068125 -0.00083915502368191153
leaf_weight=502.40739298210246 225.46630415026448 262.67616454185918 859.89954442877206 233.19560044154059 138.74058817239711 115.5947378895944
leaf_count=7534 3219 2795 9635 2339 1415 1573
internal_value=5.24395e-06 0.00112963 0.000221363 0.000726566 0.00403519 -0.00309223
internal_weight=2337.98 1719.98 1318.56 1093.1 401.417 618.002
internal_count=28510 19403 15193 11974 4210 9107
is_linear=0
shrinkage=0.03


Tree=6
num_leaves=7
num_cat=0
split_feature=7 0 9 2 6 9
split_gain=9.10918 4.81357 1.96739 0.856304 0.789918 0.745451
threshold=-0.015272537823014474 0.13655568528558773 0.0054541300413041985 -0.092770967642018184 0.33929199159742401 0.0084460423705238503
decision_type=2 2 2 2 2 2
left_child=5 2 3 -2 -3 -1
right_child=1 4 -4 -5 -6 -7
leaf_value=-0.0037014543644539443 -0.0019405441788601454 0.0030086990754752949 0.0014620966821025142 0.00035928675890106325 0.0060813699885468005 -0.0016573233441010762
leaf_weight=364.24396539491136 312.58633601659676 267.73639569318038 679.18746007597656 260.85364234063309 129.79298055497929 331.63355403550668
leaf_count=5788 4025 2714 7119 3244 1452 4234
internal_value=9.05308e-05 0.00130394 0.000379352 -0.000906141 0.00413653 -0.00276456
internal_weight=2346.03 1650.16 1252.63 573.44 397.529 695.878
internal_count=28576 18554 14388 7269 4166 10022
is_linear=0
shrinkage=0.03


Tree=7
num_leaves=7
num_cat=0
split_feature=0 7 0 9 8 14
split_gain=8.63403 4.19746 1.78342 1.46302 1.07503 0.740771
threshold=0.08757357335478573 -0.021188254162003924 0.33502050881232787 0.0054541300413041985 0.20005708872711428 0.41385917847164688
decision_type=2 2 2 2 2 2
left_child=1 -1 -2 4 -3 -5
right_child=2 3 -4 5 -6 -7
leaf_value=-0.0030699229541211698 0.0023043683689343794 -0.001439729155234109 0.0066640219944599875 0.0012270153281933511 0.0042487782626510198 -0.0028616211332219399
leaf_weight=596.3509502899542 467.77534961522906 518.04703256810899 100.38350319824531 602.24822763275006 22.132881919387728 33.297303788363934
leaf_count=8776 4887 6651 1195 6616 294 137
internal_value=-9.04758e-06 -0.00104251 0.00317658 3.05152e-06 -0.00113366 0.000971794
internal_weight=2340.24 1772.08 568.159 1175.73 540.18 635.546
internal_count=28556 22474 6082 13698 6945 6753
is_linear=0
shrinkage=0.03


Tree=8
num_leaves=7
num_cat=0
split_feature=0 7 9 7 8 14
split_gain=7.40536 4.33714 1.63469 1.27897 1.02992 0.592493
threshold=0.13997435442498815 -0.024091166803862328 0.021861264955304469 0.11917742429786461 0.19344850867118132 0.35654786167880476
decision_type=2 2 2 2 2 2
left_child=1 -1 4 -2 -3 -4
right_child=3 2 5 -5 -6 -7
leaf_value=-0.0029578863617671777 0.0022335605573555015 -0.0010927413857981117 0.0016123260847240228 0.0058370079839154239 0.0036542219681912208 -0.0013388308827568742
leaf_weight=589.3094933158718 285.81780701281969 694.58747788003529 525.91293098009191 136.31857270706678 34.021728383842856 61.514052599668503
leaf_count=8756 3191 8585 5935 1405 425 256
internal_value=-4.22015e-05 -0.000842373 0.000120098 0.00350535 -0.000824613 0.00128605
internal_weight=2327.48 1905.35 1316.04 422.136 728.609 587.427
internal_count=28553 23957 15201 4596 9010 6191
is_linear=0
shrinkage=0.03


Tree=9
num_leaves=7
num_cat=0
split_feature=0 7 9 0 2 9
split_gain=7.05035 3.67116 1.54827 0.916516 0.8751 0.763393
threshold=0.12052974880660025 -0.024091166803862328 0.0046372142866668306 0.40629810526123383 -0.11486646534770416 0.0084460423705238503
decision_type=2 2 2 2 2 2
left_child=1 5 4 -2 -3 -1
right_child=3 2 -4 -5 -6 -7
leaf_value=-0.0038263776611577672 0.002638968383439101 -0.0023113760703223655 0.0010431081854850005 0.0066477268237409865 -1.0053257808873361e-06 -0.0015611930713711627
leaf_weight=300.40421900321962 414.60728735881275 258.25873217589105 685.21033850955428 56.86776122439187 327.92550348181976 275.76799466146622
leaf_count=4969 4382 3510 7254 681 3909 3651
internal_value=1.54459e-05 -0.000823157 8.17805e-05 0.00325052 -0.0010406 -0.00278734
internal_weight=2319.04 1847.57 1271.39 471.475 586.184 576.172
internal_count=28356 23293 14673 5063 7419 8620
is_linear=0
shrinkage=0.03


Tree=10
num_leaves=7
num_cat=0
split_feature=7 6 9 8 9 22
split_gain=6.63547 3.62895 1.75048 1.04155 0.760299 0.718965
threshold=-0.021188254162003924 0.33929199159742401 0.0054541300413041985 0.20005708872711428 -0.0081238027826723413 -0.17299334527217555
decision_type=2 2 2 2 2 2
left_child=4 2 3 5 -1 -2
right_child=1 -3 -4 -5 -6 -7
leaf_value=-0.0037388450505709205 -0.0028718349100734235 0.0054864747018266002 0.0015099048945185053 0.0042189260313159728 -0.0015767910752223896 -0.00031551474339692011
leaf_weight=272.92862707699533 110.57503652869491 139.7869913400209 841.38203739194432 30.026794240082381 358.93192577088485 572.65458455411135
leaf_count=4571 1495 1529 8656 392 4799 6996
internal_value=4.5592e-05 0.00102443 0.000590723 -0.00049946 -0.00255438 -0.000764693
internal_weight=2326.29 1694.43 1554.64 713.256 631.861 683.23
internal_count=28438 19068 17539 8883 9370 8491
is_linear=0
shrinkage=0.03


Tree=11
num_leaves=7
num_cat=0
split_feature=0 0 7 8 7 9
split_gain=6.83385 2.96469 1.11964 1.08617 0.984135 0.885729
threshold=-0.053351463142832671 0.12987169487502995 -0.032634213369883092 -0.062272936325375901 0.12526411000843354 0.017728591276973783
decision_type=2 2 2 2 2 2
left_child=2 3 -1 -2 -3 -5
right_child=1 4 -4 5 -6 -7
leaf_value=-0.0033192554113282593 -0.0018225838360317833 0.0021399028226631927 -0.0010552423903370763 -0.00022477513650095258 0.0053212604699491555 0.0016268668595846329
leaf_weight=424.62102390572545 176.37781859908137 315.50023605400929 383.53594905082718 468.02753922378179 128.48394207071397 447.8903909928049
leaf_count=6635 2681 3489 4393 5652 1295 4538
internal_value=-5.37951e-05 0.00111961 -0.00227083 0.000270153 0.00315748 0.000688482
internal_weight=2344.44 1536.28 808.157 1092.3 443.984 915.918
internal_count=28683 17655 11028 12871 4784 10190
is_linear=0
shrinkage=0.03


Tree=12
num_leaves=7
num_cat=0
split_feature=0 0 22 0 7 8
split_gain=6.48299 2.53178 1.17858 1.02562 0.955737 0.772479
threshold=-0.053351463142832671 0.13997435442498815 -0.15505850892022116 0.40629810526123383 -0.031371926671917141 0.12644176053820602
decision_type=2 2 2 2 2 2
left_child=4 2 -2 -3 -1 -4
right_child=1 3 5 -5 -6 -7
leaf_value=-0.0032015653825104352 -0.0023018760661699233 0.002313069731443438 0.00034882170391588324 0.0064615598455276275 -0.001089878750489623 0.0027949179171879311
leaf_weight=420.13669591168582 125.35020094650099 361.93670684081735 865.18557666629204 59.952288563188631 377.63122916748398 125.00746210932266
leaf_count=6611 1696 3859 9986 699 4298 1403
internal_value=-4.95507e-05 0.00108785 0.000329671 0.00303855 -0.00222785 0.000682487
internal_weight=2335.2 1537.43 1115.54 421.889 797.768 990.193
internal_count=28552 17643 13085 4558 10909 11389
is_linear=0
shrinkage=0.03


Tree=13
num_leaves=7
num_cat=0
split_feature=7 8 9 9 14 7
split_gain=5.56733 2.36522 1.57445 0.981713 0.807888 0.734598
threshold=-0.015272537823014474 0.10088562812253073 0.02024585362907461 0.011680350238281956 0.41385917847164688 0.047520619902865442
decision_type=2 2 2 2 2 2
left_child=3 2 5 -1 -3 -2
right_child=1 4 -4 -5 -6 -7
leaf_value=-0.0033116883931530224 -0.0013928190161203086 0.0034725455342406956 0.0014645484539009337 -0.00099965277672520105 -0.0018247249775685608 0.00054039514799107127
leaf_weight=367.38410995052254 424.76951889495831 324.38094183107023 593.30564751548809 315.6772307328938 22.029279783368111 291.06367102364311
leaf_count=5953 5397 3782 6035 4123 91 3245
internal_value=-1.35935e-05 0.000926672 0.000334088 -0.00227302 0.00309393 -0.000610143
internal_weight=2338.61 1655.55 1309.14 683.061 346.41 715.833
internal_count=28626 18550 14677 10076 3873 8642
is_linear=0
shrinkage=0.03


Tree=14
num_leaves=7
num_cat=0
split_feature=0 7 8 9 0 14
split_gain=5.91467 2.85859 1.46912 1.32257 1.06555 0.678635
threshold=0.12052974880660025 -0.031371926671917141 0.12644176053820602 0.02024585362907461 0.40629810526123383 0.31953153718185695
decision_type=2 2 2 2 2 2
left_child=1 -1 3 -3 5 -2
right_child=4 2 -4 -5 -6 -7
leaf_value=-0.0027111798447802113 0.0026875401406737422 -0.0014314059907879139 0.0023245055411292275 0.00059391541659360107 0.0064198011783598132 -0.00071814391776477658
leaf_weight=525.74258359511441 361.84324170619948 629.92318637232529 180.87423547229264 523.10516693157842 58.17694745681365 57.044581234455109
leaf_count=8058 4153 7911 2077 5511 675 242
internal_value=-9.34493e-05 -0.000860151 -0.000115843 -0.000515353 0.00285153 0.00221782
internal_weight=2336.71 1859.65 1333.9 1153.03 477.065 418.888
internal_count=28627 23557 15499 13422 5070 4395
is_linear=0
shrinkage=0.03


Tree=15
num_leaves=7
num_cat=0
split_feature=0 0 22 0 7 3
split_gain=5.15354 2.17645 1.1632 1.01474 1.00619 0.770842
threshold=-0.0051056284576169722 0.13997435442498815 0.066831909301755338 0.40629810526123383 -0.015272537823014474 -0.052429155651936322
decision_type=2 2 2 2 2 2
left_child=2 5 4 -3 -1 -2
right_child=1 3 -4 -5 -6 -7
leaf_value=-0.0031354993483214137 -8.1092968069825747e-05 0.0022362159050366755 0.00043411038094991503 0.0063859951798178874 -0.00091753183591730192 0.001927501260141835
leaf_weight=429.6243627017393 748.93610965978587 365.82080222843797 186.07039358880138 58.510673977609258 336.18221185027505 212.92332942632493
leaf_count=6402 9125 3871 2577 677 3664 2278
internal_value=1.49514e-05 0.00117897 -0.00167481 0.00294228 -0.00218621 0.0003788
internal_weight=2338.07 1386.19 951.877 424.331 765.807 961.859
internal_count=28594 15951 12643 4548 10066 11403
is_linear=0
shrinkage=0.03


Tree=16
num_leaves=7
num_cat=0
split_feature=6 7 6 2 9 2
split_gain=4.66584 1.80002 1.57237 1.06124 0.887224 0.696699
threshold=0.074773325052908665 -0.024091166803862328 0.28806393323660878 -0.15518417183766275 0.016937871378546496 -0.11244127404968111
decision_type=2 2 2 2 2 2
left_child=1 -1 3 -2 -3 -4
right_child=2 4 5 -5 -6 -7
leaf_value=-0.0024514506498536717 -0.00090016121259485591 -0.0011361993405149446 0.0015618253134671923 0.0016437784716117033 0.00074904753707869529 0.0051523227875524867
leaf_weight=534.73090889399464 200.81699095631484 469.61684097041143 93.202466564718634 496.31520710297627 413.28982058289694 129.18660720155458
leaf_count=8123 2578 5966 1033 5025 4454 1341
internal_value=-1.80805e-05 -0.001095 0.00163613 0.000908601 -0.000255207 0.00377952
internal_weight=2337.16 1417.64 919.521 697.132 882.907 222.389
internal_count=28520 18543 9977 7603 10420 2374
is_linear=0
shrinkage=0.03


Tree=17
num_leaves=7
num_cat=0
split_feature=6 2 7 6 12 22
split_gain=5.33267 1.75392 1.65193 1.03726 0.662357 0.596912
threshold=0.048486755330698669 -0.14413498024180832 -0.032634213369883092 0.25800267363092039 1.1164835115866014 0.14285588530210477
decision_type=2 2 2 2 2 2
left_child=2 -2 5 4 -3 -1
right_child=1 3 -4 -5 -6 -7
leaf_value=-0.0030552543036323761 -0.00016721310479480899 0.0024869517570231168 -0.00048827805023975667 0.0042902629979886999 0.00027087161257586363 0.00048934926176996294
leaf_weight=424.41513265401591 355.35718077261117 317.00135039779707 816.89854594119242 186.64372025534976 197.31928859651089 44.601452786126174
leaf_count=6511 4399 4296 9703 1899 1052 767
internal_value=-2.22476e-05 0.00154921 -0.00131512 0.00240947 0.00165813 -0.002715
internal_weight=2342.24 1056.32 1285.92 700.964 514.321 469.017
internal_count=28627 11646 16981 7247 5348 7278
is_linear=0
shrinkage=0.03


Tree=18
num_leaves=7
num_cat=0
split_feature=0 7 0 2 11 2
split_gain=4.39581 2.01429 1.20339 1.08074 0.696609 0.6104
threshold=0.084934658122994902 -0.024091166803862328 0.46586906684600954 -0.12572700109751672 0.043009995560498421 -0.14307142721619701
decision_type=2 2 2 2 2 2
left_child=1 -1 5 -3 -5 -2
right_child=2 3 -4 4 -6 -7
leaf_value=-0.0022112661995259703 0.00031010403953462152 -0.0011406933341447255 0.0069448264319836497 0.0001081608522964986 0.0021857254834777768 0.0024642306842014394
leaf_weight=562.51128083124058 175.12465241114842 473.76064132610918 36.256465739337727 519.40777799626812 192.25677555188304 377.17494499270106
leaf_count=8507 2040 5895 437 5865 2128 3711
internal_value=6.08611e-06 -0.000750003 0.00222659 -4.39037e-05 0.000691927 0.00179886
internal_weight=2336.49 1747.94 588.556 1185.43 711.665 552.3
internal_count=28583 22395 6188 13888 7993 5751
is_linear=0
shrinkage=0.03


Tree=19
num_leaves=7
num_cat=0
split_feature=6 1 3 0 22 14
split_gain=4.57723 1.7338 0.990989 0.985479 0.776855 0.729543
threshold=0.14287935157847984 -0.053224175847243878 -0.21641039908394952 0.40629810526123383 0.0047679167627008865 0.31953153718185695
decision_type=2 2 2 2 2 2
left_child=1 4 -3 5 -1 -2
right_child=3 2 -4 -5 -6 -7
leaf_value=-0.0028934709535289741 0.0021598618739404017 -0.0019791986790214169 0.00028224927465432222 0.0056126023505736157 -0.00053381260802738294 -0.00085911068388835139
leaf_weight=388.25506281902199 475.3933652297419 203.58749184510089 941.47872942988761 59.254043201799504 191.12600537750404 79.037687614560127
leaf_count=5767 5450 2926 10455 687 2947 334
internal_value=-2.26973e-05 -0.000815177 -0.00013348 0.00218153 -0.00213733 0.00172189
internal_weight=2338.13 1724.45 1145.07 613.685 579.381 554.431
internal_count=28566 22095 13381 6471 8714 5784
is_linear=0
shrinkage=0.03


Tree=20
num_leaves=7
num_cat=0
split_feature=7 1 3 20 5 2
split_gain=3.95688 1.80292 1.45118 0.833698 0.829712 0.536193
threshold=-0.015272537823014474 0.073691614437419936 -0.24368037027907169 0.10132930415284148 0.0065695501389263326 0.014480709445959321
decision_type=2 2 2 2 2 2
left_child=3 2 5 -1 -4 -2
right_child=1 -3 4 -5 -6 -7
leaf_value=-0.0023139416154450087 -0.0025055879750129702 0.0029819205672167704 0.00034518611106508908 0.00066286413146155203 0.0023201999520342563 0.0020333019692099085
leaf_weight=588.60340593229921 176.3708050858404 272.79617669270374 951.11814004383632 94.115452874044422 231.27479304099688 19.19894479343202
leaf_count=8644 2521 2688 10597 1525 2317 274
internal_value=4.74893e-06 0.000799182 0.000348693 -0.00189993 0.000747715 -0.00198277
internal_weight=2333.48 1650.76 1377.96 682.719 1182.39 195.57
internal_count=28566 18397 15709 10169 12914 2795
is_linear=0
shrinkage=0.03


Tree=21
num_leaves=7
num_cat=0
split_feature=6 23 3 0 14 18
split_gain=3.96244 1.48896 1.2229 1.13317 1.05395 0.854814
threshold=0.087945717403657406 -0.3021662770987818 -0.25586864436787465 0.40629810526123383 0.31953153718185695 1.0000000180025095e-35
decision_type=2 2 2 2 2 2
left_child=1 -1 -3 4 -2 -4
right_child=3 2 5 -5 -6 -7
leaf_value=-0.0028632501701334172 0.0017431138234371443 -0.0028569180089755147 0.00020968427337482033 0.0053140366179735684 -0.0013621222348756945 -0.0028159283033348439
leaf_weight=270.37604667866253 691.40353213387425 151.66713838235592 961.96524362209311 61.275742258701939 106.82686397433281 81.998057562625036
leaf_count=4061 8137 2398 11942 700 452 777
internal_value=5.23846e-05 -0.000894244 -0.000428924 0.00165871 0.00131583 -5.24251e-05
internal_weight=2325.51 1466.01 1195.63 859.506 798.23 1043.96
internal_count=28467 19178 15117 9289 8589 12719
is_linear=0
shrinkage=0.03


Tree=22
num_leaves=7
num_cat=0
split_feature=7 0 9 3 14 7
split_gain=3.7265 1.59857 1.24087 0.870262 0.702201 0.830393
threshold=0.061985534140175623 -0.0051056284576169722 0.056054035043676911 -0.2842503694627686 0.31953153718185695 0.12855497293593984
decision_type=2 2 2 2 2 2
left_child=1 2 -1 -2 5 -5
right_child=3 -3 -4 4 -6 -7
leaf_value=-0.0023430986366076087 -0.0016255877314023241 0.00014709979876578752 0.0002505528334927211 0.0018229534231408934 -0.000132358560077159 0.0046107151749219897
leaf_weight=621.0428013674682 47.944155678967945 900.27286308634211 222.83299923676532 315.79298575210851 86.877253711223602 147.02033248869702
leaf_count=8971 600 10955 2641 3473 366 1521
internal_value=-3.20999e-05 -0.000733323 -0.00166331 0.00199275 0.00233175 0.00278732
internal_weight=2341.78 1744.15 843.876 597.635 549.691 462.813
internal_count=28527 22567 11612 5960 5360 4994
is_linear=0
shrinkage=0.03


Tree=23
num_leaves=7
num_cat=0
split_feature=0 0 22 8 9 5
split_gain=3.73703 1.51222 1.09626 0.98073 0.9311 0.763981
threshold=-0.0051056284576169722 0.40629810526123383 -0.15768213182079982 0.17004656054086478 0.0054541300413041985 0.0065695501389263326
decision_type=2 2 2 2 2 2
left_child=4 2 -2 -4 -1 -6
right_child=1 -3 3 -5 5 -7
leaf_value=-0.0022893136196163776 -0.0015465570947169945 0.0053932133264855244 0.00088819684193557806 0.0040382878121613258 -0.00096969722132229442 0.0020143820846247316
leaf_weight=465.61059655302961 143.69763480289839 60.091260273766238 1095.3003043014905 88.313842253759503 393.37766984535847 85.772001384291798
leaf_count=6895 1936 680 12234 986 4793 926
internal_value=9.90555e-05 0.00108706 0.000853235 0.0011551 -0.00134804 -0.00040526
internal_weight=2332.16 1387.4 1327.31 1183.61 944.76 479.15
internal_count=28450 15836 15156 13220 12614 5719
is_linear=0
shrinkage=0.03


Tree=24
num_leaves=7
num_cat=0
split_feature=1 8 8 3 9 12
split_gain=3.45272 1.58675 0.889845 0.95446 0.726856 0.568987
threshold=0.025394442259978358 -0.0037734653077427026 0.21406875898618685 -0.032539079533621125 0.02024585362907461 1.5215335640978727
decision_type=2 2 2 2 2 2
left_child=1 4 3 -3 -1 -2
right_child=5 2 -4 -5 -6 -7
leaf_value=-0.0024596429240977512 0.0024373347480962596 -0.00048511564373456743 0.0040161966436906863 0.0021085042898590515 -0.00057789192790411712 8.4022993454863123e-05
leaf_weight=445.02013626569533 464.87373758238391 806.41443726714351 40.237924290937372 141.38980772384093 324.1131663886481 115.73221131414175
leaf_count=7157 5195 9581 500 1579 4093 539
internal_value=-8.2468e-06 -0.000671893 0.000125161 -8.02349e-05 -0.00168427 0.00197761
internal_weight=2337.78 1757.18 988.042 947.804 769.133 580.606
internal_count=28644 22910 11660 11160 11250 5734
is_linear=0
shrinkage=0.03


Tree=25
num_leaves=7
num_cat=0
split_feature=2 9 11 20 14 23
split_gain=2.36744 1.41821 1.20246 1.0547 0.635063 0.537432
threshold=-0.12572700109751672 0.11097396658343328 0.039710615378734833 0.028345673326884206 0.41385917847164688 0.35314691404300985
decision_type=2 2 2 2 2 2
left_child=3 2 4 -1 5 -2
right_child=1 -3 -4 -5 -6 -7
leaf_value=-0.0016252476261485859 -0.00030246947068161714 0.003218221789672356 0.001844544594789901 0.00058526307146224317 -0.0034212354318299979 0.0021518898782278066
leaf_weight=764.09430183371296 652.26378000783734 183.62056827440392 359.0509148062265 253.52932150650304 42.477780014276505 81.373807782889344
leaf_count=10257 7748 1919 4040 3521 175 894
internal_value=7.14147e-06 0.000843339 0.000434438 -0.00107419 -0.000233079 -4.95968e-06
internal_weight=2336.41 1318.79 1135.17 1017.62 776.115 733.638
internal_count=28554 14776 12857 13778 8817 8642
is_linear=0
shrinkage=0.03


Tree=26
num_leaves=7
num_cat=0
split_feature=6 6 5 22 14 3
split_gain=2.96912 1.63288 1.30208 0.99175 0.682585 0.674301
threshold=-0.013297991454333502 0.33929199159742401 0.005732849572629266 -0.15768213182079982 0.41385917847164688 -0.05711566095057282
decision_type=2 2 2 2 2 2
left_child=2 3 -1 -2 5 -5
right_child=1 -3 -4 4 -6 -7
leaf_value=-0.0020560283389822083 -0.0019223178618156236 0.003615528542607519 0.0010055942925638898 0.0004243513677520621 -0.0021680636921421813 0.0021285553949261459
leaf_weight=680.73019000460044 140.78870437186561 146.82388539655949 146.24192589928862 899.7886576068413 63.253966704010963 265.20493329578312
leaf_count=9767 1848 1587 1760 10567 261 2800
internal_value=-7.34722e-05 0.000714467 -0.00150906 0.000379378 0.000656605 0.000827119
internal_weight=2342.83 1515.86 826.972 1369.04 1228.25 1164.99
internal_count=28590 17063 11527 15476 13628 13367
is_linear=0
shrinkage=0.03


Tree=27
num_leaves=7
num_cat=0
split_feature=7 6 3 11 20 12
split_gain=3.08846 1.41556 1.15271 0.822806 0.646118 0.605754
threshold=-0.024091166803862328 0.28806393323660878 -0.25212466933018818 0.024908529708334421 0.0049181383830820278 1.6058927959201512
decision_type=2 2 2 2 2 2
left_child=4 2 -2 -4 -1 -3
right_child=1 5 3 -5 -6 -7
leaf_value=-0.0025531090217156762 -0.001866252260395364 0.0035904772765407247 2.9592939264957221e-05 0.0015859552596771487 -0.00042616609204532005 -0.00024068204913973537
leaf_weight=404.77779915898282 188.91571343870601 170.93574346014066 861.3046631917241 464.27205240601324 192.93912103230832 45.22136152535677
leaf_count=6161 2726 2014 9388 5090 3006 210
internal_value=-4.37793e-05 0.000599251 0.000266798 0.000582489 -0.00188486 0.00281377
internal_weight=2328.37 1730.65 1514.49 1325.58 597.717 216.157
internal_count=28595 19428 17204 14478 9167 2224
is_linear=0
shrinkage=0.03


Tree=28
num_leaves=7
num_cat=0
split_feature=0 6 23 7 22 3
split_gain=3.01186 1.63188 0.944792 0.797249 0.767482 0.725394
threshold=-0.0051056284576169722 0.33929199159742401 0.34456282204118988 -0.10750770994707606 0.066831909301755338 -0.059841758346674608
decision_type=2 2 2 2 2 2
left_child=3 2 5 -1 -5 -2
right_child=1 -3 -4 4 -6 -7
leaf_value=-0.0033374633798446316 -0.0002927219983359885 0.0036524683785468998 0.0027240467784396104 -0.0014266717425555344 0.00093590055586352517 0.0015093448737737772
leaf_weight=150.09672927373322 857.36924109584652 149.39272385611548 132.30901258630911 647.68698646032135 145.05901650560554 251.77246974193258
leaf_count=2977 10279 1618 1353 7792 1842 2647
internal_value=-9.2359e-05 0.000793122 0.0004226 -0.0013932 -0.000988088 0.000126174
internal_weight=2333.69 1390.84 1241.45 942.843 792.746 1109.14
internal_count=28508 15897 14279 12611 9634 12926
is_linear=0
shrinkage=0.03


Tree=29
num_leaves=7
num_cat=0
split_feature=0 0 9 9 0 14
split_gain=3.02852 1.49849 0.914085 0.745594 0.652967 0.611778
threshold=-0.084840280120375242 0.13997435442498815 0.1040427098408976 0.060830430423305673 0.46586906684600954 0.31953153718185695
decision_type=2 2 2 2 2 2
left_child=3 2 -2 -1 5 -3
right_child=1 4 -4 -5 -6 -7
leaf_value=-0.0021827894605296405 -0.00019192651403335782 0.0022202804394233413 0.0020008343620297247 8.7476656335728998e-05 0.0056284201749976486 -0.0010334917368360654
leaf_weight=519.16819838318042 1013.5268982759153 346.00941374251852 195.53362411318813 171.68384598748526 37.370908135431819 54.861497312784195
leaf_count=7722 12066 3927 2048 2120 431 231
internal_value=2.79613e-05 0.000726981 0.000176199 -0.00162541 0.0022087 0.00176067
internal_weight=2338.15 1647.3 1209.06 690.852 438.242 400.871
internal_count=28545 18703 14114 9842 4589 4158
is_linear=0
shrinkage=0.03


Tree=30
num_leaves=7
num_cat=0
split_feature=6 9 2 2 2 22
split_gain=2.39263 1.18766 0.838757 0.767752 0.72432 0.539805
threshold=0.14287935157847984 0.010053427755530033 0.050755582716598767 -0.12705250761577 -0.076907296588170096 -0.16251717978601601
decision_type=2 2 2 2 2 2
left_child=1 2 5 -3 -2 -1
right_child=4 3 -4 -5 -6 -7
leaf_value=-0.0033436287255985083 0.00074583741640919777 -0.00081894995009164319 0.0023424351083130941 0.00096728015351774978 0.0028862988710682638 -0.0012416063076355472
leaf_weight=128.63234474280034 390.07500190392602 377.34882206475595 42.746160573820816 481.71426634333329 223.66361745315953 690.69447853331803
leaf_count=1933 4121 4676 550 5182 2317 9757
internal_value=-3.35827e-05 -0.00060744 -0.00138746 0.000182272 0.00155965 -0.00160796
internal_weight=2334.87 1721.14 862.073 859.063 613.739 819.327
internal_count=28536 22098 12240 9858 6438 11690
is_linear=0
shrinkage=0.03


Tree=31
num_leaves=7
num_cat=0
split_feature=7 8 3 12 8 9
split_gain=2.37105 1.33551 1.20516 0.705774 0.666857 0.586187
threshold=-0.024091166803862328 0.12644176053820602 -0.2409861994955331 1.0111131108080695 0.02771959077107149 0.062223260416881032
decision_type=2 2 2 2 2 2
left_child=5 2 -2 4 -4 -1
right_child=1 -3 3 -5 -6 -7
leaf_value=-0.0021312799957924041 -0.0018533214216897742 0.0025109314850221063 0.00044657603056719544 -0.0002887227357645432 0.0022777008180122852 4.2723378563462544e-05
leaf_weight=448.49381144548533 206.58047212706879 261.08513871007017 483.88801042499836 516.07263227179646 280.24958959562355 147.03265698382165
leaf_count=7210 2887 2905 6988 2842 3908 1896
internal_value=1.63952e-05 0.000574019 0.000219388 0.000565622 0.00113889 -0.00160269
internal_weight=2343.4 1747.88 1486.79 1280.21 764.138 595.526
internal_count=28636 19530 16625 13738 10896 9106
is_linear=0
shrinkage=0.03


Tree=32
num_leaves=7
num_cat=0
split_feature=0 2 0 14 9 5
split_gain=2.08268 0.950469 1.02382 0.93284 0.749295 0.69088
threshold=-0.0026496339018390875 -0.15614127591284491 0.42313246652566022 0.41385917847164688 -0.0055679357386712374 0.0065695501389263326
decision_type=2 2 2 2 2 2
left_child=4 -2 3 -3 -1 -6
right_child=1 2 -4 -5 5 -7
leaf_value=-0.0020904053671638311 -0.00068211412590575863 0.0011371622837484557 0.0053296974246552845 -0.002602696051203945 -0.00089492367344416561 0.0017821088391740492
leaf_weight=408.1223756451509 339.62160652177408 945.36800841920194 40.165226256067399 54.716497100889683 447.39351339367568 97.397097487933934
leaf_count=6173 4594 10530 424 226 5546 1054
internal_value=-6.19474e-05 0.000681254 0.00112862 0.000908806 -0.00113404 -0.000392831
internal_weight=2332.78 1379.87 1040.25 1000.08 952.913 544.791
internal_count=28547 15774 11180 10756 12773 6600
is_linear=0
shrinkage=0.03


Tree=33
num_leaves=7
num_cat=0
split_feature=7 0 14 5 18 3
split_gain=2.51191 1.23253 0.874073 0.853413 0.711754 0.561876
threshold=0.052079304779513766 -0.053351463142832671 0.31953153718185695 0.0048284939513521695 1.0000000180025095e-35 -0.16587677484293936
decision_type=2 2 2 2 2 2
left_child=1 3 -2 -1 -3 -5
right_child=2 4 -4 5 -6 -7
leaf_value=-0.0020135883291572489 0.0019573724931517531 0.00034594870755337863 -0.00094666701953610764 -0.0017076992502680671 -0.0025827759935909285 0.0022631878078211167
leaf_weight=586.75542182770732 596.88058176959748 869.55035065600532 104.00827272236347 43.567936393432319 71.624723371351138 71.995166932116263
leaf_count=8623 6621 10800 439 609 672 866
internal_value=2.79892e-05 -0.000613287 0.00151917 -0.00155482 9.82584e-05 0.000749365
internal_weight=2344.38 1643.49 700.889 702.319 941.175 115.563
internal_count=28630 21570 7060 10098 11472 1475
is_linear=0
shrinkage=0.03


Tree=34
num_leaves=7
num_cat=0
split_feature=0 9 5 2 23 14
split_gain=2.14459 1.35028 0.718276 0.654753 0.508482 0.494565
threshold=0.13997435442498815 0.010053427755530033 1.0000000180025095e-35 0.045092583946012975 0.33664460575133454 0.31953153718185695
decision_type=2 2 2 2 2 2
left_child=1 3 -3 4 -1 -2
right_child=5 2 -4 -5 -6 -7
leaf_value=-0.001588184334051489 0.0023347699390071502 -4.0921921758835321e-06 0.002003233678641169 0.0018582560933996417 0.00082589625714418855 -0.00049246418953661716
leaf_weight=818.06087390608445 374.30415855319006 761.726065482595 193.22758774086833 51.988242585473927 80.628457576269284 61.468442529439926
leaf_count=11648 4261 8829 1929 644 998 259
internal_value=5.99416e-05 -0.00037644 0.000418626 -0.00117113 -0.00136489 0.00193387
internal_weight=2341.4 1905.63 954.954 950.678 898.689 435.773
internal_count=28568 24048 10758 13290 12646 4520
is_linear=0
shrinkage=0.03


Tree=35
num_leaves=7
num_cat=0
split_feature=0 2 2 3 8 23
split_gain=2.54361 1.21147 0.7016 0.686305 0.614625 0.539393
threshold=0.12361960041353583 -0.12572700109751672 -0.14501582019066625 -0.32866954310102664 0.23216899988254566 -0.28074864084349643
decision_type=2 2 2 2 2 2
left_child=1 -1 -2 -3 5 -5
right_child=2 3 -4 4 -6 -7
leaf_value=-0.0013466898545226053 0.00015950203499070514 -0.0030236942350869906 0.0026548748064622847 -0.0015026569643884103 0.0038250550761200022 0.0004988644273887378
leaf_weight=843.50453139768797 145.69502535735955 46.826709523505997 333.97354491867009 132.50821089086821 34.237628002505517 804.20075251458911
leaf_count=11863 1663 671 3316 1608 391 9068
internal_value=-9.33493e-06 -0.000513011 0.00191566 0.000184301 0.000368263 0.000202845
internal_weight=2340.95 1861.28 479.669 1017.77 970.947 936.709
internal_count=28580 23601 4979 11738 11067 10676
is_linear=0
shrinkage=0.03


Tree=36
num_leaves=7
num_cat=0
split_feature=7 7 3 3 22 5
split_gain=1.98835 0.986443 0.798046 0.589498 0.567376 0.483487
threshold=0.061985534140175623 -0.10750770994707606 -0.065510649338639343 -0.29200052695879736 -0.1601264224905416 0.0011665024186901464
decision_type=2 2 2 2 2 2
left_child=1 -1 4 -2 -3 -4
right_child=3 2 5 -5 -6 -7
leaf_value=-0.0026730582144387496 -0.0016643647458653647 -0.002339480852088877 0.0004179113719467312 0.00172701154421201 -0.0003887540297493183 0.0032390644750138961
leaf_weight=162.5521376344841 42.358020382846007 144.32544892051374 277.88552066293778 562.07956418796675 1083.6526287576417 59.336173804127611
leaf_count=3240 535 2064 3149 5441 13557 586
internal_value=-7.27981e-07 -0.000519378 -0.00028016 0.00146613 -0.00063507 0.000993299
internal_weight=2332.19 1727.75 1565.2 604.438 1227.98 337.222
internal_count=28572 22596 19356 5976 15621 3735
is_linear=0
shrinkage=0.03


Tree=37
num_leaves=7
num_cat=0
split_feature=0 6 3 11 5 6
split_gain=2.18048 1.11505 0.713596 0.546272 0.51048 0.462281
threshold=-0.053351463142832671 0.33929199159742401 -0.05711566095057282 0.085536969228447779 0.005732849572629266 0.067718004237043952
decision_type=2 2 2 2 2 2
left_child=4 2 3 -2 -1 -4
right_child=1 -3 5 -5 -6 -7
leaf_value=-0.0016488587266404453 -0.00023779282030875879 0.003004571573046217 0.00050552267572480044 0.0018985051999115567 0.00035920696878669604 0.0028574772602154097
leaf_weight=647.17504857070162 981.69588329191902 149.92207813251298 166.29211573695648 110.85652631602716 133.97791790950578 135.83986728882883
leaf_count=9239 11618 1624 1784 1228 1642 1287
internal_value=-2.2216e-05 0.000630372 0.000355583 -5.77879e-06 -0.00130426 0.00162064
internal_weight=2325.76 1544.61 1394.68 1092.55 781.153 302.132
internal_count=28422 17541 15917 12846 10881 3071
is_linear=0
shrinkage=0.03


Tree=38
num_leaves=7
num_cat=0
split_feature=7 7 8 22 14 22
split_gain=1.92347 0.865218 0.729607 0.677467 0.625864 0.563244
threshold=0.065152799049827126 -0.024091166803862328 0.068971897671771462 0.034715597582891805 0.31953153718185695 -0.16454758628043273
decision_type=2 2 2 2 2 2
left_child=1 3 -3 -1 5 -2
right_child=4 2 -4 -5 -6 -7
leaf_value=-0.001931146300716884 -0.0010247099469120086 -0.00039304041932504636 0.0012918732316742876 0.00036956180794065591 -0.00067782436795411406 0.0023158042539233124
leaf_weight=439.6552859004878 44.915549498313339 862.14051247853786 304.80297872866504 151.01019339612685 89.210347756743431 436.75414108828409
leaf_count=6666 576 10149 3529 2401 375 4725
internal_value=7.10406e-05 -0.000421444 5.42924e-05 -0.00134658 0.00156844 0.0019898
internal_weight=2328.49 1757.61 1166.94 590.665 570.88 481.67
internal_count=28421 22745 13678 9067 5676 5301
is_linear=0
shrinkage=0.03


Tree=39
num_leaves=7
num_cat=0
split_feature=0 22 23 23 20 0
split_gain=1.81585 1.09396 1.00187 0.738053 0.566945 0.476131
threshold=0.13326998848160362 -0.15768213182079982 -0.3021662770987818 0.55228305723375715 0.076532260665761145 0.46586906684600954
decision_type=2 2 2 2 2 2
left_child=1 -1 4 -4 -3 -2
right_child=5 2 3 -5 -6 -7
leaf_value=-0.0024942659103801071 0.0014032512902980778 -0.0022464269953808907 7.6470649369319511e-05 0.0030089321413422025 0.00086802330887163334 0.0047253594816412357
leaf_weight=180.58245360056753 409.94983327848604 245.16478612658102 1314.7732687422395 72.107879932416836 60.49243599944748 36.182115924370009
leaf_count=2630 4210 3539 15871 859 909 420
internal_value=7.23418e-05 -0.000339341 -9.61251e-05 0.000249387 -0.00162208 0.00177037
internal_weight=2319.25 1873.12 1692.54 1386.88 305.657 446.132
internal_count=28438 23808 21178 16730 4448 4630
is_linear=0
shrinkage=0.03


Tree=40
num_leaves=7
num_cat=0
split_feature=1 2 11 22 3 14
split_gain=1.64853 1.1797 0.895104 0.506729 0.494004 0.489002
threshold=0.042520850294021945 -0.12572700109751672 0.11129591335915441 0.019446684573021355 -0.054791549954404557 0.34198608790104729
decision_type=2 2 2 2 2 2
left_child=1 -1 4 5 -3 -2
right_child=3 2 -4 -5 -6 -7
leaf_value=-0.0012290345198098115 0.00134759273046706 -0.00034230913927723819 0.0034320155671353934 0.0031847725578418831 0.0012815881335943547 -0.0018276154808871163
leaf_weight=856.25934559368761 311.60388037550729 731.15259189388598 65.065968742652331 117.94865440833382 208.25160684465664 41.637274920940399
leaf_count=12221 3241 8782 725 1138 2251 174
internal_value=-1.47419e-05 -0.0004175 0.000279587 0.00155137 2.73912e-05 0.000933314
internal_weight=2331.92 1860.73 1004.47 471.19 939.404 353.241
internal_count=28532 23979 11758 4553 11033 3415
is_linear=0
shrinkage=0.03


Tree=41
num_leaves=7
num_cat=0
split_feature=0 23 15 14 2 6
split_gain=1.79934 0.914356 0.842719 0.765244 0.718424 0.692316
threshold=-0.053351463142832671 0.34456282204118988 1.5000000000000002 0.41385917847164688 -0.15614127591284491 0.47458193080532401
decision_type=2 2 2 2 2 2
left_child=-1 2 3 4 -2 -6
right_child=1 -3 -4 -5 5 -7
leaf_value=-0.0012002884362514513 -0.00049284195796611534 0.0024802627391438108 -0.0016824901058274265 -0.0025140185514722305 0.00099025484401194007 0.0052675643486184637
leaf_weight=784.38013126647274 308.38404857643764 184.20321631926345 163.31844724350958 59.514268837869167 813.31294203153811 26.352642842917703
leaf_count=10948 4257 1912 1974 245 9048 266
internal_value=-3.75875e-05 0.000552797 0.000277721 0.000554473 0.000733877 0.00118491
internal_weight=2339.47 1555.09 1370.88 1207.56 1148.05 839.666
internal_count=28650 17702 15790 13816 13571 9314
is_linear=0
shrinkage=0.03


Tree=42
num_leaves=7
num_cat=0
split_feature=0 7 14 15 8 10
split_gain=1.97503 1.04807 0.748376 0.78479 0.69408 0.555433
threshold=0.13326998848160362 -0.018207413947412359 0.41385917847164688 1.5000000000000002 0.23216899988254566 -0.061857964586160677
decision_type=2 2 2 2 2 2
left_child=1 -1 3 4 5 -3
right_child=-2 2 -4 -5 -6 -7
leaf_value=-0.0013828999324173269 0.0017916652567802928 -0.0011917963079991047 -0.0027523821612058063 -0.0016575951260353965 0.0044585900025832376 0.00072374609918903442
leaf_weight=622.09472660158644 457.56280752958264 151.89154861331917 67.286531507968903 151.76778601354454 30.212595419987338 869.94395323720528
leaf_count=9367 4753 1889 277 1861 354 10127
internal_value=4.48713e-05 -0.000384503 0.000111106 0.000292516 0.000586796 0.000430218
internal_weight=2350.76 1893.2 1271.1 1203.82 1052.05 1021.84
internal_count=28628 23875 14508 14231 12370 12016
is_linear=0
shrinkage=0.03


Tree=43
num_leaves=7
num_cat=0
split_feature=6 5 14 3 8 23
split_gain=1.61044 0.829773 0.674589 0.61656 0.56654 0.492472
threshold=0.14287935157847984 0.0011665024186901464 0.28104463578201971 -0.26367477576209419 0.10480763203882446 -0.3021662770987818
decision_type=2 2 2 2 2 2
left_child=1 3 -3 -1 -2 -5
right_child=4 2 -4 5 -6 -7
leaf_value=-0.002431635839203927 0.00076489541597525188 0.0015328985652610779 -0.0017832167466129982 -0.0017822235903166108 0.0028579644503342887 -0.00024465141572477923
leaf_weight=168.46581782371504 471.85442352760583 264.84808531432645 60.173078671097755 221.81504579156172 150.20113174186554 1004.0053610095783
leaf_count=2936 4920 3459 264 3222 1521 12237
internal_value=1.1657e-05 -0.000462039 0.000884065 -0.000779889 0.00130751 -0.000535049
internal_weight=2341.36 1719.31 325.021 1394.29 622.056 1225.82
internal_count=28559 22118 3723 18395 6441 15459
is_linear=0
shrinkage=0.03


Tree=44
num_leaves=7
num_cat=0
split_feature=6 7 5 22 20 8
split_gain=1.65519 1.21017 0.918285 0.640248 0.554407 0.463299
threshold=0.25800267363092039 -0.03371831329501724 0.0011665024186901464 -0.064242995895696875 0.10132930415284148 -0.028981528147918784
decision_type=2 2 2 2 2 2
left_child=1 4 -3 -2 -1 -5
right_child=3 2 -4 5 -6 -7
leaf_value=-0.0019334560716654948 -0.0004934447290730283 -0.00022100107132867834 0.0015314749458067213 0.00017124080920497058 0.00073626390295215719 0.0035558451091569263
leaf_weight=425.76955821693991 61.338283545745071 1214.9759420502523 335.00466209417209 46.621245336835273 77.923511225555558 174.91396031709155
leaf_count=6729 666 14270 3367 576 1275 1679
internal_value=4.76694e-05 -0.000252056 0.000165159 0.002158 -0.00151415 0.00288173
internal_weight=2336.55 2053.67 1549.98 282.873 503.693 221.535
internal_count=28562 25641 17637 2921 8004 2255
is_linear=0
shrinkage=0.03


Tree=45
num_leaves=7
num_cat=0
split_feature=2 6 11 22 1 22
split_gain=1.46263 1.00736 0.877572 0.637281 0.555444 0.391198
threshold=-0.12572700109751672 0.055711122198918446 0.043666553838990978 0.0098045582349376038 -0.020675713724625094 -0.051230047280054085
decision_type=2 2 2 2 2 2
left_child=3 5 -3 4 -1 -2
right_child=1 2 -4 -5 -6 -7
leaf_value=-0.0021487488889991488 -0.0012908869465703709 0.00075431389032706126 0.0031465787147033409 0.0003548213950678381 -0.00046985490099230823 0.00032731620899508575
leaf_weight=338.08496037684381 168.54729607474292 416.14983088820009 203.61657282980741 298.13744291861076 376.36099504807498 534.77150986841298
leaf_count=5175 2134 4231 2044 4072 4527 6357
internal_value=5.17095e-05 0.000706212 0.00157775 -0.000802034 -0.00128302 -7.31396e-05
internal_weight=2335.67 1323.09 619.766 1012.58 714.446 703.319
internal_count=28540 14766 6275 13774 9702 8491
is_linear=0
shrinkage=0.03


Tree=46
num_leaves=7
num_cat=0
split_feature=6 23 14 9 5 2
split_gain=1.44842 0.898108 0.680958 0.679263 0.594419 0.508162
threshold=-0.013297991454333502 0.20557854401914447 0.41385917847164688 0.02024585362907461 1.0000000180025095e-35 -0.10270991449472822
decision_type=2 2 2 2 2 2
left_child=4 2 3 5 -1 -2
right_child=1 -3 -4 -5 -6 -7
leaf_value=-0.001408446448279287 -0.0011077910723376722 0.0020815387028649784 -0.0026630704654234684 0.0011392046419976274 0.00062763773496645739 0.00056078029142524308
leaf_weight=647.29902603273513 324.12294396941434 272.70201571990037 60.416538774967194 547.65986311857705 154.37678056157893 314.29161763278535
leaf_count=9524 4368 2765 249 5831 1925 3891
internal_value=1.08699e-05 0.0005545 0.000206514 0.000373728 -0.00101346 -0.000290373
internal_weight=2320.87 1519.19 1246.49 1186.07 801.676 638.415
internal_count=28553 17104 14339 14090 11449 8259
is_linear=0
shrinkage=0.03


Tree=47
num_leaves=7
num_cat=0
split_feature=0 23 6 22 14 9
split_gain=1.43822 0.903721 0.685781 0.60846 0.586865 0.666606
threshold=-1.0000000180025095e-35 0.51512363655668025 0.47458193080532401 -0.16251717978601601 0.22021843570589214 -0.042055691992364343
decision_type=2 2 2 2 2 2
left_child=3 2 4 -1 5 -2
right_child=1 -3 -4 -5 -6 -7
leaf_value=-0.003460568415284498 -0.00071444759800666545 0.0033329594187460612 0.0036925662482354131 -0.00067768597029897206 -0.00075533366713583536 0.0011405684021316388
leaf_weight=68.08536900873878 228.99162904502009 91.083946126687806 44.028717786597554 877.95857593517576 368.37032198905945 651.78947514810716
leaf_count=1032 3811 953 460 11693 1751 8726
internal_value=-1.59339e-05 0.000598657 0.000381972 -0.000912068 0.000236884 0.000655682
internal_weight=2330.31 1384.26 1293.18 946.044 1249.15 880.781
internal_count=28426 15701 14748 12725 14288 12537
is_linear=0
shrinkage=0.03


Tree=48
num_leaves=7
num_cat=0
split_feature=7 6 3 11 22 12
split_gain=1.46797 0.840626 0.791764 0.6138 0.732291 0.524061
threshold=-0.031371926671917141 0.28806393323660878 -0.32866954310102664 0.025522680899316499 -0.0046926877111702686 1.643183226024939
decision_type=2 2 2 2 2 2
left_child=-1 2 -2 -4 -5 -3
right_child=1 5 3 4 -6 -7
leaf_value=-0.001263154365219396 -0.0023716806277789943 0.0028480627090745102 -5.837670263473069e-06 -0.00039228341565731206 0.0020227083757436482 -0.00076712394849573571
leaf_weight=529.87552166450769 86.27422942436533 183.88644017500337 979.74102491946542 160.64787788089598 349.4602658727672 39.82218911498785
leaf_count=8372 1286 2066 10924 1885 3767 181
internal_value=0.000110299 0.000519392 0.000268599 0.000436286 0.00126924 0.00219924
internal_weight=2329.71 1799.83 1576.12 1489.85 510.108 223.709
internal_count=28481 20109 17862 16576 5652 2247
is_linear=0
shrinkage=0.03


Tree=49
num_leaves=7
num_cat=0
split_feature=23 0 8 5 3 15
split_gain=1.42486 1.20369 0.607815 0.571663 0.560272 0.637097
threshold=0.57784389018357951 -0.055713991131700162 0.19344850867118132 0.005732849572629266 -0.054791549954404557 1.5000000000000002
decision_type=2 2 2 2 2 2
left_child=1 3 4 -1 5 -3
right_child=-2 2 -4 -5 -6 -7
leaf_value=-0.0014590643029071422 0.0031850905276407174 0.00018588805947802913 0.002856351725951836 0.00072556019759214749 0.0013667758249813458 -0.0020053167336606739
leaf_weight=616.68130000767997 114.66441920006764 968.56554974021856 74.627272514859214 123.79388304927852 297.27459126670146 126.03926026966656
leaf_count=8918 1328 11198 851 1513 2994 1581
internal_value=6.45798e-05 -0.000111183 0.00038659 -0.00108903 0.00023474 -8.22902e-05
internal_weight=2321.65 2206.98 1466.51 740.475 1391.88 1094.6
internal_count=28383 27055 16624 10431 15773 12779
is_linear=0
shrinkage=0.03


Tree=50
num_leaves=7
num_cat=0
split_feature=2 0 0 14 5 6
split_gain=1.3627 1.08166 0.595337 0.569281 0.515234 0.50478
threshold=-0.12572700109751672 0.42313246652566022 0.084934658122994902 0.34198608790104729 1.0000000180025095e-35 -0.013297991454333502
decision_type=2 2 2 2 2 2
left_child=2 3 -1 4 5 -2
right_child=1 -3 -4 -5 -6 -7
leaf_value=-0.0012046149851612888 -0.00076111802996703891 0.0051075721656961819 0.00052991600721121704 -0.0013840955616137244 0.0017177537576128822 0.00078577068918650591
leaf_weight=787.67062815598911 270.14342617749935 37.090066062577534 222.96662484231638 124.82515504956245 304.62023128918372 582.51003742753528
leaf_count=11260 3607 383 2491 524 3325 6871
internal_value=3.9604e-06 0.000637005 -0.0008205 0.000469147 0.000679185 0.000292533
internal_weight=2329.83 1319.19 1010.64 1282.1 1157.27 852.653
internal_count=28461 14710 13751 14327 13803 10478
is_linear=0
shrinkage=0.03


Tree=51
num_leaves=7
num_cat=0
split_feature=6 14 2 9 22 3
split_gain=1.03166 0.822484 0.729837 0.745801 0.677142 0.575916
threshold=-0.013297991454333502 0.41385917847164688 -0.15614127591284491 0.016937871378546496 -0.15060012707257953 -0.2879074780241167
decision_type=2 2 2 2 2 2
left_child=5 2 4 -4 -2 -1
right_child=1 -3 3 -5 -6 -7
leaf_value=-0.0030536134071893588 -0.0035712828890683318 -0.0022348877589130098 0.000334844287772453 0.0019304356718453308 8.4151756941305061e-05 -0.00049271575936070064
leaf_weight=79.719444558257237 42.742595483112382 80.893525376915932 546.3901741632144 508.86339483936899 334.06766918464564 724.51352206940646
leaf_count=1456 692 332 6402 5095 4465 9994
internal_value=8.14372e-05 0.000541968 0.000713236 0.00111517 -0.000412101 -0.00078095
internal_weight=2317.19 1512.96 1432.06 1055.25 376.81 804.233
internal_count=28436 16986 16654 11497 5157 11450
is_linear=0
shrinkage=0.03


Tree=52
num_leaves=7
num_cat=0
split_feature=0 22 8 20 12 23
split_gain=1.40332 0.881674 1.02378 0.582949 0.540332 0.480951
threshold=-0.084840280120375242 -0.021557571906934244 0.1029647351714858 0.16260936666701706 0.7609908884515828 0.55228305723375715
decision_type=2 2 2 2 2 2
left_child=3 -2 4 5 -3 -1
right_child=1 2 -4 -5 -6 -7
leaf_value=-0.0015630574245566445 -0.00056518803708728311 0.0012215404582299188 0.0027388180325243049 0.0016472183174343841 -0.00020113206991540834 0.0020896745310113722
leaf_weight=594.66792307788273 487.47383572676335 463.39800051320344 220.52603282500058 54.58345305849798 482.97347495704889 25.85435204199166
leaf_count=8529 5947 7605 2319 865 2891 364
internal_value=2.79981e-05 0.000498281 0.000943575 -0.0011149 0.000500979 -0.00138014
internal_weight=2329.48 1654.37 1166.9 675.106 946.371 620.522
internal_count=28520 18762 12815 9758 10496 8893
is_linear=0
shrinkage=0.03


Tree=53
num_leaves=7
num_cat=0
split_feature=6 9 1 22 23 11
split_gain=1.13398 0.915006 0.794041 0.60359 0.465814 0.451956
threshold=0.33929199159742401 0.10019122391016565 -0.13936870279874361 -0.15768213182079982 0.57784389018357951 0.028473842045541379
decision_type=2 2 2 2 2 2
left_child=1 2 -1 -4 -5 -3
right_child=-2 5 3 4 -6 -7
leaf_value=-0.0022952358631974875 0.0024647275158651309 0.00046414590045134457 -0.0018003029285579627 -0.00016223077442252434 0.0020966036918997222 0.0028020486544789039
leaf_weight=178.69357463839697 145.77748642786173 239.07898236752953 186.59789298515534 1393.5903547337075 77.275720411678776 101.60855290654581
leaf_count=3452 1571 2548 2584 16313 863 1088
internal_value=-8.3444e-06 -0.000184473 -0.000450533 -0.000239081 -3.02005e-05 0.00122143
internal_weight=2322.62 2176.85 1836.16 1657.46 1470.87 340.688
internal_count=28419 26848 23212 19760 17176 3636
is_linear=0
shrinkage=0.03


Tree=54
num_leaves=7
num_cat=0
split_feature=6 8 23 3 18 9
split_gain=1.20895 0.756983 0.63651 0.664201 0.44943 0.326475
threshold=0.30031076942859641 0.12644176053820602 -0.31371196235539839 -0.23845042274485165 1.0000000180025095e-35 0.098330747650429276
decision_type=2 2 2 2 2 2
left_child=1 2 -1 -4 -5 -3
right_child=-2 5 3 4 -6 -7
leaf_value=-0.0016333277266497603 0.0020965641566445085 0.00065749353762846864 -0.0016541694220437637 0.00024147121407642346 -0.001657343130451392 0.0032526445816614419
leaf_weight=331.87697148980806 207.58364959061146 208.97849009028869 229.11131220895913 1194.0365249197203 113.7274199804524 47.991898062522523
leaf_count=4897 2141 2424 3514 14151 1018 500
internal_value=-3.39112e-05 -0.000250801 -0.00046214 -0.000200307 6.50203e-05 0.00124585
internal_weight=2333.31 2125.72 1868.75 1536.88 1307.76 256.97
internal_count=28645 26504 23580 18683 15169 2924
is_linear=0
shrinkage=0.03


Tree=55
num_leaves=7
num_cat=0
split_feature=6 23 3 8 10 3
split_gain=1.14819 0.731594 0.659522 0.544742 0.45745 0.502929
threshold=0.30031076942859641 0.60798110501374814 -0.052429155651936322 0.20005708872711428 0.049295851053115035 -0.25212466933018818
decision_type=2 2 2 2 2 2
left_child=1 2 3 4 5 -1
right_child=-2 -3 -4 -5 -6 -7
leaf_value=-0.0022979020031377046 0.0021126899969657049 0.0024115722601216051 0.00080873097407862854 0.0020871979091785405 0.00026622252431295177 -0.00065867898505801682
leaf_weight=195.67944520071615 208.32839366263943 84.41414162813453 387.98096108148457 58.088341724884231 364.49199866497656 1029.0374988148105
leaf_count=3186 2153 980 4160 664 4601 12749
internal_value=4.08871e-05 -0.000171699 -0.000290108 -0.000552231 -0.000661155 -0.000937076
internal_weight=2328.02 2119.69 2035.28 1647.3 1589.21 1224.72
internal_count=28493 26340 25360 21200 20536 15935
is_linear=0
shrinkage=0.03


Tree=56
num_leaves=7
num_cat=0
split_feature=2 0 20 3 23 14
split_gain=1.26126 0.649695 0.638271 0.623173 0.712318 0.493818
threshold=-0.12705250761577 0.40629810526123383 0.012612602314840128 -0.040425177458980173 0.35314691404300985 0.2442724207889182
decision_type=2 2 2 2 2 2
left_child=2 3 -1 4 5 -2
right_child=1 -3 -4 -5 -6 -7
leaf_value=-0.0012281033602556824 0.00027936688337253481 0.0039418738428102411 0.00043467446997629222 0.0018755609541506635 0.0021347899135024276 -0.0013206626654330923
leaf_weight=712.77259194673388 700.83731511235237 42.121469016186893 285.60194435773883 235.64981778332731 137.05989462282741 219.78464885056019
leaf_count=9709 9549 447 3930 2430 1434 1016
internal_value=4.95331e-05 0.000650521 -0.000752844 0.000513906 0.000195806 -0.000112703
internal_weight=2333.83 1335.45 998.375 1293.33 1057.68 920.622
internal_count=28515 14876 13639 14429 11999 10565
is_linear=0
shrinkage=0.03


Tree=57
num_leaves=7
num_cat=0
split_feature=23 0 3 8 20 2
split_gain=1.12328 0.853123 0.829337 0.572786 0.553901 0.372642
threshold=0.34456282204118988 0.46586906684600954 -0.052429155651936322 0.20005708872711428 0.028345673326884206 -0.21599741212959864
decision_type=2 2 2 2 2 2
left_child=1 2 3 4 5 -1
right_child=-2 -3 -4 -5 -6 -7
leaf_value=-0.0021872889129970667 0.0018075342470042467 0.0040633523861217978 0.00088792518171130032 0.0019554617240500048 0.00039714684222711289 -0.00079073927319053112
leaf_weight=201.47492506267736 256.00530758846435 30.290513389511034 386.91446698305663 63.953272989601828 298.90891959459987 1086.9821329943661
leaf_count=3792 2841 330 4140 754 4032 12642
internal_value=-2.81556e-05 -0.000262948 -0.000346766 -0.000639666 -0.000755808 -0.00102428
internal_weight=2324.53 2068.52 2038.23 1651.32 1587.37 1288.46
internal_count=28531 25690 25360 21220 20466 16434
is_linear=0
shrinkage=0.03


Tree=58
num_leaves=7
num_cat=0
split_feature=23 0 15 14 2 0
split_gain=1.04465 0.912732 0.596709 0.452287 0.587722 0.489717
threshold=0.54077549956998283 -0.084840280120375242 1.5000000000000002 0.41385917847164688 -0.11384991049432627 0.42313246652566022
decision_type=2 2 2 2 2 2
left_child=1 -1 3 4 -3 -6
right_child=-2 2 -4 -5 5 -7
leaf_value=-0.0010703057875434999 0.0025189465477501289 -0.00010279374695006682 -0.0013018952281009261 -0.0017222303328614256 0.00098506683517749979 0.004612935413258093
leaf_weight=644.67985432308342 132.54981824528659 573.40069550354383 182.45193056910648 69.581814408302307 692.80927528924076 26.31416884122882
leaf_count=9355 1506 7108 2211 287 7729 271
internal_value=3.02842e-05 -0.000131163 0.000265187 0.000483054 0.000614084 0.00117926
internal_weight=2321.79 2189.24 1544.56 1362.11 1292.52 719.123
internal_count=28467 26961 17606 15395 15108 8000
is_linear=0
shrinkage=0.03


Tree=59
num_leaves=7
num_cat=0
split_feature=0 23 9 11 22 6
split_gain=0.955191 0.685022 0.508602 0.514122 0.496883 0.487313
threshold=-0.084840280120375242 0.48447040189574847 -0.0038001358438175116 0.025522680899316499 -0.15768213182079982 0.33011219405377712
decision_type=2 2 2 2 2 2
left_child=2 4 -1 -4 -2 -6
right_child=1 -3 3 -5 5 -7
leaf_value=-0.0018119340756858251 -0.0013137796228572193 0.0024555102479924705 -0.00093413731325067283 0.0013320202614809191 0.00022917325058552365 0.0021184756329318721
leaf_weight=300.61241680220701 157.3913257632812 126.14595184428617 257.04538680487894 126.11024730387726 1244.5415695286938 126.80840253963834
leaf_count=4932 2150 1314 3290 1625 14029 1282
internal_value=2.58703e-05 0.000415479 -0.000909475 -0.000173355 0.000232279 0.000417948
internal_weight=2338.66 1654.89 683.768 383.156 1528.74 1371.35
internal_count=28622 18775 9847 4915 17461 15311
is_linear=0
shrinkage=0.03


Tree=60
num_leaves=7
num_cat=0
split_feature=8 23 9 14 11 11
split_gain=1.0097 0.799578 0.495821 0.432031 0.428131 0.354148
threshold=0.16183952307787722 0.62378312966976102 0.013910249214652769 0.1445274514502444 0.024908529708334421 0.11129591335915441
decision_type=2 2 2 2 2 2
left_child=1 2 5 4 -4 -1
right_child=-2 -3 3 -5 -6 -7
leaf_value=-0.00084632429598616003 0.0021259468509981453 0.0026006081891654957 0.00022387527822813948 -0.0003636391368479541 0.0021805010254518933 0.0016427195446236387
leaf_weight=1030.6231547723874 178.20469413840328 80.263381533208303 305.3758221011085 550.52960310131311 142.1272249147296 45.061736418370856
leaf_count=14141 1986 945 5325 3121 2452 576
internal_value=1.83961e-05 -0.000164986 -0.000283995 0.000196906 0.000879379 -0.000727885
internal_weight=2332.19 2153.98 2073.72 998.033 447.503 1075.68
internal_count=28546 26560 25615 10898 7777 14717
is_linear=0
shrinkage=0.03


Tree=61
num_leaves=7
num_cat=0
split_feature=0 14 2 10 20 11
split_gain=0.825863 0.603828 0.657039 0.555592 0.392339 0.391132
threshold=-0.055713991131700162 0.41385917847164688 -0.15614127591284491 0.0032789953515295072 -0.14687006856861171 0.082090892557151865
decision_type=2 2 2 2 2 2
left_child=-1 2 4 -4 -2 -5
right_child=1 -3 3 5 -6 -7
leaf_value=-0.00087760648129212439 -0.0027615273291861698 -0.0020890256688284184 0.00011974419639283945 0.001121476958690163 -0.0001809606763004565 0.0034149949109242724
leaf_weight=768.51769388940011 53.821160918538226 78.884925454854965 529.79149981573573 502.89316287310794 323.52593714295654 72.303510150115471
leaf_count=10894 880 324 5870 5485 4380 756
internal_value=-7.89034e-05 0.000317345 0.000458544 0.000825929 -0.000610819 0.00146321
internal_weight=2329.74 1561.22 1482.34 1104.99 377.347 575.197
internal_count=28589 17695 17371 12111 5260 6241
is_linear=0
shrinkage=0.03


Tree=62
num_leaves=7
num_cat=0
split_feature=2 11 3 20 15 12
split_gain=0.887424 0.651314 0.612254 0.535651 0.389829 0.401772
threshold=-0.12572700109751672 0.11129591335915441 -0.065510649338639343 0.012612602314840128 1.5000000000000002 1.0259299102469412
decision_type=2 2 2 2 2 2
left_child=3 2 4 -1 5 -2
right_child=1 -3 -4 -5 -6 -7
leaf_value=-0.0011384888343555705 0.00064898211773479282 0.0027349950963790151 0.001469672893696126 0.00038062342286679959 -0.001747910545140082 -0.00067586738912555808
leaf_weight=726.78256710339338 505.18190153366595 94.939415774948429 281.76818317192374 285.80792513024062 104.05374554084847 333.50828278809786
leaf_count=9851 7631 998 2946 3958 1281 1856
internal_value=-4.59397e-05 0.000465331 0.000268629 -0.000710184 -0.000101998 0.000120395
internal_weight=2332.04 1319.45 1224.51 1012.59 942.744 838.69
internal_count=28521 14712 13714 13809 10768 9487
is_linear=0
shrinkage=0.03


Tree=63
num_leaves=7
num_cat=0
split_feature=0 9 8 23 15 8
split_gain=0.934594 0.668231 0.546109 0.464713 0.366878 0.346679
threshold=0.13997435442498815 -0.089260218624545126 0.19344850867118132 -0.30827912751255176 1.5000000000000002 -0.035843984795244595
decision_type=2 2 2 2 2 2
left_child=1 -1 3 -3 -5 -2
right_child=5 2 -4 4 -6 -7
leaf_value=-0.0017265188248364533 -0.00036216259150416013 -0.0012585434925604857 0.0024518267867449091 0.00025340970617731835 -0.0012283843784808199 0.0016522923702462309
leaf_weight=242.99633471056586 93.832758968113922 286.1853185214859 63.894414967071498 1130.2779901652102 163.24447101872647 348.49998325586785
leaf_count=3896 1152 4034 723 13272 1990 3419
internal_value=1.06904e-06 -0.000291175 -6.98107e-05 -0.000186585 5.84161e-05 0.0012264
internal_weight=2328.93 1886.6 1643.6 1579.71 1293.52 442.333
internal_count=28486 23915 20019 19296 15262 4571
is_linear=0
shrinkage=0.03


Tree=64
num_leaves=7
num_cat=0
split_feature=22 7 20 5 0 4
split_gain=0.903501 0.654393 0.54412 0.554057 0.527323 0.448747
threshold=-0.16251717978601601 -0.10750770994707606 0.12434798952444794 0.0096641171071157866 0.42313246652566022 -0.12238478202909221
decision_type=2 2 2 2 2 2
left_child=-1 -2 3 4 -3 -5
right_child=1 2 -4 5 -6 -7
leaf_value=-0.0019506399506469788 -0.0017652945302063393 -0.00030352964884170169 0.0016141130187276125 -6.005050486633252e-05 0.0029444897683110608 0.0021156497185732628
leaf_weight=204.88530441239709 148.5533426538168 1391.6662824586529 218.71891334443353 153.92857554779039 36.518588179955259 179.92867448145989
leaf_count=2950 2987 16235 2596 1622 397 1780
internal_value=-9.65678e-05 9.01175e-05 0.000237438 5.84099e-05 -0.000200582 0.00113995
internal_weight=2334.2 2129.31 1980.76 1762.04 1428.18 333.857
internal_count=28567 25617 22630 20034 16632 3402
is_linear=0
shrinkage=0.03


Tree=65
num_leaves=7
num_cat=0
split_feature=0 22 2 11 2 7
split_gain=0.854367 0.707613 0.461444 0.325572 0.458067 0.377457
threshold=0.14332896383286889 -0.15505850892022116 0.020920523852352105 0.025522680899316499 -0.030785707475686205 -0.032634213369883092
decision_type=2 2 2 2 2 2
left_child=1 -1 3 -3 5 -5
right_child=-2 2 -4 4 -6 -7
leaf_value=-0.0019673366901190536 0.001197914139738821 -0.00051008178041677397 0.0015178426009059504 -0.0006386346202494241 -0.0018811032590911273 0.001288061539701074
leaf_weight=187.2215361307608 432.02696965564974 1081.3854780430702 140.62643752721488 120.09660878128489 58.707775254675653 316.3574058196682
leaf_count=2731 4429 13638 1593 1926 768 3522
internal_value=9.15367e-06 -0.000265375 -6.94955e-05 -0.000219759 0.000411824 0.000755474
internal_weight=2336.42 1904.4 1717.17 1576.55 495.162 436.454
internal_count=28607 24178 21447 19854 6216 5448
is_linear=0
shrinkage=0.03


Tree=66
num_leaves=7
num_cat=0
split_feature=23 0 16 6 20 2
split_gain=0.866579 0.581629 0.539795 0.553553 0.421824 0.403244
threshold=0.34456282204118988 -0.055713991131700162 1.0000000180025095e-35 0.47458193080532401 0.028345673326884206 -0.2868854246054367
decision_type=2 2 2 2 2 2
left_child=1 4 3 5 -1 -3
right_child=-2 2 -4 -5 -6 -7
leaf_value=-0.0013779755779228385 0.0015629759835857967 -0.0021686949379195624 -0.001425224407616594 0.0035103120195986615 0.0002606899716366703 0.00035137571499059203
leaf_weight=497.19600556659861 268.51380603422876 50.248727705795318 164.66066716244677 38.202505614433903 192.1026345846476 1130.7406046285469
leaf_count=7088 2905 1054 2022 386 2805 12396
internal_value=-8.70216e-06 -0.000218791 0.00013663 0.000357449 -0.000924094 0.000226843
internal_weight=2341.66 2073.15 1383.85 1219.19 689.299 1180.99
internal_count=28656 25751 15858 13836 9893 13450
is_linear=0
shrinkage=0.03


Tree=67
num_leaves=7
num_cat=0
split_feature=0 14 8 20 15 20
split_gain=0.853633 0.677225 0.666469 0.503389 0.385142 0.34225
threshold=-1.0000000180025095e-35 0.41385917847164688 0.1029647351714858 -0.12613160390461695 1.5000000000000002 0.18237989637330324
decision_type=2 2 2 2 2 2
left_child=3 2 4 -1 -2 -5
right_child=1 -3 -4 5 -6 -7
leaf_value=-0.0026322331405544369 0.00049544865486492065 -0.002154524512715254 0.001929598241282334 -0.00063010358508317594 -0.0011439537900868112 0.0015643278237760113
leaf_weight=99.240718624612782 912.50001817857265 74.836992263793945 265.34420112412772 785.09044729114976 140.29115113944863 60.069836199458223
leaf_count=1519 10698 308 3039 10422 1742 906
internal_value=-1.92891e-05 0.000451645 0.000614718 -0.000711362 0.00026828 -0.000457665
internal_weight=2337.37 1392.97 1318.14 944.401 1052.79 845.16
internal_count=28634 15787 15479 12847 12440 11328
is_linear=0
shrinkage=0.03


Tree=68
num_leaves=7
num_cat=0
split_feature=0 23 9 0 2 23
split_gain=0.789936 0.511956 0.401141 0.387988 0.336059 0.291783
threshold=-0.0051056284576169722 0.34456282204118988 0.010939286986388812 0.46586906684600954 -0.2868854246054367 0.12321820692792675
decision_type=2 2 2 2 2 2
left_child=2 3 5 4 -2 -1
right_child=1 -3 -4 -5 -6 -7
leaf_value=-0.0016711041961885731 -0.0020530885259063495 0.0019743990776295967 -2.8013333821454987e-05 0.0030742409030797401 0.00024001147718684398 7.5426840710926825e-05
leaf_weight=368.62511790038843 50.547306007996667 162.5863237765152 442.37232073475025 31.656819581403397 1152.4644768538128 110.33849520955118
leaf_count=5834 1038 1648 5332 341 12798 1420
internal_value=-5.49882e-06 0.000443071 -0.000683231 0.000227176 0.00012753 -0.00127544
internal_weight=2318.59 1397.25 921.336 1234.67 1203.01 478.964
internal_count=28411 15825 12586 14177 13836 7254
is_linear=0
shrinkage=0.03


Tree=69
num_leaves=7
num_cat=0
split_feature=0 23 2 16 22 5
split_gain=0.833423 0.542299 0.558445 0.444698 0.432923 0.424306
threshold=-0.0051056284576169722 0.48447040189574847 -0.2868854246054367 1.0000000180025095e-35 -0.16251717978601601 0.02352343265814056
decision_type=2 2 2 2 2 2
left_child=4 2 -2 -4 -1 -6
right_child=1 -3 3 -5 5 -7
leaf_value=-0.0028502146734632576 -0.0024404711412245759 0.0024656071917222256 0.00066041303811223309 -0.0010408560094413589 -0.00072213451592130929 0.0012365457359498364
leaf_weight=65.415616674785269 53.23000039847102 105.45302912825719 1102.9100578796933 148.81180692976341 738.87155241068103 105.54213103587972
leaf_count=1039 1096 1083 11982 1757 10164 1269
internal_value=3.74071e-05 0.000492839 0.000315882 0.00045151 -0.00066628 -0.000465715
internal_weight=2320.23 1410.4 1304.95 1251.72 909.829 844.414
internal_count=28390 15918 14835 13739 12472 11433
is_linear=0
shrinkage=0.03


Tree=70
num_leaves=7
num_cat=0
split_feature=0 7 23 20 2 24
split_gain=0.749417 0.644821 0.577689 0.421018 0.480484 0.390328
threshold=0.46586906684600954 -0.10497029864169484 0.62378312966976102 0.028345673326884206 -0.12572700109751672 1.5000000000000002
decision_type=2 2 2 2 2 2
left_child=1 -1 3 4 -3 -5
right_child=-2 2 -4 5 -6 -7
leaf_value=-0.001817108715833135 0.0037834906944253211 -0.00089281723003764005 0.0022716048610950806 -0.00027061214639945261 0.00017507204583848285 0.0014252194051157057
leaf_weight=164.08778624271508 36.541065462923143 642.63637731943163 93.181788245768985 203.43207693571458 898.78363658610033 285.72341613314347
leaf_count=3349 426 8161 1061 2507 9842 3190
internal_value=1.46808e-05 -6.17174e-05 8.17897e-05 -2.93392e-05 -0.000273029 0.000728658
internal_weight=2324.39 2287.85 2123.76 2030.58 1541.42 489.155
internal_count=28536 28110 24761 23700 18003 5697
is_linear=0
shrinkage=0.03


Tree=71
num_leaves=7
num_cat=0
split_feature=22 2 11 14 6 0
split_gain=0.911816 0.640368 0.767818 0.524812 0.369333 0.325896
threshold=-0.16251717978601601 -0.12572700109751672 0.035786324715780631 0.39316636867906257 0.25800267363092039 0.10625367311879953
decision_type=2 2 2 2 2 2
left_child=-1 5 3 4 -3 -2
right_child=1 2 -4 -5 -6 -7
leaf_value=-0.0018408935265624316 -0.00069297761429615897 4.0352146749748342e-05 0.0016726601669443339 -0.002617283427603337 0.002000394402707223 0.00070438479420588092
leaf_weight=211.25124508235604 734.60018799788668 657.61940142807725 409.63889099948574 49.945261351764202 89.708495191764086 179.53661516279681
leaf_count=2995 10336 7701 4419 207 872 1984
internal_value=-7.84222e-06 0.000182507 0.000633912 8.60953e-05 0.000298941 -0.000413883
internal_weight=2332.3 2121.05 1206.91 797.273 747.328 914.137
internal_count=28514 25519 13199 8780 8573 12320
is_linear=0
shrinkage=0.03


Tree=72
num_leaves=7
num_cat=0
split_feature=6 7 14 15 9 4
split_gain=0.669464 0.388706 0.487248 0.529321 0.381265 0.284
threshold=0.33929199159742401 -0.10750770994707606 0.41385917847164688 1.5000000000000002 0.12293168029438238 -0.098796252086824188
decision_type=2 2 2 2 2 2
left_child=1 -1 3 4 5 -3
right_child=-2 2 -4 -5 -6 -7
leaf_value=-0.0015730914052720282 0.0018051182890686309 -0.00028682429484230072 -0.0020517926558880312 -0.001267148123536849 0.0014774345379991751 0.00054182597302992455
leaf_weight=158.26314423844451 153.03828894981416 872.74242436490022 96.032524511218071 234.92562083608937 183.72657517838525 633.8249156861275
leaf_count=3245 1597 10612 395 3000 2013 7646
internal_value=-4.97049e-05 -0.000187594 -7.18997e-05 3.69521e-05 0.000224589 6.30695e-05
internal_weight=2332.55 2179.52 2021.25 1925.22 1690.29 1506.57
internal_count=28508 26911 23666 23271 20271 18258
is_linear=0
shrinkage=0.03


Tree=73
num_leaves=7
num_cat=0
split_feature=23 0 9 10 8 12
split_gain=0.682312 0.563591 0.444762 0.367939 0.427552 0.383162
threshold=0.54077549956998283 -0.055713991131700162 0.02024585362907461 -0.044329372361063005 -0.044555665456989531 1.5772099256491818
decision_type=2 2 2 2 2 2
left_child=1 -1 -3 -4 -5 -6
right_child=-2 2 3 4 5 -7
leaf_value=-0.00076587993768430164 0.0020327641173358609 -0.00023458412988373878 -0.00056781505421865588 -0.00051273005535228523 0.0020000666274651033 -0.00019376862353643291
leaf_weight=729.47418448707322 135.19088493546587 786.57661341776839 133.70279042370385 106.45415187312756 347.01769038068596 87.554427996277809
leaf_count=10383 1510 9791 1484 1221 3760 403
internal_value=4.10006e-05 -9.05873e-05 0.000249429 0.00080886 0.00115321 0.00156365
internal_weight=2325.97 2190.78 1461.31 674.729 541.026 434.572
internal_count=28552 27042 16659 6868 5384 4163
is_linear=0
shrinkage=0.03


Tree=74
num_leaves=7
num_cat=0
split_feature=22 11 0 14 15 25
split_gain=0.661791 0.493085 0.433484 0.468868 0.407112 0.314134
threshold=-0.16251717978601601 0.11376216354355202 -0.084840280120375242 0.22021843570589214 1.5000000000000002 -0.24842165208707592
decision_type=2 2 2 2 2 2
left_child=-1 2 -2 4 5 -4
right_child=1 -3 3 -5 -6 -7
leaf_value=-0.0016163979067133655 -0.00065239732404365506 0.0020111592461220019 0.0023977436911913966 -0.00053051667191215133 -0.00085919014557778476 0.00066536161549702645
leaf_weight=204.34348932548892 594.09231458080467 108.72112906959956 100.50867345475126 417.05850513279438 130.43551836902043 771.23093210646766
leaf_count=2970 8613 1158 1258 1977 1788 10736
internal_value=-2.7502e-05 0.000132365 2.14705e-05 0.000306143 0.000656123 0.000890028
internal_weight=2326.39 2122.05 2013.33 1419.23 1002.18 871.74
internal_count=28500 25530 24372 15759 13782 11994
is_linear=0
shrinkage=0.03


Tree=75
num_leaves=7
num_cat=0
split_feature=23 3 20 22 10 17
split_gain=0.653271 0.601151 0.412215 0.394451 0.368644 0.405824
threshold=-0.29108432140184476 -0.25212466933018818 0.076532260665761145 -0.12222250240848485 -0.068746379449317246 1.5000000000000002
decision_type=2 2 2 2 2 2
left_child=2 3 -1 -2 -3 -6
right_child=1 4 -4 -5 5 -7
leaf_value=-0.0014380742716683119 -0.0024150181380177623 -0.00064406824313511287 0.0009640915144864744 -2.5492162363377974e-05 0.00077825446307709407 -0.0013334270039978583
leaf_weight=344.37949350391864 101.69550680273096 217.6113601080724 71.154236444330309 140.72307356083184 1388.7272125893942 78.089627277920954
leaf_count=4912 1521 2696 1040 2127 15229 1048
internal_value=5.08143e-05 0.000284441 -0.00101375 -0.00108387 0.000486599 0.000657566
internal_weight=2342.38 1926.85 415.534 242.419 1684.43 1466.82
internal_count=28573 22621 5952 3648 18973 16277
is_linear=0
shrinkage=0.03


Tree=76
num_leaves=7
num_cat=0
split_feature=0 22 14 22 6 5
split_gain=0.674336 0.514786 0.404708 0.37115 0.337088 0.279127
threshold=-0.053351463142832671 -0.0046926877111702686 0.17572819283462149 0.18195871282868234 0.33011219405377712 -0.13928472466627401
decision_type=2 2 2 2 2 2
left_child=3 -2 4 -1 -3 -4
right_child=1 2 5 -5 -6 -7
leaf_value=-0.00084693988841525597 -0.00035196420073769754 0.0010172047085973965 -0.001962893985345947 0.00162976980937826 0.0032610213276624833 0.00036431210345242804
leaf_weight=712.38211319310358 517.34051232671482 540.45183901276323 42.399819537997246 49.731846137437969 61.838650751044042 395.45257172733545
leaf_count=10057 6241 8242 220 779 883 2021
internal_value=5.96565e-05 0.000416872 0.000798982 -0.000666307 0.00129708 0.000100158
internal_weight=2319.6 1557.48 1040.14 762.114 602.29 437.852
internal_count=28443 17607 11366 10836 9125 2241
is_linear=0
shrinkage=0.03


Tree=77
num_leaves=7
num_cat=0
split_feature=6 4 9 14 3 12
split_gain=0.612104 0.519813 0.460662 0.373256 0.4698 0.329314
threshold=0.25800267363092039 -0.059176521519506295 -0.091277523273987263 0.2277947556113353 -0.032539079533621125 1.6058927959201512
decision_type=2 2 2 2 2 2
left_child=1 2 -1 4 -4 -2
right_child=5 -3 3 -5 -6 -7
leaf_value=-0.0018594242204282973 0.0017852343148183512 0.00064358472142899532 -0.00020942848649356668 -0.0010787984750945502 0.0016654732956645042 -0.00066480122438435411
leaf_weight=172.55733691036585 229.45673310873099 523.44299689354375 873.71006885453244 350.55741328001022 129.24026915733702 56.549320556223392
leaf_count=2931 2614 6341 12974 1671 1759 262
internal_value=1.91713e-05 -0.000164252 -0.000443727 -0.000250928 4.62282e-05 0.00129472
internal_weight=2335.51 2049.51 1526.07 1353.51 1002.95 286.006
internal_count=28552 25676 19335 16404 14733 2876
is_linear=0
shrinkage=0.03


Tree=78
num_leaves=7
num_cat=0
split_feature=2 11 22 22 24 23
split_gain=0.729351 0.541816 0.412302 0.332854 0.361411 0.327107
threshold=-0.12572700109751672 0.039710615378734833 -1.0000000180025095e-35 0.0098045582349376038 1.5000000000000002 0.1327349099094475
decision_type=2 2 2 2 2 2
left_child=3 -2 5 -1 -5 -3
right_child=1 2 -4 4 -6 -7
leaf_value=-0.00094890818129159788 5.1063085732840188e-05 -0.00087163641144906716 0.0020015494308661037 -0.0011801525182357406 0.00096193297876373627 0.0020488150962747319
leaf_weight=706.59854320753948 901.19134282816958 102.61067005584482 276.93181879894109 97.694397394254338 198.45593066141009 39.774704921495868
leaf_count=9716 10137 1215 2961 1379 2664 389
internal_value=7.75682e-06 0.00046949 0.00134663 -0.000598926 0.000239833 2.50917e-05
internal_weight=2323.26 1320.51 419.317 1002.75 296.15 142.385
internal_count=28461 14702 4565 13759 4043 1604
is_linear=0
shrinkage=0.03


Tree=79
num_leaves=7
num_cat=0
split_feature=22 8 23 24 15 3
split_gain=0.603271 0.47199 0.425168 0.310828 0.432862 0.451889
threshold=-0.16454758628043273 0.17393205169575024 -0.3021662770987818 2.5000000000000004 1.5000000000000002 -0.05711566095057282
decision_type=2 2 2 2 2 2
left_child=-1 2 -2 4 -4 -6
right_child=1 -3 3 -5 5 -7
leaf_value=-0.0016094881288810678 -0.00098312105344484793 0.0017229080463571891 5.7877199897781299e-05 0.00065557216080281767 -0.0029299643543343901 0.00081129913963608386
leaf_weight=202.3334371530218 352.10034629475558 134.50269243147341 864.70773066958645 651.54549022726133 82.726622460118961 37.031934503815137
leaf_count=2897 5094 1462 10257 7270 1103 414
internal_value=-8.47916e-05 6.74121e-05 -5.26501e-05 0.000152361 -0.000183921 -0.00179972
internal_weight=2324.95 2122.61 1988.11 1636.01 984.466 119.759
internal_count=28497 25600 24138 19044 11774 1517
is_linear=0
shrinkage=0.03


Tree=80
num_leaves=7
num_cat=0
split_feature=20 8 7 22 11 22
split_gain=0.744769 0.615894 0.497566 0.379606 0.337198 0.330175
threshold=0.03687890102335966 0.20005708872711428 0.11223749481369588 -0.16251717978601601 -0.0046016221569531611 0.06174024338956937
decision_type=2 2 2 2 2 2
left_child=1 3 4 -1 5 -2
right_child=2 -3 -4 -5 -6 -7
leaf_value=-0.0016284734796965464 0.0018401373824337166 0.0021109842809655592 0.0033966738470521873 -0.00025231456823102724 0.0012117360626269864 -0.0010838006266332316
leaf_weight=195.8707695484045 35.703673417738173 81.359858908021124 57.461419295636006 1510.5811142318998 301.39852024641004 138.55558669375023
leaf_count=2830 455 883 546 18147 3839 1727
internal_value=1.50713e-06 -0.000292612 0.00097506 -0.000418841 0.000618603 -0.000417366
internal_weight=2320.93 1787.81 533.119 1706.45 475.658 174.259
internal_count=28427 21860 6567 20977 6021 2182
is_linear=0
shrinkage=0.03


Tree=81
num_leaves=7
num_cat=0
split_feature=15 0 14 0 24 11
split_gain=0.665867 0.582596 0.407281 0.393566 0.387156 0.383251
threshold=1.5000000000000002 -0.084840280120375242 0.2277947556113353 0.4405383611419576 2.5000000000000004 0.11698109412712838
decision_type=2 2 2 2 2 2
left_child=1 5 3 -3 -2 -1
right_child=4 2 -4 -5 -6 -7
leaf_value=-0.00078939907041237275 -0.0023406129548325053 0.00068376601941642662 -0.00029807926105771345 0.0037606549234958657 -0.00010567174962151781 0.0025154855772819371
leaf_weight=567.04282875348872 151.75984422647161 1016.7895751147007 414.80438594520092 29.560739883396309 124.38615891442169 23.791985177784227
leaf_count=8264 2023 13981 1941 412 1546 303
internal_value=-1.67223e-05 0.000171543 0.000492289 0.00080547 -0.00137279 -0.000616665
internal_weight=2328.14 2051.99 1461.15 1046.35 276.146 590.835
internal_count=28470 24901 16334 14393 3569 8567
is_linear=0
shrinkage=0.03


Tree=82
num_leaves=7
num_cat=0
split_feature=9 7 10 14 5 7
split_gain=0.699169 0.422367 0.500444 0.438886 0.347902 0.316007
threshold=-0.0038001358438175116 0.065152799049827126 -0.0012569573463109827 0.10074512176218835 1.0000000180025095e-35 -0.10033146047595427
decision_type=2 2 2 2 2 2
left_child=5 4 3 -3 -2 -1
right_child=1 2 -4 -5 -6 -7
leaf_value=-0.0022802014315209834 -0.00015778798674630947 0.0024737620556644535 0.0022235494392460354 -0.0010254987773778809 0.001211750990703723 -0.00042867024714132712
leaf_weight=82.647550250083441 804.28222675295547 34.573515945812687 208.49865545381908 106.79500705003738 200.11468997935299 892.91417787467071
leaf_count=1924 9744 654 1859 641 2092 11693
internal_value=1.77317e-06 0.000441598 0.00132364 -6.28193e-05 0.000124333 -0.000607073
internal_weight=2329.83 1354.26 349.867 141.369 1004.4 975.562
internal_count=28607 14990 3154 1295 11836 13617
is_linear=0
shrinkage=0.03


Tree=83
num_leaves=7
num_cat=0
split_feature=22 11 9 6 2 4
split_gain=0.610457 0.521712 0.459613 0.45454 0.382125 0.324147
threshold=-0.16251717978601601 0.11129591335915441 0.10019122391016565 0.074773325052908665 -0.11607818977133898 -0.034455438074410517
decision_type=2 2 2 2 2 2
left_child=5 2 -2 -4 -3 -1
right_child=1 4 3 -5 -6 -7
leaf_value=-0.0021211728007928736 -0.00018039943503759254 -0.00080474364197155861 8.6002669576678317e-05 0.0022677921875019994 0.0028623961445949707 0.00065899349543496895
leaf_weight=161.67773441202007 1670.7507261027058 29.204163249116391 204.42768147325842 139.31020629691193 91.585252731340006 43.246967209910508
leaf_count=2367 20631 366 2401 1335 928 603
internal_value=-6.80852e-06 0.000145933 2.65941e-05 0.00100935 0.00198203 -0.00153109
internal_weight=2340.2 2135.28 2014.49 343.738 120.789 204.925
internal_count=28631 25661 24367 3736 1294 2970
is_linear=0
shrinkage=0.03


Tree=84
num_leaves=7
num_cat=0
split_feature=14 11 10 20 20 2
split_gain=0.543335 0.557439 0.464264 0.530436 0.336772 0.328092
threshold=0.39316636867906257 0.12734043717877583 0.050267501686341261 0.14179057218119986 -0.001310291497256366 -0.21779750745571114
decision_type=2 2 2 2 2 2
left_child=1 2 3 5 -3 -1
right_child=-2 4 -4 -5 -6 -7
leaf_value=-0.001404758549689673 -0.0017054580199209774 -0.00027002615002083742 0.00088118022136831372 0.0015411012626608423 0.0037894213126737192 -0.00013774893265539715
leaf_weight=205.87168720067712 134.3039770051837 24.660811096982798 507.06103878741851 141.4302926621167 50.245679371873848 1263.7600564881577
leaf_count=3997 555 293 6240 1929 561 14970
internal_value=7.83454e-05 0.000194833 9.88132e-05 -0.000151344 0.00257857 -0.000323531
internal_weight=2327.33 2193.03 2118.12 1611.06 74.9065 1469.63
internal_count=28545 27990 27136 20896 854 18967
is_linear=0
shrinkage=0.03


Tree=85
num_leaves=7
num_cat=0
split_feature=3 23 0 20 2 2
split_gain=0.605848 0.536523 0.447536 0.295391 0.28629 0.264242
threshold=-0.30325888206374413 -0.3021662770987818 0.12052974880660025 0.03687890102335966 0.082216118246992195 -0.15470465333566177
decision_type=2 2 2 2 2 2
left_child=-1 3 4 -2 -3 -4
right_child=1 2 5 -5 -6 -7
leaf_value=-0.0016623277661838897 -0.0013716223536818398 6.387648060265892e-06 -0.00020497225202156932 0.00049377727504548578 0.0020946436131606579 0.0016432341147870403
leaf_weight=172.97037505157641 276.47886992507847 1344.9988919206517 86.86687596316915 98.282538699451834 51.803482642484596 303.31855457148049
leaf_count=2819 3785 16198 939 1428 594 2815
internal_value=-4.48576e-06 0.000135208 0.000352319 -0.000882296 9.81741e-05 0.00123693
internal_weight=2334.72 2161.75 1786.99 374.761 1396.8 390.185
internal_count=28578 25759 20546 5213 16792 3754
is_linear=0
shrinkage=0.03


Tree=86
num_leaves=7
num_cat=0
split_feature=22 8 6 15 23 1
split_gain=0.427694 0.364028 0.307926 0.30409 0.314719 0.296786
threshold=-0.053946264622441897 0.17004656054086478 0.25800267363092039 1.5000000000000002 0.077797840641934415 -0.0061679697036600952
decision_type=2 2 2 2 2 2
left_child=3 2 -2 5 -5 -1
right_child=1 -3 -4 4 -6 -7
leaf_value=-0.001305115835245484 -6.4386373890641573e-07 0.0017960698267666484 0.0012517736569388788 -0.0034606233441489844 0.00088466677747046387 0.00020513581220295922
leaf_weight=184.1430272856378 1484.8735032444092 120.28899652176187 190.5421343325288 50.193770619400311 15.34186694852542 289.47171299374895
leaf_count=2656 18239 1286 1872 762 174 3523
internal_value=4.53091e-05 0.000268083 0.000148373 -0.000688037 -0.00246094 -0.0003969
internal_weight=2334.86 1795.7 1675.42 539.15 65.5356 473.615
internal_count=28512 21397 20111 7115 936 6179
is_linear=0
shrinkage=0.03


Tree=87
num_leaves=7
num_cat=0
split_feature=0 3 11 23 10 1
split_gain=0.590936 0.545638 0.446389 0.325805 0.276461 0.319921
threshold=0.46586906684600954 -0.052429155651936322 0.11129591335915441 0.31074930902570352 0.033797904840410543 -0.0010476205091561506
decision_type=2 2 2 2 2 2
left_child=1 2 3 4 -1 -6
right_child=-2 -3 -4 -5 5 -7
leaf_value=-0.00081842350085152039 0.0032603526229686955 0.00089419906107408235 0.001531324404958904 0.00065604094572241443 -0.00080865693673254759 0.00071598054962856148
leaf_weight=1063.7397908722633 39.332323358510621 429.55765570438234 105.44823375466513 222.8467968502664 211.43626416593906 271.15892107156105
leaf_count=14062 438 4552 1163 2466 2840 3168
internal_value=1.1431e-05 -5.78768e-05 -0.000279625 -0.000395563 -0.000550354 4.51453e-05
internal_weight=2343.52 2304.19 1874.63 1769.18 1546.33 482.595
internal_count=28689 28251 23699 22536 20070 6008
is_linear=0
shrinkage=0.03


Tree=88
num_leaves=7
num_cat=0
split_feature=2 0 9 6 3 10
split_gain=0.514785 0.63729 0.39398 0.354287 0.315492 0.331953
threshold=-0.12572700109751672 0.40629810526123383 0.1612282971222512 0.19637895657261925 -0.31493732643588251 -0.049446358495335963
decision_type=2 2 2 2 2 2
left_child=3 2 4 -1 -2 -6
right_child=1 -3 -4 -5 5 -7
leaf_value=-0.00080458215345079751 -0.0018208777294502231 0.003519693294677332 0.0021783073959620015 0.00068624334131832897 -0.00081499300724948906 0.00044239461340693959
leaf_weight=835.80270874270354 64.919414004805731 44.52708527399227 75.14593830233207 164.76169611996738 227.52833619070589 919.56714577159437
leaf_count=11947 925 450 814 1813 2689 9988
internal_value=-4.35323e-05 0.000341827 0.000205608 -0.000554728 6.64742e-05 0.000188102
internal_weight=2332.25 1331.69 1287.16 1000.56 1212.01 1147.1
internal_count=28626 14866 14416 13760 13602 12677
is_linear=0
shrinkage=0.03


Tree=89
num_leaves=7
num_cat=0
split_feature=3 11 6 12 11 16
split_gain=0.570401 0.448076 0.351502 0.480831 0.411805 0.329202
threshold=-0.038566759424590112 0.12734043717877583 0.067718004237043952 1.0400263595865538 0.00038197314084473266 1.0000000180025095e-35
decision_type=2 2 2 2 2 2
left_child=1 5 3 4 -2 -1
right_child=2 -3 -4 -5 -6 -7
leaf_value=-0.00019440751460685982 -8.7480266672834256e-05 0.0019564273996923419 0.0021761396538754769 -0.0015282233509299719 0.0030106321347132797 -0.0014173720814822861
leaf_weight=1691.9507469365926 88.04755439577275 69.840910010971129 136.77954220125685 77.012120477855206 58.024684530042578 215.17118833208224
leaf_count=21068 1258 756 1281 417 879 2929
internal_value=-4.73667e-05 -0.00024853 0.00103459 0.000271344 0.00125724 -0.000339062
internal_weight=2336.83 1976.96 359.864 223.084 146.072 1907.12
internal_count=28588 24753 3835 2554 2137 23997
is_linear=0
shrinkage=0.03


Tree=90
num_leaves=7
num_cat=0
split_feature=2 11 3 20 5 4
split_gain=0.477986 0.470784 0.320881 0.303966 0.286301 0.243003
threshold=-0.12572700109751672 0.039710615378734833 -0.029706027269383959 0.028345673326884206 -0.13462222831846285 -0.011291795163419343
decision_type=2 2 2 2 2 2
left_child=3 -2 -3 5 -5 -1
right_child=1 2 -4 4 -6 -7
leaf_value=-0.00092973191320907915 2.3094741977279323e-05 0.00086013476991734681 0.0032233832190017861 -0.0016036537826629419 0.00090234853266653336 0.00081418215356927946
leaf_weight=675.9872718504048 905.24431935521716 369.92622759431833 53.407850212883204 41.015311938768718 207.73023768741405 72.631170978245791
leaf_count=9381 10149 4054 547 629 2834 896
internal_value=4.12952e-05 0.000412612 0.00122579 -0.000452517 0.000443129 -0.000752035
internal_weight=2325.94 1328.58 423.334 997.364 248.746 748.618
internal_count=28490 14750 4601 13740 3463 10277
is_linear=0
shrinkage=0.03


Tree=91
num_leaves=7
num_cat=0
split_feature=0 9 12 7 23 4
split_gain=0.541867 0.442681 0.443757 0.324105 0.310157 0.238637
threshold=0.14332896383286889 0.1040427098408976 1.3108668313189586 0.12526411000843354 -0.33861347756834692 -0.17231842549441675
decision_type=2 2 2 2 2 2
left_child=1 4 -3 -2 -1 -6
right_child=3 2 -4 -5 5 -7
leaf_value=-0.0013711494216315323 0.00033164939933684641 0.0015260231837302791 -0.0010715925682796299 0.002075496152162471 -0.0010433211510191965 -5.9241707737523369e-05
leaf_weight=264.84196481396793 302.65047919243807 204.60241631203098 73.602960593998432 133.87246087341919 269.58199814951513 1079.3761091820488
leaf_count=4119 3217 2733 366 1252 3638 13235
internal_value=-3.97184e-05 -0.000260346 0.000825453 0.000900955 -0.000451459 -0.000262135
internal_weight=2328.53 1892.01 278.205 436.523 1613.8 1348.96
internal_count=28560 24091 3099 4469 20992 16873
is_linear=0
shrinkage=0.03


Tree=92
num_leaves=7
num_cat=0
split_feature=14 2 3 11 12 6
split_gain=0.605003 0.421918 0.441517 0.387091 0.317731 0.309378
threshold=0.35654786167880476 -0.12572700109751672 -0.32866954310102664 0.11129591335915441 1.797408188821852 0.19373033529729991
decision_type=2 2 2 2 2 2
left_child=1 5 -3 -4 -2 -1
right_child=4 2 3 -5 -6 -7
leaf_value=-0.00050728292120523196 -0.0030448545129492959 -0.0019156372804512477 0.00054271226683905605 0.0025298092924013085 -0.00053336093096087043 0.00092786936759401719
leaf_weight=769.04675751697505 65.39925391972065 51.02145817456767 1071.5706232000375 87.58330413652584 127.54699119925499 154.04885472881142
leaf_count=11568 275 790 12519 947 530 1796
internal_value=7.32084e-05 0.000221145 0.000587583 0.000713207 -0.00149272 -0.000260403
internal_weight=2326.22 2133.27 1210.18 1159.15 192.946 923.096
internal_count=28425 27620 14256 13466 805 13364
is_linear=0
shrinkage=0.03


Tree=93
num_leaves=7
num_cat=0
split_feature=23 23 20 9 18 12
split_gain=0.531912 0.354416 0.38543 0.285643 0.288603 0.268536
threshold=0.62378312966976102 -0.3021662770987818 0.076532260665761145 0.20620103298965517 1.0000000180025095e-35 1.3967022761021195
decision_type=2 2 2 2 2 2
left_child=1 2 -1 4 5 -3
right_child=-2 3 -4 -5 -6 -7
leaf_value=-0.0012575457045849885 0.002119297362272142 0.00037130155443350766 0.0010853670520587046 0.0023634724887593092 -0.0012311471500492572 -0.00054681262041916801
leaf_weight=340.36655791319208 95.579848606197629 1288.8616335288825 69.004860983928666 39.72963646647986 133.93464438559022 358.4931628704071
leaf_count=4876 1101 18009 1003 506 1255 1767
internal_value=3.853e-05 -5.96995e-05 -0.000846154 0.000120754 5.78175e-05 0.00016941
internal_weight=2325.97 2230.39 409.371 1821.02 1781.29 1647.35
internal_count=28517 27416 5879 21537 21031 19776
is_linear=0
shrinkage=0.03


Tree=94
num_leaves=7
num_cat=0
split_feature=0 22 14 23 1 8
split_gain=0.433197 0.430542 0.324744 0.321871 0.304622 0.28361
threshold=0.46586906684600954 -0.15505850892022116 0.41385917847164688 0.44482716452076637 -0.0032388231360690029 0.020444875262643963
decision_type=2 2 2 2 2 2
left_child=1 4 3 -3 -1 -5
right_child=-2 2 -4 5 -6 -7
leaf_value=-0.0026556611483505182 0.002841888871568477 7.8754799576173784e-05 -0.0014925570653568205 -5.0661525865658359e-05 -0.00037411123000395636 0.0023860378106215397
leaf_weight=77.19258590467507 38.500500504567754 1820.9484589619969 97.777348309755325 70.954717422719114 143.16591616530786 97.504018595558591
leaf_count=1289 424 22831 403 844 1889 1022
internal_value=3.59575e-05 -2.29189e-05 0.000112408 0.00019836 -0.00125394 0.00141437
internal_weight=2346.04 2307.54 2087.18 1989.41 220.359 168.459
internal_count=28702 28278 25100 24697 3178 1866
is_linear=0
shrinkage=0.03


Tree=95
num_leaves=7
num_cat=0
split_feature=23 12 20 7 5 2
split_gain=0.546402 0.436867 0.560255 0.432607 0.313598 0.335038
threshold=0.57784389018357951 1.5456991899470942 0.10132930415284148 -0.10497029864169484 1.0000000180025095e-35 0.082216118246992195
decision_type=2 2 2 2 2 2
left_child=1 2 3 -1 5 -5
right_child=-2 -3 -4 4 -6 -7
leaf_value=-0.0017966909280204384 0.001891075308548425 -0.0011038803618267734 0.0013348027525331414 -0.00035097198582335231 0.00080367448654288507 0.0022128847104695253
leaf_weight=125.56551651709015 114.1048324801377 354.68434461206198 246.34138349408749 1144.1023317874206 312.40785391643294 37.873937258118531
leaf_count=2731 1293 1701 3408 15292 3640 483
internal_value=-4.66029e-05 -0.000154183 3.12258e-05 -0.000173979 -2.65937e-05 -0.000250943
internal_weight=2335.08 2220.98 1866.29 1619.95 1494.38 1181.98
internal_count=28548 27255 25554 22146 19415 15775
is_linear=0
shrinkage=0.03


Tree=96
num_leaves=7
num_cat=0
split_feature=3 15 2 6 23 12
split_gain=0.486356 0.518422 0.392724 0.382588 0.315353 0.306191
threshold=-0.065510649338639343 1.5000000000000002 0.1555543735748954 -0.14553733222604745 0.31074930902570352 1.643183226024939
decision_type=2 2 2 2 2 2
left_child=1 2 3 -1 -5 -2
right_child=5 -3 -4 4 -6 -7
leaf_value=-0.0011858644139919011 0.0010705289108355024 -0.0016946965579842416 0.0032904779930686113 -0.0001555842015958173 0.0011435980454103079 -0.0010258588374331583
leaf_weight=271.25707575664273 411.36642025015317 201.89839908340946 19.913261846551904 1170.5162752782635 186.08752972236834 65.485060058534145
leaf_count=4588 4819 2763 235 13872 1953 295
internal_value=-7.70306e-05 -0.000297704 -0.000117343 -0.000178866 2.96909e-05 0.000767478
internal_weight=2326.52 1849.67 1647.77 1627.86 1356.6 476.851
internal_count=28525 23411 20648 20413 15825 5114
is_linear=0
shrinkage=0.03


Tree=97
num_leaves=7
num_cat=0
split_feature=0 11 3 23 24 10
split_gain=0.457058 0.37006 0.354451 0.30931 0.279164 0.227455
threshold=0.46586906684600954 0.1237091212798322 -0.25212466933018818 -0.3021662770987818 7.5000000000000009 -0.024692380282633621
decision_type=2 2 2 2 2 2
left_child=1 2 -1 -4 5 -5
right_child=-2 -3 3 4 -6 -7
leaf_value=-0.001124145881478904 0.0028374009820522957 0.0017403333280274641 -0.00083019184899025926 -0.00047806950465248692 0.0016314535975422938 0.00030926879021259997
leaf_weight=288.17674832596094 39.253617895359639 86.05880965210963 332.75826866264106 477.65063736305456 98.601166384411044 1013.4322686482919
leaf_count=4610 423 926 4554 5682 1174 11167
internal_value=-2.22769e-05 -8.3242e-05 -0.000161751 -1.24157e-05 0.000162884 5.55497e-05
internal_weight=2335.93 2296.68 2210.62 1922.44 1589.68 1491.08
internal_count=28536 28113 27187 22577 18023 16849
is_linear=0
shrinkage=0.03


Tree=98
num_leaves=7
num_cat=0
split_feature=14 2 6 23 20 2
split_gain=0.509961 0.429143 0.487376 0.428513 0.40146 0.334324
threshold=0.41385917847164688 -0.16078267335700788 0.01958772521940336 0.48447040189574847 0.01555683694556176 0.087355925879345306
decision_type=2 2 2 2 2 2
left_child=1 4 5 -4 -1 -3
right_child=-2 2 3 -5 -6 -7
leaf_value=-0.001103857733658276 -0.001981618323866648 -0.00043422676021703484 0.0005192232826988554 0.0026667918690698395 0.00057080899724676988 0.0025605782836715706
leaf_weight=449.21645057402202 110.25825978070498 690.70441722923715 794.60319027164951 84.839775934728095 171.8507617113064 25.340675175510114
leaf_count=7069 454 8667 8381 854 2760 323
internal_value=-7.89532e-05 2.4166e-05 0.000284595 0.000754052 -0.000638771 -0.000294434
internal_weight=2326.81 2216.56 1595.49 879.443 621.067 716.045
internal_count=28508 28054 18225 9235 9829 8990
is_linear=0
shrinkage=0.03


Tree=99
num_leaves=7
num_cat=0
split_feature=14 3 8 7 15 24
split_gain=0.571205 0.528489 0.355469 0.297345 0.294941 0.306889
threshold=0.34198608790104729 -0.3327722783204225 -0.18571629199116876 -0.031371926671917141 1.5000000000000002 2.5000000000000004
decision_type=2 2 2 2 2 2
left_child=1 -1 -3 -4 -5 -6
right_child=-2 2 3 4 5 -7
leaf_value=-0.0017676276863737347 -0.0014356286058409321 -0.0018559358854952647 -0.00034609501319742935 0.00070240615347289849 -0.0014881611175511275 0.00085112427783267243
leaf_weight=111.17680643877247 213.97260672599077 58.428953187481966 427.35283909256395 1319.7372476714954 112.51889112673234 77.31293636537157
leaf_count=1958 898 1513 6659 15218 1450 831
internal_value=5.10602e-06 0.000157542 0.000273088 0.000346514 0.000543576 -0.000540523
internal_weight=2320.5 2106.53 1995.35 1936.92 1509.57 189.832
internal_count=28527 27629 25671 24158 17499 2281
is_linear=0
shrinkage=0.03


Tree=100
num_leaves=7
num_cat=0
split_feature=23 9 2 24 14 11
split_gain=0.359679 0.325723 0.318669 0.31418 0.301298 0.284388
threshold=0.54077549956998283 0.15731117971602512 -0.2868854246054367 3.5000000000000004 0.31953153718185695 -0.03365052803417181
decision_type=2 2 2 2 2 2
left_child=1 2 3 -1 -4 -6
right_child=-2 -3 4 -5 5 -7
leaf_value=-0.0026856563887851814 0.0015593191927984792 0.0014166429211090875 0.00016461063570355044 0.0002872028994444045 0.00088125449814440674 -0.0015466228405178553
leaf_weight=69.312756269413512 137.4575303554011 132.40643011470092 1728.1323793176271 50.664639790833462 49.794277220964432 171.96292154490948
leaf_count=1686 1514 1488 21793 1185 213 733
internal_value=0.000124895 2.87199e-05 -6.64479e-05 -0.00150475 2.92777e-05 -0.000986955
internal_weight=2339.73 2202.27 2069.87 119.977 1949.89 221.757
internal_count=28612 27098 25610 2871 22739 946
is_linear=0
shrinkage=0.03


Tree=101
num_leaves=7
num_cat=0
split_feature=0 23 10 8 8 8
split_gain=0.441992 0.408642 0.246341 0.332786 0.217928 0.307331
threshold=0.46586906684600954 0.20557854401914447 0.0026865942080728932 0.18821883252260022 -0.066244158714105342 0.049165833952125829
decision_type=2 2 2 2 2 2
left_child=1 2 -1 4 -4 -6
right_child=-2 -3 3 -5 5 -7
leaf_value=-0.00060505532435016886 0.0028256794157693662 0.00077282622217949464 -0.0010475460953664137 0.0024343757698987402 0.00065038695745286545 -0.00059920265892907641
leaf_weight=968.0843128481356 37.81020092125982 398.18863289969158 153.60020636726404 40.996634574432392 442.86373726307647 281.39685744029703
leaf_count=12633 419 4241 2556 477 5018 3088
internal_value=-2.93804e-05 -8.87266e-05 -0.00027365 7.82651e-05 -5.79459e-05 0.000163336
internal_weight=2322.94 2285.13 1886.94 918.857 877.861 724.261
internal_count=28432 28013 23772 11139 10662 8106
is_linear=0
shrinkage=0.03


Tree=102
num_leaves=7
num_cat=0
split_feature=14 15 20 20 2 10
split_gain=0.441176 0.433994 0.468563 0.431655 0.45262 0.430515
threshold=0.35654786167880476 1.5000000000000002 -0.059551082989045004 0.13221802372617078 -0.12572700109751672 -0.049446358495335963
decision_type=2 2 2 2 2 2
left_child=1 3 -3 4 -1 -6
right_child=-2 2 -4 -5 5 -7
leaf_value=-0.00045312284079284944 -0.0013942214478056055 -0.0030380303385435874 -0.00023971149562614501 0.0016108887270646357 -0.00070263005572786762 0.00084527251428816348
leaf_weight=737.72477160309791 185.29535891860723 65.500455532048363 194.7602677725954 180.13223452132661 195.78412790806033 770.8443451506173
leaf_count=10583 774 983 2522 2366 2441 8816
internal_value=-2.89885e-05 9.48839e-05 -0.00103032 0.000254901 0.000103027 0.000527771
internal_weight=2330.04 2144.75 260.261 1884.49 1704.35 966.628
internal_count=28485 27711 3505 24206 21840 11257
is_linear=0
shrinkage=0.03


Tree=103
num_leaves=7
num_cat=0
split_feature=8 5 14 0 21 10
split_gain=0.568753 0.372115 0.533814 0.439392 0.283201 0.280432
threshold=0.18821883252260022 1.0000000180025095e-35 0.28104463578201971 -0.053351463142832671 1.0000000180025095e-35 0.013237570495082606
decision_type=2 2 2 2 2 2
left_child=1 3 -3 -1 -2 -6
right_child=4 2 -4 -5 5 -7
leaf_value=-0.00097080113191685296 0.0035516520057721481 0.0011412620796463402 -0.001348164714172508 2.1843690969127656e-05 -0.0010997808215559165 0.0022047218683185553
leaf_weight=605.1528152419487 45.572348547168076 363.06683527195128 88.869704231619835 1153.4112351954973 37.074023392575327 36.594474069948774
leaf_count=8916 463 4436 388 13451 433 423
internal_value=-1.32378e-05 -0.000125784 0.000633148 -0.000323301 0.00192145 0.000609031
internal_weight=2329.74 2210.5 451.937 1758.56 119.241 73.6685
internal_count=28510 27191 4824 22367 1319 856
is_linear=0
shrinkage=0.03


Tree=104
num_leaves=7
num_cat=0
split_feature=0 25 2 18 0 24
split_gain=0.514439 0.35055 0.310947 0.303878 0.328187 0.326409
threshold=0.46586906684600954 -0.21701340830397872 -0.2868854246054367 1.0000000180025095e-35 -0.0072892741328286484 1.0000000180025095e-35
decision_type=2 2 2 2 2 2
left_child=1 -1 -3 4 -4 -5
right_child=-2 2 3 5 -6 -7
leaf_value=0.00055500414203126164 0.0030224795829556111 -0.0018788497134671299 -0.00075909795658660498 -0.0036846726856683289 0.00018629871037467065 -0.00051090800998286352
leaf_weight=517.451241117873 37.703664963075425 99.091798084002221 464.44097813064582 34.760440512793139 1080.2931335550093 95.438757136347704
leaf_count=6682 422 2232 5863 359 12140 816
internal_value=-6.15045e-05 -0.00012516 -0.000325551 -0.00022305 -0.000100999 -0.00156062
internal_weight=2329.18 2291.48 1774.03 1674.93 1544.73 130.199
internal_count=28514 28092 21410 19178 18003 1175
is_linear=0
shrinkage=0.03


Tree=105
num_leaves=7
num_cat=0
split_feature=22 2 11 10 10 11
split_gain=0.368607 0.300549 0.406671 0.257361 0.301926 0.243436
threshold=-0.16251717978601601 -0.12572700109751672 0.043009995560498421 0.13662255569074164 -0.050307466927461721 0.07092886589450377
decision_type=2 2 2 2 2 2
left_child=-1 5 3 4 -3 -2
right_child=1 2 -4 -5 -6 -7
leaf_value=-0.001113197519729903 -5.9318127982305834e-05 -0.00090220015069753239 0.0013176188936732864 -0.0025605634694164481 0.00051291348629443391 -0.0017146029261872356
leaf_weight=204.58797357269214 831.23376324641868 160.41045940300683 367.61172437429195 20.88080094777979 662.37532329278474 78.572947505803313
leaf_count=2944 11296 1949 3893 220 7175 1045
internal_value=7.2337e-05 0.000191374 0.000499151 0.000131262 0.000229502 -0.000219359
internal_weight=2325.67 2121.09 1211.28 843.667 822.786 909.807
internal_count=28522 25578 13237 9344 9124 12341
is_linear=0
shrinkage=0.03


Tree=106
num_leaves=7
num_cat=0
split_feature=23 3 20 11 0 10
split_gain=0.337496 0.277292 0.332706 0.372402 0.231538 0.215016
threshold=0.48447040189574847 -0.052429155651936322 -1.0000000180025095e-35 0.014533430453789771 0.038817082100946788 0.051218911190933449
decision_type=2 2 2 2 2 2
left_child=1 5 -3 4 -4 -1
right_child=-2 2 3 -5 -6 -7
leaf_value=-0.00046295457950770784 0.0012371947534183213 0.002630004381683794 -0.0010328636234007407 0.0014691088263285698 0.00096571308984987135 0.0003229848666845592
leaf_weight=1354.0559291136451 169.03147779536084 50.61153535079211 174.01581977441674 127.52782967820531 63.893099825072568 398.86455343289708
leaf_count=17433 1852 528 1950 1328 556 4940
internal_value=-1.49889e-05 -0.000117804 0.000569767 0.00022198 -0.00047882 -0.000283302
internal_weight=2338 2168.97 416.048 365.437 237.909 1752.92
internal_count=28587 26735 4362 3834 2506 22373
is_linear=0
shrinkage=0.03


Tree=107
num_leaves=7
num_cat=0
split_feature=22 7 25 8 10 3
split_gain=0.276672 0.253862 0.242252 0.31681 0.257045 0.251271
threshold=-0.16251717978601601 -0.011508227886786442 -0.22167303679532283 0.20005708872711428 -0.068746379449317246 -0.05711566095057282
decision_type=2 2 2 2 2 2
left_child=1 -1 4 5 -2 -4
right_child=2 -3 3 -5 -6 -7
leaf_value=-0.0027431651802022074 -0.00098666122271364918 -0.0004007796265636467 -0.00040432719201394864 0.0017565721387844703 0.0009261807772428832 0.00049026967136899771
leaf_weight=49.252660629135789 65.849948925286299 155.34507495581056 1224.9966492707317 68.126910853898153 414.63219207015936 357.24905202561058
leaf_count=881 974 2066 15051 744 5113 3714
internal_value=-3.94017e-05 -0.00106621 6.37091e-05 -0.000109648 0.000649255 -0.000200529
internal_weight=2335.45 204.598 2130.85 1650.37 480.482 1582.25
internal_count=28543 2947 25596 19509 6087 18765
is_linear=0
shrinkage=0.03


Tree=108
num_leaves=7
num_cat=0
split_feature=22 11 2 20 14 13
split_gain=0.353829 0.439231 0.285562 0.237395 0.209847 0.216844
threshold=-0.15768213182079982 0.11129591335915441 -0.097609619665919439 -0.13528992238379142 0.26876967110187672 2.249904835165133
decision_type=2 2 2 2 2 2
left_child=4 3 -3 -2 5 -1
right_child=1 2 -4 -5 -6 -7
leaf_value=0.00075438747502867463 0.0015241222618865996 -0.0002741952749354812 0.0027593474739486916 -3.7349100042782602e-05 -0.0028544742637625735 -0.0013096522400892949
leaf_weight=63.273049945186358 81.825107784505235 37.92827492338256 80.667861946625635 1909.7283306169556 38.938296347856522 117.84424347479944
leaf_count=903 1132 449 811 23008 176 2066
internal_value=2.28385e-05 0.000143997 0.00184331 3.40998e-05 -0.00109473 -0.00058684
internal_weight=2330.21 2110.15 118.596 1991.55 220.056 181.117
internal_count=28545 25400 1260 24140 3145 2969
is_linear=0
shrinkage=0.03


Tree=109
num_leaves=7
num_cat=0
split_feature=2 0 14 2 11 22
split_gain=0.399302 0.363209 0.276832 0.273538 0.53364 0.345493
threshold=-0.12572700109751672 0.46586906684600954 0.41385917847164688 -0.034696892541522736 0.025522680899316499 -0.032590224601532193
decision_type=2 2 2 2 2 2
left_child=-1 2 3 4 -2 -6
right_child=1 -3 -4 -5 5 -7
leaf_value=-0.00048686541482167517 3.4389031713856238e-05 0.0031460732626895954 -0.0015215404686836063 -0.00028937983973027797 -6.1417112313735554e-05 0.0021799254288456748
leaf_weight=997.23527738024131 507.87120773579227 29.296917587169446 68.043073154985905 427.15228777338052 82.958257993508596 227.72758763638558
leaf_count=13724 5654 293 281 5316 929 2406
internal_value=-3.47522e-05 0.000302066 0.000215357 0.000321591 0.000640062 0.0015982
internal_weight=2340.28 1343.05 1313.75 1245.71 818.557 310.686
internal_count=28603 14879 14586 14305 8989 3335
is_linear=0
shrinkage=0.03


Tree=110
num_leaves=7
num_cat=0
split_feature=17 14 7 8 3 6
split_gain=0.333366 0.389813 0.415425 0.299113 0.282942 0.252869
threshold=1.5000000000000002 0.41385917847164688 -0.10497029864169484 0.039555146391811562 -0.32007951959472786 0.33929199159742401
decision_type=2 2 2 2 2 2
left_child=1 2 -1 -3 -4 -6
right_child=-2 3 4 -5 5 -7
leaf_value=-0.0011838946736459279 -0.001358411551091183 2.6533600195260613e-05 -0.00097112959418293033 -0.0030201742326555316 0.0003783859646689115 0.0017221396183705762
leaf_weight=154.55317026295234 125.54916365846293 56.774483174085617 120.05986209784169 48.918399967253208 1700.013821536937 127.55291209678398
leaf_count=3149 1844 234 1845 202 19850 1331
internal_value=8.64157e-05 0.000174329 0.00026646 -0.00152276 0.000387012 0.000481033
internal_weight=2333.42 2207.87 2102.18 105.693 1947.63 1827.57
internal_count=28455 26611 26175 436 23026 21181
is_linear=0
shrinkage=0.03


Tree=111
num_leaves=7
num_cat=0
split_feature=7 14 11 15 20 9
split_gain=0.478143 0.347456 0.419878 0.332288 0.337937 0.271116
threshold=-0.10497029864169484 0.41385917847164688 0.11376216354355202 1.5000000000000002 -0.059551082989045004 0.14617380513482778
decision_type=2 2 2 2 2 2
left_child=-1 2 3 5 -5 -2
right_child=1 -3 -4 4 -6 -7
leaf_value=-0.0014983589397481788 0.00016174791913987284 -0.0014371897732171359 0.0019776722571322549 -0.0026534567308797155 -0.00019513442402946534 0.0015309925173883025
leaf_weight=162.36756917531602 1586.5462187042867 108.67458983510733 107.11234242317732 60.574759626528248 181.76730805501575 132.17513825395145
leaf_count=3332 19144 448 1164 870 2202 1460
internal_value=2.29877e-05 0.000142795 0.000232333 0.000127454 -0.000890408 0.000275294
internal_weight=2339.22 2176.85 2068.18 1961.06 242.342 1718.72
internal_count=28620 25288 24840 23676 3072 20604
is_linear=0
shrinkage=0.03


Tree=112
num_leaves=7
num_cat=0
split_feature=8 0 15 23 20 23
split_gain=0.361915 0.337127 0.230109 0.27967 0.248764 0.235971
threshold=0.18821883252260022 -0.084840280120375242 1.5000000000000002 0.0882859574182039 0.039593578730233336 0.48447040189574847
decision_type=2 2 2 2 2 2
left_child=1 -1 4 -4 -3 -6
right_child=-2 2 3 -5 5 -7
leaf_value=-0.00064148414255049127 0.0015408516034605257 9.5724197335703829e-05 -0.0013922069412897079 0.0011157726950287914 0.00075209003399441283 0.0035580195951011653
leaf_weight=644.99776815218502 123.08985349204158 1087.3563186399988 147.48679070011713 45.304951878846623 262.47555417119293 21.713642822112888
leaf_count=9505 1359 12171 1856 450 2930 234
internal_value=2.14146e-05 -6.98e-05 0.000168491 -0.000776888 0.000306039 0.00108013
internal_weight=2332.42 2209.34 1564.34 192.792 1371.55 284.189
internal_count=28505 27146 17641 2306 15335 3164
is_linear=0
shrinkage=0.03


Tree=113
num_leaves=7
num_cat=0
split_feature=11 9 14 8 9 7
split_gain=0.246971 0.319371 0.331954 0.242903 0.224932 0.247709
threshold=0.025522680899316499 -0.093342887719774573 0.28104463578201971 0.070186859550734601 -0.0014835995507373179 0.15457558312363379
decision_type=2 2 2 2 2 2
left_child=-1 -2 4 -4 -3 -6
right_child=1 2 3 -5 5 -7
leaf_value=-0.00016363752998986336 -0.0012680666555494903 0.00020100253365601812 -0.0018730875174994667 0.00069577352200271385 0.0016287117202945572 -0.0010817457864020718
leaf_weight=1549.6793558377249 74.805803992261644 221.32564422985888 62.908876866102219 53.299312114715576 345.60174128430663 26.369796548387967
leaf_count=19105 1244 3221 277 231 4245 260
internal_value=5.59058e-05 0.000486289 0.000686311 -0.000733096 0.000971871 0.00141327
internal_weight=2333.99 784.311 709.505 116.208 593.297 371.972
internal_count=28583 9478 8234 508 7726 4505
is_linear=0
shrinkage=0.03


Tree=114
num_leaves=7
num_cat=0
split_feature=10 10 20 14 7 12
split_gain=0.316636 0.279109 0.260419 0.246237 0.245912 0.211232
threshold=0.050267501686341261 0.055035597328676751 0.13221802372617078 0.34198608790104729 0.036848091640991579 1.0837396682712639
decision_type=2 2 2 2 2 2
left_child=2 -2 -1 4 -3 -4
right_child=1 3 5 -5 -6 -7
leaf_value=-0.00032440087469736459 0.0025626241672375739 -8.8822086451278154e-05 0.0015496542368552851 -0.0015458017255289024 0.0012789480752678985 -0.00061562602813490573
leaf_weight=1612.2989853329782 49.262675644131377 237.26265397973475 117.18660970136989 44.667978942394257 223.57443905834225 52.952227119356394
leaf_count=19901 553 3348 1899 188 2447 285
internal_value=-1.01421e-05 0.000609329 -0.000205271 0.000372957 0.000587819 0.00087899
internal_weight=2337.21 554.768 1782.44 505.505 460.837 170.139
internal_count=28621 6536 22085 5983 5795 2184
is_linear=0
shrinkage=0.03


Tree=115
num_leaves=7
num_cat=0
split_feature=3 3 0 8 9 25
split_gain=0.246031 0.39672 0.283063 0.308156 0.274998 0.266448
threshold=-0.05711566095057282 -0.074877772157788611 0.14332896383286889 0.19344850867118132 0.028700044238621481 -0.061359354731088937
decision_type=2 2 2 2 2 2
left_child=1 2 3 -1 -4 -3
right_child=-2 5 4 -5 -6 -7
leaf_value=-0.0003138408169255595 0.00064377201817576919 0.00037686468002417014 0.00018001010663906228 0.0017107526342148409 0.002025343853296422 -0.0034528273930196389
leaf_weight=1411.2394703479076 458.39826426407672 21.217481691855937 250.66220627370058 61.170921496290248 93.693304609158076 41.931585346988868
leaf_count=18725 4832 254 2753 694 854 509
internal_value=2.83799e-05 -0.00012429 -3.68688e-05 -0.000218757 0.000725081 -0.00229047
internal_weight=2338.31 1879.91 1816.77 1472.41 344.356 63.1491
internal_count=28621 23789 23026 19419 3607 763
is_linear=0
shrinkage=0.03


Tree=116
num_leaves=7
num_cat=0
split_feature=0 14 5 2 5 9
split_gain=0.359427 0.307254 0.367845 0.334502 0.326688 0.291092
threshold=0.46586906684600954 0.31953153718185695 1.0000000180025095e-35 -0.030785707475686205 -0.027943020783417521 -0.0046656109762277511
decision_type=2 2 2 2 2 2
left_child=1 2 -1 5 -3 -4
right_child=-2 4 3 -5 -6 -7
leaf_value=-0.00013703825249182801 0.0025408123254403578 0.00022957004598939343 0.00019113417016545508 -0.00050673025183129903 -0.001886044806037128 0.0020759769762690229
leaf_weight=1616.0414321677235 39.015909994428512 109.17019428312778 122.44434098654892 113.93621642555809 147.81075415015221 184.181350446539
leaf_count=22135 429 466 1641 1314 629 1958
internal_value=-1.25564e-06 -5.53406e-05 6.97734e-05 0.000849189 -0.00101236 0.00135311
internal_weight=2332.6 2293.58 2036.6 420.562 256.981 306.626
internal_count=28572 28143 27048 4913 1095 3599
is_linear=0
shrinkage=0.03


Tree=117
num_leaves=7
num_cat=0
split_feature=23 20 8 15 23 10
split_gain=0.255677 0.252898 0.228933 0.233545 0.390481 0.293201
threshold=-0.29108432140184476 0.076532260665761145 -0.18571629199116876 1.5000000000000002 0.0882859574182039 -0.066464310535185797
decision_type=2 2 2 2 2 2
left_child=1 -1 -2 5 -5 -4
right_child=2 -3 3 4 -6 -7
leaf_value=-0.00095506034188502006 -0.0017044113394786827 0.00096194501891786952 -0.00059213204369186164 -0.001407813250848826 0.0012103755297953542 0.00053492796739728005
leaf_weight=339.79829404011252 45.662044965283712 66.798043789865915 234.42017162466072 160.63018235331401 64.458102790289558 1423.9713419704349
leaf_count=4919 1121 988 2880 2075 693 15891
internal_value=4.99524e-05 -0.000624593 0.000194611 0.000249408 -0.000638454 0.000373019
internal_weight=2335.74 406.596 1929.14 1883.48 225.088 1658.39
internal_count=28567 5907 22660 21539 2768 18771
is_linear=0
shrinkage=0.03


Tree=118
num_leaves=7
num_cat=0
split_feature=23 20 14 15 24 3
split_gain=0.254323 0.304683 0.278246 0.244763 0.327191 0.276017
threshold=-0.3021662770987818 0.041070770759449496 0.37533345012189662 1.5000000000000002 2.5000000000000004 -0.05711566095057282
decision_type=2 2 2 2 2 2
left_child=1 2 -1 -2 5 -5
right_child=3 -3 -4 4 -6 -7
leaf_value=-0.00084284721013673123 0.00025026765471345195 0.00071074618834524679 -0.0041349656958852982 -0.0024837688761429914 0.00057617448839087087 0.00036712049419185218
leaf_weight=295.72216511549777 1711.1404505522951 99.176897538418416 16.357652574777603 94.797356129216496 90.716794430103619 39.85876177973114
leaf_count=4434 19852 1427 69 1358 1059 443
internal_value=-1.79322e-05 -0.000686204 -0.00113843 0.000126785 -0.000781559 -0.00167285
internal_weight=2347.77 411.257 312.08 1936.51 225.373 134.656
internal_count=28642 5930 4503 22712 2860 1801
is_linear=0
shrinkage=0.03


Tree=119
num_leaves=7
num_cat=0
split_feature=2 24 23 25 24 20
split_gain=0.271393 0.353067 0.231368 0.299805 0.232676 0.274674
threshold=-0.18852685767890603 3.5000000000000004 -0.29108432140184476 0.87558048566993818 2.5000000000000004 0.0035117194306609344
decision_type=2 2 2 2 2 2
left_child=1 -1 3 4 -2 -6
right_child=2 -3 -4 -5 5 -7
leaf_value=-0.0012994778219902183 0.00043336427528300786 0.0004086946134316556 0.00033094170843730932 0.0012134577751503912 -0.002345841329032026 0.00015800826775002041
leaf_weight=266.48097674606834 66.177891110535711 173.34834463108564 1595.936891729405 58.909497384738643 118.67902545345714 55.119929903419688
leaf_count=4594 799 2914 17370 766 1396 663
internal_value=3.07869e-05 -0.000632123 0.000187173 -0.000566356 -0.00103433 -0.00158636
internal_weight=2334.65 439.829 1894.82 298.886 239.977 173.799
internal_count=28502 7508 20994 3624 2858 2059
is_linear=0
shrinkage=0.03


Tree=120
num_leaves=7
num_cat=0
split_feature=22 1 20 20 2 8
split_gain=0.322976 0.292107 0.251443 0.282951 0.220535 0.247325
threshold=-0.1601264224905416 -0.0052460478081416823 -0.13742487105396714 -0.1222766029174748 -0.023595981204801827 -0.0047575641682689107
decision_type=2 2 2 2 2 2
left_child=1 -1 4 -4 5 -2
right_child=2 -3 3 -5 -6 -7
leaf_value=-0.0024792582288032678 0.00025325886288711535 -0.00019770800536026296 -0.0020866765658136429 0.00013546194130014907 -0.0010450116919847523 0.0037001988640833852
leaf_weight=71.848915632464923 33.498440549650695 136.95051114307716 42.952644785284065 1985.8819884971017 16.255695358209778 37.575802388368174
leaf_count=1198 524 1857 550 23677 230 431
internal_value=3.74789e-05 -0.00106023 0.000150266 7.84129e-05 0.00163998 0.00230722
internal_weight=2324.96 208.799 2116.16 2028.83 87.3299 71.0742
internal_count=28467 3055 25412 24227 1185 955
is_linear=0
shrinkage=0.03


Tree=121
num_leaves=7
num_cat=0
split_feature=10 12 0 2 2 14
split_gain=0.30376 0.381185 0.444625 0.341081 0.31073 0.318188
threshold=0.02927230449311723 0.7308702060033806 0.082363552169606349 -0.17511559233694143 -0.21965608557051733 0.12487534575869402
decision_type=2 2 2 2 2 2
left_child=1 2 4 -2 -1 -6
right_child=3 -3 -4 -5 5 -7
leaf_value=-0.0015887430955419551 -0.00069434095375934938 -0.00072974654550168958 0.0015086154286025511 0.00077184576502836309 -0.00029686997227237167 0.0014631202183933679
leaf_weight=105.27162657844019 175.62689977826085 782.51786673069 171.29691510257544 626.46924855161342 360.45026118354872 113.31349010020494
leaf_count=2947 2679 4888 2700 6790 7679 863
internal_value=-2.35196e-05 -0.000270616 0.000211509 0.000446213 -0.000191313 0.000145623
internal_weight=2334.95 1532.85 750.332 802.096 579.035 473.764
internal_count=28546 19077 14189 9469 11489 8542
is_linear=0
shrinkage=0.03


Tree=122
num_leaves=7
num_cat=0
split_feature=22 11 20 10 2 22
split_gain=0.283639 0.249849 0.26801 0.320206 0.184637 0.204259
threshold=-0.12222250240848485 -0.10481759168875375 -0.10606144877246583 -0.02812284492041325 -0.15175518308926603 -0.1378965282686028
decision_type=2 2 2 2 2 2
left_child=4 -2 3 -3 -1 -6
right_child=1 2 -4 -5 5 -7
leaf_value=-0.0018882196914671568 -0.0010618816182358692 -0.00091170144021804366 0.0001230928547174037 0.0028750159331327025 0.00011274198957836902 -0.0022958226698648176
leaf_weight=95.42229013517499 141.78072521206923 23.086226860294119 1805.9336773357936 56.881650962517597 173.79596922645578 28.535760641330853
leaf_count=1687 1978 343 21249 694 2226 332
internal_value=-1.81267e-05 0.000110163 0.000203412 0.00180199 -0.000866959 -0.000319075
internal_weight=2325.44 2027.68 1885.9 79.9679 297.754 202.332
internal_count=28509 24264 22286 1037 4245 2558
is_linear=0
shrinkage=0.03


Tree=123
num_leaves=7
num_cat=0
split_feature=14 23 16 4 0 8
split_gain=0.43988 0.378956 0.324966 0.255491 0.249177 0.2339
threshold=0.37533345012189662 0.34456282204118988 1.0000000180025095e-35 -0.084595516973814081 0.1823399810759446 0.20005708872711428
decision_type=2 2 2 2 2 2
left_child=1 2 4 -2 5 -1
right_child=3 -3 -4 -5 -6 -7
leaf_value=-0.00013482042480810938 -0.0005195065406114383 0.0011633853097775902 -0.0010896572475010005 -0.0029592498320823763 0.00099733575314814565 0.0016890677292657065
leaf_weight=1411.558619353309 106.45132178068161 250.92063399846666 229.3444481153565 55.998105555772781 225.29282067756867 56.239353078824934
leaf_count=18816 441 2832 3166 234 2399 650
internal_value=-2.47935e-05 9.05218e-05 -5.48064e-05 -0.00148335 9.09485e-05 -5.39806e-05
internal_weight=2335.81 2173.36 1922.44 162.449 1693.09 1467.8
internal_count=28538 27863 25031 675 21865 19466
is_linear=0
shrinkage=0.03


Tree=124
num_leaves=7
num_cat=0
split_feature=10 12 0 13 10 0
split_gain=0.205985 0.225122 0.3351 0.300057 0.227392 0.248564
threshold=0.049295851053115035 0.53722448628807351 0.082363552169606349 1.8688348091416842 -0.12795175703621778 -0.32264367820151868
decision_type=2 2 2 2 2 2
left_child=1 2 3 -1 -3 -6
right_child=-2 4 -4 -5 5 -7
leaf_value=0.0021378711340437214 0.00050380224755388313 0.0017164052218620741 0.0014786461007609225 -0.00030116267632986137 0.0010492192811882932 -0.00063315757889656423
leaf_weight=39.891479624784552 570.97070059586258 33.739078510552645 150.36359429633012 495.13827686529839 77.028929259628057 967.43896130099893
leaf_count=491 6711 240 2693 11458 588 6400
internal_value=1.35895e-05 -0.000147064 0.000275605 -8.34216e-05 -0.000415809 -0.00050031
internal_weight=2334.57 1763.6 685.393 535.03 1078.21 1044.47
internal_count=28581 21870 14642 11949 7228 6988
is_linear=0
shrinkage=0.03


Tree=125
num_leaves=7
num_cat=0
split_feature=9 5 25 8 6 21
split_gain=0.327951 0.233877 0.216572 0.187978 0.180778 0.16084
threshold=0.02024585362907461 0.02352343265814056 -0.27849359498893428 0.010958931204635628 0.47458193080532401 1.0000000180025095e-35
decision_type=2 2 2 2 2 2
left_child=1 2 -1 5 -2 -3
right_child=4 3 -4 -5 -6 -7
leaf_value=0.00037341409370528331 0.00028641368568931529 -0.0024281866017948381 -0.00070698014937752094 0.0012584516323185403 0.0023915381837499275 0.00054787841717415667
leaf_weight=198.18062958415248 1042.9924773387902 18.804912894382142 893.27539032266941 122.42631584807532 28.358053623349406 31.171953834826127
leaf_count=2939 11214 249 12142 1316 245 427
internal_value=-2.05817e-05 -0.000346659 -0.000509199 0.000653857 0.000363736 -0.000790079
internal_weight=2335.21 1263.86 1091.46 172.403 1071.35 49.9769
internal_count=28532 17073 15081 1992 11459 676
is_linear=0
shrinkage=0.03


Tree=126
num_leaves=7
num_cat=0
split_feature=14 20 0 10 23 11
split_gain=0.339723 0.344892 0.309167 0.360019 0.237085 0.221179
threshold=0.2277947556113353 0.126815022986798 0.1823399810759446 -0.067593929018803817 0.67318818561707716 0.068624558625921608
decision_type=2 2 2 2 2 2
left_child=1 2 3 -1 -5 -4
right_child=-2 -3 5 4 -6 -7
leaf_value=-0.0012156383003872351 -0.00055023841534140416 0.0014946397919759001 0.00060355386079407203 6.4191427042970399e-05 0.0023333442213904149 0.0028962851830114824
leaf_weight=194.8532454331289 611.93787243962288 174.23400880768895 185.62023556377972 1087.4851410745032 33.113573916722089 40.529524603916798
leaf_count=3338 2910 2643 2308 16286 444 486
internal_value=5.11534e-05 0.00026758 0.000120157 -5.88324e-05 0.00015129 0.00111969
internal_weight=2327.77 1715.84 1541.6 1315.45 1120.6 226.15
internal_count=28415 25505 22862 20068 16730 2794
is_linear=0
shrinkage=0.03


Tree=127
num_leaves=7
num_cat=0
split_feature=22 5 14 1 20 22
split_gain=0.357532 0.300949 0.487968 0.234151 0.214099 0.164874
threshold=-0.15768213182079982 1.0000000180025095e-35 0.35654786167880476 0.16100705219904421 -0.15155258338242025 -0.0035199663493918321
decision_type=2 2 2 2 2 2
left_child=-1 3 5 4 -2 -3
right_child=1 2 -4 -5 -6 -7
leaf_value=-0.0011098363159985645 0.0018895605591670241 0.00010650403192459286 -0.0018650218028083403 0.0021227498038491983 -0.0001546337487515064 0.0015013034256468538
leaf_weight=214.48375162336743 37.499810428824276 102.75470122424304 45.119316816329956 33.938901773886755 1594.4410034802568 305.0659607934067
leaf_count=3121 532 1191 188 330 19841 3392
internal_value=2.90205e-05 0.000148976 0.000825636 -3.88307e-05 -9.64389e-05 0.00116083
internal_weight=2333.3 2118.82 452.94 1665.88 1631.94 407.821
internal_count=28595 25474 4771 20703 20373 4583
is_linear=0
shrinkage=0.03


Tree=128
num_leaves=7
num_cat=0
split_feature=14 22 16 6 8 20
split_gain=0.256147 0.298953 0.26812 0.323087 0.399042 0.218038
threshold=0.41385917847164688 -0.16251717978601601 1.0000000180025095e-35 -0.024289072658962615 -0.024903169450146017 -0.05497232745473514
decision_type=2 2 2 2 2 2
left_child=1 -1 3 -3 -5 -4
right_child=-2 2 5 4 -6 -7
leaf_value=-0.00096095870195533667 -0.0012781303933070542 -0.00020827933714395033 -0.0023625622534150701 -0.00024041474642870852 0.00097805033431319936 -0.00020356108637767847
leaf_weight=194.81411012326134 112.1808697283268 583.36990853444149 44.329214599216357 327.75761952836183 878.16812597864191 197.28562498587416
leaf_count=2929 463 8523 620 4321 9172 2511
internal_value=5.97776e-05 0.000132626 0.000241722 0.000368969 0.000647631 -0.000677827
internal_weight=2337.91 2225.72 2030.91 1789.3 1205.93 241.615
internal_count=28539 28076 25147 22016 13493 3131
is_linear=0
shrinkage=0.03


Tree=129
num_leaves=7
num_cat=0
split_feature=0 23 12 18 24 22
split_gain=0.421807 0.197001 0.222044 0.201136 0.237986 0.182938
threshold=0.46586906684600954 0.62378312966976102 0.2337478372343407 1.0000000180025095e-35 2.5000000000000004 -0.16251717978601601
decision_type=2 2 2 2 2 2
left_child=1 3 -3 5 -5 -1
right_child=-2 2 -4 4 -6 -7
leaf_value=-0.0009631396620055693 0.0026834386681380907 0.0032030200034159745 0.00018952613795362755 -0.0020845854089393948 9.4073881987087577e-05 1.6114649519780166e-05
leaf_weight=179.34645608073333 39.995778614946175 23.213175057811895 69.341189246624708 91.338385613518767 79.854947092127986 1838.4594560078112
leaf_count=2666 427 555 487 868 741 22610
internal_value=-4.2802e-05 -0.000102095 0.00118395 -0.000161608 -0.00111922 -7.52438e-05
internal_weight=2321.55 2281.55 92.5544 2189 171.193 2017.81
internal_count=28354 27927 1042 26885 1609 25276
is_linear=0
shrinkage=0.03


Tree=130
num_leaves=7
num_cat=0
split_feature=8 20 6 12 5 10
split_gain=0.288275 0.262985 0.373451 0.351611 0.320572 0.257846
threshold=0.18821883252260022 0.028345673326884206 0.16302959081027332 1.446620789003447 0.0032186186102094133 -0.0044103522885848142
decision_type=2 2 2 2 2 2
left_child=1 -1 3 4 -3 -2
right_child=5 2 -4 -5 -6 -7
leaf_value=-0.00015059858944917431 -0.00013349762659506422 0.00010538810019862282 0.0020063528523055658 -0.0016293364300032104 0.0023037106473933334 0.0025522698257099763
leaf_weight=1661.46996109061 52.25238845491549 292.41118195874151 120.56268195231678 70.665009371936321 65.365793669363484 69.928615318669472
leaf_count=20434 569 4451 1187 349 815 765
internal_value=0.000119516 3.79625e-05 0.000601097 0.000168919 0.000558739 0.00148046
internal_weight=2332.66 2210.47 549.005 428.442 357.777 122.181
internal_count=28570 27236 6802 5615 5266 1334
is_linear=0
shrinkage=0.03


Tree=131
num_leaves=7
num_cat=0
split_feature=14 0 5 23 3 8
split_gain=0.380992 0.360091 0.349212 0.226994 0.239563 0.274087
threshold=0.2277947556113353 -0.28723584724573509 1.0000000180025095e-35 0.20557854401914447 -0.11843599782283276 0.077359522931717536
decision_type=2 2 2 2 2 2
left_child=2 -2 -1 4 -3 -6
right_child=1 3 -4 -5 5 -7
leaf_value=-5.0290229230956971e-05 0.0016059150288202605 -0.0017905227091815938 0.0010003637971219084 0.00028970944584935605 -0.001014875025172569 0.0014350393016316389
leaf_weight=1367.1886505974107 46.715236663818359 258.9174839258194 349.3219297643227 108.62983241677284 144.05348876863718 46.469865411520004
leaf_count=20974 231 1246 4580 502 681 215
internal_value=-6.05542e-05 -0.000701648 0.000168081 -0.00091968 -0.00121193 -0.00037556
internal_weight=2321.3 604.786 1716.51 558.071 449.441 190.523
internal_count=28429 2875 25554 2644 2142 896
is_linear=0
shrinkage=0.03


Tree=132
num_leaves=7
num_cat=0
split_feature=11 17 2 20 14 8
split_gain=0.228373 0.203074 0.160844 0.224459 0.218727 0.386471
threshold=0.1237091212798322 1.5000000000000002 -0.21779750745571114 0.017090386406828393 0.2277947556113353 0.011814888758949394
decision_type=2 2 2 2 2 2
left_child=1 2 3 -1 -4 -6
right_child=-2 -3 4 -5 5 -7
leaf_value=-0.0010435247548174669 0.0014813544790782322 -0.0011378516263028096 0.00040543276325349405 0.00077271043823107992 0.00068459832407419317 -0.00097763258244517692
leaf_weight=210.88284193264553 91.712678688170854 116.99041086836951 1313.9126839365199 76.443602467363235 199.58271276950836 307.55764849483967
leaf_count=3857 973 1786 17979 1490 955 1440
internal_value=9.12122e-05 2.75506e-05 9.72829e-05 -0.000550576 0.000201951 -0.000322881
internal_weight=2317.08 2225.37 2108.38 287.326 1821.05 507.14
internal_count=28480 27507 25721 5347 20374 2395
is_linear=0
shrinkage=0.03


Tree=133
num_leaves=7
num_cat=0
split_feature=8 22 17 8 25 22
split_gain=0.26724 0.233678 0.211938 0.203023 0.194113 0.190416
threshold=0.18821883252260022 -0.02603683906590672 1.5000000000000002 0.036590647331130897 -0.088241270082811893 -0.16454758628043273
decision_type=2 2 2 2 2 2
left_child=2 -2 5 -4 -3 -1
right_child=1 4 3 -5 -6 -7
leaf_value=-0.00089911866777708956 -0.00056368128391702391 9.5043612302405587e-05 -0.00035058119321756574 -0.0028963369115603079 0.003082506966217867 0.00010470819061084181
leaf_weight=176.58293061648146 36.113804292661371 29.227053200826049 88.227231391996611 33.89752080081962 53.568838092905935 1911.9791699651832
leaf_count=2533 441 280 1363 459 592 22841
internal_value=1.94881e-05 0.00134735 -5.76812e-05 -0.00122292 0.00215182 1.5957e-05
internal_weight=2329.6 118.91 2210.69 122.125 82.7959 2088.56
internal_count=28509 1313 27196 1822 872 25374
is_linear=0
shrinkage=0.03


Tree=134
num_leaves=7
num_cat=0
split_feature=7 12 3 3 5 5
split_gain=0.194159 0.242151 0.219274 0.256795 0.214728 0.213106
threshold=-0.10497029864169484 1.5456991899470942 -0.05711566095057282 -0.12085658097168488 0.02352343265814056 -0.014865635581321016
decision_type=2 2 2 2 2 2
left_child=-1 2 3 4 -2 -3
right_child=1 5 -4 -5 -6 -7
leaf_value=-0.00096832141942703744 0.00010014774304073186 0.00014172456650918836 0.00087411705434076409 -0.00065658789689672522 0.0012734599330027538 -0.0012910826060594143
leaf_weight=163.06231527446653 961.00533323406125 172.46987295895815 355.95002452630433 341.01358852593694 154.83762776182266 189.33017693459988
leaf_count=3365 13514 829 4049 4098 1864 900
internal_value=-1.0654e-06 7.55645e-05 0.00021756 5.22797e-05 0.000272825 -0.000622623
internal_weight=2337.67 2174.61 1812.81 1456.86 1115.84 361.8
internal_count=28619 25254 23525 19476 15378 1729
is_linear=0
shrinkage=0.03


Tree=135
num_leaves=7
num_cat=0
split_feature=23 15 23 22 13 23
split_gain=0.278611 0.309841 0.390014 0.245476 0.207456 0.193337
threshold=-0.3021662770987818 1.5000000000000002 0.077797840641934415 0.075882441939995576 2.602003343538398 -0.0051226279951018241
decision_type=2 2 2 2 2 2
left_child=3 -2 4 -1 5 -3
right_child=1 2 -4 -5 -6 -7
leaf_value=-0.0010873917660732797 0.00024119395330085065 -7.2662310164448544e-05 0.00096007500281814807 0.00081214884023399095 0.0010424613763693926 -0.0026224081051962247
leaf_weight=333.71584842025186 1703.5897982664319 35.331119727925397 63.586010628496297 66.81663162301993 16.292541550297756 108.42253758665174
leaf_count=4822 19780 421 698 982 283 1441
internal_value=-4.87001e-05 0.00010196 -0.000923627 -0.000758447 -0.00168447 -0.00204123
internal_weight=2327.75 1927.22 223.632 400.532 160.046 143.754
internal_count=28427 22623 2843 5804 2145 1862
is_linear=0
shrinkage=0.03


Tree=136
num_leaves=7
num_cat=0
split_feature=23 0 22 13 7 10
split_gain=0.412111 0.281252 0.226436 0.199115 0.199875 0.216237
threshold=0.44482716452076637 0.46586906684600954 -0.16251717978601601 2.249904835165133 -0.019294980699455917 -0.016385369285769297
decision_type=2 2 2 2 2 2
left_child=1 2 3 4 -1 -6
right_child=-2 -3 -4 -5 5 -7
leaf_value=-0.0019422422720369017 0.0013221783821973873 0.0022747728247032441 -4.1723183300841235e-05 -0.001843212704912837 -0.0011701126463357172 0.0022242243372314926
leaf_weight=19.611291538167279 192.8028954504116 34.27198614628287 1917.2751559395401 113.94093585762312 19.055518939159811 35.283950002340134
leaf_count=278 2103 357 23313 1892 220 395
internal_value=2.95443e-05 -9.25552e-05 -0.000141668 -0.00110787 0.000109721 0.00103705
internal_weight=2332.24 2139.44 2105.17 187.892 73.9508 54.3395
internal_count=28558 26455 26098 2785 893 615
is_linear=0
shrinkage=0.03


Tree=137
num_leaves=7
num_cat=0
split_feature=9 23 2 24 14 24
split_gain=0.277866 0.249297 0.224668 0.327535 0.210613 0.190173
threshold=0.20620103298965517 0.57784389018357951 -0.2868854246054367 3.5000000000000004 0.2277947556113353 1.0000000180025095e-35
decision_type=2 2 2 2 2 2
left_child=1 2 3 -1 5 -4
right_child=-2 -3 4 -5 -6 -7
leaf_value=-0.0024856905766496504 0.0020538909103694492 0.0012841786263725443 0.00079295328726039277 0.00046557310238897783 -0.00048297581163800254 4.7397791424251994e-06
leaf_weight=69.749225434381515 51.419358160230331 120.17018968827324 354.60043928446248 54.094936187117128 554.43919437378645 1127.6505941078794
leaf_count=1747 655 1293 5371 1198 2632 15657
internal_value=6.26834e-05 9.02063e-06 -6.74941e-05 -0.00125811 1.06967e-05 0.000197355
internal_weight=2332.12 2280.7 2160.53 123.844 2036.69 1482.25
internal_count=28553 27898 26605 2945 23660 21028
is_linear=0
shrinkage=0.03


Tree=138
num_leaves=7
num_cat=0
split_feature=8 6 22 23 3 24
split_gain=0.209669 0.322958 0.196658 0.190002 0.206202 0.217291
threshold=0.10685066761287672 0.47458193080532401 -0.068809185255668273 -0.3021662770987818 -0.24543728179954535 6.5000000000000009
decision_type=2 2 2 2 2 2
left_child=3 2 -2 -1 -5 -6
right_child=1 -3 -4 4 5 -7
leaf_value=-0.00070522370097443089 -0.00085382262838537245 0.0035481858369273392 0.00076148117522169582 -0.00078443812792045541 6.5535973512705889e-05 0.0013091696378258583
leaf_weight=352.22807863823255 78.626922032795846 22.390867315349169 290.53148649308423 216.29407488967991 1246.4580375829537 130.88680497615132
leaf_count=5280 1019 205 3089 3314 14134 1580
internal_value=4.34216e-05 0.000667679 0.000403993 -8.49636e-05 5.56698e-05 0.000192301
internal_weight=2337.42 391.549 369.158 1945.87 1593.64 1377.34
internal_count=28621 4313 4108 24308 19028 15714
is_linear=0
shrinkage=0.03


Tree=139
num_leaves=7
num_cat=0
split_feature=4 10 8 22 11 8
split_gain=0.207068 0.234427 0.196322 0.201314 0.205135 0.296283
threshold=-0.20708680384658804 -0.1415678556101676 -0.071906486549848062 0.14285588530210477 0.049762241929851257 -0.054146647817245964
decision_type=2 2 2 2 2 2
left_child=1 -1 -2 4 5 -4
right_child=2 -3 3 -5 -6 -7
leaf_value=0.0011287424394078457 -0.00063406060903091401 -0.0013363059464666671 0.0015329736618500626 0.0011841954468050147 0.00067539730102644487 -0.00023108357070546209
leaf_weight=34.521845985262189 305.32141198610771 178.29578103529639 82.291745904774871 152.63607824285282 384.88274821685627 1194.7618421702937
leaf_count=547 5297 2576 1039 1709 4153 13252
internal_value=-3.36892e-05 -0.00090373 5.74878e-05 0.000176686 7.76243e-05 -0.000106382
internal_weight=2332.71 212.818 2119.89 1814.57 1661.94 1277.05
internal_count=28573 3123 25450 20153 18444 14291
is_linear=0
shrinkage=0.03


Tree=140
num_leaves=7
num_cat=0
split_feature=3 20 17 23 4 14
split_gain=0.242968 0.19096 0.189768 0.235048 0.281903 0.221252
threshold=-0.25401591230217097 -0.12026990949839221 1.5000000000000002 -0.28074864084349643 -0.19125171778327066 0.37533345012189662
decision_type=2 2 2 2 2 2
left_child=1 -1 3 5 -5 -2
right_child=2 -3 -4 4 -6 -7
leaf_value=-0.0016475488281261306 -0.00027793320225811912 -0.00010480686721455623 -0.0010697048755106727 -0.00074515173491943617 0.00047964285433698653 -0.0029636288270398392
leaf_weight=124.2021759057825 335.49177133891499 159.49034773555468 106.21518447255949 183.03622142440872 1405.4764688442083 20.417375430464745
leaf_count=2027 4655 2591 1531 2275 15389 86
internal_value=-6.08783e-06 -0.000813328 0.000108994 0.000178525 0.000334737 -0.000508786
internal_weight=2334.33 283.693 2050.64 1944.42 1588.51 355.909
internal_count=28554 4618 23936 22405 17664 4741
is_linear=0
shrinkage=0.03


Tree=141
num_leaves=7
num_cat=0
split_feature=3 9 12 20 24 2
split_gain=0.267289 0.291489 0.451864 0.221757 0.261999 0.206649
threshold=-0.31493732643588251 -0.11974823607503146 0.11360945940168855 0.028345673326884206 1.5000000000000002 -0.2236773815140409
decision_type=2 2 2 2 2 2
left_child=-1 2 -2 5 -5 -3
right_child=1 3 -4 4 -6 -7
leaf_value=-0.001168035935508154 -0.0013898254301026884 -0.0011176798055598054 0.0034573431610631124 -0.0002868242800690325 0.001033520547499915 -1.8583066195296164e-05
leaf_weight=148.15910658362554 19.060971848026384 163.1220032228448 43.091364152729511 208.86100170755526 355.97308449621778 1394.1457174524257
leaf_count=2463 616 2924 352 2641 4265 15199
internal_value=2.31845e-05 0.00010894 0.00198421 4.49687e-05 0.000548795 -0.000140109
internal_weight=2332.41 2184.25 62.1523 2122.1 564.834 1557.27
internal_count=28460 25997 968 25029 6906 18123
is_linear=0
shrinkage=0.03


Tree=142
num_leaves=7
num_cat=0
split_feature=8 0 0 22 14 11
split_gain=0.207059 0.328058 0.226748 0.342903 0.197539 0.242103
threshold=0.23216899988254566 0.029269165080461183 0.084934658122994902 0.016603955510560629 0.2277947556113353 0.0039979689122915966
decision_type=2 2 2 2 2 2
left_child=2 -2 4 -4 -1 -6
right_child=1 -3 3 -5 5 -7
leaf_value=-6.2969322110672268e-05 0.003336406513728398 -0.0006164607727354236 -1.7853456746051785e-06 0.0016358902815654403 -0.00015225021609647051 -0.0015745326036327575
leaf_weight=1264.9360180353688 30.813512659980915 30.278541547333589 440.30251462955493 145.77033900434617 239.35604046285152 189.48353973031044
leaf_count=19881 360 316 4460 1461 1163 910
internal_value=-2.84908e-05 0.00156614 -7.78744e-05 0.000426155 -0.000253754 -0.000802247
internal_weight=2340.94 61.0921 2279.85 586.073 1693.78 428.84
internal_count=28551 676 27875 5921 21954 2073
is_linear=0
shrinkage=0.03


Tree=143
num_leaves=7
num_cat=0
split_feature=11 17 23 14 4 3
split_gain=0.214024 0.174111 0.179391 0.235128 0.232757 0.248416
threshold=0.11698109412712838 1.5000000000000002 -0.3021662770987818 0.37533345012189662 -0.21460100065117496 -0.31493732643588251
decision_type=2 2 2 2 2 2
left_child=1 2 3 -1 -4 -6
right_child=-2 -3 4 -5 5 -7
leaf_value=-0.00033977994178968217 0.0012695161415099104 -0.001096187255141272 -0.00099674895428202839 -0.0031749276805146261 -0.0011115143490928606 0.00035742786084986264
leaf_weight=346.6875852070807 108.69949328049552 121.6493075696053 135.11349929191056 18.879099890589714 101.57455516900518 1504.7148267682351
leaf_count=5179 1159 1843 1813 79 1540 16920
internal_value=2.82182e-05 -3.77259e-05 2.82756e-05 -0.000566835 0.000155728 0.000258236
internal_weight=2337.32 2228.62 2106.97 365.567 1741.4 1606.29
internal_count=28533 27374 25531 5258 20273 18460
is_linear=0
shrinkage=0.03


Tree=144
num_leaves=7
num_cat=0
split_feature=0 23 24 15 14 4
split_gain=0.281186 0.229931 0.229019 0.346766 0.234892 0.233539
threshold=0.46586906684600954 -0.3021662770987818 2.5000000000000004 1.5000000000000002 0.41385917847164688 -0.11147566156402304
decision_type=2 2 2 2 2 2
left_child=1 -1 3 4 5 -3
right_child=-2 2 -4 -5 -6 -7
leaf_value=-0.00067415766224448179 0.0022706846110613623 -0.00035241315815397401 0.00051559162256317487 -0.0015405746506734327 -0.0016991714222674924 0.00058059651312615122
leaf_weight=399.67661384743406 38.8383052565041 434.89948015316622 744.15435556985904 132.83772123587551 55.599327236413956 519.3335971396591
leaf_count=5757 417 5610 8276 1772 229 6421
internal_value=1.82284e-05 -2.97526e-05 0.000109583 -0.000157006 3.83164e-05 0.000156125
internal_weight=2325.34 2286.5 1886.82 1142.67 1009.83 954.233
internal_count=28482 28065 22308 14032 12260 12031
is_linear=0
shrinkage=0.03


Tree=145
num_leaves=7
num_cat=0
split_feature=5 7 25 11 14 8
split_gain=0.196996 0.178704 0.16184 0.170583 0.150736 0.242835
threshold=-0.17143440956543396 -0.10497029864169484 0.75255582797078091 0.027987725416364403 0.41385917847164688 0.037462113669980729
decision_type=2 2 2 2 2 2
left_child=-1 -2 4 -4 -3 -6
right_child=1 2 3 -5 5 -7
leaf_value=-0.0011103667125589214 -0.0009676282875102348 9.0728244486123555e-05 0.00013624947271261573 0.0027295375030839519 0.00040816469203689955 -0.00237414247166848
leaf_weight=140.00048645853531 145.57297215342987 1880.4379334483383 52.658632957347436 31.870218625001144 49.650743544101715 48.605515033006668
leaf_count=2070 2939 22198 672 404 204 200
internal_value=-5.83108e-05 1.30757e-05 8.66039e-05 0.00129932 2.8524e-05 -0.00106036
internal_weight=2348.8 2208.8 2063.22 84.5289 1978.69 98.2563
internal_count=28687 26617 23678 1076 22602 404
is_linear=0
shrinkage=0.03


Tree=146
num_leaves=7
num_cat=0
split_feature=24 3 22 4 13 10
split_gain=0.205467 0.200735 0.2306 0.259087 0.209218 0.211595
threshold=7.5000000000000009 -0.052429155651936322 0.0061393164353893423 -0.096399514928788246 2.249904835165133 0.0090401284876030896
decision_type=2 2 2 2 2 2
left_child=1 -1 4 -4 -3 -6
right_child=-2 2 3 -5 5 -7
leaf_value=-0.0001732962661605637 0.0010441150264935406 0.0022467977338858159 0.00083954238836156869 -0.0011481298491760044 -0.00092915235742238166 0.0014967415033368583
leaf_weight=1763.9194069420191 161.97616421437124 90.893282267265022 111.62147293216549 104.821149596537 54.384609699016437 55.713813631882658
leaf_count=22233 2122 783 1269 1090 639 602
internal_value=4.57421e-05 -3.28183e-05 0.000550955 -0.000131262 0.00125702 0.000320849
internal_weight=2343.33 2181.35 417.434 216.443 200.992 110.098
internal_count=28738 26616 4383 2359 2024 1241
is_linear=0
shrinkage=0.03


Tree=147
num_leaves=7
num_cat=0
split_feature=8 2 24 5 8 9
split_gain=0.193744 0.247051 0.211737 0.205001 0.190516 0.18978
threshold=-0.071906486549848062 -0.021640979111938085 1.5000000000000002 0.0011665024186901464 0.12644176053820602 0.12520751882798012
decision_type=2 2 2 2 2 2
left_child=2 4 3 -1 -2 -3
right_child=1 5 -4 -5 -6 -7
leaf_value=-0.0018212162247185492 0.00029571408455421886 -0.00072570644142656393 5.1711787898006969e-05 0.0013937184811567173 0.0017912131783946491 0.0010036554203265117
leaf_weight=122.22246446958161 1520.506120397913 341.3868359667249 210.75083282831474 13.166599247604607 71.396190577652305 59.14830522966804
leaf_count=2141 16915 4193 3856 182 670 632
internal_value=9.18364e-05 0.000206143 -0.000553441 -0.00143421 0.00037355 -0.000452099
internal_weight=2338.58 1992.44 346.14 135.389 1591.9 400.535
internal_count=28589 22410 6179 2323 17585 4825
is_linear=0
shrinkage=0.03


Tree=148
num_leaves=7
num_cat=0
split_feature=14 2 10 2 24 2
split_gain=0.339992 0.287708 0.328899 0.261889 0.341531 0.284741
threshold=0.2442724207889182 -0.12572700109751672 -0.050307466927461721 -0.021640979111938085 1.0000000180025095e-35 0.017768769961749316
decision_type=2 2 2 2 2 2
left_child=1 -1 -3 4 -4 -5
right_child=-2 2 3 5 -6 -7
leaf_value=-0.00022303775732117684 -0.00065221727731751332 -0.00051823123911327971 0.0025412310347570043 -0.0011290740836648605 0.00074566830319067754 0.00085861930567383122
leaf_weight=795.34235085599357 534.4550986289978 205.03484133919119 117.10959299188107 105.91248687650659 446.34339840796019 137.2791217242484
leaf_count=12798 2475 2859 1538 1638 5441 1797
internal_value=5.40767e-06 0.00020243 0.000535824 0.000806812 0.00115667 -1.74456e-05
internal_weight=2341.48 1807.02 1011.68 806.645 563.453 243.192
internal_count=28546 26071 13273 10414 6979 3435
is_linear=0
shrinkage=0.03


Tree=149
num_leaves=7
num_cat=0
split_feature=20 4 12 0 2 14
split_gain=0.224975 0.294314 0.271179 0.201746 0.230578 0.187244
threshold=0.19161798785044981 -0.13537235263806227 1.1644392294280892 0.40629810526123383 -0.10580182629515385 0.41385917847164688
decision_type=2 2 2 2 2 2
left_child=3 -2 -3 5 -5 -1
right_child=1 2 -4 4 -6 -7
leaf_value=-0.00017557519963019378 0.0027363581577715566 0.00094826282135709666 -0.0025488508673623582 -0.00078223074268222233 0.0025433017011382841 -0.0014537182874874276
leaf_weight=2047.2202284797386 46.024278373573907 55.823572671972215 18.662836313247681 24.047260535880923 39.828577475156635 98.992898225784302
leaf_count=25826 650 842 99 270 387 408
internal_value=-0.000118295 0.00109312 -0.000125929 -0.000188977 0.00135493 -0.000240997
internal_weight=2330.6 120.511 74.4864 2210.09 63.8758 2146.21
internal_count=28482 1591 941 26891 657 26234
is_linear=0
shrinkage=0.03


Tree=150
num_leaves=7
num_cat=0
split_feature=7 1 2 10 12 1
split_gain=0.232158 0.191445 0.232282 0.230339 0.223699 0.185014
threshold=-0.10750770994707606 -0.094230451644423507 -0.18852685767890603 -0.068746379449317246 1.5456991899470942 -0.053224175847243878
decision_type=2 2 2 2 2 2
left_child=-1 -2 4 -4 -3 -5
right_child=1 2 3 5 -6 -7
leaf_value=-0.0010286201949342355 0.00095308741872827886 -0.00034271976844624903 -0.00074119079416990646 -0.00064699148347046069 -0.0025331115369854481 0.00043133226749439077
leaf_weight=155.98229431931395 220.44360647935537 257.94518941018032 204.06759879432502 152.02119661611505 41.219240389764309 1288.1578777590621
leaf_count=3269 3199 4186 2332 1755 204 13414
internal_value=5.31248e-05 0.000135476 3.83288e-05 0.000179203 -0.000716687 0.000313831
internal_weight=2319.84 2163.85 1943.41 1644.25 299.164 1440.18
internal_count=28359 25090 21891 17501 4390 15169
is_linear=0
shrinkage=0.03


Tree=151
num_leaves=7
num_cat=0
split_feature=3 20 6 5 14 2
split_gain=0.217318 0.368085 0.344529 0.387128 0.23669 0.216139
threshold=-0.052429155651936322 -0.019217703289600999 0.089539744293095441 0.0011665024186901464 0.34198608790104729 -0.21965608557051733
decision_type=2 2 2 2 2 2
left_child=4 -2 3 -3 5 -1
right_child=1 2 -4 -5 -6 -7
leaf_value=-0.0008173642524588635 0.0030409028433829336 -0.00083041857611407157 0.0014913546593435627 0.0020645749877576955 -0.0011693197833125227 0.00012746360353457146
leaf_weight=244.9468383579806 40.256742538651451 223.89789640446543 133.32672678364906 40.739010494784452 164.40426088869572 1489.9022084746539
leaf_count=4944 404 2520 1228 424 693 18343
internal_value=2.38394e-05 0.000618219 0.000304616 -0.000325807 -0.000115823 -9.85844e-06
internal_weight=2337.47 438.22 397.964 264.637 1899.25 1734.85
internal_count=28556 4576 4172 2944 23980 23287
is_linear=0
shrinkage=0.03


Tree=152
num_leaves=7
num_cat=0
split_feature=23 2 2 8 7 6
split_gain=0.216271 0.216805 0.214928 0.251565 0.212979 0.209511
threshold=0.62378312966976102 0.020920523852352105 -0.019326247118881885 0.12644176053820602 0.17287263711232367 0.11100474319867056
decision_type=2 2 2 2 2 2
left_child=1 2 3 4 -1 -5
right_child=-2 -3 -4 5 -6 -7
leaf_value=-0.00013803990890761292 0.0012443275226027661 0.0007898066612583495 -0.0012371743692616418 -0.00010974254620898334 -0.0023221794187131498 0.0029503830329210019
leaf_weight=1769.7282522737951 100.677741365158 206.25200168584706 158.17679880640935 36.459063350455835 31.18644891679287 33.149618599563837
leaf_count=22108 1120 2291 2140 372 268 277
internal_value=-5.05851e-05 -0.0001142 -0.000209531 -0.000116514 -0.000188477 0.00153513
internal_weight=2335.63 2234.95 2028.7 1870.52 1800.91 69.6087
internal_count=28576 27456 25165 23025 22376 649
is_linear=0
shrinkage=0.03


Tree=153
num_leaves=7
num_cat=0
split_feature=0 3 23 2 4 24
split_gain=0.229332 0.152793 0.156283 0.190712 0.237531 0.209318
threshold=0.46586906684600954 -0.30325888206374413 -0.3021662770987818 -0.034696892541522736 -0.17304798176888189 1.5000000000000002
decision_type=2 2 2 2 2 2
left_child=1 -1 -3 4 5 -4
right_child=-2 2 3 -5 -6 -7
leaf_value=-0.00082408307145353133 0.0020479974184332002 -0.00046898142379798394 -0.0013836546486505966 -0.00038795327614530342 0.00055557555373636817 0.00028598823700181849
leaf_weight=170.1860333358054 41.047169944213238 367.39118475589203 108.64665001217509 376.00202142441412 1119.7901416071109 150.64502503682161
leaf_count=2788 429 5123 1505 4382 12481 1757
internal_value=5.92123e-05 1.48662e-05 8.56846e-05 0.000203792 0.000366761 -0.000439016
internal_weight=2333.71 2292.66 2122.48 1755.08 1379.08 259.292
internal_count=28465 28036 25248 20125 15743 3262
is_linear=0
shrinkage=0.03


Tree=154
num_leaves=7
num_cat=0
split_feature=3 16 24 14 3 24
split_gain=0.234501 0.26398 0.419302 0.259374 0.188268 0.336056
threshold=-0.05711566095057282 1.0000000180025095e-35 2.5000000000000004 0.41385917847164688 -0.1603182219194064 9.5000000000000018
decision_type=2 2 2 2 2 2
left_child=1 3 -3 4 -1 -6
right_child=-2 2 -4 -5 5 -7
leaf_value=0.00040332340912094369 0.00062715905084165095 -0.0023632949408443067 0.00029683076254138164 -0.0016022365224644525 -0.00037737703201085721 0.0025714368465781711
leaf_weight=819.4384401596617 457.68075787293492 103.55484475655248 96.799233704106882 76.027289509773254 748.56609255977673 26.528796739468817
leaf_count=11524 4802 1494 1297 313 8721 329
internal_value=2.60883e-05 -0.000123504 -0.00112507 2.59553e-06 8.86227e-05 -0.000244982
internal_weight=2328.6 1870.91 200.354 1670.56 1594.53 775.095
internal_count=28480 23678 2791 20887 20574 9050
is_linear=0
shrinkage=0.03


Tree=155
num_leaves=7
num_cat=0
split_feature=14 13 20 13 6 25
split_gain=0.162234 0.264147 0.247684 0.277715 0.225677 0.217564
threshold=0.2277947556113353 2.4414009612931857 0.19161798785044981 1.8688348091416842 -0.11540874805710698 0.0082531717260121446
decision_type=2 2 2 2 2 2
left_child=2 -2 3 -1 -5 -3
right_child=1 5 -4 4 -6 -7
leaf_value=0.0017369507329625675 -0.00072366811276133598 -0.00035380215212831316 0.001545051695022289 -0.00079173093695444191 0.00011005787698382166 0.0023370257638890769
leaf_weight=70.763058912707493 513.21787269413471 52.536037921905518 91.994640591030475 300.5449563068687 1267.3786902485881 41.218959644436836
leaf_count=815 2430 260 1431 5837 17660 199
internal_value=-3.76868e-05 -0.000455549 0.000110638 2.12284e-05 -6.67222e-05 0.000940433
internal_weight=2337.65 606.973 1730.68 1638.69 1567.92 93.755
internal_count=28632 2889 25743 24312 23497 459
is_linear=0
shrinkage=0.03


Tree=156
num_leaves=7
num_cat=0
split_feature=0 22 25 7 23 24
split_gain=0.227885 0.220235 0.209589 0.152719 0.134535 0.209
threshold=0.49137279211970858 -0.15505850892022116 0.89907671907406439 -0.018207413947412359 0.20557854401914447 2.5000000000000004
decision_type=2 2 2 2 2 2
left_child=1 3 4 -1 -3 -6
right_child=-2 2 -4 -5 5 -7
leaf_value=-0.002180651310071403 0.0022405640070023089 -4.5666167670624427e-05 0.0016523212653591233 -0.00036971974248780091 -0.00054065869492277195 0.0010109446018116929
leaf_weight=48.465775872115046 32.967461638618261 1640.7113527959009 68.51084350340534 168.40364957344718 101.42640097206458 267.45193162705982
leaf_count=887 341 20067 1063 2273 989 2867
internal_value=7.58818e-05 3.52003e-05 0.000131502 -0.000852706 7.1729e-05 0.000581308
internal_weight=2327.94 2294.97 2078.1 216.869 2009.59 368.878
internal_count=28487 28146 24986 3160 23923 3856
is_linear=0
shrinkage=0.03


Tree=157
num_leaves=7
num_cat=0
split_feature=10 12 4 11 0 14
split_gain=0.21809 0.37726 0.217335 0.216182 0.293341 0.341115
threshold=-0.13167212107272711 0.82828075264688927 -0.20708680384658804 0.035786324715780631 -0.084840280120375242 0.15433273541082751
decision_type=2 2 2 2 2 2
left_child=1 -1 -2 4 -4 -6
right_child=2 -3 3 -5 5 -7
leaf_value=-0.00043383259368210363 -0.0010451800746410713 0.0041190459052782161 -0.00079152911332661471 0.00052966370034804387 0.00064077777187650708 -0.0004109456304113457
leaf_weight=31.116535917768488 165.97028584306827 21.019370336085558 431.11499404508504 599.15222212325898 554.32799404277466 536.70265088230371
leaf_count=648 2348 129 6258 6960 9317 2964
internal_value=1.55129e-05 0.00176923 -3.19886e-05 5.18155e-05 -0.000138506 0.000124378
internal_weight=2339.4 52.1359 2287.27 2121.3 1522.15 1091.03
internal_count=28624 777 27847 25499 18539 12281
is_linear=0
shrinkage=0.03


Tree=158
num_leaves=7
num_cat=0
split_feature=22 5 11 2 11 25
split_gain=0.234495 0.191784 0.241203 0.159207 0.282933 0.197651
threshold=-0.1601264224905416 -0.17143440956543396 -0.17568712271944514 -0.014173685280873304 0.12734043717877583 0.24464497467026228
decision_type=2 2 2 2 2 2
left_child=-1 2 -2 5 -5 -3
right_child=1 3 -4 4 -6 -7
leaf_value=-0.00087660590197676273 0.00096514162095530148 0.00052330846315983871 -0.0016776328708953984 -0.00065230469522845622 0.0021786681309437683 -0.00025288626336668693
leaf_weight=206.87061838959926 36.76301502372371 1305.5856113668997 93.421382486820221 297.45700929602026 25.639874936081469 374.06280769963632
leaf_count=3048 618 15208 1264 3560 262 4658
internal_value=6.38116e-05 0.000158687 -0.000915724 0.000232729 -0.000368986 0.000349974
internal_weight=2339.8 2132.93 130.184 2002.75 323.097 1679.65
internal_count=28618 25570 1882 23688 3822 19866
is_linear=0
shrinkage=0.03


Tree=159
num_leaves=7
num_cat=0
split_feature=3 14 7 4 3 4
split_gain=0.212429 0.206557 0.348354 0.242827 0.288553 0.27298
threshold=-0.32007951959472786 0.14177601981863511 0.10990221429269595 -0.059176521519506295 -0.10310228870808898 -0.037221019578902122
decision_type=2 2 2 2 2 2
left_child=-1 2 -2 -3 -5 -6
right_child=1 3 -4 4 5 -7
leaf_value=-0.0011175607032259994 0.00016403890906219794 -0.00047690459512835529 0.0019082334807621407 0.0012415379871853146 0.0013753303201206053 -0.0014631460902856973
leaf_weight=138.83521483346703 928.46860221655515 857.80720604211092 106.30112395930337 178.81029302626848 35.471343509852886 86.451210163533688
leaf_count=2359 17898 4958 1570 1039 197 482
internal_value=-2.07022e-05 5.34854e-05 0.000359768 -0.000220814 0.000501495 -0.000595684
internal_weight=2332.14 2193.31 1034.77 1158.54 300.733 121.923
internal_count=28503 26144 19468 6676 1718 679
is_linear=0
shrinkage=0.03


Tree=160
num_leaves=7
num_cat=0
split_feature=3 15 0 22 12 3
split_gain=0.195386 0.177427 0.185571 0.186796 0.308004 0.168179
threshold=-0.30325888206374413 1.5000000000000002 0.46586906684600954 0.14285588530210477 1.0999111470803922 -0.15172129019981867
decision_type=2 2 2 2 2 2
left_child=-1 2 3 -2 -5 -3
right_child=1 5 -4 4 -6 -7
leaf_value=-0.00092030367115468253 5.6223795502779183e-05 -0.0015808630081760083 0.0020501933208555687 0.0018692821658153453 -0.00070095372872937061 -2.2836887673000493e-05
leaf_weight=171.7551486978482 1696.7381657932419 92.003621898824349 37.814801204425748 119.66826164914528 55.62978757172823 161.1830657266546
leaf_count=2822 19930 1353 382 1923 298 1865
internal_value=2.47097e-05 0.000103638 0.000203335 0.000155333 0.00105982 -0.000627551
internal_weight=2334.79 2163.04 1909.85 1872.04 175.298 253.187
internal_count=28573 25751 22533 22151 2221 3218
is_linear=0
shrinkage=0.03


Tree=161
num_leaves=7
num_cat=0
split_feature=2 2 22 3 8 20
split_gain=0.132643 0.236973 0.188891 0.162903 0.150693 0.274762
threshold=-0.2868854246054367 -0.26945966520990111 -0.075408655859153531 -0.3327722783204225 -0.062272936325375901 -0.018275268047753448
decision_type=2 2 2 2 2 2
left_child=2 -2 -1 -3 5 -5
right_child=1 3 -4 4 -6 -7
leaf_value=-0.0026022914236308206 0.0025206718891773706 -0.0011163598722496459 -0.00017144317278405886 0.00089760234926298372 0.00017003832988222496 -0.0012079451713383619
leaf_weight=31.256520953902509 24.541018392133992 98.687900047370931 100.32119760723435 70.642570156924194 1831.1469617863768 179.44892601459287
leaf_count=766 455 1477 2297 1004 20165 2335
internal_value=-1.67812e-06 5.52451e-05 -0.000891915 1.61064e-05 7.4887e-05 -0.000601554
internal_weight=2336.05 2204.47 131.578 2179.93 2081.24 250.091
internal_count=28499 25436 3063 24981 23504 3339
is_linear=0
shrinkage=0.03


Tree=162
num_leaves=7
num_cat=0
split_feature=2 24 9 10 12 4
split_gain=0.133045 0.309742 0.167475 0.136752 0.267215 0.259468
threshold=-0.2868854246054367 3.5000000000000004 -0.0088275333120228488 -0.13167212107272711 0.89100836032927966 -0.20708680384658804
decision_type=2 2 2 2 2 2
left_child=1 -1 -3 4 -2 -5
right_child=3 2 -4 5 -6 -7
leaf_value=-0.0020495744478916935 -0.00041114379483523392 -0.00077800741012692726 0.0020739450275289802 -0.0011406469456746785 0.0035168590548233232 0.00012172598493009661
leaf_weight=74.068279370578239 29.084496188326739 28.624043168965727 27.771338099031709 148.02017573325429 19.559211272746325 2007.8307861684007
leaf_count=1807 559 706 571 1892 116 22888
internal_value=1.24715e-05 -0.000882921 0.000727248 6.92092e-05 0.00149865 3.01855e-05
internal_weight=2334.96 130.464 56.3954 2204.49 48.6437 2155.85
internal_count=28539 3084 1277 25455 675 24780
is_linear=0
shrinkage=0.03


Tree=163
num_leaves=7
num_cat=0
split_feature=5 13 8 8 4 23
split_gain=0.161486 0.199284 0.175889 0.166858 0.148204 0.16765
threshold=-0.17143440956543396 2.3502401828962087 -0.048048793590163716 -0.20651749480279671 -0.21460100065117496 -0.29108432140184476
decision_type=2 2 2 2 2 2
left_child=1 2 -1 -2 -5 -6
right_child=3 -3 -4 4 5 -7
leaf_value=2.375123394682277e-05 -0.0015818600503828858 0.00033567461428346329 -0.0028086791301165557 -0.00067191151920938 -0.00038631561382548239 0.00034684150440379615
leaf_weight=29.823631922597997 41.242873335402692 62.630567200132646 47.36425466631772 171.30487758107483 328.63185065914877 1663.422384253834
leaf_count=477 1120 1131 447 2344 4351 18778
internal_value=4.71122e-05 -0.000906375 -0.00183709 0.000111403 0.000150814 0.000224566
internal_weight=2344.42 139.818 77.1879 2204.6 2163.36 1992.05
internal_count=28648 2055 924 26593 25473 23129
is_linear=0
shrinkage=0.03


Tree=164
num_leaves=7
num_cat=0
split_feature=5 1 6 22 1 8
split_gain=0.177914 0.236439 0.196171 0.171699 0.380982 0.169557
threshold=1.0000000180025095e-35 0.03370385422658146 0.33011219405377712 -0.0035199663493918321 -0.0010476205091561506 0.03365047447324275
decision_type=2 2 2 2 2 2
left_child=-1 3 5 -2 -5 -3
right_child=1 2 -4 4 -6 -7
leaf_value=-0.00011424562236861883 -4.4425448875080778e-05 0.00049488845395022243 0.0013225688664400812 0.00027591359103584426 0.002668880551485734 -0.0017559789668579477
leaf_weight=1845.7882959210692 108.22903225227492 40.20456219825428 33.884133098472375 133.06597582914401 102.89122352562845 78.241928963456303
leaf_count=23349 1333 371 303 1586 1026 663
internal_value=2.18651e-05 0.000520119 -0.000443943 0.000947283 0.00138547 -0.00101291
internal_weight=2342.31 496.517 152.331 344.186 235.957 118.446
internal_count=28631 5282 1337 3945 2612 1034
is_linear=0
shrinkage=0.03


Tree=165
num_leaves=7
num_cat=0
split_feature=0 20 9 24 14 10
split_gain=0.176889 0.190068 0.146529 0.176982 0.160647 0.132552
threshold=0.46586906684600954 0.13221802372617078 0.18950454912889131 1.0000000180025095e-35 0.25831483864018429 0.043356315008962337
decision_type=2 2 2 2 2 2
left_child=1 5 3 -3 -5 -1
right_child=-2 2 -4 4 -6 -7
leaf_value=-0.00023609932176954569 0.0018185310456559534 -0.0011758358921666119 0.0023392124840876521 0.0013645896042769458 -0.0009123708882959275 0.00030168205462015644
leaf_weight=1512.5845816407818 39.172690770064946 39.530387327424251 36.127978377102409 117.31142274860758 28.118871778249741 556.30114629559102
leaf_count=18844 419 473 460 1686 126 6546
internal_value=3.82176e-05 -1.1071e-08 0.000816192 0.000413979 0.000893965 -9.07401e-05
internal_weight=2329.15 2289.97 221.089 184.961 145.43 2068.89
internal_count=28554 28135 2745 2285 1812 25390
is_linear=0
shrinkage=0.03


Tree=166
num_leaves=7
num_cat=0
split_feature=17 3 14 3 3 2
split_gain=0.183359 0.178356 0.19453 0.174894 0.300892 0.219288
threshold=1.5000000000000002 -0.30325888206374413 0.41385917847164688 -0.14356823446515754 -0.05711566095057282 -0.21779750745571114
decision_type=2 2 2 2 2 2
left_child=1 -1 3 5 -5 -3
right_child=-2 2 -4 4 -6 -7
leaf_value=-0.00083983116971738726 -0.0010582982617785605 -0.00056991114413792998 -0.0010537499472683617 -0.00041303251523695111 0.00061175329193971408 0.00074599748431672071
leaf_weight=160.51013637037249 121.87885693772114 126.5785970746947 100.92629155516624 660.47715624226839 409.02051489867154 747.22054166762973
leaf_count=2625 1858 2601 416 7619 4381 9006
internal_value=2.85883e-05 9.31792e-05 0.00017017 0.000238804 -1.90752e-05 0.000551083
internal_weight=2326.61 2204.73 2044.22 1943.3 1069.5 873.799
internal_count=28506 26648 24023 23607 12000 11607
is_linear=0
shrinkage=0.03


Tree=167
num_leaves=7
num_cat=0
split_feature=0 22 11 8 5 10
split_gain=0.148834 0.149069 0.142782 0.209023 0.126158 0.167371
threshold=0.46586906684600954 -0.15505850892022116 0.12734043717877583 0.15432246187767301 -0.17143440956543396 0.050267501686341261
decision_type=2 2 2 2 2 2
left_child=1 -1 4 -4 -3 -6
right_child=-2 2 3 -5 5 -7
leaf_value=-0.00077295259427465448 0.0016080958017457793 -0.00089965120751661664 0.00010090663596615326 0.0032271314939357233 -0.00010323006974427008 0.00055705660375177178
leaf_weight=213.50126359704882 40.603522389079444 123.54482872976223 53.464818345528329 20.68430701829493 1440.3835594749253 443.66914088409976
leaf_count=3152 432 1808 566 195 17285 5077
internal_value=-1.32226e-06 -3.66456e-05 4.22034e-05 0.00125285 -8.49901e-06 5.43787e-05
internal_weight=2335.85 2295.25 2081.75 74.1491 2007.6 1884.05
internal_count=28515 28083 24931 761 24170 22362
is_linear=0
shrinkage=0.03


Tree=168
num_leaves=7
num_cat=0
split_feature=22 12 6 7 14 25
split_gain=0.146342 0.26017 0.160436 0.167693 0.391613 0.187074
threshold=0.19069838614660242 1.3531009408916488 0.47458193080532401 0.10074457303660554 0.14617922832206576 -0.21701340830397872
decision_type=2 2 2 2 2 2
left_child=2 -2 3 5 -5 -1
right_child=1 -3 -4 4 -6 -7
leaf_value=0.00067762187514288806 0.0017127488820426239 -0.0013940468314988389 0.0015339716815852967 0.00062716208229305693 -0.0016542422046843073 -5.8374504256797146e-05
leaf_weight=381.06879568099976 99.018327345780563 23.033997088670731 52.598640712385532 109.76704704450094 150.78474243730307 1508.3976895540836
leaf_count=5241 1471 115 510 1618 803 18781
internal_value=9.51707e-05 0.00106526 3.68442e-05 -6.71406e-06 -0.00070546 9.28477e-05
internal_weight=2324.67 122.052 2202.62 2150.02 260.552 1889.47
internal_count=28539 1586 26953 26443 2421 24022
is_linear=0
shrinkage=0.03


Tree=169
num_leaves=7
num_cat=0
split_feature=2 8 2 9 5 0
split_gain=0.15313 0.264593 0.207773 0.280775 0.267209 0.24322
threshold=-0.034696892541522736 0.12644176053820602 0.017768769961749316 0.14617380513482778 -0.0072937578581972586 0.049170451701174241
decision_type=2 2 2 2 2 2
left_child=1 -1 4 5 -2 -4
right_child=2 -3 3 -5 -6 -7
leaf_value=7.4798316417898242e-05 0.00076256530715986101 0.0019641140229501304 0.00060243665119520218 0.0025767791891531562 -0.0015841550432496914 -0.0014043218292065871
leaf_weight=1810.8881431003101 49.815649939584546 59.313353609119076 120.37042189302156 27.235125384235289 183.14497404335998 83.654664341418538
leaf_count=22424 592 527 1453 267 2400 879
internal_value=2.34368e-05 0.000144845 -0.000458421 0.000178087 -0.00107161 -0.000247547
internal_weight=2334.42 1870.2 464.221 231.26 232.961 204.025
internal_count=28542 22951 5591 2599 2992 2332
is_linear=0
shrinkage=0.03


Tree=170
num_leaves=7
num_cat=0
split_feature=3 3 5 6 8 8
split_gain=0.268965 0.266598 0.229256 0.216594 0.270842 0.196161
threshold=-0.052429155651936322 -0.074877772157788611 -0.17143440956543396 -0.020968312555197492 -0.066244158714105342 0.20005708872711428
decision_type=2 2 2 2 2 2
left_child=1 2 -1 -2 -5 -4
right_child=3 -3 5 4 -6 -7
leaf_value=-0.0013070940605182043 -0.00036468587999350803 -0.0017162695118696453 -4.9919832841527257e-05 -0.001017600166381078 0.0014163034341743289 0.0013760702607148491
leaf_weight=114.53121701866621 125.23832769470755 82.492983556934632 1618.0117353911628 40.74225820141146 274.35035575626534 81.715145700989524
leaf_count=1767 1520 964 20234 459 2624 894
internal_value=1.07329e-05 -0.000145053 -6.45948e-05 0.000670111 0.00107997 2.62828e-05
internal_weight=2337.08 1896.75 1814.26 440.331 315.093 1699.73
internal_count=28462 23859 22895 4603 3083 21128
is_linear=0
shrinkage=0.03


Tree=171
num_leaves=7
num_cat=0
split_feature=23 22 14 13 3 0
split_gain=0.165125 0.17426 0.169783 0.183842 0.177158 0.127874
threshold=0.60798110501374814 -0.15768213182079982 0.28104463578201971 2.249904835165133 -0.20798804353152753 0.40629810526123383
decision_type=2 2 2 2 2 2
left_child=1 2 3 4 -1 -3
right_child=-2 5 -4 -5 -6 -7
leaf_value=0.0017499144853292238 0.00099882289121703193 -0.00011623633556895389 -0.0028229993644821893 -0.0012343969872195338 -0.0010843087496667143 0.001238179258843293
leaf_weight=39.720567355718231 106.43380514028831 1980.9574616031605 27.563566297292709 114.08171575699816 24.425007260404527 54.809184714453295
leaf_count=593 1176 23882 123 2023 304 546
internal_value=-0.000103651 -0.000160202 -0.00097098 -0.000549796 0.000670025 -7.38971e-05
internal_weight=2347.99 2241.56 205.791 178.227 64.1456 2035.77
internal_count=28647 27471 3043 2920 897 24428
is_linear=0
shrinkage=0.03


Tree=172
num_leaves=7
num_cat=0
split_feature=0 8 2 14 2 2
split_gain=0.172677 0.157699 0.191082 0.122387 0.14013 0.17454
threshold=0.49137279211970858 0.30369138395519463 0.13417465879621224 0.41385917847164688 0.10996922307793948 -0.021640979111938085
decision_type=2 2 2 2 2 2
left_child=1 2 3 4 5 -1
right_child=-2 -3 -4 -5 -6 -7
leaf_value=0.00010424122849438095 0.0018705836738266259 0.0022072313203947026 -0.002418616197374109 -0.00098296132825206992 0.002199588558632142 -0.00065138944523373979
leaf_weight=1826.6041666905221 33.453560611233115 17.817510399152525 20.640972626773873 105.91252517700195 16.170489216106944 313.59260897675995
leaf_count=23112 348 202 230 436 189 3958
internal_value=-3.04314e-06 -3.82636e-05 -6.53389e-05 -3.33181e-05 1.76468e-05 -8.99217e-06
internal_weight=2334.19 2300.74 2282.92 2262.28 2156.37 2140.2
internal_count=28475 28127 27925 27695 27259 27070
is_linear=0
shrinkage=0.03


Tree=173
num_leaves=7
num_cat=0
split_feature=22 17 11 2 4 10
split_gain=0.23003 0.179953 0.171938 0.271203 0.168373 0.166063
threshold=-0.16454758628043273 1.5000000000000002 0.12734043717877583 -0.051388150282861207 0.0065989054764286946 -0.13167212107272711
decision_type=2 2 2 2 2 2
left_child=4 2 5 -4 -1 -2
right_child=1 -3 3 -5 -6 -7
leaf_value=-0.0012303250251587564 0.0017444944807170155 -0.0010272707905832636 -0.0001979147538954846 0.0031369011613066795 0.0013686295904665369 5.9108577879244989e-05
leaf_weight=179.80348306105589 44.148027265910059 110.86991916975239 41.886257985286647 33.676669217762537 17.091608588118106 1900.0328472589608
leaf_count=2705 645 1635 417 345 215 22516
internal_value=5.77233e-06 9.80721e-05 0.000164602 0.00148125 -0.000949474 0.000106111
internal_weight=2327.51 2130.61 2019.74 75.5629 196.895 1944.18
internal_count=28478 25558 23923 762 2920 23161
is_linear=0
shrinkage=0.03


Tree=174
num_leaves=7
num_cat=0
split_feature=12 6 20 7 23 12
split_gain=0.135728 0.174335 0.168052 0.156414 0.231519 0.212586
threshold=2.1262134057663959 0.47458193080532401 0.1295429847565476 0.081556182558951265 0.31074930902570352 0.34975155216151871
decision_type=2 2 2 2 2 2
left_child=1 2 3 4 -1 -5
right_child=-2 -3 -4 5 -6 -7
leaf_value=-0.00011703067880727385 0.0010711793213893763 0.0015858222666933026 0.00072438840204038847 0.00057933045933962046 0.001203061199408214 -0.0011029883281657895
leaf_weight=1492.5885164576612 100.47701543569565 50.260536020505242 216.508800416952 82.268813989852788 119.90788057935424 268.42202020063996
leaf_count=19856 438 517 2768 1613 1481 1792
internal_value=4.47693e-05 -6.05417e-06 -4.9835e-05 -0.000138458 -1.20566e-05 -0.000703212
internal_weight=2330.43 2229.96 2179.7 1963.19 1612.5 350.691
internal_count=28465 28027 27510 24742 21337 3405
is_linear=0
shrinkage=0.03


Tree=175
num_leaves=7
num_cat=0
split_feature=14 5 16 20 0 5
split_gain=0.152746 0.392425 0.158394 0.313317 0.230947 0.186437
threshold=0.37533345012189662 -0.027943020783417521 1.0000000180025095e-35 -0.059551082989045004 -0.084840280120375242 0.032930137820723723
decision_type=2 2 2 2 2 2
left_child=2 -2 4 -4 5 -1
right_child=1 -3 3 -5 -6 -7
leaf_value=-0.0005104978264121239 0.00083484031788549028 -0.0020043634737291209 -0.0022670996470685739 4.0299281765028601e-05 0.00040085151660534599 0.0012011337435982013
leaf_weight=496.77004809657228 68.237900823354721 93.848430976271629 62.723349659907399 193.68918354215566 1367.5175823652826 55.012053689919412
leaf_count=7672 283 391 970 2501 16002 733
internal_value=3.06955e-05 -0.000830013 9.83206e-05 -0.000588045 0.00019259 -0.000321507
internal_weight=2337.8 162.086 2175.71 256.413 1919.3 551.782
internal_count=28552 674 27878 3471 24407 8405
is_linear=0
shrinkage=0.03


Tree=176
num_leaves=7
num_cat=0
split_feature=2 8 3 9 12 8
split_gain=0.153266 0.229579 0.173578 0.28086 0.343023 0.322013
threshold=-0.10867236142967861 -0.0028731559458832208 -0.15973985177586061 0.12520751882798012 1.2906102384536788 0.063694094875409349
decision_type=2 2 2 2 2 2
left_child=-1 -2 -3 4 -4 -5
right_child=1 2 3 5 -6 -7
leaf_value=-0.00025232438098949316 0.0014390299503834658 0.00055404033723302438 -5.5234416444770216e-05 -0.00093011217087042033 -0.00177079613471013 0.0020395954748794035
leaf_weight=1158.1624362897128 116.72804368531797 418.07660788917565 373.64888346061343 44.146640334976837 136.20562959462404 80.767497611348517
leaf_count=15484 1285 5063 4716 452 685 795
internal_value=-8.78763e-06 0.000232468 8.64164e-05 -0.00022539 -0.000538787 0.000998906
internal_weight=2327.74 1169.57 1052.85 634.769 509.855 124.914
internal_count=28480 12996 11711 6648 5401 1247
is_linear=0
shrinkage=0.03


Tree=177
num_leaves=7
num_cat=0
split_feature=12 13 6 22 13 6
split_gain=0.178287 0.395012 0.327768 0.393276 0.194054 0.219944
threshold=0.60996991323836969 1.8688348091416842 -0.1380981427065853 -0.011626307109046897 1.8688348091416842 0.089539744293095441
decision_type=2 2 2 2 2 2
left_child=1 -1 -3 -4 -2 -6
right_child=4 2 3 -5 5 -7
leaf_value=0.0021417098557007684 -0.0016785243706913589 -0.0010755173467422835 -0.00065837847549213844 0.00081467600459446908 -0.00051477840740515694 0.00028385462936277256
leaf_weight=79.787676403298974 74.584824532270432 174.85786656109849 233.04128936407506 490.86729959226795 754.31699337810278 514.15151906386018
leaf_count=885 350 4711 4936 9226 5147 3204
internal_value=-6.22472e-05 0.000244309 5.41543e-05 0.00033796 -0.00028576 -0.000191378
internal_weight=2321.61 978.554 898.766 723.909 1343.05 1268.47
internal_count=28459 19758 18873 14162 8701 8351
is_linear=0
shrinkage=0.03


Tree=178
num_leaves=7
num_cat=0
split_feature=23 25 23 23 20 0
split_gain=0.20392 0.139378 0.263967 0.149893 0.176997 0.160575
threshold=0.89400588103304024 0.77179187551235173 -0.73909960106455441 -0.3021662770987818 0.0035117194306609344 -0.31866345324828049
decision_type=2 2 2 2 2 2
left_child=1 3 -3 4 5 -1
right_child=-2 2 -4 -5 -6 -7
leaf_value=0.00052682471555160794 0.001997411689114127 6.8824239176217694e-05 0.0031017210017036285 9.0765588805635246e-06 0.00034532176108446791 -0.0015761020603350382
leaf_weight=35.053186199511401 35.353372528508771 92.350853983429261 26.11136484076269 1889.5990832177049 92.957199909258634 163.72060804988723
leaf_count=724 387 1477 326 22196 1335 2068
internal_value=5.27467e-06 -3.38643e-05 0.000926744 -9.00234e-05 -0.000710941 -0.00119779
internal_weight=2335.15 2299.79 118.462 2181.33 291.731 198.774
internal_count=28513 28126 1803 26323 4127 2792
is_linear=0
shrinkage=0.03


Tree=179
num_leaves=7
num_cat=0
split_feature=0 0 22 0 14 10
split_gain=0.119026 0.16993 0.244943 0.255917 0.21419 0.159336
threshold=0.13997435442498815 0.27500843015199516 0.039944972223639831 0.40629810526123383 0.25831483864018429 -0.071381563725995315
decision_type=2 2 2 2 2 2
left_child=5 -2 3 4 -3 -1
right_child=1 2 -4 -5 -6 -7
leaf_value=-0.00074340811173398869 0.00095352105438643441 -0.00067412797091531142 0.0016758825057557264 0.00080919933456839429 -0.0038262276788929872 5.2179240186825252e-05
leaf_weight=252.68516040078248 264.18416556721786 70.041419368237257 37.084350505145267 50.328536792949308 20.400582164525986 1640.0989982074534
leaf_count=3669 2628 857 373 538 91 20384
internal_value=4.67869e-05 0.000484224 -0.000226516 -0.000805594 -0.00169528 -5.73798e-05
internal_weight=2334.82 442.039 177.855 140.771 90.442 1892.78
internal_count=28540 4487 1859 1486 948 24053
is_linear=0
shrinkage=0.03


Tree=180
num_leaves=7
num_cat=0
split_feature=15 20 7 20 2 14
split_gain=0.199476 0.240255 0.174172 0.210184 0.203058 0.272319
threshold=1.5000000000000002 -0.05497232745473514 -0.10497029864169484 0.032911609014406977 -0.22171231835458413 0.41385917847164688
decision_type=2 2 2 2 2 2
left_child=2 -2 -1 4 -4 -6
right_child=1 -3 3 -5 5 -7
leaf_value=-0.00092372897288727374 -0.0022123339809480658 -0.00024125980729319612 -0.0010160417051767478 0.00068878175278148728 0.00019008985271809977 -0.001584020955472078
leaf_weight=143.00826644158224 68.473779195453972 201.7279189422261 161.9068511192454 448.57252847845666 1239.0963859240437 73.067977532744408
leaf_count=2985 1008 2527 2726 5047 13966 301
internal_value=-5.07188e-05 -0.000801893 5.09299e-05 0.000127831 -4.63626e-05 8.0065e-05
internal_weight=2335.85 270.202 2065.65 1922.64 1474.07 1312.16
internal_count=28560 3535 25025 22040 16993 14267
is_linear=0
shrinkage=0.03


Tree=181
num_leaves=7
num_cat=0
split_feature=10 12 10 14 5 13
split_gain=0.13696 0.315066 0.15312 0.132632 0.234454 0.1757
threshold=-0.12795175703621778 0.80615326108829388 -0.12119568930777867 0.41385917847164688 -0.013363780151972678 1.8688348091416842
decision_type=2 2 2 2 2 2
left_child=1 -1 -2 5 -5 -4
right_child=2 -3 3 4 -6 -7
leaf_value=-0.00057108053817073656 -0.0022925189126781218 0.0033310792607735397 0.0010458021790964013 0.00047414462036155235 -0.0021898212536445834 -5.4224829417244224e-05
leaf_weight=35.025930716452422 17.410103069036268 24.625159125775099 129.61399890680332 48.311646193265915 56.675398856401443 2032.6173951027449
leaf_count=751 229 155 1100 199 235 26010
internal_value=-2.39239e-05 0.00128678 -6.36047e-05 -3.64967e-05 -0.00102933 1.62267e-05
internal_weight=2344.28 59.6511 2284.63 2267.22 104.987 2162.23
internal_count=28679 906 27773 27544 434 27110
is_linear=0
shrinkage=0.03


Tree=182
num_leaves=7
num_cat=0
split_feature=20 7 12 0 12 3
split_gain=0.122256 0.179246 0.340062 0.25525 0.222961 0.20027
threshold=0.03687890102335966 0.10074457303660554 0.64445036247736109 0.17813265023863908 2.0377492597316498 -0.080688275682549174
decision_type=2 2 2 2 2 2
left_child=1 3 -3 4 -1 -5
right_child=-2 2 -4 5 -6 -7
leaf_value=-0.00024909284674563516 0.00035773460529459354 0.00061864228337328163 -0.0016286042342321747 0.0015976212623231266 0.0014027861999599894 -0.0010985309473163839
leaf_weight=1321.7941518892185 533.961151363299 85.22630265422049 168.31426792964339 121.73351060692221 67.939362362027168 23.064508755458519
leaf_count=17578 6535 1354 981 1382 302 221
internal_value=-3.65213e-05 -0.00015559 -0.000878394 -3.12524e-05 -0.000158893 0.00112494
internal_weight=2322.03 1788.07 253.541 1534.53 1389.73 144.798
internal_count=28353 21818 2335 19483 17880 1603
is_linear=0
shrinkage=0.03


Tree=183
num_leaves=7
num_cat=0
split_feature=25 25 1 10 20 22
split_gain=0.154602 0.161123 0.190683 0.178966 0.221428 0.592714
threshold=0.13840095410253042 0.076003576297050804 0.030964805032921167 -0.071381563725995315 -0.018275268047753448 -0.02301693608393655
decision_type=2 2 2 2 2 2
left_child=1 3 -3 -1 5 -5
right_child=-2 2 -4 4 -6 -7
leaf_value=-0.00069023287128885914 -0.00032339004262088594 0.0020967938269916431 -0.00033549244469738835 0.00033483873454212077 -1.84702834676012e-05 0.0034221136544401089
leaf_weight=199.89729192640516 681.25102225696901 71.841718313546153 41.14139811671339 384.76787189909373 906.64856712633627 56.095227248384617
leaf_count=2778 8318 802 389 4986 10537 689
internal_value=5.42022e-05 0.000210135 0.00125584 0.00012621 0.000251518 0.000794851
internal_weight=2341.64 1660.39 112.983 1547.41 1347.51 440.863
internal_count=28499 20181 1191 18990 16212 5675
is_linear=0
shrinkage=0.03


Tree=184
num_leaves=7
num_cat=0
split_feature=9 3 3 25 11 8
split_gain=0.192006 0.132834 0.174174 0.135563 0.150716 0.258665
threshold=0.20620103298965517 0.04197689840540559 0.023199759696673466 -0.21223249829241006 0.015603353886392649 0.0092825252355926025
decision_type=2 2 2 2 2 2
left_child=1 2 3 4 -1 -6
right_child=-2 -3 -4 -5 5 -7
leaf_value=-0.00010446060995489368 0.0015912275721196181 -0.0015443072379265569 0.0017771874055925528 -0.00021129846923624487 -0.00055573077603606835 0.0015983454743860859
leaf_weight=289.65918096009409 53.569120993663091 44.462657402851619 36.284901520586573 1689.6464416177623 67.511884503619513 147.49300406302791
leaf_count=3773 667 470 354 20527 1070 1660
internal_value=-3.52685e-05 -8.03625e-05 -4.44194e-05 -8.2467e-05 0.000344594 0.000927324
internal_weight=2328.63 2275.06 2230.6 2194.31 504.664 215.005
internal_count=28521 27854 27384 27030 6503 2730
is_linear=0
shrinkage=0.03


Tree=185
num_leaves=7
num_cat=0
split_feature=17 6 6 7 6 12
split_gain=0.11478 0.164421 0.222929 0.146305 0.118099 0.169735
threshold=1.5000000000000002 0.067718004237043952 -0.062069468454085668 0.08572661824605679 -0.11257961848191168 0.7308702060033806
decision_type=2 2 2 2 2 2
left_child=4 2 -2 -3 -1 -6
right_child=1 3 -4 -5 5 -7
leaf_value=-0.00034078417926359692 0.00021195637940594274 0.0015355784883970874 -0.0028427127588386563 -0.0013158428361290146 0.00053434977826665342 -5.0190230829209458e-05
leaf_weight=413.79238410601101 34.701431771798525 32.496541776723461 41.468990341119934 16.870810982538387 810.84442513115937 978.44184753671288
leaf_count=6577 617 451 615 185 14076 5928
internal_value=5.88589e-05 -0.000788989 -0.00158798 0.000503627 0.000110519 0.000216201
internal_weight=2328.62 125.538 76.1704 49.3674 2203.08 1789.29
internal_count=28449 1868 1232 636 26581 20004
is_linear=0
shrinkage=0.03


Tree=186
num_leaves=7
num_cat=0
split_feature=11 20 10 10 1 1
split_gain=0.159933 0.136159 0.125865 0.25137 0.176846 0.294374
threshold=0.12734043717877583 -1.0000000180025095e-35 -0.071381563725995315 -0.12795175703621778 -0.047918771146981141 0.016985949811564666
decision_type=2 2 2 2 2 2
left_child=2 -2 3 -1 -5 -6
right_child=1 -3 -4 4 5 -7
leaf_value=0.00099918457538726189 -0.00050735776563594706 0.0018937168478731716 -1.2252186503430003e-05 3.9029640033318542e-05 -0.002613384024067389 9.6931414207056035e-05
leaf_weight=55.991647813149029 25.926522794674383 57.114301425404847 1959.1167588172684 79.296175119874533 95.256610979413381 53.809502709831577
leaf_count=866 294 569 23580 1372 1230 530
internal_value=-4.91013e-05 0.00117011 -9.92219e-05 -0.000677646 -0.00111345 -0.00169043
internal_weight=2326.51 83.0408 2243.47 284.354 228.362 149.066
internal_count=28441 863 27578 3998 3132 1760
is_linear=0
shrinkage=0.03


Tree=187
num_leaves=7
num_cat=0
split_feature=25 0 2 22 24 10
split_gain=0.234465 0.249548 0.358948 0.134283 0.231009 0.285399
threshold=-0.22657850729932286 0.42313246652566022 -0.10667121742500639 -0.12222250240848485 1.0000000180025095e-35 -0.017772249221078795
decision_type=2 2 2 2 2 2
left_child=-1 3 -3 4 5 -2
right_child=1 2 -4 -5 -6 -7
leaf_value=0.00060188614891084301 -0.0016358876630022711 -0.0011296728963711303 0.0032506075860385371 -7.9927366921607093e-05 -0.0015478224327128741 0.0014669066456278817
leaf_weight=511.28654132407974 33.238767297822051 20.495108045812231 34.825497431273106 1532.5145656366367 144.39245236641727 60.304839395452291
leaf_count=6569 504 238 328 18133 1966 902
internal_value=4.05407e-05 -0.00011908 0.0017033 -0.00018527 -0.000833179 0.000312881
internal_weight=2337.06 1825.77 55.3206 1770.45 237.936 93.5436
internal_count=28640 22071 566 21505 3372 1406
is_linear=0
shrinkage=0.03


Tree=188
num_leaves=7
num_cat=0
split_feature=11 20 23 4 25 4
split_gain=0.183153 0.211238 0.135111 0.135082 0.154109 0.191545
threshold=0.12734043717877583 -0.001310291497256366 1.0000000180025095e-35 -0.059176521519506295 0.11639028703061623 -0.028380558066457801
decision_type=2 2 2 2 2 2
left_child=3 -2 -3 -1 5 -5
right_child=1 2 -4 4 -6 -7
leaf_value=-0.00019544997771902246 -0.00075307251221567236 0.0032419142400134989 0.00029424930636323606 0.0013761957737973432 -0.0005038208048065172 0.0001042056160518685
leaf_weight=1668.7591973268136 25.844781576655805 32.400546872755513 24.139046046882868 166.7019582662906 141.65444018968265 272.93845216691261
leaf_count=20759 303 348 220 1919 1599 3364
internal_value=-4.84505e-06 0.00130445 0.00221679 -5.83437e-05 0.000331905 0.000606396
internal_weight=2332.44 82.3844 56.5396 2250.05 581.295 439.64
internal_count=28512 871 568 27641 6882 5283
is_linear=0
shrinkage=0.03


Tree=189
num_leaves=7
num_cat=0
split_feature=16 24 23 7 25 8
split_gain=0.171197 0.259669 0.196468 0.234862 0.234544 0.330698
threshold=1.0000000180025095e-35 2.5000000000000004 -0.30827912751255176 -0.00049128895225150962 -0.053551787451440895 0.021321789951201309
decision_type=2 2 2 2 2 2
left_child=2 -2 -1 4 -4 -6
right_child=1 -3 3 -5 5 -7
leaf_value=-0.00052261180923949147 -0.0014941364569272227 0.00033914176808110409 0.00025110283298980778 3.10941221442273e-05 0.0025467844614837981 -2.5322542874398198e-05
leaf_weight=350.25248800145346 145.17631924978923 120.43101653188933 280.96884405458695 1243.4891774951247 114.32242121198215 70.192992550029885
leaf_count=5094 1969 1530 4231 13342 1479 858
internal_value=2.17312e-05 -0.000680751 0.000115192 0.000248189 0.000815284 0.00161731
internal_weight=2324.83 265.607 2059.23 1708.97 465.484 184.515
internal_count=28503 3499 25004 19910 6568 2337
is_linear=0
shrinkage=0.03


Tree=190
num_leaves=7
num_cat=0
split_feature=20 14 3 4 9 11
split_gain=0.178423 0.180838 0.129881 0.199019 0.115649 0.112098
threshold=-0.21358005361425533 0.253464541486012 -0.23563403307351424 -0.073708955457453831 -0.13812800880078427 0.1237091212798322
decision_type=2 2 2 2 2 2
left_child=1 2 3 -1 -5 -2
right_child=5 -3 -4 4 -6 -7
leaf_value=-0.002252582869645926 -1.0544983004682086e-05 -0.0030161656872336839 0.00085818972418200243 0.0018618081611667808 -0.0011098439850798373 0.0010474743041068843
leaf_weight=42.389162236300763 2109.6167931097152 23.094969525933266 37.588960442430107 17.115685871540339 12.116280460264532 84.140436416288139
leaf_count=881 25627 110 582 290 209 908
internal_value=-3.20169e-05 -0.00106147 -0.000429762 -0.00112805 0.000661159 3.46038e-05
internal_weight=2326.06 132.305 109.21 71.6211 29.232 2193.76
internal_count=28607 2072 1962 1380 499 26535
is_linear=0
shrinkage=0.03


Tree=191
num_leaves=7
num_cat=0
split_feature=8 25 10 25 3 24
split_gain=0.173239 0.181889 0.185575 0.152636 0.149519 0.137675
threshold=-0.22904671692901882 -0.21223249829241006 -0.074168205575605203 -0.19786035076977046 -0.13846033177655584 1.5000000000000002
decision_type=2 2 2 2 2 2
left_child=-1 2 4 -3 -2 -4
right_child=1 3 5 -5 -6 -7
leaf_value=-0.0017842917486437832 0.00037713914341733321 -0.0021222424563854436 0.0017869277624726879 -6.6526597313059833e-05 -0.0021796653337096527 0.00047196677537052439
leaf_weight=37.807375322969165 38.643589051847812 23.143528322456405 82.952289617853239 1754.9388687274331 28.768227720924187 372.94307221780764
leaf_count=1120 554 256 1350 20722 371 4218
internal_value=3.24485e-06 4.02031e-05 0.000526299 -0.000105003 -0.000854603 0.000744449
internal_weight=2339.2 2301.39 523.307 1778.08 67.4118 455.895
internal_count=28591 27471 6493 20978 925 5568
is_linear=0
shrinkage=0.03


Tree=192
num_leaves=7
num_cat=0
split_feature=17 24 0 7 10 14
split_gain=0.155333 0.342441 0.17903 0.138625 0.13559 0.133319
threshold=1.0000000180025095e-35 2.5000000000000004 0.46586906684600954 -0.054928429686671325 0.051218911190933449 0.41385917847164688
decision_type=2 2 2 2 2 2
left_child=2 3 5 -2 -5 -1
right_child=1 -3 -4 4 -6 -7
leaf_value=0.00012643015031777116 0.00074669948814223711 0.0005180819253864543 0.0019272016693464903 -0.002390796221153609 -0.00017223233174963032 -0.00095942294688156657
leaf_weight=1926.8144736466784 15.460262891778255 121.83064798664418 37.834815156937111 98.252781444229186 34.281752070528455 97.452624902129173
leaf_count=24202 297 1514 385 1286 441 402
internal_value=2.34165e-05 -0.000640138 0.000112913 -0.00156604 -0.00186928 6.96955e-05
internal_weight=2331.93 269.825 2062.1 147.995 132.535 2024.27
internal_count=28527 3538 24989 2024 1727 24604
is_linear=0
shrinkage=0.03


Tree=193
num_leaves=7
num_cat=0
split_feature=24 2 24 11 3 23
split_gain=0.155317 0.225621 0.207463 0.139632 0.127128 0.129633
threshold=7.5000000000000009 -0.2868854246054367 3.5000000000000004 -0.17568712271944514 -0.080688275682549174 0.020226354447905551
decision_type=2 2 2 2 2 2
left_child=1 2 4 -3 5 -1
right_child=-2 3 -4 -5 -6 -7
leaf_value=-0.0030716453678567459 0.00088297793597107231 0.0018683688446637777 0.00035654216910959889 -1.407682038115301e-05 0.0005151312821172825 0.00048237085374849614
leaf_weight=54.750855382299051 160.87482477334561 26.09148950711824 41.516056741093053 2031.3185321467317 10.364377657766452 7.8816359447664572
leaf_count=1436 2088 316 933 23392 208 153
internal_value=1.2023e-05 -5.62399e-05 -0.00129632 1.87176e-05 -0.00216605 -0.00261957
internal_weight=2332.8 2171.92 114.513 2057.41 72.9969 62.6325
internal_count=28526 26438 2730 23708 1797 1589
is_linear=0
shrinkage=0.03


Tree=194
num_leaves=7
num_cat=0
split_feature=14 23 22 21 25 1
split_gain=0.133995 0.134963 0.192813 0.146656 0.342176 0.211976
threshold=0.02868019551154518 -0.29687070269102706 0.079399527851815574 1.0000000180025095e-35 -0.075295864641598861 1.0000000180025095e-35
decision_type=2 2 2 2 2 2
left_child=-1 2 -2 4 -3 -6
right_child=1 3 -4 -5 5 -7
leaf_value=-0.001023508235287464 -0.00068996272917678711 -0.00028925475199042942 0.0010054954542650274 1.3326273408057491e-05 0.0015859149065924735 0.00021659704549717294
leaf_weight=87.557784116972471 323.83636016398668 261.50651133619249 64.465750323608518 1179.4984819330275 263.86990404874086 167.58256089314818
leaf_count=6573 3534 2454 707 11498 2552 1352
internal_value=6.56419e-05 0.000112146 -0.000390306 0.000217862 0.000560863 0.00107101
internal_weight=2348.32 2260.76 388.302 1872.46 692.959 431.452
internal_count=28670 22097 4241 17856 6358 3904
is_linear=0
shrinkage=0.03


Tree=195
num_leaves=7
num_cat=0
split_feature=24 3 2 24 3 9
split_gain=0.135386 0.15189 0.140463 0.212872 0.157871 0.230685
threshold=7.5000000000000009 -0.24368037027907169 -0.28192441706065169 3.5000000000000004 -0.19134971080748397 -0.075186457613378735
decision_type=2 2 2 2 2 2
left_child=2 -2 3 -1 -4 -6
right_child=1 -3 4 -5 5 -7
leaf_value=-0.0018674556801139407 -0.0011719034122797275 0.0011753280982582865 0.00045101545012947436 0.00061322143562042868 -0.0027557098918502853 -9.7352570740664798e-05
leaf_weight=77.576734296453651 21.344175793463364 140.98550968250493 518.7471409025311 42.14692237554118 19.989430595654994 1513.0739370285301
leaf_count=1870 349 1742 7042 953 272 16294
internal_value=7.13049e-06 0.000816604 -5.68464e-05 -0.00101422 3.66464e-06 -0.000149649
internal_weight=2333.86 162.33 2171.53 119.724 2051.81 1533.06
internal_count=28522 2091 26431 2823 23608 16566
is_linear=0
shrinkage=0.03


Tree=196
num_leaves=7
num_cat=0
split_feature=25 7 6 2 0 12
split_gain=0.137059 0.167195 0.145535 0.216676 0.20717 0.171433
threshold=-0.71295313963611839 -0.053323743319258786 0.33929199159742401 -0.061404001813750983 0.31722898019734486 1.1816921222539476
decision_type=2 2 2 2 2 2
left_child=1 -1 3 4 -2 -4
right_child=2 -3 5 -5 -6 -7
leaf_value=-0.0010563946084004448 0.00010692827497235844 0.0016642046803297325 0.0014829547851993256 -0.00062386404291824189 -0.0025644255423013778 -0.00052878419500776842
leaf_weight=19.218590195348952 1512.3493207786232 74.473722610564437 100.52784571360098 559.21133554482367 16.589787095435895 51.816630721092224
leaf_count=459 18916 863 1280 6607 176 254
internal_value=-8.35278e-06 0.00105808 -5.74521e-05 -0.000124165 6.14674e-05 0.000808282
internal_weight=2334.19 93.6923 2240.49 2088.15 1528.94 152.344
internal_count=28555 1322 27233 25699 19092 1534
is_linear=0
shrinkage=0.03


Tree=197
num_leaves=7
num_cat=0
split_feature=0 4 3 14 12 22
split_gain=0.151505 0.119035 0.193386 0.188343 0.131864 0.146369
threshold=0.46586906684600954 -0.20708680384658804 -0.16472431149546404 0.20138162981067523 1.7163290474512469 -0.02724351083611452
decision_type=2 2 2 2 2 2
left_child=1 2 3 -1 -3 -6
right_child=-2 4 -4 -5 5 -7
leaf_value=-0.00055150177116022035 0.0016433464359590809 0.00015003758984069075 -0.001432441530748643 0.0020386738658867559 -0.0016935137810619768 -9.5357909197264719e-05
leaf_weight=67.503924382472178 41.23492322594393 1845.766432350094 117.42812374173081 27.805283769965172 65.180870868265629 168.45786045491695
leaf_count=1411 433 23925 1538 142 303 775
internal_value=2.99098e-05 -6.12765e-06 -0.000665377 0.000325984 6.41798e-05 -0.000592423
internal_weight=2333.38 2292.14 212.737 95.3092 2079.41 233.639
internal_count=28527 28094 3091 1553 25003 1078
is_linear=0
shrinkage=0.03


Tree=198
num_leaves=7
num_cat=0
split_feature=5 10 8 2 7 11
split_gain=0.19459 0.135941 0.119823 0.191142 0.162696 0.186408
threshold=-0.17143440956543396 -0.15550802908845909 0.30369138395519463 -0.021640979111938085 0.16522034381811626 0.019151542974256638
decision_type=2 2 2 2 2 2
left_child=-1 -2 3 -3 5 -5
right_child=1 2 -4 4 -6 -7
leaf_value=-0.0010292716180032315 0.0021090199186952082 0.00017469309091326139 0.0019636963638216699 -9.1163450367066307e-05 0.0014988749824351656 -0.0014637744482501837
leaf_weight=136.76782181469025 19.882294296403416 1778.2899079783238 19.697969131637365 191.96634460167843 22.675772573333234 158.4195427049417
leaf_count=2068 297 21447 222 2377 230 1919
internal_value=2.85387e-05 9.89484e-05 7.0955e-05 4.46196e-05 -0.000563782 -0.000735157
internal_weight=2327.7 2190.93 2171.05 2151.35 373.062 350.386
internal_count=28560 26492 26195 25973 4526 4296
is_linear=0
shrinkage=0.03


Tree=199
num_leaves=7
num_cat=0
split_feature=23 1 18 1 1 3
split_gain=0.237742 0.156066 0.129495 0.145837 0.181447 0.166262
threshold=0.54077549956998283 0.036298225765251824 1.0000000180025095e-35 -0.10149645815904383 0.0049066969712198661 -0.052429155651936322
decision_type=2 2 2 2 2 2
left_child=2 -2 -1 -4 5 -5
right_child=1 -3 3 4 -6 -7
leaf_value=7.3781587555005612e-06 0.0027041088447349046 0.00049519040547414672 0.0010331129132541072 -0.0026475757234215315 0.00013928624792273895 0.00019864376054201706
leaf_weight=2040.8636837079684 33.668223929125816 102.91544830671046 23.99720565485768 65.590006808983162 56.570537994382903 22.689751490950584
leaf_count=25534 490 994 294 666 446 195
internal_value=1.69285e-05 0.00118702 -6.04177e-05 -0.000834461 -0.0011906 -0.00197026
internal_weight=2346.29 136.584 2209.71 168.848 144.85 88.2798
internal_count=28619 1484 27135 1601 1307 861
is_linear=0
shrinkage=0.03


Tree=200
num_leaves=7
num_cat=0
split_feature=11 14 14 0 23 10
split_gain=0.156155 0.148614 0.145352 0.16792 0.210129 0.219281
threshold=0.1237091212798322 0.028209123971929886 0.14617922832206576 -0.31866345324828049 -0.72783759002393744 -0.094170187722742216
decision_type=2 2 2 2 2 2
left_child=1 -1 -3 -4 -5 -6
right_child=-2 2 3 4 5 -7
leaf_value=-0.0012680746364445211 0.0011259617412163435 0.00022049498525574394 0.00099953498684836415 -0.0021580920926467929 0.0013069634337970757 -0.00038600538454170477
leaf_weight=81.94799378902826 89.795439305977197 1032.4260546881706 77.708344548940659 46.197945766150951 64.418884135782719 957.64263612031937
leaf_count=6284 956 14837 477 272 376 5441
internal_value=-3.56957e-05 -8.66004e-05 -3.65636e-05 -0.000268057 -0.00036868 -0.000267671
internal_weight=2350.14 2260.34 2178.39 1145.97 1068.26 1022.06
internal_count=28643 27687 21403 6566 6089 5817
is_linear=0
shrinkage=0.03


Tree=201
num_leaves=7
num_cat=0
split_feature=3 20 4 25 25 3
split_gain=0.132474 0.231777 0.221976 0.293512 0.193613 0.180017
threshold=-0.052429155651936322 -0.019217703289600999 -0.098142807770362897 -0.29730715003724256 -0.74981261703203972 -0.074877772157788611
decision_type=2 2 2 2 2 2
left_child=4 -2 3 -3 -1 -6
right_child=1 2 -4 -5 5 -7
leaf_value=0.0013357227504957082 0.0023923172346690586 -0.0013127294245451897 -0.00047720695518975036 0.0014692336868726307 -0.00010562996635796132 -0.0014788400079101152
leaf_weight=69.870138940314064 39.944082959555089 34.663020466919988 198.70221531449351 155.67482783837477 1756.9978889068443 80.483806188043673
leaf_count=990 395 407 2061 1637 22014 942
internal_value=-3.87929e-06 0.000466241 0.000213488 0.000922365 -0.000111495 -0.000173457
internal_weight=2336.34 428.984 389.04 190.338 1907.35 1837.48
internal_count=28446 4500 4105 2044 23946 22956
is_linear=0
shrinkage=0.03


Tree=202
num_leaves=7
num_cat=0
split_feature=10 22 10 24 7 12
split_gain=0.140353 0.187044 0.130651 0.125607 0.1161 0.30796
threshold=-0.13167212107272711 -0.035383519816827143 -0.12119568930777867 1.5000000000000002 0.080038217529307953 0.37737664950448851
decision_type=2 2 2 2 2 2
left_child=1 -1 -2 -3 -4 -6
right_child=2 3 4 -5 5 -7
leaf_value=-0.0010191560387833821 -0.0018663430367671708 0.0037300622434038909 0.00013916547509803672 0.00043668379935276328 0.00097739358862360408 -0.00080551286205157952
leaf_weight=14.397933308384379 23.17170949652791 17.335695827903692 1802.7674111517845 21.745488194515929 105.08386225186405 357.82945973426104
leaf_count=236 335 241 23175 308 2064 2260
internal_value=4.14555e-05 0.00143293 2.85173e-06 0.0023599 3.00857e-05 -0.000388674
internal_weight=2342.33 53.4791 2288.85 39.0812 2265.68 462.913
internal_count=28619 785 27834 549 27499 4324
is_linear=0
shrinkage=0.03


Tree=203
num_leaves=7
num_cat=0
split_feature=12 4 8 4 8 8
split_gain=0.143104 0.21482 0.213059 0.204033 0.177171 0.277274
threshold=1.0259299102469412 0.012971952935846886 -0.22904671692901882 0.031691538920906211 0.037462113669980729 0.06608838159381282
decision_type=2 2 2 2 2 2
left_child=2 4 -1 -4 -2 -6
right_child=1 -3 3 -5 5 -7
leaf_value=-0.0019667783547857253 -7.0049696164804223e-05 0.0013878586852023899 0.00024999519089877626 -0.0016410218074295964 -0.0021855707978001688 -0.00040930270788045494
leaf_weight=32.768626420205692 439.19546112790704 49.576069712638855 1402.2167646799935 43.388422763906419 105.7554494291544 269.99797260761261
leaf_count=1112 2493 266 22060 589 585 1467
internal_value=-5.74011e-05 -0.000361772 0.000121824 0.000182354 -0.000483741 -0.000952929
internal_weight=2342.9 864.525 1478.37 1445.61 814.949 375.753
internal_count=28572 4811 23761 22649 4545 2052
is_linear=0
shrinkage=0.03


Tree=204
num_leaves=7
num_cat=0
split_feature=17 0 7 6 25 25
split_gain=0.0977981 0.144298 0.205387 0.146046 0.0986458 0.127506
threshold=1.5000000000000002 0.036553793917006645 0.060906213588784418 -0.19846664801224331 0.14287663807061465 0.77179187551235173
decision_type=2 2 2 2 2 2
left_child=4 3 -3 -2 -1 -6
right_child=1 2 -4 -5 5 -7
leaf_value=0.00021808051440545795 0.00084070366697194343 0.0025040100049113184 -0.0011343667025928848 -0.0019088822017096416 -0.00041596787747832838 0.00066447916918182972
leaf_weight=1577.9665557979024 15.935565548483281 16.862291047378676 20.410574574023485 70.778772805118933 528.0903198227752 110.89384366077138
leaf_count=18995 317 243 230 1089 6056 1684
internal_value=4.38895e-05 -0.000743551 0.00069314 -0.00136891 9.10697e-05 -0.00022111
internal_weight=2340.94 123.987 37.2729 86.7143 2216.95 638.984
internal_count=28614 1879 473 1406 26735 7740
is_linear=0
shrinkage=0.03


Tree=205
num_leaves=7
num_cat=0
split_feature=7 2 2 0 0 13
split_gain=0.145896 0.133674 0.26227 0.343993 0.162818 0.225594
threshold=-0.10497029864169484 -0.019326247118881885 0.082216118246992195 1.0000000180025095e-35 0.13655568528558773 2.3502401828962087
decision_type=2 2 2 2 2 2
left_child=-1 4 -3 -4 -2 -6
right_child=1 2 3 -5 5 -7
leaf_value=-0.00080509206597850866 6.9019928152718512e-05 -0.00083383120607540559 0.0025341579001324629 -0.00082594865610751084 0.00011862722271587848 0.001603322841233412
leaf_weight=159.99617819106788 1428.0662789800117 290.28021512014675 45.995818841387518 46.479742830590112 212.65875714941649 154.87368202971993
leaf_count=3369 17005 3524 556 487 1865 1751
internal_value=4.17406e-05 0.000107334 -0.000394979 0.000929518 0.000216003 0.000770157
internal_weight=2338.35 2178.35 382.756 92.4756 1795.6 367.532
internal_count=28557 25188 4567 1043 20621 3616
is_linear=0
shrinkage=0.03


Tree=206
num_leaves=7
num_cat=0
split_feature=2 24 13 21 3 20
split_gain=0.143781 0.170015 0.285205 0.165804 0.144789 0.247387
threshold=-0.1945278056739301 3.5000000000000004 2.1383330595080281 1.0000000180025095e-35 -0.34230796455845103 -0.079005029170635718
decision_type=2 2 2 2 2 2
left_child=1 2 -1 -3 5 -2
right_child=4 3 -4 -5 -6 -7
leaf_value=0.00069433116251787423 -0.0023625913524232783 -0.00093865779148449076 -0.0015714141761801067 0.00095552178087469615 0.00015757091452198657 0.00099642743434876857
leaf_weight=61.117091542138951 42.664048452075804 57.438412457151571 181.50436578463996 99.620300270733424 1862.9067894622276 24.396106790751219
leaf_count=851 657 924 3470 1827 20455 358
internal_value=-2.19932e-06 -0.000512866 -0.000995774 0.000248074 0.000105654 -0.00116987
internal_weight=2329.65 399.68 242.621 157.059 1929.97 67.0602
internal_count=28542 7072 4321 2751 21470 1015
is_linear=0
shrinkage=0.03


Tree=207
num_leaves=7
num_cat=0
split_feature=6 9 9 24 22 5
split_gain=0.122575 0.250032 0.161336 0.270172 0.153753 0.169189
threshold=0.074773325052908665 0.12779494713558437 0.096223229731466756 1.5000000000000002 -0.19324261454079775 0.0048284939513521695
decision_type=2 2 2 2 2 2
left_child=4 2 -2 -4 -1 -6
right_child=1 -3 3 -5 5 -7
leaf_value=-0.0013300522799428358 0.00019348365413816322 0.0015961119661532725 -0.0032776188358865999 0.00031352841060177885 -0.00027044427552798465 0.00060276484148602376
leaf_weight=89.924936550029088 787.25769204230164 99.252296740538441 23.31465472234413 39.854644064325839 1053.6164150010591 236.08824674156494
leaf_count=1422 8486 948 231 343 14326 2704
internal_value=-1.58798e-05 0.00024495 7.05399e-05 -0.0012787 -0.000195895 -0.00010719
internal_weight=2329.31 949.679 850.427 63.1693 1379.63 1289.7
internal_count=28460 10008 9060 574 18452 17030
is_linear=0
shrinkage=0.03


Tree=208
num_leaves=7
num_cat=0
split_feature=5 14 8 22 11 11
split_gain=0.144708 0.267991 0.216963 0.249316 0.334016 0.187287
threshold=1.0000000180025095e-35 0.28104463578201971 -0.023016913048984077 -0.0035199663493918321 0.076031306666184642 0.11376216354355202
decision_type=2 2 2 2 2 2
left_child=-1 2 -2 -4 -5 -6
right_child=1 -3 3 4 5 -7
leaf_value=-9.3015976316598858e-05 -0.00056004196404846524 -0.00089614473899891824 -9.7648451436567772e-05 0.0027797866939236228 -0.00072964340309012213 0.0015180393453665948
leaf_weight=1844.0439503120288 77.446389660646673 94.37575563788414 100.55189772450831 111.29463764920365 54.940380961168557 60.386531736818142
leaf_count=23278 1134 412 1224 1220 629 658
internal_value=3.01223e-05 0.000478069 0.000812481 0.00114435 0.00167626 0.000474489
internal_weight=2343.04 498.996 404.62 327.173 226.622 115.327
internal_count=28555 5277 4865 3731 2507 1287
is_linear=0
shrinkage=0.03


Tree=209
num_leaves=7
num_cat=0
split_feature=17 0 7 23 7 6
split_gain=0.141248 0.164929 0.166657 0.141385 0.226805 0.293949
threshold=1.5000000000000002 0.036553793917006645 0.066256001583410551 -0.30827912751255176 -0.0074594567862268663 -0.11876986193816148
decision_type=2 2 2 2 2 2
left_child=3 -2 -3 -1 5 -5
right_child=1 2 -4 4 -6 -7
leaf_value=-0.00040712872041202879 -0.0015600371781731282 0.0022209255185149913 -0.0010200269680168516 5.0965611041964766e-05 4.1294519591354217e-05 0.0016010848813861555
leaf_weight=370.01345574733568 85.758677340927534 17.978426571324235 20.540457168128341 222.52738840453094 1397.9154281921219 209.24341012455989
leaf_count=5375 1388 254 224 3537 15080 2612
internal_value=6.3369e-05 -0.000881764 0.000638636 0.000120515 0.000228853 0.000821417
internal_weight=2323.98 124.278 38.5189 2199.7 1829.69 431.771
internal_count=28470 1866 478 26604 21229 6149
is_linear=0
shrinkage=0.03


Tree=210
num_leaves=7
num_cat=0
split_feature=25 14 14 20 4 22
split_gain=0.148493 0.181099 0.164845 0.136036 0.512657 0.31672
threshold=0.14287663807061465 0.028209123971929886 0.37533345012189662 -0.018275268047753448 -0.18349966293922571 -0.024390030626419836
decision_type=2 2 2 2 2 2
left_child=1 -1 -2 4 -3 -6
right_child=2 3 -4 -5 5 -7
leaf_value=-0.0012845233297827216 -0.00017388569568776332 -0.0015075444487722568 -0.0019172791991404962 8.4176441093831127e-05 0.00070004336285837238 0.0029321197686566322
leaf_weight=59.967052064966992 623.02102818989079 73.680422423407435 43.265556111931801 1087.5334470812231 382.79730699956417 60.014796020463109
leaf_count=4551 8056 828 180 10379 3870 614
internal_value=6.17144e-05 0.00021304 -0.00031377 0.000276638 0.000672593 0.00106063
internal_weight=2330.28 1663.99 666.287 1604.03 516.493 442.812
internal_count=28478 20242 8236 15691 5312 4484
is_linear=0
shrinkage=0.03


Tree=211
num_leaves=7
num_cat=0
split_feature=9 22 0 5 5 20
split_gain=0.138932 0.116163 0.144337 0.128186 0.143147 0.116964
threshold=0.20620103298965517 -0.15505850892022116 -1.0000000180025095e-35 -0.013363780151972678 -0.055238726881255723 -0.14434343697651508
decision_type=2 2 2 2 2 2
left_child=1 2 -1 4 -4 -3
right_child=-2 5 3 -5 -6 -7
leaf_value=-0.0017163717794053165 0.0013716250143815858 0.0012407363137234989 -0.00019771064766032961 -0.00075896211352715303 0.0026774462735741802 -1.762220457051649e-05
leaf_weight=70.073058121546637 53.899219390877988 58.758891514968127 36.266877149872016 94.02148542003124 15.779165930347515 1998.6545734008541
leaf_count=1161 671 808 469 1339 203 23779
internal_value=-8.10631e-06 -4.66789e-05 -0.000692086 -0.000122213 0.000965007 2.41436e-05
internal_weight=2327.45 2273.55 216.141 146.068 52.046 2057.41
internal_count=28430 27759 3172 2011 672 24587
is_linear=0
shrinkage=0.03


Tree=212
num_leaves=7
num_cat=0
split_feature=10 20 0 20 24 12
split_gain=0.0888298 0.213515 0.236957 0.205335 0.346061 0.262902
threshold=0.045748957564831487 0.14510636433766835 0.0056137771858125194 -0.018275268047753448 1.5000000000000002 -0.02771623794774802
decision_type=2 2 2 2 2 2
left_child=1 -1 -3 4 5 -2
right_child=3 2 -4 -5 -6 -7
leaf_value=-0.00024678833521122733 -0.00076431866360393054 5.7188575508851114e-05 0.0025192214450188879 -0.00011627587119395004 -0.00016149045980028473 0.002922197167568032
leaf_weight=1576.1114665798668 17.214622294530272 101.57197810790967 44.219697426189668 406.98846081680676 106.23722867641482 78.439706563949585
leaf_count=19525 629 1412 446 4576 1270 646
internal_value=-3.33568e-05 -0.000143462 0.000917713 0.000275305 0.00103292 0.0022492
internal_weight=2330.78 1721.9 145.792 608.88 201.892 95.6543
internal_count=28504 21383 1858 7121 2545 1275
is_linear=0
shrinkage=0.03


Tree=213
num_leaves=7
num_cat=0
split_feature=24 14 10 14 10 23
split_gain=0.156742 0.19381 0.135544 0.241177 0.162131 0.120345
threshold=7.5000000000000009 0.24879713213509791 -0.13636765782435836 0.16702009763111125 -0.079735478629532952 -0.4410995359880327
decision_type=2 2 2 2 2 2
left_child=2 5 3 -1 -4 -2
right_child=1 -3 4 -5 -6 -7
leaf_value=-0.00046970181013314914 -0.0004173740093920178 -0.001252155405621797 -0.00093956493243536703 0.0034341289376385231 -3.434866476614353e-05 0.0016917794614074175
leaf_weight=26.008998796256492 26.102844558714423 24.554994985461235 186.14105049864156 16.779350161552429 1943.2886632204463 112.08767329220427
leaf_count=541 465 116 2615 91 23219 1523
internal_value=-1.19921e-05 0.00085796 -8.0803e-05 0.00142172 -0.000117499 0.0012921
internal_weight=2334.96 162.746 2172.22 42.7883 2129.43 138.191
internal_count=28570 2104 26466 632 25834 1988
is_linear=0
shrinkage=0.03


Tree=214
num_leaves=7
num_cat=0
split_feature=2 20 5 11 7 5
split_gain=0.106809 0.106927 0.155731 0.232077 0.183808 0.199949
threshold=0.1555543735748954 0.028345673326884206 -0.011440871593532123 0.054699957174976881 0.098574123627725094 0.060130363097879953
decision_type=2 2 2 2 2 2
left_child=1 2 3 -1 -4 -6
right_child=-2 -3 4 -5 5 -7
leaf_value=4.0057006569304711e-05 0.0015888595101667463 0.00031844491870183051 -0.00022447965094739896 0.0024136381191143682 -0.001820764325685392 0.00092617885290087617
leaf_weight=772.96834558216506 27.053810687764781 570.22225220978726 792.75811289972626 28.962481598136947 122.09834582876647 22.603364928159863
leaf_count=9276 311 6993 10299 318 1155 188
internal_value=-9.15317e-06 -3.46406e-05 -0.000151551 0.000154452 -0.000412182 -0.00135954
internal_weight=2336.67 2309.61 1739.39 801.931 937.46 144.702
internal_count=28540 28229 21236 9594 11642 1343
is_linear=0
shrinkage=0.03


Tree=215
num_leaves=7
num_cat=0
split_feature=23 10 7 1 2 1
split_gain=0.108021 0.154173 0.220634 0.211225 0.16068 0.251506
threshold=0.34456282204118988 0.10070142947268897 0.10990221429269595 0.00092874170595972424 0.045092583946012975 0.012738294985186945
decision_type=2 2 2 2 2 2
left_child=1 4 3 -3 -1 -6
right_child=-2 2 -4 -5 5 -7
leaf_value=-0.00012261140947289882 0.00050253505946675284 -0.0011657416904782539 -0.0031440264642598036 0.0012965180505513931 0.0018971240735163731 -0.00071480227319746894
leaf_weight=1805.3662612491171 272.23910252854694 87.568984438607004 24.722235573572107 36.729094298963901 78.786728849634528 46.190253696870059
leaf_count=22471 2914 1158 239 387 925 456
internal_value=-4.86101e-05 -0.000122828 -0.00102077 -0.0003958 -4.86049e-05 0.000950344
internal_weight=2351.6 2079.36 149.02 124.298 1930.34 124.977
internal_count=28550 25636 1784 1545 23852 1381
is_linear=0
shrinkage=0.03


Tree=216
num_leaves=7
num_cat=0
split_feature=14 13 1 1 2 11
split_gain=0.106339 0.153069 0.189988 0.189496 0.172647 0.19943
threshold=0.2442724207889182 1.8688348091416842 -0.036080756680005162 -0.098771090048690738 -0.1794399252893982 0.0025408093865052156
decision_type=2 2 2 2 2 2
left_child=-1 -2 3 -3 -4 -6
right_child=1 2 4 -5 5 -7
leaf_value=0.00012315232242511554 -0.0015149396957708685 0.00030054420339824023 -0.0013554114929104672 -0.0020214701409924786 0.0012674849269920603 -0.0002510178827912318
leaf_weight=1811.5439702683361 76.253739356994629 48.63794980943203 43.107882469892502 69.693178132176399 143.08444510400295 152.78536002337933
leaf_count=26144 346 238 202 334 661 692
internal_value=1.33205e-05 -0.000354984 -0.000133289 -0.001118 0.000232643 0.000500769
internal_weight=2345.11 533.563 457.309 118.331 338.978 295.87
internal_count=28617 2473 2127 572 1555 1353
is_linear=0
shrinkage=0.03


Tree=217
num_leaves=7
num_cat=0
split_feature=8 2 23 2 11 4
split_gain=0.137851 0.235995 0.152862 0.170923 0.407838 0.260507
threshold=0.20005708872711428 -0.021640979111938085 -0.30827912751255176 -0.12572700109751672 0.07092886589450377 -0.16666392047883299
decision_type=2 2 2 2 2 2
left_child=1 2 -1 4 -4 -5
right_child=-2 -3 3 5 -6 -7
leaf_value=-0.0004411864038014191 0.0010558765657668744 -0.00078120301754310841 0.00014011066601643754 -0.00050509364481917643 -0.0021680209598006163 0.00081233339154880059
leaf_weight=362.54311882826732 103.07749756728299 303.54849090031348 698.8560923243931 163.58018952523707 66.332574128144188 634.30397163226735
leaf_count=5397 1094 3740 9183 1804 865 6456
internal_value=3.39986e-05 -1.77579e-05 0.000106004 0.000234918 -8.53629e-05 0.000539329
internal_weight=2332.24 2229.16 1925.62 1563.07 765.189 797.884
internal_count=28539 27445 23705 18308 10048 8260
is_linear=0
shrinkage=0.03


Tree=218
num_leaves=7
num_cat=0
split_feature=14 15 0 2 0 13
split_gain=0.196111 0.115594 0.156527 0.19197 0.149957 0.177294
threshold=0.41385917847164688 1.5000000000000002 0.42313246652566022 -0.094969957927450235 -0.32742499781603651 2.4414009612931857
decision_type=2 2 2 2 2 2
left_child=1 2 -1 -4 -3 -6
right_child=-2 4 3 -5 5 -7
leaf_value=0.00011807548946068857 -0.0011602853126729809 0.0014398707748891947 -0.00054902057470542669 0.0028761475251180475 -0.0012895770034620001 0.00037262416594035179
leaf_weight=1906.3011206561496 109.78643083572388 23.067713149474002 18.887732305563986 30.167805251374375 158.08708829659736 82.337531450408278
leaf_count=24042 453 433 214 309 1829 1272
internal_value=2.23248e-05 8.57824e-05 0.000165841 0.00168771 -0.000492668 -0.000728179
internal_weight=2328.64 2218.85 1955.36 49.0555 263.492 240.425
internal_count=28552 28099 24565 523 3534 3101
is_linear=0
shrinkage=0.03


Tree=219
num_leaves=7
num_cat=0
split_feature=8 10 20 20 7 12
split_gain=0.132349 0.102059 0.149525 0.211509 0.144478 0.288179
threshold=0.30369138395519463 0.02927230449311723 -0.21683126106898479 -0.30331820631889944 -0.0053885025339599291 1.0111131108080695
decision_type=2 2 2 2 2 2
left_child=1 4 3 -3 -1 -6
right_child=-2 2 -4 -5 5 -7
leaf_value=0.00014738882573215667 0.0019558144307559228 0.0011237991790927118 0.00028085190302810616 -0.002557581226780882 -3.2372098776968309e-05 -0.0010853121878821954
leaf_weight=544.61740657041082 18.651126719312742 14.679042277508414 758.85713088946068 29.46857100984198 575.84103943343507 384.73544142395258
leaf_count=8339 221 239 8696 432 8378 2117
internal_value=-7.14082e-05 -9.6155e-05 0.000175553 -0.00135204 -0.00024131 -0.000460939
internal_weight=2326.85 2308.2 803.005 44.1476 1505.19 960.576
internal_count=28422 28201 9367 671 18834 10495
is_linear=0
shrinkage=0.03


Tree=220
num_leaves=7
num_cat=0
split_feature=14 12 12 3 4 20
split_gain=0.104153 0.118921 0.0959513 0.132457 0.102483 0.232521
threshold=0.028209123971929886 -0.78174994413603227 2.1262134057663959 -0.13846033177655584 -0.15208251890815602 0.094942053530039747
decision_type=2 2 2 2 2 2
left_child=-1 -2 4 -4 5 -3
right_child=1 2 3 -5 -6 -7
leaf_value=-0.0010087704997899761 0.0018149144279137391 -0.00060108074755281483 0.0018380875514623731 -0.00022217858602600755 7.6884594121689269e-05 0.0010037763088347911
leaf_weight=84.049510339449625 22.390698036178946 554.74468604661524 47.834857285022736 50.868728131055832 1484.8901135548949 85.638082874938846
leaf_count=6405 636 5725 210 220 14353 887
internal_value=-3.06912e-05 1.0213e-05 -1.59993e-05 0.00085353 -6.01909e-05 -0.00037433
internal_weight=2330.42 2246.37 2223.98 98.7036 2125.27 640.383
internal_count=28436 22031 21395 430 20965 6612
is_linear=0
shrinkage=0.03


Tree=221
num_leaves=7
num_cat=0
split_feature=23 6 1 2 24 8
split_gain=0.13201 0.126784 0.192069 0.186397 0.192074 0.174431
threshold=0.68732619444284715 -0.11876986193816148 -0.094230451644423507 -0.2868854246054367 3.5000000000000004 0.10480763203882446
decision_type=2 2 2 2 2 2
left_child=1 -1 5 4 -4 -3
right_child=-2 2 3 -5 -6 -7
leaf_value=-0.00047348086368047726 0.0011898902348129166 0.0014418069277199524 -0.0024100233960749643 7.4618664878141864e-05 0.0008022879723638581 -0.001344067512625415
leaf_weight=411.2287993736827 76.573704626061954 135.97561966453213 43.954239809449064 1618.1290032695688 18.433013673027745 15.453180575976146
leaf_count=6750 827 2056 897 17397 309 184
internal_value=4.03892e-05 -3.95736e-06 0.000103438 8.44079e-06 -0.00148119 0.00109186
internal_weight=2319.75 2243.17 1831.95 1680.52 62.3873 151.429
internal_count=28420 27593 20843 18603 1206 2240
is_linear=0
shrinkage=0.03


Tree=222
num_leaves=7
num_cat=0
split_feature=25 7 18 24 6 1
split_gain=0.106882 0.132967 0.128557 0.240151 0.18339 0.188999
threshold=-0.76783977110787516 -0.041254289369598518 1.0000000180025095e-35 1.0000000180025095e-35 0.47458193080532401 0.11492154404148751
decision_type=2 2 2 2 2 2
left_child=1 -1 4 -4 5 -2
right_child=2 -3 3 -5 -6 -7
leaf_value=-0.00097158461000229894 -1.6892934234557994e-05 0.0016092606078979027 -0.0027343064707791875 -0.00020735058747121864 0.0015916865803535434 -0.0014154409356548364
leaf_weight=16.838257264113054 1949.6599353880883 58.333273796684807 36.179208781104535 133.94067049515434 50.873576939920895 81.039383359602652
leaf_count=388 24555 673 394 1244 499 752
internal_value=-5.87529e-05 0.000984958 -9.77975e-05 -0.000866724 -3.11123e-05 -7.93675e-05
internal_weight=2326.86 75.1715 2251.69 170.12 2081.57 2030.7
internal_count=28505 1061 27444 1638 25806 25307
is_linear=0
shrinkage=0.03


Tree=223
num_leaves=7
num_cat=0
split_feature=9 20 2 7 14 21
split_gain=0.108262 0.136059 0.107434 0.200074 0.241582 0.197551
threshold=0.20620103298965517 0.11907951196083312 -0.16218321162984431 0.039266070499804927 0.26325530413933823 1.0000000180025095e-35
decision_type=2 2 2 2 2 2
left_child=2 -2 3 4 -1 -4
right_child=1 -3 5 -5 -6 -7
leaf_value=-0.00035632044816301059 -0.000544715172079242 0.0021815309124293535 0.00043383465616447098 -0.0012420694198543875 0.0017020958723467502 -0.00023890217231085152
leaf_weight=374.88896687526722 22.021833013626747 31.080298627726734 612.17319322250842 187.39981795888161 49.229876756668091 1055.8800408568059
leaf_count=7081 263 398 6294 2232 232 12006
internal_value=-8.28364e-05 0.00114378 -0.000116281 -0.000452944 -8.36842e-05 9.10533e-06
internal_weight=2332.67 53.1021 2279.57 611.519 424.119 1668.05
internal_count=28506 661 27845 9545 7313 18300
is_linear=0
shrinkage=0.03


Tree=224
num_leaves=7
num_cat=0
split_feature=10 24 10 3 10 24
split_gain=0.142501 0.190489 0.205245 0.12544 0.20861 0.192699
threshold=-0.072786483350620185 1.5000000000000002 -0.13636765782435836 -0.012580816010003699 0.016112105891073109 2.5000000000000004
decision_type=2 2 2 2 2 2
left_child=1 2 -1 -2 5 -5
right_child=3 -3 -4 4 -6 -7
leaf_value=0.00079168398472194499 0.0001526809245228935 7.5236019240987929e-06 -0.0021156002287945354 -0.002120620667133128 0.0003509647460157695 0.00030403742938128059
leaf_weight=22.129873161786236 1813.7807332611119 172.76112802795251 91.897016592411092 83.630512864678167 113.24729621619917 39.759971870458685
leaf_count=329 21960 2381 1345 916 1203 405
internal_value=-2.15045e-05 -0.000636015 -0.00153303 6.71155e-05 -0.000568325 -0.0013751
internal_weight=2337.21 286.788 114.027 2050.42 236.638 123.39
internal_count=28539 4055 1674 24484 2524 1321
is_linear=0
shrinkage=0.03


Tree=225
num_leaves=7
num_cat=0
split_feature=14 9 23 9 3 12
split_gain=0.123432 0.100955 0.107369 0.160685 0.135419 0.121028
threshold=0.549338805063598 0.20620103298965517 0.54077549956998283 -0.04299696915812292 -0.10754645174923365 0.029515766898130517
decision_type=2 2 2 2 2 2
left_child=1 2 5 -4 -5 -1
right_child=-2 -3 3 4 -6 -7
leaf_value=-0.0005007178339318123 -0.0017334691995135852 0.0012347973152617275 -0.00085140475721340834 0.002130037021702974 -4.9342180795583673e-05 7.7962454510259747e-05
leaf_weight=389.14970272990467 25.169433861970901 53.736544750980102 32.042248636367731 63.178679720615037 38.832378433202393 1748.2389003708959
leaf_count=12348 109 662 407 662 391 14092
internal_value=3.07669e-05 5.72058e-05 2.40567e-05 0.000816842 0.00137008 -2.92377e-05
internal_weight=2350.35 2325.18 2271.44 134.053 102.011 2137.39
internal_count=28671 28562 27900 1460 1053 26440
is_linear=0
shrinkage=0.03


Tree=226
num_leaves=7
num_cat=0
split_feature=14 13 8 10 8 6
split_gain=0.106901 0.334398 0.255609 0.263485 0.208381 0.191425
threshold=0.2277947556113353 2.249904835165133 0.011814888758949394 0.024560815508443416 -0.028981528147918784 -0.30116867829556909
decision_type=2 2 2 2 2 2
left_child=5 -2 4 -4 -3 -1
right_child=1 2 3 -5 -6 -7
leaf_value=-0.0010149322014143176 -0.00090125631920451982 0.00014814955049751902 -0.001296085287815805 0.0011180120918584072 0.0026784316964762554 0.00022906050719082081
leaf_weight=109.68238495712285 354.85894098877907 55.611697375774384 88.974738270044327 59.57034994661808 54.956354379653931 1612.8312129086989
leaf_count=2579 1665 274 429 283 268 23079
internal_value=2.32807e-05 -0.000313522 0.000494968 -0.000318516 0.00152363 0.000144447
internal_weight=2336.49 613.972 259.113 148.545 110.568 1722.51
internal_count=28577 2919 1254 712 542 25658
is_linear=0
shrinkage=0.03


Tree=227
num_leaves=7
num_cat=0
split_feature=8 1 20 4 0 12
split_gain=0.124089 0.23475 0.118863 0.147026 0.159365 0.145909
threshold=0.23216899988254566 0.019859606863010738 0.14510636433766835 -0.096399514928788246 0.0056137771858125194 2.1262134057663959
decision_type=2 2 2 2 2 2
left_child=2 -2 5 4 -4 -1
right_child=1 -3 3 -5 -6 -7
leaf_value=-0.00018057221585700991 0.002798277857633715 -0.00055109389760012509 0.00036178789439213102 -0.00028411535598715196 0.002675247021284171 0.00097073323332993523
leaf_weight=1989.8064904524508 28.797917139832862 31.289653530431679 70.214664947823621 84.925038794812281 37.47970472171437 94.361701816320419
leaf_count=25035 350 325 1037 1002 388 411
internal_value=-1.91396e-05 0.00122437 -5.7168e-05 0.000637012 0.00132581 -0.00012406
internal_weight=2336.88 60.0876 2276.79 192.619 107.694 2084.17
internal_count=28548 675 27873 2427 1425 25446
is_linear=0
shrinkage=0.03


Tree=228
num_leaves=7
num_cat=0
split_feature=25 25 22 8 2 2
split_gain=0.148863 0.103937 0.132743 0.126949 0.124943 0.301419
threshold=0.89907671907406439 0.52363122432130071 0.072397321417493027 0.30369138395519463 -0.034696892541522736 -0.045359798096494645
decision_type=2 2 2 2 2 2
left_child=1 3 -3 4 5 -1
right_child=-2 2 -4 -5 -6 -7
leaf_value=1.9116736509437047e-05 0.0011898097502924657 -0.0011462459978116928 0.00095344165934003826 0.0020591101170512761 -0.00047742321374163045 0.0021102517144610485
leaf_weight=1620.5010520681826 81.051504982198821 131.28632399433991 25.484388212673366 16.860140913166106 412.96166818286292 54.514733187621459
leaf_count=19502 1276 1711 359 195 4977 600
internal_value=3.85025e-07 -4.72917e-05 -0.00076822 9.78253e-06 -1.65014e-05 9.92941e-05
internal_weight=2342.66 2261.61 156.771 2104.84 2087.98 1675.02
internal_count=28620 27344 2070 25274 25079 20102
is_linear=0
shrinkage=0.03


Tree=229
num_leaves=7
num_cat=0
split_feature=25 8 25 8 12 25
split_gain=0.114649 0.116466 0.103578 0.122349 0.137621 0.105192
threshold=-0.71295313963611839 0.010189652035721837 0.77179187551235173 0.077359522931717536 1.0999111470803922 0.43601895176144784
decision_type=2 2 2 2 2 2
left_child=1 -1 5 4 -4 -2
right_child=2 -3 3 -5 -6 -7
leaf_value=-0.00025481405614139049 -3.1127289980741068e-05 0.0017572107685144792 0.0008743070027802018 0.002239505880806192 -0.0014157568558594378 -0.00076960991864310525
leaf_weight=39.43821229643072 1934.1358760990843 54.647947464865865 65.01507873085211 26.988078496535309 24.572732388973236 180.82907425725716
leaf_count=650 23104 653 1310 318 142 2287
internal_value=-2.95529e-06 0.000970374 -4.81388e-05 0.000785889 0.000167085 -9.7592e-05
internal_weight=2325.63 94.0862 2231.54 116.576 89.5878 2114.96
internal_count=28464 1303 27161 1770 1452 25391
is_linear=0
shrinkage=0.03


Tree=230
num_leaves=7
num_cat=0
split_feature=9 3 5 2 0 5
split_gain=0.0832558 0.151252 0.217018 0.173811 0.173795 0.161114
threshold=0.016937871378546496 -0.19357455455693137 0.03032396965359847 -0.2868854246054367 0.05644494195434558 -0.0097136708014106208
decision_type=2 2 2 2 2 2
left_child=1 3 -3 -1 -4 -5
right_child=-2 2 4 5 -6 -7
leaf_value=-0.0011931031710025848 0.00023650612777430013 -0.00065005766753919417 0.00185009421131193 0.0010287211535623824 -0.00066116220030811783 -2.6365214685669005e-05
leaf_weight=59.322611924144439 1107.2997965918039 561.65902951173484 52.587899757665582 210.37504838153836 34.322401792625897 317.34509836453071
leaf_count=1554 11897 7055 630 2786 334 4382
internal_value=4.86593e-05 -0.000120228 -0.000432942 0.000226726 0.000892467 0.000405553
internal_weight=2342.91 1235.61 648.569 587.043 86.9103 527.72
internal_count=28638 16741 8019 8722 964 7168
is_linear=0
shrinkage=0.03


Tree=231
num_leaves=7
num_cat=0
split_feature=12 9 14 5 13 2
split_gain=0.0902582 0.16409 0.129935 0.167251 0.152195 0.102446
threshold=2.1262134057663959 0.03235617641596443 0.34198608790104729 -0.017559999649694864 1.7005986908310777 0.10996922307793948
decision_type=2 2 2 2 2 2
left_child=2 -2 4 -4 -1 -6
right_child=1 -3 3 -5 5 -7
leaf_value=0.0017835991531711011 0.0018151891709003137 -0.00044678353146150623 0.00022025502879918015 -0.0018225654558736972 -9.5440660802992573e-05 0.0011801397838560584
leaf_weight=31.091039816616103 52.469637736678123 47.70564928650856 59.84824775159359 73.928418502211571 2022.7278275739227 48.314351432665717
leaf_count=265 232 206 253 313 26714 595
internal_value=-4.34188e-05 0.000795208 -8.43651e-05 -0.000956905 -2.45704e-05 -6.01553e-05
internal_weight=2336.09 100.175 2235.91 133.777 2102.13 2071.04
internal_count=28578 438 28140 566 27574 27309
is_linear=0
shrinkage=0.03


Tree=232
num_leaves=7
num_cat=0
split_feature=4 1 1 7 25 4
split_gain=0.0893925 0.182951 0.218944 0.109096 0.105377 0.140043
threshold=-0.20708680384658804 -0.028565848912986497 0.016985949811564666 -0.12969588399116319 -0.74981261703203972 -0.18263968502227992
decision_type=2 2 2 2 2 2
left_child=1 -1 -3 -2 -5 -6
right_child=3 2 -4 4 5 -7
leaf_value=0.00033039276427793878 -0.0010055153836467385 -0.0023410041992931651 0.00015502812811583259 0.0011175694460907636 0.00089319092415409774 -8.7137819444908375e-05
leaf_weight=93.515344555838965 86.889195004332578 71.069722074316815 49.93447298463434 66.446966824500123 131.17720795684727 1836.6694610153208
leaf_count=1636 1927 1010 489 813 1598 21166
internal_value=-8.23198e-05 -0.000651579 -0.00137777 -2.19621e-05 2.47608e-05 -1.76033e-05
internal_weight=2335.7 214.52 121.004 2121.18 2034.29 1967.85
internal_count=28639 3135 1499 25504 23577 22764
is_linear=0
shrinkage=0.03


Tree=233
num_leaves=7
num_cat=0
split_feature=18 1 1 0 0 20
split_gain=0.107087 0.133289 0.198116 0.129504 0.165718 0.209187
threshold=1.0000000180025095e-35 -0.11149825600827125 1.0000000180025095e-35 0.40629810526123383 0.27500843015199516 0.045427054443057335
decision_type=2 2 2 2 2 2
left_child=3 -2 -3 4 -1 -6
right_child=1 2 -4 -5 5 -7
leaf_value=0.00013924335889479869 0.0011986767603847327 -0.0017989946394192469 0.00027811885345140801 0.001357601137567968 -0.0016966193468200515 0.0011738351463966774
leaf_weight=1986.2676594544755 22.188631471479312 88.857627921388485 66.962281495332718 63.513266778085381 82.415054827462882 22.492149098718073
leaf_count=25090 269 901 529 652 910 235
internal_value=6.02981e-05 -0.000626865 -0.000943431 0.000119701 7.58215e-05 -0.0010326
internal_weight=2332.7 178.009 155.82 2154.69 2091.17 104.907
internal_count=28586 1699 1430 26887 26235 1145
is_linear=0
shrinkage=0.03


Tree=234
num_leaves=7
num_cat=0
split_feature=24 9 2 24 8 9
split_gain=0.126142 0.145076 0.13433 0.184492 0.14195 0.292797
threshold=7.5000000000000009 -0.083935546915888892 -0.2868854246054367 3.5000000000000004 0.041646812470044793 0.13616515716286648
decision_type=2 2 2 2 2 2
left_child=2 -2 3 -1 5 -4
right_child=1 -3 4 -5 -6 -7
leaf_value=-0.0018572882479329037 -0.0010797565236765822 0.0011508399088512116 0.00033904803468924599 0.00053449063299870216 -0.00030425974642332579 -0.0013009765797955366
leaf_weight=71.455332442186773 23.604091459303163 138.536107351596 1133.4953942684806 39.396546688658418 834.7349161215534 97.330633391800802
leaf_count=1812 373 1730 13664 902 9092 1052
internal_value=3.48895e-07 0.000782252 -6.12133e-05 -0.00103336 -4.31382e-06 0.000199919
internal_weight=2338.55 162.14 2176.41 110.852 2065.56 1230.83
internal_count=28625 2103 26522 2714 23808 14716
is_linear=0
shrinkage=0.03


Tree=235
num_leaves=7
num_cat=0
split_feature=5 7 12 2 2 24
split_gain=0.111438 0.2658 0.289049 0.192958 0.208459 0.160239
threshold=1.0000000180025095e-35 0.081556182558951265 0.37737664950448851 -0.17267390338435781 -0.030785707475686205 2.5000000000000004
decision_type=2 2 2 2 2 2
left_child=-1 3 -3 -2 5 -5
right_child=1 2 -4 4 -6 -7
leaf_value=-0.00010790463267329284 -0.00073802684727014892 0.0015533572544961798 -0.0015154224051687217 0.0022489734549598454 -0.00014674923062864005 0.00060858940791299048
leaf_weight=1828.0363303890626 55.828914104553405 28.260687880334444 97.180116720497608 121.23185133008519 89.490338305535261 107.5439365307102
leaf_count=23204 812 484 603 1245 1012 1106
internal_value=9.2662e-07 0.000393493 -0.000760411 0.000790141 0.00107252 0.00153564
internal_weight=2327.57 499.536 125.441 374.095 318.266 228.776
internal_count=28466 5262 1087 4175 3363 2351
is_linear=0
shrinkage=0.03


Tree=236
num_leaves=7
num_cat=0
split_feature=9 20 4 13 2 9
split_gain=0.113774 0.206069 0.366105 0.221777 0.149713 0.143543
threshold=0.016937871378546496 -0.062626851803718978 -0.099630410757952884 2.249904835165133 -0.097609619665919439 -0.014608898682809927
decision_type=2 2 2 2 2 2
left_child=5 2 4 -4 -2 -1
right_child=1 -3 3 -5 -6 -7
leaf_value=6.733398318114529e-05 0.00087567593890591289 0.00010538093942591064 0.0043885128625158016 0.0007740060734040523 -0.0015062835632052422 -0.00063126706057599314
leaf_weight=845.29537614919536 47.962537329178303 963.41379117185716 29.286394394002855 33.59080483217258 30.289616971393116 374.31699996051611
leaf_count=12104 535 10350 233 424 313 4534
internal_value=4.87458e-05 0.000268089 0.00129834 0.00282871 -0.000112532 -0.000150467
internal_weight=2324.16 1104.54 141.129 62.8772 78.2522 1219.61
internal_count=28493 11855 1505 657 848 16638
is_linear=0
shrinkage=0.03


Tree=237
num_leaves=7
num_cat=0
split_feature=10 0 14 14 8 12
split_gain=0.130711 0.128148 0.0920709 0.0876244 0.204378 0.085501
threshold=-0.15550802908845909 0.40629810526123383 0.12083973189849929 0.41385917847164688 0.04272373492806876 2.1262134057663959
decision_type=2 2 2 2 2 2
left_child=-1 3 -3 5 -5 -2
right_child=1 2 -4 4 -6 -7
leaf_value=0.0019093860499547694 -3.5167415719287083e-05 -0.00017263209383039008 0.0019732865239967478 0.00036562978576964138 -0.0020986269570605104 0.001185123005494415
leaf_weight=22.435620017640758 2101.6475983253185 25.985669758170843 39.28214094042778 57.287159562110901 48.837078705430031 42.972345963120461
leaf_count=342 26929 459 207 236 201 199
internal_value=1.8144e-05 -8.30685e-06 0.00120949 -4.88146e-05 -0.000851458 -5.32922e-06
internal_weight=2338.45 2316.01 65.2678 2250.74 106.124 2144.62
internal_count=28573 28231 666 27565 437 27128
is_linear=0
shrinkage=0.03


Tree=238
num_leaves=7
num_cat=0
split_feature=8 21 23 24 13 12
split_gain=0.104666 0.253473 0.122247 0.210554 0.26884 0.190834
threshold=0.20005708872711428 1.0000000180025095e-35 -0.29108432140184476 2.5000000000000004 2.1383330595080281 0.66630601835243575
decision_type=2 2 2 2 2 2
left_child=2 -2 3 -1 5 -5
right_child=1 -3 -4 4 -6 -7
leaf_value=0.00051898029345750422 0.002515546082424434 -0.0003050355866922956 4.7335608421216898e-05 -0.00070700992372049981 -0.0003691996058094258 -0.0038198729799927642
leaf_weight=116.38775784568861 38.73037303192541 65.138619216362713 1836.6820732691267 39.783439162245486 211.62652304684161 32.988954912871122
leaf_count=1711 389 737 21641 619 3365 179
internal_value=-1.2148e-05 0.000875247 -5.70542e-05 -0.000524947 -0.000955283 -0.00240913
internal_weight=2341.34 103.869 2237.47 400.787 284.399 72.7724
internal_count=28641 1126 27515 5874 4163 798
is_linear=0
shrinkage=0.03


Tree=239
num_leaves=7
num_cat=0
split_feature=9 10 4 12 1 1
split_gain=0.114428 0.11437 0.164564 0.187903 0.179308 0.228762
threshold=0.20620103298965517 -0.071381563725995315 -0.2757664739332531 1.845192716743622 -0.0072560689412522637 0.016985949811564666
decision_type=2 2 2 2 2 2
left_child=1 2 -1 4 -4 -6
right_child=-2 -3 3 -5 5 -7
leaf_value=0.0016294884070584186 0.001224989292967881 3.0620186330792275e-05 -0.0001756617847005458 0.0015777825005952591 -0.0027906531086347741 -0.00027427914979113679
leaf_weight=18.215801214799285 54.986893462133594 1981.5206370114611 121.97715995225008 18.565959401428699 71.721053475223016 57.980854702589568
leaf_count=313 665 23659 2021 86 1043 614
internal_value=-1.63801e-05 -5.16913e-05 -0.000599194 -0.000802203 -0.00103136 -0.00176591
internal_weight=2324.97 2269.98 288.461 270.245 251.679 129.702
internal_count=28401 27736 4077 3764 3678 1657
is_linear=0
shrinkage=0.03


Tree=240
num_leaves=7
num_cat=0
split_feature=5 7 7 8 23 5
split_gain=0.20189 0.153907 0.268591 0.1521 0.147974 0.128463
threshold=-0.17382369966204117 -0.044178069626222179 0.056831514384916258 0.30369138395519463 -0.55112693640365829 -0.085662836169463755
decision_type=2 2 2 2 2 2
left_child=1 4 -3 5 -1 -2
right_child=3 2 -4 -5 -6 -7
leaf_value=-0.0015652739491873542 0.00052482739691390155 -0.0027417867659202968 0.00042692424562495643 0.0022090395037904103 0.001508912637423288 -7.3786906601834852e-05
leaf_weight=13.088839559582992 383.08008373860503 61.548797063180245 32.659894830314443 19.32141555310227 27.084287483652588 1791.5785109210556
leaf_count=323 4611 833 343 216 493 21619
internal_value=-8.55469e-06 -0.00109531 -0.00170772 6.26768e-05 0.000394964 3.35825e-05
internal_weight=2328.36 134.382 94.2087 2193.98 40.1731 2174.66
internal_count=28438 1992 1176 26446 816 26230
is_linear=0
shrinkage=0.03


Tree=241
num_leaves=7
num_cat=0
split_feature=23 12 8 8 9 6
split_gain=0.0933762 0.116318 0.141954 0.101898 0.21533 0.236338
threshold=0.57784389018357951 0.2337478372343407 0.040533582640862091 0.041646812470044793 0.13616515716286648 0.0708330586237962
decision_type=2 2 2 2 2 2
left_child=3 -2 -3 -1 -5 -6
right_child=1 2 -4 4 5 -7
leaf_value=7.2384041639552283e-05 0.0020679504249205404 -0.0010246033182585721 0.0011341760902868045 -0.00051156718487626034 -0.00053170201719256194 0.0023749365798855513
leaf_weight=1376.7825195779733 30.822952076268848 42.157543193548918 47.917350087314844 747.13840073297615 42.881468067294918 42.180379605502822
leaf_count=18120 705 304 328 8276 459 387
internal_value=-4.03742e-05 0.000738496 0.000122385 -8.61378e-05 -0.00034614 0.00100785
internal_weight=2329.88 120.898 90.0749 2208.98 832.2 85.0618
internal_count=28579 1337 632 27242 9122 846
is_linear=0
shrinkage=0.03


Tree=242
num_leaves=7
num_cat=0
split_feature=24 10 14 8 20 10
split_gain=0.118512 0.12336 0.140448 0.121138 0.183321 0.116924
threshold=7.5000000000000009 -0.13636765782435836 0.15789183885710947 -0.11414010600639508 -0.046564305608116884 -0.0031665556055632742
decision_type=2 2 2 2 2 2
left_child=1 2 -1 4 -3 -5
right_child=-2 3 -4 5 -6 -7
leaf_value=-0.00015245358236263195 0.00076928708012082828 -0.0023327735407518762 0.002894487005743236 -0.00027700380488830369 -0.00016112698449273773 0.00018726416980761282
leaf_weight=25.489223159675021 162.42525371501688 42.368120144645218 17.077645719051361 864.41324003538466 110.40858555180603 1095.4530367401458
leaf_count=540 2087 983 95 10224 2311 12139
internal_value=1.23911e-05 -4.79412e-05 0.00138805 -8.32774e-05 -0.000869682 -1.78713e-05
internal_weight=2317.64 2155.21 42.5669 2112.64 152.777 1959.87
internal_count=28379 26292 635 25657 3294 22363
is_linear=0
shrinkage=0.03


Tree=243
num_leaves=7
num_cat=0
split_feature=8 12 3 25 14 6
split_gain=0.126333 0.211776 0.199258 0.272402 0.360115 0.276577
threshold=0.041646812470044793 1.797408188821852 -0.038566759424590112 -0.04893848737835562 0.13161067903979992 -0.010013323863677188
decision_type=2 2 2 2 2 2
left_child=1 -1 3 -2 -5 -6
right_child=2 -3 -4 4 5 -7
leaf_value=5.2229758251280636e-05 0.00026521458867738326 0.0013289878897789838 0.00077730047944849347 8.8028529975100811e-05 -0.0034315117101130464 -0.001043869080684566
leaf_weight=1324.6466733791167 284.02369531753357 118.350232206285 126.50312865327578 200.07479862432228 49.146824859082699 238.13383579999208
leaf_count=18326 3062 542 1278 3767 310 1370
internal_value=-8.13406e-06 0.000165371 -0.000285727 -0.000467776 -0.000891696 -0.00155403
internal_weight=2340.88 1443 897.882 771.379 487.355 287.281
internal_count=28655 18868 9787 8509 5447 1680
is_linear=0
shrinkage=0.03


Tree=244
num_leaves=7
num_cat=0
split_feature=2 2 0 0 3 7
split_gain=0.10779 0.159897 0.163262 0.126514 0.221506 0.168436
threshold=-0.021640979111938085 0.017768769961749316 0.12361960041353583 0.10945914921270454 -0.16100865314587473 0.094913420675156027
decision_type=2 2 2 2 2 2
left_child=-1 2 -2 4 -3 -5
right_child=1 3 -4 5 -6 -7
leaf_value=8.5776469831915655e-05 -0.0015487451863488023 0.0018268533757508909 0.00076064306899030877 -0.0023055046361841751 -0.00036270049745094733 0.00030041195683281556
leaf_weight=1937.6522757040948 136.34377760317875 60.258412619412411 27.504278565582354 29.942722147097811 95.44781709840754 46.103160668862984
leaf_count=23711 1918 748 297 323 1047 433
internal_value=-6.90807e-06 -0.0004518 -0.00113963 6.15166e-05 0.000543769 -0.000874348
internal_weight=2333.25 395.6 163.848 231.752 155.706 76.0459
internal_count=28477 4766 2215 2551 1795 756
is_linear=0
shrinkage=0.03


Tree=245
num_leaves=7
num_cat=0
split_feature=11 20 1 2 8 8
split_gain=0.146959 0.19087 0.218712 0.222952 0.183714 0.187137
threshold=0.035786324715780631 -0.003647539369785797 -0.024604083684933286 -0.092770967642018184 -0.023016913048984077 0.040533582640862091
decision_type=2 2 2 2 2 2
left_child=-1 2 -2 -4 -3 -6
right_child=1 4 3 -5 5 -7
leaf_value=-0.00013617348925531257 0.0010611130267510732 -0.00051589984602874348 -0.0021333658367639111 5.996088385888135e-05 0.0019602780661431242 0.00051072311517969991
leaf_weight=1665.8402226861945 63.740767235925887 78.649485739646479 64.159047211956931 94.119077633426059 118.76130528945941 240.69748827192234
leaf_count=20637 977 1251 749 1067 1283 2482
internal_value=1.4036e-05 0.000389467 -0.000317724 -0.00090306 0.000746942 0.00102974
internal_weight=2325.97 660.127 222.019 158.278 438.108 359.459
internal_count=28446 7809 2793 1816 5016 3765
is_linear=0
shrinkage=0.03


Tree=246
num_leaves=7
num_cat=0
split_feature=14 4 14 9 20 7
split_gain=0.155174 0.148428 0.13453 0.330365 0.233236 0.193484
threshold=0.549338805063598 -0.059176521519506295 0.10891123758241884 -0.093342887719774573 -0.062626851803718978 0.0080595910928660652
decision_type=2 2 2 2 2 2
left_child=1 2 3 -1 -4 -6
right_child=-2 -3 4 -5 5 -7
leaf_value=-0.0014286644244464544 -0.0019658062398577691 0.00041547648389672495 0.00047011772320834758 0.00051395851949386732 -2.6608934872625287e-05 -0.00093131106461762504
leaf_weight=82.695980657328619 26.243510127067566 598.29362210232648 250.28591324388981 521.24353150694515 365.04984959959984 501.99277858436108
leaf_count=2425 113 7105 1677 11641 2548 3064
internal_value=-1.79767e-05 1.2405e-05 -0.000129289 0.000229022 -0.000323277 -0.000555052
internal_weight=2345.81 2319.56 1721.27 603.94 1117.33 867.043
internal_count=28573 28460 21355 14066 7289 5612
is_linear=0
shrinkage=0.03


Tree=247
num_leaves=7
num_cat=0
split_feature=5 22 23 14 8 14
split_gain=0.115607 0.280027 0.356692 0.43156 0.434356 0.27344
threshold=-0.010697928979270485 0.083270585625279628 -0.30827912751255176 0.28755456020217163 0.011814888758949394 0.41385917847164688
decision_type=2 2 2 2 2 2
left_child=1 2 -1 -4 -5 -2
right_child=5 -3 3 4 -6 -7
leaf_value=-0.00076996500933894352 -0.00010377101082188712 -0.00090704295821845038 0.00035743054141383466 0.0037728825154459498 0.00033942284572704312 -0.0021127229555616333
leaf_weight=175.10286417164025 1194.3339521436865 160.1831334750168 616.39696438639658 64.774852812290192 63.486325472593307 54.346181109547615
leaf_count=2577 15290 1963 7888 287 278 224
internal_value=-1.14827e-05 0.000214751 0.000417774 0.000703568 0.00222087 -0.000207297
internal_weight=2328.62 1079.94 919.761 744.658 128.261 1248.68
internal_count=28507 12993 11030 8453 565 15514
is_linear=0
shrinkage=0.03


Tree=248
num_leaves=7
num_cat=0
split_feature=2 10 0 2 2 11
split_gain=0.13333 0.206362 0.172341 0.147372 0.25561 0.236078
threshold=-0.18852685767890603 -0.010315416068503036 0.19805349863534863 -0.034696892541522736 -0.045359798096494645 0.00038197314084473266
decision_type=2 2 2 2 2 2
left_child=1 2 -1 4 -2 -6
right_child=3 -3 -4 -5 5 -7
leaf_value=-6.2026184362390052e-05 0.00020995474793525674 -0.0010071105997561021 0.0024329970585626713 -0.00031437438164922304 -0.00020484590391358251 0.0034684019154019021
leaf_weight=177.44035895165871 1372.3443835707731 236.97463590968982 18.901014691451564 457.90794378626742 23.398737218871247 32.295960558694787
leaf_count=3390 14745 3862 252 5503 269 356
internal_value=3.99046e-05 -0.00042868 0.000284431 0.00014926 0.000299079 0.00212891
internal_weight=2319.26 433.316 196.341 1885.95 1428.04 55.6947
internal_count=28377 7504 3642 20873 15370 625
is_linear=0
shrinkage=0.03


Tree=249
num_leaves=7
num_cat=0
split_feature=0 14 7 20 5 14
split_gain=0.0874515 0.183263 0.243056 0.264736 0.28505 0.251191
threshold=-0.084840280120375242 0.1343478740169374 0.091574273898432354 0.057367432125314068 -0.024306895568600391 0.25831483864018429
decision_type=2 2 2 2 2 2
left_child=-1 -2 3 5 -5 -3
right_child=1 2 -4 4 -6 -7
leaf_value=-0.00030542930635030864 0.00045676679815364718 -0.00010214767834634544 -0.0010191711703795396 -0.0026241050452247071 7.772413168217824e-05 0.0011577419901230097
leaf_weight=664.91187982136034 719.90874536320916 380.1698949187994 222.29458689689636 50.903470642864704 81.778771378099918 216.37015827000141
leaf_count=9838 13245 2561 1195 291 473 984
internal_value=-1.70257e-05 9.88386e-05 -0.000173901 9.40713e-05 -0.0010701 0.000366379
internal_weight=2336.34 1671.43 951.517 729.222 132.682 596.54
internal_count=28587 18749 5504 4309 764 3545
is_linear=0
shrinkage=0.03


Tree=250
num_leaves=7
num_cat=0
split_feature=8 10 12 20 3 3
split_gain=0.12985 0.117993 0.183956 0.132967 0.307888 0.234054
threshold=-0.27447596777398325 -0.13167212107272711 0.96134063633779931 -0.013307430777077993 -0.048089337773658695 -0.074877772157788611
decision_type=2 2 2 2 2 2
left_child=-1 2 -2 4 5 -3
right_child=1 3 -4 -5 -6 -7
leaf_value=-0.0019155357926656652 -0.00010326692334851345 0.00027431364014124799 0.0032322279675654334 -0.00016357211224421619 0.0026314463444618063 -0.0023874939789624047
leaf_weight=21.260976447141729 33.108822461043019 677.24760300404159 16.17740810662508 1523.4729466035351 38.718129656510428 21.114548450568691
leaf_count=683 662 8828 94 17617 387 229
internal_value=5.0743e-06 3.09336e-05 0.00135208 -3.69895e-06 0.00032451 0.000161267
internal_weight=2331.1 2309.84 49.2862 2260.55 737.08 698.362
internal_count=28500 27817 756 27061 9444 9057
is_linear=0
shrinkage=0.03


Tree=251
num_leaves=7
num_cat=0
split_feature=0 8 5 22 23 10
split_gain=0.124909 0.191304 0.211257 0.17918 0.20276 0.176257
threshold=0.0077839355500756722 0.22164239001758915 0.066015842305408509 0.013786453090246481 0.48447040189574847 0.0098123137927584123
decision_type=2 2 2 2 2 2
left_child=1 2 -1 -2 -5 -4
right_child=3 -3 5 4 -6 -7
leaf_value=-0.00013096908467897679 3.0191174597937432e-05 0.0018136230914749067 -0.00024861093568477957 0.00058852606631402602 0.0030624744228227099 -0.0032454739777671529
leaf_weight=1364.9574107678054 638.91581418164424 33.077910051273648 37.256825065007433 203.11756789055653 26.770640448667109 27.014042077935301
leaf_count=18515 6540 387 437 2019 276 311
internal_value=1.01659e-05 -0.000158816 -0.000216751 0.000293155 0.000992272 -0.00177562
internal_weight=2331.11 1462.31 1429.23 868.804 229.888 64.2709
internal_count=28485 19650 19263 8835 2295 748
is_linear=0
shrinkage=0.03


Tree=252
num_leaves=7
num_cat=0
split_feature=12 7 7 6 25 25
split_gain=0.0852815 0.0775086 0.139008 0.101063 0.0912334 0.176561
threshold=-1.2976756097991466 -0.10750770994707606 -0.089966522223603837 -0.28842218269135272 0.82747612791619707 0.22534314256262181
decision_type=2 2 2 2 2 2
left_child=-1 -2 3 -3 5 -4
right_child=1 2 4 -5 -6 -7
leaf_value=-0.0012973451994126625 -0.00053822405838232774 -0.0002766631804197402 0.0001995580582909479 0.0022707558532885858 0.0011120499033487894 -0.00051898403472973244
leaf_weight=29.910583899385529 148.97048867819831 17.281453914940357 1654.695666693151 36.141103660222143 68.182808890007436 367.71271187346429
leaf_count=3651 2414 248 17303 458 735 3647
internal_value=7.84466e-05 0.000101948 0.000148721 0.00153301 0.000106218 6.70026e-05
internal_weight=2322.89 2292.98 2144.01 53.4226 2090.59 2022.41
internal_count=28456 24805 22391 706 21685 20950
is_linear=0
shrinkage=0.03


Tree=253
num_leaves=7
num_cat=0
split_feature=10 14 14 4 1 14
split_gain=0.139472 0.174135 0.118387 0.107234 0.18934 0.11524
threshold=-0.13167212107272711 0.15789183885710947 0.083200240774694859 -0.20708680384658804 -0.028565848912986497 0.2239656392350555
decision_type=2 2 2 2 2 2
left_child=1 2 -1 4 5 -2
right_child=3 -3 -4 -5 -6 -7
leaf_value=0.0013556292847069116 -0.0003910915691999331 0.002962583874405649 -0.0015325540515836527 -2.9895542103685717e-05 -0.0016396499519446171 0.0019502723865225803
leaf_weight=14.78196864880738 55.33790651516756 20.655908413231373 16.477147240191698 2111.6166039346717 92.014045070565771 16.980246141552925
leaf_count=512 1157 117 166 25387 1122 86
internal_value=-5.12392e-05 0.00135408 -0.000169235 -8.90783e-05 -0.000804221 0.000328794
internal_weight=2327.86 51.915 31.2591 2275.95 164.332 72.3182
internal_count=28547 795 678 27752 2365 1243
is_linear=0
shrinkage=0.03


Tree=254
num_leaves=7
num_cat=0
split_feature=17 8 6 0 8 8
split_gain=0.0989033 0.160092 0.192812 0.127063 0.120433 0.348721
threshold=1.5000000000000002 -0.040561123258089297 -0.10024831316860948 0.0030620053191872114 -0.0037734653077427026 0.0032411575472963976
decision_type=2 2 2 2 2 2
left_child=4 -2 -3 -4 -1 -6
right_child=1 2 3 -5 5 -7
leaf_value=-0.00011559798420426752 0.0010788001753961034 0.0010233175396855952 -0.0028663827946929306 -0.00040318432140634659 0.0021265774661546571 0.00020302751732912487
leaf_weight=877.23504135437543 27.346739518019604 19.975258345715702 40.1657108560903 36.259951744228601 81.288776834728196 1250.692684918904
leaf_count=12203 535 316 585 427 861 13565
internal_value=0.000109282 -0.000683986 -0.00123844 -0.0018796 0.000156598 0.000335391
internal_weight=2332.96 123.748 96.4009 76.4257 2209.22 1331.98
internal_count=28492 1863 1328 1012 26629 14426
is_linear=0
shrinkage=0.03


Tree=255
num_leaves=7
num_cat=0
split_feature=2 21 20 12 5 2
split_gain=0.121246 0.206943 0.254203 0.219893 0.212575 0.238452
threshold=-0.12572700109751672 1.0000000180025095e-35 -1.0000000180025095e-35 1.7540568401324106 0.051183199679590043 -0.059160457440644701
decision_type=2 2 2 2 2 2
left_child=-1 2 -2 4 -4 -6
right_child=1 -3 3 -5 5 -7
leaf_value=-0.00021087508290315747 0.0029611427895830742 -6.0721683843503407e-05 -6.006916892308482e-05 0.002099051721106685 0.0036861569008321401 -3.7207358480031681e-05
leaf_weight=987.62406183840358 31.795144103467464 841.15127005748218 350.60026931727771 56.078073620796204 21.292116248048842 30.244124721153639
leaf_count=13678 391 9591 3948 254 207 305
internal_value=3.97609e-05 0.0002259 0.00070929 0.00049313 0.000223686 0.00185013
internal_weight=2318.79 1331.16 490.01 458.215 402.137 51.5362
internal_count=28374 14696 5105 4714 4460 512
is_linear=0
shrinkage=0.03


Tree=256
num_leaves=7
num_cat=0
split_feature=5 11 8 7 10 4
split_gain=0.14305 0.476192 0.221248 0.194827 0.372832 0.241317
threshold=-0.011440871593532123 0.029119628003744003 -0.0064160169160059682 0.082851968726798952 0.050267501686341261 -0.18091774967921878
decision_type=2 2 2 2 2 2
left_child=1 -1 -3 -2 5 -5
right_child=3 2 -4 4 -6 -7
leaf_value=6.6994606131935255e-05 1.7247065178047176e-05 -0.00030000718033669537 0.0026686788790032841 0.00032800660242057771 0.00067578349659535599 -0.0022649401915001981
leaf_weight=959.25974397259415 1007.4205525744619 26.722030557983089 90.463997064623982 39.000915347598493 84.473490208067233 129.79904273839202
leaf_count=11598 13191 386 930 385 843 1219
internal_value=4.382e-05 0.000296402 0.00202136 -0.000172483 -0.000899142 -0.00168101
internal_weight=2337.14 1076.45 117.186 1260.69 253.273 168.8
internal_count=28552 12914 1316 15638 2447 1604
is_linear=0
shrinkage=0.03


Tree=257
num_leaves=7
num_cat=0
split_feature=17 10 7 6 12 10
split_gain=0.152498 0.151299 0.198699 0.209684 0.230251 0.193053
threshold=1.5000000000000002 0.050267501686341261 0.082851968726798952 0.25800267363092039 0.37737664950448851 0.055035597328676751
decision_type=2 2 2 2 2 2
left_child=1 2 -1 4 -4 -3
right_child=-2 5 3 -5 -6 -7
leaf_value=8.5720646292242948e-05 -0.00097240281648636791 0.0021636174578038348 0.00054464155571875878 0.00012849695676071259 -0.002064115539087588 0.0003117600973295683
leaf_weight=1403.307130302157 121.96601559835835 47.434496944420971 35.048294377978891 128.32053870277014 120.33600935712457 481.3657187364297
leaf_count=17954 1864 520 686 1159 785 5584
internal_value=1.85539e-05 7.72233e-05 -6.22094e-05 -0.00077193 -0.00147834 0.000514949
internal_weight=2337.78 2215.81 1687.01 283.705 155.384 528.8
internal_count=28552 26688 20584 2630 1471 6104
is_linear=0
shrinkage=0.03


Tree=258
num_leaves=7
num_cat=0
split_feature=14 5 5 7 25 8
split_gain=0.116068 0.286078 0.187743 0.189905 0.193812 0.184225
threshold=0.31953153718185695 -0.027943020783417521 0.02352343265814056 0.038499074970997839 0.16127450681861552 0.055588116080357623
decision_type=2 2 2 2 2 2
left_child=2 -2 -1 -4 -5 -3
right_child=1 5 3 4 -6 -7
leaf_value=-3.3004999048932332e-05 0.00053861058894712135 -0.0022488264124675473 0.0014776394013179892 -0.0007707018724254917 0.0014956643445862643 -0.00013172264126161881
leaf_weight=1796.466462195327 111.98032656311989 84.325479179620743 151.12873963749735 95.389124488341622 40.112484943470918 63.019323363900185
leaf_count=24165 478 362 1956 933 386 267
internal_value=6.86764e-06 -0.000579374 8.22683e-05 0.000781505 -4.3107e-05 -0.00140926
internal_weight=2342.42 259.325 2083.1 286.63 135.502 147.345
internal_count=28547 1107 27440 3275 1319 629
is_linear=0
shrinkage=0.03


Tree=259
num_leaves=7
num_cat=0
split_feature=24 17 5 7 11 8
split_gain=0.149373 0.115351 0.102029 0.23439 0.22986 0.268391
threshold=7.5000000000000009 1.5000000000000002 -0.011440871593532123 0.038499074970997839 0.034523884949111731 0.0059325034264900373
decision_type=2 2 2 2 2 2
left_child=1 2 4 -4 -1 -6
right_child=-2 -3 3 -5 5 -7
leaf_value=-7.343510039839857e-05 0.00071015235380900155 -0.0011148742383589141 -4.8960282305188902e-06 -0.00088199006755093309 -0.00095466419039768702 0.0025430466649636134
leaf_weight=845.9409393928363 161.1027889297693 110.36039795464603 706.07514077762607 438.44600440791692 22.124788320623338 54.949469872517511
leaf_count=9945 2063 1695 9523 4507 305 556
internal_value=-0.000144769 -0.000210966 -0.000157584 -0.000345625 7.67887e-05 0.00154467
internal_weight=2339 2177.9 2067.54 1144.52 923.015 77.0743
internal_count=28594 26531 24836 14030 10806 861
is_linear=0
shrinkage=0.03


Tree=260
num_leaves=7
num_cat=0
split_feature=24 15 8 2 11 14
split_gain=0.103084 0.0977325 0.0844036 0.137482 0.160416 0.24974
threshold=7.5000000000000009 2.5000000000000004 0.19344850867118132 -0.021640979111938085 0.016530425826054362 0.076675869675784158
decision_type=2 2 2 2 2 2
left_child=1 2 3 -1 -5 -6
right_child=-2 -3 -4 4 5 -7
leaf_value=-1.6303131379400285e-05 0.00065277587886441231 -0.0015099867146103404 0.00072336312142915653 -9.8199389517106516e-05 0.00084352241660219749 -0.0022436096011970801
leaf_weight=1754.1715254084702 166.83721636852715 33.415740019117948 104.04744435829343 161.0735449224594 25.204622214718256 87.924423977732658
leaf_count=21329 2154 457 1143 2003 735 646
internal_value=-4.40495e-05 -0.00010048 -7.14478e-05 -0.000115567 -0.000727677 -0.00154316
internal_weight=2332.67 2165.84 2132.42 2028.37 274.203 113.129
internal_count=28467 26313 25856 24713 3384 1381
is_linear=0
shrinkage=0.03


Tree=261
num_leaves=7
num_cat=0
split_feature=18 24 14 8 13 24
split_gain=0.136553 0.182966 0.114315 0.144852 0.136735 0.132251
threshold=1.0000000180025095e-35 2.5000000000000004 0.033222911245165514 0.031428011811803769 2.4414009612931857 4.5000000000000009
decision_type=2 2 2 2 2 2
left_child=2 -2 3 5 -5 -1
right_child=1 -3 -4 4 -6 -7
leaf_value=-0.0021314138533414669 -0.0015460877637701658 0.00031032755900718066 0.00020004718563290108 0.0017722038918745442 -0.0011434869350089129 0.00060948571920859383
leaf_weight=53.877834134764271 93.15972756780684 83.775091683375649 2037.8416479155421 23.819729685681523 16.381800647533964 16.081389099213993
leaf_count=3744 910 785 19494 1407 976 1104
internal_value=8.08528e-05 -0.000697532 0.000147905 -0.000753038 0.000592974 -0.00150394
internal_weight=2324.94 176.935 2148 110.161 40.2015 69.9592
internal_count=28420 1695 26725 7231 2383 4848
is_linear=0
shrinkage=0.03


Tree=262
num_leaves=7
num_cat=0
split_feature=23 24 25 25 0 5
split_gain=0.149241 0.192384 0.140407 0.180699 0.16544 0.17758
threshold=0.34456282204118988 3.5000000000000004 -0.35876709463401329 -0.53803756952884363 -0.043286645720005172 -0.01550815636009515
decision_type=2 2 2 2 2 2
left_child=-1 2 3 4 5 -2
right_child=1 -3 -4 -5 -6 -7
leaf_value=-8.2946051037437312e-05 -0.0025438889506987179 0.0014078366361931622 0.0013299426642725191 -0.002297972824684023 0.0014744991976438791 0.00081779986633810349
leaf_weight=2059.5313913926075 19.917201226751786 136.43960428412538 32.969102646224201 30.441778768552467 34.913310494070174 19.83546759391902
leaf_count=25572 219 1547 291 275 329 255
internal_value=5.64577e-06 0.000649851 -0.000143639 -0.00068124 0.000171474 -0.00103927
internal_weight=2334.05 274.516 138.077 105.108 74.666 39.7527
internal_count=28488 2916 1369 1078 803 474
is_linear=0
shrinkage=0.03


Tree=263
num_leaves=7
num_cat=0
split_feature=0 2 10 5 1 11
split_gain=0.142067 0.347096 0.137078 0.0959748 0.159095 0.120547
threshold=0.42313246652566022 -0.10580182629515385 0.13218654111450365 -0.19583125604962334 -0.094230451644423507 0.0025408093865052156
decision_type=2 2 2 2 2 2
left_child=2 -2 3 4 -1 -5
right_child=1 -3 -4 5 -6 -7
leaf_value=0.00082342225433508823 -0.0014279948338140694 0.002873703606033313 -0.0013097294416203873 0.00025914390371258944 -0.0016736163232144144 -0.00019196644376978479
leaf_weight=26.380061237432528 19.182753301865887 35.4164775214158 65.342028050508816 1058.6037105094001 62.318808078242 1054.1480070191319
leaf_count=565 229 347 721 12825 859 12901
internal_value=-1.21272e-05 0.00137526 -5.14382e-05 -8.33677e-06 -0.000922784 3.42204e-05
internal_weight=2321.39 54.5992 2266.79 2201.45 88.6989 2112.75
internal_count=28447 576 27871 27150 1424 25726
is_linear=0
shrinkage=0.03


Tree=264
num_leaves=7
num_cat=0
split_feature=2 7 14 2 11 14
split_gain=0.125724 0.210938 0.405006 0.198146 0.362015 0.244547
threshold=-0.05645328161161102 0.093059164733422434 0.095844546933132296 -0.12572700109751672 0.025522680899316499 0.28104463578201971
decision_type=2 2 2 2 2 2
left_child=1 3 -3 -1 -5 -6
right_child=-2 2 -4 4 5 -7
leaf_value=-4.6563842066570187e-05 -0.00038997876128355326 0.0014845197350767197 -0.0013013433591919754 9.6336508256540757e-05 0.0020338057878838108 -0.00047130525916896839
leaf_weight=865.07401658064919 601.09340615285328 51.83141305326717 195.77392611652613 392.34562338865362 183.04855459620012 38.800967201590538
leaf_count=12462 7076 1039 1196 4266 2212 171
internal_value=-1.99614e-05 0.000110339 -0.000683187 0.000246857 0.000654256 0.00159424
internal_weight=2327.97 1726.87 247.605 1479.27 614.195 221.85
internal_count=28422 21346 2235 19111 6649 2383
is_linear=0
shrinkage=0.03


Tree=265
num_leaves=7
num_cat=0
split_feature=12 4 14 14 8 12
split_gain=0.104163 0.233142 0.174314 0.237356 0.230601 0.267037
threshold=1.845192716743622 -0.088500862563758873 0.2442724207889182 0.25831483864018429 0.006777685133354445 1.5772099256491818
decision_type=2 2 2 2 2 2
left_child=2 -2 -1 -4 -5 -6
right_child=1 -3 3 4 5 -7
leaf_value=0.00011515983825218233 0.0014337566158673471 -0.00062005828026875888 -0.0022332605138411445 0.00068942306709268361 -3.121260630718386e-05 -0.0024631192067650098
leaf_weight=1781.4899155188614 126.15158513188362 71.159028053283691 56.255070522427559 128.14094485342503 107.26726904511452 55.678266331553459
leaf_count=25969 567 321 298 606 502 254
internal_value=5.6945e-05 0.000698878 -5.54191e-06 -0.000610511 -0.000233143 -0.000956565
internal_weight=2326.14 197.311 2128.83 347.342 291.086 162.946
internal_count=28517 888 27629 1660 1362 756
is_linear=0
shrinkage=0.03


Tree=266
num_leaves=7
num_cat=0
split_feature=18 1 6 14 14 7
split_gain=0.0907323 0.158988 0.243675 0.164797 0.127342 0.111963
threshold=1.0000000180025095e-35 1.0000000180025095e-35 -0.19846664801224331 0.1400393593537915 0.10268215768239709 0.081556182558951265
decision_type=2 2 2 2 2 2
left_child=-1 2 -2 4 -4 -3
right_child=1 5 3 -5 -6 -7
leaf_value=3.6132339071151214e-05 0.0012710712371099499 0.0014350522536489599 -0.001403508080296355 -0.0028162776827679158 0.0014940435525344785 -0.00071401507099342384
leaf_weight=2175.0552846857754 19.745671581360511 36.082957867532969 22.706842861603945 56.04717218130827 13.582617558538912 32.862492695683613
leaf_count=26903 234 288 468 338 135 249
internal_value=-1.87614e-05 -0.000645677 -0.00130133 -0.00192187 -0.000230525 0.000450019
internal_weight=2356.08 181.028 112.082 92.3366 36.2895 68.9455
internal_count=28615 1712 1175 941 603 537
is_linear=0
shrinkage=0.03


Tree=267
num_leaves=7
num_cat=0
split_feature=0 11 15 25 1 21
split_gain=0.130341 0.175408 0.158531 0.13793 0.154173 0.168668
threshold=-0.053351463142832671 0.11376216354355202 2.5000000000000004 -0.71295313963611839 0.090301831736724777 1.0000000180025095e-35
decision_type=2 2 2 2 2 2
left_child=1 -1 3 -2 5 -5
right_child=2 -3 -4 4 -6 -7
leaf_value=-0.00050652430267353397 0.0018155278187319557 0.001506844431457186 -0.0019669784822517228 0.00061730803703084487 -0.00072962016670833664 -7.7669966275179301e-05
leaf_weight=725.67364733078284 31.867788134113653 31.564759279368445 23.586407824768685 491.76251855317969 180.65632851357805 836.11556603238569
leaf_count=10468 322 406 296 5354 1671 9956
internal_value=-8.37066e-05 -0.000404053 7.29776e-05 0.000116699 6.90913e-05 0.000182396
internal_weight=2321.23 757.238 1563.99 1540.4 1508.53 1327.88
internal_count=28473 10874 17599 17303 16981 15310
is_linear=0
shrinkage=0.03


Tree=268
num_leaves=7
num_cat=0
split_feature=2 1 11 2 11 11
split_gain=0.165988 0.178518 0.226763 0.213266 0.179439 0.174917
threshold=-0.021640979111938085 -0.046987171398088896 1.0000000180025095e-35 0.017768769961749316 -0.002104806623256471 0.13518701877187253
decision_type=2 2 2 2 2 2
left_child=-1 -2 3 4 -3 -4
right_child=1 2 5 -5 -6 -7
leaf_value=0.00013662014425065995 0.0011672015258724678 0.0012093825455774399 -0.0016768211884928344 0.0012491904245382191 -0.0016640748104444064 0.00085019492710927225
leaf_weight=1937.1535440441949 40.418667294841725 19.181231550988741 182.5269658784382 70.321002467419021 58.097599611210171 22.069982780958526
leaf_count=23741 569 224 2198 711 790 230
internal_value=2.20576e-05 -0.000532545 -0.000754451 0.000141548 -0.000894011 -0.00137731
internal_weight=2329.77 392.615 352.197 147.6 77.2788 204.597
internal_count=28463 4722 4153 1725 1014 2428
is_linear=0
shrinkage=0.03


Tree=269
num_leaves=7
num_cat=0
split_feature=0 13 12 9 4 1
split_gain=0.0912497 0.140511 0.13468 0.149872 0.188987 0.318081
threshold=0.14332896383286889 2.3502401828962087 -0.34439374013245277 -0.14134826942753728 -0.19125171778327066 -0.028565848912986497
decision_type=2 2 2 2 2 2
left_child=1 2 -1 -4 5 -5
right_child=-2 -3 3 4 -6 -7
leaf_value=0.0010435837561551592 0.00036115634129745596 -0.00042425903072617108 0.0013757799051888275 0.0004023665787209475 5.2056585085835898e-05 -0.0026016740272029092
leaf_weight=111.42064846097492 437.62632892234251 769.74764754284115 55.402035467326641 55.700890371575952 838.2972457697615 57.179416354745626
leaf_count=4304 4443 11561 518 512 6664 472
internal_value=-2.42548e-05 -0.000115035 9.97409e-05 -1.39732e-05 -0.000108392 -0.00120722
internal_weight=2325.37 1887.75 1118 1006.58 951.178 112.88
internal_count=28474 24031 12470 8166 7648 984
is_linear=0
shrinkage=0.03


Tree=270
num_leaves=7
num_cat=0
split_feature=7 5 11 20 20 2
split_gain=0.13035 0.262941 0.246795 0.239004 0.221847 0.171382
threshold=0.081556182558951265 -0.006584481714099452 0.13518701877187253 0.017090386406828393 -0.098942535943731411 0.082216118246992195
decision_type=2 2 2 2 2 2
left_child=5 3 -3 4 -2 -1
right_child=1 2 -4 -5 -6 -7
leaf_value=4.088450926168961e-06 0.0016432260488322152 -0.0014280554040551185 0.0013637367138488834 0.0018777421164505917 -0.00088720610184682175 0.0015179138878996241
leaf_weight=1820.3880920650554 30.844823482213542 231.79929677728796 24.319282839540392 51.603768914705142 124.47310796042439 59.892687849496724
leaf_count=23563 317 2230 218 453 1087 698
internal_value=-5.16028e-05 -0.000496813 -0.00112168 0.000292677 -0.000315683 6.00834e-05
internal_weight=2343.32 463.04 256.119 206.922 155.318 1880.28
internal_count=28566 4305 2448 1857 1404 24261
is_linear=0
shrinkage=0.03


Tree=271
num_leaves=7
num_cat=0
split_feature=10 6 12 5 10 12
split_gain=0.114688 0.142878 0.141561 0.293214 0.271142 0.229286
threshold=0.1027253599861722 -0.11876986193816148 0.64445036247736109 0.035817345425462062 0.033797904840410543 0.029515766898130517
decision_type=2 2 2 2 2 2
left_child=1 -1 5 -4 -5 -3
right_child=-2 2 3 4 -6 -7
leaf_value=-0.00038833957424561511 -0.00066979919854649923 -0.00010159888261958049 0.00019104473315551457 -0.0021345779842302632 0.00079312861874575281 0.00096844227459962117
leaf_weight=406.66713079482724 172.83440302149393 296.80483287133393 908.03063456714153 88.047959737479687 33.982025608420372 442.07678315043449
leaf_count=6570 2002 8663 5723 535 197 4917
internal_value=5.22997e-05 0.000112467 0.000229134 9.39661e-07 -0.00132097 0.000542995
internal_weight=2348.44 2175.61 1768.94 1030.06 122.03 738.882
internal_count=28607 26605 20035 6455 732 13580
is_linear=0
shrinkage=0.03


Tree=272
num_leaves=7
num_cat=0
split_feature=14 14 9 9 13 9
split_gain=0.0898792 0.119906 0.229029 0.209158 0.194975 0.199396
threshold=0.024778606825940391 0.13161067903979992 0.10865697067530269 -0.12268658923562033 2.4414009612931857 0.084388849922186288
decision_type=2 2 2 2 2 2
left_child=-1 2 -2 -3 -5 -6
right_child=1 3 -4 4 5 -7
leaf_value=-0.00098580149086171121 0.00012410634026385577 0.0012151634882236336 0.0014510315749274585 -0.00042136228156493944 0.00097569658882540886 -0.00092483862471089801
leaf_weight=66.530924679391319 831.68254249915481 87.087806336581707 126.72450140863657 976.46049353480339 187.58244360238314 57.616689190268517
leaf_count=5707 13207 556 1796 5728 1204 343
internal_value=2.55886e-05 5.94672e-05 0.00031273 -0.000126964 -0.000231729 0.00051037
internal_weight=2333.69 2267.15 958.407 1308.75 1221.66 245.199
internal_count=28541 22834 15003 7831 7275 1547
is_linear=0
shrinkage=0.03


Tree=273
num_leaves=7
num_cat=0
split_feature=5 5 5 14 11 25
split_gain=0.142565 0.222868 0.282285 0.200429 0.167391 0.221872
threshold=1.0000000180025095e-35 0.018505584502003725 0.02352343265814056 0.3297394024095755 0.053794742187072156 0.085979436364005138
decision_type=2 2 2 2 2 2
left_child=-1 -2 -3 4 5 -4
right_child=1 2 3 -5 -6 -7
leaf_value=-7.0774310081580161e-05 0.001496710405332929 -0.0020898118328862348 0.0032962343451558565 -0.0013587483485860764 0.00030947179081201984 -0.00041163847057251957
leaf_weight=1833.8677200475649 133.85057171323569 36.692453074501827 32.495144643355161 41.054010152816772 238.77153682598146 19.008109093643725
leaf_count=23267 1456 381 368 174 2703 206
internal_value=5.24257e-05 0.000495193 0.000100981 0.000397714 0.000683111 0.00208335
internal_weight=2335.74 501.872 368.021 331.329 290.275 51.5033
internal_count=28555 5288 3832 3451 3277 574
is_linear=0
shrinkage=0.03


Tree=274
num_leaves=7
num_cat=0
split_feature=8 8 2 8 20 20
split_gain=0.116177 0.0786859 0.175919 0.103108 0.232439 0.262286
threshold=-0.22904671692901882 0.30369138395519463 0.13417465879621224 0.12644176053820602 0.073366269365729223 0.0013256876705646378
decision_type=2 2 2 2 2 2
left_child=-1 2 3 -2 5 -5
right_child=1 -3 -4 4 -6 -7
leaf_value=-0.0014625603688817885 -1.677543523355248e-05 0.0015985329123296553 -0.002245375558800946 0.00059746831750317499 0.0023062580233848954 -0.0020360502636390266
leaf_weight=36.74310004489962 1992.4938025167648 19.094060951261781 20.230166402383475 187.62697497158661 47.162431674194522 31.163350842078216
leaf_count=1104 24061 219 234 2068 478 328
internal_value=1.82421e-05 4.81562e-05 2.82372e-05 5.84117e-05 0.000601902 0.000149767
internal_weight=2334.51 2297.77 2278.68 2258.45 265.953 218.79
internal_count=28492 27388 27169 26935 2874 2396
is_linear=0
shrinkage=0.03


Tree=275
num_leaves=7
num_cat=0
split_feature=11 5 25 14 3 3
split_gain=0.133239 0.330577 0.297015 0.296374 0.180812 0.193172
threshold=0.025522680899316499 -0.01550815636009515 0.028241316400052566 0.21367782318285913 -0.029706027269383959 -0.0088803131704073904
decision_type=2 2 2 2 2 2
left_child=-1 2 3 -2 -3 -6
right_child=1 4 -4 -5 5 -7
leaf_value=-0.00018196679395171984 0.00098392877682546898 -0.00015950276848512361 -0.00021297941247738688 0.0049426519105597519 0.0032507185862899854 0.00028266331815866153
leaf_weight=1543.6337446980469 46.617300366458949 595.05007420838228 44.652487465413287 24.506044790148735 19.896248175646178 64.603512599365786
leaf_count=19072 675 7296 506 119 193 681
internal_value=-1.97219e-05 0.000293526 0.00170636 0.00278907 3.15638e-05 0.00125156
internal_weight=2338.96 795.326 115.776 71.1233 679.55 84.4998
internal_count=28542 9470 1300 794 8170 874
is_linear=0
shrinkage=0.03


Tree=276
num_leaves=7
num_cat=0
split_feature=5 11 13 2 1 9
split_gain=0.101156 0.205689 0.128164 0.198226 0.111271 0.158422
threshold=-0.17143440956543396 -0.17568712271944514 2.3502401828962087 -0.1816251655396616 -0.14356588434139814 -0.0081238027826723413
decision_type=2 2 2 2 2 2
left_child=1 -1 3 -3 5 -2
right_child=4 2 -4 -5 -6 -7
leaf_value=0.00094425558927322848 -0.001589088630211547 0.0003130652327087473 -0.00010586276792211153 -0.0032705891729317774 0.00016772387692040456 0.00018577586324692745
leaf_weight=40.031107207702007 71.621598553319927 17.383205512072891 42.263361972873099 37.180715063354 2021.8916917279275 97.472765953454655
leaf_count=687 1654 271 737 371 23134 1629
internal_value=5.43373e-05 -0.000708346 -0.00141601 -0.00225724 0.00010498 -0.000612739
internal_weight=2327.84 136.858 96.8273 54.5639 2190.99 169.094
internal_count=28483 2066 1379 642 26417 3283
is_linear=0
shrinkage=0.03


Tree=277
num_leaves=7
num_cat=0
split_feature=22 20 11 0 2 2
split_gain=0.145345 0.380861 0.210949 0.233585 0.18249 0.240842
threshold=-0.12222250240848485 -0.11253713524298255 0.025522680899316499 -0.5926163340981595 -0.12572700109751672 -0.014173685280873304
decision_type=2 2 2 2 2 2
left_child=-1 -2 3 -3 -4 -6
right_child=1 2 4 -5 5 -7
leaf_value=-0.00064560868979491183 0.0021210536115353188 0.0023452828713209184 -0.00030623636599952766 -0.00030865309923470177 0.0011735799090344229 -0.00032020802374605796
leaf_weight=296.42764346377226 67.272510485956445 20.648119707300793 215.33594367752085 1275.8370149859984 320.80335747607751 132.38451413979055
leaf_count=4252 896 542 2997 14973 3312 1502
internal_value=-3.6476e-05 5.50979e-05 -2.60118e-05 -0.000248758 0.000403266 0.000739725
internal_weight=2328.71 2032.28 1965.01 1296.49 668.524 453.188
internal_count=28474 24222 23326 15515 7811 4814
is_linear=0
shrinkage=0.03


Tree=278
num_leaves=7
num_cat=0
split_feature=24 7 23 20 2 25
split_gain=0.102196 0.13329 0.13271 0.135817 0.124109 0.137576
threshold=7.5000000000000009 0.11223749481369588 -0.31970166604574041 -0.033344189147603384 -0.19311438320140856 0.89907671907406439
decision_type=2 2 2 2 2 2
left_child=4 2 -2 -4 -1 -6
right_child=1 -3 3 -5 5 -7
leaf_value=-0.00049276337096013296 -0.00032459918441625187 -0.00092596241985466591 -0.00034748361044570337 0.0021691386853627237 5.4040129204304256e-05 0.0014827070575305281
leaf_weight=369.42224812376662 38.285665166156832 27.382073057349771 21.425665313960053 79.326811524457298 1743.3125803626754 52.893444366607582
leaf_count=6485 600 263 302 955 19270 689
internal_value=5.70402e-05 0.000751356 0.00112165 0.00165091 4.76371e-07 0.000104087
internal_weight=2332.05 166.42 139.038 100.752 2165.63 1796.21
internal_count=28564 2120 1857 1257 26444 19959
is_linear=0
shrinkage=0.03


Tree=279
num_leaves=7
num_cat=0
split_feature=12 12 8 3 4 8
split_gain=0.185075 0.157139 0.161157 0.140994 0.145589 0.138364
threshold=1.845192716743622 1.5456991899470942 -0.020263810281410274 -0.17247470517892355 -0.088500862563758873 0.063694094875409349
decision_type=2 2 2 2 2 2
left_child=1 -1 -3 -2 -5 -4
right_child=3 2 5 4 -6 -7
leaf_value=-8.9696661891850455e-05 -0.00045590561491201176 0.0005344879478527989 -0.00229209992536705 0.0018933368686463758 -4.7159007308675692e-05 -0.00034350148170832385
leaf_weight=1960.181283349244 56.073170840740204 41.448755264282227 72.490066103637218 92.294389478862286 52.01432128995657 61.253794454038143
leaf_count=26763 259 217 372 411 234 312
internal_value=-8.61731e-05 -0.000169095 -0.00100464 0.000763517 0.00123618 -0.00148564
internal_weight=2335.76 2135.37 175.193 200.382 144.309 133.744
internal_count=28568 27664 901 904 645 684
is_linear=0
shrinkage=0.03


Tree=280
num_leaves=7
num_cat=0
split_feature=3 8 25 14 25 2
split_gain=0.153439 0.18913 0.223547 0.177373 0.168364 0.229451
threshold=-0.29639264563485307 0.049165833952125829 -0.19285269864219048 0.088444958516337838 -0.21701340830397872 -0.27336826291354516
decision_type=2 2 2 2 2 2
left_child=1 2 -1 -4 5 -2
right_child=4 -3 3 -5 -6 -7
leaf_value=-0.0020901228763170717 0.0027313262207354647 -0.0022005490099430559 -0.0011240038800762802 0.0013774908936904067 -0.00017803743541907458 0.00026223390637083099
leaf_weight=30.32897212804528 26.866853517713025 57.442918958491646 30.041093405045103 63.687989294528961 1661.0574902645894 462.52196244423976
leaf_count=562 695 835 1127 499 19449 5386
internal_value=-0.000106369 -0.00092013 -0.00020733 0.000544671 -3.37449e-05 0.000449763
internal_weight=2331.95 181.501 124.058 93.7291 2150.45 489.389
internal_count=28553 3023 2188 1626 25530 6081
is_linear=0
shrinkage=0.03


Tree=281
num_leaves=7
num_cat=0
split_feature=2 5 0 0 12 0
split_gain=0.13683 0.299903 0.167008 0.15471 0.19612 0.178278
threshold=-0.05645328161161102 0.081549608498603252 0.40629810526123383 0.27500843015199516 1.6058927959201512 0.13326998848160362
decision_type=2 2 2 2 2 2
left_child=3 2 -2 5 -5 -1
right_child=1 -3 -4 4 -6 -7
leaf_value=4.5612053809215455e-05 -0.00074520772258169555 0.0017656746139544648 0.0015283350411381233 -0.00021512986397597729 -0.0029574326009722584 0.00097534950187813619
leaf_weight=1419.7262900560163 528.60240365359641 41.71044091443764 21.583236612088513 95.783278332848568 21.898590505123138 203.73810161312576
leaf_count=18274 6315 454 234 1119 99 2019
internal_value=-4.49032e-05 -0.000434954 -0.000630328 8.94197e-05 -0.000917085 0.000167547
internal_weight=2333.04 591.896 550.186 1741.15 117.682 1623.46
internal_count=28514 7003 6549 21511 1218 20293
is_linear=0
shrinkage=0.03


Tree=282
num_leaves=7
num_cat=0
split_feature=8 1 3 3 6 1
split_gain=0.131188 0.222094 0.128588 0.190624 0.182142 0.154426
threshold=0.23216899988254566 0.009856805887102367 -0.05711566095057282 -0.074877772157788611 0.04590281830384698 0.042520850294021945
decision_type=2 2 2 2 2 2
left_child=2 -2 3 5 -4 -1
right_child=1 -3 4 -5 -6 -7
leaf_value=-0.0002304333008819514 0.0028228702435375164 -0.00042797660973067626 -0.00012167974234502765 -0.0016795559459822735 0.0010696903136302193 0.00046350342946822686
leaf_weight=1402.3540680073784 28.509073884284589 32.714982089935802 256.54954277595971 60.624977378698532 197.40579838771373 353.00316125911195
leaf_count=18957 332 337 2919 741 1824 3386
internal_value=1.72248e-06 0.00126959 -3.78925e-05 -0.000151052 0.000408286 -8.90472e-05
internal_weight=2331.16 61.2241 2269.94 1815.98 453.955 1755.36
internal_count=28496 669 27827 23084 4743 22343
is_linear=0
shrinkage=0.03


Tree=283
num_leaves=7
num_cat=0
split_feature=4 3 14 6 0 15
split_gain=0.108472 0.182545 0.209532 0.164486 0.143687 0.161523
threshold=-0.20708680384658804 -0.17009754922309819 0.21367782318285913 0.18763490093882404 -0.084840280120375242 2.5000000000000004
decision_type=2 2 2 2 2 2
left_child=1 2 -1 -3 -2 -6
right_child=4 3 -4 -5 5 -7
leaf_value=-0.00055671549803414772 -0.00038387396311082521 -0.0018172040663357654 0.0023539082863277164 0.00075508884893659052 0.00020993660159954633 -0.0019086788737198589
leaf_weight=63.141310201666784 584.33537339151371 106.69356660876656 22.301247596740723 21.773210268816911 1501.6440241452656 23.159607101348229
leaf_count=1337 8398 1449 110 220 16582 290
internal_value=-5.43669e-05 -0.000682192 0.000370016 -0.00135819 1.2226e-05 0.000165532
internal_weight=2323.05 213.909 85.4426 128.467 2109.14 1524.8
internal_count=28386 3116 1447 1669 25270 16872
is_linear=0
shrinkage=0.03


Tree=284
num_leaves=7
num_cat=0
split_feature=2 7 5 3 3 9
split_gain=0.133457 0.1478 0.142253 0.147874 0.130136 0.122131
threshold=-0.062616327728909418 0.15939618632998265 -0.17143440956543396 -0.21297895271827832 -0.26367477576209419 0.07335453716290212
decision_type=2 2 2 2 2 2
left_child=2 -2 3 4 -1 -5
right_child=1 -3 -4 5 -6 -7
leaf_value=-0.00070528350418794499 -0.000491877201163472 0.0010951660298146987 0.00022613258056859237 -0.0017666818515463441 0.0026123963518569857 0.00043200904551779235
leaf_weight=15.285676323808731 601.96541120159964 48.405219145002775 1548.4960440957511 80.849121427861974 10.613806379609739 25.804008273640648
leaf_count=320 7117 457 18941 1152 210 316
internal_value=2.7173e-06 -0.000358963 0.000143941 -0.000764742 0.0010033 -0.00124329
internal_weight=2331.42 650.371 1681.05 132.553 25.8995 106.653
internal_count=28513 7574 20939 1998 530 1468
is_linear=0
shrinkage=0.03


Tree=285
num_leaves=7
num_cat=0
split_feature=7 22 14 5 5 7
split_gain=0.10306 0.0862924 0.10495 0.0763445 0.226814 0.147229
threshold=-0.10497029864169484 0.18195871282868234 0.17790885188867336 -0.1049837479453609 -0.17143440956543396 0.082851968726798952
decision_type=2 2 2 2 2 2
left_child=1 2 -1 4 -2 -5
right_child=3 -3 -4 5 -6 -7
leaf_value=-0.0014158117595186241 -0.00061700251644720712 0.00097307446978691454 0.0003446723175331613 6.8181760992828326e-05 0.00092837024468107421 -0.0005903295435920801
leaf_weight=110.07886106238584 122.07281502679689 15.144091490132267 36.306109927594662 1436.3868919909582 237.6255569375935 377.60544741974445
leaf_count=2862 1620 290 210 17328 2672 3534
internal_value=-4.74925e-05 -0.00075545 -0.00098506 8.33506e-06 0.000401405 -7.13806e-05
internal_weight=2335.22 161.529 146.385 2173.69 359.698 1813.99
internal_count=28516 3362 3072 25154 4292 20862
is_linear=0
shrinkage=0.03


Tree=286
num_leaves=7
num_cat=0
split_feature=10 10 9 3 8 13
split_gain=0.142144 0.101887 0.223658 0.198534 0.129823 0.129403
threshold=-0.15550802908845909 -0.079735478629532952 -0.14134826942753728 -0.0023867074916146878 -0.22904671692901882 2.524928003624769
decision_type=2 2 2 2 2 2
left_child=-1 2 -2 5 -3 -4
right_child=1 4 3 -5 -6 -7
leaf_value=0.0019745981435170907 0.002101105728974921 -0.0016662128046937377 -0.0015225616088249219 0.0014028224513893644 7.721227933522912e-05 0.00066286565413543679
leaf_weight=22.584442680206848 15.264594041043891 29.173926531191682 161.55223429185571 21.147144465998281 2062.2942844762583 22.629904667846859
leaf_count=343 283 876 2213 259 24142 410
internal_value=6.94499e-06 -2.06961e-05 -0.000619236 -0.000909657 4.50801e-05 -0.00123374
internal_weight=2334.65 2312.06 220.594 205.329 2091.47 184.182
internal_count=28526 28183 3165 2882 25018 2623
is_linear=0
shrinkage=0.03


Tree=287
num_leaves=7
num_cat=0
split_feature=22 7 22 5 1 7
split_gain=0.160028 0.224978 0.186827 0.187247 0.200942 0.176355
threshold=0.034715597582891805 0.13799144546021239 0.049890064406937287 -0.030292883512598606 -0.0072560689412522637 0.093059164733422434
decision_type=2 2 2 2 2 2
left_child=5 2 -2 4 -4 -1
right_child=1 -3 3 -5 -6 -7
leaf_value=-7.3427372070760446e-05 0.0015766562663733108 0.0023615702180631651 0.0001776732897309513 0.00044930442470490436 -0.0017633969770905122 -0.00087455868495842711
leaf_weight=1485.2949196920381 64.791562418395188 37.012618360458873 95.50354006892303 271.64291714431602 83.254083390114829 287.26161488745129
leaf_count=19129 785 335 1356 3344 893 2644
internal_value=-6.85207e-05 0.000373154 0.000188055 -4.16059e-05 -0.000771883 -0.000207437
internal_weight=2324.76 552.205 515.192 450.401 178.758 1772.56
internal_count=28486 6713 6378 5593 2249 21773
is_linear=0
shrinkage=0.03


Tree=288
num_leaves=7
num_cat=0
split_feature=24 9 23 12 20 0
split_gain=0.126042 0.0966479 0.0949094 0.121931 0.166821 0.167781
threshold=7.5000000000000009 -0.095161481570834608 0.12321820692792675 -0.05084426679578135 -0.019217703289600999 -0.13767036767085336
decision_type=2 2 2 2 2 2
left_child=2 -2 -1 -4 -5 -6
right_child=1 -3 3 4 5 -7
leaf_value=-8.1505669523205431e-05 -0.00077525364099944618 0.0011291252818700396 0.0015731126371468418 0.0011415809335694716 -0.0015394788421132313 0.00018215187625029774
leaf_weight=1713.5932808949437 21.108320281258784 144.58490363811143 58.563799072668189 107.96717606857419 55.205064969137311 225.64629555493593
leaf_count=21781 318 1811 1671 853 472 1638
internal_value=8.34588e-05 0.000856202 2.05376e-05 0.000404627 0.000193599 -0.000197552
internal_weight=2326.67 165.693 2160.98 447.382 388.819 280.851
internal_count=28544 2129 26415 4634 2963 2110
is_linear=0
shrinkage=0.03


Tree=289
num_leaves=7
num_cat=0
split_feature=10 12 1 0 7 0
split_gain=0.135257 0.133249 0.234182 0.15331 0.232334 0.136751
threshold=-0.12795175703621778 1.3967022761021195 -0.09275982561641373 0.0077839355500756722 0.0086286831478896257 0.25693217586811823
decision_type=2 2 2 2 2 2
left_child=-1 -2 -3 4 -4 -5
right_child=1 2 3 5 -6 -7
leaf_value=0.0012789540957128874 6.2936246422769975e-05 0.0011744351830845713 -0.0001204208927418867 0.00034321148106550265 -0.00203870720830683 -0.0013580097548414936
leaf_weight=60.269043118576519 1782.1725853446696 57.109953179955482 97.949592001736164 149.45682043582201 129.84274630993605 48.074256539344788
leaf_count=918 25153 308 498 718 658 226
internal_value=-1.74553e-05 -5.74284e-05 -0.00049432 -0.000740222 -0.00125361 -0.00011631
internal_weight=2324.87 2264.61 482.433 425.323 227.792 197.531
internal_count=28479 27561 2408 2100 1156 944
is_linear=0
shrinkage=0.03


Tree=290
num_leaves=7
num_cat=0
split_feature=12 14 2 0 13 2
split_gain=0.159117 0.238547 0.140248 0.248696 0.221452 0.220438
threshold=2.1262134057663959 0.41385917847164688 0.027822040756608081 0.049170451701174241 2.3502401828962087 -0.014173685280873304
decision_type=2 2 2 2 2 2
left_child=1 2 5 4 -4 -1
right_child=-2 -3 3 -5 -6 -7
leaf_value=2.991294981315604e-06 0.0010851431709712044 -0.0019221773825481184 0.0025494343889864587 -0.00054151433487889251 -6.1808461789886497e-05 -0.0011473125251631698
leaf_weight=1828.4586355244246 103.33764585852623 50.691894337534904 68.09868137416197 76.710002933279611 45.971998774912208 153.32356358814286
leaf_count=23384 449 208 716 812 661 2181
internal_value=-1.14969e-05 -6.70999e-05 -1.52072e-05 0.000740575 0.00157691 -9.13171e-05
internal_weight=2326.59 2223.25 2172.56 190.781 114.071 1981.78
internal_count=28411 27962 27754 2189 1377 25565
is_linear=0
shrinkage=0.03


Tree=291
num_leaves=7
num_cat=0
split_feature=9 20 10 12 14 7
split_gain=0.11052 0.167149 0.118645 0.105663 0.230118 0.16631
threshold=0.20620103298965517 0.1167276685356992 -0.079735478629532952 2.1262134057663959 0.31953153718185695 0.067513428960593272
decision_type=2 2 2 2 2 2
left_child=2 -2 -1 4 -4 -6
right_child=1 -3 3 -5 5 -7
leaf_value=-0.00075700820861061423 -0.00066371857594331939 0.0022811389552649104 -6.8876384113972792e-06 0.00088568498177851642 -0.00044554347540472471 -0.0024573282255167979
leaf_weight=236.07862820121227 23.531682620407082 31.752305026166141 1801.2140441243246 91.334143191576004 116.00562822818756 48.728893160820007
leaf_count=3414 276 410 23447 399 503 206
internal_value=-0.00010026 0.001118 -0.000134354 -5.95864e-05 -0.000107762 -0.00114721
internal_weight=2348.65 55.284 2293.36 2057.28 1965.95 164.735
internal_count=28655 686 27969 24555 24156 709
is_linear=0
shrinkage=0.03


Tree=292
num_leaves=7
num_cat=0
split_feature=17 24 3 7 8 7
split_gain=0.088029 0.204266 0.177083 0.218596 0.154701 0.15234
threshold=1.0000000180025095e-35 2.5000000000000004 -0.05711566095057282 -0.032634213369883092 0.036590647331130897 0.0017862986155982136
decision_type=2 2 2 2 2 2
left_child=-1 2 3 -2 -3 -4
right_child=1 4 5 -5 -6 -7
leaf_value=4.2878493354092949e-05 0.00085117392234576356 0.000998829978659058 -0.0012520176439744961 -0.0024005347343501152 -0.0011467533530684288 0.0017928759159935672
leaf_weight=2051.4823904832738 17.536033069132827 89.093391442089342 18.772384352749214 89.187815036799293 34.085610903101042 21.020993418758735
leaf_count=24775 320 1175 244 1211 375 222
internal_value=-2.49904e-05 -0.00052432 -0.00124633 -0.00183909 0.000363587 0.000393491
internal_weight=2321.18 269.696 146.517 106.724 123.179 39.7934
internal_count=28322 3547 1997 1531 1550 466
is_linear=0
shrinkage=0.03


Tree=293
num_leaves=7
num_cat=0
split_feature=3 8 6 9 12 7
split_gain=0.133063 0.201386 0.204834 0.17045 0.2388 0.158232
threshold=-0.30325888206374413 0.049165833952125829 0.0032672345387930791 -0.12268658923562033 0.12246358059647579 -0.013393252429414275
decision_type=2 2 2 2 2 2
left_child=1 2 5 4 -2 -1
right_child=3 -3 -4 -5 -6 -7
leaf_value=0.00012006702430884517 -0.0011398457125237852 -0.0021442761179533802 0.0011148815810975983 -3.1044825605377396e-06 0.0027968003791826036 -0.0027802272477178659
leaf_weight=35.148575789906317 13.744591750000835 54.928311904222937 57.878506723965984 2128.4058321797202 33.59639585763216 21.311051732802298
leaf_count=792 443 798 909 25117 267 321
internal_value=-2.41834e-05 -0.000809849 -4.78895e-05 4.03645e-05 0.00165441 -0.00122828
internal_weight=2345.01 169.266 114.338 2175.75 47.341 56.4596
internal_count=28647 2820 2022 25827 710 1113
is_linear=0
shrinkage=0.03


Tree=294
num_leaves=7
num_cat=0
split_feature=1 5 4 4 20 25
split_gain=0.0973897 0.118954 0.103447 0.187041 0.187592 0.380331
threshold=0.13103597480102314 0.0011665024186901464 -0.20708680384658804 -0.18171884022942417 -0.018275268047753448 0.023867304569421658
decision_type=2 2 2 2 2 2
left_child=2 -2 -1 -4 5 -5
right_child=1 -3 3 4 -6 -7
leaf_value=-0.00058401768748471113 -0.00012620087659035884 -0.0022253597683434354 0.0010902625207916462 0.00098842127178299906 -0.00018436147744981262 -0.00056575595240185772
leaf_weight=206.62869109588792 69.877587741182651 28.351359974476509 149.99791220395127 397.4510929643875 1278.1035523767932 209.24262008615187
leaf_count=3054 673 251 1942 5212 14906 2561
internal_value=-2.67385e-06 -0.000881707 3.95943e-05 0.000105467 2.17537e-05 0.000451919
internal_weight=2339.65 98.2289 2241.42 2034.8 1884.8 606.694
internal_count=28599 924 27675 24621 22679 7773
is_linear=0
shrinkage=0.03


Tree=295
num_leaves=7
num_cat=0
split_feature=20 22 24 8 8 12
split_gain=0.111037 0.238604 0.262965 0.173344 0.163697 0.188459
threshold=0.034174533879059242 0.049890064406937287 1.0000000180025095e-35 0.15432246187767301 -0.021178793655788244 1.3108668313189586
decision_type=2 2 2 2 2 2
left_child=-1 -2 4 -4 -3 -6
right_child=1 2 3 -5 5 -7
leaf_value=-9.1266996028797719e-05 0.0018705492792308884 -0.0027603916900575038 0.00024630882412588899 0.0022049691827413344 0.00074179735841019701 -0.0022632417028600649
leaf_weight=1781.7393091723789 73.58817382750567 28.770756471087225 357.00314866262488 36.47003893496003 48.309793629916385 17.852099254727364
leaf_count=21837 862 390 4394 353 681 91
internal_value=2.5018e-05 0.000388837 0.000132536 0.000478002 -0.00120844 -0.000259736
internal_weight=2343.73 561.994 488.406 393.473 94.9326 66.1619
internal_count=28608 6771 5909 4747 1162 772
is_linear=0
shrinkage=0.03


Tree=296
num_leaves=7
num_cat=0
split_feature=22 1 4 20 3 12
split_gain=0.104959 0.177884 0.160961 0.155222 0.144354 0.148436
threshold=-0.15768213182079982 -0.030885923131222664 0.061561226936077462 -0.13742487105396714 -0.23563403307351424 0.36793613470844871
decision_type=2 2 2 2 2 2
left_child=1 -1 3 4 -2 -6
right_child=2 -3 -4 -5 5 -7
leaf_value=-0.0018573072206286248 -0.00060609221264124123 -1.2589956519834657e-06 -0.0021620625336890519 0.00010083111660655522 -0.00015473537913472294 0.0028718974366279356
leaf_weight=56.524803552834783 20.260287927056197 154.22512318787631 17.344571049092337 2021.2798797532305 19.024918251321651 41.162819735705853
leaf_count=1013 350 2101 180 24147 435 292
internal_value=6.24126e-05 -0.000560651 0.000126721 0.000155758 0.00137209 0.00202946
internal_weight=2329.82 210.75 2119.07 2101.73 80.448 60.1877
internal_count=28518 3114 25404 25224 1077 727
is_linear=0
shrinkage=0.03


Tree=297
num_leaves=7
num_cat=0
split_feature=22 14 12 13 10 10
split_gain=0.0955965 0.136422 0.181266 0.295063 0.107425 0.0967333
threshold=-0.15768213182079982 0.26876967110187672 0.90457231434764562 2.1383330595080281 -0.15550802908845909 -0.071381563725995315
decision_type=2 2 2 2 2 2
left_child=1 2 3 -1 -2 -6
right_child=4 -3 -4 -5 5 -7
leaf_value=0.0013575775793121716 0.0018407063004742697 -0.0020834977270331777 0.0011496386193841335 -0.0016430281781305959 -0.00051094071215900037 0.00010639043268994045
leaf_weight=32.774119238951243 19.948524330975488 34.615925088524818 51.616691466420889 92.535755730408709 250.31947042077081 1857.4157669599808
leaf_count=483 294 158 369 2122 3404 21697
internal_value=-4.9916e-06 -0.000598171 -0.00021165 -0.000815905 5.65069e-05 3.10083e-05
internal_weight=2339.23 211.542 176.927 125.31 2127.68 2107.74
internal_count=28527 3132 2974 2605 25395 25101
is_linear=0
shrinkage=0.03


Tree=298
num_leaves=7
num_cat=0
split_feature=7 22 12 10 0 5
split_gain=0.131087 0.306431 0.239698 0.191051 0.13866 0.136565
threshold=0.081556182558951265 0.016603955510560629 1.1644392294280892 0.050267501686341261 -0.031106180172423056 -0.0072937578581972586
decision_type=2 2 2 2 2 2
left_child=-1 2 4 -4 -2 -3
right_child=1 5 3 -5 -6 -7
leaf_value=5.2032096125725875e-05 0.0015583168593457871 0.0017392576757979561 -0.0026426741949512572 -0.00022824111743862638 -0.00057714589688955171 -0.00020879665034235782
leaf_weight=1869.4059302524111 22.04194214794552 54.771422080346383 88.435965955257416 45.014218829572201 186.12104014283977 60.972840734524652
leaf_count=24116 284 476 450 225 2244 609
internal_value=-6.0051e-05 -0.000509491 -0.000955452 -0.00190094 -0.000289962 0.00077805
internal_weight=2326.76 457.357 341.613 133.45 208.163 115.744
internal_count=28404 4288 3203 675 2528 1085
is_linear=0
shrinkage=0.03


Tree=299
num_leaves=7
num_cat=0
split_feature=10 9 24 8 8 6
split_gain=0.134749 0.148315 0.236437 0.170829 0.209589 0.167101
threshold=-0.13167212107272711 0.055075911677015643 3.5000000000000004 -0.012216444065761429 0.0016976943154664583 -0.11257961848191168
decision_type=2 2 2 2 2 2
left_child=-1 -2 3 -3 -5 -6
right_child=1 2 -4 4 5 -7
leaf_value=0.0013085275310725513 4.4997834745972319e-05 -0.0015983041128120798 0.00038635036880566969 0.0015816240175283117 0.0011043447225306221 -0.00094756070475385647
leaf_weight=51.725330672343262 1605.2659814012586 162.79642374691321 194.19168548565358 32.572645512060262 32.827817227574997 250.60412849643035
leaf_count=777 20763 1877 2014 318 401 2404
internal_value=-7.52768e-05 -0.000112276 -0.000482581 -0.000835696 -0.000405846 -0.000680367
internal_weight=2329.98 2278.26 672.993 478.801 316.005 283.432
internal_count=28554 27777 7014 5000 3123 2805
is_linear=0
shrinkage=0.03


Tree=300
num_leaves=7
num_cat=0
split_feature=25 0 6 2 11 11
split_gain=0.128046 0.151394 0.215611 0.236093 0.164832 0.226708
threshold=-0.21701340830397872 0.13655568528558773 0.24339147808741979 0.027822040756608081 0.07092886589450377 0.094595363940138913
decision_type=2 2 2 2 2 2
left_child=-1 2 3 4 -2 -6
right_child=1 -3 -4 -5 5 -7
leaf_value=0.00042301170543427961 -0.00017417999999168316 0.00040859022649551783 -0.0023178257637702375 0.0010985949388410427 -0.002410300336083433 -7.018077855441554e-05
leaf_weight=525.92825564413215 1126.5298601683899 393.72525239322567 34.052292666514404 108.86613656184636 64.474497479270212 75.80109549939516
leaf_count=6749 14578 4032 304 1254 777 887
internal_value=1.56683e-05 -0.0001048 -0.000250054 -0.000182513 -0.00030035 -0.00123458
internal_weight=2329.38 1803.45 1409.72 1375.67 1266.81 140.276
internal_count=28581 21832 17800 17496 16242 1664
is_linear=0
shrinkage=0.03


Tree=301
num_leaves=7
num_cat=0
split_feature=25 23 0 12 7 8
split_gain=0.124806 0.190393 0.144701 0.124896 0.240239 0.168048
threshold=0.67346529616749129 -0.69468635556691583 0.10321923424687603 1.797408188821852 0.0029350843432889629 0.049165833952125829
decision_type=2 2 2 2 2 2
left_child=3 2 -2 -1 -5 -6
right_child=1 -3 -4 4 5 -7
leaf_value=-0.00016972799058429251 0.00076056135081638591 0.0021719443765911093 -0.0013155235591337147 0.0019559683314613577 0.00089003554133250699 -0.0010451922009662494
leaf_weight=1958.9265538955806 76.182925452681957 46.528364374942612 36.533300390990917 65.507811307907104 67.310060292482376 74.736806243658066
leaf_count=25172 1310 547 477 303 307 336
internal_value=-3.38826e-05 0.000751033 3.52989e-05 -9.47624e-05 0.000588051 -0.000129944
internal_weight=2325.73 159.245 112.716 2166.48 207.555 142.047
internal_count=28452 2334 1787 26118 946 643
is_linear=0
shrinkage=0.03


Tree=302
num_leaves=7
num_cat=0
split_feature=3 14 9 20 14 13
split_gain=0.0806592 0.185135 0.160389 0.170532 0.246146 0.19751
threshold=-0.15973985177586061 0.037260079685469821 -0.033964588710620448 -0.073823414510393356 0.17572819283462149 2.4414009612931857
decision_type=2 2 2 2 2 2
left_child=1 -1 -2 4 5 -4
right_child=2 -3 3 -5 -6 -7
leaf_value=-0.0012368723222465972 -0.0017187581936830055 0.00026825425351120448 0.0025922797894961562 -0.00025779326573236415 -0.00065880094073744884 -0.00031916156134034599
leaf_weight=70.103086728762719 50.487363905529492 903.71561978384852 59.343850409670267 1175.1473132021201 57.088184759020805 27.183920652256347
leaf_count=4556 671 8872 881 12848 303 474
internal_value=-5.93957e-05 0.000148433 -0.000207209 -0.000136841 0.000805211 0.0017393
internal_weight=2343.07 973.819 1369.25 1318.76 143.616 86.5278
internal_count=28605 13428 15177 14506 1658 1355
is_linear=0
shrinkage=0.03


Tree=303
num_leaves=7
num_cat=0
split_feature=0 2 2 7 1 11
split_gain=0.108572 0.161719 0.126985 0.224111 0.280745 0.304203
threshold=0.12052974880660025 0.10996922307793948 -0.062616327728909418 0.019898932340092077 -0.002065331385547813 0.073375550491642974
decision_type=2 2 2 2 2 2
left_child=1 2 3 4 -1 -6
right_child=-2 -3 -4 -5 5 -7
leaf_value=3.4235371840197495e-05 0.0004556818347640954 0.0017413720277709396 -0.00051470875965512343 -0.00043593748294350958 0.001604901192891708 -0.0018916580363062775
leaf_weight=636.7147413897037 501.93330048792996 34.859845920000225 446.7980755345634 499.6401812293916 199.91059932511416 16.647929035127163
leaf_count=9551 5070 400 5472 5410 2474 197
internal_value=6.93477e-05 -3.82496e-05 -8.21522e-05 6.34276e-05 0.000357497 0.00126447
internal_weight=2336.5 1834.57 1799.71 1352.91 853.273 216.559
internal_count=28574 23504 23104 17632 12222 2671
is_linear=0
shrinkage=0.03


Tree=304
num_leaves=7
num_cat=0
split_feature=5 6 5 6 14 14
split_gain=0.115815 0.201945 0.277131 0.176885 0.345016 0.246151
threshold=-0.010697928979270485 0.10526489941215746 -0.036399028771673871 0.057417375170590652 0.12487534575869402 0.31953153718185695
decision_type=2 2 2 2 2 2
left_child=1 3 -3 5 -5 -1
right_child=-2 2 -4 4 -6 -7
leaf_value=-5.439651099933511e-05 -0.00018075502491761756 0.00035394857285016241 0.002331561066502261 0.00091410842863475362 -0.0022297788499883076 0.0018510648852782668
leaf_weight=540.2550780478341 1255.0160568177816 288.92262185621075 73.713846272672527 43.50697721116012 72.764292858541012 58.713239386677742
leaf_count=7742 15550 2999 716 850 437 254
internal_value=1.44928e-05 0.0002414 0.000807723 -5.29124e-05 -0.00107415 0.000159714
internal_weight=2332.89 1077.88 362.636 715.24 116.271 598.968
internal_count=28548 12998 3715 9283 1287 7996
is_linear=0
shrinkage=0.03


Tree=305
num_leaves=7
num_cat=0
split_feature=24 7 22 20 10 7
split_gain=0.102162 0.120351 0.229336 0.168664 0.168641 0.124537
threshold=7.5000000000000009 0.12526411000843354 0.023709694332379346 -0.11811437044318777 0.077117866783059472 0.096806895507574001
decision_type=2 2 2 2 2 2
left_child=1 5 3 -3 -5 -1
right_child=-2 2 -4 4 -6 -7
leaf_value=-2.0828545867727075e-05 0.00074719526429161429 0.0019216622676347999 0.0022906388350693078 0.0002637150091831167 -0.0020248533234998294 -0.00097264287619789388
leaf_weight=1847.3135247647588 161.40205240336945 24.047649432410253 47.293221530970186 88.518409162817989 31.778561042854562 122.63849367771763
leaf_count=23543 2071 247 419 778 275 1162
internal_value=4.21893e-05 -1.36506e-05 0.000684651 4.41441e-05 -0.000449854 -8.46965e-05
internal_weight=2322.99 2161.59 191.638 144.345 120.297 1969.95
internal_count=28495 26424 1719 1300 1053 24705
is_linear=0
shrinkage=0.03


Tree=306
num_leaves=7
num_cat=0
split_feature=10 22 10 23 1 8
split_gain=0.187109 0.160955 0.144262 0.0998154 0.114523 0.0945155
threshold=-0.12795175703621778 -0.016782788900833307 -0.12119568930777867 0.67318818561707716 0.10372743486693491 0.20005708872711428
decision_type=2 2 2 2 2 2
left_child=1 -1 -2 5 -5 -4
right_child=2 -3 3 4 -6 -7
leaf_value=-0.00068151534088906204 -0.0022721049449494881 0.0023745943618723405 -0.0001449157461438875 0.0019135759907700676 -0.00016774116611067662 0.00078823311045048627
leaf_weight=16.979601014289074 16.892539139720611 40.947409709129715 2082.6540041161934 38.406197176489513 43.894897498161299 92.602424418844748
leaf_count=296 226 603 25468 487 421 993
internal_value=-4.15414e-05 0.00151033 -8.75038e-05 -6.12092e-05 0.000905607 -0.000101766
internal_weight=2332.38 57.927 2274.45 2257.56 82.3011 2175.26
internal_count=28494 899 27595 27369 908 26461
is_linear=0
shrinkage=0.03


Tree=307
num_leaves=7
num_cat=0
split_feature=0 5 8 14 3 15
split_gain=0.144998 0.147604 0.138807 0.273427 0.161648 0.226991
threshold=-0.084840280120375242 0.024404815021584359 0.004217923916756656 0.25831483864018429 -0.15973985177586061 1.5000000000000002
decision_type=2 2 2 2 2 2
left_child=1 -1 3 -2 5 -4
right_child=2 -3 4 -5 -6 -7
leaf_value=-0.00047779138363654525 0.00022922680726684264 0.00083721464538692898 0.00067748433032325151 0.0017071736696518084 -0.00033493935425951211 -0.0015343621295530877
leaf_weight=581.5966956060729 553.80505251826253 79.011897116200998 364.38775443326449 132.81901890039444 582.32203459847369 37.48801952006761
leaf_count=8738 7878 999 4095 604 5746 469
internal_value=6.29121e-05 -0.000310371 0.000211469 0.00053552 -1.77167e-05 0.000438914
internal_weight=2331.43 660.609 1670.82 686.624 984.198 401.876
internal_count=28529 9737 18792 8482 10310 4564
is_linear=0
shrinkage=0.03


Tree=308
num_leaves=7
num_cat=0
split_feature=10 7 12 10 24 9
split_gain=0.124461 0.108283 0.263215 0.392351 0.332868 0.296028
threshold=-0.14780847103255307 -0.0067328699285319812 1.2906102384536788 0.023115862249385243 2.5000000000000004 0.089377195923782946
decision_type=2 2 2 2 2 2
left_child=-1 -2 -3 4 -4 -5
right_child=1 2 3 5 -6 -7
leaf_value=0.0016475633169147697 0.00026259768954611324 6.1944658372211744e-05 -0.0024669816884777241 0.00082420198394288051 -0.00018289760570373108 -0.0017806984858599109
leaf_weight=30.118011647486128 727.62543066935905 1144.1569223882398 141.71999925374985 151.75542095303535 95.14421135187149 41.948096714913845
leaf_count=452 10911 14922 718 774 473 206
internal_value=-9.14262e-06 -3.7846e-05 -0.000177452 -0.000800571 -0.00159408 0.000200366
internal_weight=2332.47 2302.35 1574.72 430.568 236.864 193.704
internal_count=28456 28004 17093 2171 1191 980
is_linear=0
shrinkage=0.03


Tree=309
num_leaves=7
num_cat=0
split_feature=0 9 2 11 11 2
split_gain=0.115086 0.156469 0.151742 0.160966 0.143947 0.170949
threshold=0.13997435442498815 0.11097396658343328 -0.019326247118881885 0.0036128344415091128 -0.0066726428388419632 -0.041649182239440107
decision_type=2 2 2 2 2 2
left_child=1 4 -2 -4 5 -1
right_child=2 -3 3 -5 -6 -7
leaf_value=-3.8952734785124878e-05 0.00065222891368504996 0.00052526959245490434 0.00090939636703306511 -0.0014980878770370846 -0.00046441747310018707 0.0017475737658815607
leaf_weight=526.32919271397986 359.45596406335244 255.91901326732477 30.73955238237977 59.610200698050903 1063.3972361509368 43.022218908765353
leaf_count=6926 3604 2825 297 645 13771 494
internal_value=-4.82528e-05 -0.000151188 0.000377847 -0.000669995 -0.000259769 0.000123878
internal_weight=2338.47 1888.67 449.806 90.3498 1632.75 569.351
internal_count=28562 24016 4546 942 21191 7420
is_linear=0
shrinkage=0.03


Tree=310
num_leaves=7
num_cat=0
split_feature=6 12 9 2 2 24
split_gain=0.111947 0.12831 0.110219 0.0933857 0.198539 0.127121
threshold=0.33929199159742401 1.6058927959201512 -0.07675761520017034 -0.10004157011131688 -0.18345091054046223 2.5000000000000004
decision_type=2 2 2 2 2 2
left_child=-1 2 -2 4 -4 -5
right_child=1 -3 3 5 -6 -7
leaf_value=-3.5599986270400625e-05 -0.00070832528665792634 -0.00073685818642683519 0.0023089125900395868 0.003339270169749125 -0.0010145838325214937 0.00052811943997051354
leaf_weight=2165.9230330206628 17.593936499732081 32.98376838862896 17.623370099929161 30.765930225374177 29.79434632207267 29.352492861682549
leaf_count=26806 248 150 255 306 319 312
internal_value=2.21227e-05 0.000767921 0.00118975 0.00153414 0.000407631 0.0022378
internal_weight=2324.04 158.114 125.13 107.536 47.4177 60.1184
internal_count=28396 1590 1440 1192 574 618
is_linear=0
shrinkage=0.03


Tree=311
num_leaves=7
num_cat=0
split_feature=24 2 22 2 25 12
split_gain=0.112746 0.121482 0.229396 0.17013 0.102122 0.0904676
threshold=7.5000000000000009 -0.2868854246054367 -0.0500464096753424 -0.26945966520990111 -0.11396270688621556 0.41733584614585634
decision_type=2 2 2 2 2 2
left_child=1 2 -1 -3 5 -4
right_child=-2 3 4 -5 -6 -7
leaf_value=-0.002771353992109136 0.00077382788747617766 0.002247619485382497 -0.00032804742254376591 -3.4045681359786692e-06 -0.00070799871339947713 0.0025674056547273145
leaf_weight=31.040065133216558 161.69570615689736 20.675906183198094 14.492570487462219 2021.3973317237396 57.124189293477684 10.799013096839188
leaf_count=794 2089 362 559 23208 1326 90
internal_value=3.39456e-05 -2.48733e-05 -0.000938762 3.02288e-05 -2.33625e-05 0.00128543
internal_weight=2317.22 2155.53 113.456 2042.07 82.4158 25.2916
internal_count=28428 26339 2769 23570 1975 649
is_linear=0
shrinkage=0.03


Tree=312
num_leaves=7
num_cat=0
split_feature=17 0 6 14 14 3
split_gain=0.108112 0.0941429 0.141857 0.151882 0.106285 0.0867491
threshold=1.5000000000000002 0.024559603443262749 -0.19391819721831008 0.13161067903979992 0.09669313775426279 -0.14356823446515754
decision_type=2 2 2 2 2 2
left_child=-1 2 -2 4 -4 -3
right_child=1 5 3 -5 -6 -7
leaf_value=3.8174351212734409e-05 0.00081000375676401203 -0.00089810559970358969 -0.0013710380526173755 -0.0033140598146323358 0.0013089801746830275 0.0013813189994042968
leaf_weight=2201.7683036365634 15.686052725417538 20.235564127418911 27.522950536862481 27.412614971399307 11.300059765577315 20.424979941686615
leaf_count=26586 314 263 754 179 121 234
internal_value=-1.17554e-05 -0.000843809 -0.00137885 -0.00193547 -0.000482642 0.000293559
internal_weight=2324.35 122.582 81.9217 66.2356 38.823 40.6605
internal_count=28451 1865 1368 1054 875 497
is_linear=0
shrinkage=0.03


Tree=313
num_leaves=7
num_cat=0
split_feature=11 3 25 10 25 11
split_gain=0.0938123 0.158017 0.126724 0.190245 0.151038 0.179791
threshold=0.035786324715780631 -0.32425502173703141 -0.30278969617420232 -0.0077781594008215693 0.73388172582842548 0.05298950467708493
decision_type=2 2 2 2 2 2
left_child=-1 -2 3 -3 5 -4
right_child=1 2 4 -5 -6 -7
leaf_value=-9.5696962582359944e-05 -0.0015379561294903809 -0.00017926784256603321 0.00092358201014734525 0.0021502760435096022 0.0018542810310399275 -0.00032928026941096819
leaf_weight=1670.6284617314959 29.067464936029864 48.880789724935312 137.98978166255984 72.177147124544717 36.019028174167033 329.93641315845889
leaf_count=20710 489 654 1600 825 529 3666
internal_value=2.36911e-05 0.000325481 0.000435 0.00126775 0.000214183 5.17786e-05
internal_weight=2324.7 654.071 625.003 121.058 503.945 467.926
internal_count=28473 7763 7274 1479 5795 5266
is_linear=0
shrinkage=0.03


Tree=314
num_leaves=7
num_cat=0
split_feature=10 12 10 8 21 0
split_gain=0.161199 0.206616 0.11481 0.0971497 0.196679 0.172226
threshold=-0.12795175703621778 0.7929871739444978 -0.12119568930777867 0.18821883252260022 1.0000000180025095e-35 0.0030620053191872114
decision_type=2 2 2 2 2 2
left_child=1 -1 -2 -4 5 -5
right_child=2 -3 3 4 -6 -7
leaf_value=-0.00019680856089671214 -0.0019654590609236907 0.0030140551826875477 -6.5262766934618826e-05 0.003586132207773555 -0.00019266737515260377 0.0001269028692190184
leaf_weight=34.014488598419121 17.555733068147674 25.836802411824465 2138.6143411254598 21.668204512330703 75.247111552685965 23.207089010858908
leaf_count=758 239 161 26093 218 843 223
internal_value=2.69531e-06 0.00142233 -4.06895e-05 -1.71322e-05 0.000778929 0.00214633
internal_weight=2336.14 59.8513 2276.29 2258.74 120.122 44.8753
internal_count=28535 919 27616 27377 1284 441
is_linear=0
shrinkage=0.03


Tree=315
num_leaves=7
num_cat=0
split_feature=5 4 20 5 20 12
split_gain=0.103348 0.251096 0.307693 0.201592 0.239358 0.22313
threshold=-0.013363780151972678 -0.08138850611534959 -0.018275268047753448 1.0000000180025095e-35 0.10132930415284148 1.5215335640978727
decision_type=2 2 2 2 2 2
left_child=1 -1 -3 4 -2 -5
right_child=3 2 -4 5 -6 -7
leaf_value=0.00053707047994230113 -0.0006824572814139267 0.00087170664397187765 -0.0010647347588200711 0.00061222801802300532 0.00077076750408758667 -0.00090957316680124101
leaf_weight=745.24558092435473 659.03730892129533 99.662072930019349 221.24772029256565 406.65583769444493 111.76320877572289 100.11029355973005
leaf_count=9182 8971 1212 2458 4858 1507 471
internal_value=2.00502e-05 0.000236951 -0.000455182 -0.000161392 -0.000464572 0.000299816
internal_weight=2343.72 1066.16 320.91 1277.57 770.801 506.766
internal_count=28659 12852 3670 15807 10478 5329
is_linear=0
shrinkage=0.03


Tree=316
num_leaves=7
num_cat=0
split_feature=10 7 10 6 2 11
split_gain=0.149376 0.229236 0.190938 0.231667 0.184652 0.276749
threshold=0.050267501686341261 0.081556182558951265 0.1027253599861722 -0.080640120166797766 -0.10867236142967861 0.073375550491642974
decision_type=2 2 2 2 2 2
left_child=1 4 3 -2 5 -1
right_child=2 -3 -4 -5 -6 -7
leaf_value=-0.00011418202956151694 -0.00066469487261893302 -0.00086068760494106052 -0.00039181200695181939 0.0011326565660844758 0.00037341743247464639 -0.0021036389993325296
leaf_weight=712.38884306198452 73.282371115783462 306.77769265539246 171.11581987226964 317.95759352255845 713.13354189004167 59.190448333101813
leaf_count=10153 1097 2858 1995 3480 8277 830
internal_value=6.1303e-06 -0.000128034 0.000428305 0.000787823 2.80958e-05 -0.000291763
internal_weight=2353.85 1791.49 562.356 391.24 1484.71 771.579
internal_count=28690 22118 6572 4577 19260 10983
is_linear=0
shrinkage=0.03


Tree=317
num_leaves=7
num_cat=0
split_feature=24 3 22 4 9 5
split_gain=0.0993626 0.105024 0.102563 0.131755 0.117874 0.167806
threshold=9.5000000000000018 -0.18048803509133002 -0.15768213182079982 0.061561226936077462 0.02024585362907461 -0.098588716595608486
decision_type=2 2 2 2 2 2
left_child=2 -2 4 -4 5 -1
right_child=1 -3 3 -5 -6 -7
leaf_value=0.00090149459308980966 -0.00053496735569423146 0.0017215968236317532 3.2135857601895609e-05 -0.0020848684365752106 0.00099746462922245364 -0.0013319859974128029
leaf_weight=29.707746808358934 21.866518914874177 46.632495629542973 2040.1600194927451 16.804459038889036 24.578907655726653 154.07417690381408
leaf_count=458 333 557 24445 183 282 2299
internal_value=-2.46632e-05 0.00102486 -6.07636e-05 4.83795e-06 -0.000678954 -0.000943061
internal_weight=2333.82 68.499 2265.33 2056.96 208.361 183.782
internal_count=28557 890 27667 24628 3039 2757
is_linear=0
shrinkage=0.03


Tree=318
num_leaves=7
num_cat=0
split_feature=2 2 0 20 10 11
split_gain=0.128767 0.280467 0.217986 0.205508 0.202351 0.186043
threshold=-0.12572700109751672 -0.14764438593013793 0.10945914921270454 -0.11811437044318777 -0.055843915572255466 0.043009995560498421
decision_type=2 2 2 2 2 2
left_child=1 -1 3 -3 -5 -2
right_child=5 2 -4 4 -6 -7
leaf_value=-2.0070527063643119e-05 -7.1382341626310522e-05 0.00068271171709225766 0.00056170016164759987 0.00017769378386347427 -0.0026063436107449998 0.00069061578885049242
leaf_weight=779.60654371758574 943.80029958533123 23.244480828376254 43.556283607147634 27.313412487041205 117.30545294767944 404.24195891467389
leaf_count=11480 10533 297 410 314 1268 4300
internal_value=-2.99024e-05 -0.000287945 -0.00123021 -0.0017006 -0.00210305 0.000160523
internal_weight=2339.07 991.026 211.42 167.863 144.619 1348.04
internal_count=28602 13769 2289 1879 1582 14833
is_linear=0
shrinkage=0.03


Tree=319
num_leaves=7
num_cat=0
split_feature=5 2 5 24 7 3
split_gain=0.119339 0.13536 0.211093 0.204718 0.205256 0.197658
threshold=-0.095200482739586229 -0.15815581402044174 -0.13038870352439422 1.0000000180025095e-35 0.025662873933693108 -0.082925776074748131
decision_type=2 2 2 2 2 2
left_child=1 2 -1 4 -3 -5
right_child=-2 3 -4 5 -6 -7
leaf_value=-0.00096249181742407081 -0.00018350841297629694 0.00043671166954666545 0.0010902155332122247 -0.00018137740457882523 0.0042026423067365436 0.0017098970373857559
leaf_weight=123.29968545923475 1866.9633888437529 29.135667847236618 58.53711287031183 175.45774898596574 18.174968928098679 58.546514383051544
leaf_count=2073 22479 347 879 1932 175 542
internal_value=-7.64698e-05 0.000349762 -0.000279298 0.000752004 0.00236431 0.000342493
internal_weight=2330.12 463.152 181.837 281.315 47.3106 234.004
internal_count=28427 5948 2952 2996 522 2474
is_linear=0
shrinkage=0.03


Tree=320
num_leaves=7
num_cat=0
split_feature=11 11 11 5 9 10
split_gain=0.0836323 0.129395 0.0752734 0.159287 0.137272 0.0693644
threshold=-0.17568712271944514 -0.14072418988979135 0.11698109412712838 0.10747791319740062 0.0526783367864153 -0.13167212107272711
decision_type=2 2 2 2 2 2
left_child=-1 -2 5 4 -4 -3
right_child=1 2 3 -5 -6 -7
leaf_value=0.0011489873961783063 -0.001591953608566056 0.00092433047466383646 0.0021932224021017116 -0.00074608122112627441 -0.00042530877630007907 -0.00011475817578404979
leaf_weight=40.993623683345504 39.82024158409331 49.525454948103288 50.366873095161282 38.818681241828017 21.62672336678952 2095.1457472165202
leaf_count=693 583 727 556 400 205 25367
internal_value=-5.31722e-05 -7.95335e-05 -4.59228e-05 0.000683078 0.00145068 -8.65847e-05
internal_weight=2336.3 2295.3 2255.48 110.812 71.9936 2144.67
internal_count=28531 27838 27255 1161 761 26094
is_linear=0
shrinkage=0.03


Tree=321
num_leaves=7
num_cat=0
split_feature=15 8 6 6 23 7
split_gain=0.19905 0.182487 0.109071 0.127217 0.229313 0.214031
threshold=1.5000000000000002 0.050185014757221216 -0.082998536208500007 0.05009140659527074 -0.1908571973001478 0.060906213588784418
decision_type=2 2 2 2 2 2
left_child=-1 2 -2 -4 -5 -6
right_child=1 -3 3 4 5 -7
leaf_value=0.00012649068789815127 0.00083817720312437502 -0.0020881254434852335 -0.0015455227833697136 -0.0022085270338027562 0.0022706834419762203 -0.0006459268990698546
leaf_weight=2059.9104568418988 49.974996937846299 57.541571176494472 68.289058277907316 19.250719260046026 35.994045848434325 37.851593865547329
leaf_count=24918 879 693 897 246 463 386
internal_value=2.5222e-05 -0.000727262 -0.000279181 -0.000653902 8.66013e-05 0.00087696
internal_weight=2328.81 268.902 211.36 161.385 93.0964 73.8456
internal_count=28482 3564 2871 1992 1095 849
is_linear=0
shrinkage=0.03


Tree=322
num_leaves=7
num_cat=0
split_feature=25 0 10 10 5 7
split_gain=0.0826744 0.0832867 0.20747 0.233036 0.190708 0.160348
threshold=-0.98512599519264843 -0.084840280120375242 -0.043585376929177015 -0.01853700636792854 0.005732849572629266 0.08572661824605679
decision_type=2 2 2 2 2 2
left_child=-1 2 -2 -4 -5 -3
right_child=1 5 3 4 -6 -7
leaf_value=0.0013908001881669694 0.00057584812141025349 0.00028817185432673559 -0.0018825497570410599 -0.00056919548415161917 0.0010965710147681838 -0.00039807065722042396
leaf_weight=29.82946394989267 177.99640997924143 1270.172490807483 91.257294160604943 309.93195597286103 67.026184829417616 393.45084437477635
leaf_count=438 2829 15060 1375 4476 794 3590
internal_value=3.56216e-05 1.22009e-05 -0.000274307 -0.000602785 -0.000252325 0.000124465
internal_weight=2339.66 2309.84 646.212 468.215 376.958 1663.62
internal_count=28562 28124 9474 6645 5270 18650
is_linear=0
shrinkage=0.03


Tree=323
num_leaves=7
num_cat=0
split_feature=3 7 1 3 6 6
split_gain=0.0908069 0.148016 0.19923 0.33411 0.283176 0.134165
threshold=-0.23563403307351424 -0.0098659829697173573 0.00092874170595972424 -0.27546969615452693 -0.0050772374051919695 -0.070329109578162893
decision_type=2 2 2 2 2 2
left_child=1 5 3 4 -3 -1
right_child=-2 2 -4 -5 -6 -7
leaf_value=-0.00039174309517717588 9.3097375962549063e-05 -0.0028757266935633698 0.00017342452234332624 -0.0034932862486218219 0.00057922885129584891 0.0015677546489818834
leaf_weight=68.91770619127783 2014.819208755187 19.591300110449083 96.149473939236486 42.096377949870657 68.309230215934804 43.541109087236691
leaf_count=1527 23146 311 1162 649 1130 703
internal_value=1.61685e-05 -0.000431125 -0.000860975 -0.00158379 -0.000405897 0.000432993
internal_weight=2353.42 338.605 226.146 129.997 87.9005 112.459
internal_count=28628 5482 3252 2090 1441 2230
is_linear=0
shrinkage=0.03


Tree=324
num_leaves=7
num_cat=0
split_feature=15 24 6 8 7 22
split_gain=0.0883723 0.12906 0.0848203 0.256962 0.115786 0.366807
threshold=2.5000000000000004 2.5000000000000004 0.47458193080532401 0.11351506017589515 0.096806895507574001 0.013786453090246481
decision_type=2 2 2 2 2 2
left_child=2 -2 4 -4 -1 -6
right_child=1 -3 3 -5 5 -7
leaf_value=4.6262853462063119e-05 -0.0024806636704734655 0.00060506944886160356 -0.00059059024750913948 0.0030653045049687244 -0.0012044792338732327 0.0010863769482830946
leaf_weight=1935.5530509657401 20.744897485245019 14.874552603694609 33.59318800206529 20.770551745314151 217.12719514494529 78.201093042269349
leaf_count=24652 284 203 342 184 2002 717
internal_value=-3.44872e-05 -0.0013419 -8.35123e-06 0.00106544 -3.91558e-05 -0.000582161
internal_weight=2320.86 35.6195 2285.25 54.3637 2230.88 295.328
internal_count=28384 487 27897 526 27371 2719
is_linear=0
shrinkage=0.03


Tree=325
num_leaves=7
num_cat=0
split_feature=11 5 7 14 1 11
split_gain=0.0894014 0.0997294 0.179454 0.0789849 0.106863 0.0793892
threshold=0.1237091212798322 0.068165877270530875 0.052079304779513766 0.027661524865742027 -0.0081479043553425775 0.072109240173941103
decision_type=2 2 2 2 2 2
left_child=3 -2 -3 4 -1 -5
right_child=1 2 -4 5 -6 -7
leaf_value=0.00025147540455572283 0.0021035030265317625 -0.0012047943022249232 0.0016001034431618452 8.7694167016843814e-05 -0.0017977732753063395 -0.00050663929303390749
leaf_weight=38.030142040079227 28.60197250591591 33.438115569239017 29.001792964758351 1960.3587536178529 40.381349205563311 215.4418213237077
leaf_count=3347 291 399 278 19458 2785 2021
internal_value=3.0293e-05 0.000903311 0.000139052 -8.79978e-06 -0.000887847 2.67963e-05
internal_weight=2345.25 91.0419 62.4399 2254.21 78.4115 2175.8
internal_count=28579 968 677 27611 6132 21479
is_linear=0
shrinkage=0.03


Tree=326
num_leaves=7
num_cat=0
split_feature=11 11 2 2 11 20
split_gain=0.105618 0.157008 0.196579 0.319741 0.210254 0.208734
threshold=0.0025408093865052156 0.015052764362901195 -0.019326247118881885 -0.091742951115453455 0.12734043717877583 0.13835641913278782
decision_type=2 2 2 2 2 2
left_child=-1 -2 3 -3 -4 -5
right_child=1 2 4 5 -6 -7
leaf_value=9.6357939195290508e-05 -0.0010481526272695068 -0.00040036125903233335 -0.0013999002750353395 0.0011036770891842938 0.001135410259742184 -0.0016092363389212912
leaf_weight=1199.5083493518177 199.84371593769174 458.06724141424638 158.09979586265399 260.93534055163036 27.809293345315382 19.388132860418409
leaf_count=14730 2504 6002 1966 2751 293 208
internal_value=-9.91835e-05 -0.000306844 -0.000137062 8.59667e-05 -0.000982057 0.000867077
internal_weight=2323.65 1124.14 924.3 738.391 185.909 280.323
internal_count=28454 13724 11220 8961 2259 2959
is_linear=0
shrinkage=0.03


Tree=327
num_leaves=7
num_cat=0
split_feature=7 14 14 7 14 22
split_gain=0.085938 0.100531 0.0961774 0.09372 0.360128 0.231873
threshold=-0.10750770994707606 0.042563604552593268 0.02868019551154518 0.087091821336873293 0.10074512176218835 0.072397321417493027
decision_type=2 2 2 2 2 2
left_child=1 -1 -2 -4 -5 -6
right_child=2 -3 3 4 5 -7
leaf_value=0.00090916460324539175 -0.00089982292118732704 -0.00093360272284916286 0.00024042922607416252 0.0013108595117324886 -0.0010781718291302379 0.0010513316613072706
leaf_weight=24.433471753058257 72.858391785848653 130.69690557569265 1701.8495194707066 91.07706244289875 269.50018330663443 46.779491975903511
leaf_count=1719 5182 1575 16767 1385 1635 274
internal_value=5.4454e-05 -0.000605881 0.000103949 0.000142705 -0.000261544 -0.000740638
internal_weight=2337.2 155.13 2182.06 2109.21 407.357 316.28
internal_count=28537 3294 25243 20061 3294 1909
is_linear=0
shrinkage=0.03


Tree=328
num_leaves=7
num_cat=0
split_feature=22 4 14 12 23 11
split_gain=0.111296 0.232898 0.140138 0.136465 0.230005 0.294763
threshold=-0.16251717978601601 0.0065989054764286946 0.26325530413933823 1.845192716743622 0.0831394700281778 0.0039979689122915966
decision_type=2 2 2 2 2 2
left_child=1 2 -1 -2 5 -5
right_child=3 -3 -4 4 -6 -7
leaf_value=-0.0004981276483957632 1.5901987276525038e-05 0.0019930458994923245 -0.0024773394380726804 0.0026796455257667891 -0.00083351595256506475 -2.7545082620822095e-05
leaf_weight=150.49418583148508 1940.3371839980828 17.757727516989689 33.923450231552124 69.790035545825958 46.876094222068787 65.885555565357208
leaf_count=2615 24637 220 157 314 208 299
internal_value=2.65039e-05 -0.000628902 -0.000970899 9.15781e-05 0.000853338 0.00145336
internal_weight=2325.06 202.175 184.418 2122.89 182.552 135.676
internal_count=28450 2992 2772 25458 821 613
is_linear=0
shrinkage=0.03


Tree=329
num_leaves=7
num_cat=0
split_feature=18 6 23 7 6 0
split_gain=0.0991828 0.178974 0.208992 0.216911 0.137309 0.126762
threshold=1.0000000180025095e-35 -0.19846664801224331 0.0831394700281778 0.025119026438497755 0.47458193080532401 0.27500843015199516
decision_type=2 2 2 2 2 2
left_child=4 -2 3 -3 5 -1
right_child=1 2 -4 -5 -6 -7
leaf_value=7.1528111937505486e-05 0.0014951845071801591 -0.0025803339656343682 0.00070101143963949872 -2.2982956782324969e-05 0.0014273380788126673 -0.00089174392591671512
leaf_weight=1989.838248617365 20.98617377737537 70.040477496804669 41.219385557342321 47.891366726602428 53.588151711504906 121.00780570576899
leaf_count=25104 232 689 343 426 512 1310
internal_value=-3.67168e-06 -0.000660713 -0.00101658 -0.00162478 5.37984e-05 1.23626e-05
internal_weight=2344.57 180.137 159.151 117.932 2164.43 2110.85
internal_count=28616 1690 1458 1115 26926 26414
is_linear=0
shrinkage=0.03


Tree=330
num_leaves=7
num_cat=0
split_feature=2 11 2 5 5 9
split_gain=0.0915601 0.260403 0.266147 0.258151 0.22505 0.273484
threshold=-0.14764438593013793 0.07092886589450377 -0.15175518308926603 -0.13038870352439422 0.02352343265814056 0.028700044238621481
decision_type=2 2 2 2 2 2
left_child=1 2 3 -1 -2 -6
right_child=4 -3 -4 -5 5 -7
leaf_value=-0.00091116405052435532 -0.00036855211203607358 -0.0015095809774101209 0.0023145549395485162 0.00050180530460333607 0.0013389415997708657 -0.00051481656306623131
leaf_weight=139.34049215057166 1274.3985890975309 63.298700172483223 48.249131016083993 521.00474808111903 159.06587084295461 116.98163320741151
leaf_count=2246 14272 904 488 7718 1714 1014
internal_value=-6.76629e-05 0.000197671 0.000369065 0.000194508 -0.00020018 0.000562833
internal_weight=2322.34 771.893 708.594 660.345 1550.45 276.048
internal_count=28356 11356 10452 9964 17000 2728
is_linear=0
shrinkage=0.03


Tree=331
num_leaves=7
num_cat=0
split_feature=11 13 14 11 6 3
split_gain=0.0951417 0.130443 0.168775 0.118965 0.115539 0.124379
threshold=-0.090659555424422958 2.0126758453675748 0.26876967110187672 -0.075445754850262448 -0.1380981427065853 -0.080688275682549174
decision_type=2 2 2 2 2 2
left_child=1 -1 4 -2 -3 -6
right_child=3 2 -4 -5 5 -7
leaf_value=-0.0020099120023436244 0.0013748842825606284 0.00087783990341596036 0.0018206069712754579 0.00016012230372627016 -0.0013632969837971578 0.00080477838318061953
leaf_weight=29.70221973315347 65.50846827722853 34.048125969769899 24.216487661004066 2049.228607454992 98.091504311654717 23.334415678749792
leaf_count=268 793 760 111 24736 1458 298
internal_value=0.000143168 -0.000452932 -0.000103179 0.000204046 -0.000494741 -0.000917125
internal_weight=2324.13 209.393 179.691 2114.74 155.474 121.426
internal_count=28424 2895 2627 25529 2516 1756
is_linear=0
shrinkage=0.03


Tree=332
num_leaves=7
num_cat=0
split_feature=11 20 0 7 2 7
split_gain=0.109487 0.14239 0.0892316 0.12736 0.124197 0.12409
threshold=0.12734043717877583 -0.003647539369785797 -0.57798489088274752 -0.11251980112901676 -0.20343124864130055 -0.060764088433777931
decision_type=2 2 2 2 2 2
left_child=2 -2 -1 4 -4 -5
right_child=1 -3 3 5 -6 -7
leaf_value=0.001247942929042114 -0.00073557654259970859 0.0017032579648101481 0.00024521524569237358 0.0006878569101769138 -0.0017186587176653426 -0.00011119186450066128
leaf_weight=35.522282987978542 24.599328699143371 58.670978621696122 41.584005546581466 182.27892009550123 71.188415344979148 1930.1389625105221
leaf_count=915 284 590 1119 2709 1157 21741
internal_value=-2.63511e-05 0.000981169 -6.76193e-05 -9.41098e-05 -0.00103351 -3.93265e-05
internal_weight=2343.98 83.2703 2260.71 2225.19 112.772 2112.42
internal_count=28515 874 27641 26726 2276 24450
is_linear=0
shrinkage=0.03


Tree=333
num_leaves=7
num_cat=0
split_feature=0 4 12 10 7 9
split_gain=0.0716336 0.114088 0.13985 0.119635 0.106415 0.149934
threshold=0.14332896383286889 -0.18349966293922571 1.2330545454763429 0.045748957564831487 0.080038217529307953 0.064806262418023231
decision_type=2 2 2 2 2 2
left_child=4 -2 -3 -4 -1 -6
right_child=1 2 3 -5 5 -7
leaf_value=-9.4296958100747553e-06 0.0014822418327224837 -0.00025113259682398048 0.00013994775366845899 0.0020357059944103614 -0.00019888701575590078 -0.0019297954483985813
leaf_weight=1682.3425820458506 56.06495503167389 267.61785869361483 72.117535568773746 43.291896425187588 159.22364911716431 54.371145716169849
leaf_count=22064 620 3270 349 215 1589 473
internal_value=-1.09396e-05 0.000329964 0.000127879 0.000956697 -9.12086e-05 -0.000706097
internal_weight=2335.03 439.092 383.027 115.409 1895.94 213.595
internal_count=28580 4454 3834 564 24126 2062
is_linear=0
shrinkage=0.03


Tree=334
num_leaves=7
num_cat=0
split_feature=3 3 3 23 13 8
split_gain=0.107556 0.177786 0.175229 0.0815742 0.226767 0.132158
threshold=0.04197689840540559 0.094621633110485256 0.023199759696673466 -0.34588158196367297 2.249904835165133 0.087630582331575321
decision_type=2 2 2 2 2 2
left_child=2 -2 3 4 -1 -6
right_child=1 -3 -4 -5 5 -7
leaf_value=-0.0012622271600924422 -0.0019686467831131118 0.00073670080422658969 0.0017512071493897051 0.00012865807039100463 -0.00011116391111293703 0.0016971298579350723
leaf_weight=138.92492851486895 47.629525384865701 28.441871027054731 45.84999390761368 1860.3897893069952 174.64714040962281 35.600920910947025
leaf_count=1679 533 425 428 21971 3020 477
internal_value=5.21896e-05 -0.000989086 9.15211e-05 4.93468e-05 -0.00036504 0.000258184
internal_weight=2331.48 76.0714 2255.41 2209.56 349.173 210.248
internal_count=28533 958 27575 27147 5176 3497
is_linear=0
shrinkage=0.03


Tree=335
num_leaves=7
num_cat=0
split_feature=12 11 7 9 12 12
split_gain=0.123506 0.158124 0.332867 0.204419 0.147079 0.133046
threshold=2.2216852716862254 0.073375550491642974 0.015750847961232921 0.082573062535320804 -0.27005388400432911 0.39694749525372069
decision_type=2 2 2 2 2 2
left_child=1 -1 4 5 -3 -4
right_child=-2 2 3 -5 -6 -7
leaf_value=8.9234847461333496e-05 0.0011276553638026733 0.00058036602798801123 0.0019367281735219281 -0.0016373182019100328 -0.0022651598416778165 4.7861414065273884e-05
leaf_weight=1978.4485869926575 79.750856220722198 15.11173301070812 41.069397754821694 33.860009919386357 96.103813098743558 99.433308213949203
leaf_count=24930 343 626 805 298 922 663
internal_value=3.62019e-05 -7.03457e-06 -0.000654431 0.000175374 -0.00186253 0.000691982
internal_weight=2343.78 2264.03 285.578 174.363 111.216 140.503
internal_count=28587 28244 3314 1766 1548 1468
is_linear=0
shrinkage=0.03


Tree=336
num_leaves=7
num_cat=0
split_feature=0 25 8 10 12 4
split_gain=0.0915075 0.0860637 0.185974 0.173781 0.194527 0.309472
threshold=0.49137279211970858 -0.15121687017724014 0.040533582640862091 0.10479522764711426 0.39694749525372069 -0.037221019578902122
decision_type=2 2 2 2 2 2
left_child=1 -1 -3 4 -4 -6
right_child=-2 2 3 -5 5 -7
leaf_value=0.00033504909852545193 0.0014180820207416133 0.00017316803029664396 0.00053936324659899031 -0.0020639591679702776 -0.00096166826081114172 0.0013232746030526238
leaf_weight=631.17534490875551 34.175160179089289 1040.8712970190973 164.09953249222599 46.797707629564684 370.40147414058447 53.12562644854188
leaf_count=7929 338 13383 3520 550 2518 346
internal_value=6.54432e-05 3.93658e-05 -7.33613e-05 -0.000474241 -0.000315221 -0.000651141
internal_weight=2340.65 2306.47 1675.3 634.424 587.627 423.527
internal_count=28584 28246 20317 6934 6384 2864
is_linear=0
shrinkage=0.03


Tree=337
num_leaves=7
num_cat=0
split_feature=10 12 12 4 23 23
split_gain=0.1143 0.118535 0.0823075 0.132813 0.123064 0.191081
threshold=-0.12795175703621778 0.93520669430291514 1.845192716743622 -0.084595516973814081 -0.57885313045903952 -0.69468635556691583
decision_type=2 2 2 2 2 2
left_child=1 -1 4 -4 5 -2
right_child=2 -3 3 -5 -6 -7
leaf_value=9.8440956535556762e-06 -3.3917563481491421e-05 0.0024901108827505292 0.0010502249374195465 -0.00049158968588015959 -0.00021012336382950463 0.0020057088173483211
leaf_weight=37.861875843227608 136.48519902734552 22.122438665479422 125.33713610470295 72.465764328837395 1900.2840308842133 49.098936158348806
leaf_count=774 2392 132 564 328 23631 747
internal_value=-4.49402e-05 0.00114968 -8.11944e-05 0.000488901 -0.000137331 0.000580655
internal_weight=2343.66 59.9843 2283.67 197.803 2085.87 185.584
internal_count=28568 906 27662 892 26770 3139
is_linear=0
shrinkage=0.03


Tree=338
num_leaves=7
num_cat=0
split_feature=22 14 3 9 22 4
split_gain=0.0907034 0.123429 0.19776 0.291912 0.343806 0.17437
threshold=-0.079005029170635718 0.10891123758241884 -0.1636185867419844 0.0061656787275190398 -0.0023418700777674026 -0.046878697272525714
decision_type=2 2 2 2 2 2
left_child=-1 -2 3 4 -3 -6
right_child=1 2 -4 -5 5 -7
leaf_value=-0.0004089706145103973 0.0003986990974918942 0.0017342793995792913 -0.00036133067950200142 0.002167081856472357 -0.00089300793976725319 0.00094333581281391286
leaf_weight=440.7845731243433 642.76339531425037 73.000185154378414 860.44335783272982 62.645760297775269 194.65549337118864 51.377144336700439
leaf_count=5990 14444 502 5442 398 1300 336
internal_value=-2.65895e-05 6.45176e-05 -0.000110215 0.000450663 5.80057e-05 -0.000487671
internal_weight=2325.67 1884.89 1242.12 381.679 319.033 246.033
internal_count=28412 22422 7978 2536 2138 1636
is_linear=0
shrinkage=0.03


Tree=339
num_leaves=7
num_cat=0
split_feature=0 23 14 22 11 0
split_gain=0.110163 0.0931536 0.26526 0.104526 0.128873 0.135833
threshold=0.46586906684600954 -0.29108432140184476 0.37533345012189662 -0.21437565258868932 0.020519044572665252 0.019404760705331706
decision_type=2 2 2 2 2 2
left_child=1 2 -1 4 5 -3
right_child=-2 3 -4 -5 -6 -7
leaf_value=-0.00027205290519666882 0.0013464988515139416 0.00072390341007159509 -0.0032081086833830597 5.9695031172739822e-05 -0.0021847013394697841 -0.0018766797967252216
leaf_weight=383.29386945770239 39.459467769949697 50.478154938406078 20.109885826706886 1781.6424889704067 32.623663127073087 15.791973302490076
leaf_count=5790 416 790 85 20649 473 202
internal_value=-5.47639e-05 -8.47377e-05 -0.000492479 4.87124e-06 -0.000897599 -6.06126e-05
internal_weight=2323.4 2283.94 403.404 1880.54 98.8938 66.2701
internal_count=28405 27989 5875 22114 1465 992
is_linear=0
shrinkage=0.03


Tree=340
num_leaves=7
num_cat=0
split_feature=14 15 24 3 14 2
split_gain=0.105375 0.0966469 0.201272 0.168305 0.132044 0.176739
threshold=0.016583366642923654 1.5000000000000002 2.5000000000000004 -0.05711566095057282 0.41385917847164688 -0.10436194045125197
decision_type=2 2 2 2 2 2
left_child=-1 4 3 -3 -2 -6
right_child=1 2 -4 -5 5 -7
leaf_value=-0.0014988556098140451 0.00016541128570653977 -0.001825831440687987 0.00040590312927471799 0.00033968869658208964 0.00036164394402261581 -0.0020159967330368165
leaf_weight=30.826526114920853 1934.6981140486896 101.46601959038526 118.35111189354211 41.569934196770191 48.556565582752228 49.397595852613449
leaf_count=3896 21023 1297 1335 428 200 204
internal_value=1.19968e-05 3.87163e-05 -0.0004934 -0.0012154 0.000109224 -0.000913061
internal_weight=2324.87 2294.04 261.387 143.036 2032.65 97.9542
internal_count=28383 24487 3060 1725 21427 404
is_linear=0
shrinkage=0.03


Tree=341
num_leaves=7
num_cat=0
split_feature=10 6 7 6 10 8
split_gain=0.0920563 0.152635 0.197973 0.190112 0.130838 0.181899
threshold=0.1027253599861722 0.18108161257659564 0.054001687910861608 -0.039151151733959097 0.02927230449311723 0.18821883252260022
decision_type=2 2 2 2 2 2
left_child=4 2 3 -2 -1 -6
right_child=1 -3 -4 -5 5 -7
leaf_value=-0.00015380836495045003 0.0009436054744156214 -0.0018796210852365018 0.0015072664585920282 -0.0018445011507446766 0.00021374971614021864 0.0022018219906755291
leaf_weight=1523.3338312782871 26.634946225240128 54.357344270771137 37.729663995327428 51.303228106116876 608.16635256212612 34.751940266229212
leaf_count=19102 411 554 409 639 7126 380
internal_value=-5.65585e-05 -0.000708407 -5.22299e-05 -0.000892729 -2.37605e-06 0.000353289
internal_weight=2336.28 170.025 115.668 77.9382 2166.25 642.918
internal_count=28621 2013 1459 1050 26608 7506
is_linear=0
shrinkage=0.03


Tree=342
num_leaves=7
num_cat=0
split_feature=12 14 7 20 13 9
split_gain=0.0834029 0.120352 0.233632 0.18445 0.15322 0.15133
threshold=2.1262134057663959 0.14177601981863511 0.10990221429269595 0.10132930415284148 1.8688348091416842 -0.039122423451874534
decision_type=2 2 2 2 2 2
left_child=1 2 3 4 -1 -3
right_child=-2 5 -4 -5 -6 -7
leaf_value=0.0017308754799971698 0.00082645144099237865 0.00039245772900179125 0.0014388915824479426 0.0010074987447617138 -0.00021216238102188907 -0.0004376238434794865
leaf_weight=28.23409620730672 97.458259433507919 247.51948843151331 110.43178552080644 140.87891202757601 829.65726967969385 857.26228836923838
leaf_count=463 425 1525 1645 2729 16622 5033
internal_value=1.01977e-05 -2.92879e-05 0.000190612 3.96969e-05 -0.000129008 -0.000249797
internal_weight=2311.44 2213.98 1109.2 998.77 857.891 1104.78
internal_count=28442 28017 21459 19814 17085 6558
is_linear=0
shrinkage=0.03


Tree=343
num_leaves=7
num_cat=0
split_feature=6 0 8 0 0 2
split_gain=0.136361 0.11953 0.120259 0.308064 0.142851 0.138063
threshold=0.33929199159742401 0.27500843015199516 0.23216899988254566 1.0000000180025095e-35 0.24097736315944376 -0.059160457440644701
decision_type=2 2 2 2 2 2
left_child=1 2 4 -4 5 -1
right_child=-2 -3 3 -5 -6 -7
leaf_value=3.4295871743847257e-05 0.00081659144958928299 -0.0013397275384235624 0.0029285139783644691 -0.0012825653672760002 0.0015755940633841389 -0.00054040604684132477
leaf_weight=1548.7216808455996 158.27093346591573 54.724969779024832 28.542015376908239 18.783727417088812 36.570122919336427 486.48566119698808
leaf_count=19603 1606 587 335 184 367 5829
internal_value=-6.32848e-06 -6.97081e-05 -3.0772e-05 0.00132495 -6.79566e-05 -0.000105049
internal_weight=2332.1 2173.83 2119.1 47.3257 2071.78 2035.21
internal_count=28511 26905 26318 519 25799 25432
is_linear=0
shrinkage=0.03


Tree=344
num_leaves=7
num_cat=0
split_feature=11 11 11 14 11 11
split_gain=0.140287 0.189524 0.131364 0.118047 0.131164 0.217522
threshold=-0.17568712271944514 -0.15641386897587173 -0.20903324178057484 0.39316636867906257 0.11129591335915441 0.073375550491642974
decision_type=2 2 2 2 2 2
left_child=2 -2 -1 4 5 -3
right_child=1 3 -4 -5 -6 -7
leaf_value=-0.0001702434931361898 -0.0024222934758692592 7.2079150788543055e-05 0.0028595633477317148 -0.00084585400411040998 0.00095338271448543969 -0.0010449768925685093
leaf_weight=21.167658078717068 19.901633126311935 1854.7298320860282 19.166815324686468 135.22943782806396 122.18947081614169 161.30721318372525
leaf_count=393 296 23704 302 559 1346 1958
internal_value=-1.52545e-05 -4.94279e-05 0.00155159 -1.8139e-05 3.79025e-05 -2.20154e-05
internal_weight=2333.69 2293.36 40.3345 2273.46 2138.23 2016.04
internal_count=28558 27863 695 27567 27008 25662
is_linear=0
shrinkage=0.03


Tree=345
num_leaves=7
num_cat=0
split_feature=11 5 6 6 5 20
split_gain=0.107607 0.116531 0.146378 0.204528 0.143852 0.15271
threshold=-0.18586999569742521 -0.17143440956543396 -0.082998536208500007 0.083913853468727845 -0.085077440799296022 0.086548287359567072
decision_type=2 2 2 2 2 2
left_child=-1 2 -2 -4 -3 -6
right_child=1 4 3 -5 5 -7
leaf_value=0.0014885409465105147 0.00066324198210700636 0.00054519628214348768 -0.0029136570088498337 2.3939579214680981e-05 -0.00019711787546632735 0.00056269746342933595
leaf_weight=33.600760780565906 30.591948000248522 393.64829981391085 37.233698649914004 38.602322553866543 1539.835616405675 271.4263181455899
leaf_count=597 562 4707 480 459 18493 3357
internal_value=1.20129e-05 -1.57719e-05 -0.000940813 -0.00158977 3.29246e-05 -8.07915e-05
internal_weight=2344.94 2311.34 106.428 75.836 2204.91 1811.26
internal_count=28655 28058 1501 939 26557 21850
is_linear=0
shrinkage=0.03


Tree=346
num_leaves=7
num_cat=0
split_feature=11 9 8 11 11 3
split_gain=0.109679 0.163134 0.240101 0.181565 0.119329 0.19947
threshold=0.11129591335915441 0.034855401326718036 0.068971897671771462 0.13094800761713285 0.07712682992281604 -0.10204420078489045
decision_type=2 2 2 2 2 2
left_child=4 2 3 -2 -1 -6
right_child=1 -3 -4 -5 5 -7
leaf_value=2.5665839752299645e-05 0.0015343540737057979 -0.00048747894645456079 0.0029078369559307634 -0.0018770439633023375 -0.0014277491369891959 0.00083784801212983769
leaf_weight=2065.9350448914483 18.096525713917799 47.632044619647786 42.439330474211602 18.196401745546609 113.91513743987889 41.114747166051529
leaf_count=25532 229 432 461 227 1366 413
internal_value=1.43221e-05 0.000840211 0.00160786 -0.000212038 -3.62232e-05 -0.00081254
internal_weight=2347.33 126.364 78.7323 36.2929 2220.96 155.03
internal_count=28660 1349 917 456 27311 1779
is_linear=0
shrinkage=0.03


Tree=347
num_leaves=7
num_cat=0
split_feature=5 5 7 23 23 0
split_gain=0.0766169 0.150754 0.132048 0.17753 0.139418 0.124357
threshold=-0.17143440956543396 -0.14765971853646218 -0.038258393754271793 0.029841192091642824 -0.67195475637705659 -0.0051056284576169722
decision_type=2 2 2 2 2 2
left_child=2 5 4 -4 -1 -2
right_child=1 -3 3 -5 -6 -7
leaf_value=-0.0015749348043086169 -7.8435960157731768e-05 -1.1340760869422352e-06 -0.0020559539617232706 0.00051286012486173854 0.001525555660070721 0.0023681070593000067
leaf_weight=9.6901861811638792 30.962704397388734 2122.6098488958814 63.561616780469194 31.066948849242181 32.046676940575708 34.929789122194052
leaf_count=262 440 25680 846 340 592 396
internal_value=1.59459e-06 4.58344e-05 -0.000663025 -0.00124419 0.000640429 0.00135963
internal_weight=2324.87 2188.5 136.365 94.6286 41.7369 65.8925
internal_count=28556 26516 2040 1186 854 836
is_linear=0
shrinkage=0.03


Tree=348
num_leaves=7
num_cat=0
split_feature=21 20 9 2 15 2
split_gain=0.0895234 0.242638 0.234057 0.16236 0.168509 0.146734
threshold=1.0000000180025095e-35 -1.0000000180025095e-35 0.013910249214652769 -0.15614127591284491 1.5000000000000002 -0.14830994087577634
decision_type=2 2 2 2 2 2
left_child=1 2 -1 4 -3 -5
right_child=-2 3 -4 5 -6 -7
leaf_value=-0.00018269004577164488 -0.00010284111941665412 -0.00079168316940302606 0.0033943432333863027 0.0022037918901269445 0.0016248398442977193 0.0002718874558835539
leaf_weight=25.550698909675702 1487.7323076704633 210.64475885508 31.812049525324255 28.342727266252041 20.01477918936871 533.90155569936906
leaf_count=394 18797 3002 317 287 282 5474
internal_value=3.7423e-05 0.000281189 0.00201045 0.000132604 -0.000523194 0.000406084
internal_weight=2338 850.267 57.3627 792.904 230.66 562.244
internal_count=28553 9756 711 9045 3284 5761
is_linear=0
shrinkage=0.03


Tree=349
num_leaves=7
num_cat=0
split_feature=24 23 23 1 23 5
split_gain=0.0817887 0.120792 0.148055 0.113089 0.139973 0.0819775
threshold=7.5000000000000009 0.20557854401914447 0.11800967529860353 -0.0061679697036600952 -0.31970166604574041 -0.27807776025980147
decision_type=2 2 2 2 2 2
left_child=5 2 3 4 -2 -1
right_child=1 -3 -4 -5 -6 -7
leaf_value=0.001551782994643436 -0.00021033347261210266 0.0017438800627310644 -0.0020145076379280156 -0.0008373411116786827 0.0022385606991626359 -8.9403378515391459e-05
leaf_weight=17.760934634599835 36.168284168234095 46.704941568779759 15.489773229113778 30.395005712751299 35.409917031007353 2154.7062146984099
leaf_count=332 580 560 175 322 471 26131
internal_value=-1.90904e-05 0.000606627 5.31007e-05 0.000519032 0.00112704 -6.89372e-05
internal_weight=2336.64 164.168 117.463 101.973 71.5782 2172.47
internal_count=28571 2108 1548 1373 1051 26463
is_linear=0
shrinkage=0.03


Tree=350
num_leaves=7
num_cat=0
split_feature=12 13 7 12 13 7
split_gain=0.0704799 0.230394 0.211582 0.19187 0.186217 0.280867
threshold=0.64445036247736109 1.8688348091416842 0.10074457303660554 0.82828075264688927 1.8688348091416842 0.091574273898432354
decision_type=2 2 2 2 2 2
left_child=4 -2 3 -3 -1 -6
right_child=1 2 -4 -5 5 -7
leaf_value=0.0015249323210802753 -0.0016324387279052375 -0.0006795676331087648 -0.00084646271773398225 0.00037846519048865954 -9.2868958254139157e-05 0.0013977267187470109
leaf_weight=82.625894775148481 71.764601297676563 178.59218468517065 204.14603285118937 847.02586178481579 817.66107073248713 121.97651475132443
leaf_count=879 335 1588 1198 5208 17289 1979
internal_value=5.58329e-05 -9.039e-05 1.20399e-05 0.000189446 0.000241073 0.00011331
internal_weight=2323.79 1301.53 1229.76 1025.62 1022.26 939.638
internal_count=28476 8329 7994 6796 20147 19268
is_linear=0
shrinkage=0.03


Tree=351
num_leaves=7
num_cat=0
split_feature=24 2 22 14 20 5
split_gain=0.156246 0.210341 0.180861 0.271157 0.192788 0.185468
threshold=3.5000000000000004 -0.32014786809035239 0.057173184191194951 0.21036525498585271 0.073366269365729223 0.0039563209565528839
decision_type=2 2 2 2 2 2
left_child=1 -1 -3 4 -4 -6
right_child=-2 2 3 -5 5 -7
leaf_value=-0.0019592831699092352 0.0002766868461344597 -1.3610396306963849e-05 -0.0022859168673497053 -0.002090981268796384 -0.00030063060619385583 0.001911339692147125
leaf_weight=52.021015591337346 753.27975290402537 1243.0946400186513 23.378034129156731 92.085170224308968 148.06132484687259 33.616240724222735
leaf_count=1383 9171 14606 344 443 2224 428
internal_value=-7.69645e-05 -0.000244956 -0.00017479 -0.00082669 -0.0001881 0.000187019
internal_weight=2345.54 1592.26 1540.24 297.141 205.056 181.678
internal_count=28599 19428 18045 3439 2996 2652
is_linear=0
shrinkage=0.03


Tree=352
num_leaves=7
num_cat=0
split_feature=24 22 23 8 2 13
split_gain=0.135963 0.182118 0.262578 0.167696 0.131465 0.127184
threshold=3.5000000000000004 0.013786453090246481 0.20557854401914447 -0.13843202104682187 -0.30538863271611455 2.1383330595080281
decision_type=2 2 2 2 2 2
left_child=4 2 3 -2 -1 -5
right_child=1 -3 -4 5 -6 -7
leaf_value=-0.0014395541725706863 0.0015422997077513189 0.0010071029981501623 0.0010063169578514468 -0.0015137488315541407 -0.00012505595632308959 -0.00025080095231665926
leaf_weight=61.924625900370302 26.582925085065654 220.12376679445151 155.04420562033192 90.311608067364432 1509.1499560959637 271.38754301858717
leaf_count=1587 649 2649 1704 809 17691 3422
internal_value=-2.63039e-05 0.000299758 1.62245e-07 -0.000416783 -0.000185645 -0.000598384
internal_weight=2334.52 763.45 543.326 388.282 1571.07 361.699
internal_count=28511 9233 6584 4880 19278 4231
is_linear=0
shrinkage=0.03


Tree=353
num_leaves=7
num_cat=0
split_feature=8 20 6 9 8 10
split_gain=0.127321 0.107313 0.211127 0.167144 0.132056 0.185912
threshold=0.30369138395519463 0.028345673326884206 0.15759304808446684 0.0054541300413041985 -0.0064160169160059682 0.015419407682309901
decision_type=2 2 2 2 2 2
left_child=1 -1 -3 -4 -5 -6
right_child=-2 2 3 4 5 -7
leaf_value=-0.00019977575448388302 0.0018609040966128104 -5.8265226142336586e-05 -0.00070412817164899031 0.00015373463644496012 0.00069077608798102268 0.003724528922943711
leaf_weight=1736.549424560013 20.756364240194671 438.22549971909029 25.982679367996752 35.429319617920555 39.947334700147621 35.051104164100252
leaf_count=21339 228 5643 299 370 336 306
internal_value=-5.71557e-05 -8.23243e-05 0.00026996 0.00125636 0.00173781 0.00238
internal_weight=2331.94 2311.19 574.636 136.41 110.428 74.9984
internal_count=28521 28293 6954 1311 1012 642
is_linear=0
shrinkage=0.03


Tree=354
num_leaves=7
num_cat=0
split_feature=3 3 12 5 5 20
split_gain=0.111596 0.1459 0.131624 0.174396 0.149097 0.127105
threshold=-0.12749624343694693 -0.13000385899120373 -0.21108841708267964 0.018505584502003725 -0.014015765860863125 0.049885092217824549
decision_type=2 2 2 2 2 2
left_child=1 -1 3 4 -2 -6
right_child=2 -3 -4 -5 5 -7
leaf_value=0.00014321498108780948 0.0012512562370553669 0.0017978657704809705 -0.00033201317067169242 0.002959719756219148 -0.0019986514943165679 0.00076510308952710063
leaf_weight=1301.2318730023253 42.452540709113237 39.946554354508407 888.6660154890269 15.147965666023081 27.913162775570527 17.798877428052947
leaf_count=17276 1446 456 7244 427 992 677
internal_value=2.76433e-05 0.000205439 -0.000212392 0.000755047 0.000113334 -0.000978356
internal_weight=2333.16 1341.18 991.979 103.313 88.1646 45.712
internal_count=28518 17732 10786 3542 3115 1669
is_linear=0
shrinkage=0.03


Tree=355
num_leaves=7
num_cat=0
split_feature=6 6 12 9 2 17
split_gain=0.0750551 0.216654 0.245695 0.169446 0.165768 0.161308
threshold=0.074773325052908665 0.064412093588239488 0.50583934969652466 0.13616515716286648 -0.17267390338435781 1.5000000000000002
decision_type=2 2 2 2 2 2
left_child=1 3 -3 5 -2 -1
right_child=4 2 -4 -5 -6 -7
leaf_value=0.00013142368197209355 -0.00055145233321788202 0.00059625504710639373 -0.0030786740386109361 -0.001109102488450733 0.00039646230882768303 -0.0012826042308264987
leaf_weight=1143.3153298088873 202.49029678560328 21.216664879000746 35.445707432925701 116.93182533583604 758.15618866175646 67.495998447935563
leaf_count=15390 2715 417 233 1343 7378 1133
internal_value=-9.56959e-06 -0.000150533 -0.00181961 -6.62341e-05 0.000193033 4.2739e-05
internal_weight=2345.05 1384.41 56.6624 1327.74 960.646 1210.81
internal_count=28609 18516 650 17866 10093 16523
is_linear=0
shrinkage=0.03


Tree=356
num_leaves=7
num_cat=0
split_feature=0 25 14 7 25 9
split_gain=0.0956624 0.103196 0.157392 0.233804 0.156294 0.155071
threshold=0.58092791144575839 -0.21223249829241006 0.20437088382199084 0.082851968726798952 -0.19285269864219048 0.0015837868479955804
decision_type=2 2 2 2 2 2
left_child=1 2 -1 5 -3 -4
right_child=-2 4 3 -5 -6 -7
leaf_value=-4.0254850331878252e-05 0.0017429045199587614 -0.0020241155994443608 0.0029740159302082039 -0.00052279695225523795 -0.00012239399443044084 0.00066058041642681905
leaf_weight=368.92135677978513 16.928597250138409 29.857026714133099 45.757449761033058 52.471974730491638 1741.1879573762126 63.260855987668037
leaf_count=5981 171 343 236 249 21061 315
internal_value=-3.51194e-05 -5.56815e-05 0.000307737 0.00105871 -0.000165639 0.00179988
internal_weight=2318.39 2301.46 530.412 161.49 1771.04 109.018
internal_count=28356 28185 6781 800 21404 551
is_linear=0
shrinkage=0.03


Tree=357
num_leaves=7
num_cat=0
split_feature=10 7 7 7 11 12
split_gain=0.105015 0.0779713 0.112537 0.155373 0.121152 0.0983958
threshold=-0.15550802908845909 -0.110171842931082 -0.044178069626222179 -0.031371926671917141 0.073375550491642974 0.50583934969652466
decision_type=2 2 2 2 2 2
left_child=-1 -2 4 -4 5 -3
right_child=1 2 3 -5 -6 -7
leaf_value=0.0017385354653055129 -0.00062105504874206867 0.00014612654031322217 -0.0011951308240180456 5.2028956260536973e-05 -0.0010204381320321736 0.0013377709329399059
leaf_weight=22.775259423884563 145.43952910264488 111.16892876967904 84.608048545022029 1797.8651955901878 27.3732150256983 140.44473446533084
leaf_count=344 3061 2646 1076 19945 405 1039
internal_value=5.22578e-05 2.81779e-05 7.45222e-05 -1.00438e-05 0.000625736 0.000836985
internal_weight=2329.67 2306.9 2161.46 1882.47 278.987 251.614
internal_count=28516 28172 25111 21021 4090 3685
is_linear=0
shrinkage=0.03


Tree=358
num_leaves=7
num_cat=0
split_feature=0 25 8 2 22 25
split_gain=0.0913273 0.0815357 0.14389 0.146569 0.154355 0.120005
threshold=0.58092791144575839 -0.22167303679532283 0.041646812470044793 -0.080651285799506617 -0.053946264622441897 -0.38244344456019858
decision_type=2 2 2 2 2 2
left_child=1 5 -3 4 -4 -1
right_child=-2 2 3 -5 -6 -7
leaf_value=-6.2905996804780978e-05 0.001766605823728564 0.00010138835791864569 -0.0025339128947271935 -0.00017092505776127877 -0.00057640109044786799 0.00085042751332015782
leaf_weight=309.94794075668324 16.302842588513158 1122.4849535351677 43.730599930364406 492.75353127830022 139.65636807327974 210.81658440735191
leaf_count=4110 168 14394 456 5600 1317 2486
internal_value=8.78439e-06 -1.11022e-05 -0.000107 -0.000449389 -0.00115008 0.000315887
internal_weight=2335.69 2319.39 1798.63 676.14 183.387 520.765
internal_count=28531 28363 21767 7373 1773 6596
is_linear=0
shrinkage=0.03


Tree=359
num_leaves=7
num_cat=0
split_feature=0 4 7 0 2 25
split_gain=0.113205 0.0732947 0.169699 0.0995367 0.137448 0.0851408
threshold=0.58092791144575839 -0.25181219525728127 -0.024970504984353301 -0.57798489088274752 -0.1816251655396616 0.89907671907406439
decision_type=2 2 2 2 2 2
left_child=1 2 -1 4 -3 -5
right_child=-2 3 -4 5 -6 -7
leaf_value=-0.00090238653985108314 0.0018768958509736238 -0.00059930581891026106 0.0019468153416032285 -0.00014677097291040323 0.0024932583880616669 0.00084509623532281043
leaf_weight=23.249446813570103 17.680833567515947 16.824419141892577 38.199783147923881 2146.1518704144255 20.808541618520394 70.942695799254579
leaf_count=475 172 524 506 25336 389 1132
internal_value=-3.0519e-05 -5.30855e-05 0.000893393 -8.27113e-05 0.00127512 -0.000111381
internal_weight=2333.86 2316.18 61.4492 2254.73 37.633 2217.09
internal_count=28534 28362 981 27381 913 26468
is_linear=0
shrinkage=0.03


Tree=360
num_leaves=7
num_cat=0
split_feature=25 2 23 2 11 23
split_gain=0.0955068 0.158955 0.101501 0.194158 0.171837 0.169231
threshold=0.89907671907406439 -0.091742951115453455 -0.30827912751255176 -0.14570625430272929 -0.026846147885538154 -0.052787198983405885
decision_type=2 2 2 2 2 2
left_child=2 -2 3 4 -1 -4
right_child=1 -3 5 -5 -6 -7
leaf_value=-0.00097252931640302832 -2.5542889302606025e-06 0.0026128582096128748 0.00070703210649746267 -0.0012230474172674228 0.00098057248254807688 -7.8212214074467858e-05
leaf_weight=56.527570503239986 57.309259580739308 22.914083700568881 279.7279464667663 162.99004886508919 94.698800974292681 1666.2904885648604
leaf_count=980 976 312 3228 1963 1574 19539
internal_value=-5.97407e-06 0.000951283 -4.39909e-05 -0.000535477 0.000235475 3.76993e-05
internal_weight=2340.46 80.2233 2260.23 314.216 151.226 1946.02
internal_count=28572 1288 27284 4517 2554 22767
is_linear=0
shrinkage=0.03


Tree=361
num_leaves=7
num_cat=0
split_feature=3 9 8 5 22 3
split_gain=0.0858381 0.20103 0.139544 0.144569 0.146715 0.113556
threshold=-0.26107505608488119 -0.1169578828388167 -0.033903401749979592 0.02352343265814056 -0.12222250240848485 -0.34982056313972154
decision_type=2 2 2 2 2 2
left_child=2 -2 -1 4 -4 -6
right_child=1 -3 3 -5 5 -7
leaf_value=0.00039097398351809631 0.0022540924394323604 2.7958326859154704e-05 -0.0023503180098833412 0.0010504668824486202 0.0011301550935008372 -0.0010577262058192795
leaf_weight=93.36968670625356 27.177739022503374 2048.7850378976436 60.937022778904065 18.992986497818492 21.502395385294221 59.502322619897313
leaf_count=1953 363 23835 891 258 319 824
internal_value=3.24616e-06 6.77683e-05 -0.000506103 -0.00101899 -0.00134681 -0.000416592
internal_weight=2330.27 2075.96 254.304 160.935 141.942 81.0047
internal_count=28443 24198 4245 2292 2034 1143
is_linear=0
shrinkage=0.03


Tree=362
num_leaves=7
num_cat=0
split_feature=14 1 9 9 14 10
split_gain=0.114538 0.104048 0.0971616 0.150109 0.257102 0.20757
threshold=0.02868019551154518 -0.0052460478081416823 -0.21616705662648292 -0.11974823607503146 0.087570275475854401 0.016112105891073109
decision_type=2 2 2 2 2 2
left_child=1 -1 -2 4 -4 -6
right_child=2 -3 3 -5 5 -7
leaf_value=0.00014552808877563123 -0.0014286272725424936 -0.0017959686397953059 -0.00085128369479608621 9.6339797183000181e-05 0.0027779038656965929 0.00010172177392084332
leaf_weight=43.595027174320421 25.117818083614111 43.777652758377371 39.187647111713886 2085.9440346173942 62.244689658284187 42.052285388112068
leaf_count=3694 332 2918 841 20112 482 315
internal_value=9.6551e-05 -0.00091179 0.000139482 0.00016345 0.00106923 0.00180218
internal_weight=2341.92 87.3727 2254.55 2229.43 143.485 104.297
internal_count=28694 6612 22082 21750 1638 797
is_linear=0
shrinkage=0.03


Tree=363
num_leaves=7
num_cat=0
split_feature=2 2 8 1 13 9
split_gain=0.12 0.258472 0.189405 0.240607 0.163673 0.197628
threshold=-0.021640979111938085 0.014480709445959321 0.12644176053820602 -0.032918379961494722 2.4414009612931857 0.098330747650429276
decision_type=2 2 2 2 2 2
left_child=2 -2 -1 -4 5 -3
right_child=1 4 3 -5 -6 -7
leaf_value=6.3464998243501682e-05 -0.0013497848706154406 6.8265177031558532e-05 -0.00067426991046987844 0.0026271555947753856 -0.0010286288217339263 0.002298936625197031
leaf_weight=1866.2420077012066 156.6162999344524 141.57651395516586 25.23079809412593 47.135766551597044 63.86352273580269 38.114653062249999
leaf_count=23004 2097 1511 259 406 857 339
internal_value=2.78914e-05 -0.000438633 0.000125949 0.00153399 0.000177405 0.000637668
internal_weight=2338.78 400.171 1938.61 72.3666 243.555 179.691
internal_count=28473 4804 23669 665 2707 1850
is_linear=0
shrinkage=0.03


Tree=364
num_leaves=7
num_cat=0
split_feature=10 2 7 12 24 23
split_gain=0.103559 0.0796229 0.178876 0.219714 0.151928 0.194961
threshold=0.16461128287468021 -0.19311438320140856 0.02365752683320492 0.98458492335607561 4.5000000000000009 -0.3021662770987818
decision_type=2 2 2 2 2 2
left_child=1 2 3 -1 -3 -6
right_child=-2 4 -4 -5 5 -7
leaf_value=-0.00034830908220695586 -0.001682801003392203 0.00028770941416175717 -0.0011077300614783618 0.001554983577869821 -0.0014678274223260239 1.4505653968299153e-05
leaf_weight=193.29941194894491 20.873030799208209 1502.2791043388279 147.61699500796385 64.766849808394909 96.176592888776213 321.33393761844491
leaf_count=4690 213 16691 2050 415 1195 3343
internal_value=4.36923e-05 6.6328e-05 -0.000310686 0.000169548 0.000147194 -0.000353308
internal_weight=2346.35 2325.47 405.683 258.066 1919.79 417.511
internal_count=28597 28384 7155 5105 21229 4538
is_linear=0
shrinkage=0.03


Tree=365
num_leaves=7
num_cat=0
split_feature=22 10 4 14 5 14
split_gain=0.0843471 0.229809 0.223163 0.173625 0.134348 0.267785
threshold=-0.024390030626419836 -0.13167212107272711 -0.082349020096841377 0.15615506158883916 -0.0072937578581972586 0.21726370230483844
decision_type=2 2 2 2 2 2
left_child=2 3 -1 -2 5 -4
right_child=1 -3 4 -5 -6 -7
leaf_value=-0.0006399585701951844 0.00016361703256822634 0.00010952346535167918 0.00016001455687070592 0.0038987265005397693 -8.6364996801765805e-05 0.0034028308615912249
leaf_weight=418.8273394103453 21.468001408560667 1644.0254883048037 65.390684980142396 15.72159808129072 144.90295019207406 26.190235286951065
leaf_count=5645 446 19393 1009 87 1905 130
internal_value=5.71005e-05 0.000169455 -0.000229362 0.00223418 0.000494291 0.00133109
internal_weight=2336.53 1681.22 655.311 37.1896 236.484 91.5809
internal_count=28615 19926 8689 533 3044 1139
is_linear=0
shrinkage=0.03


Tree=366
num_leaves=7
num_cat=0
split_feature=10 3 12 12 23 7
split_gain=0.113189 0.19636 0.192921 0.141499 0.166997 0.220522
threshold=-0.071381563725995315 -0.026812450882904387 1.7163290474512469 1.5456991899470942 -0.31371196235539839 -0.0053885025339599291
decision_type=2 2 2 2 2 2
left_child=1 2 -1 -2 -5 -6
right_child=3 -3 -4 4 5 -7
leaf_value=-0.0011028140909881831 0.00020329915515853881 0.0012872488253340552 0.0013551972712756385 -0.001988912583771295 0.0014164112365689428 -0.00057575706684661384
leaf_weight=232.01658558502095 1706.8486196982121 37.121581205516122 24.031972445547581 44.564886838197708 53.112947642803192 232.48407670855522
leaf_count=3603 22742 440 117 224 257 1102
internal_value=1.28917e-05 -0.000528159 -0.000829846 9.29605e-05 -0.000466668 -0.000169887
internal_weight=2330.18 293.17 256.049 2037.01 330.162 285.597
internal_count=28485 4160 3720 24325 1583 1359
is_linear=0
shrinkage=0.03


Tree=367
num_leaves=7
num_cat=0
split_feature=3 20 3 0 11 5
split_gain=0.107681 0.282571 0.211072 0.185979 0.181212 0.177074
threshold=-0.05711566095057282 -0.019217703289600999 -0.074877772157788611 -0.077718992260567873 0.014533430453789771 -0.096347377434445505
decision_type=2 2 2 2 2 2
left_child=2 -2 -1 -4 5 -3
right_child=1 4 3 -5 -6 -7
leaf_value=-3.3524898636686514e-05 0.0024350942347771049 0.00080897393606875446 0.00069354583037462675 -0.0025602769591908186 0.00096736837624237344 -0.00080232872595734658
leaf_weight=1797.4326170145796 44.858448875951581 79.18197171529755 17.166757398867048 44.925674350757618 142.80511948693311 190.83421000099042
leaf_count=22876 449 793 246 507 1512 2024
internal_value=4.31317e-06 0.000411425 -9.75529e-05 -0.00168927 0.000139136 -0.0003178
internal_weight=2317.2 457.68 1859.53 62.0924 412.821 270.016
internal_count=28407 4778 23629 753 4329 2817
is_linear=0
shrinkage=0.03


Tree=368
num_leaves=7
num_cat=0
split_feature=7 1 1 20 5 11
split_gain=0.0949415 0.140226 0.168837 0.140039 0.127654 0.323016
threshold=-0.10497029864169484 -0.094230451644423507 -0.080009199814987497 -0.046564305608116884 -0.011440871593532123 0.029119628003744003
decision_type=2 2 2 2 2 2
left_child=-1 3 -3 -2 5 -4
right_child=1 2 4 -5 -6 -7
leaf_value=-0.00071213384714449951 -0.00058696318771345049 -0.0013893216431271796 6.5101047509152142e-05 0.0011262226069191895 -0.00021316920863756583 0.0018882168019042477
leaf_weight=157.28556091102655 49.455510680156294 71.521789277845528 738.19994154525921 169.91367485589581 1052.3211046818324 89.347661351843271
leaf_count=3314 777 928 8032 2377 12073 941
internal_value=-2.34472e-05 2.94893e-05 -5.27257e-05 0.000731243 5.20903e-06 0.000282131
internal_weight=2328.05 2170.76 1951.39 219.369 1879.87 827.548
internal_count=28442 25128 21974 3154 21046 8973
is_linear=0
shrinkage=0.03


Tree=369
num_leaves=7
num_cat=0
split_feature=0 10 3 20 13 7
split_gain=0.0959162 0.0717236 0.178039 0.0810936 0.210147 0.0809563
threshold=0.58092791144575839 0.1288796679344095 -0.14270936138638787 -0.2844452495577095 2.249904835165133 0.12526411000843354
decision_type=2 2 2 2 2 2
left_child=1 3 -3 4 -1 -5
right_child=-2 2 -4 5 -6 -7
leaf_value=0.0028617180025256369 0.0017766298878217498 0.00045592945619380598 -0.0021534576658485461 -6.7685209772215372e-05 -0.00048636326796572753 0.00058928526386292591
leaf_weight=20.836001216608565 17.195063056249637 42.267715376918204 36.098409307538532 2010.9733338590886 31.942978731589392 174.20170558203245
leaf_count=290 185 508 375 25079 595 1548
internal_value=5.32394e-06 -1.54058e-05 -0.000853727 1.76168e-05 0.00108069 -1.28658e-05
internal_weight=2333.52 2316.32 78.3661 2237.95 52.779 2185.18
internal_count=28580 28395 883 27512 885 26627
is_linear=0
shrinkage=0.03


Tree=370
num_leaves=7
num_cat=0
split_feature=0 5 20 7 14 5
split_gain=0.0843363 0.176583 0.214676 0.194306 0.228288 0.185899
threshold=-0.0051056284576169722 -0.0014525116846442543 0.052776639914803858 0.11223749481369588 0.2442724207889182 -0.20452732043320238
decision_type=2 2 2 2 2 2
left_child=-1 2 5 4 -4 -2
right_child=1 -3 3 -5 -6 -7
leaf_value=-0.00020864178873154538 -0.0011437459192343233 -0.00014686318329435781 -0.00017166378805275569 0.0014831145891635576 -0.0031344814882295637 0.00093939849745346918
leaf_weight=910.23818209132878 33.448127996874973 766.26610873264144 72.580888904223684 23.336245811777189 25.46161313354969 486.78703134745592
leaf_count=12557 445 8878 981 193 118 5178
internal_value=1.50739e-05 0.000160164 0.000523468 -0.000577631 -0.00116001 0.00078642
internal_weight=2318.12 1407.88 641.614 121.379 98.0425 520.235
internal_count=28350 15793 6915 1292 1099 5623
is_linear=0
shrinkage=0.03


Tree=371
num_leaves=7
num_cat=0
split_feature=5 11 2 12 25 3
split_gain=0.09923 0.152393 0.165892 0.17545 0.143704 0.162524
threshold=0.02352343265814056 0.056971495871024312 -0.16218321162984431 0.85347191826357749 0.12931693425563087 -0.11661763466325299
decision_type=2 2 2 2 2 2
left_child=-1 4 3 -3 5 -2
right_child=1 2 -4 -5 -6 -7
leaf_value=-7.1019497129704622e-05 0.0034768480055082669 0.00043240333739101084 0.00042945796078872533 -0.0032242511357668566 -0.00033973469565612863 0.00015510600523218758
leaf_weight=2005.419816939233 30.038486507721245 18.301960887853056 223.67893759912113 15.246672868728636 22.020684340968728 21.27238181582652
leaf_count=25127 321 349 2266 93 215 191
internal_value=9.05258e-06 0.000482651 0.000116723 -0.0015882 0.00159819 0.00234964
internal_weight=2335.98 330.559 257.228 33.5486 73.3316 51.3109
internal_count=28562 3435 2708 442 727 512
is_linear=0
shrinkage=0.03


Tree=372
num_leaves=7
num_cat=0
split_feature=0 4 4 23 14 14
split_gain=0.0847192 0.0774957 0.164134 0.168405 0.14003 0.136389
threshold=0.58092791144575839 -0.20708680384658804 -0.13537235263806227 -0.77401172158764553 0.44367978259385293 0.084828534756130183
decision_type=2 2 2 2 2 2
left_child=1 5 3 -3 -5 -1
right_child=-2 2 -4 4 -6 -7
leaf_value=0.00059989564390761389 0.0016925931034226225 -0.0011958703585054455 -0.00013282877028814133 0.00045053612388155375 0.0025143857746666265 -0.0010119975995383213
leaf_weight=59.613884334394243 16.792766457772814 43.963470113929361 1415.1653460829111 616.8452024172293 21.84948442876339 148.06566118821502
leaf_count=1956 175 820 16674 7637 90 1119
internal_value=1.53541e-05 -4.11961e-06 5.15518e-05 0.000430176 0.000558812 -0.000543005
internal_weight=2322.3 2305.5 2097.82 682.658 638.695 207.68
internal_count=28471 28296 25221 8547 7727 3075
is_linear=0
shrinkage=0.03


Tree=373
num_leaves=7
num_cat=0
split_feature=0 10 0 20 7 10
split_gain=0.110992 0.251302 0.20932 0.1567 0.156153 0.154435
threshold=0.084934658122994902 0.13218654111450365 0.068987596749524219 0.014256738480519443 0.12188672116063198 0.044142792977297285
decision_type=2 2 2 2 2 2
left_child=2 3 -1 -2 5 -5
right_child=1 -3 -4 4 -6 -7
leaf_value=-8.5363103132410329e-05 0.00015939709102149335 -0.0021208459753531395 -0.0018514923822102267 0.0012018991355729489 0.0026288691390044419 -0.0010721028349004848
leaf_weight=1664.1249292218417 439.27256716883858 26.230271186155733 52.733659918478224 80.846863072481938 41.881648456212133 29.303843383560888
leaf_count=21898 4457 254 530 831 382 298
internal_value=-2.59532e-05 0.000315863 -0.000150018 0.000457428 0.00125556 0.000558058
internal_weight=2334.39 617.535 1716.86 591.305 152.032 110.151
internal_count=28650 6222 22428 5968 1511 1129
is_linear=0
shrinkage=0.03


Tree=374
num_leaves=7
num_cat=0
split_feature=8 2 2 4 2 11
split_gain=0.0606109 0.108626 0.0826335 0.147186 0.0836459 0.138914
threshold=0.30369138395519463 0.13417465879621224 0.082216118246992195 -0.12962371278531878 -0.021640979111938085 -0.00047384729209187337
decision_type=2 2 2 2 2 2
left_child=1 2 4 -4 -1 -6
right_child=-2 -3 3 -5 5 -7
leaf_value=5.9822008884158631e-05 0.0013727920232092525 -0.0017771786986971708 -0.00078326104923103716 0.0020492110542526414 0.00090244381586498186 -0.00075122552616981952
leaf_weight=1941.4364722156606 19.05228866240941 20.753699216176756 19.325046716170618 35.054778195131803 46.564336628769524 251.58077254681848
leaf_count=23857 214 240 219 377 542 3148
internal_value=1.10354e-05 -6.03016e-06 1.76376e-05 0.00107732 -1.27673e-05 -0.00047205
internal_weight=2333.77 2314.72 2293.96 54.3798 2239.58 298.145
internal_count=28597 28383 28143 596 27547 3690
is_linear=0
shrinkage=0.03


Tree=375
num_leaves=7
num_cat=0
split_feature=25 24 3 11 8 12
split_gain=0.105966 0.144289 0.166166 0.163967 0.231865 0.185961
threshold=-0.40863935518668099 2.5000000000000004 -0.1636185867419844 0.059734800060259531 -0.056914870056645285 0.46642294790899413
decision_type=2 2 2 2 2 2
left_child=1 3 -3 4 5 -1
right_child=-2 2 -4 -5 -6 -7
leaf_value=-0.0013428354553655737 7.7745147662194872e-05 0.0011565874784239775 -0.00069555343494531697 0.00078686359826312573 -0.0025574373462287979 0.0027112733170242191
leaf_weight=12.749520328827204 2057.3964273051679 62.913773510226747 98.463459275430068 21.523511870240327 71.765713222848717 9.1235227063298208
leaf_count=426 24730 874 1149 279 942 72
internal_value=2.82146e-06 -0.000537855 5.18682e-05 -0.00130236 -0.00181216 0.000668284
internal_weight=2333.94 276.54 161.377 115.162 93.6388 21.873
internal_count=28472 3742 2023 1719 1440 498
is_linear=0
shrinkage=0.03


Tree=376
num_leaves=7
num_cat=0
split_feature=7 6 23 11 14 5
split_gain=0.0832848 0.210784 0.131505 0.146656 0.185643 0.108609
threshold=-0.044178069626222179 -0.041287632696150399 -0.34588158196367297 0.026112783297918492 0.12487534575869402 -0.17143440956543396
decision_type=2 2 2 2 2 2
left_child=1 2 -1 4 -4 -2
right_child=5 -3 3 -5 -6 -7
leaf_value=-0.00083016979056276831 -0.0010762512755827769 0.0014105131800488792 -0.00017670236628709355 -0.00084855613382268772 0.0018737585824532884 -0.00010100503622333703
leaf_weight=121.36680269276258 99.242955511785112 104.10430476965848 75.958415425906423 54.320113536901772 69.879286058247089 1802.2295505897491
leaf_count=2312 1261 1585 1975 922 472 19982
internal_value=-7.22357e-05 0.00030254 -8.79287e-05 0.00038022 0.000862984 -0.00015727
internal_weight=2327.1 425.629 321.525 200.158 145.838 1901.47
internal_count=28509 7266 5681 3369 2447 21243
is_linear=0
shrinkage=0.03


Tree=377
num_leaves=7
num_cat=0
split_feature=14 23 5 22 7 14
split_gain=0.116053 0.116343 0.0855824 0.202909 0.236008 0.308812
threshold=0.018054258162199393 -1.1930883326594657 -0.0072937578581972586 0.083270585625279628 0.096806895507574001 0.28104463578201971
decision_type=2 2 2 2 2 2
left_child=-1 -2 3 -3 5 -5
right_child=1 2 -4 4 -6 -7
leaf_value=-0.0014713698492864644 -0.001532336971722217 0.00043499675799196541 -0.00010642138811101059 -0.00046851131223507581 0.0016078341070385525 -0.0040258082958480046
leaf_weight=36.779239407987916 31.712802154012024 904.89123011659831 1201.9656661208719 114.48421608097851 23.945507341995835 18.268227085471153
leaf_count=4269 450 9484 12585 1401 189 81
internal_value=7.98534e-06 3.79703e-05 6.66136e-05 0.000261694 -0.000705144 -0.00120576
internal_weight=2332.05 2295.27 2263.55 1061.59 156.698 132.752
internal_count=28459 24190 23740 11155 1671 1482
is_linear=0
shrinkage=0.03


Tree=378
num_leaves=7
num_cat=0
split_feature=20 7 12 14 22 23
split_gain=0.103747 0.234996 0.149645 0.185073 0.121274 0.101756
threshold=-0.27186925434942005 0.059965164110797373 1.0400263595865538 0.059539807174207662 -0.21807676901829376 -0.29108432140184476
decision_type=2 2 2 2 2 2
left_child=1 2 3 -1 -2 -6
right_child=4 -3 -4 -5 5 -7
leaf_value=-0.00041099522935320981 -0.0013831797251213673 -0.0016371044149181046 -0.00038507885999781348 0.0038646556661514897 -0.00045288482022513827 7.3752978781934145e-05
leaf_weight=9.872211205220081 50.44507846160559 13.711909016710704 15.068938098847864 25.424453519284725 392.67147610787652 1825.2165134889656
leaf_count=493 762 193 91 285 5643 20996
internal_value=-2.14966e-05 0.00108351 0.00197269 0.00284206 -5.73303e-05 -2.11012e-05
internal_weight=2332.41 64.0775 50.3656 35.2967 2268.33 2217.89
internal_count=28463 1062 869 778 27401 26639
is_linear=0
shrinkage=0.03


Tree=379
num_leaves=7
num_cat=0
split_feature=15 1 6 14 14 8
split_gain=0.101688 0.185686 0.231629 0.189022 0.109505 0.103118
threshold=1.5000000000000002 0.0058397516120058781 -0.072670446040779116 0.16702009763111125 0.10786888036898733 0.035555103338468418
decision_type=2 2 2 2 2 2
left_child=-1 2 -2 4 -3 -4
right_child=1 3 5 -5 -6 -7
leaf_value=3.1848061405888557e-05 0.00041962009555096221 0.00048816473822759415 -0.0010503156413362491 0.0017657948423990967 -0.0019598791378264099 -0.003063491385804475
leaf_weight=2069.4547281655978 56.012954967620317 27.977335053379647 85.495662656700006 42.152048721909523 21.42271538823843 34.855357245891355
leaf_count=24980 962 519 1214 229 177 432
internal_value=-4.03615e-05 -0.000579203 -0.0011269 0.000482947 -0.000724672 -0.00182365
internal_weight=2337.37 267.916 176.364 91.5521 49.4001 120.351
internal_count=28513 3533 2608 925 696 1646
is_linear=0
shrinkage=0.03


Tree=380
num_leaves=7
num_cat=0
split_feature=20 24 8 8 9 9
split_gain=0.0891718 0.202861 0.154903 0.256476 0.174533 0.159774
threshold=0.03687890102335966 1.5000000000000002 -0.024903169450146017 0.039555146391811562 0.12048512292695264 0.096223229731466756
decision_type=2 2 2 2 2 2
left_child=-1 2 4 5 -2 -4
right_child=1 -3 3 -5 -6 -7
leaf_value=-0.00019011312212179385 -0.0025321780650687004 0.00069402031590531151 0.0024244650535478461 -0.0010097116435141915 0.00060617045545489153 -0.00038830471783246205
leaf_weight=1792.0964771009021 42.335351005836856 333.98871595191304 37.588661458925344 78.761123131669592 18.20821842958685 25.47737038671039
leaf_count=21959 677 3987 474 894 245 274
internal_value=-8.86536e-05 0.00024762 -0.000487099 7.88915e-05 -0.0016362 0.00139054
internal_weight=2328.46 536.359 202.371 141.827 60.5436 63.066
internal_count=28510 6551 2564 1642 922 748
is_linear=0
shrinkage=0.03


Tree=381
num_leaves=7
num_cat=0
split_feature=14 9 9 9 3 14
split_gain=0.0914465 0.339665 0.219351 0.20869 0.180694 0.184718
threshold=0.20749689174862421 -0.03467152480515636 0.0061656787275190398 0.030525606105874032 -0.17411100391719744 0.19891925297071181
decision_type=2 2 2 2 2 2
left_child=4 -2 -3 -4 -1 -6
right_child=1 2 3 -5 5 -7
leaf_value=-0.00050867229701459472 0.0014622045040753389 -0.0010561260878608303 0.0014647659057444424 -7.1709382153798936e-05 0.0002413083279792743 -0.0016747785481188967
leaf_weight=549.91803579164844 170.22005812823772 132.57178248465061 94.989491671323776 324.99149928987026 1011.8116098750324 37.454668596386909
leaf_count=9877 859 663 470 1577 14729 229
internal_value=5.35982e-05 0.000331218 -3.69935e-05 0.000301788 -7.31546e-05 0.000157747
internal_weight=2321.96 722.773 552.553 419.981 1599.18 1049.27
internal_count=28404 3569 2710 2047 24835 14958
is_linear=0
shrinkage=0.03


Tree=382
num_leaves=7
num_cat=0
split_feature=3 3 8 5 11 4
split_gain=0.118289 0.152306 0.140005 0.192474 0.145459 0.210794
threshold=-0.12749624343694693 -0.12880920002335874 0.067495075748185793 0.020483906839512633 0.043009995560498421 -0.11544701593926941
decision_type=2 2 2 2 2 2
left_child=1 -1 -2 4 -4 -6
right_child=2 -3 3 -5 5 -7
leaf_value=0.00013842696854203678 -0.00045788418661997721 0.0023663233108714011 0.00034137722100451652 -0.00097095065801506523 -0.00016109043440759512 0.0038323195359766925
leaf_weight=1330.882567849796 724.83021984319203 18.26922575943172 158.7635975596786 65.658683055895381 18.626312935724854 19.526039039250463
leaf_count=17618 8106 228 1606 618 219 202
internal_value=3.72217e-06 0.000185784 -0.000244408 0.000340065 0.000803002 0.00225413
internal_weight=2336.56 1349.15 987.405 262.575 196.916 38.1524
internal_count=28597 17846 10751 2645 2027 421
is_linear=0
shrinkage=0.03


Tree=383
num_leaves=7
num_cat=0
split_feature=25 11 10 14 8 25
split_gain=0.110355 0.186084 0.180576 0.288362 0.149924 0.147418
threshold=0.67346529616749129 0.072109240173941103 0.10070142947268897 0.075962856147703983 0.14514699956038249 -0.11396270688621556
decision_type=2 2 2 2 2 2
left_child=1 5 3 -3 -2 -1
right_child=4 2 -4 -5 -6 -7
leaf_value=0.00038874348225898756 0.00028187427986852928 0.00084535207417881539 0.0012490939200401484 -0.0015312150495334262 0.0027839185708919221 -0.00017741718039375508
leaf_weight=591.72576413278875 140.56677639568807 51.129500313894823 26.135663760302123 210.0344243273139 16.140615849988535 1316.1697577042505
leaf_count=7516 2116 1417 278 1487 174 15756
internal_value=-5.34575e-05 -0.000109503 -0.000807627 -0.00105192 0.000691117 -7.13454e-07
internal_weight=2351.9 2195.2 287.3 261.164 156.707 1907.9
internal_count=28744 26454 3182 2904 2290 23272
is_linear=0
shrinkage=0.03


Tree=384
num_leaves=7
num_cat=0
split_feature=9 12 9 25 14 5
split_gain=0.0793532 0.172569 0.142327 0.173678 0.139494 0.152097
threshold=0.010939286986388812 2.1262134057663959 0.030525606105874032 -0.2842661865813893 0.13297215719604785 -0.097586465207639236
decision_type=2 2 2 2 2 2
left_child=1 -1 3 -2 5 -5
right_child=2 -3 -4 4 -6 -7
leaf_value=-0.00031330847847262105 -0.00077894801873669385 0.0014914725639228513 -5.520987662043475e-05 0.0019874370686370547 0.0017788599453839133 -0.00059365006942139152
leaf_weight=1102.2040298331995 46.33987148507731 40.005726516246796 958.01370351773221 18.726376289618202 111.78998364508152 62.562627977691591
leaf_count=15549 570 176 10130 355 663 1123
internal_value=-5.98168e-05 -0.0002377 0.000110427 0.000748847 0.00113583 0.000153524
internal_weight=2339.64 1142.21 1197.43 239.419 193.079 81.289
internal_count=28566 15725 12841 2711 2141 1478
is_linear=0
shrinkage=0.03


Tree=385
num_leaves=7
num_cat=0
split_feature=23 1 25 6 12 6
split_gain=0.0793475 0.0911777 0.0851718 0.129724 0.198852 0.172183
threshold=0.70902891549459535 0.095387891846403505 -0.47092246334529031 -0.38883920520895671 0.46642294790899413 0.093130409073219095
decision_type=2 2 2 2 2 2
left_child=2 -2 3 4 -1 -5
right_child=1 -3 -4 5 -6 -7
leaf_value=-0.0010729075431712243 0.0019750788148297882 -1.9167868394148302e-05 6.5893884978682554e-05 -0.0015383743952893558 0.0025264372578220279 0.0012191129143149747
leaf_weight=19.827548373054015 30.587867001653649 41.582590556237847 2118.3825286197825 104.59793590119807 17.096458829939365 16.970507920719683
leaf_count=733 390 394 25512 1295 137 159
internal_value=4.76734e-05 0.000963552 1.45562e-05 -0.000634801 0.000776901 -0.00109004
internal_weight=2349.05 72.1705 2276.87 158.492 36.924 121.568
internal_count=28620 784 27836 2324 870 1454
is_linear=0
shrinkage=0.03


Tree=386
num_leaves=7
num_cat=0
split_feature=3 20 2 24 2 3
split_gain=0.0763563 0.176575 0.366464 0.189246 0.223441 0.154591
threshold=-0.25212466933018818 -0.13528992238379142 -0.14988175822336161 1.0000000180025095e-35 -0.060296591089298475 -0.19012478566955163
decision_type=2 2 2 2 2 2
left_child=-1 2 -2 4 -4 -5
right_child=1 -3 3 5 -6 -7
leaf_value=-0.00044389436267808268 -0.0010997788275275337 -2.0491522411190344e-05 0.0042483086576031474 0.0019732211897761664 0.00062940722308944331 -0.00057006794328558381
leaf_weight=288.99043799465289 50.317470482026692 1855.9378543751372 31.970828953315504 27.093723334168317 30.637783194018994 43.447085226536728
leaf_count=4734 780 21446 381 329 390 482
internal_value=3.98412e-06 6.93063e-05 0.0009318 0.00172273 0.00280797 0.000530485
internal_weight=2328.4 2039.4 183.467 133.149 62.6086 70.5408
internal_count=28542 23808 2362 1582 771 811
is_linear=0
shrinkage=0.03


Tree=387
num_leaves=7
num_cat=0
split_feature=8 24 23 13 12 20
split_gain=0.0740619 0.204472 0.173258 0.153719 0.183886 0.155337
threshold=-0.066244158714105342 1.5000000000000002 -0.29108432140184476 2.249904835165133 0.059821355160256891 -0.073823414510393356
decision_type=2 2 2 2 2 2
left_child=1 3 -3 5 -5 -1
right_child=-2 2 -4 4 -6 -7
leaf_value=0.00030077900330528702 0.00013128532239731308 -0.00075524842851747219 0.00086971855583439035 -0.0020879572880338243 0.00066121887671700367 -0.002854903482467923
leaf_weight=16.083935671136715 1956.4461629965372 87.73561883950606 140.54785510382499 22.074550366261974 59.630154747515917 49.102853161952225
leaf_count=224 21899 1948 2140 1016 588 659
internal_value=5.69982e-05 -0.000323742 0.000239713 -0.00115887 -0.000228227 -0.00213984
internal_weight=2331.62 375.175 228.283 146.891 81.7047 65.1868
internal_count=28474 6575 4088 2487 1604 883
is_linear=0
shrinkage=0.03


Tree=388
num_leaves=7
num_cat=0
split_feature=25 8 6 4 3 14
split_gain=0.0810753 0.102178 0.0791337 0.11061 0.116365 0.13778
threshold=-0.76783977110787516 0.049165833952125829 -0.11876986193816148 -0.15696477971019038 -0.20884138810361047 0.12487534575869402
decision_type=2 2 2 2 2 2
left_child=1 -1 3 4 5 -2
right_child=2 -3 -4 -5 -6 -7
leaf_value=-3.9701415258394021e-05 -0.00021085149551578757 0.0020302622156427659 9.5948259609233549e-05 -0.00072680277054780235 -0.00022387156025161756 0.0031226050119863924
leaf_weight=43.96934302529553 18.496643327118363 31.240623480698559 1867.343453381327 254.27605592882901 99.380042134318501 14.239853255450724
leaf_count=688 619 361 21150 3915 1629 98
internal_value=4.90964e-05 0.000957477 1.46868e-05 -0.000370544 0.00031802 0.00163053
internal_weight=2328.95 75.21 2253.74 386.393 132.117 32.7365
internal_count=28460 1049 27411 6261 2346 717
is_linear=0
shrinkage=0.03


Tree=389
num_leaves=7
num_cat=0
split_feature=11 5 7 12 7 11
split_gain=0.105351 0.146214 0.0989161 0.194393 0.162624 0.197291
threshold=-0.17568712271944514 -0.19583125604962334 0.082851968726798952 -0.02771623794774802 0.11917742429786461 -0.037203495859490364
decision_type=2 2 2 2 2 2
left_child=-1 -2 -3 -4 -5 -6
right_child=1 2 3 4 5 -7
leaf_value=0.0013990680515911466 -0.0014474417174747977 0.00013296546918903774 0.0012583307816025223 -0.0012277204123396445 0.0018140705769716392 -0.00044200142529031173
leaf_weight=39.182580382796004 51.495615534833632 1812.6206244685891 48.778528853174066 180.9457667004317 33.12659727782011 172.56373830512166
leaf_count=667 773 22984 1312 1304 219 1206
internal_value=2.52139e-05 -4.1522e-06 3.51729e-05 -0.00036578 -0.00059724 -1.13994e-05
internal_weight=2338.71 2299.53 2248.04 435.415 386.636 205.69
internal_count=28465 27798 27025 4041 2729 1425
is_linear=0
shrinkage=0.03


Tree=390
num_leaves=7
num_cat=0
split_feature=20 22 14 14 24 7
split_gain=0.0861884 0.167922 0.163175 0.139177 0.124932 0.131519
threshold=0.032911609014406977 0.049890064406937287 0.16931592003788135 0.12345838565212235 3.5000000000000004 0.093059164733422434
decision_type=2 2 2 2 2 2
left_child=-1 2 3 -2 5 -3
right_child=1 4 -4 -5 -6 -7
leaf_value=-3.5025250226177307e-05 0.0013282115819872313 -0.00042413405068356835 0.0029628482410226334 -0.0015119453014473922 0.00083203919756610282 0.0012109049336958006
leaf_weight=1771.6617762999667 31.448929428472184 277.81533687209594 31.664227232336998 15.079286590218542 156.40682359482162 42.485704137245193
leaf_count=21664 640 3515 170 121 1951 366
internal_value=6.76704e-05 0.000390368 0.00159401 0.000303113 0.000164246 -0.000177163
internal_weight=2326.56 554.9 78.1924 46.5282 476.708 320.301
internal_count=28427 6763 931 761 5832 3881
is_linear=0
shrinkage=0.03


Tree=391
num_leaves=7
num_cat=0
split_feature=0 14 8 10 1 22
split_gain=0.0933866 0.113868 0.0799042 0.181599 0.286163 0.11236
threshold=-0.66021069758296502 0.10673380435537487 0.18821883252260022 -0.0044103522885848142 0.090301831736724777 -0.0074964039409841183
decision_type=2 2 2 2 2 2
left_child=1 -1 -2 -4 5 -5
right_child=2 -3 3 4 -6 -7
leaf_value=-0.00035837615116894394 -5.7110632786582634e-05 0.0030909058880640534 -0.00060875345684509384 0.00035155896069788054 -0.0011562728911094912 0.0033965179808996006
leaf_weight=12.27942959481152 2183.5842269376299 9.1941353529691678 50.747772218252067 17.689907188061625 19.028744452720275 35.297938495525159
leaf_count=542 26550 73 552 231 189 361
internal_value=8.17436e-06 0.0016313 -1.39153e-05 0.000700823 0.00158535 0.00259717
internal_weight=2327.82 21.4736 2306.35 122.764 72.0166 52.9878
internal_count=28498 615 27883 1333 781 592
is_linear=0
shrinkage=0.03


Tree=392
num_leaves=7
num_cat=0
split_feature=7 5 4 20 5 8
split_gain=0.116597 0.219434 0.348986 0.258118 0.243087 0.199239
threshold=0.082851968726798952 -0.0097136708014106208 -0.016546102484139309 0.024395533240747978 -0.053401091354733261 -0.015210850658742765
decision_type=2 2 2 2 2 2
left_child=-1 3 -3 4 5 -2
right_child=1 2 -4 -5 -6 -7
leaf_value=5.475128960606821e-05 0.0005581617391072711 -0.0015308327528048655 0.0012703417460614428 0.0019606416032840954 0.0011449924598275591 -0.0021403478758472319
leaf_weight=1890.1378013916838 32.315378716099076 211.4778888534056 40.875110238062916 48.562313628965057 51.276404472300783 61.39277175522875
leaf_count=24346 315 2042 415 418 444 546
internal_value=-4.88431e-05 -0.000479541 -0.00104598 0.00027411 -0.000380848 -0.00124567
internal_weight=2336.04 445.9 252.353 193.547 144.985 93.7082
internal_count=28526 4180 2457 1723 1305 861
is_linear=0
shrinkage=0.03


Tree=393
num_leaves=7
num_cat=0
split_feature=5 5 3 14 6 12
split_gain=0.0806648 0.23722 0.235739 0.33815 0.208324 0.206441
threshold=-0.048896226471668448 -0.011440871593532123 -0.16587677484293936 0.09669313775426279 0.036121945402706954 1.5456991899470942
decision_type=2 2 2 2 2 2
left_child=-1 2 3 -2 -5 -3
right_child=1 5 -4 4 -6 -7
leaf_value=-0.00021674993811842696 -0.00045361424323069505 0.00014147786417292011 0.00023681027190275504 0.00075876090600137682 0.0042482692573266242 -0.00089890957183969987
leaf_weight=791.92282858316321 32.453862440423109 1063.5195460092509 180.67138279305073 29.625670246779919 40.48639152944088 194.33085617423058
leaf_count=9704 853 14688 1883 230 266 931
internal_value=2.76691e-05 0.000153857 0.000922261 0.00200139 0.00305255 -2.50784e-05
internal_weight=2333.01 1541.09 283.237 102.566 70.1121 1257.85
internal_count=28555 18851 3232 1349 496 15619
is_linear=0
shrinkage=0.03


Tree=394
num_leaves=7
num_cat=0
split_feature=2 6 3 3 9 1
split_gain=0.118937 0.197281 0.149655 0.293824 0.289231 0.190206
threshold=-0.062616327728909418 0.048486755330698669 -0.052429155651936322 -0.1636185867419844 -0.049454858170512268 0.036298225765251824
decision_type=2 2 2 2 2 2
left_child=-1 -2 3 4 -3 -4
right_child=1 2 5 -5 -6 -7
leaf_value=0.0001176294400885238 -0.00085790417163154593 -0.00060518759322180705 0.0027865971972562079 -0.0011056449676415485 0.0020213675026361719 -0.0003575607042644569
leaf_weight=1678.6159497078334 332.59843568457291 64.208010191650828 29.309160753153265 132.23321640194627 70.585564931330737 27.336239192052744
leaf_count=20973 4225 836 310 1325 708 249
internal_value=-1.63646e-05 -0.000355717 0.000170565 -0.000141777 0.000814838 0.00144329
internal_weight=2334.89 656.271 323.672 267.027 134.794 56.6454
internal_count=28626 7653 3428 2869 1544 559
is_linear=0
shrinkage=0.03


Tree=395
num_leaves=7
num_cat=0
split_feature=15 14 5 1 3 7
split_gain=0.142177 0.157988 0.147125 0.330724 0.183699 0.143519
threshold=1.5000000000000002 0.41385917847164688 1.0000000180025095e-35 0.13103597480102314 -0.029706027269383959 0.045926261886154708
decision_type=2 2 2 2 2 2
left_child=1 2 -1 4 -4 -3
right_child=-2 5 3 -5 -6 -7
leaf_value=3.697138641174268e-05 -0.00060935066668777078 0.0001134158539620363 0.00061485425995749202 -0.002088980798824084 0.0024745486174169574 -0.0020105453350915989
leaf_weight=1544.7428858804487 268.18937851747614 54.039769276976585 349.69614376180107 26.980976132210344 48.160950470366515 48.57480862736702
leaf_count=20018 3554 223 3860 242 483 200
internal_value=2.77794e-05 0.000112769 0.000174437 0.000661925 0.000895124 -0.00098126
internal_weight=2340.38 2072.2 1969.58 424.838 397.857 102.615
internal_count=28580 25026 24603 4585 4343 423
is_linear=0
shrinkage=0.03


Tree=396
num_leaves=7
num_cat=0
split_feature=0 7 1 14 0 12
split_gain=0.0884982 0.142136 0.129134 0.131838 0.100505 0.189185
threshold=-0.57798489088274752 -0.10497029864169484 -0.26383847408325439 0.064587076981234948 -0.36529684337927287 0.47587262738994535
decision_type=2 2 2 2 2 2
left_child=-1 2 -2 -4 5 -3
right_child=1 4 3 -5 -6 -7
leaf_value=0.0013804483985810415 0.001015956819583016 -0.00056000088504304932 0.00042582125726547585 -0.0017800361889221206 9.3129913393022915e-05 0.0022633893157634022
leaf_weight=37.71457426683628 20.276571861904813 30.494815210113302 28.412497328739846 84.096685785800219 2088.800795185758 42.504318926483393
leaf_count=969 479 837 1284 839 23877 314
internal_value=0.00010123 7.43052e-05 -0.000843074 -0.00123369 0.000134277 0.00115857
internal_weight=2332.3 2294.59 132.786 112.509 2161.8 72.9991
internal_count=28599 27630 2602 2123 25028 1151
is_linear=0
shrinkage=0.03


Tree=397
num_leaves=7
num_cat=0
split_feature=22 4 11 8 10 24
split_gain=0.0807626 0.154204 0.147739 0.197569 0.098256 0.262673
threshold=0.19069838614660242 -0.13537235263806227 0.011960455100024794 0.015188730856828809 -0.071381563725995315 1.5000000000000002
decision_type=2 2 2 2 2 2
left_child=4 -2 3 -3 5 -1
right_child=1 2 -4 -5 -6 -7
leaf_value=-0.0017228518553136479 0.0018204556095674194 -0.00089890374538056971 -0.0016398936803608086 0.0024291936428077251 -4.2249830789772041e-05 0.00012557459457711171
leaf_weight=107.91304042885895 47.164899703813717 25.235350668081082 28.323607087892015 21.096468948759139 1920.557378556754 164.44215292736772
leaf_count=1586 662 348 356 237 22953 2277
internal_value=-7.6448e-05 0.000645467 -0.000224209 0.00077871 -0.0001193 -0.000641891
internal_weight=2314.73 121.82 74.6554 46.3318 2192.91 272.355
internal_count=28419 1603 941 585 26816 3863
is_linear=0
shrinkage=0.03


Tree=398
num_leaves=7
num_cat=0
split_feature=11 13 3 3 2 10
split_gain=0.0894986 0.128277 0.104066 0.157655 0.0988433 0.0777225
threshold=-0.10744526609669768 2.3502401828962087 -0.19897454189286748 -0.09234863194584185 -0.12305573219686371 0.16461128287468021
decision_type=2 2 2 2 2 2
left_child=1 2 -1 -4 -3 -2
right_child=5 4 3 -5 -6 -7
leaf_value=0.00037364263566122725 6.0953913910225957e-05 -0.00049081653296505386 -0.0027547880189642271 0.00031232033261440606 0.0016610526966211751 -0.001471393089920447
leaf_weight=19.082557476940565 2155.6611795434583 47.051512965292204 44.800772639689967 18.217844293045346 19.283389556687325 20.212795082246885
leaf_count=303 26068 934 516 184 252 212
internal_value=-9.8937e-06 -0.000698361 -0.00142544 -0.00194678 0.00027038 4.00529e-05
internal_weight=2324.31 148.436 82.1012 63.0186 66.3349 2175.87
internal_count=28469 2189 1003 700 1186 26280
is_linear=0
shrinkage=0.03


Tree=399
num_leaves=7
num_cat=0
split_feature=3 4 4 8 2 7
split_gain=0.0839903 0.109875 0.172989 0.248804 0.302326 0.134087
threshold=-0.25212466933018818 -0.080632686561858999 -0.069652959246804744 -0.013135325219584696 -0.18614472792081938 0.082851968726798952
decision_type=2 2 2 2 2 2
left_child=-1 5 3 4 -3 -2
right_child=1 2 -4 -5 -6 -7
leaf_value=-0.00042906997221463629 0.00040994941954249412 -0.0018775057762950012 2.2695123054358336e-07 -0.0023613415569915192 0.0025839470767341629 -0.00035055836951247325
leaf_weight=291.07570115034468 1089.1362482435652 16.118519367300905 613.04307965259068 60.057842554757372 19.314687056466937 249.40379832230974
leaf_count=4684 13582 232 6963 595 213 2217
internal_value=3.9134e-05 0.000107471 -0.000192864 -0.001315 0.000587894 0.000266699
internal_weight=2338.15 2047.07 708.534 95.491 35.4332 1338.54
internal_count=28486 23802 8003 1040 445 15799
is_linear=0
shrinkage=0.03


end of trees

feature_importances:
Column_0=180
Column_2=176
Column_14=175
Column_8=158
Column_7=148
Column_3=144
Column_11=122
Column_23=118
Column_5=116
Column_9=115
Column_20=115
Column_10=112
Column_22=111
Column_6=109
Column_12=107
Column_24=76
Column_25=68
Column_1=67
Column_4=63
Column_13=38
Column_15=34
Column_17=18
Column_18=12
Column_21=10
Column_16=8

parameters:
[boosting: gbdt]
[objective: custom]
[metric: custom]
[tree_learner: serial]
[device_type: cpu]
[data_sample_strategy: bagging]
[data: ]
[valid: ]
[num_iterations: 100]
[learning_rate: 0.03]
[num_leaves: 7]
[num_threads: 4]
[seed: 2]
[deterministic: 0]
[force_col_wise: 0]
[force_row_wise: 0]
[histogram_pool_size: -1]
[max_depth: -1]
[min_data_in_leaf: 200]
[min_sum_hessian_in_leaf: 0.001]
[bagging_fraction: 0.8]
[pos_bagging_fraction: 1]
[neg_bagging_fraction: 1]
[bagging_freq: 1]
[bagging_seed: 29216]
[bagging_by_query: 0]
[feature_fraction: 0.7]
[feature_fraction_bynode: 1]
[feature_fraction_seed: 17795]
[extra_trees: 0]
[extra_seed: 19650]
[early_stopping_round: 0]
[early_stopping_min_delta: 0]
[first_metric_only: 0]
[max_delta_step: 0]
[lambda_l1: 0]
[lambda_l2: 10]
[linear_lambda: 0]
[min_gain_to_split: 0]
[drop_rate: 0.1]
[max_drop: 50]
[skip_drop: 0.5]
[xgboost_dart_mode: 0]
[uniform_drop: 0]
[drop_seed: 24198]
[top_rate: 0.2]
[other_rate: 0.1]
[min_data_per_group: 100]
[max_cat_threshold: 32]
[cat_l2: 10]
[cat_smooth: 10]
[max_cat_to_onehot: 4]
[top_k: 20]
[monotone_constraints: ]
[monotone_constraints_method: basic]
[monotone_penalty: 0]
[feature_contri: ]
[forcedsplits_filename: ]
[refit_decay_rate: 0.9]
[cegb_tradeoff: 1]
[cegb_penalty_split: 0]
[cegb_penalty_feature_lazy: ]
[cegb_penalty_feature_coupled: ]
[path_smooth: 0]
[interaction_constraints: ]
[verbosity: -1]
[saved_feature_importance_type: 0]
[use_quantized_grad: 0]
[num_grad_quant_bins: 4]
[quant_train_renew_leaf: 0]
[stochastic_rounding: 1]
[linear_tree: 0]
[max_bin: 255]
[max_bin_by_feature: ]
[min_data_in_bin: 3]
[bin_construct_sample_cnt: 200000]
[data_random_seed: 45]
[is_enable_sparse: 1]
[enable_bundle: 1]
[use_missing: 1]
[zero_as_missing: 0]
[feature_pre_filter: 1]
[pre_partition: 0]
[two_round: 0]
[header: 0]
[label_column: ]
[weight_column: ]
[group_column: ]
[ignore_column: ]
[categorical_feature: ]
[forcedbins_filename: ]
[precise_float_parser: 0]
[parser_config_file: ]
[objective_seed: 29484]
[num_class: 1]
[is_unbalance: 0]
[scale_pos_weight: 1]
[sigmoid: 1]
[boost_from_average: 1]
[reg_sqrt: 0]
[alpha: 0.9]
[fair_c: 1]
[poisson_max_delta_step: 0.7]
[tweedie_variance_power: 1.5]
[lambdarank_truncation_level: 30]
[lambdarank_norm: 1]
[label_gain: ]
[lambdarank_position_bias_regularization: 0]
[eval_at: ]
[multi_error_top_k: 1]
[auc_mu_weights: ]
[num_machines: 1]
[local_listen_port: 12400]
[time_out: 120]
[machine_list_filename: ]
[machines: ]
[gpu_platform_id: -1]
[gpu_device_id: -1]
[gpu_device_id_list: ]
[gpu_use_dp: 0]
[num_gpu: 1]

end of parameters

pandas_categorical:null
