tree
version=v4
num_class=1
num_tree_per_iteration=1
label_index=0
max_feature_idx=38
feature_names=Column_0 Column_1 Column_2 Column_3 Column_4 Column_5 Column_6 Column_7 Column_8 Column_9 Column_10 Column_11 Column_12 Column_13 Column_14 Column_15 Column_16 Column_17 Column_18 Column_19 Column_20 Column_21 Column_22 Column_23 Column_24 Column_25 Column_26 Column_27 Column_28 Column_29 Column_30 Column_31 Column_32 Column_33 Column_34 Column_35 Column_36 Column_37 Column_38
feature_infos=[-1.5:1.1366362033976634] [-0.65509124764268645:0.40510447387519971] [-0.85251175772068255:0.49893240555510682] [-0.67920672704701235:0.43885498450226607] [-0.42493206354631741:0.15687577236922162] [-0.64756721121716898:0.33647699784215573] [-1.3040108624960967:1.1608720758041358] [-0.57986229449180005:0.45489627323880977] [-0.70614378539769462:0.58837320072104526] [-0.54731417487356271:0.51819999363361069] [-0.29734186309896704:0.26478717780513195] [-0.57618913033216312:0.35589300273507235] [-5.0445154593868349:3.6754640327949004] [0.69314718055994529:3.1780538303479458] [0.00017214709266177869:0.85598412553983372] [1:5] [0:5] [0:5] [0:1] [0:1] [-0.78271514402617004:0.72283178928922986] [0:1] [-0.70084045237270542:0.72283178928922986] [-3:2.1650119469014046] [0:24] [-2.3232332583606072:3.1220677019308267] [-75.649192810058594:16.799999237060547] [-77.407508850097656:14.32053279876709] [-113.28507995605469:13.934700965881348] [-65.764854431152344:82.94964599609375] [-216.87321472167969:32.5] [-67.799999237060547:237.32306671142578] [0:1] [-24.34213415781657:16.799999237060547] [-89.101097106933594:32.5] [-70.730913675257142:15.425550371408463] [-22.543879124940716:15.343613442964852] [-69.293544291953253:31.116615288425237] [0:1]
tree_sizes=916 920 913 916 907 914 915 909 922 920 912 922 918 921 915 914 922 917 916 918 924 916 914 919 922 921 919 923 922 919 919 924 928 914 918 917 927 918 919 921 922 916 914 927 921 928 925 922 925 923 921 922 927 927 926 922 924 926 925 923 919 927 930 922 925 927 928 923 932 926 928 927 929 927 932 939 929 934 929 931 929 934 924 933 930 937 931 930 930 932 933 913 933 922 920 929 922 927 924 926 927 928 934 933 936 923 928 929 930 922 923 925 933 925 934 924 932 932 928 919 931 931 928 925 933 932 927 925 924 929 926 926 925 928 926 927 926 927 933 927 937 928 933 929 933 934 923 922 928 926 929 930 932 927 934 934 933 933 929 930 930 932 934 930 932 928 931 925 921 931 925 933 928 924 929 929 926 930 927 931 934 927 919 929 925 923 927 925 927 932 933 930 924 920 925 921 932 927 931 926 925 925 930 930 928 930 924 918 931 918 928 930 920 932 933 923 920 935 929 925 928 929 925 942 937 932 927 929 924 921 935 924 924 924 929 925 925 921 931 932 929 928 926 923 929 928 931 930 924 932 930 922 926 928 936 924 924 930 926 926 924 923 928 920 922 923 943 928 925 928 922 926 922 923 924 926 925 929 924 928 924 933 932 930 919 920 927 922 924 930 924 927 931 928 925 927 929 934 932 927 930 925 929 922 928 918 932 928 918 928 919 930 928 929 923 933 930 921 929 931 932 929 927 936 929 926 930 929 924 924 930 940 926 920 920 932 921 930 932 918 926 924 918 937 927 928 919 926 928 929 922 921 931 926 927 930 923 928 932 929 931 919 921 928 925 918 926 932 928 928 923 924 930 933 925 928 928 926 928 921 925 919 929 921 931 924 917 915 929 922 923 929 916 928 932 927 926 922 923 929

Tree=0
num_leaves=7
num_cat=0
split_feature=0 1 9 6 22 34
split_gain=12.2387 4.92813 2.24321 1.94636 1.10012 1.03987
threshold=0.13655568528558773 -0.053224175847243878 0.0054541300413041985 0.30031076942859641 0.035944683317812406 -7.6496938218673067
decision_type=2 2 2 2 2 10
left_child=1 4 -3 -2 -1 -4
right_child=3 2 5 -5 -6 -7
leaf_value=-0.003894266525541883 0.0026595960069183892 -0.0012618240155754382 0.003575457052113499 0.0069145681167996249 -0.00097051133795453802 0.00063629242599990766
leaf_weight=468.43137874032254 244.68893375564949 606.44580854065134 126.82968226290541 177.56639437083504 163.56108747073449 552.54199668311048
leaf_count=6614 2592 7625 1699 2002 2455 5567
internal_value=5.12825e-06 -0.00101787 5.34981e-05 0.00456746 -0.0031645 0.0012289
internal_weight=2340.07 1917.81 1285.82 422.255 631.992 679.372
internal_count=28554 23960 14891 4594 9069 7266
is_linear=0
shrinkage=0.03


Tree=1
num_leaves=7
num_cat=0
split_feature=0 7 8 6 20 20
split_gain=10.4436 5.63522 2.11026 1.93171 0.943143 0.840224
threshold=0.12052974880660025 -0.021188254162003924 0.12644176053820602 0.33929199159742401 -0.21358005361425533 0.0049181383830820278
decision_type=2 2 2 2 2 2
left_child=1 5 4 -2 -3 -1
right_child=3 2 -4 -5 -6 -7
leaf_value=-0.00410612445058326 0.0026048289489224857 -0.0032420381150354022 0.0031578974090858015 0.0069411613502937891 -8.8153349883239048e-05 -0.001611235388334993
leaf_weight=418.34485311177559 333.65056648169411 83.288970328809228 168.79382484825328 132.25309127478977 1008.541092859552 196.24268410840887
leaf_count=6028 3527 1153 1972 1571 11455 2946
internal_value=-1.5402e-05 -0.0010178 0.000135664 0.00395574 -0.000355984 -0.00334804
internal_weight=2341.12 1875.21 1260.62 465.904 1091.83 614.588
internal_count=28652 23554 14580 5098 12608 8974
is_linear=0
shrinkage=0.03


Tree=2
num_leaves=7
num_cat=0
split_feature=0 1 28 9 9 0
split_gain=10.2483 4.10455 1.84647 1.43252 1.32484 1.10191
threshold=0.12052974880660025 -0.017895590103229039 2.672078132629395 -0.0038001358438175116 0.060830430423305673 0.40629810526123383
decision_type=2 2 8 2 2 2
left_child=1 4 5 -3 -1 -2
right_child=2 3 -4 -5 -6 -7
leaf_value=-0.0031533262507972559 0.0022884775134050968 -0.0010210501651072197 0.0080548442557081545 0.0012447097719706639 -0.00038212463935693845 0.0071773478089171535
leaf_weight=646.85631030723744 344.3786523763556 416.99318266008049 75.986955449916422 600.93023998124409 207.2676223263843 41.712856647034641
leaf_count=9110 3768 5417 727 6469 2471 556
internal_value=1.9156e-05 -0.000972269 0.00397129 0.000315636 -0.00249305 0.00298453
internal_weight=2334.13 1872.05 462.078 1017.92 854.124 386.092
internal_count=28518 23467 5051 11886 11581 4324
is_linear=0
shrinkage=0.03


Tree=3
num_leaves=7
num_cat=0
split_feature=0 1 6 28 3 28
split_gain=8.77126 3.98076 2.27239 1.39528 1.36701 1.34423
threshold=0.084934658122994902 -0.053224175847243878 0.33929199159742401 1.9798751473426821 -0.23124022824059742 3.0200256109237675
decision_type=2 2 2 10 2 8
left_child=1 -1 3 -2 -3 -6
right_child=2 4 -4 -5 5 -7
leaf_value=-0.0029960548197633203 0.0010684576604055058 -0.0023545586987422165 0.0064497715835835565 0.0050854017441640011 -0.00017426044259810763 0.0024249018205465688
leaf_weight=603.13043854173156 334.85767700709403 177.82476222683908 138.32507602256374 94.79311828315258 758.87616933845857 223.93087553576333
leaf_count=8735 3675 2643 1575 870 8478 2484
internal_value=5.16781e-06 -0.00104069 0.00321474 0.00205022 -7.66229e-06 0.000436414
internal_weight=2331.74 1763.76 567.976 429.651 1160.63 982.807
internal_count=28460 22340 6120 4545 13605 10962
is_linear=0
shrinkage=0.03


Tree=4
num_leaves=7
num_cat=0
split_feature=7 0 9 0 2 2
split_gain=9.0191 4.62593 1.80969 1.38424 1.04773 0.982304
threshold=-0.018207413947412359 0.12052974880660025 0.0054541300413041985 0.40629810526123383 0.045092583946012975 -0.12705250761577
decision_type=2 2 2 2 2 2
left_child=-1 2 4 -3 -2 -4
right_child=1 3 5 -5 -6 -7
leaf_value=-0.0030027873058301839 -0.0014416738375011965 0.0029102090331007478 -0.00025668925533045724 0.0078299579276466698 0.0031278533001462168 0.0020947291793566775
leaf_weight=670.53697654388088 534.49802800480393 377.16338684759103 254.73863733652979 56.91516768123256 39.892838552390458 410.62043273830204
leaf_count=9736 6709 3865 2818 653 496 4271
internal_value=-8.8618e-05 0.0010897 0.000147389 0.00371707 -0.00107622 0.001204
internal_weight=2344.37 1673.83 1239.75 434.079 574.391 665.359
internal_count=28548 18812 14294 4518 7205 7089
is_linear=0
shrinkage=0.03


Tree=5
num_leaves=7
num_cat=0
split_feature=7 6 9 23 2 8
split_gain=9.04807 4.71688 2.31011 1.01077 0.975994 0.949485
threshold=-0.024091166803862328 0.25800267363092039 0.0046372142866668306 0.45464867897238254 -0.10867236142967861 0.026073864473096415
decision_type=2 2 2 2 2 2
left_child=-1 2 3 -2 -3 -4
right_child=1 4 5 -5 -6 -7
leaf_value=-0.0030801364940733458 -0.0011903973433647437 0.0023605305952116794 0.00050574396845404321 0.002657371022242414 0.0063604429996870666 0.0025990837023730875
leaf_weight=617.80187619196658 620.53981959281373 112.29640914371703 398.6165685642045 58.633594489394454 146.52887176652439 383.41232805262553
leaf_count=9107 7768 1217 4268 690 1523 3937
internal_value=4.90702e-06 0.0011244 0.000449264 -0.000824478 0.00477737 0.00155192
internal_weight=2337.83 1720.03 1461.2 679.173 258.825 782.029
internal_count=28510 19403 16663 8458 2740 8205
is_linear=0
shrinkage=0.03


Tree=6
num_leaves=7
num_cat=0
split_feature=7 6 9 28 2 28
split_gain=9.09297 4.5855 2.09525 0.993353 0.962302 0.830204
threshold=-0.015272537823014474 0.25800267363092039 0.010053427755530033 2.0158771276474003 -0.079218924428291801 2.6208504438400273
decision_type=2 2 2 8 2 8
left_child=-1 2 4 -4 -2 -3
right_child=1 5 3 -5 -6 -7
leaf_value=-0.0027624847639931413 -0.0014540192557639599 0.0037585938823485026 0.00096574077303212007 0.003385885291393261 0.00083112655592142821 0.0083524105304087614
leaf_weight=695.82268138894869 417.64841767589678 200.53222007639124 501.3870307377656 218.0388044489664 262.58278991363477 49.897059954702854
leaf_count=10022 5170 2198 5344 2117 3266 459
internal_value=9.01936e-05 0.00130253 0.000617684 0.00173559 -0.000572646 0.00495947
internal_weight=2345.91 1650.09 1399.66 719.426 680.231 250.429
internal_count=28576 18554 15897 7461 8436 2657
is_linear=0
shrinkage=0.03


Tree=7
num_leaves=7
num_cat=0
split_feature=0 7 0 3 28 28
split_gain=8.60196 4.16636 1.80298 1.553 1.41924 1.18049
threshold=0.08757357335478573 -0.021188254162003924 0.33502050881232787 -0.24368037027907169 2.5174576044082646 1.9798751473426821
decision_type=2 2 2 2 8 10
left_child=1 -1 5 -3 -5 -2
right_child=2 3 -4 4 -6 -7
leaf_value=-0.0030600173983530857 0.0013979002088158527 -0.0025708371691172392 0.0066777572959163959 -0.00021760999351760695 0.00231432061939383 0.0049337114489072286
leaf_weight=596.20986708495184 360.48159438950825 169.48165470658569 100.3416065913043 744.90963473878219 261.28855202329578 107.3311117158737
leaf_count=8776 3937 2493 1195 8403 2802 950
internal_value=-8.19109e-06 -0.00103983 0.00317149 1.81727e-06 0.000456183 0.00229541
internal_weight=2340.04 1771.89 568.154 1175.68 1006.2 467.813
internal_count=28556 22474 6082 13698 11205 4887
is_linear=0
shrinkage=0.03


Tree=8
num_leaves=7
num_cat=0
split_feature=7 7 28 9 9 28
split_gain=7.09905 3.44257 1.91368 0.879341 0.855249 0.681714
threshold=-0.024091166803862328 0.11917742429786461 2.4239186048507695 0.019327554822262356 0.024361089134920962 1.3741577267646792
decision_type=2 2 8 2 2 10
left_child=5 2 4 -4 -2 -1
right_child=1 -3 3 -5 -6 -7
leaf_value=-0.0033905907376001209 -0.00090817484795489552 0.0043739313451771483 0.0007946110796900526 0.0037245089252560658 0.00074954233541730392 -0.0010406900838992449
leaf_weight=448.71083359744807 645.77251423383132 218.93144314852543 194.8320724631194 177.73503495397745 479.39060475083534 161.86921443196479
leaf_count=7275 8026 2183 2358 1717 5133 1861
internal_value=-4.26089e-05 0.000946668 0.000419999 0.00225315 -0.000201502 -0.00279442
internal_weight=2327.24 1716.66 1497.73 372.567 1125.16 610.58
internal_count=28553 19417 17234 4075 13159 9136
is_linear=0
shrinkage=0.03


Tree=9
num_leaves=7
num_cat=0
split_feature=0 7 9 28 22 14
split_gain=7.26832 3.63722 1.48552 1.38003 0.972314 0.865915
threshold=0.12052974880660025 -0.015272537823014474 0.0046372142866668306 1.9122604131698611 0.10134777681395037 0.41385917847164688
decision_type=2 2 2 8 2 2
left_child=1 4 -3 -2 -1 -4
right_child=3 2 5 -5 -6 -7
leaf_value=-0.0030864764156970574 0.0022143388137788166 -0.00098974116141502711 0.0013856401965319667 0.0059256925532242509 0.00023227491387605101 -0.0029812839188764983
leaf_weight=558.05922341420955 345.76998366220505 549.77444956867839 614.61847538780421 125.12626989209093 90.810054025554564 34.459512040019035
leaf_count=8059 3900 6934 6712 1163 1446 142
internal_value=1.61231e-05 -0.000834876 0.000148007 0.00330323 -0.00262554 0.00111208
internal_weight=2318.62 1847.72 1198.85 470.896 648.869 649.078
internal_count=28356 23293 13788 5063 9505 6854
is_linear=0
shrinkage=0.03


Tree=10
num_leaves=7
num_cat=0
split_feature=6 7 6 28 4 2
split_gain=6.64818 3.1796 2.23322 1.3525 0.980935 0.901324
threshold=0.10526489941215746 -0.021188254162003924 0.33929199159742401 2.6208504438400273 -0.17155372068330851 -0.15518417183766275
decision_type=2 2 2 8 2 2
left_child=1 -1 5 -3 -5 -2
right_child=2 3 -4 4 -6 -7
leaf_value=-0.0028146129331564833 -0.00034939474778007419 -0.00064746001553539468 0.0055758689012268183 -0.0018249392529068741 0.0028455173432379165 0.0021876138249689639
leaf_weight=579.61587006218906 170.62518319668015 753.48912322535762 144.11289617663715 43.48971859132871 187.94102473353269 446.72733300091932
leaf_count=8592 2194 8925 1608 554 2091 4474
internal_value=4.58505e-05 -0.00107221 0.00232719 -2.88461e-05 0.00192862 0.00149204
internal_weight=2326 1564.54 761.465 984.92 231.431 617.353
internal_count=28438 20162 8276 11570 2645 6668
is_linear=0
shrinkage=0.03


Tree=11
num_leaves=7
num_cat=0
split_feature=6 2 0 6 9 9
split_gain=7.05117 2.22538 2.02443 1.63767 0.972871 0.728231
threshold=0.074773325052908665 -0.153843966987916 -0.084840280120375242 0.33929199159742401 -0.016196016588632792 0.017728591276973783
decision_type=2 2 2 2 2 2
left_child=2 -2 4 -3 -1 -4
right_child=1 3 5 -5 -6 -7
leaf_value=-0.0039403525976817984 -0.00033073540528072171 0.0021803976315563594 -0.0011418803271881616 0.0062039931043661499 -0.0015756234828179004 0.00071488258038167882
leaf_weight=263.61761273375305 262.43006453785347 543.64368076904793 394.54638086786144 106.49206961205346 424.05771460791584 349.39802550157765
leaf_count=4235 3342 5540 5170 1129 5469 3798
internal_value=-5.40741e-05 0.0019942 -0.00136449 0.00292346 -0.00252562 -0.000271925
internal_weight=2344.19 912.566 1431.62 650.136 687.675 743.944
internal_count=28683 10011 18672 6669 9704 8968
is_linear=0
shrinkage=0.03


Tree=12
num_leaves=7
num_cat=0
split_feature=0 0 28 28 23 1
split_gain=6.51157 2.67868 1.4806 1.3659 0.935875 0.88111
threshold=-0.053351463142832671 0.13997435442498815 2.7236564159393315 2.9509787559509282 0.073537440652164401 0.0089454215058454144
decision_type=2 2 8 8 2 2
left_child=5 3 -3 4 -2 -1
right_child=1 2 -4 -5 -6 -7
leaf_value=-0.0025594420261153342 -0.00080804194718980512 0.0021938392773529908 0.0069004579701827714 0.0021422559433730954 0.0015540062013484743 0.00070132068207739539
leaf_weight=718.93944320539595 664.26667380568688 353.04454364659614 68.272928665857762 266.80815200431971 184.75392408017069 78.868951329728588
leaf_count=10081 8089 3915 643 3123 1873 828
internal_value=-4.94531e-05 0.00109065 0.00309883 0.000311599 -0.000281934 -0.0022324
internal_weight=2334.95 1537.15 421.317 1115.83 849.021 797.808
internal_count=28552 17643 4558 13085 9962 10909
is_linear=0
shrinkage=0.03


Tree=13
num_leaves=7
num_cat=0
split_feature=7 0 8 28 9 9
split_gain=5.64617 2.91845 1.82634 1.74279 1.62685 1.11813
threshold=-0.015272537823014474 0.12052974880660025 0.12644176053820602 2.7236564159393315 0.010053427755530033 0.011680350238281956
decision_type=2 2 2 8 2 2
left_child=5 2 4 -3 -2 -1
right_child=1 3 -4 -5 -6 -7
leaf_value=-0.0033940364368331625 -0.0014985610961512797 0.0020303731566639989 0.0029649915200176034 0.0069295465142823051 0.00084841780350678494 -0.00093407988057013069
leaf_weight=368.18042479194992 515.04425114765763 367.50209073920269 169.03177472474636 74.425138460006565 529.08321081631584 315.15159501184826
leaf_count=5953 6450 3881 1962 678 5579 4123
internal_value=-1.46452e-05 0.000932614 0.000164643 0.00299052 -0.000312527 -0.00228934
internal_weight=2338.42 1655.09 1213.16 441.927 1044.13 683.332
internal_count=28626 18550 13991 4559 12029 10076
is_linear=0
shrinkage=0.03


Tree=14
num_leaves=7
num_cat=0
split_feature=0 7 9 28 2 28
split_gain=5.87524 2.95833 1.52434 1.27029 1.22385 0.948835
threshold=0.12052974880660025 -0.031371926671917141 0.02024585362907461 2.672078132629395 0.045092583946012975 3.3306834697723393
decision_type=2 2 2 10 2 8
left_child=1 -1 4 -2 -3 -4
right_child=3 2 5 -5 -6 -7
leaf_value=-0.0027390073130690511 0.0021027403548006859 -0.0013694764371987079 0.00038653115177980359 0.0063884802855544336 0.0031893213016792855 0.0032898356529043556
leaf_weight=526.12421896809246 407.81936675962061 673.71208702475997 492.73886171661434 69.164346184581518 48.041029549960513 118.69091206876328
leaf_count=8058 4455 8458 5214 615 588 1239
internal_value=-9.27688e-05 -0.000856985 -9.94056e-05 0.00284261 -0.0010266 0.000993992
internal_weight=2336.29 1859.31 1333.18 476.984 721.753 611.43
internal_count=28627 23557 15499 5070 9046 6453
is_linear=0
shrinkage=0.03


Tree=15
num_leaves=7
num_cat=0
split_feature=6 0 7 23 9 14
split_gain=5.17108 1.93021 1.9147 1.06271 0.921527 0.899554
threshold=0.074773325052908665 0.40629810526123383 -0.021188254162003924 0.34456282204118988 0.12293168029438238 0.31071663281077194
decision_type=2 2 2 2 2 2
left_child=2 3 -1 4 5 -2
right_child=1 -3 -4 -5 -6 -7
leaf_value=-0.0024708055593988584 0.00093434076021438241 0.0066363222875541481 -0.00022152082899309323 0.0037301362886460018 0.0037446063901111827 -0.0021296629122287357
leaf_weight=558.72870446041634 562.54162460501539 58.186065528658219 854.68410140898777 132.56381715773023 78.972607597650494 91.862194016575813
leaf_count=8424 6866 677 10081 1353 802 391
internal_value=1.64887e-05 0.0017508 -0.00112179 0.00135051 0.000875982 0.00047865
internal_weight=2337.54 924.126 1413.41 865.94 733.376 654.404
internal_count=28594 10089 18505 9412 8059 7257
is_linear=0
shrinkage=0.03


Tree=16
num_leaves=7
num_cat=0
split_feature=2 28 23 22 28 30
split_gain=3.11116 2.1028 1.27277 1.26092 1.00705 0.842252
threshold=-0.12572700109751672 2.672078132629395 0.19062402860704111 0.029186624923908718 3.3306834697723393 -1.6377015113830564
decision_type=2 8 2 2 10 10
left_child=3 2 5 4 -1 -2
right_child=1 -3 -4 -5 -6 -7
leaf_value=-0.00213628800716824 0.00093918318637993819 0.0033040872312891244 0.0023748693523815297 0.00057310593028052424 0.0019908351790178021 -0.00096683891383384066
leaf_weight=721.67533975097467 342.64452839286241 260.55089091567788 208.68417300411966 251.97402104869252 49.693580023129471 501.61413838667795
leaf_count=9764 4815 2733 2242 3505 481 4980
internal_value=-1.88641e-05 0.000944333 0.000334821 -0.00125233 -0.00184833 -0.000191336
internal_weight=2336.84 1313.49 1052.94 1023.34 771.369 844.259
internal_count=28520 14770 12037 13750 10245 9795
is_linear=0
shrinkage=0.03


Tree=17
num_leaves=7
num_cat=0
split_feature=6 6 9 9 28 14
split_gain=5.47426 2.39568 1.26159 1.18458 1.15126 0.759001
threshold=-0.013297991454333502 0.25800267363092039 0.013910249214652769 0.0054541300413041985 2.6208504438400273 0.34198608790104729
decision_type=2 2 2 2 8 2
left_child=3 2 -2 -1 5 -3
right_child=1 4 -4 -5 -6 -7
leaf_value=-0.0031009523787384171 -0.00046314182291443617 0.0029757712679284332 0.0014420223499985332 -0.00082545598112309282 0.0071547782427985622 -0.0020694702302939509
leaf_weight=406.73023182555335 626.85985918834922 196.23814419022528 607.2318106032908 426.64829828048823 54.65027671912685 23.669680237770081
leaf_count=6284 7839 2312 6335 5256 502 99
internal_value=-2.16798e-05 0.00105469 0.000478345 -0.00195961 0.00353741 0.00236634
internal_weight=2342.03 1508.65 1234.09 833.379 274.558 219.908
internal_count=28627 17087 14174 11540 2913 2411
is_linear=0
shrinkage=0.03


Tree=18
num_leaves=7
num_cat=0
split_feature=0 7 3 0 11 14
split_gain=4.62705 2.76572 1.50582 1.09445 0.922667 0.846193
threshold=0.13997435442498815 -0.024091166803862328 -0.21412442350750885 0.46586906684600954 0.043666553838990978 0.31953153718185695
decision_type=2 2 2 2 2 2
left_child=1 -1 -3 5 -4 -2
right_child=3 2 4 -5 -6 -7
leaf_value=-0.0023276339711917836 0.0027578200871174862 -0.0019124473514853604 0.00012282968238729099 0.007279347645297792 0.0021538045317190651 -0.0010999433224482902
leaf_weight=584.55977242311928 337.2295856984274 250.93803094112081 815.08084733746364 35.970826019474771 257.94126129226061 54.460479110479355
leaf_count=8776 3880 3533 8881 437 2846 230
internal_value=7.16962e-06 -0.000627833 0.000134492 0.00279059 0.00062643 0.00220741
internal_weight=2336.18 1908.52 1323.96 427.661 1073.02 391.69
internal_count=28583 24036 15260 4547 11727 4110
is_linear=0
shrinkage=0.03


Tree=19
num_leaves=7
num_cat=0
split_feature=6 2 0 34 22 22
split_gain=4.83641 1.88803 1.14 1.0019 0.713672 0.69261
threshold=0.14287935157847984 -0.12572700109751672 0.40629810526123383 4.4901195367177333 -0.06728945827858572 0.012396158183737517
decision_type=2 2 2 8 2 2
left_child=1 5 4 -3 -2 -1
right_child=2 3 -4 -5 -6 -7
leaf_value=-0.0024627494169309852 -0.00027531781907415184 -0.00031294432796772324 0.005942839294223394 0.0024918752793458808 0.0023108875191613781 -0.00047923954147299281
leaf_weight=562.51203474664362 120.00776615084033 812.54562653771427 58.843888950301334 123.18758319353219 433.96012665808666 226.88586945878342
leaf_count=7865 1364 9507 687 1464 4420 3259
internal_value=-2.11787e-05 -0.000835097 0.00224671 7.87493e-05 0.00175568 -0.00190578
internal_weight=2337.94 1725.13 612.812 935.733 553.968 789.398
internal_count=28566 22095 6471 10971 5784 11124
is_linear=0
shrinkage=0.03


Tree=20
num_leaves=7
num_cat=0
split_feature=7 28 8 9 31 28
split_gain=4.30411 2.07347 1.56909 1.16509 1.00546 0.822125
threshold=-0.016281289747916691 2.5651172399520878 0.15432246187767301 0.010053427755530033 5.1071106269955644 1.2995063066482546
decision_type=2 10 2 2 8 10
left_child=5 2 3 -2 -5 -1
right_child=1 -3 -4 4 -6 -7
leaf_value=-0.0026382681026852046 -0.00082685706175076733 0.003624494524728317 0.0032291879701059987 -0.00010582005369692126 0.0022095774420641851 -0.00029186519422555695
leaf_weight=486.75540632716729 641.23843014100567 198.71701029932592 149.86761995995766 368.94637423718814 299.79700442223111 187.94276582542807
leaf_count=7890 8080 1711 1750 3198 3772 2165
internal_value=4.40794e-06 0.000826263 0.000423296 8.02581e-05 0.000949432 -0.00199847
internal_weight=2333.26 1658.57 1459.85 1309.98 668.743 674.698
internal_count=28566 18511 16800 15050 6970 10055
is_linear=0
shrinkage=0.03


Tree=21
num_leaves=7
num_cat=0
split_feature=7 0 3 34 0 14
split_gain=4.23021 2.38334 1.20824 0.988281 0.924734 0.905239
threshold=-0.024091166803862328 0.084934658122994902 -0.24368037027907169 -7.6496938218673067 0.40629810526123383 0.21036525498585271
decision_type=2 2 2 10 2 2
left_child=-1 2 -2 5 -3 -4
right_child=1 4 3 -5 -6 -7
leaf_value=-0.0021026689896526691 -0.0022107641304726687 0.0019107936106659053 0.003362731742532469 -2.9362740997639104e-05 0.0057155932097784773 -0.0011530006590684445
leaf_weight=596.84367499753716 171.68634918762837 486.83975337995798 151.72391023958335 810.52787832432659 60.160553827881813 47.452921733260155
leaf_count=9083 2528 4873 2500 8567 682 234
internal_value=5.40452e-05 0.000806608 4.35057e-05 0.000444735 0.00242436 0.00228319
internal_weight=2325.24 1728.39 1181.39 1009.7 547 199.177
internal_count=28467 19384 13829 11301 5555 2734
is_linear=0
shrinkage=0.03


Tree=22
num_leaves=7
num_cat=0
split_feature=0 28 9 2 28 5
split_gain=3.93942 1.99718 1.39866 1.06288 1.04426 0.962225
threshold=0.13997435442498815 2.3097722530364995 0.023468341943540728 -0.11879449208711679 2.672078132629395 -0.046768297407981989
decision_type=2 8 2 2 8 2
left_child=1 2 -1 -3 -2 -5
right_child=4 3 -4 5 -6 -7
leaf_value=-0.0019412618553431174 0.0017629053790741303 -0.00041156622918022572 -6.3292283966151811e-05 -0.00047109494428493142 0.0056073247496868867 0.0036238746569669505
leaf_weight=845.71191992220702 354.2022090939281 217.3519352041767 613.52879776776535 69.873171739163809 73.373866203939542 167.42439842299791
leaf_count=11828 3842 2525 7151 705 653 1823
internal_value=-3.37243e-05 -0.000617946 -0.00115749 0.0011014 0.00253569 0.0024478
internal_weight=2341.47 1913.89 1459.24 454.65 427.576 237.298
internal_count=28527 24032 18979 5053 4495 2528
is_linear=0
shrinkage=0.03


Tree=23
num_leaves=7
num_cat=0
split_feature=7 28 7 2 14 22
split_gain=3.8289 2.08626 1.4162 1.00832 0.931031 0.756788
threshold=-0.024091166803862328 2.5651172399520878 0.072332304923880625 -0.11777762181154879 0.31953153718185695 0.10134777681395037
decision_type=2 8 2 2 2 2
left_child=5 2 -2 -3 -4 -1
right_child=1 3 4 -5 -6 -7
leaf_value=-0.0023769424736207593 -0.00040317064232203562 0.00085097436999340603 0.002320218506535496 0.0039490662709297181 -0.0014837244171674797 0.00057969173057556805
leaf_weight=513.87423316249624 932.33268882532138 167.41606997523922 338.73104411922395 229.60814144724282 62.286703750491142 87.457051730249077
leaf_count=7721 11037 1880 3844 2305 263 1400
internal_value=9.84064e-05 0.000815435 0.000239668 0.00269567 0.00170766 -0.00194448
internal_weight=2331.71 1730.37 1333.35 397.024 401.018 601.331
internal_count=28450 19329 15144 4185 4107 9121
is_linear=0
shrinkage=0.03


Tree=24
num_leaves=7
num_cat=0
split_feature=0 6 9 7 31 5
split_gain=3.81411 2.07336 1.01993 0.943338 0.843351 0.661359
threshold=-0.0051056284576169722 0.33929199159742401 0.013910249214652769 -0.031371926671917141 7.1176422238349923 0.04915278861225366
decision_type=2 2 2 2 8 2
left_child=3 2 5 -1 -4 -2
right_child=1 -3 4 -5 -6 -7
leaf_value=-0.002459056729722864 -0.00057727311659199029 0.0042763336735917286 0.00061744949391214865 -0.00055827413512199767 0.002950393946360319 0.0027046216552957802
leaf_weight=445.54745910628117 577.65346524136839 143.90672458830522 411.0512581456569 501.26054155538441 206.93945952190552 51.081505573471077
leaf_count=7080 7374 1600 3776 5613 2637 564
internal_value=-9.15188e-06 0.000988237 0.000577692 -0.00146909 0.0014332 -0.000272467
internal_weight=2337.44 1390.63 1246.73 946.808 617.991 628.735
internal_count=28644 15951 14351 12693 6413 7938
is_linear=0
shrinkage=0.03


Tree=25
num_leaves=7
num_cat=0
split_feature=6 9 9 6 11 1
split_gain=3.61693 1.35804 1.31433 1.00907 0.862952 0.65007
threshold=0.074773325052908665 0.12293168029438238 0.0054541300413041985 0.33929199159742401 0.025522680899316499 -0.017895590103229039
decision_type=2 2 2 2 2 2
left_child=2 3 5 -2 -4 -1
right_child=1 -3 4 -5 -6 -7
leaf_value=-0.0027656489257829823 0.00054181368742600776 0.0045568995711623836 -0.00075472268343770984 0.0033493196370538692 0.0014351136633783935 -0.00087014657637000861
leaf_weight=355.85182907726266 699.81546060231631 102.3160791634582 505.19552734255558 129.38880878328928 226.23747342918068 317.18789393521729
leaf_count=5684 7606 1036 5920 1417 2699 4192
internal_value=7.21964e-06 0.00144793 -0.000951818 0.00101459 -6.71701e-05 -0.00189816
internal_weight=2335.99 931.52 1404.47 829.204 731.433 673.04
internal_count=28554 10059 18495 9023 8619 9876
is_linear=0
shrinkage=0.03


Tree=26
num_leaves=7
num_cat=0
split_feature=1 28 28 30 2 14
split_gain=2.80568 1.61714 1.07571 0.931722 0.841618 0.754251
threshold=0.0068430368025080819 1.9798751473426821 2.8898928165435795 -2.3217500448226924 -0.12705250761577 0.2442724207889182
decision_type=2 8 10 10 2 2
left_child=1 3 5 -1 -3 -2
right_child=2 4 -4 -5 -6 -7
leaf_value=-0.00035174975136337326 0.0016107220261885257 -0.00066378957511549301 0.0043559098944484049 -0.0020791111097810829 0.0018751594182091005 -0.00067037895303586172
leaf_weight=486.41152365143353 463.06575783883454 207.83328555210028 90.789483964501414 671.50104219481 248.97059109061956 173.67292210459709
leaf_count=8289 5657 2538 732 7877 2704 793
internal_value=-7.33922e-05 -0.000769681 0.00146147 -0.00136271 0.000730533 0.000987798
internal_weight=2342.24 1614.72 727.528 1157.91 456.804 636.739
internal_count=28590 21408 7182 16166 5242 6450
is_linear=0
shrinkage=0.03


Tree=27
num_leaves=7
num_cat=0
split_feature=0 28 2 0 14 20
split_gain=3.18595 1.87192 1.0491 1.00137 0.936395 0.897137
threshold=-0.055713991131700162 2.7757409811019902 -0.16749835130122889 0.40629810526123383 0.41385917847164688 0.032911609014406977
decision_type=2 10 2 2 2 2
left_child=5 2 -2 4 -4 -1
right_child=1 -3 3 -5 -6 -7
leaf_value=-0.002212143864398546 -0.0011308673713759656 0.0037026055064447098 0.00082853626493446027 0.004964378724556278 -0.0029693460146497674 7.6860942468301311e-05
leaf_weight=566.87592217819474 313.42692798550706 161.06221427465789 984.49741294645355 40.18034384236671 52.363310366868973 209.37712097045733
leaf_count=7850 4453 1420 11201 463 217 2991
internal_value=-4.43732e-05 0.000740002 0.000372847 0.000816817 0.000610204 -0.00160161
internal_weight=2327.78 1551.53 1390.47 1077.04 1036.86 776.253
internal_count=28595 17754 16334 11881 11418 10841
is_linear=0
shrinkage=0.03


Tree=28
num_leaves=7
num_cat=0
split_feature=6 0 28 31 20 28
split_gain=3.13266 1.91871 0.950493 0.88289 0.708046 0.599445
threshold=0.28806393323660878 -0.084840280120375242 1.6534560322761538 7.1176422238349923 0.052776639914803858 2.672078132629395
decision_type=2 2 8 10 2 8
left_child=1 4 3 -3 -1 -2
right_child=5 2 -4 -5 -6 -7
leaf_value=-0.0022555546508637122 0.0022212176011825123 -0.00092227386828416759 0.0012206024285047828 0.0011879535727663834 5.7254709043727165e-05 0.0061500293627168414
leaf_weight=532.40624436156941 183.27911408487125 697.45695867345785 496.1742302289349 229.24209002155112 152.03603455467965 42.484985364833847
leaf_count=7486 2001 7280 5270 3844 2262 365
internal_value=-9.06813e-05 -0.000455564 0.000174179 -0.000393147 -0.00174838 0.00319005
internal_weight=2333.08 2107.32 1422.87 926.699 684.442 225.764
internal_count=28508 26142 16394 11124 9748 2366
is_linear=0
shrinkage=0.03


Tree=29
num_leaves=7
num_cat=0
split_feature=0 2 9 7 6 9
split_gain=3.05512 1.95502 1.27884 0.847161 0.810546 0.711573
threshold=0.13326998848160362 -0.12572700109751672 0.1040427098408976 -0.023151040652162211 0.47458193080532401 -0.028494626625335997
decision_type=2 2 2 2 2 2
left_child=1 5 3 -3 -2 -1
right_child=4 2 -4 -5 -6 -7
leaf_value=-0.0028066483838648597 0.0016793539145591337 -0.0016816752598733335 0.002703141583673459 0.00044291411538775261 0.0055399031416115008 -0.00093925072647498269
leaf_weight=271.8882265665452 403.45617152712657 216.8598649147898 165.92988868028624 651.60099828679813 49.69503511901712 578.23348166578216
leaf_count=4524 4227 2913 1738 7251 525 7367
internal_value=2.91674e-05 -0.000504915 0.000370638 -0.000100713 0.0022132 -0.00156217
internal_weight=2337.66 1884.51 1034.39 868.461 453.151 850.122
internal_count=28545 23793 11902 10164 4752 11891
is_linear=0
shrinkage=0.03


Tree=30
num_leaves=7
num_cat=0
split_feature=1 28 28 4 5 9
split_gain=2.93024 1.48795 1.29867 0.96814 0.93629 0.683844
threshold=0.011736260828947678 2.7757409811019902 1.6534560322761538 -0.17155372068330851 0.005732849572629266 0.041418396794212754
decision_type=2 8 8 2 2 2
left_child=1 4 -2 -3 5 -1
right_child=2 3 -4 -5 -6 -7
leaf_value=-0.0020532238765649637 0.00071622654144310089 -0.0018496004259909587 0.0035375025792416565 0.0018806806034401403 0.00062556138141987004 -0.00046112891111493881
leaf_weight=726.41164434718667 480.52351744292537 72.549659023759887 206.11433555861004 262.90601897914894 212.91529554600129 372.7902368302166
leaf_count=10654 5026 963 1773 2962 2595 4563
internal_value=-3.10084e-05 -0.000717025 0.00160174 0.00104374 -0.00117167 -0.0015223
internal_weight=2334.21 1647.57 686.638 335.456 1312.12 1099.2
internal_count=28536 21737 6799 3925 17812 15217
is_linear=0
shrinkage=0.03


Tree=31
num_leaves=7
num_cat=0
split_feature=7 28 7 11 20 14
split_gain=2.45429 1.83499 1.24938 0.927605 0.939941 0.884095
threshold=-0.024091166803862328 3.0200256109237675 0.11223749481369588 0.083712209046271205 -0.080839164115889331 0.15236710688623262
decision_type=2 8 2 2 2 2
left_child=-1 2 3 4 -2 -4
right_child=1 -3 5 -5 -6 -7
leaf_value=-0.0016273591770369197 -0.0021894351005626307 0.0025464599198289895 0.0041361295817151965 0.0022225039557407177 -8.033770234438423e-05 0.00037698472426848673
leaf_weight=595.89715499451268 235.75120966744726 335.52423228602856 96.443210856465157 110.12861396523658 844.55707749846624 124.28604651987553
leaf_count=9106 2961 3663 1503 1226 9511 666
internal_value=1.91342e-05 0.000586915 0.000106366 -0.000283 -0.000556457 0.00212754
internal_weight=2342.59 1746.69 1411.17 1190.44 1080.31 220.729
internal_count=28636 19530 15867 13698 12472 2169
is_linear=0
shrinkage=0.03


Tree=32
num_leaves=7
num_cat=0
split_feature=0 8 5 14 3 3
split_gain=2.18065 1.12872 0.753981 0.709191 0.790987 0.631109
threshold=-0.0026496339018390875 0.10685066761287672 0.005732849572629266 0.34198608790104729 -0.23845042274485165 -0.16665317621500705
decision_type=2 2 2 2 2 2
left_child=2 3 -1 4 -2 -4
right_child=1 -3 5 -5 -6 -7
leaf_value=-0.001546810383338375 -0.0014258877794892703 0.0024457074490945962 -0.0016534295244935561 -0.0019010252703237885 0.00088211792446459491 0.0019492334242930988
leaf_weight=785.24971375134191 148.59704034856986 258.43818478679168 60.427916454500519 110.76271496713161 860.96032760755043 107.64969754032791
leaf_count=10794 2255 2921 797 462 10136 1182
internal_value=-6.32449e-05 0.000697815 -0.00115975 0.000276537 0.000531749 0.000633876
internal_weight=2332.09 1378.76 953.327 1120.32 1009.56 168.078
internal_count=28547 15774 12773 12853 12391 1979
is_linear=0
shrinkage=0.03


Tree=33
num_leaves=7
num_cat=0
split_feature=7 3 14 8 2 28
split_gain=2.597 1.269 1.00997 0.928863 0.845667 0.747934
threshold=0.052079304779513766 -0.065510649338639343 0.31953153718185695 0.19344850867118132 -0.17267390338435781 2.466056346893311
decision_type=2 2 2 2 2 8
left_child=1 3 4 -1 -2 -3
right_child=2 5 -4 -5 -6 -7
leaf_value=-0.0012044693945132742 -0.00024335659143813633 0.00016162541513022597 -0.0011004285751442689 0.0030244116797591611 0.0025679872893382386 0.0033266313798253635
leaf_weight=1257.5373748087295 117.92735454603098 266.62740368474624 104.01279489696026 39.201322467124555 478.0813764486229 80.351220974815078
leaf_count=17114 1557 3183 439 475 5064 798
internal_value=2.72597e-05 -0.000624429 0.00154473 -0.00105446 0.00201689 0.000967215
internal_weight=2343.74 1643.72 700.022 1296.74 596.009 346.979
internal_count=28630 21570 7060 17589 6621 3981
is_linear=0
shrinkage=0.03


Tree=34
num_leaves=7
num_cat=0
split_feature=28 0 22 6 9 3
split_gain=2.40444 1.64739 1.13135 1.10044 0.976784 0.871491
threshold=2.6208504438400273 0.0099882119199677395 0.013786453090246481 0.22215489207627617 0.010053427755530033 -0.065510649338639343
decision_type=8 2 2 2 2 2
left_child=1 4 -3 5 -1 -2
right_child=3 2 -4 -5 -6 -7
leaf_value=-0.0019541684497592546 0.00051352704141641246 -1.3897150998082258e-06 0.002704284047836578 0.0051831397195719062 -0.00022056116495748341 0.003838052983174019
leaf_weight=592.28359424239898 319.53761201549787 521.56783186353277 179.66100110084517 70.363233156502247 574.2830540543946 82.783816187642515
leaf_count=8926 3706 5568 1927 624 6993 824
internal_value=6.30485e-05 -0.000422663 0.000720104 0.00195131 -0.00110987 0.00127409
internal_weight=2340.48 1867.8 701.229 472.685 1166.57 402.321
internal_count=28568 23414 7495 5154 15919 4530
is_linear=0
shrinkage=0.03


Tree=35
num_leaves=7
num_cat=0
split_feature=6 28 23 3 6 31
split_gain=3.06802 1.54826 1.13537 0.946273 0.835266 0.821349
threshold=0.25800267363092039 1.9798751473426821 0.57784389018357951 -0.31493732643588251 -0.1380981427065853 4.8141577243804941
decision_type=2 8 2 2 2 10
left_child=1 2 4 -3 -1 -6
right_child=-2 3 -4 -5 5 -7
leaf_value=-0.00246227315590444 0.0028820676412371509 -0.0032611151707827072 0.00268229139487096 0.0012518928617630634 -0.0013786148872298714 0.00026115943451307505
leaf_weight=308.24140679028642 279.62076596610132 35.808964326628484 65.755769767798483 528.45870860933792 661.36971119517693 460.89356758928625
leaf_count=5156 2880 489 813 5655 6495 7092
internal_value=-1.00288e-05 -0.00041452 -0.000918155 0.000913693 -0.00110113 -0.00070883
internal_weight=2340.15 2060.53 1496.26 564.268 1430.5 1122.26
internal_count=28580 25700 19556 6144 18743 13587
is_linear=0
shrinkage=0.03


Tree=36
num_leaves=7
num_cat=0
split_feature=28 1 2 8 22 37
split_gain=2.1765 1.57805 1.17244 0.929755 0.611877 0.570874
threshold=2.7757409811019902 0.041129370308277464 -0.11777762181154879 -0.062272936325375901 -0.12222250240848485 -2.7032146741877545
decision_type=8 2 2 2 2 10
left_child=1 3 -2 -1 -5 -6
right_child=2 -3 -4 4 5 -7
leaf_value=-0.002346699515321789 0.00016086372842782199 0.0012124029778912884 0.0032344648224008807 -0.0021423302367748961 0.0016428829083519872 -0.00048414057225689631
leaf_weight=304.29352511151228 202.88502317311941 397.77967063931283 241.5398996155709 165.27624034343171 119.90245015900291 899.64631778714829
leaf_count=5451 2360 3961 2504 2222 2260 9814
internal_value=9.40279e-07 -0.000445802 0.00186575 -0.000893881 -0.000504243 -0.000220468
internal_weight=2331.32 1886.9 444.425 1489.12 1184.83 1019.55
internal_count=28572 23708 4864 19747 14296 12074
is_linear=0
shrinkage=0.03


Tree=37
num_leaves=7
num_cat=0
split_feature=7 6 9 28 14 9
split_gain=2.25691 1.31795 1.02136 0.853114 1.01822 0.64031
threshold=-0.024091166803862328 0.33929199159742401 -0.053771872731406094 3.493869543075562 0.22021843570589214 0.049521300226624765
decision_type=2 2 2 10 2 2
left_child=-1 2 -2 4 5 -4
right_child=1 -3 3 -5 -6 -7
leaf_value=-0.0016000722259850116 -0.0012240572693899563 0.003167566474244638 0.00034627844326000741 0.0036885588021876243 -0.00086940954067703138 0.0020440039136264024
leaf_weight=595.4731814294646 319.70412816220778 144.99760809750296 513.10139257388073 68.256075941026211 360.41611498594284 323.0671692766773
leaf_count=9093 4324 1548 7045 549 1722 4141
internal_value=-2.2644e-05 0.000526533 0.00026651 0.000649915 0.00044745 0.00101863
internal_weight=2325.02 1729.54 1584.54 1264.84 1196.58 836.169
internal_count=28422 19329 17781 13457 12908 11186
is_linear=0
shrinkage=0.03


Tree=38
num_leaves=7
num_cat=0
split_feature=0 28 28 2 9 2
split_gain=2.08691 1.38546 1.06422 0.735263 0.692552 0.636278
threshold=0.0077839355500756722 3.4106053113937382 0.44573460519313818 -0.14501582019066625 0.041418396794212754 -0.11777762181154879
decision_type=2 8 8 2 2 2
left_child=1 4 -2 -4 -1 -3
right_child=2 5 3 -5 -6 -7
leaf_value=-0.0015490111716941796 7.2509282388001647e-05 -0.00021788606132149867 0.00039491740860637318 0.002976501686857278 -4.2469226900623801e-05 0.0027098560213365962
leaf_weight=799.82866112550255 389.23214813013328 122.36740919784643 146.9629737600917 319.64470853470266 416.40164855471812 133.56736039899988
leaf_count=11439 4703 1556 1435 2767 4962 1559
internal_value=6.83432e-05 -0.000615543 0.00123825 0.00218875 -0.00103777 0.00135449
internal_weight=2328 1472.17 855.84 466.608 1216.23 255.935
internal_count=28421 19516 8905 4202 16401 3115
is_linear=0
shrinkage=0.03


Tree=39
num_leaves=7
num_cat=0
split_feature=28 1 2 37 14 8
split_gain=1.94874 1.26338 0.929029 0.769755 0.666279 0.607939
threshold=2.466056346893311 0.018882285965481319 -0.11777762181154879 -2.64727548992995 0.15944823247473108 0.20005708872711428
decision_type=8 2 2 10 2 2
left_child=1 3 -2 -1 -3 -5
right_child=2 4 -4 5 -6 -7
leaf_value=0.00093403910746493951 0.00027544194145565087 0.001955112118633646 0.002845664261270836 -0.0012978890270391561 -0.00019112422310844677 0.0023986538086674144
leaf_weight=173.48771464578749 232.58181101188529 245.52188573018066 273.99643391638529 1098.4401814901212 262.08691090345383 32.614394767093472
leaf_count=3880 2692 3740 2772 13588 1399 367
internal_value=6.76407e-05 -0.000393743 0.00169379 -0.000886263 0.000864691 -0.00117121
internal_weight=2318.73 1812.15 506.578 1304.54 507.609 1131.05
internal_count=28438 22974 5464 17835 5139 13955
is_linear=0
shrinkage=0.03


Tree=40
num_leaves=7
num_cat=0
split_feature=0 2 11 9 0 25
split_gain=1.84355 1.35035 0.848372 0.738505 0.716455 0.736024
threshold=0.13326998848160362 -0.12572700109751672 0.11129591335915441 0.023468341943540728 0.46586906684600954 -0.0050338255918305755
decision_type=2 2 2 2 2 2
left_child=1 -1 3 -3 5 -2
right_child=4 2 -4 -5 -6 -7
leaf_value=-0.0013190011299203299 0.0033310644112885509 -0.00068299882900773386 0.0032840766964581203 0.00096550221974592808 0.0052871806682084641 0.00049123410526373339
leaf_weight=837.74495220003882 103.45528862328501 541.6753615833004 68.877068997710012 429.3918964471668 35.813510903448332 314.29689400841016
leaf_count=11837 1026 6727 748 4508 412 3274
internal_value=-1.37709e-05 -0.000429996 0.0002919 4.83557e-05 0.00168144 0.00125594
internal_weight=2331.25 1877.69 1039.94 971.067 453.566 417.752
internal_count=28532 23820 11983 11235 4712 4300
is_linear=0
shrinkage=0.03


Tree=41
num_leaves=7
num_cat=0
split_feature=28 0 0 9 8 34
split_gain=1.97028 1.36125 0.91386 0.729461 0.690617 0.603333
threshold=2.5651172399520878 0.0077839355500756722 0.14627105653835051 0.11097396658343328 0.1029647351714858 -7.6496938218673067
decision_type=8 2 2 2 2 10
left_child=1 5 3 -2 -3 -1
right_child=2 4 -4 -5 -6 -7
leaf_value=0.0014886393295438203 0.00049994892716777317 5.2178400029504084e-05 0.004519317530917796 0.0040437646361040341 0.0022884529798726898 -0.0012842651083622804
leaf_weight=67.313318190732389 356.18899031582987 554.22354809514945 74.190154724754393 52.125293364282697 150.40133370450349 1084.2331338859804
leaf_count=1807 4054 6035 677 514 1554 14009
internal_value=-3.35954e-05 -0.000478886 0.00165436 0.0010382 0.000554852 -0.00111076
internal_weight=2338.68 1856.17 482.504 408.314 704.625 1151.55
internal_count=28650 23405 5245 4568 7589 15816
is_linear=0
shrinkage=0.03


Tree=42
num_leaves=7
num_cat=0
split_feature=0 7 8 3 0 12
split_gain=2.1753 1.15294 0.931236 0.654543 0.615064 0.594416
threshold=0.13997435442498815 -0.018207413947412359 0.23216899988254566 -0.23124022824059742 0.46586906684600954 1.0259299102469412
decision_type=2 2 2 2 2 2
left_child=1 -1 3 -3 -2 -5
right_child=4 2 -4 5 -6 -7
leaf_value=-0.0014404939064232175 0.0014940064297562937 -0.0015867899506580509 0.004470955476625133 0.000853049819470467 0.0051864068550329804 -0.00057964114068275081
leaf_weight=625.04542301720358 400.51746080548037 193.49199429515284 32.829424507363001 627.97954451086116 38.35659963337821 431.6524822562933
leaf_count=9393 4127 2796 378 9114 447 2373
internal_value=4.49818e-05 -0.000394566 0.000121006 -2.74483e-05 0.00192507 0.000269465
internal_weight=2349.87 1911 1285.95 1253.12 438.874 1059.63
internal_count=28628 24054 14661 14283 4574 11487
is_linear=0
shrinkage=0.03


Tree=43
num_leaves=7
num_cat=0
split_feature=22 1 7 2 28 31
split_gain=1.47668 1.25847 0.798951 0.730361 0.654407 0.788507
threshold=-0.15505850892022116 0.025394442259978358 -0.10750770994707606 0.082216118246992195 3.8115005493164067 7.1176422238349923
decision_type=2 2 2 2 10 8
left_child=-1 2 -2 4 5 -4
right_child=1 -3 3 -5 -6 -7
leaf_value=-0.0022354217960865379 -0.0021698419879281486 0.0015027641748822512 -0.00071301404543870736 0.0035637910592090146 0.0031635282155300462 0.00081577116081390068
leaf_weight=226.19428131025052 150.73749550504726 538.55841866447008 890.49610726846731 41.64801101363264 44.197353265946731 448.4873622283485
leaf_count=3195 2945 5183 9423 507 402 6904
internal_value=1.49159e-05 0.000265074 -0.000164801 6.09633e-05 -6.93311e-05 -0.000198702
internal_weight=2340.32 2114.12 1575.57 1424.83 1383.18 1338.98
internal_count=28559 25364 20181 17236 16729 16327
is_linear=0
shrinkage=0.03


Tree=44
num_leaves=7
num_cat=0
split_feature=7 8 28 20 14 30
split_gain=1.74395 1.31446 0.776808 0.70783 0.638628 0.604906
threshold=-0.03371831329501724 0.1029647351714858 1.8145318627357485 0.10132930415284148 0.41385917847164688 -4.5000259876251212
decision_type=2 2 8 2 2 10
left_child=3 2 5 -1 -3 -2
right_child=1 4 -4 -5 -6 -7
leaf_value=-0.0019476671911711355 0.00088392851349349943 0.0023931302035966866 0.0010744659959955253 0.0010305215491709504 -0.0022204988671478375 -0.00081661455377004578
leaf_weight=434.70354314133874 241.19723438611254 343.44047880827566 465.53825373534346 79.118762562633492 21.546009451150894 750.08975762859336
leaf_count=6856 3689 3938 4748 1294 89 7948
internal_value=4.85051e-05 0.000484805 7.65529e-05 -0.00147816 0.00206882 -0.000398148
internal_weight=2335.63 1821.81 1456.83 513.822 364.986 991.287
internal_count=28562 20412 16385 8150 4027 11637
is_linear=0
shrinkage=0.03


Tree=45
num_leaves=7
num_cat=0
split_feature=0 8 3 5 2 15
split_gain=1.67832 1.13451 0.728827 0.609131 0.551677 0.559241
threshold=-0.0051056284576169722 0.1029647351714858 -0.25401591230217097 0.0065695501389263326 -0.2868854246054367 1.5000000000000002
decision_type=2 2 2 2 2 2
left_child=2 4 -1 -4 -2 -6
right_child=1 -3 3 -5 5 -7
leaf_value=-0.0029869934543117838 -0.0023167119986531935 0.0024010237869376253 -0.00096416922383704196 0.0011170303612610154 0.00071577217367020023 -0.0012441456958538297
leaf_weight=123.22253713957616 59.54750689904904 274.58679108822253 667.8429318053968 146.78999639942776 919.66150468212436 143.21091262018308
leaf_count=2162 1187 3086 8798 1693 9934 1680
internal_value=5.14471e-05 0.000708587 -0.000924562 -0.000580156 0.000277006 0.000442559
internal_weight=2334.86 1397.01 937.855 814.633 1122.42 1062.87
internal_count=28540 15887 12653 10491 12801 11614
is_linear=0
shrinkage=0.03


Tree=46
num_leaves=7
num_cat=0
split_feature=0 28 4 23 20 9
split_gain=1.67659 1.033 0.765021 0.724733 0.687028 0.678478
threshold=0.0077839355500756722 2.6208504438400273 -0.09373738045263949 0.25819693587091413 -0.034677603327608719 -0.0055679357386712374
decision_type=2 8 2 2 2 2
left_child=1 5 -3 4 -2 -1
right_child=3 2 -4 -5 -6 -7
leaf_value=-0.0018754691720409586 -0.0010042315247594041 -0.00029004259789746067 0.0025966880563136727 0.0026117463353619642 0.0011457980263909328 -0.00039262755326395542
leaf_weight=480.58311120368307 175.41480917483568 205.50158063444542 126.24048573034815 197.39946928151767 478.95669773040572 656.00910923973424
leaf_count=7524 1974 2448 1421 1999 4945 8242
internal_value=1.09108e-05 -0.00060223 0.000852308 0.0010626 0.000563008 -0.0010305
internal_weight=2320.11 1468.33 331.742 851.771 654.372 1136.59
internal_count=28553 19635 3869 8918 6919 15766
is_linear=0
shrinkage=0.03


Tree=47
num_leaves=7
num_cat=0
split_feature=8 3 28 14 7 6
split_gain=1.46697 1.28098 1.31589 0.903795 0.90136 0.747667
threshold=0.19344850867118132 -0.24368037027907169 2.5174576044082646 0.28104463578201971 0.065152799049827126 0.25800267363092039
decision_type=2 2 8 2 2 2
left_child=1 -1 3 4 -3 -4
right_child=-2 2 5 -5 -6 -7
leaf_value=-0.0019159701181337984 0.0033042723309091985 -0.00041146711689464397 0.0010570762981810702 -0.0019484854537286673 0.001485254767026552 0.0047976289711741298
leaf_weight=317.65291445149342 104.10733084069216 969.29843388656445 367.44803350605071 240.45639505982399 282.95043204515241 47.439187099225819
leaf_count=4936 1202 13791 3876 1064 3156 401
internal_value=-1.36884e-05 -0.000183006 0.000114054 -0.000303355 2.54759e-05 0.00158763
internal_weight=2329.35 2225.25 1907.59 1492.71 1252.25 414.887
internal_count=28426 27224 22288 18011 16947 4277
is_linear=0
shrinkage=0.03


Tree=48
num_leaves=7
num_cat=0
split_feature=0 2 37 14 9 9
split_gain=1.87692 1.10223 0.783177 0.646596 0.622102 0.604853
threshold=0.13997435442498815 -0.12705250761577 -2.5911847638587151 0.31953153718185695 -0.067453824971642262 0.010939286986388812
decision_type=2 2 10 2 2 2
left_child=1 4 -3 -2 -1 -4
right_child=3 2 5 -5 -6 -7
leaf_value=-0.0027750257351322359 0.0023127529699747715 0.0019405746373984461 -0.00087757871266072249 -0.00092607884912668031 -0.00069618168326674411 0.00071605316285251709
leaf_weight=153.05696028243983 376.55569217540324 210.17348464485258 412.25337801018031 59.219160988926888 692.16678210790269 425.40909083274892
leaf_count=2772 4258 3274 4690 249 9131 4107
internal_value=0.00010991 -0.000301012 0.000348332 0.00186171 -0.00110067 -6.9349e-05
internal_weight=2328.83 1893.06 1047.84 435.775 845.224 837.662
internal_count=28481 23974 12071 4507 11903 8797
is_linear=0
shrinkage=0.03


Tree=49
num_leaves=7
num_cat=0
split_feature=23 28 9 0 30 8
split_gain=1.53241 1.3776 1.02964 0.599195 0.549679 0.544538
threshold=0.57784389018357951 1.9798751473426821 0.016140573215072344 0.059027115701411954 -2.5330623388290401 0.19344850867118132
decision_type=2 8 2 2 10 2
left_child=1 2 4 -4 -1 -3
right_child=-2 5 3 -5 -6 -7
leaf_value=-0.00029687739296898203 0.0033053000578880877 0.00084110381053286896 -0.00031684296206084772 0.0015224965409498998 -0.0018714650930887137 0.0046076220096911034
leaf_weight=323.13530286989408 114.27561285195407 582.95183766586706 524.80332658806583 217.40885757998331 530.65882325937855 27.60109453171026
leaf_count=5792 1328 6171 6367 2131 6329 265
internal_value=6.38441e-05 -0.000118182 -0.000581532 0.000235014 -0.00128587 0.00108288
internal_weight=2320.83 2206.56 1596.01 742.212 853.794 610.553
internal_count=28383 27055 20619 8498 12121 6436
is_linear=0
shrinkage=0.03


Tree=50
num_leaves=7
num_cat=0
split_feature=0 28 5 23 15 31
split_gain=1.55427 1.05294 0.782696 0.754535 0.644304 0.606728
threshold=-0.055713991131700162 1.9798751473426821 0.005732849572629266 0.48447040189574847 1.5000000000000002 5.1071106269955644
decision_type=2 10 2 2 2 8
left_child=2 3 -1 4 5 -2
right_child=1 -3 -4 -5 -6 -7
leaf_value=-0.001508540552890205 -0.00045849713610420054 0.0021385938766493818 0.0010075340147486899 0.0026711699372170597 -0.0018979320096604506 0.000983214410232815
leaf_weight=645.38296045607422 552.61819548893254 292.82468476472422 126.71608664846281 89.84347188618267 137.92790784174576 483.63467625222984
leaf_count=9248 5321 2590 1608 983 1777 6934
internal_value=4.28612e-06 0.000549479 -0.001088 0.000167447 -4.50668e-05 0.000217337
internal_weight=2328.95 1556.85 772.099 1264.02 1174.18 1036.25
internal_count=28461 17605 10856 15015 14032 12255
is_linear=0
shrinkage=0.03


Tree=51
num_leaves=7
num_cat=0
split_feature=28 23 20 37 36 2
split_gain=1.26666 1.14127 0.819115 0.88144 0.641746 0.560644
threshold=2.5651172399520878 0.34456282204118988 0.038239746943724083 -3.2455378575078035 2.5043044921800952 -0.13500408615291118
decision_type=8 2 2 10 10 2
left_child=1 2 3 -1 5 -2
right_child=4 -3 -4 -5 -6 -7
leaf_value=0.0014090367181361064 0.0003637151439909752 0.0017211466308048836 0.0006492637379474182 -0.001201246611395263 -0.0025570809847933781 0.0025030080005518335
leaf_weight=121.47225401375908 183.63151382259093 214.15523224420031 376.34322211390827 1113.8008272589941 25.705585160292685 281.31854807783384
leaf_count=2700 2207 2429 4952 13072 206 2870
internal_value=7.74695e-05 -0.000287656 -0.000563558 -0.000935307 0.00141474 0.00168354
internal_weight=2316.43 1825.77 1611.62 1235.27 490.656 464.95
internal_count=28436 23153 20724 15772 5283 5077
is_linear=0
shrinkage=0.03


Tree=52
num_leaves=7
num_cat=0
split_feature=2 14 6 9 7 22
split_gain=1.51031 1.13891 1.11145 0.721015 0.580997 0.544161
threshold=-0.12572700109751672 0.41385917847164688 0.33011219405377712 0.10632669663453077 -0.10497029864169484 0.027627889864288799
decision_type=2 2 2 2 2 2
left_child=4 2 3 -2 -1 -6
right_child=1 -3 -4 -5 5 -7
leaf_value=-0.0027519641439727235 0.00030641653869710396 -0.0028319341350132856 0.0038462078632960622 0.0023617160640673133 -0.00098296229041583937 0.0007032740699940875
leaf_weight=115.82199346847483 977.97088810773857 68.078235045075417 96.679903887386899 173.22045315714786 674.58004264213378 222.11012339091394
leaf_count=2498 11589 281 1013 1853 8510 2776
internal_value=2.93821e-05 0.000697346 0.000910871 0.000633354 -0.000837092 -0.000562132
internal_weight=2328.46 1315.95 1247.87 1151.19 1012.51 896.69
internal_count=28520 14736 14455 13442 13784 11286
is_linear=0
shrinkage=0.03


Tree=53
num_leaves=7
num_cat=0
split_feature=6 22 28 22 6 4
split_gain=1.3727 1.071 0.889119 0.617064 0.567045 0.528903
threshold=0.33929199159742401 -0.15768213182079982 2.8385466337203984 0.042626234516217248 -0.032110983557778756 -0.17155372068330851
decision_type=2 2 8 2 2 2
left_child=1 -1 3 4 -3 -4
right_child=-2 2 5 -5 -6 -7
leaf_value=-0.0022158022500640231 0.0027151202058594589 -0.0015311713514028621 -0.00082765044169345566 0.00070790796912727368 -0.00016241711063947852 0.0018395909128403653
leaf_weight=205.53789324997342 144.82311448443215 411.38366944047448 78.590224915649742 397.40130675563705 778.31872331860359 305.77379994635703
leaf_count=2944 1571 6004 933 5147 8599 3221
internal_value=-1.47942e-05 -0.000207983 1.14705e-05 -0.000303577 -0.000644532 0.00128707
internal_weight=2321.83 2177.01 1971.47 1587.1 1189.7 384.364
internal_count=28419 26848 23904 19750 14603 4154
is_linear=0
shrinkage=0.03


Tree=54
num_leaves=7
num_cat=0
split_feature=6 22 28 23 8 14
split_gain=1.44121 0.866142 0.870475 0.557176 0.539943 0.504547
threshold=0.28806393323660878 -0.15060012707257953 2.7757409811019902 -0.29108432140184476 0.16183952307787722 0.34198608790104729
decision_type=2 2 8 2 2 2
left_child=1 -1 3 -3 -4 -2
right_child=5 2 4 -5 -6 -7
leaf_value=-0.0020278209403698745 0.0026872614436475361 -0.0015205468907516059 0.00082098160638038311 -9.9427772555944221e-05 0.0047461549542403845 -0.0012880974113712268
leaf_weight=218.36341076932149 200.90563903190196 302.89779219141928 346.60078063071705 1210.6145878750976 25.717311733402312 27.193070858716965
leaf_count=3079 2243 4407 3796 14745 262 113
internal_value=-3.37644e-05 -0.00028282 -7.1133e-05 -0.000391949 0.00120916 0.00217914
internal_weight=2332.29 2104.19 1885.83 1513.51 372.318 228.099
internal_count=28645 26289 23210 19152 4058 2356
is_linear=0
shrinkage=0.03


Tree=55
num_leaves=7
num_cat=0
split_feature=6 28 30 3 5 7
split_gain=1.3865 1.14828 1.00423 0.799694 0.610162 0.510803
threshold=0.30031076942859641 1.6881240010261538 -4.5000259876251212 -0.31493732643588251 0.0011665024186901464 -0.10750770994707606
decision_type=2 8 10 2 2 2
left_child=1 2 -1 -3 -4 -5
right_child=-2 3 4 5 -6 -7
leaf_value=0.00068152379353368534 0.0023259023815770784 -0.0028615454695431462 -0.001470166566908223 -0.0020320010283270476 0.00028940346887623637 0.0013264941483506966
leaf_weight=367.30590572676738 207.24280027020723 39.666730589058716 868.52523935618228 34.963039399823174 218.54069821868325 590.83095945703099
leaf_count=6435 2153 563 10475 503 2287 6077
internal_value=4.30028e-05 -0.000190055 -0.000661236 0.00083426 -0.00111701 0.00110985
internal_weight=2327.08 2119.83 1454.37 665.461 1087.07 625.794
internal_count=28493 26340 19197 7143 12762 6580
is_linear=0
shrinkage=0.03


Tree=56
num_leaves=7
num_cat=0
split_feature=2 0 3 23 20 30
split_gain=1.48847 0.811015 0.755094 0.787574 0.703912 0.648858
threshold=-0.12705250761577 0.40629810526123383 -0.040425177458980173 0.35314691404300985 0.012612602314840128 3.2013901472091679
decision_type=2 2 2 2 2 10
left_child=4 2 3 -2 -1 -4
right_child=1 -3 5 -5 -6 -7
leaf_value=-0.0013183193331873285 -0.00012128815277721337 0.0043987113206190552 0.0027770336343530097 0.0022447874147064209 0.00042819222873914344 -0.0010819504448786607
leaf_weight=714.12705510028172 920.37295368489868 41.640765385120176 191.61302100948524 136.65469662687974 285.52823765942594 42.954386663157493
leaf_count=9709 10565 447 2088 1434 3930 342
internal_value=5.03747e-05 0.000704352 0.000552367 0.000202774 -0.000820169 0.00205502
internal_weight=2332.89 1333.24 1291.6 1057.03 999.655 234.567
internal_count=28515 14876 14429 11999 13639 2430
is_linear=0
shrinkage=0.03


Tree=57
num_leaves=7
num_cat=0
split_feature=23 28 9 14 2 7
split_gain=1.26778 1.1254 0.736981 0.728643 0.77172 0.66119
threshold=0.57784389018357951 1.9798751473426821 0.059698667393870537 0.37533345012189662 -0.091742951115453455 -0.03371831329501724
decision_type=2 8 2 2 2 2
left_child=1 2 5 4 -3 -1
right_child=-2 3 -4 -5 -6 -7
leaf_value=-0.0021955302402614542 0.0029514746180918398 0.00027324890102992756 0.00041662818038540458 -0.0021860708431090015 0.0025145338810015094 -0.00057020470750570901
leaf_weight=302.64885402467917 111.62420820910484 335.24223683122545 444.00494253975921 53.926793336868286 228.70970231009414 847.51877424068516
leaf_count=5394 1304 3846 4974 222 2461 10330
internal_value=-3.10399e-05 -0.000194148 -0.000614797 0.000883661 0.00121017 -0.00101312
internal_weight=2323.68 2212.05 1594.17 617.879 563.952 1150.17
internal_count=28531 27227 20698 6529 6307 15724
is_linear=0
shrinkage=0.03


Tree=58
num_leaves=7
num_cat=0
split_feature=0 22 6 31 8 12
split_gain=1.13746 0.724941 0.683038 0.555155 0.479079 0.573081
threshold=-0.084840280120375242 -0.15768213182079982 0.25800267363092039 7.1176422238349923 -0.044555665456989531 1.6058927959201512
decision_type=2 2 2 10 2 2
left_child=-1 -2 3 -3 -4 -6
right_child=1 2 4 -5 5 -7
leaf_value=-0.00099911958085705205 -0.0013457839343711101 6.3419878142926021e-05 -0.00068760619342245828 0.0016988143417115309 0.003383921679796799 -0.00042376517405571113
leaf_weight=675.52057094723568 170.66975321268546 1002.9826834897976 43.151399380352814 219.81678950806963 166.93665437336313 41.941180750727654
leaf_count=9795 2269 10433 548 3437 1791 194
internal_value=2.86491e-05 0.000454062 0.000670004 0.000368802 0.00206153 0.00263494
internal_weight=2321.02 1645.5 1474.83 1222.8 252.029 208.878
internal_count=28467 18672 16403 13870 2533 1985
is_linear=0
shrinkage=0.03


Tree=59
num_leaves=7
num_cat=0
split_feature=28 22 23 3 6 17
split_gain=1.16564 1.08367 0.809443 0.719291 0.627781 0.567136
threshold=1.9798751473426821 0.12316497555472924 0.45464867897238254 -0.31493732643588251 -0.11257961848191168 1.5000000000000002
decision_type=8 2 2 2 2 2
left_child=1 2 4 -2 -1 -5
right_child=3 -3 -4 5 -6 -7
leaf_value=-0.0020744726313803629 -0.0024503025801082545 0.0017184878010578272 0.0015849637811537131 0.0015785962926410471 -0.00052725015457886549 -0.0021743054064285866
leaf_weight=295.73949441305012 39.004568671691231 184.73513034096686 123.16980149710434 576.82019903644687 1088.2470112954616 30.098077085800469
leaf_count=4869 544 2519 1444 5863 12992 391
internal_value=2.19399e-05 -0.000392258 -0.000660598 0.0010963 -0.000870381 0.00136026
internal_weight=2337.81 1691.89 1507.16 645.923 1383.99 606.918
internal_count=28622 21824 19305 6798 17861 6254
is_linear=0
shrinkage=0.03


Tree=60
num_leaves=7
num_cat=0
split_feature=8 28 37 14 28 2
split_gain=1.2933 0.929665 0.804472 0.578098 0.819812 0.50065
threshold=0.16183952307787722 1.028931260108948 -2.7032146741877545 0.2442724207889182 3.3306834697723393 -0.22525696356164476
decision_type=2 8 10 2 10 2
left_child=1 2 -1 5 -5 -3
right_child=-2 3 -4 4 -6 -7
leaf_value=0.0010597400969572261 0.0024122170010577953 -0.0010568476124876963 -0.0010315605397126163 -0.0015346016483872866 0.0025707865042776993 0.0013213624324877639
leaf_weight=187.19262782542501 176.91103899996961 84.678503302391618 1068.1345023514004 196.85456877946854 45.962573170661926 571.38870997074991
leaf_count=4056 1986 1475 13113 905 207 6804
internal_value=1.80575e-05 -0.000188796 -0.000713798 0.000544176 -0.00068655 0.00100315
internal_weight=2331.12 2154.21 1255.33 898.884 242.817 656.067
internal_count=28546 26560 17169 9391 1112 8279
is_linear=0
shrinkage=0.03


Tree=61
num_leaves=7
num_cat=0
split_feature=28 11 30 7 8 35
split_gain=1.03354 0.734616 0.679912 0.609318 0.467442 0.43623
threshold=1.4798393249511721 0.022129943051761813 -5.5500738620758048 0.015750847961232921 -0.049220822461964513 1.6621941099209447
decision_type=8 2 10 2 2 10
left_child=2 5 -1 -4 -3 -2
right_child=1 4 3 -5 -6 -7
leaf_value=0.00072279660753894834 0.00057568265127676732 -0.00097670916914617285 -0.0014806965307594161 -0.00014120993313247743 0.0023917729290626843 -0.001440302900985116
leaf_weight=304.08268800831866 389.15104289748706 37.401600753772072 635.02401518399711 585.30279578873888 260.02342255873373 117.47870529809734
leaf_count=5644 4246 529 8522 6036 2535 1077
internal_value=-7.11647e-05 0.000793206 -0.000529278 -0.000844611 0.00195019 8.938e-05
internal_weight=2328.46 804.055 1524.41 1220.33 297.425 506.63
internal_count=28589 8387 20202 14558 3064 5323
is_linear=0
shrinkage=0.03


Tree=62
num_leaves=7
num_cat=0
split_feature=0 22 11 22 23 30
split_gain=1.03599 0.97695 0.843638 0.685123 0.626697 0.606119
threshold=0.46586906684600954 -0.16251717978601601 0.025522680899316499 0.14608050115648616 0.20557854401914447 -4.5000259876251212
decision_type=2 2 2 2 2 10
left_child=1 -1 3 5 -4 -3
right_child=-2 2 4 -5 -6 -7
leaf_value=-0.0020468301386553224 0.0043261160701912769 0.00047702990168282678 0.00043359268593829543 0.0016154085305354574 0.0026081013227631888 -0.00098014017870991644
leaf_weight=206.58033291858737 37.955567722499836 349.40678395674331 548.84693053911906 133.2660979249049 144.50027147639776 910.15873250714503
leaf_count=2923 430 5249 6827 1720 1542 9830
internal_value=-3.82708e-05 -0.000128994 6.9775e-05 -0.000355712 0.000917419 -0.000575344
internal_weight=2330.71 2292.76 2086.18 1392.83 693.347 1259.57
internal_count=28521 28091 25168 16799 8369 15079
is_linear=0
shrinkage=0.03


Tree=63
num_leaves=7
num_cat=0
split_feature=0 9 5 28 28 9
split_gain=1.13554 0.817971 0.728155 0.601989 0.492569 0.453128
threshold=0.13997435442498815 -0.089260218624545126 0.0021485122064870718 3.3306834697723393 2.8385466337203984 0.11097396658343328
decision_type=2 2 2 8 10 2
left_child=1 -1 3 -3 -2 -4
right_child=4 2 5 -5 -6 -7
leaf_value=-0.0019097420948014699 0.00089216342637926367 -0.00067749988792176262 0.0006632198003340519 0.0010268396139383926 0.0036583425822594327 0.0037146474140304937
leaf_weight=244.10061819321709 379.28766500775237 1104.510635367551 280.50851104903268 214.77224678103812 61.303541265428066 43.57272076793015
leaf_count=3896 4061 13993 3094 2482 510 450
internal_value=-4.1516e-06 -0.000325628 -8.02007e-05 -0.000394405 0.0013497 0.00117239
internal_weight=2328.06 1887.46 1643.36 1319.28 440.591 324.081
internal_count=28486 23915 20019 16475 4571 3544
is_linear=0
shrinkage=0.03


Tree=64
num_leaves=7
num_cat=0
split_feature=28 2 0 5 20 20
split_gain=0.938502 0.973123 0.850962 0.854896 0.66921 0.470773
threshold=3.8115005493164067 -0.10867236142967861 0.42313246652566022 0.02352343265814056 0.012612602314840128 0.038239746943724083
decision_type=10 2 2 2 2 2
left_child=1 4 3 5 -1 -3
right_child=-2 2 -4 -5 -6 -7
leaf_value=-0.0013006125817925417 0.0027644482354722702 -0.00054955960890227585 0.0045690788770334414 0.0019072704246312405 0.00030336113212784755 0.0011022772015024636
leaf_weight=803.29124315746594 88.823533718124963 683.42628836045333 32.501366962213069 210.54072531114798 324.12653403013246 190.2858651735587
leaf_count=10762 799 7920 339 2164 4376 2207
internal_value=-9.76139e-05 -0.000222654 0.000403384 0.0002379 -0.000840866 -0.000181404
internal_weight=2333 2244.17 1116.75 1084.25 1127.42 873.712
internal_count=28567 27768 12630 12291 15138 10127
is_linear=0
shrinkage=0.03


Tree=65
num_leaves=7
num_cat=0
split_feature=0 22 31 4 28 28
split_gain=1.09105 0.826677 0.609896 0.780505 0.558863 0.500521
threshold=0.14332896383286889 -0.15505850892022116 7.1176422238349923 -0.099630410757952884 3.8115005493164067 1.9440463185310366
decision_type=2 2 8 2 10 8
left_child=1 -1 4 -4 -3 -2
right_child=5 2 3 -5 -6 -7
leaf_value=-0.0021356396946996172 0.00070251033500294134 -0.00062304707160212977 -0.00022129961085680817 0.0020696838338454507 0.0021659488680050194 0.0029939453293714837
leaf_weight=187.89191116509028 317.43926749526872 1123.057507565507 314.52350837600534 220.78929851409339 58.888866625260562 112.63918243558146
leaf_count=2731 3453 12329 5234 3364 520 976
internal_value=1.00989e-05 -0.000299465 -8.73606e-05 0.000744241 -0.000467083 0.00135704
internal_weight=2335.23 1905.15 1717.26 535.313 1181.95 430.078
internal_count=28607 24178 21447 8598 12849 4429
is_linear=0
shrinkage=0.03


Tree=66
num_leaves=7
num_cat=0
split_feature=23 0 11 23 18 6
split_gain=1.04761 0.775294 0.646958 0.605046 0.611557 0.608552
threshold=0.34456282204118988 0.40629810526123383 0.12734043717877583 -0.29108432140184476 1.0000000180025095e-35 0.16015844780812913
decision_type=2 2 2 2 2 2
left_child=1 2 3 -1 -5 -6
right_child=-2 -3 -4 4 5 -7
leaf_value=-0.001477141001265639 0.0017214479366878996 0.0030752338208856343 0.0024752722050474427 1.1617132696985891e-05 -0.0030084253322080561 0.0016994293281141803
leaf_weight=393.21127353701741 267.39858704706421 51.669820390408859 61.102357201947598 1437.2987644393579 105.52168414648622 24.402783004799858
leaf_count=5640 2905 553 683 17689 994 192
internal_value=-1.05018e-05 -0.000241077 -0.000340561 -0.000440441 -0.00017262 -0.00206592
internal_weight=2340.61 2073.21 2021.54 1960.43 1567.22 129.924
internal_count=28656 25751 25198 24515 18875 1186
is_linear=0
shrinkage=0.03


Tree=67
num_leaves=7
num_cat=0
split_feature=28 30 3 23 2 3
split_gain=1.04307 0.995537 0.778772 0.560838 0.511852 0.454855
threshold=1.9798751473426821 -4.5000259876251212 -0.31493732643588251 0.34456282204118988 0.027822040756608081 -0.080688275682549174
decision_type=8 10 2 2 2 2
left_child=1 -1 -2 5 -4 -3
right_child=2 3 4 -5 -6 -7
leaf_value=0.00085026590715205086 -0.0027638451820216014 -0.0013862311383440436 0.00095276288219140316 0.0008529326946669528 0.0038082374973302672 3.2568668194302573e-05
leaf_weight=416.40089393881499 37.016856772359461 858.88431939462316 553.26557694177609 150.49844462238252 55.20756006258307 264.9155746930046
leaf_count=7194 520 10321 5741 1542 541 2775
internal_value=-1.74902e-05 -0.000409286 0.000999309 -0.000824284 0.00126923 -0.00105444
internal_weight=2336.19 1690.7 645.49 1274.3 608.473 1123.8
internal_count=28634 21832 6802 14638 6282 13096
is_linear=0
shrinkage=0.03


Tree=68
num_leaves=7
num_cat=0
split_feature=0 2 23 9 28 12
split_gain=0.961882 0.845024 0.617006 0.565106 0.534317 0.481844
threshold=0.12052974880660025 0.027822040756608081 -0.29108432140184476 -0.089260218624545126 3.8115005493164067 1.0259299102469412
decision_type=2 2 2 2 10 2
left_child=1 2 -1 -4 5 -5
right_child=-2 -3 3 4 -6 -7
leaf_value=-0.0016748945476474733 0.001160475827307499 0.0018654619514376087 -0.0017622620164160314 0.00034556177548018444 0.00301147158820389 -0.00091656619531025935
leaf_weight=319.56706296431366 491.55653239411185 136.74368538372801 176.53786902638967 731.33737583082984 41.232027985039167 420.43969745188951
leaf_count=4785 5046 1580 2761 11520 355 2364
internal_value=-3.86459e-06 -0.000321941 -0.000508961 -0.000226736 1.32461e-05 -0.000119084
internal_weight=2317.41 1825.86 1689.11 1369.55 1193.01 1151.78
internal_count=28411 23365 21785 17000 14239 13884
is_linear=0
shrinkage=0.03


Tree=69
num_leaves=7
num_cat=0
split_feature=2 28 34 7 6 26
split_gain=0.908354 0.738142 0.525676 0.472277 0.369879 0.348984
threshold=-0.12572700109751672 2.672078132629395 -2.9575337618589397 0.15939618632998265 0.19373033529729991 2.2576216459274296
decision_type=2 8 10 2 2 10
left_child=4 2 -2 -4 -1 -3
right_child=1 5 3 -5 -6 -7
leaf_value=-0.00089686593029973042 0.0012960355289155048 0.0022847535742168785 -0.00040492352335360092 0.0025422718756224496 0.00062155469765876948 -0.00095071123623841622
leaf_weight=832.7918520498788 272.19636678649113 241.80403216864215 734.58600267762085 42.437010805588216 166.79907935630763 28.520799381192774
leaf_count=11838 4174 2481 7438 370 1848 241
internal_value=3.87493e-05 0.000553749 0.000186501 -0.000213706 -0.000639844 0.00192166
internal_weight=2319.14 1319.54 1049.22 777.023 999.591 270.325
internal_count=28390 14704 11982 7808 13686 2722
is_linear=0
shrinkage=0.03


Tree=70
num_leaves=7
num_cat=0
split_feature=0 23 7 14 15 5
split_gain=0.931345 0.798227 0.685177 0.676095 0.705935 0.594559
threshold=0.46586906684600954 0.62378312966976102 -0.10497029864169484 0.41385917847164688 1.5000000000000002 1.0000000180025095e-35
decision_type=2 2 2 2 2 2
left_child=1 2 -1 4 5 -4
right_child=-2 -3 3 -5 -6 -7
leaf_value=-0.001985591785123969 0.0042472018562841824 0.0025205941985138717 2.331530586940958e-05 -0.0023483867727571344 -0.0014096046472895868 0.0013845088201567737
leaf_weight=164.43322069745045 36.068511780293193 93.013040212332271 1340.7645615345391 96.93112176656723 233.61439582332969 358.21090884818113
leaf_count=3337 426 1073 16495 399 2952 3854
internal_value=2.38883e-05 -6.09194e-05 -0.000181303 -2.60997e-05 0.000101866 0.000316731
internal_weight=2323.04 2286.97 2193.95 2029.52 1932.59 1698.98
internal_count=28536 28110 27037 23700 23301 20349
is_linear=0
shrinkage=0.03


Tree=71
num_leaves=7
num_cat=0
split_feature=2 14 11 34 6 30
split_gain=0.894091 1.04587 0.847621 0.506649 0.468141 0.504851
threshold=-0.12572700109751672 0.41385917847164688 0.035786324715780631 -1.3992147346337636 0.25800267363092039 -3.9180301427841182
decision_type=2 2 2 10 2 10
left_child=-1 2 4 -4 5 -2
right_child=1 -3 3 -5 -6 -7
leaf_value=-0.00067834300761143913 0.0010435486298083451 -0.0028897042851627995 0.0028385170827112736 0.00073413463917070486 0.0019680392263138322 -0.00063610561005289891
leaf_weight=1004.6745160509308 222.31147203367436 67.459421843290329 202.15095484341145 218.54246021481231 100.6895947199082 515.60174356494099
leaf_count=13749 3231 279 2675 2112 992 5476
internal_value=-6.92977e-06 0.000502763 0.000705829 0.00178776 0.000148399 -0.000122888
internal_weight=2331.43 1326.76 1259.3 420.693 838.603 737.913
internal_count=28514 14765 14486 4787 9699 8707
is_linear=0
shrinkage=0.03


Tree=72
num_leaves=7
num_cat=0
split_feature=0 22 14 11 0 15
split_gain=0.825152 0.773868 0.637494 0.724247 0.527185 0.5313
threshold=0.42313246652566022 -0.16251717978601601 0.41385917847164688 0.11376216354355202 -0.053351463142832671 1.5000000000000002
decision_type=2 2 2 2 2 2
left_child=1 -1 3 4 -3 -6
right_child=-2 2 -4 -5 5 -7
leaf_value=-0.0018625866607533098 0.0033417595533925945 -0.00065950779444855809 -0.0022362325548494497 0.0025545075263934112 0.00062178631277739994 -0.0012305701922229167
leaf_weight=204.69933015934657 52.651017598458566 665.36945275132894 96.135395154356956 96.696164015069371 1065.8690765555366 150.65923448413378
leaf_count=2934 582 9512 396 1090 12189 1805
internal_value=-5.52808e-05 -0.000148001 2.92889e-05 0.000150057 1.36618e-05 0.000384221
internal_weight=2332.08 2279.43 2074.73 1978.59 1881.9 1216.53
internal_count=28508 27926 24992 24596 23506 13994
is_linear=0
shrinkage=0.03


Tree=73
num_leaves=7
num_cat=0
split_feature=28 30 2 9 3 11
split_gain=0.882545 0.79622 0.731424 0.585818 0.58444 0.491159
threshold=1.6534560322761538 -4.5000259876251212 0.020920523852352105 0.069251911662747953 -0.24543728179954535 0.022129943051761813
decision_type=8 10 2 2 2 2
left_child=1 -1 4 -3 -2 -6
right_child=2 3 -4 -5 5 -7
leaf_value=0.00076875478312140558 -0.0017238570188545226 -0.0011389873038559345 0.0035253489139133905 0.00041352949759054217 0.00021036500426273411 0.0019849021944742013
leaf_weight=403.44780785903276 80.46468785603065 886.67259824098437 73.787739362509456 283.52112491021398 383.68230544141261 213.90603564248886
leaf_count=7039 1128 10808 712 2879 3863 2123
internal_value=3.62248e-05 -0.000367557 0.000875093 -0.000762518 0.000539639 0.000867773
internal_weight=2325.48 1573.64 751.841 1170.19 678.053 597.588
internal_count=28552 20726 7826 13687 7114 5986
is_linear=0
shrinkage=0.03


Tree=74
num_leaves=7
num_cat=0
split_feature=3 16 23 8 24 0
split_gain=0.952533 0.765353 0.660811 0.563775 0.537015 0.45842
threshold=-0.05711566095057282 1.0000000180025095e-35 0.34456282204118988 0.20706335925959457 1.0000000180025095e-35 0.40629810526123383
decision_type=2 2 2 2 2 2
left_child=1 2 3 5 -3 -1
right_child=-2 4 -4 -5 -6 -7
leaf_value=-0.00054002595452176487 0.0011940577477355073 -0.0048037734301402731 0.0014882094114870446 0.0023612942438285224 -0.0011157825797871548 0.0027135947188490694
leaf_weight=1384.0557184412901 453.25564260708052 39.057775820663664 195.56275318426196 57.289151516277343 166.09649819796323 30.297301994985901
leaf_count=17720 4830 601 2164 656 2194 335
internal_value=-2.46871e-05 -0.000324494 -0.000106526 -0.00032706 -0.00200855 -0.000451767
internal_weight=2325.61 1872.36 1667.2 1471.64 205.154 1414.35
internal_count=28500 23670 20875 18711 2795 18055
is_linear=0
shrinkage=0.03


Tree=75
num_leaves=7
num_cat=0
split_feature=1 5 27 6 22 31
split_gain=0.779182 0.611856 0.614308 0.448226 0.423698 0.48568
threshold=0.025394442259978358 1.0000000180025095e-35 -0.44175806641578669 -0.006552904482605113 -0.12222250240848485 4.4362272322177896
decision_type=2 2 10 2 2 10
left_child=1 2 3 -1 -4 -6
right_child=-2 -3 4 -5 5 -7
leaf_value=-0.00075223241075651336 0.00096937265528477612 0.00087118955952290432 -0.0024434420492921724 0.0012234199547659307 -0.001281114657751118 0.00014477440016507327
leaf_weight=165.77041571536392 597.72049456011155 328.79644239178742 136.90124144451693 243.52139675771468 501.23414992826292 367.82232385905809
leaf_count=2998 5759 3791 1891 3605 5018 5511
internal_value=4.38017e-05 -0.000277129 -0.000548151 0.000424389 -0.000944129 -0.000682835
internal_weight=2341.77 1744.05 1415.25 409.292 1005.96 869.056
internal_count=28573 22814 19023 6603 12420 10529
is_linear=0
shrinkage=0.03


Tree=76
num_leaves=7
num_cat=0
split_feature=0 28 22 20 30 22
split_gain=0.942135 0.794572 0.460132 0.444815 0.485928 0.408062
threshold=-0.053351463142832671 1.9798751473426821 0.18195871282868234 0.13221802372617078 -4.5000259876251212 -0.15505850892022116
decision_type=2 8 2 2 10 2
left_child=2 3 -1 4 -2 -3
right_child=1 5 -4 -5 -6 -7
leaf_value=-0.00099534201093234376 0.0010290939557063635 -0.0010919905143823058 0.001768854630291781 0.0018112457908579585 -0.00054613728451790482 0.001753165757385104
leaf_weight=714.91862119526195 219.86315742920851 43.750561908294912 49.534811091725715 102.40783693012781 748.05363420699723 440.19031466031447
leaf_count=10057 3464 521 779 1207 7908 4507
internal_value=6.03238e-05 0.000483748 -0.000795701 2.42035e-05 -0.000181458 0.00147905
internal_weight=2318.72 1554.27 764.453 1070.32 967.917 483.941
internal_count=28443 17607 10836 12579 11372 5028
is_linear=0
shrinkage=0.03


Tree=77
num_leaves=7
num_cat=0
split_feature=14 7 10 18 34 9
split_gain=0.785593 0.921491 0.614467 0.511992 0.475436 0.436316
threshold=0.41385917847164688 -0.019294980699455917 0.050267501686341261 1.0000000180025095e-35 -7.7976580858230582 -0.093342887719774573
decision_type=2 2 2 2 10 2
left_child=1 -1 3 5 -4 -3
right_child=-2 2 4 -5 -6 -7
leaf_value=-0.00083892052285893621 -0.0023422745440709724 -0.0012205333355322996 0.0035770928392724402 -0.0018100398419523007 0.00097788340171657898 0.00058009156428302886
leaf_weight=608.58236349825165 110.20800060033798 128.8757794421399 71.274517466605175 97.678138858173043 356.37784384569386 961.52155012372532
leaf_count=9632 453 1887 1043 863 3863 10811
internal_value=2.03312e-05 0.000147351 0.000521716 0.000166239 0.00148292 0.000358115
internal_weight=2334.52 2224.31 1615.73 1188.08 427.652 1090.4
internal_count=28552 28099 18467 13561 4906 12698
is_linear=0
shrinkage=0.03


Tree=78
num_leaves=7
num_cat=0
split_feature=2 14 9 28 29 30
split_gain=0.920225 0.892794 0.743014 0.649869 0.713826 0.590268
threshold=-0.12572700109751672 0.41385917847164688 0.14617380513482778 0.82394891977310192 -4.6029348373413077 -1.0636585950851438
decision_type=2 2 2 8 10 10
left_child=-1 2 3 5 -5 -2
right_child=1 -3 -4 4 -6 -7
leaf_value=-0.00067329698988038511 0.00061974377088245072 -0.0025147840968620648 0.0031292565808615511 0.0023467284703057728 0.00017002375764619049 -0.0012316943403149999
leaf_weight=1004.2089716714981 353.95433556563512 72.020803481340408 95.985001685156021 259.62735933123622 276.15621415246278 260.1711572316708
leaf_count=13759 5077 297 1050 2879 2559 2840
internal_value=7.16579e-06 0.000526822 0.000721271 0.000495026 0.00124847 -0.000171776
internal_weight=2322.12 1317.91 1245.89 1149.91 535.784 614.125
internal_count=28461 14702 14405 13355 5438 7917
is_linear=0
shrinkage=0.03


Tree=79
num_leaves=7
num_cat=0
split_feature=22 0 2 5 34 14
split_gain=0.768267 0.632412 0.554819 0.43442 0.453817 0.32281
threshold=-0.16454758628043273 0.084934658122994902 0.082216118246992195 0.0011665024186901464 -7.9504116376241045 0.15944823247473108
decision_type=2 2 2 2 8 2
left_child=-1 2 3 4 -2 -3
right_child=1 5 -4 -5 -6 -7
leaf_value=-0.0017982322278822017 0.0019102850804661343 0.0016664768227601047 0.0026129433594044727 0.00070776066906614156 -0.00069890813339945439 0.00021645095477265065
leaf_weight=203.26097268215381 53.706084399178508 274.25460266420851 50.115866688633105 287.045295177144 1180.1794899730303 275.56141659617424
leaf_count=2897 1373 4090 605 3231 14859 1442
internal_value=-8.17403e-05 9.04332e-05 -0.000216827 -0.000326528 -0.000570896 0.000956589
internal_weight=2324.12 2120.86 1571.05 1520.93 1233.89 549.816
internal_count=28497 25600 20068 19463 16232 5532
is_linear=0
shrinkage=0.03


Tree=80
num_leaves=7
num_cat=0
split_feature=20 2 7 14 7 11
split_gain=0.959097 0.669699 0.560151 0.522287 0.541165 0.446285
threshold=0.028345673326884206 -0.12572700109751672 0.12188672116063198 0.41385917847164688 0.042519495881012934 -0.0046016221569531611
decision_type=2 2 2 2 2 2
left_child=1 -1 5 4 -3 -2
right_child=2 3 -4 -5 -6 -7
leaf_value=-0.0010147674009280572 -0.00042032110812718584 -0.00023610035346471718 0.0037933503883226458 -0.0024885786155878615 0.0012175640213919891 0.0013830869440809019
leaf_weight=750.22929037900758 188.81313059147215 580.15937988873338 51.220898087718524 52.790018349885941 369.61394875106635 327.40453982783947
leaf_count=10263 2364 7204 493 218 3721 4164
internal_value=4.49759e-06 -0.000343118 0.00106561 0.000164542 0.0003364 0.000728015
internal_weight=2320.23 1752.79 567.439 1002.56 949.773 516.218
internal_count=28427 21406 7021 11143 10925 6528
is_linear=0
shrinkage=0.03


Tree=81
num_leaves=7
num_cat=0
split_feature=8 22 23 24 19 20
split_gain=0.876514 0.728286 0.635946 0.528861 0.416055 0.369623
threshold=0.18821883252260022 -0.15768213182079982 -0.3021662770987818 2.5000000000000004 1.0000000180025095e-35 0.076532260665761145
decision_type=2 2 2 2 2 2
left_child=1 -1 5 4 -4 -3
right_child=-2 2 3 -5 -6 -7
leaf_value=-0.0018203774854125686 0.0023689120484157336 -0.0015512691190033758 1.007541280572873e-05 0.00092484259356854809 -0.0022880201098144926 0.0008089886006855167
leaf_weight=203.89747582169366 121.00703739922028 294.04472100432031 915.97455548857397 658.17264254123438 66.842749129864387 67.614127743989229
leaf_count=2898 1336 4144 11020 7321 743 1008
internal_value=-1.55846e-05 -0.000156448 2.11662e-05 0.000273452 -0.000167693 -0.00110011
internal_weight=2327.55 2206.55 2002.65 1640.99 982.817 361.659
internal_count=28470 27134 24236 19084 11763 5152
is_linear=0
shrinkage=0.03


Tree=82
num_leaves=7
num_cat=0
split_feature=9 23 31 28 35 15
split_gain=0.863714 0.555277 0.535826 0.498623 0.564566 0.417754
threshold=-0.0038001358438175116 0.54077549956998283 5.2982650995254525 1.2180684208869936 1.6621941099209447 1.5000000000000002
decision_type=2 2 8 10 10 2
left_child=-1 2 3 -2 -5 -4
right_child=1 -3 5 4 -6 -7
leaf_value=-0.0006738391094610319 -0.00079717327136538023 0.0027912158242487609 0.0014113159415111559 0.0014461232786364077 -0.0013879002969545465 -0.0010343812372235774
leaf_weight=977.07229492635815 455.3472309440258 78.551329157693544 438.68840462321532 237.56287526496453 76.165130436886102 65.692230082582682
leaf_count=13617 4513 831 6057 2041 598 950
internal_value=1.89813e-06 0.000491604 0.000329113 -0.000170131 0.000736476 0.00107886
internal_weight=2329.08 1352.01 1273.46 769.075 313.728 504.381
internal_count=28607 14990 14159 7152 2639 7007
is_linear=0
shrinkage=0.03


Tree=83
num_leaves=7
num_cat=0
split_feature=22 8 23 10 17 30
split_gain=0.776383 0.653858 0.578511 0.48922 0.388939 0.470228
threshold=-0.16454758628043273 0.16183952307787722 -0.29108432140184476 -0.068746379449317246 1.0000000180025095e-35 -4.5000259876251212
decision_type=2 2 2 2 2 10
left_child=-1 2 -2 -4 5 -5
right_child=1 -3 3 4 -6 -7
leaf_value=-0.0017427194542421305 -0.0010537767863852876 0.0019431711312857605 -0.0010507890841636896 0.0015781580154188019 -0.00080698518271821867 0.00027958983210295334
leaf_weight=199.78331155938213 361.21821855413145 162.0510871608858 212.67619604742504 344.65259345364757 180.09905032173265 878.74537494790275
leaf_count=2892 5191 1758 2726 4896 2139 9029
internal_value=-7.06924e-07 0.000169315 1.48979e-05 0.00025876 0.00046323 0.000655248
internal_weight=2339.23 2139.44 1977.39 1616.17 1403.5 1223.4
internal_count=28631 25739 23981 18790 16064 13925
is_linear=0
shrinkage=0.03


Tree=84
num_leaves=7
num_cat=0
split_feature=14 11 0 15 2 30
split_gain=0.693802 0.691193 0.58085 0.565429 0.455714 0.448864
threshold=0.39316636867906257 0.11698109412712838 -0.053351463142832671 1.5000000000000002 -0.21779750745571114 -4.4259374141693106
decision_type=2 2 2 2 2 10
left_child=1 2 -1 4 -4 -6
right_child=-2 -3 3 -5 5 -7
leaf_value=-0.00061032284071571173 -0.0019372956248467558 0.0025429234358755326 -0.00090128825308865234 -0.0011414078204525263 0.0017890880237914446 0.00046327036602420839
leaf_weight=701.48878824297572 134.33925487101078 98.65501661846065 139.18140474089887 168.6398894515587 326.95341225847369 757.39823114607134
leaf_count=10398 555 1150 2310 2087 4400 7645
internal_value=7.80737e-05 0.000209806 8.83022e-05 0.000442168 0.000667916 0.000875726
internal_weight=2326.66 2192.32 2093.66 1392.17 1223.53 1084.35
internal_count=28545 27990 26840 16442 14355 12045
is_linear=0
shrinkage=0.03


Tree=85
num_leaves=7
num_cat=0
split_feature=0 3 22 30 11 25
split_gain=0.766385 0.582985 0.436465 0.398492 0.393713 0.39058
threshold=0.13655568528558773 -0.059841758346674608 -0.16251717978601601 -4.4259374141693106 0.014533430453789771 0.27951082425192503
decision_type=2 2 2 8 2 2
left_child=1 2 -1 -4 -3 -5
right_child=-2 4 3 5 -6 -7
leaf_value=-0.0019344983529380269 0.0010950226969562921 6.4490833199705086e-05 0.00068080033572087413 -0.00035483863306887885 0.0020730191379386455 -0.0019425508807819065
leaf_weight=167.10246341401944 450.89920038101263 249.83330154817668 264.39946518506622 919.70531525652041 126.02259576832876 156.02141110578668
leaf_count=2476 4616 2750 4640 10632 1402 2062
internal_value=-2.03251e-06 -0.000269116 -0.000532678 -0.000344849 0.000774212 -0.000600888
internal_weight=2333.98 1883.08 1507.23 1340.13 375.856 1075.73
internal_count=28578 23962 19810 17334 4152 12694
is_linear=0
shrinkage=0.03


Tree=86
num_leaves=7
num_cat=0
split_feature=28 1 34 20 2 26
split_gain=0.684572 0.517854 0.50775 0.398274 0.353247 0.327488
threshold=0.40760128200054174 0.0049066969712198661 -8.2519401709238682 0.032911609014406977 -0.10867236142967861 0.32170861959457403
decision_type=8 2 10 2 2 10
left_child=2 5 -1 4 -4 -2
right_child=1 -3 3 -5 -6 -7
leaf_value=0.0017463055012649821 0.00052715089528717555 0.0013698279005193406 -0.0016625826110691817 0.00031614592117911936 -0.00035687437852330843 -0.00069458791005156165
leaf_weight=74.024861433223123 532.35384356218856 416.39459761750186 381.5496043303574 260.10719145720941 369.29450392207946 300.62623124319362
leaf_count=1942 6316 3601 5461 3465 4477 3250
internal_value=4.2662e-05 0.00051949 -0.000506146 -0.000686566 -0.00103352 8.32109e-05
internal_weight=2334.35 1249.37 1084.98 1010.95 750.844 832.98
internal_count=28512 13167 15345 13403 9938 9566
is_linear=0
shrinkage=0.03


Tree=87
num_leaves=7
num_cat=0
split_feature=5 0 14 34 28 31
split_gain=0.772343 0.647914 0.587098 0.430113 0.456054 0.367455
threshold=1.0000000180025095e-35 0.30208284435696192 0.28104463578201971 -7.6496938218673067 4.1199619770050058 0.070073723793029799
decision_type=2 2 2 8 10 8
left_child=1 3 -2 -1 5 -5
right_child=2 -3 -4 4 -6 -7
leaf_value=0.0015170558961432588 0.0015618085681153727 0.0018751583385888503 -0.00097078686451888591 -0.0015891009030071237 0.0021681070179370076 -0.00039833772136704543
leaf_weight=88.993512930581346 396.9430659665959 109.37579739018111 95.999427318572998 276.24706152838189 45.297208110103384 1329.8768012422661
leaf_count=2132 4875 1212 420 2399 417 17234
internal_value=1.61441e-05 -0.000265988 0.0010591 -0.000410491 -0.000522871 -0.00061171
internal_weight=2342.73 1849.79 492.942 1740.41 1651.42 1606.12
internal_count=28689 23394 5295 22182 20050 19633
is_linear=0
shrinkage=0.03


Tree=88
num_leaves=7
num_cat=0
split_feature=7 6 31 5 9 10
split_gain=0.578227 0.537131 0.545572 0.367337 0.35986 0.346329
threshold=-0.10497029864169484 0.45295549498803406 7.1176422238349923 -0.17382369966204117 -0.043883386583417817 0.0090401284876030896
decision_type=2 2 10 2 2 2
left_child=-1 2 3 -2 -4 -6
right_child=1 -3 4 -5 5 -7
leaf_value=-0.0017042179796115508 -0.0019760482720820164 0.0026183333345013975 -0.00051972251636021503 -0.00012205269569122682 0.00049339001333694908 0.0025260634209392863
leaf_weight=164.32018701868947 92.451305034337565 63.166112989827525 102.90406323962088 1604.9457235900918 163.53037145867711 140.50463583084638
leaf_count=3374 1085 655 2071 16720 2589 2132
internal_value=-4.18221e-05 9.14533e-05 3.57863e-06 -0.000234015 0.000976458 0.00148328
internal_weight=2331.82 2167.5 2104.34 1697.4 406.939 304.035
internal_count=28626 25252 24597 17805 6792 4721
is_linear=0
shrinkage=0.03


Tree=89
num_leaves=7
num_cat=0
split_feature=3 11 22 28 28 29
split_gain=0.790268 0.554693 0.465041 0.447655 0.444735 0.677301
threshold=-0.038566759424590112 0.12734043717877583 -0.16251717978601601 2.672078132629395 0.96234637498855602 -6.2152345180511466
decision_type=2 2 2 8 10 10
left_child=1 2 -1 -2 -4 -6
right_child=3 -3 4 -5 5 -7
leaf_value=-0.0017136746849159851 0.00063164913104531725 0.0021758678718514779 -0.00056281179681680002 0.0031500733994258953 0.0022563217150344717 -0.0001192807782922517
leaf_weight=200.91724223314668 283.22164861302008 69.471136723383097 1130.3571829489811 74.910515068564564 132.22885242529446 445.25867930415552
leaf_count=2897 3159 756 15366 676 1448 4286
internal_value=-4.73214e-05 -0.000283529 -0.000383914 0.00122969 -0.000218411 0.000453815
internal_weight=2336.37 1978.23 1908.76 358.132 1707.84 577.488
internal_count=28588 24753 23997 3835 21100 5734
is_linear=0
shrinkage=0.03


Tree=90
num_leaves=7
num_cat=0
split_feature=5 23 22 28 10 26
split_gain=0.648807 0.513641 0.415651 0.448237 0.392154 0.421218
threshold=0.0011665024186901464 0.45464867897238254 0.14285588530210477 0.96234637498855602 -0.015022635631142726 0.5782391130924226
decision_type=2 2 2 8 2 10
left_child=1 2 3 -1 5 -2
right_child=4 -3 -4 -5 -6 -7
leaf_value=-0.00095054865747685687 0.0010047972541677571 0.0015304233853018464 0.0011214591835069846 7.0390110590841981e-05 0.0016447434731366114 -0.0017838678081420921
leaf_weight=881.13170220899337 114.27775585156633 129.54501583770616 145.44658765027998 681.90624004858546 303.16601838252973 70.239778409828432
leaf_count=12515 1347 1491 1951 7310 3127 749
internal_value=3.69668e-05 -0.000222113 -0.00036313 -0.000507528 0.000998254 -9.38898e-05
internal_weight=2325.71 1838.03 1708.48 1563.04 487.684 184.518
internal_count=28490 23267 21776 19825 5223 2096
is_linear=0
shrinkage=0.03


Tree=91
num_leaves=7
num_cat=0
split_feature=0 9 12 28 28 8
split_gain=0.714468 0.626285 0.481966 0.47211 0.352017 0.337893
threshold=0.14332896383286889 0.1040427098408976 1.3108668313189586 2.672078132629395 4.1199619770050058 0.18821883252260022
decision_type=2 2 2 8 10 2
left_child=1 4 -3 -2 5 -1
right_child=3 2 -4 -5 -6 -7
leaf_value=-0.00068980983065521778 0.00054251319934577752 0.0017316420141615465 -0.0009870033254401815 0.003026770986107135 0.0019744708850567613 0.0013601709639856178
leaf_weight=1509.4805272123776 357.3263059205492 203.57283863023622 73.441998444497585 77.353628075215966 39.924361131619662 66.90535729523981
leaf_count=19830 3805 2733 366 664 380 782
internal_value=-4.01287e-05 -0.000292908 0.0010016 0.00104272 -0.000519565 -0.000594778
internal_weight=2328.01 1893.33 277.015 434.68 1616.31 1576.39
internal_count=28560 24091 3099 4469 20992 20612
is_linear=0
shrinkage=0.03


Tree=92
num_leaves=7
num_cat=0
split_feature=28 23 22 34 26 29
split_gain=0.702422 0.582045 0.536449 0.468742 0.382952 0.36513
threshold=3.4106053113937382 0.54077549956998283 -0.15768213182079982 -7.6496938218673067 2.1338064670562749 -6.2983288764953604
decision_type=10 2 2 8 10 10
left_child=1 2 -1 -4 -2 -5
right_child=4 -3 3 5 -6 -7
leaf_value=-0.0016666985802417885 0.0028353334358002268 0.0018421479467158142 0.0019512075829580435 0.00049339121619230877 -0.00073464764423133034 -0.00043274564498411934
leaf_weight=191.32758635247592 108.58861618442461 124.39502752633416 91.069627797114663 543.64920761040412 30.435805538203567 1236.6070098400232
leaf_count=2844 959 1422 2076 6958 269 13897
internal_value=6.39813e-05 -7.14901e-05 -0.000195229 -3.67242e-05 0.00205693 -0.000148749
internal_weight=2326.07 2187.05 2062.65 1871.33 139.024 1780.26
internal_count=28425 27197 25775 22931 1228 20855
is_linear=0
shrinkage=0.03


Tree=93
num_leaves=7
num_cat=0
split_feature=14 6 2 28 2 9
split_gain=0.809516 0.71971 0.668677 0.517695 0.499929 0.357144
threshold=0.41385917847164688 0.086131163954288603 -0.15614127591284491 1.9122604131698611 0.027822040756608081 0.079099811353051122
decision_type=2 2 2 8 2 2
left_child=1 4 -3 5 -1 -4
right_child=-2 2 3 -5 -6 -7
leaf_value=-0.00040507072271198764 -0.0023596419095494258 -0.00050202760065373416 0.00028152754358696602 0.0026873150958408257 0.0017210860913971177 0.0023012260507042168
leaf_weight=1284.193960451521 109.32167108356953 227.77151030095411 329.34721836051904 181.20817013544729 97.976114741904894 95.093193762353621
leaf_count=17658 450 3009 3625 1634 1218 923
internal_value=4.79192e-05 0.000176782 0.000867714 0.00138263 -0.000243077 0.000776582
internal_weight=2324.91 2215.59 833.42 605.649 1382.17 424.44
internal_count=28517 28067 9191 6182 18876 4548
is_linear=0
shrinkage=0.03


Tree=94
num_leaves=7
num_cat=0
split_feature=0 8 28 31 30 6
split_gain=0.640074 0.563638 0.524626 0.502356 0.433899 0.482209
threshold=0.0056137771858125194 0.23216899988254566 0.44573460519313818 2.0261278450489049 -3.2704540491104122 0.33011219405377712
decision_type=2 2 10 8 8 2
left_child=1 -1 3 -2 -5 -6
right_child=2 -3 -4 4 5 -7
leaf_value=-0.00044021195376750674 -0.0016720566833533616 0.003306814016366252 0.001354614281838288 0.0018832553817896354 -0.0011400068219440337 0.002551763113788704
leaf_weight=1444.5418220732536 119.21702509012539 27.141201774356887 461.38694316934561 119.0493185329251 143.92643985486939 30.319898471934721
leaf_count=19320 1056 324 4055 1927 1662 358
internal_value=3.20278e-05 -0.000349257 0.000670813 -0.000107963 0.000561968 -0.000393985
internal_weight=2345.58 1471.68 873.9 412.513 293.296 174.246
internal_count=28702 19644 9058 5003 3947 2020
is_linear=0
shrinkage=0.03


Tree=95
num_leaves=7
num_cat=0
split_feature=14 7 16 3 28 30
split_gain=0.563293 0.622147 0.646578 0.563602 0.528254 0.54321
threshold=0.35654786167880476 -0.10750770994707606 1.0000000180025095e-35 -0.31493732643588251 1.8145318627357485 -2.783957719802856
decision_type=2 2 2 2 8 10
left_child=1 -1 3 -3 5 -5
right_child=-2 2 -4 4 -6 -7
leaf_value=-0.001696643916432355 -0.0015832294288930008 -0.0015115455420386002 -0.0011936576430568123 0.0010470982382088632 0.0013881757675877869 -0.00028951676978955699
leaf_weight=152.63899271879927 188.11412708461285 115.24338523144252 240.98187534548924 431.95481920390739 495.11008912994293 710.45699303568108
leaf_count=3249 784 1814 3098 6483 5218 7902
internal_value=-5.2519e-05 8.83559e-05 0.000232799 0.000434576 0.000579881 0.000220568
internal_weight=2334.5 2146.39 1993.75 1752.77 1637.52 1142.41
internal_count=28548 27764 24515 21417 19603 14385
is_linear=0
shrinkage=0.03


Tree=96
num_leaves=7
num_cat=0
split_feature=9 31 4 6 8 14
split_gain=0.548346 0.535855 0.570127 0.481259 0.474227 0.416348
threshold=0.016937871378546496 4.4362272322177896 -0.21460100065117496 -0.022311697808072187 0.20005708872711428 0.14776552989209993
decision_type=2 8 2 2 2 2
left_child=4 -2 -3 -4 -1 -5
right_child=1 2 3 5 -6 -7
leaf_value=-0.000633844878497574 -0.00018711317124211975 -0.0019711351196232104 -1.0270494471689007e-05 0.0030648118109326389 0.0021106375721034812 0.00081703875687923991
leaf_weight=1178.4682925667148 604.00443083781283 39.892241175286472 141.78985104395542 168.18984755914425 49.873367260355735 143.70706617087126
leaf_count=16086 5315 650 2140 2921 600 813
internal_value=-7.27858e-05 0.00041253 0.00113547 0.00144525 -0.000506269 0.0020867
internal_weight=2325.93 1097.58 493.579 453.687 1228.34 311.897
internal_count=28525 11839 6524 5874 16686 3734
is_linear=0
shrinkage=0.03


Tree=97
num_leaves=7
num_cat=0
split_feature=0 3 31 28 26 5
split_gain=0.630362 0.527475 0.657513 0.540653 0.370169 0.353177
threshold=0.46586906684600954 -0.25212466933018818 4.4362272322177896 2.9509787559509282 2.0183752775192265 1.0000000180025095e-35
decision_type=2 2 8 10 10 2
left_child=1 -1 3 5 -5 -3
right_child=-2 2 -4 4 -6 -7
leaf_value=-0.0012486495055191169 0.003359930104662854 -0.00098869565207027553 0.00067476134680601106 0.0019395220254585714 -0.0015719496031534092 0.00038409783832835613
leaf_weight=296.13892387767555 38.70502989081433 724.7104791381862 918.33445860818028 118.10618457687087 26.150297327432781 212.98280202480964
leaf_count=4704 423 7260 13056 984 220 1889
internal_value=-1.76238e-05 -8.88716e-05 8.81889e-05 -0.000411301 0.00124234 -0.000676124
internal_weight=2335.13 2296.42 2000.28 1081.95 144.256 937.693
internal_count=28536 28113 23409 10353 1204 9149
is_linear=0
shrinkage=0.03


Tree=98
num_leaves=7
num_cat=0
split_feature=14 2 11 28 20 31
split_gain=0.590991 0.574181 0.505819 0.418329 0.455314 0.507836
threshold=0.41385917847164688 -0.12572700109751672 0.11129591335915441 3.8115005493164067 0.008622565428666908 3.3991948813200001
decision_type=2 2 2 10 2 10
left_child=1 3 -3 4 -1 -6
right_child=-2 2 -4 -5 5 -7
leaf_value=-0.0010769903419230785 -0.002129756902758676 0.0002705285364672431 0.0024812730719170587 0.0023334290059516941 -0.0010044006244973895 0.0015009308812087376
leaf_weight=651.56330041299225 110.26675035059452 1164.1134279356193 91.657021696213633 34.62326003878843 124.71538430912187 149.46125292917714
leaf_count=9321 454 13494 977 335 1405 2522
internal_value=-8.15823e-05 2.94367e-05 0.000450216 -0.000519744 -0.00065025 0.000366083
internal_weight=2326.4 2216.13 1255.77 960.363 925.74 274.177
internal_count=28508 28054 14471 13583 13248 3927
is_linear=0
shrinkage=0.03


Tree=99
num_leaves=7
num_cat=0
split_feature=14 5 6 31 34 28
split_gain=0.686852 0.769163 0.703689 0.659557 0.530254 0.525124
threshold=0.34198608790104729 1.0000000180025095e-35 -0.013297991454333502 7.1176422238349923 -8.2519401709238682 1.9440463185310366
decision_type=2 2 2 8 8 10
left_child=1 2 4 5 -1 -4
right_child=-2 -3 3 -5 -6 -7
leaf_value=0.0024415876583934737 -0.001571721245374452 0.0012913262875938038 -0.00062319579087081697 0.0014178151831652891 -0.0011519641750271487 0.0011893444542935331
leaf_weight=30.235424650032655 214.04641650617123 430.09121843118919 555.88773899700027 338.00332612491911 568.54622130547068 183.03783463896252
leaf_count=901 898 5004 6176 5358 8456 1734
internal_value=7.842e-06 0.000175068 -0.000117394 0.000340716 -0.000933383 -0.000164329
internal_weight=2319.85 2105.8 1675.71 1076.93 598.782 738.926
internal_count=28527 27629 22625 13268 9357 7910
is_linear=0
shrinkage=0.03


Tree=100
num_leaves=7
num_cat=0
split_feature=3 23 8 28 30 14
split_gain=0.585818 0.581184 0.501291 0.360532 0.415234 0.356219
threshold=-0.04443553547864134 0.34456282204118988 0.23216899988254566 2.8385466337203984 3.2816524505615239 0.2239656392350555
decision_type=2 2 2 10 10 2
left_child=1 2 3 5 -5 -1
right_child=-2 -3 -4 4 -6 -7
leaf_value=-0.00023605505910174126 0.0011638355359917501 0.0013052401316209332 0.0027240449651331137 -0.00018890477565781155 0.0029049111600526162 -0.0012854693383841614
leaf_weight=1142.0789361707575 394.63494563501445 226.409581368207 38.703827065357473 101.47693701798562 52.343653459800407 383.70775969326496
leaf_count=18202 4205 2488 439 965 447 1866
internal_value=0.00012521 -9.04305e-05 -0.000280816 -0.000365771 0.000976948 -0.000506615
internal_weight=2339.36 1944.72 1718.31 1679.61 153.821 1525.79
internal_count=28612 24407 21919 21480 1412 20068
is_linear=0
shrinkage=0.03


Tree=101
num_leaves=7
num_cat=0
split_feature=6 10 14 6 31 3
split_gain=0.486178 0.363212 0.338897 0.374536 0.336739 0.355586
threshold=0.45295549498803406 0.0083184952420028869 0.35654786167880476 0.21416217857136591 7.1176422238349923 -0.21297895271827832
decision_type=2 2 2 2 8 2
left_child=1 2 3 -1 -3 -6
right_child=-2 4 -4 -5 5 -7
leaf_value=-0.00051873064857958415 0.002386797406812257 -4.6859242975052357e-05 -0.0021467221595955345 0.0010543735100096497 -0.00089433058928583002 0.0016181014267111899
leaf_weight=993.26777743693674 62.46393461531261 729.78038168727653 88.509877055883408 148.11938200204168 56.450436231913045 243.89969060017029
leaf_count=13604 636 7585 369 1584 1206 3448
internal_value=-3.23621e-05 -0.000109444 -0.00045583 -0.000307202 0.000304521 0.00113229
internal_weight=2322.49 2260.03 1229.9 1141.39 1030.13 300.35
internal_count=28432 27796 15557 15188 12239 4654
is_linear=0
shrinkage=0.03


Tree=102
num_leaves=7
num_cat=0
split_feature=14 16 20 20 2 6
split_gain=0.53091 0.608587 0.565199 0.555189 0.622199 0.462351
threshold=0.35654786167880476 1.0000000180025095e-35 -0.059551082989045004 0.13221802372617078 -0.12572700109751672 0.33011219405377712
decision_type=2 2 2 2 2 2
left_child=1 3 -3 4 -1 -6
right_child=-2 2 -4 -5 5 -7
leaf_value=-0.00052919387352337187 -0.0015298588373689596 -0.0034178680576782282 -0.00035090905467672815 0.0018359674800379694 0.00040927402842623093 0.0026933149994072701
leaf_weight=739.22296989234746 185.36220963299274 66.279032344493316 195.33750025555491 179.1004197174916 886.01338916241366 78.440273853368126
leaf_count=10583 774 983 2522 2366 10440 817
internal_value=-3.24959e-05 0.000103437 -0.00122513 0.000293543 0.000121626 0.000620771
internal_weight=2329.76 2144.39 261.617 1882.78 1703.68 964.454
internal_count=28485 27711 3505 24206 21840 11257
is_linear=0
shrinkage=0.03


Tree=103
num_leaves=7
num_cat=0
split_feature=8 3 28 16 23 22
split_gain=0.749522 0.537956 0.533308 0.387362 0.427419 0.393295
threshold=0.18821883252260022 -0.05711566095057282 4.2957904338836679 1.0000000180025095e-35 0.0882859574182039 0.013786453090246481
decision_type=2 2 10 2 2 2
left_child=1 2 3 5 -5 -1
right_child=-2 -3 -4 4 -6 -7
leaf_value=-0.00053928746981922991 0.0022239257343825273 0.00079590916274198951 0.0026610656159447798 -0.0023945485558448071 0.00077833267702047794 0.00061305464580477405
leaf_weight=1201.2165317239851 118.40275322785601 438.5557765410922 41.077091452199966 152.3605663010967 44.607109536766075 332.7940897407243
leaf_count=15141 1319 4633 391 2177 525 4324
internal_value=-4.63136e-06 -0.000133473 -0.000366656 -0.000453377 -0.0016731 -0.000286943
internal_weight=2329.01 2210.61 1772.06 1730.98 196.968 1534.01
internal_count=28510 27191 22558 22167 2702 19465
is_linear=0
shrinkage=0.03


Tree=104
num_leaves=7
num_cat=0
split_feature=0 23 18 28 10 30
split_gain=0.715575 0.476161 0.439566 0.443691 0.563956 0.352087
threshold=0.46586906684600954 0.20557854401914447 1.0000000180025095e-35 2.8385466337203984 -0.044329372361063005 -4.5000259876251212
decision_type=2 2 2 8 2 10
left_child=1 2 3 5 -5 -1
right_child=-2 -3 -4 4 -6 -7
leaf_value=0.00043308641278075452 0.0036031539255795041 0.00080700704935000422 -0.001855948322604909 -0.0013522222280690976 0.0014298245261158489 -0.00068204683655582478
leaf_weight=324.07586036149587 37.130141037225258 392.7043753459875 145.84857604361605 77.85115268122172 260.62951065413654 1090.3076704776322
leaf_count=5877 422 4236 1399 979 2832 12769
internal_value=-5.64725e-05 -0.000131172 -0.000328423 -0.000191517 0.000769507 -0.000425291
internal_weight=2328.55 2291.42 1898.71 1752.86 338.481 1414.38
internal_count=28514 28092 23856 22457 3811 18646
is_linear=0
shrinkage=0.03


Tree=105
num_leaves=7
num_cat=0
split_feature=28 30 3 9 29 28
split_gain=0.503881 0.703668 0.417579 0.381574 0.36847 0.477115
threshold=0.5529184639453889 -0.89153936505317677 -0.31493732643588251 0.13072633914859169 -6.2152345180511466 3.9447966814041142
decision_type=8 8 2 2 8 10
left_child=1 -1 -2 -3 -4 -6
right_child=2 3 4 -5 5 -7
leaf_value=0.00019604099944594584 -0.0016067155512936189 -0.0016236262458609358 0.0017502129621924994 0.0011619526636079203 0.00016873779883564053 0.002709475628848484
leaf_weight=724.64381804916775 69.544390802562702 384.82081885551452 210.86987968790345 42.670472871279344 830.4514826805098 62.489884524838999
leaf_count=11401 918 4416 2312 418 8523 534
internal_value=6.90087e-05 -0.000375017 0.000504489 -0.00132538 0.000650734 0.000374582
internal_weight=2325.49 1152.14 1173.36 427.491 1103.81 892.941
internal_count=28522 16235 12287 4834 11369 9057
is_linear=0
shrinkage=0.03


Tree=106
num_leaves=7
num_cat=0
split_feature=23 3 30 15 23 6
split_gain=0.533338 0.395158 0.351321 0.328345 0.426934 0.351465
threshold=0.48447040189574847 -0.052429155651936322 2.7786449193954472 1.5000000000000002 0.0882859574182039 -0.055167164256078288
decision_type=2 2 10 2 2 2
left_child=1 3 -3 -1 5 -5
right_child=-2 2 -4 4 -6 -7
leaf_value=-0.00018200001060708995 0.0015734718410915047 0.001114951206980216 -0.0009918958162616026 0.00011201008237745049 0.0012289165106227182 -0.0029236559399985098
leaf_weight=1557.1818397960451 167.72346028513857 333.03461300354684 81.561760044191033 46.326642766420264 36.495357015228365 115.02126742337714
leaf_count=19645 1852 3692 670 808 409 1511
internal_value=-6.81972e-06 -0.000135643 0.000686881 -0.000332742 -0.00145336 -0.00209638
internal_weight=2337.34 2169.62 414.596 1755.03 197.843 161.348
internal_count=28587 26735 4362 22373 2728 2319
is_linear=0
shrinkage=0.03


Tree=107
num_leaves=7
num_cat=0
split_feature=23 22 8 27 7 6
split_gain=0.470394 0.35862 0.341927 0.333899 0.301705 0.278916
threshold=0.62378312966976102 -0.16251717978601601 0.20005708872711428 0.88331216573715221 -0.030224329831710962 0.25800267363092039
decision_type=2 2 2 8 2 2
left_child=1 4 5 -4 -1 -3
right_child=-2 2 3 -5 -6 -7
leaf_value=-0.0035065503311306587 0.0018751419633183674 -0.00022867218587012986 0.00015049830538358712 0.0038481060531548321 -0.00067383552439717967 0.00088110609793441198
leaf_weight=35.38310063170502 99.597466010891367 1736.1607696603023 51.155197920161299 29.702513450756669 162.41168662541895 220.85544387984555
leaf_count=688 1117 21537 558 315 2160 2168
internal_value=-4.42216e-05 -0.000137697 -1.65572e-05 0.00178282 -0.00132494 -9.95875e-05
internal_weight=2335.27 2235.67 2037.87 80.8577 197.795 1957.02
internal_count=28543 27426 24578 873 2848 23705
is_linear=0
shrinkage=0.03


Tree=108
num_leaves=7
num_cat=0
split_feature=0 20 34 5 0 12
split_gain=0.44877 0.368737 0.376435 0.360841 0.385292 0.375403
threshold=0.46586906684600954 -0.15814811911484469 -7.9504116376241045 1.0000000180025095e-35 0.0077839355500756722 1.5215335640978727
decision_type=2 2 8 2 2 2
left_child=1 -1 -3 4 -4 -5
right_child=-2 2 3 5 -6 -7
leaf_value=-0.0011095598006971412 0.002860567980231652 0.0018989461321890387 -0.00056079917595809364 0.0011996730366399561 0.00043349334566684478 -0.00092863479851175391
leaf_weight=247.6296827722399 39.03412982536247 89.035526823921828 993.59495660412358 343.66150324634509 530.29882440681104 86.536205463111401
leaf_count=3525 421 2076 12930 3937 5247 409
internal_value=2.07305e-05 -3.98827e-05 9.45364e-05 3.07115e-06 -0.000214226 0.000760184
internal_weight=2329.79 2290.76 2043.13 1954.09 1523.89 430.198
internal_count=28545 28124 24599 22523 18177 4346
is_linear=0
shrinkage=0.03


Tree=109
num_leaves=7
num_cat=0
split_feature=2 9 8 37 5 2
split_gain=0.581392 0.354242 0.431481 0.500226 0.296007 0.362755
threshold=-0.12572700109751672 0.12779494713558437 0.067495075748185793 -0.53657188322959504 0.02352343265814056 -0.030785707475686205
decision_type=2 2 2 10 2 2
left_child=-1 4 3 -3 -2 -6
right_child=1 2 -4 -5 5 -7
leaf_value=-0.00058178018843331697 -4.3101476973849394e-05 0.0028202034018188172 0.0031684607119344056 -0.001659589178597595 0.0020111670545252505 -0.00039988729997127083
leaf_weight=999.40085133441607 963.35934451656067 26.102638737880625 74.511260581901297 49.254490457009524 143.15430147189181 84.144957689917646
leaf_count=13724 11057 324 762 426 1384 926
internal_value=-3.727e-05 0.00036998 0.0016967 4.07543e-05 0.000190244 0.00113937
internal_weight=2339.93 1340.53 149.868 75.3571 1190.66 227.299
internal_count=28603 14879 1512 750 13367 2310
is_linear=0
shrinkage=0.03


Tree=110
num_leaves=7
num_cat=0
split_feature=28 31 9 26 3 14
split_gain=0.5635 0.520352 0.478159 0.470758 0.448927 0.437431
threshold=1.4798393249511721 3.3011938333511357 0.094315318185411445 0.55084946751594555 -0.2409861994955331 0.19582980509133244
decision_type=8 10 2 8 2 2
left_child=1 -1 -3 -2 -5 -6
right_child=3 2 -4 4 5 -7
leaf_value=-0.00089499070487258979 0.0015717841873253383 -0.00010846351161220014 0.0016993287334490165 -0.0021436091917728228 0.001191370256218464 -0.000743510810895984
leaf_weight=647.78550206404179 329.65863802761305 717.50338852107234 151.00242622400401 58.683713948004879 267.75453866500175 160.69694405794144
leaf_count=6382 3174 11603 2030 860 3608 798
internal_value=8.39103e-05 -0.000258157 0.000221613 0.000714365 0.000114179 0.000465259
internal_weight=2333.09 1516.29 868.506 816.794 487.135 428.451
internal_count=28455 20015 13633 8440 5266 4406
is_linear=0
shrinkage=0.03


Tree=111
num_leaves=7
num_cat=0
split_feature=23 28 15 24 3 4
split_gain=0.49475 0.452181 0.382175 0.462734 0.342363 0.32596
threshold=-0.29108432140184476 3.493869543075562 1.5000000000000002 2.5000000000000004 -0.05711566095057282 -0.21700945588984474
decision_type=2 10 2 2 2 2
left_child=-1 2 5 4 -4 -2
right_child=1 -3 3 -5 -6 -7
leaf_value=-0.00090172977800011571 -0.0011333254929819297 0.0020416853642318453 -0.0029829211865356293 0.00064778326845092086 0.00028368580220683752 0.00040133566547176516
leaf_weight=414.68471345226862 126.34481535892701 106.44386913999915 94.203951405826956 84.533453869225923 37.694372545112856 1474.7693139342882
leaf_count=5977 1684 908 1336 989 441 17285
internal_value=2.55863e-05 0.000229083 0.000112338 -0.00104254 -0.00209518 0.000273952
internal_weight=2338.67 1923.99 1817.55 216.432 131.898 1601.11
internal_count=28620 22643 21735 2766 1777 18969
is_linear=0
shrinkage=0.03


Tree=112
num_leaves=7
num_cat=0
split_feature=8 0 5 34 27 14
split_gain=0.503221 0.458636 0.421849 0.347747 0.343195 0.295643
threshold=0.17393205169575024 -0.084840280120375242 0.005732849572629266 -5.5557787815729762 -0.46928769350051874 0.22021843570589214
decision_type=2 2 2 10 8 2
left_child=1 2 -1 -2 -3 -6
right_child=3 4 -4 -5 5 -7
leaf_value=-0.0011093071067650453 0.0041452484402789043 0.0011736912910994409 0.00088644081543775763 0.00078699696548704121 0.00027886104750949139 -0.00070486841389152239
leaf_weight=533.47381905119983 28.567775135335978 251.78132886165986 107.73350895720068 124.44446853373665 901.92838965941337 383.6444311439991
leaf_count=8057 453 3493 1375 1230 12075 1822
internal_value=2.18866e-05 -9.79782e-05 -0.000765525 0.00162982 0.000183594 -1.78811e-05
internal_weight=2331.57 2178.56 641.207 153.012 1537.35 1285.57
internal_count=28505 26822 9432 1683 17390 13897
is_linear=0
shrinkage=0.03


Tree=113
num_leaves=7
num_cat=0
split_feature=28 31 35 12 6 12
split_gain=0.421874 0.493097 0.411416 0.571848 0.543699 0.330266
threshold=1.2180684208869936 0.070073723793029799 0.64271493181808015 1.446620789003447 -0.006552904482605113 -0.17536047726465973
decision_type=8 10 8 2 2 2
left_child=1 -1 -2 4 -4 -6
right_child=2 -3 3 -5 5 -7
leaf_value=-0.0015748101510067811 0.0013056867085395277 -3.0706818722082399e-05 -0.0010254240892754228 -0.0016422945726838965 -0.0011241102183511529 0.0016723915709705428
leaf_weight=210.07108556490857 373.35345050075557 1209.6990410058788 124.75849937356543 129.7936522513628 37.377597648242954 248.44828406907618
leaf_count=1853 3668 17324 1685 630 1206 2217
internal_value=5.44989e-05 -0.000268591 0.000553994 2.03535e-05 0.0005725 0.00128105
internal_weight=2333.5 1419.77 913.731 540.378 410.584 285.826
internal_count=28583 19177 9406 5738 5108 3423
is_linear=0
shrinkage=0.03


Tree=114
num_leaves=7
num_cat=0
split_feature=2 28 20 14 10 37
split_gain=0.542376 0.391375 0.458296 0.367513 0.427939 0.51447
threshold=-0.12572700109751672 3.8115005493164067 0.012612602314840128 0.41385917847164688 -0.052888014443342922 -2.5911847638587151
decision_type=2 10 2 2 2 10
left_child=1 2 -1 4 -2 -6
right_child=3 -3 -4 -5 5 -7
leaf_value=-0.001071682573385923 -0.00062046644023564998 0.0021105256975579969 0.00035618300029747162 -0.0015644413798145394 0.0021036228423151437 0.00043251030311147791
leaf_weight=683.40221154483152 236.24145641658106 38.654628104297444 279.85210548184114 72.071253180503845 200.13517994974973 826.24402607767843
leaf_count=9569 2892 362 3888 298 3051 8561
internal_value=-6.23486e-06 -0.000530858 -0.000657451 0.000388601 0.000511499 0.000775517
internal_weight=2336.6 1001.91 963.254 1334.69 1262.62 1026.38
internal_count=28621 13819 13457 14802 14504 11612
is_linear=0
shrinkage=0.03


Tree=115
num_leaves=7
num_cat=0
split_feature=28 31 2 22 6 29
split_gain=0.522121 0.457006 0.444844 0.382122 0.354682 0.318962
threshold=2.7757409811019902 0.92404848337173473 0.020920523852352105 -0.1261461627206317 0.2531370982072077 0.96022576093673717
decision_type=8 10 2 2 2 10
left_child=1 5 4 -3 -2 -1
right_child=2 3 -4 -5 -6 -7
leaf_value=-0.001686803930167319 0.00023607587689294054 -0.0011282666763383009 0.003534671818287117 0.00028006726829848212 0.002792162548278865 -0.00011429398476590296
leaf_weight=253.68749892897904 362.57336754875723 191.64447746047517 43.083201822824776 1229.4076539377857 46.91830745479092 210.16792026744224
leaf_count=2195 4047 3065 423 16597 397 1897
internal_value=3.58547e-05 -0.000184887 0.000939334 8.3581e-05 0.000588524 -0.000991764
internal_weight=2337.48 1884.91 452.575 1421.05 409.492 463.855
internal_count=28621 23754 4867 19662 4444 4092
is_linear=0
shrinkage=0.03


Tree=116
num_leaves=7
num_cat=0
split_feature=23 28 34 10 22 11
split_gain=0.581181 0.57269 0.43832 0.346186 0.33644 0.388437
threshold=0.34456282204118988 2.8385466337203984 -7.6496938218673067 -0.046094621675032213 0.034715597582891805 0.11129591335915441
decision_type=2 8 10 2 2 2
left_child=1 2 -1 -3 5 -4
right_child=-2 3 4 -5 -6 -7
leaf_value=0.0014290893242043252 0.0012944565335772321 -0.00074735108393944431 -0.00091255256267418878 0.0013023517106409404 0.00022784859347065939 0.0014935114551579986
leaf_weight=98.975222958804807 264.93028829991817 89.394651468610391 1133.1185565355408 308.98518724134192 381.79699012584751 54.947838414926082
leaf_count=2373 2906 1073 13717 3305 4586 612
internal_value=-1.75744e-06 -0.000173309 -0.00041764 0.00083537 -0.000542379 -0.000789735
internal_weight=2332.15 2067.22 1668.84 398.38 1569.86 1188.07
internal_count=28572 25666 21288 4378 18915 14329
is_linear=0
shrinkage=0.03


Tree=117
num_leaves=7
num_cat=0
split_feature=7 28 31 14 29 36
split_gain=0.420186 0.372327 0.570026 0.375231 0.458013 0.362399
threshold=-0.10750770994707606 0.44573460519313818 7.1176422238349923 0.1343478740169374 -2.7687523365020748 -1.0665181829697554
decision_type=2 8 10 2 10 10
left_child=-1 2 -2 4 -3 -5
right_child=1 3 -4 5 -6 -7
leaf_value=-0.0014056617104677366 -0.00072207340133997237 0.0018712230428891904 0.00081567991324243483 -0.00086230148683814477 -0.00012478699809640643 0.00055448852854749538
leaf_weight=156.39926754296175 711.38650564296404 293.04282690823311 300.84685833210824 231.57112319767475 155.29734648560407 486.72417198866606
leaf_count=3271 8017 5224 5496 1359 2433 2767
internal_value=4.78883e-05 0.000158169 -0.000261528 0.000521448 0.0011922 9.21614e-05
internal_weight=2335.27 2178.87 1012.23 1166.64 448.34 718.295
internal_count=28567 25296 13513 11783 7657 4126
is_linear=0
shrinkage=0.03


Tree=118
num_leaves=7
num_cat=0
split_feature=23 15 37 12 20 20
split_gain=0.410078 0.335191 0.363906 0.354297 0.301494 0.299951
threshold=0.57784389018357951 1.5000000000000002 -5.0275678272359068 1.0999111470803922 -0.05497232745473514 0.01555683694556176
decision_type=2 2 10 2 2 2
left_child=1 2 3 -1 -3 -4
right_child=-2 4 5 -5 -6 -7
leaf_value=0.0016686161575098486 0.0016300677428507427 -0.0026762196721304321 -0.000384317559742763 -0.00075893558517681897 -0.00044194902672394637 0.00050277927608248008
leaf_weight=194.00864792060747 117.78078619178268 68.6619405891106 1244.0022374716355 66.963703960180283 193.25716706248932 462.71115742859547
leaf_count=3782 1319 1011 14328 379 2427 5396
internal_value=-2.30419e-05 -0.000117257 1.90809e-05 0.0010407 -0.00110454 -0.000142287
internal_weight=2347.39 2229.6 1967.69 260.972 261.919 1706.71
internal_count=28642 27323 23885 4161 3438 19724
is_linear=0
shrinkage=0.03


Tree=119
num_leaves=7
num_cat=0
split_feature=28 3 2 17 26 30
split_gain=0.566975 0.45665 0.397817 0.467905 0.498266 0.361471
threshold=2.3425008058547978 -0.31493732643588251 -0.15614127591284491 1.5000000000000002 0.95255327224731456 3.9699242115020756
decision_type=8 2 2 2 10 10
left_child=-1 -2 -3 4 -4 -6
right_child=1 2 3 -5 5 -7
leaf_value=-0.00023104828180107645 -0.0022047392578837589 -0.00029415336067093085 0.0024448242306212274 -0.0020635160521378973 -0.0013892006387819906 0.0023125614389158089
leaf_weight=1784.7225512696896 31.617976087611169 135.39368850155734 274.93715660419548 21.703062781598419 59.929719779174775 25.975974410772324
leaf_count=22752 451 1660 2696 250 486 207
internal_value=2.90321e-05 0.000862694 0.00108816 0.00157243 0.00184086 -0.000145453
internal_weight=2334.28 549.558 517.94 382.546 360.843 85.9057
internal_count=28502 5750 5299 3639 3389 693
is_linear=0
shrinkage=0.03


Tree=120
num_leaves=7
num_cat=0
split_feature=22 37 23 16 24 2
split_gain=0.415072 0.38405 0.298649 0.324401 0.507879 0.283339
threshold=-0.16251717978601601 -5.0275678272359068 -0.30827912751255176 1.0000000180025095e-35 2.5000000000000004 -0.1594749950037247
decision_type=2 8 2 2 2 2
left_child=5 -2 -3 -4 -5 -1
right_child=1 2 3 4 -6 -7
leaf_value=-0.0027699349967125878 0.0020686601746221791 -0.00070406517300064075 0.00039512344754236622 -0.0020583275253589308 0.00090536571094509011 -0.00042045823396535763
leaf_weight=61.622852564032655 80.859303164761513 355.019153341942 1486.0734199586441 117.64556873269612 80.233574055484496 143.03976921035792
leaf_count=1110 1886 4805 16444 1446 901 1875
internal_value=3.35464e-05 0.000160131 7.47177e-05 0.000242092 -0.0008709 -0.00122396
internal_weight=2324.49 2119.83 2038.97 1683.95 197.879 204.663
internal_count=28467 25482 23596 18791 2347 2985
is_linear=0
shrinkage=0.03


Tree=121
num_leaves=7
num_cat=0
split_feature=5 0 28 14 22 8
split_gain=0.483659 0.433357 0.421172 0.363477 0.460747 0.379414
threshold=1.0000000180025095e-35 0.13326998848160362 2.8385466337203984 0.31953153718185695 -0.0035199663493918321 -0.023016913048984077
decision_type=2 2 8 2 2 2
left_child=1 -1 -3 4 -2 -6
right_child=3 2 -4 -5 5 -7
leaf_value=-0.00046016211948954301 -0.0002964973652854306 0.00020759692121733367 0.0028935942573529729 -0.0011202197043691021 -0.00036585422794581087 0.0023027023301333319
leaf_weight=1500.9321104249975 136.17870891440543 284.31035421218257 54.976462009362876 67.503725230693817 56.577953948057257 233.77849806181621
leaf_count=19698 1663 3096 476 286 793 2534
internal_value=-1.67778e-05 -0.000241139 0.000713206 0.000807138 0.00113084 0.00178785
internal_weight=2334.26 1840.22 339.287 494.039 426.535 290.356
internal_count=28546 23270 3572 5276 4990 3327
is_linear=0
shrinkage=0.03


Tree=122
num_leaves=7
num_cat=0
split_feature=8 10 31 9 5 6
split_gain=0.325498 0.452735 0.479726 0.462106 0.305155 0.238006
threshold=-0.066244158714105342 0.0083184952420028869 7.5733153969049463 -0.04299696915812292 0.092600902895470252 0.12170539104603485
decision_type=2 2 8 2 2 2
left_child=-1 4 -3 5 -2 -4
right_child=1 2 3 -5 -6 -7
leaf_value=-0.00079907829422479269 -0.0003775390074116881 0.00020172299940287964 0.00068395816312995543 0.0023922083452967337 0.0023050585212577874 -0.0029276492844549648
leaf_weight=381.81388861426967 1006.0030348628061 658.98841804757831 39.302846630394924 193.49180960893864 29.769145330996253 15.204396400658878
leaf_count=6651 11602 6470 704 2502 336 244
internal_value=-9.99066e-06 0.000148388 0.000634334 0.0017315 -0.000279134 -0.000621148
internal_weight=2324.57 1942.76 906.987 247.999 1035.77 54.5072
internal_count=28509 21858 9920 3450 11938 948
is_linear=0
shrinkage=0.03


Tree=123
num_leaves=7
num_cat=0
split_feature=23 14 15 5 0 5
split_gain=0.58576 0.503261 0.43228 0.428735 0.35566 0.311987
threshold=0.34456282204118988 0.37533345012189662 1.5000000000000002 -0.027943020783417521 0.46586906684600954 0.02352343265814056
decision_type=2 2 2 2 2 2
left_child=1 2 4 -3 5 -1
right_child=-2 3 -4 -5 -6 -7
leaf_value=-0.00012762574887728898 0.0012581672886608007 0.00014600241036552664 -0.0012635127813432239 -0.0031067273935925163 0.0030886864692960224 0.0010721328006580782
leaf_weight=1453.0382435097708 269.43191404981189 57.899367660284042 230.40660084609408 84.721592724323273 24.995765458967071 215.09069232654292
leaf_count=19118 2914 240 3166 353 281 2466
internal_value=-3.14841e-05 -0.000204908 -7.29547e-05 -0.00186318 9.55284e-05 3.25397e-05
internal_weight=2335.58 2066.15 1923.53 142.621 1693.12 1668.13
internal_count=28538 25624 25031 593 21865 21584
is_linear=0
shrinkage=0.03


Tree=124
num_leaves=7
num_cat=0
split_feature=5 0 37 33 28 12
split_gain=0.38277 0.336516 0.402242 0.496933 0.346036 0.334343
threshold=1.0000000180025095e-35 0.13655568528558773 -0.30488506521690989 -0.81760528683662403 4.2957904338836679 0.039436225481499727
decision_type=2 2 10 8 10 2
left_child=1 2 3 -1 -4 -5
right_child=-2 -3 4 5 -6 -7
leaf_value=-0.0010881363242124687 0.00074977082157083239 0.00065308078925415693 -0.0008669255545481041 -0.00059333490420020142 0.002177702290812749 0.0013122831777248368
leaf_weight=167.7315095673257 490.74776839569677 341.13726859126473 903.61318673362257 106.59290563044487 25.545819688588381 298.60774418897927
leaf_count=3465 5267 3542 9916 3518 226 2647
internal_value=1.38852e-05 -0.000185028 -0.00037843 0.000244293 -0.000760922 0.000808771
internal_weight=2333.98 1843.23 1502.09 572.932 929.159 405.201
internal_count=28581 23314 19772 9630 10142 6165
is_linear=0
shrinkage=0.03


Tree=125
num_leaves=7
num_cat=0
split_feature=9 11 1 20 22 11
split_gain=0.420014 0.291141 0.338173 0.279815 0.263376 0.267299
threshold=0.02024585362907461 0.028473842045541379 0.088240410705395567 0.035384276746642893 -0.16251717978601601 0.11129591335915441
decision_type=2 2 2 2 2 2
left_child=4 2 -2 -3 -1 -6
right_child=1 3 -4 -5 5 -7
leaf_value=-0.0013920640688049842 -0.00013041500089234223 0.00042523689243781934 0.0020482107872623789 0.0021831702901233593 -0.00031732714871707479 0.0016005301521569604
leaf_weight=187.23395623697434 666.71137210595771 213.37761558149941 60.85064577695448 128.53022133163176 1017.8071873564913 59.968460794072598
leaf_count=2748 7318 2188 527 1426 13633 692
internal_value=-1.46897e-05 0.000420843 7.70969e-05 0.00112934 -0.000383312 -0.000196883
internal_weight=2334.48 1069.47 727.562 341.908 1265.01 1077.78
internal_count=28532 11459 7845 3614 17073 14325
is_linear=0
shrinkage=0.03


Tree=126
num_leaves=7
num_cat=0
split_feature=37 28 3 11 30 9
split_gain=0.485907 0.407155 0.445012 0.448804 0.44205 0.36639
threshold=-6.0137545348643657 0.38737246394157415 -0.31493732643588251 0.025522680899316499 0.23052542656660083 0.10865697067530269
decision_type=8 8 2 2 10 2
left_child=-1 4 -3 -4 -2 -5
right_child=1 2 3 5 -6 -7
leaf_value=0.002471536667285377 -9.5366186640741661e-05 -0.0017841423063753629 5.0039211298088482e-05 0.00086476152039712125 -0.0015081178799178953 0.0033661154104381191
leaf_weight=62.368649129915866 763.18445425215759 73.447020265739411 758.3102877723868 354.05886374565307 260.53590402140981 55.116288198507391
leaf_count=1626 10943 1003 7844 3578 2914 507
internal_value=5.16484e-05 -2.5568e-05 0.000338609 0.00048617 -0.000466021 0.00127396
internal_weight=2327.02 2264.65 1240.93 1167.49 1023.72 409.175
internal_count=28415 26789 12932 11929 13857 4085
is_linear=0
shrinkage=0.03


Tree=127
num_leaves=7
num_cat=0
split_feature=22 7 14 15 6 24
split_gain=0.450015 0.346392 0.381997 0.457175 0.36079 0.293377
threshold=-0.15768213182079982 -0.10497029864169484 0.41385917847164688 1.5000000000000002 0.47458193080532401 2.5000000000000004
decision_type=2 2 2 2 2 2
left_child=-1 -2 3 4 -3 -5
right_child=1 2 -4 5 -6 -7
leaf_value=-0.0012547867585356112 -0.0011754783366353396 0.0004537417374144693 -0.0014924385126850292 -0.0018222023076238693 0.0030464702558012772 0.00030619071196608951
leaf_weight=215.1281689395546 152.83589940698585 1606.9237617138715 95.793633013963699 121.66266492992872 40.241388019581791 100.10408846766222
leaf_count=3121 3104 18815 395 1579 412 1169
internal_value=2.08022e-05 0.000155681 0.00026466 0.000362185 0.000535085 -0.000889701
internal_weight=2332.69 2117.56 1964.73 1868.93 1647.17 221.767
internal_count=28595 25474 22370 21975 19227 2748
is_linear=0
shrinkage=0.03


Tree=128
num_leaves=7
num_cat=0
split_feature=23 14 15 8 31 3
split_gain=0.454884 0.319208 0.353423 0.389593 0.348953 0.406466
threshold=0.62378312966976102 0.41385917847164688 1.5000000000000002 -0.021178793655788244 4.199809819459916 -0.30325888206374413
decision_type=2 2 2 2 8 2
left_child=1 2 3 -1 -5 -6
right_child=-2 -3 -4 4 5 -7
leaf_value=-0.00041862683758312277 0.0019653424438718344 -0.0015500408131268121 -0.00097802510907409566 1.482824229945235e-05 -0.0016743697212843211 0.0012219164728028036
leaf_weight=619.38869791300385 97.198712059733225 108.57191342115402 254.57573225189117 656.89830627647461 38.618447782995645 561.92113973488449
leaf_count=9330 1108 448 3397 6151 710 7395
internal_value=5.62267e-05 -3.49819e-05 4.9072e-05 0.000192834 0.000494954 0.00101129
internal_weight=2337.17 2239.97 2131.4 1876.83 1257.44 600.54
internal_count=28539 27431 26983 23586 14256 8105
is_linear=0
shrinkage=0.03


Tree=129
num_leaves=7
num_cat=0
split_feature=0 23 18 28 33 9
split_gain=0.583259 0.303752 0.250412 0.319495 0.36957 0.242294
threshold=0.46586906684600954 0.62378312966976102 1.0000000180025095e-35 0.47916764020919805 1.0684820512930553 0.10019122391016565
decision_type=2 2 2 10 10 2
left_child=1 2 5 4 -4 -1
right_child=-2 -3 3 -5 -6 -7
leaf_value=-0.00023646949754769334 0.003175269729696915 0.0014849610181034882 -0.0033743106567024131 0.0001189489615153277 0.00074588586788463986 0.00066023471865604331
leaf_weight=1705.6971024043596 39.446088419994339 91.800051477621309 68.072158279363066 81.711246985942125 21.940463426057249 312.27236470859498
leaf_count=21885 427 1042 720 678 211 3391
internal_value=-4.86789e-05 -0.000118033 -0.000191682 -0.00125854 -0.00239586 -9.51369e-05
internal_weight=2320.94 2281.49 2189.69 171.724 90.0126 2017.97
internal_count=28354 27927 26885 1609 931 25276
is_linear=0
shrinkage=0.03


Tree=130
num_leaves=7
num_cat=0
split_feature=20 7 2 10 5 12
split_gain=0.37304 0.504478 0.370284 0.336972 0.308865 0.309275
threshold=0.028345673326884206 0.12188672116063198 -0.1638066696521025 0.0026865942080728932 -0.11713680353527571 1.4953473712900205
decision_type=2 2 2 2 2 2
left_child=2 4 -1 -4 -2 -6
right_child=1 -3 3 -5 5 -7
leaf_value=-0.00081970181935257357 -0.0011883992592184938 0.0033595323853656428 -0.00032984685192412701 0.00063297344702826868 0.0011018391403239097 -0.00096737558438987051
leaf_weight=465.13593949837377 77.378895923844539 50.952673599356785 636.34311016331776 653.56299358174147 378.71816212008707 70.001908004283905
leaf_count=7185 1053 483 7192 7083 5236 338
internal_value=0.000114939 0.000769684 -0.00010348 0.000159107 0.00046087 0.000764983
internal_weight=2332.09 577.052 1755.04 1289.91 526.099 448.72
internal_count=28570 7110 21460 14275 6627 5574
is_linear=0
shrinkage=0.03


Tree=131
num_leaves=7
num_cat=0
split_feature=14 11 31 5 0 10
split_gain=0.464633 0.483805 0.463889 0.389564 0.386538 0.3893
threshold=0.2277947556113353 0.056168554370722344 10.976467285770925 -0.048896226471668448 -0.28723584724573509 0.02927230449311723
decision_type=2 2 8 2 2 2
left_child=1 2 -1 -4 -2 -6
right_child=4 -3 3 -5 5 -7
leaf_value=-0.00033226666072810136 0.0016197898452122432 0.001230239994936733 -0.00028306978003041721 0.0019098942537339519 -0.0015812376541649721 5.8268942521087522e-05
leaf_weight=1115.3506431521964 46.720116555690765 314.64116689792718 121.14470937111764 164.79068045366148 356.6965464502573 201.16138862073421
leaf_count=15857 231 4512 2094 3091 1693 951
internal_value=-6.58556e-05 0.00018667 -5.47075e-05 0.00100261 -0.000773955 -0.000999423
internal_weight=2320.51 1715.93 1401.29 285.935 604.578 557.858
internal_count=28429 25554 21042 5185 2875 2644
is_linear=0
shrinkage=0.03


Tree=132
num_leaves=7
num_cat=0
split_feature=6 37 28 30 10 36
split_gain=0.344329 0.322965 0.294357 0.44293 0.29212 0.288722
threshold=0.47458193080532401 -5.327629137513715 0.40760128200054174 -0.35610350966453547 0.050267501686341261 2.7199112158268695
decision_type=2 8 8 10 2 10
left_child=1 -1 3 -3 -4 -5
right_child=-2 2 4 5 -6 -7
leaf_value=0.0017683121609444092 0.0022520901484994194 9.0499360362600283e-06 7.0725108532689574e-06 -0.0015796066293722393 0.0011064033433515151 0.0016320291993391521
leaf_weight=81.772497012498206 54.254215838212986 679.22519276358071 910.34491371939657 295.73425495566335 275.90849014473497 19.464161718264222
leaf_count=2009 537 9904 9675 3316 2828 211
internal_value=8.64794e-05 2.48655e-05 -4.8285e-05 -0.000426728 0.000269875 -0.00133719
internal_weight=2316.7 2262.45 2180.68 994.424 1186.25 315.198
internal_count=28480 27943 25934 13431 12503 3527
is_linear=0
shrinkage=0.03


Tree=133
num_leaves=7
num_cat=0
split_feature=8 28 14 28 23 36
split_gain=0.391505 0.372236 0.30969 0.384481 0.377684 0.281779
threshold=0.18821883252260022 2.8385466337203984 0.2442724207889182 1.7780444622039797 0.063227647332066331 2.0507956012191939
decision_type=2 10 2 10 2 10
left_child=1 2 4 -4 -1 -3
right_child=-2 5 3 -5 -6 -7
leaf_value=-0.000271210504218513 0.0016262684656635571 0.0014813619633487324 -0.00047385907999592701 -0.0027646237742212153 0.00082224305115280514 -0.0012872017309663978
leaf_weight=1193.674819626438 118.03856581755099 192.37539889744949 358.60050344467163 72.626515477895737 362.20989747642307 31.550745025277138
leaf_count=18492 1313 1719 1680 334 4718 253
internal_value=1.32676e-05 -7.97785e-05 -0.000212055 -0.000913579 -1.30292e-05 0.00105293
internal_weight=2329.08 2211.04 1987.11 431.227 1555.88 223.926
internal_count=28509 27196 25224 2014 23210 1972
is_linear=0
shrinkage=0.03


Tree=134
num_leaves=7
num_cat=0
split_feature=14 7 3 6 31 0
split_gain=0.506942 0.334284 0.274006 0.272404 0.248927 0.310819
threshold=0.37533345012189662 -0.10750770994707606 -0.23845042274485165 0.43407221132087292 4.4362272322177896 -0.32742499781603651
decision_type=2 2 2 2 8 2
left_child=1 -1 -3 4 5 -4
right_child=-2 2 3 -5 -6 -7
leaf_value=-0.0011991092105956332 -0.0015661126321085063 -0.00060938075764354021 0.0021337193700812882 0.0022405639749276613 0.00067337059085171636 -0.00019847260046647745
leaf_weight=151.72009762062225 164.46880812942982 297.12545272396528 44.744005692191422 57.131296062958427 780.8554181970394 841.39837332483148
leaf_count=3231 683 4576 534 587 10888 8120
internal_value=-1.00255e-05 0.000114387 0.000218399 0.000363744 0.000286445 -5.82172e-05
internal_weight=2337.44 2172.97 2021.25 1724.13 1667 886.142
internal_count=28619 27936 24705 20129 19542 8654
is_linear=0
shrinkage=0.03


Tree=135
num_leaves=7
num_cat=0
split_feature=2 34 20 31 24 11
split_gain=0.366159 0.320402 0.312535 0.405641 0.32667 0.306646
threshold=-0.12572700109751672 -8.6270603736241647 0.012612602314840128 3.4456309825181966 1.5000000000000002 0.039710615378734833
decision_type=2 8 2 10 2 2
left_child=2 -2 -1 4 -4 -3
right_child=1 5 3 -5 -6 -7
leaf_value=-0.00080354172681307344 0.0026631308443906799 -0.00012314100720401248 -0.0023877044563598428 0.0014238059357423222 0.00041449253235987502 0.00086614023410435921
leaf_weight=717.86882303550374 39.09217197963153 884.2816859925515 54.366008316865191 145.02436913433485 83.72094795666635 402.6557109154528
leaf_count=9803 853 9603 576 2429 898 4265
internal_value=-4.31983e-05 0.000282953 -0.000473786 0.000361242 -0.000775493 0.000190676
internal_weight=2327.01 1326.03 1000.98 283.111 138.087 1286.94
internal_count=28427 14721 13706 3903 1474 13868
is_linear=0
shrinkage=0.03


Tree=136
num_leaves=7
num_cat=0
split_feature=23 6 20 28 8 35
split_gain=0.526013 0.427935 0.366347 0.354614 0.371726 0.381493
threshold=0.44482716452076637 0.47458193080532401 -0.16278525394256418 1.028931260108948 0.041646812470044793 0.61802289933784993
decision_type=2 2 2 8 2 8
left_child=1 2 -1 -4 -5 -6
right_child=-2 -3 3 4 5 -7
leaf_value=-0.0013123474800965649 0.0014956099854122186 0.0025216222439615739 -0.00038475960236959353 0.00094614650265333023 0.00080787552799267736 -0.0012925136836028194
leaf_weight=216.83696695440449 191.86541217632475 44.408665048133116 1090.4093949860544 490.54945528577082 129.22448995825835 168.1455928751966
leaf_count=3184 2103 443 14773 5343 1121 1591
internal_value=3.15368e-05 -0.0001061 -0.000173511 -3.5788e-05 0.000445927 -0.000383185
internal_weight=2331.44 2139.57 2095.17 1878.33 787.92 297.37
internal_count=28558 26455 26012 22828 8055 2712
is_linear=0
shrinkage=0.03


Tree=137
num_leaves=7
num_cat=0
split_feature=9 7 14 36 7 35
split_gain=0.371181 0.287443 0.266209 0.293893 0.321428 0.306984
threshold=0.20620103298965517 -0.10750770994707606 0.2277947556113353 -0.62880304828286149 1.0000000180025095e-35 0.94995360914617788
decision_type=2 2 2 10 2 10
left_child=1 -1 -3 4 -4 -5
right_child=-2 2 3 5 -6 -7
leaf_value=-0.0012037912316387562 0.002375885907045727 0.00030233849394235406 0.00043088228307157529 0.00088566336071845876 -0.0021603323924201676 -0.00075705645616014664
leaf_weight=154.63102279562736 50.973117907298729 1546.5776516885962 57.833857238292694 186.62406721711159 131.04923994839191 203.63062417507172
leaf_count=3245 655 21913 280 887 614 959
internal_value=6.58708e-05 4.08646e-06 9.71762e-05 -0.000446538 -0.00138516 3.1011e-05
internal_weight=2331.32 2280.35 2125.72 579.138 188.883 390.255
internal_count=28553 27898 24653 2740 894 1846
is_linear=0
shrinkage=0.03


Tree=138
num_leaves=7
num_cat=0
split_feature=28 8 31 9 28 15
split_gain=0.531997 0.318166 0.256802 0.436029 0.426385 0.351701
threshold=3.8115005493164067 0.10685066761287672 3.3011938333511357 0.034080734687754993 0.42463320493698126 1.5000000000000002
decision_type=10 2 8 2 10 2
left_child=1 2 4 5 -1 -4
right_child=-2 -3 3 -5 -6 -7
leaf_value=-0.0014078508397103115 0.0021572642164154362 0.00072937776436119762 -0.00010131728974826127 0.00085605255705622271 -3.0383139060943621e-05 -0.002074257044818245
leaf_weight=340.94611514580902 91.930751120788045 373.46794170865905 564.67417531227693 402.36642634874443 478.39168104645796 85.237917309219483
leaf_count=3579 818 4179 9076 5132 4375 1462
internal_value=3.74522e-05 -5.85303e-05 -0.000218793 9.15344e-05 -0.000613645 -0.000387585
internal_weight=2337.02 2245.08 1871.62 1052.28 819.338 649.912
internal_count=28621 27803 23624 15670 7954 10538
is_linear=0
shrinkage=0.03


Tree=139
num_leaves=7
num_cat=0
split_feature=2 24 10 28 17 28
split_gain=0.326153 0.302849 0.30202 0.364444 0.289135 0.282251
threshold=-0.19311438320140856 3.5000000000000004 -0.068746379449317246 0.70613446831703197 1.5000000000000002 3.0939124822616582
decision_type=2 2 2 10 2 10
left_child=1 5 3 -2 -4 -1
right_child=2 -3 4 -5 -6 -7
leaf_value=-0.0017132805048042338 -0.0017198503816523226 0.00021504780808229132 0.00037578970273660411 0.00059096188874972549 -0.001255658413963997 0.0015768886738839487
leaf_weight=232.036830096622 148.29963720787782 162.95959428031347 1582.2536626674701 93.783794333168771 94.489014802093152 18.211051570484415
leaf_count=4208 2092 2800 17077 913 1286 197
internal_value=-3.27775e-05 -0.00078684 0.000132843 -0.000836705 0.000276954 -0.00142246
internal_weight=2332.03 413.207 1918.83 242.083 1676.74 250.248
internal_count=28573 7205 21368 3005 18363 4405
is_linear=0
shrinkage=0.03


Tree=140
num_leaves=7
num_cat=0
split_feature=28 11 31 3 4 37
split_gain=0.436393 0.341118 0.291543 0.385862 0.341083 0.332762
threshold=4.1199619770050058 0.11129591335915441 4.4362272322177896 -0.24368037027907169 -0.12238478202909221 -0.33580137948904715
decision_type=10 2 8 2 2 10
left_child=1 2 5 -4 -5 -1
right_child=-2 -3 3 4 -6 -7
leaf_value=0.00034253245088253941 0.0022106344529547965 0.0013882685110680059 -0.0011669364843028204 -0.00019676807936520231 0.00099467137070922171 -0.00080415277162200482
leaf_weight=305.56931962247472 67.518377157393843 124.43721233197721 147.34618761317688 394.77409135145717 460.83193425714853 833.08644055359764
leaf_count=3820 604 1337 3101 5926 6312 7454
internal_value=-2.90771e-06 -7.82846e-05 -0.000169554 0.000202441 0.000449022 -0.000496126
internal_weight=2333.56 2266.05 2141.61 1002.95 855.606 1138.66
internal_count=28554 27950 26613 15339 12238 11274
is_linear=0
shrinkage=0.03


Tree=141
num_leaves=7
num_cat=0
split_feature=34 20 27 2 24 5
split_gain=0.31036 0.305073 0.344173 0.311872 0.267208 0.294208
threshold=-7.6496938218673067 0.028345673326884206 0.84097784757614147 -0.2236773815140409 1.5000000000000002 -0.065364330161106945
decision_type=8 2 10 2 2 2
left_child=-1 3 4 -2 5 -3
right_child=1 2 -4 -5 -6 -7
leaf_value=0.0014798487298966685 -0.0013408684414131014 -0.0028679909748290759 0.0016692364337925823 -9.900779581615242e-05 0.00069162682468085896 -5.1092340626143663e-05
leaf_weight=115.56617637780437 197.84604409569874 37.834133329102769 162.99688461906044 1480.6534376016352 225.10737501055701 111.594367132755
leaf_count=2640 3439 458 1843 16112 2638 1330
internal_value=2.88339e-05 -5.31446e-05 0.000562485 -0.000252461 4.99464e-05 -0.000899465
internal_weight=2331.6 2216.03 537.533 1678.5 374.536 149.429
internal_count=28460 25820 6269 19551 4426 1788
is_linear=0
shrinkage=0.03


Tree=142
num_leaves=7
num_cat=0
split_feature=28 30 3 2 30 9
split_gain=0.341398 0.510201 0.403597 0.362857 0.311025 0.294674
threshold=0.5529184639453889 -5.5500738620758048 -0.31493732643588251 -0.21779750745571114 4.1576502323150644 0.096223229731466756
decision_type=8 10 2 2 10 2
left_child=1 -1 -2 -4 5 -3
right_child=2 4 3 -5 -6 -7
leaf_value=0.00069658926681845563 -0.0017552813630281896 -0.0008404418580521682 -0.0010259682788726597 0.00066458335977773663 -0.0027800853284499819 0.00063353365413809388
leaf_weight=284.87630902123055 68.313523623044603 676.7151886424399 119.91048918192973 995.8345574507257 53.626398198306561 140.74324068444548
leaf_count=5316 942 8837 1786 9578 560 1532
internal_value=-2.35776e-05 -0.000388626 0.000333078 0.000475398 -0.000747408 -0.000582075
internal_weight=2340.02 1155.96 1184.06 1115.75 871.085 817.458
internal_count=28551 16245 12306 11364 10929 10369
is_linear=0
shrinkage=0.03


Tree=143
num_leaves=7
num_cat=0
split_feature=28 30 0 7 34 2
split_gain=0.382058 0.482237 0.464686 0.33991 0.334575 0.278312
threshold=0.5529184639453889 -6.2658965587615958 0.038817082100946788 0.081556182558951265 -1.3992147346337636 0.070586698044700816
decision_type=8 10 2 2 10 2
left_child=1 -1 5 -4 -5 -2
right_child=2 -3 3 4 -6 -7
leaf_value=0.00079125541025779089 -0.00014998479933668078 -0.00068299483144289644 0.0019932745904819617 0.0019894621194800834 -0.00066222290892928163 0.0023812356547123679
leaf_weight=246.29507549667323 760.26074703648919 906.71277117053978 217.99702854035422 53.861172551172785 120.60484642861411 31.185457527637482
leaf_count=4710 8544 11471 2065 523 884 336
internal_value=2.31155e-05 -0.000363983 0.000400001 0.00122998 0.000219877 -2.17795e-05
internal_weight=2336.92 1153.01 1183.91 392.463 174.466 791.446
internal_count=28533 16181 12352 3472 1407 8880
is_linear=0
shrinkage=0.03


Tree=144
num_leaves=7
num_cat=0
split_feature=0 25 3 30 2 8
split_gain=0.401325 0.384297 0.398153 0.318537 0.310035 0.409232
threshold=0.46586906684600954 -0.21701340830397872 -0.042499364364625682 4.3420062065124521 -0.2868854246054367 -0.095638717519271846
decision_type=2 2 2 10 2 2
left_child=1 -1 4 -4 -3 -6
right_child=-2 2 3 -5 5 -7
leaf_value=0.00067885355668861099 0.0027225167304151762 -0.0020738258500000366 0.0010742535677773226 -0.0016813519611552407 0.0016366645578571478 -0.00046539260832637188
leaf_weight=510.42088235885603 38.372250863700174 89.463755206874339 271.82343133853283 34.481094515882432 79.299606810440309 1300.7102462971234
leaf_count=6615 417 2079 2941 256 1217 14957
internal_value=1.83474e-05 -3.86991e-05 -0.000247595 0.000720702 -0.000452939 -0.000333696
internal_weight=2324.57 2286.2 1775.78 306.305 1469.47 1380.01
internal_count=28482 28065 21450 3197 18253 16174
is_linear=0
shrinkage=0.03


Tree=145
num_leaves=7
num_cat=0
split_feature=23 5 20 12 0 18
split_gain=0.33033 0.223251 0.218396 0.330052 0.284572 0.254076
threshold=0.56683232886863422 -0.17143440956543396 0.097121329972661971 1.643183226024939 -0.082261962750607251 1.0000000180025095e-35
decision_type=2 2 2 2 2 2
left_child=1 -1 4 -4 -3 -6
right_child=-2 2 3 -5 5 -7
leaf_value=-0.0012946719165398781 0.0013737782647162793 -0.00078128200127235538 0.0010698413025610443 -0.0017758538346568896 0.00016853287816347533 -0.0013769771507078643
leaf_weight=133.66228268633131 125.73968737802352 517.26558824584936 251.14454822475091 33.439858302474022 1193.0102124038385 94.020276282797568
leaf_count=1982 1390 7308 3397 156 13608 846
internal_value=-6.34821e-05 -0.000150584 -7.1557e-05 0.000686528 -0.000194252 4.58842e-05
internal_weight=2348.28 2222.54 2088.88 284.584 1804.3 1287.03
internal_count=28687 27297 25315 3553 21762 14454
is_linear=0
shrinkage=0.03


Tree=146
num_leaves=7
num_cat=0
split_feature=28 35 12 6 8 27
split_gain=0.337162 0.470489 0.491642 0.503381 0.384204 0.356858
threshold=0.93899044394493114 0.97751699363568234 0.99870007701907093 -0.006552904482605113 0.041646812470044793 2.6265912055969243
decision_type=8 8 2 2 2 10
left_child=-1 5 3 -3 -4 -2
right_child=1 2 4 -5 -6 -7
leaf_value=-0.0002822049442382189 0.0013242704595463218 -0.0010373764980992962 -8.2505603971506539e-05 0.0014489112753565112 -0.0024537209543611074 -0.0016902244540896668
leaf_weight=1308.1825457649393 456.2694867317332 102.10358620458283 136.73288118466735 206.78247110539814 102.85332246869802 29.800529372878373
leaf_count=18062 4505 1571 771 2952 565 312
internal_value=3.69723e-05 0.000439411 -0.000163324 0.0006203 -0.00115798 0.00110911
internal_weight=2342.72 1034.54 548.472 308.886 239.586 486.07
internal_count=28738 10676 5859 4523 1336 4817
is_linear=0
shrinkage=0.03


Tree=147
num_leaves=7
num_cat=0
split_feature=28 26 24 2 24 34
split_gain=0.295634 0.405475 0.362497 0.278634 0.435747 0.276409
threshold=2.8385466337203984 1.7246760725975039 1.5000000000000002 -0.2868854246054367 3.5000000000000004 -7.6496938218673067
decision_type=10 10 2 2 2 8
left_child=3 2 -2 4 -1 -5
right_child=1 -3 -4 5 -6 -7
leaf_value=-0.002772976191396501 0.0034869337919833953 -0.00090762907958359543 0.00065412663433912939 0.0015148269698503616 0.00068908961054173364 -2.534595516855143e-05
leaf_weight=69.164934528031154 61.020640653092414 61.236821906175464 109.22711059928406 101.02790020956309 50.172725322598126 1886.1619009947171
leaf_count=1743 506 539 988 2088 1176 21549
internal_value=8.64762e-05 0.00108072 0.00180659 -2.73703e-05 -0.00137669 6.01485e-05
internal_weight=2338.01 231.485 170.248 2106.53 119.338 1987.19
internal_count=28589 2033 1494 26556 2919 23637
is_linear=0
shrinkage=0.03


Tree=148
num_leaves=7
num_cat=0
split_feature=14 2 34 1 4 12
split_gain=0.438943 0.415194 0.395751 0.313231 0.249776 0.280396
threshold=0.2442724207889182 -0.12572700109751672 -8.6270603736241647 0.025394442259978358 -0.17155372068330851 -0.17536047726465973
decision_type=2 2 10 2 2 2
left_child=1 3 4 -1 -3 -6
right_child=-2 2 -4 -5 5 -7
leaf_value=-0.00055282988663245204 -0.00074028811941025 -0.00043939545422452451 0.00038962953993493168 0.00097398140119856402 -0.00023941550400843748 0.0034084248899767383
leaf_weight=658.4846930525091 534.38964265584946 25.299752747523598 877.57952673264663 138.13170585228363 22.157715319350245 84.471246661618352
leaf_count=11123 2475 448 11144 1675 861 820
internal_value=6.94732e-06 0.000230895 0.000632281 -0.000279291 0.0021052 0.00269486
internal_weight=2340.51 1806.12 1009.51 796.616 131.929 106.629
internal_count=28546 26071 13273 12798 2129 1681
is_linear=0
shrinkage=0.03


Tree=149
num_leaves=7
num_cat=0
split_feature=34 9 27 2 29 34
split_gain=0.406598 0.304731 0.235383 0.299749 0.219912 0.202917
threshold=-7.6496938218673067 0.20620103298965517 2.51499354839325 -0.21779750745571114 -7.0551838874816886 -6.6332243482271815
decision_type=8 2 10 2 10 8
left_child=-1 2 3 -2 -4 -5
right_child=1 -3 4 5 -6 -7
leaf_value=0.0015621042070663373 -0.001109165862793754 0.0019469228563030795 0.00018260092161537193 -0.0020478804607928641 -0.0021572389049445725 2.1230505997559541e-05
leaf_weight=113.90564599930076 256.6439351188892 47.88596866017906 52.532208302873187 33.732463416294195 96.419211556902155 1728.4831868186011
leaf_count=2658 4487 584 654 563 1066 18470
internal_value=-0.000111259 -0.000203916 -0.000260149 -0.000171723 -0.00137245 -2.97086e-05
internal_weight=2329.6 2215.7 2167.81 2018.86 148.951 1762.22
internal_count=28482 25824 25240 23520 1720 19033
is_linear=0
shrinkage=0.03


Tree=150
num_leaves=7
num_cat=0
split_feature=9 10 31 28 23 3
split_gain=0.26266 0.296179 0.442693 0.317861 0.289367 0.342487
threshold=0.1977487668536668 -0.068746379449317246 -1.4679401591420171 1.028931260108948 -0.28074864084349643 -0.31493732643588251
decision_type=2 2 10 10 2 2
left_child=1 2 -1 -4 -3 -6
right_child=-2 4 3 -5 5 -7
leaf_value=-0.0030315846775947185 0.0018819543582054483 -0.00063647858794217747 -0.00098337416095561642 0.001181831097118554 -0.0012821438894257155 0.00042638073411835185
leaf_weight=56.264554298773874 58.765784893766977 346.41718469778425 171.99346631980734 82.129710392327979 103.91270262704347 1499.3735287592281
leaf_count=649 754 4845 2724 909 1590 16888
internal_value=5.5437e-05 -1.36167e-07 -0.000845764 -0.000265353 0.000138114 0.000308386
internal_weight=2318.86 2260.09 310.388 254.123 1949.7 1603.29
internal_count=28359 27605 4282 3633 23323 18478
is_linear=0
shrinkage=0.03


Tree=151
num_leaves=7
num_cat=0
split_feature=3 15 25 20 6 11
split_gain=0.304306 0.345569 0.290512 0.279909 0.385675 0.326669
threshold=-0.052429155651936322 1.5000000000000002 -0.061359354731088937 -0.019217703289600999 0.089539744293095441 0.014533430453789771
decision_type=2 2 2 2 2 2
left_child=1 -1 -3 -2 5 -5
right_child=3 2 -4 4 -6 -7
leaf_value=-2.6306126973633348e-06 0.0028358075726223207 0.00021118921397867782 -0.002062718057572261 -0.00091892134488679225 0.0017007223779386112 0.0012658124266449302
leaf_weight=1691.3041723691422 40.412764779175632 75.436618517094757 133.45741355989594 183.17106638679979 132.46212943509454 80.661043086147401
leaf_count=21127 404 989 1864 2021 1228 923
internal_value=1.71102e-05 -0.000147809 -0.00126942 0.00072195 0.000441895 -0.000229152
internal_weight=2336.91 1900.2 208.894 436.707 396.294 263.832
internal_count=28556 23980 2853 4576 4172 2944
is_linear=0
shrinkage=0.03


Tree=152
num_leaves=7
num_cat=0
split_feature=23 5 12 22 28 31
split_gain=0.302817 0.254354 0.352302 0.284767 0.28081 0.317059
threshold=0.62378312966976102 0.0011665024186901464 1.5215335640978727 -0.0035199663493918321 4.1199619770050058 0.69639959931373607
decision_type=2 2 2 2 10 8
left_child=1 4 3 -3 5 -1
right_child=-2 2 -4 -5 -6 -7
leaf_value=-0.0011259075356164874 0.0014838420975626439 -0.0002924892776588846 -0.001075213538486495 0.0014688260968617115 0.0017180509548724875 -0.00014400737404914602
leaf_weight=370.09275756205898 99.985903583117761 117.13508750032634 93.116235159337521 248.53831843391526 50.781427522655576 1354.9978921324655
leaf_count=3330 1120 1503 436 2960 452 18775
internal_value=-5.33989e-05 -0.000128484 0.000494231 0.000911862 -0.000291227 -0.000359935
internal_weight=2334.65 2234.66 458.79 365.673 1775.87 1725.09
internal_count=28576 27456 4899 4463 22557 22105
is_linear=0
shrinkage=0.03


Tree=153
num_leaves=7
num_cat=0
split_feature=0 28 30 4 3 35
split_gain=0.339128 0.24863 0.416879 0.379562 0.414068 0.373706
threshold=0.46586906684600954 0.93899044394493114 -5.5500738620758048 -0.16956079977581964 -0.015349603725542603 1.6621941099209447
decision_type=2 10 8 2 2 8
left_child=1 2 -1 4 -4 -5
right_child=-2 -3 3 5 -6 -7
leaf_value=0.00077328446018104849 0.0024949203163123659 0.00043982929896393085 -0.0018344509111519465 -0.0006714018862982805 0.0019769524346139383 0.00052505160756333201
leaf_weight=298.00810082946555 40.567487821273971 787.44975255907048 235.03159747138852 561.61853869183687 20.444596287677996 389.57671552358079
leaf_count=5463 429 7636 3276 6777 246 4638
internal_value=6.479e-05 1.11294e-05 -0.000214646 -0.000462983 -0.00146646 -0.000181011
internal_weight=2332.7 2292.13 1504.68 1206.67 255.476 951.195
internal_count=28465 28036 20400 14937 3522 11415
is_linear=0
shrinkage=0.03


Tree=154
num_leaves=7
num_cat=0
split_feature=28 28 25 23 29 3
split_gain=0.343674 0.377405 0.26745 0.317998 0.318954 0.384054
threshold=0.40760128200054174 -4.8550727367401114 0.89907671907406439 -0.30827912751255176 -4.6029348373413077 -0.059841758346674608
decision_type=8 10 2 2 8 2
left_child=1 -1 3 -2 -5 -6
right_child=2 -3 -4 4 5 -7
leaf_value=0.0016970123729196512 -0.00095152215878218293 -0.00050761406869912276 0.0025385613561759459 0.0012981722460736315 -0.00021517918734890212 0.0013967649140623631
leaf_weight=65.281669092786615 155.31826618534978 1018.9996119826974 39.198692051228136 287.57079267146764 601.13874454033794 160.15498275018763
leaf_count=1562 1826 13907 480 3059 6238 1408
internal_value=2.80064e-05 -0.000360584 0.000367047 0.000276034 0.000465083 0.000137642
internal_weight=2327.66 1084.28 1243.38 1204.18 1048.86 761.294
internal_count=28480 15469 13011 12531 10705 7646
is_linear=0
shrinkage=0.03


Tree=155
num_leaves=7
num_cat=0
split_feature=14 37 3 28 11 11
split_gain=0.28368 0.263705 0.258428 0.32966 0.322782 0.400098
threshold=0.41385917847164688 -6.0137545348643657 -0.25212466933018818 0.1359570845961571 0.025522680899316499 0.0030079354537101452
decision_type=2 8 2 8 2 2
left_child=1 -1 -3 -4 5 -5
right_child=-2 2 3 4 -6 -7
leaf_value=0.0018001659927272668 -0.0014883545944558995 -0.00086841157452508357 -0.00038377488362965748 0.00041311279310536744 0.0010795844484199951 -0.0012392277207269279
leaf_weight=63.938342706882395 105.17516373097897 272.45186460507102 746.40384901140351 573.13617825607071 414.88781692658085 160.44707947561983
leaf_count=1645 433 4313 10171 6051 4269 1750
internal_value=-3.64437e-05 3.83304e-05 -2.16746e-05 0.000103992 0.000421573 3.99125e-05
internal_weight=2336.44 2231.27 2167.33 1894.87 1148.47 733.583
internal_count=28632 28199 26554 22241 12070 7801
is_linear=0
shrinkage=0.03


Tree=156
num_leaves=7
num_cat=0
split_feature=28 30 24 3 36 20
split_gain=0.332512 0.501983 0.27908 0.339715 0.510683 0.273832
threshold=0.40760128200054174 -1.838316738605499 1.0000000180025095e-35 -0.059841758346674608 -0.83444229214053045 -0.077084272259094186
decision_type=8 10 2 2 10 2
left_child=1 -1 3 -2 -5 -4
right_child=2 -3 5 4 -6 -7
leaf_value=0.00027045439724397713 -0.00095035476782080817 -0.0010224094900210168 -0.00047309921486648538 0.0029765612975575016 -0.0012702825472506441 0.0008911618312870828
leaf_weight=598.0607940422924 229.42980394605547 478.40137345416588 152.36327488254756 47.93415813613683 37.729166831821203 783.13410363276489
leaf_count=9831 2864 5556 1593 502 356 7785
internal_value=7.67527e-05 -0.000308242 0.000407959 -0.000355985 0.00116884 0.000666313
internal_weight=2327.05 1076.46 1250.59 315.093 85.6633 935.497
internal_count=28487 15387 13100 3722 858 9378
is_linear=0
shrinkage=0.03


Tree=157
num_leaves=7
num_cat=0
split_feature=3 27 3 0 8 10
split_gain=0.255901 0.281291 0.331206 0.339746 0.287489 0.286503
threshold=-0.05711566095057282 -0.48809476196765894 -0.074877772157788611 0.13997435442498815 0.19344850867118132 -0.0044103522885848142
decision_type=2 8 2 2 2 2
left_child=1 -1 3 4 -3 -6
right_child=-2 2 -4 -5 5 -7
leaf_value=0.00066342106312711267 0.00065467009410293334 -0.00052804579228215795 -0.0024153066800591161 0.00069677507621614826 -0.00090337156264443119 0.0031268031142100191
leaf_weight=323.66715592217224 458.88692602730589 1158.9535970349971 53.771042779786512 292.59709376838873 20.463272154273 29.699946365435608
leaf_count=5301 4835 14483 595 2882 227 301
internal_value=2.74684e-05 -0.000128348 -0.000296286 -0.000204936 -0.000427069 0.00160587
internal_weight=2338.04 1879.15 1555.48 1501.71 1209.12 50.1632
internal_count=28624 23789 18488 17893 15011 528
is_linear=0
shrinkage=0.03


Tree=158
num_leaves=7
num_cat=0
split_feature=22 1 11 8 2 23
split_gain=0.328039 0.232226 0.230577 0.222346 0.212413 0.242846
threshold=-0.15768213182079982 -0.017895590103229039 0.12734043717877583 0.1154949869670263 -0.014173685280873304 -0.29108432140184476
decision_type=2 2 2 2 2 2
left_child=1 -1 4 -4 5 -2
right_child=2 -3 3 -5 -6 -7
leaf_value=-0.0023628937777958802 -0.000464791464159115 -0.00030074844482466499 0.00024780923140980981 0.0033523596121878604 -0.00061203005927490937 0.00041594377991722672
leaf_weight=67.246090085944161 342.77100831223652 144.90023017831845 47.217190905008465 29.684934205841273 298.26466882001841 1408.5139364163188
leaf_count=1143 4957 1976 507 291 3573 16171
internal_value=6.62083e-05 -0.00103135 0.000180021 0.00169406 0.000115263 0.000241901
internal_weight=2338.6 212.146 2126.45 76.9021 2049.55 1751.28
internal_count=28618 3119 25499 798 24701 21128
is_linear=0
shrinkage=0.03


Tree=159
num_leaves=7
num_cat=0
split_feature=3 0 25 5 33 0
split_gain=0.29434 0.294721 0.316035 0.234402 0.23073 0.201906
threshold=-0.32866954310102664 0.40629810526123383 -0.21701340830397872 -0.17143440956543396 -0.067978243033091204 -0.087226620051568657
decision_type=2 2 2 2 10 2
left_child=4 2 -2 -4 -1 -5
right_child=1 -3 3 5 -6 -7
leaf_value=-0.0023759692603358179 0.00065847089659571822 0.0019284772316573479 -0.0015447920375249449 -0.00077442255913023872 0.0001228256438069221 6.936623021920496e-05
leaf_weight=72.031076782965101 493.89119730485254 63.826060909428634 98.959205953229684 311.16631885184324 54.353296621295158 1236.6687576587719
leaf_count=1338 6189 646 1409 4266 796 13859
internal_value=-1.85359e-05 6.48488e-05 5.75e-07 -0.000199518 -0.00137112 -0.000104146
internal_weight=2330.9 2204.51 2140.69 1646.79 126.384 1547.84
internal_count=28503 26369 25723 19534 2134 18125
is_linear=0
shrinkage=0.03


Tree=160
num_leaves=7
num_cat=0
split_feature=22 10 37 12 24 23
split_gain=0.275363 0.297957 0.286085 0.266511 0.246929 0.212197
threshold=0.14285588530210477 0.050267501686341261 -1.6344043166291984 1.0999111470803922 1.0000000180025095e-35 0.38392998462965083
decision_type=2 2 10 2 2 2
left_child=1 -1 -3 4 -2 -4
right_child=3 2 5 -5 -6 -7
leaf_value=-0.00027640811953111668 -0.00045834421990389253 0.0016664864395211378 -0.00020420573070559418 -0.00051611802839827742 0.0023912756303509208 0.0017195853425816716
leaf_weight=1624.5536758399103 31.96901124319993 137.62292764165613 318.17843925647321 62.518197581171989 107.17631738766795 51.267454651650041
leaf_count=20026 490 2130 3365 336 1744 482
internal_value=2.39335e-05 -7.81901e-05 0.000549927 0.00105609 0.00174973 0.000101039
internal_weight=2333.29 2131.62 507.069 201.664 139.145 369.446
internal_count=28573 26003 5977 2570 2234 3847
is_linear=0
shrinkage=0.03


Tree=161
num_leaves=7
num_cat=0
split_feature=37 1 11 36 0 16
split_gain=0.274002 0.253446 0.208816 0.204833 0.185498 0.190997
threshold=-4.7630002841663845 -0.08888585604797998 0.1237091212798322 -1.4891513720075917 -0.079757280362455427 1.0000000180025095e-35
decision_type=8 2 2 10 2 2
left_child=1 -1 4 -3 -2 -6
right_child=2 3 -4 -5 5 -7
leaf_value=-0.0011889799981998352 -0.00056847825446941004 -6.6380656052405067e-05 0.0012763190494428525 0.0030172595542837725 0.00016510249396835302 -0.00085386208272958777
leaf_weight=19.766003131051548 632.52133249898907 26.820653458227753 87.774860069854185 56.181872770335758 1333.2554850063752 178.8519040744286
leaf_count=719 8761 584 901 1107 14360 2067
internal_value=-7.71526e-06 0.00143526 -8.0247e-05 0.00212084 -0.000141434 3.97616e-05
internal_weight=2335.17 102.769 2232.4 83.0025 2144.63 1512.11
internal_count=28499 2410 26089 1691 25188 16427
is_linear=0
shrinkage=0.03


Tree=162
num_leaves=7
num_cat=0
split_feature=28 28 33 13 12 3
split_gain=0.240565 0.290976 0.301227 0.283926 0.27371 0.223579
threshold=0.37049102783203131 -0.27781176567077631 0.48697650122145819 2.3502401828962087 0.99870007701907093 -0.31493732643588251
decision_type=8 10 10 2 2 2
left_child=1 2 -1 -4 -3 -2
right_child=5 4 3 -5 -6 -7
leaf_value=-0.00036554926293979858 -0.0012068050125153425 -0.00031086438229115516 0.0018416788710591909 -0.00035213485525177672 -0.0018753333371476731 0.0003933298676453181
leaf_weight=430.21457667142386 74.440320665540639 267.63777921753353 126.01925868549733 82.533439048216678 156.31431713700294 1196.4389019699011
leaf_count=7190 1014 4193 1538 1423 890 12291
internal_value=1.34078e-05 -0.000318073 8.78581e-05 0.000997103 -0.000917619 0.000290914
internal_weight=2333.6 1062.72 638.767 208.553 423.952 1270.88
internal_count=28539 15234 10151 2961 5083 13305
is_linear=0
shrinkage=0.03


Tree=163
num_leaves=7
num_cat=0
split_feature=27 2 4 30 14 2
split_gain=0.257254 0.295489 0.215923 0.233307 0.247706 0.281795
threshold=2.4626518487930302 -0.19311438320140856 -0.21700945588984474 -2.783957719802856 0.41385917847164688 -0.12433530582624423
decision_type=10 2 2 10 2 2
left_child=1 -1 -3 4 5 -4
right_child=-2 2 3 -5 -6 -7
leaf_value=-0.00061742323494629232 -0.001051754272526571 -0.00084844661473176656 2.1885436167245836e-05 0.00010682155708728825 -0.0019648897989595535 0.0013902860021013817
leaf_weight=380.09356865403242 168.71774152223952 128.65381533210166 199.98374136036728 1035.9942984668305 18.269432559609413 411.77287266374333
leaf_count=6701 1996 1637 2630 10066 75 5543
internal_value=4.27913e-05 0.000132131 0.000293421 0.000386134 0.000836582 0.000950501
internal_weight=2343.49 2174.77 1794.67 1666.02 630.026 611.757
internal_count=28648 26652 19951 18314 8248 8173
is_linear=0
shrinkage=0.03


Tree=164
num_leaves=7
num_cat=0
split_feature=28 5 7 3 24 22
split_gain=0.334253 0.260956 0.275787 0.300421 0.239129 0.358759
threshold=4.2957904338836679 1.0000000180025095e-35 0.042519495881012934 -0.040425177458980173 1.5000000000000002 0.01524276036705772
decision_type=10 2 2 2 2 2
left_child=1 4 3 -3 -1 -6
right_child=-2 2 -4 -5 5 -7
leaf_value=-0.00061360266834996195 0.0020792015524878789 0.00069284033067832469 -0.00024254275169391918 0.0032986601596428598 -0.00026616748128116243 0.00094551433791370228
leaf_weight=749.64719655852241 58.87932036165148 231.20486285386141 209.32530923513696 40.586023319745436 752.26786622591317 299.19528739067027
leaf_count=9835 510 2857 1892 423 9376 3738
internal_value=2.01339e-05 -4.18271e-05 0.000571732 0.00118521 -0.000207974 8.42777e-05
internal_weight=2341.11 2282.23 481.116 271.791 1801.11 1051.46
internal_count=28631 28121 5172 3280 22949 13114
is_linear=0
shrinkage=0.03


Tree=165
num_leaves=7
num_cat=0
split_feature=0 20 10 30 10 31
split_gain=0.285389 0.284205 0.221853 0.34957 0.245825 0.234762
threshold=0.46586906684600954 0.13221802372617078 0.043356315008962337 7.7817614078521737 0.10070142947268897 0.57824797928333294
decision_type=2 2 2 8 2 10
left_child=1 2 5 -4 -5 -1
right_child=-2 -3 3 4 -6 -7
leaf_value=-0.00085647704858206331 0.0023040506366733544 0.00098187317608830677 7.9280630097222933e-05 0.0032222150225234294 -0.00046654776652836763 -5.9451477429134683e-05
leaf_weight=481.8168133291183 38.615512220538221 220.07845039328095 487.19813220345532 48.522011029184796 19.344795560231432 1032.5700856174226
leaf_count=4783 419 2745 5763 557 226 14061
internal_value=2.95132e-05 -1.87022e-05 -0.00012932 0.000379245 0.00224588 -0.000316988
internal_weight=2328.15 2289.53 2069.45 555.065 67.8668 1514.39
internal_count=28554 28135 25390 6546 783 18844
is_linear=0
shrinkage=0.03


Tree=166
num_leaves=7
num_cat=0
split_feature=28 31 3 37 33 10
split_gain=0.370973 0.279854 0.318185 0.271493 0.411692 0.26877
threshold=4.1199619770050058 4.4362272322177896 -0.25212466933018818 0.12629056379061057 -0.5497030379871527 0.047346388522495959
decision_type=10 8 2 10 10 2
left_child=1 3 5 4 -1 -3
right_child=-2 2 -4 -5 -6 -7
leaf_value=-0.00065932560341242061 0.0020584448815174732 -0.0017286688576816365 0.00050973074052036217 -0.00066750725876400557 0.0012466503718943649 0.0011021600390682556
leaf_weight=197.08747810055502 67.918870005290955 102.06705218498246 919.90645843028324 813.32890567160212 191.85456099285511 33.536315077042673
leaf_count=2559 600 2190 13136 7179 2153 689
internal_value=2.31951e-05 -4.68365e-05 0.000308077 -0.000358397 0.000288523 -0.00100096
internal_weight=2325.7 2257.78 1055.51 1202.27 388.942 135.603
internal_count=28506 27906 16015 11891 4712 2879
is_linear=0
shrinkage=0.03


Tree=167
num_leaves=7
num_cat=0
split_feature=10 7 2 31 20 4
split_gain=0.242908 0.291901 0.471 0.305698 0.267839 0.259613
threshold=0.050267501686341261 0.047520619902865442 -0.17267390338435781 -2.5023995116353031 0.13835641913278782 -0.096399514928788246
decision_type=2 2 2 10 2 2
left_child=4 -2 -3 -4 -1 -6
right_child=1 2 3 -5 5 -7
leaf_value=-0.00029357016214861582 -5.2308417617970148e-05 -0.0013220190738978674 0.0044563271995583589 0.0012836972132514398 0.0016712013082749834 -0.0008792925535578088
leaf_weight=1619.327606901963 324.17797740167589 42.137313934159465 27.585926035419106 163.59732086729491 115.00612058298429 43.101569500868209
leaf_count=19897 4203 543 233 1595 1535 509
internal_value=-5.18934e-06 0.000535569 0.00132095 0.00194023 -0.000176847 0.000964968
internal_weight=2334.93 557.499 233.321 191.183 1777.44 158.108
internal_count=28515 6574 2371 1828 21941 2044
is_linear=0
shrinkage=0.03


Tree=168
num_leaves=7
num_cat=0
split_feature=31 4 31 2 13 36
split_gain=0.24829 0.421918 0.315552 0.283745 0.343271 0.287124
threshold=7.1176422238349923 -0.11065795068779095 17.111302478937436 -0.15614127591284491 2.1383330595080281 0.83956371259594742
decision_type=8 2 8 2 2 8
left_child=-1 2 -2 4 -3 -5
right_child=1 3 -4 5 -6 -7
leaf_value=-0.0001104774034933468 0.00059980415031806063 0.0025584829177130166 -0.0011284084684837286 0.0004342376643260638 -0.001214528849875743 0.0026470342323566629
leaf_weight=1634.7566837328486 218.01018910217681 20.650982100371039 153.25518781700521 86.730139560153475 64.452115367137594 145.65612888295436
leaf_count=17409 3891 302 2286 1495 1368 1788
internal_value=9.12193e-05 0.000564675 -0.000124473 0.00134974 -0.000126223 0.00187317
internal_weight=2323.51 688.755 371.265 317.489 85.1031 232.386
internal_count=28539 11130 6177 4953 1670 3283
is_linear=0
shrinkage=0.03


Tree=169
num_leaves=7
num_cat=0
split_feature=17 4 31 30 27 11
split_gain=0.184464 0.233951 0.350796 0.184824 0.168484 0.226635
threshold=1.5000000000000002 -0.20708680384658804 -2.2819258272647853 1.2404588460922243 1.589663088321686 -0.032632868316772944
decision_type=2 2 10 10 10 2
left_child=1 2 -1 -2 -3 -6
right_child=3 4 -4 -5 5 -7
leaf_value=-0.0033266335557764308 -0.0017671883356716251 0.00030972063846326011 -0.00024267306195614505 0.00054945213052813211 0.0010011690742014775 -0.00086442991912621123
leaf_weight=31.568590220529586 86.161412265937543 1690.8404576048779 174.28468922921456 39.997768847970292 67.205930330790579 242.87806677888148
leaf_count=401 1415 20154 2528 465 800 2779
internal_value=2.56165e-05 9.13406e-05 -0.000847818 -0.0010463 0.000191696 -0.000441444
internal_weight=2332.94 2206.78 205.853 126.159 2000.92 310.084
internal_count=28542 26662 2929 1880 23733 3579
is_linear=0
shrinkage=0.03


Tree=170
num_leaves=7
num_cat=0
split_feature=3 3 8 29 22 36
split_gain=0.331615 0.30313 0.307831 0.367019 0.297316 0.280599
threshold=-0.052429155651936322 -0.074877772157788611 0.20005708872711428 -6.5176682472228995 0.10329447546311651 -1.8569756623834281
decision_type=2 2 2 10 2 10
left_child=1 2 -1 -4 -3 -2
right_child=5 4 3 -5 -6 -7
leaf_value=-0.00016471021118160751 0.0022230728754252154 -0.0027541282462679763 0.0042142987392692777 0.00019709620607818426 0.00098594104111561541 0.00035219500582535785
leaf_weight=1732.2322338657541 82.235812780738343 62.579692019091453 21.975531155709177 59.816289913840592 20.152112316107377 356.71218996701646
leaf_count=21995 952 709 269 631 255 3651
internal_value=1.09081e-05 -0.000161853 -7.59028e-05 0.00161795 -0.00183503 0.000744409
internal_weight=2335.7 1896.76 1814.02 81.7918 82.7318 438.948
internal_count=28462 23859 22895 900 964 4603
is_linear=0
shrinkage=0.03


Tree=171
num_leaves=7
num_cat=0
split_feature=6 25 20 11 14 27
split_gain=0.237163 0.210274 0.228363 0.231902 0.209119 0.204375
threshold=0.33929199159742401 -0.71295313963611839 0.099180483684831094 -0.0038883833510224542 0.15615506158883916 0.36907374858856207
decision_type=2 2 2 2 2 8
left_child=1 -1 -3 4 -4 -2
right_child=5 2 3 -5 -6 -7
leaf_value=0.0011582173750921856 -6.7268795149304914e-05 -0.00037353922738989109 0.00062646513873038123 0.0011449755604689802 -0.0019213275923705448 0.0020177719614917658
leaf_weight=90.110581247514347 83.093926973408088 1817.7337521837617 53.925718195212539 182.34059322037501 44.784773655235767 74.904285746742971
leaf_count=1284 898 22268 975 2281 248 693
internal_value=-0.000104677 -0.000187261 -0.000250247 0.000532597 -0.000599871 0.000982482
internal_weight=2346.89 2188.9 2098.78 281.051 98.7105 157.998
internal_count=28647 27056 25772 3504 1223 1591
is_linear=0
shrinkage=0.03


Tree=172
num_leaves=7
num_cat=0
split_feature=28 36 30 30 24 28
split_gain=0.218182 0.48191 0.333927 0.292525 0.230054 0.227304
threshold=2.7757409811019902 2.0507956012191939 -0.80691713094711293 -5.2316758632659903 4.5000000000000009 0.5529184639453889
decision_type=10 10 10 8 2 8
left_child=3 2 -2 -1 -4 -5
right_child=1 -3 4 5 -6 -7
leaf_value=0.00067196385133055675 -0.00073206141691477278 -0.0020268437952067203 0.0025995209421056094 -0.00061380911864699966 2.8346542132351899e-05 7.0625068088246557e-05
leaf_weight=352.30943642662896 47.126283130492084 35.899565066676587 122.54175193526316 846.23467337930924 41.300438087433577 887.51458121178439
leaf_count=6260 476 286 1010 10520 367 9556
internal_value=-3.23131e-06 0.00082201 0.00137657 -0.000104348 0.00199031 -0.000265048
internal_weight=2332.93 246.868 210.968 2086.06 163.842 1733.75
internal_count=28475 2139 1853 26336 1377 20076
is_linear=0
shrinkage=0.03


Tree=173
num_leaves=7
num_cat=0
split_feature=22 31 11 8 29 23
split_gain=0.347325 0.261746 0.317679 0.233358 0.205266 0.28548
threshold=-0.16454758628043273 5.2982650995254525 0.11129591335915441 -0.20651749480279671 1.4990208745002749 0.1369448509413598
decision_type=2 8 2 2 10 2
left_child=4 2 -2 -3 5 -1
right_child=1 3 -4 -5 -6 -7
leaf_value=-0.0021749763424550959 -0.00026071259079670699 -0.0020565375670252213 0.0016671460674980293 0.0006270389460524173 0.00073894816232762792 0.00081137030089057792
leaf_weight=131.44593549025012 1222.2871451536776 20.660038498084759 72.110106453066692 813.07995035829663 35.837393644149415 30.547511105774902
leaf_count=2084 12284 750 650 11874 473 363
internal_value=1.18989e-05 0.000125654 -0.000141355 0.000536954 -0.00115898 -0.0015974
internal_weight=2325.97 2128.14 1294.4 833.74 197.831 161.993
internal_count=28478 25558 12934 12624 2920 2447
is_linear=0
shrinkage=0.03


Tree=174
num_leaves=7
num_cat=0
split_feature=28 30 28 31 14 25
split_gain=0.265281 0.19501 0.329097 0.390942 0.290192 0.271564
threshold=4.2957904338836679 -4.5000259876251212 0.38737246394157415 1.0388142168521883 0.41385917847164688 -0.21701340830397872
decision_type=10 10 10 10 2 2
left_child=1 4 3 -3 -1 -4
right_child=-2 2 5 -5 -6 -7
leaf_value=0.0005421643653933816 0.0019265564185996888 -0.0019522493328419214 0.0011065201846294044 -0.00027762466080062832 -0.0028193927107552901 -9.513905014797724e-05
leaf_weight=639.07427547697444 55.793886528350413 153.38215702737216 213.4041693052277 560.20617932916502 14.137614339590071 692.90777512546629
leaf_count=10040 499 1358 2237 7542 58 6731
internal_value=4.8599e-05 -5.73219e-06 -0.000182182 -0.000659582 0.000427995 0.000196797
internal_weight=2328.91 2273.11 1619.9 713.588 653.212 906.312
internal_count=28465 27966 17868 8900 10098 8968
is_linear=0
shrinkage=0.03


Tree=175
num_leaves=7
num_cat=0
split_feature=14 5 15 20 6 31
split_gain=0.274497 0.347772 0.263835 0.406528 0.355342 0.290758
threshold=0.37533345012189662 -0.027943020783417521 1.5000000000000002 -0.059551082989045004 -0.11257961848191168 7.1176422238349923
decision_type=2 2 2 2 2 8
left_child=2 -2 4 -4 -1 -6
right_child=1 -3 3 -5 5 -7
leaf_value=-0.00058401218534891955 0.00048277099708914854 -0.0022146932833789941 -0.0026563835623089798 -3.4446474024738402e-05 0.00017205324958447426 0.0010594939458777894
leaf_weight=363.09235036141763 68.287230625748634 93.834790706634521 63.470829979749396 194.08339023549343 1080.3538467339822 473.15458663160098
leaf_count=6040 283 391 970 2501 11244 7123
internal_value=3.71839e-05 -0.00111646 0.000127926 -0.000755722 0.000249978 0.00044739
internal_weight=2336.28 162.122 2174.16 257.554 1916.6 1553.51
internal_count=28552 674 27878 3471 24407 18367
is_linear=0
shrinkage=0.03


Tree=176
num_leaves=7
num_cat=0
split_feature=2 24 4 33 26 9
split_gain=0.214884 0.235683 0.196539 0.364815 0.36221 0.345058
threshold=-0.2868854246054367 3.5000000000000004 -0.11236960980211115 -1.803974527865648 2.2999253273010258 0.12293168029438238
decision_type=2 2 2 8 8 2
left_child=1 -1 4 -4 -2 -6
right_child=2 -3 3 -5 5 -7
leaf_value=-0.0021702598344846779 0.00011177204347201181 0.00030136373965641974 -0.00081016994308106909 0.00060582629922097499 -0.0014356260974300195 0.0017607021528520876
leaf_weight=72.769096276722848 821.12467456955346 56.074560396955349 190.83616632581106 895.12624672852689 264.90755930298474 25.643280349206179
leaf_count=1795 9741 1271 2344 9984 3065 280
internal_value=-5.60281e-06 -0.00115034 6.64181e-05 0.000351871 -0.000213084 -0.00110433
internal_weight=2326.48 128.844 2197.64 1085.96 1111.68 290.551
internal_count=28480 3066 25414 12328 13086 3345
is_linear=0
shrinkage=0.03


Tree=177
num_leaves=7
num_cat=0
split_feature=26 33 27 1 22 35
split_gain=0.190634 0.205651 0.427235 0.263694 0.265045 0.247034
threshold=-7.4371142387390128 -2.4166255990664163 -0.44175806641578669 0.0049066969712198661 0.019446684573021355 2.133107036352158
decision_type=8 8 10 2 2 10
left_child=-1 2 -2 -3 5 -5
right_child=1 3 -4 4 -6 -7
leaf_value=0.0020995341392482918 0.0010949246231893204 -0.00024038369392326132 -0.001620586446512189 0.00049105760961892179 0.0014610750220694893 -0.0010373355321001499
leaf_weight=25.882750160701107 63.488549571906333 1381.3242514574667 182.88536716855015 379.00362876994768 171.90813508804422 116.11015420770855
leaf_count=427 1203 18199 2188 3700 1636 1106
internal_value=-7.09051e-05 -0.000104389 -0.000905408 -4.11281e-06 0.0004815 0.00011919
internal_weight=2320.6 2294.72 246.374 2048.35 667.022 495.114
internal_count=28459 28032 3391 24641 6442 4806
is_linear=0
shrinkage=0.03


Tree=178
num_leaves=7
num_cat=0
split_feature=23 35 28 26 30 14
split_gain=0.25787 0.228625 0.235873 0.322518 0.27302 0.254133
threshold=0.89400588103304024 -5.5396608859300605 2.8385466337203984 2.2576216459274296 1.1450779438018801 0.2442724207889182
decision_type=2 8 10 10 10 2
left_child=1 -1 4 -4 -3 -6
right_child=-2 2 3 -5 5 -7
leaf_value=0.0019937525710687154 0.0022466607471779481 2.4773874136723731e-05 0.0014116749121258732 -0.0011679708980188613 -0.00031963041866573115 -0.0017123801488048468
leaf_weight=38.565648016403429 35.126383467373671 1481.9707771514804 173.69161775475368 48.876930034719408 393.14952907781117 162.40180829167366
leaf_count=614 387 19995 1520 427 4817 753
internal_value=7.01207e-07 -4.32027e-05 -8.65904e-05 0.000819312 -0.000189065 -0.000749846
internal_weight=2333.78 2298.66 2260.09 222.569 2037.52 555.551
internal_count=28513 28126 27512 1947 25565 5570
is_linear=0
shrinkage=0.03


Tree=179
num_leaves=7
num_cat=0
split_feature=28 36 33 3 29 37
split_gain=0.265398 0.203082 0.178567 0.344571 0.354325 0.294099
threshold=4.1199619770050058 -0.39088664948595336 0.81754620869954431 -0.048089337773658695 -1.6997903585433958 -1.2401557315865321
decision_type=10 10 10 2 10 10
left_child=2 -2 3 -1 -5 -4
right_child=1 -3 5 4 -6 -7
leaf_value=-0.00037071975633926274 -0.00041015565752034334 0.0027733064412984428 0.0017996296935972619 0.0015830013643523999 -0.00049908413150966178 0.00010378932976582991
leaf_weight=1389.1428207978315 23.489942097570747 44.565305347554386 104.103039168549 172.0645823465311 117.02488988591358 483.30634031398222
leaf_count=18169 214 375 1549 1932 1215 5086
internal_value=4.27768e-05 0.00176273 -1.64061e-05 -0.000174074 0.000751656 0.000429426
internal_weight=2333.7 68.0552 2265.64 1678.23 289.089 587.409
internal_count=28540 589 27951 21316 3147 6635
is_linear=0
shrinkage=0.03


Tree=180
num_leaves=7
num_cat=0
split_feature=22 31 10 28 10 35
split_gain=0.308212 0.275382 0.317815 0.27204 0.235467 0.235004
threshold=-0.16454758628043273 0.33571881055831915 -0.069946489822721683 0.37049102783203131 -0.092025487914685317 -1.4838857754976267
decision_type=2 10 2 8 2 10
left_child=-1 2 4 -4 -2 -3
right_child=1 5 3 -5 -6 -7
leaf_value=-0.0011553918824325701 -0.00052056074665151719 0.0010334935043380667 -0.0014165173018597635 0.00016272862981465689 -0.0037266648669446027 9.4657838682587068e-05
leaf_weight=195.61406361209811 46.90473137400113 289.78721582595608 115.97092980681919 437.66235939913895 33.114186338381842 1215.1014076178253
leaf_count=2874 512 4546 1026 4277 333 14992
internal_value=-4.59262e-05 6.04627e-05 -0.0004597 -0.000187343 -0.00211394 0.000281073
internal_weight=2334.15 2138.54 633.652 553.633 80.0189 1504.89
internal_count=28560 25686 6148 5303 845 19538
is_linear=0
shrinkage=0.03


Tree=181
num_leaves=7
num_cat=0
split_feature=37 33 12 29 27 0
split_gain=0.25154 0.445709 0.315763 0.192448 0.267453 0.255347
threshold=-2.64727548992995 -0.85887560745080294 0.2337478372343407 -6.7751545906066886 2.7587355375289921 -0.13159549401273105
decision_type=8 10 2 8 10 2
left_child=1 -1 -3 -2 -5 -6
right_child=3 2 -4 4 5 -7
leaf_value=-0.00051267999434796219 0.00048531901464551755 0.00024807421956035686 0.0031233505151481225 -0.0001725331117355087 0.00079301593687379946 -0.0028681569847436093
leaf_weight=112.32398252504936 375.09791035429225 60.107103588932659 76.554260697215796 1646.9570258318854 18.557090243673883 52.851971773896366
leaf_count=2606 4767 1808 635 18095 221 547
internal_value=-1.34284e-05 0.000868845 0.00196187 -0.000121993 -0.000256602 -0.00193619
internal_weight=2342.45 248.985 136.661 2093.46 1718.37 71.4091
internal_count=28679 5049 2443 23630 18863 768
is_linear=0
shrinkage=0.03


Tree=182
num_leaves=7
num_cat=0
split_feature=22 14 13 6 29 10
split_gain=0.240182 0.219125 0.221632 0.178942 0.196116 0.168951
threshold=-0.15505850892022116 0.26876967110187672 2.1383330595080281 0.45295549498803406 -4.2608954906463614 0.068553446246471
decision_type=2 2 2 2 10 2
left_child=1 2 -1 -2 -5 -4
right_child=3 -3 5 4 -6 -7
leaf_value=0.0012839815786972503 1.5736762740102398e-05 -0.0028000536576193737 -0.0014892205958343498 0.0033879763859365492 0.00011111683271917283 0.00087942807012481527
leaf_weight=41.003843804297503 2041.4054456031881 36.639764472842216 116.1679374340747 20.117195102851838 37.747899079695344 27.334687106718775
leaf_count=545 24581 167 2044 216 352 448
internal_value=-3.45604e-05 -0.00095249 -0.000460503 6.61956e-05 0.0015817 -0.00101014
internal_weight=2320.42 221.146 184.506 2099.27 57.8651 143.503
internal_count=28353 3204 3037 25149 568 2492
is_linear=0
shrinkage=0.03


Tree=183
num_leaves=7
num_cat=0
split_feature=28 30 25 36 2 3
split_gain=0.320687 0.285457 0.286688 0.254122 0.200109 0.222867
threshold=1.028931260108948 1.1450779438018801 -0.20744333759194974 2.6120201726754506 -0.22525696356164476 -0.31493732643588251
decision_type=8 10 2 10 2 2
left_child=1 2 -1 4 -2 -6
right_child=3 -3 -4 -5 5 -7
leaf_value=0.00082023668098717313 -0.00066920620089784316 -0.0010642703828727779 -0.00030201874846810871 -0.0012515879095599347 -0.0013112383302573897 0.00084708032648159832
leaf_weight=264.92953567492077 94.219410023069941 290.2927396853338 793.9134663840523 63.471888564992696 36.775744386948645 796.62625432183268
leaf_count=4036 1467 3145 11187 540 472 7652
internal_value=5.24885e-05 -0.000247865 -1.6176e-05 0.00045974 0.000588936 0.000737422
internal_weight=2340.23 1349.14 1058.84 991.093 927.621 833.402
internal_count=28499 18368 15223 10131 9591 8124
is_linear=0
shrinkage=0.03


Tree=184
num_leaves=7
num_cat=0
split_feature=15 1 6 3 6 14
split_gain=0.213408 0.301643 0.349144 0.238599 0.231403 0.226518
threshold=1.5000000000000002 0.0068430368025080819 -0.072670446040779116 -0.052429155651936322 0.47458193080532401 0.17572819283462149
decision_type=2 2 2 2 2 2
left_child=4 2 -2 5 -1 -4
right_child=1 -3 3 -5 -6 -7
leaf_value=2.0139048649879215e-05 0.00035091451441169723 0.00059648409009749803 -0.0015344642815988991 -3.9706682904505477e-06 0.001908401777090279 -0.0048286739171928402
leaf_weight=2001.7692447484151 61.889814802038018 88.494702882133424 61.787340608774684 30.837541365122888 50.173450061935 31.774261794984341
leaf_count=24457 1012 892 1141 352 490 177
internal_value=-3.11134e-05 -0.000800797 -0.00146113 -0.00232168 7.53417e-05 -0.00301144
internal_weight=2326.73 274.784 186.289 124.399 2051.94 93.5616
internal_count=28521 3574 2682 1670 24947 1318
is_linear=0
shrinkage=0.03


Tree=185
num_leaves=7
num_cat=0
split_feature=31 28 35 37 9 12
split_gain=0.206348 0.286586 0.458432 0.281299 0.280059 0.267565
threshold=4.4362272322177896 1.5057864189147951 2.8331904493737969 1.4815223765781242 -0.04299696915812292 1.0111131108080695
decision_type=8 10 10 10 2 2
left_child=1 -1 3 -3 -2 -6
right_child=4 2 -4 -5 5 -7
leaf_value=-0.00053330585670424409 -0.00047555955526906171 0.0017306443874797028 -0.0020148973393729125 0.0001154389343352693 0.00099254350050060843 -0.00019212719470000533
leaf_weight=811.41641604463803 260.92892696031777 152.0803569999407 51.949493879452348 245.7200488676317 564.75372485694243 240.52182256057858
leaf_count=8388 4933 1622 424 1931 9751 1400
internal_value=6.01653e-05 -0.000198923 0.000402831 0.000760233 0.00036563 0.000640686
internal_weight=2327.37 1261.17 449.75 397.8 1066.2 805.276
internal_count=28449 12365 3977 3553 16084 11151
is_linear=0
shrinkage=0.03


Tree=186
num_leaves=7
num_cat=0
split_feature=28 11 14 28 22 27
split_gain=0.337435 0.272106 0.247425 0.283344 0.284949 0.304792
threshold=3.9447966814041142 0.12734043717877583 0.2277947556113353 0.93899044394493114 -0.016782788900833307 0.24431445449590686
decision_type=10 2 2 8 2 8
left_child=1 2 3 -1 5 -5
right_child=-2 -3 -4 4 -6 -7
leaf_value=-0.0003110122471356507 0.0017398678862702703 0.001512858641990395 -0.00072351297965651329 0.0011732582708712696 0.00087226708096131385 -0.0014117431553191027
leaf_weight=980.81620801257668 81.73652869509533 78.751449509465601 553.28831447660923 53.211580174625851 466.3900574229192 110.69075272092596
leaf_count=16033 708 836 2647 702 5992 1523
internal_value=-4.3902e-05 -0.000116333 -0.000182296 6.88575e-06 0.000498707 -0.000553304
internal_weight=2324.88 2243.15 2164.4 1611.11 630.292 163.902
internal_count=28441 27733 26897 24250 8217 2225
is_linear=0
shrinkage=0.03


Tree=187
num_leaves=7
num_cat=0
split_feature=0 25 27 29 28 35
split_gain=0.292665 0.342738 0.265185 0.26954 0.40372 0.267083
threshold=0.46586906684600954 -0.22657850729932286 2.51499354839325 1.4303988814353945 4.1199619770050058 3.1653049662709241
decision_type=2 2 10 8 10 10
left_child=1 -1 3 4 -3 -4
right_child=-2 2 5 -5 -6 -7
leaf_value=0.00066722499240620876 0.0022929474257173291 -0.0004490931275817644 -0.0022552437139451847 0.00049211992305849548 0.0024999741207332791 0.00077338665996339159
leaf_weight=508.19785699225031 40.645625293080229 1157.8256605859788 91.196857333125081 474.82321116985986 33.475601498503238 29.696572995046154
leaf_count=6543 427 14375 1076 5574 305 340
internal_value=3.71617e-05 -1.25592e-05 -0.000208516 -0.00010571 -0.000346104 -0.00150904
internal_weight=2335.86 2295.22 1787.02 1666.12 1191.3 120.893
internal_count=28640 28213 21670 20254 14680 1416
is_linear=0
shrinkage=0.03


Tree=188
num_leaves=7
num_cat=0
split_feature=14 27 11 20 15 28
split_gain=0.335487 0.486896 0.304391 0.402164 0.249935 0.349878
threshold=0.41385917847164688 2.170499989185811e-14 0.12734043717877583 -0.001310291497256366 1.5000000000000002 0.47916764020919805
decision_type=2 10 2 2 2 10
left_child=2 -2 4 -4 -1 -6
right_child=1 -3 3 -5 5 -7
leaf_value=0.00013363989856120381 -0.0034783558141966908 0.00030962139244490144 -0.0010372879862702944 0.0031357815657757112 -0.0017460717898159805 0.00042287307248136459
leaf_weight=1885.0504381246137 49.348179385066032 59.846339821815491 25.168557378900005 52.354066764004529 149.03114560971153 110.00531141727697
leaf_count=23759 203 247 300 553 2261 1189
internal_value=2.4018e-07 -0.00155048 8.30658e-05 0.00181723 1.22194e-05 -0.000843502
internal_weight=2330.8 109.195 2221.61 77.5226 2144.09 259.036
internal_count=28512 450 28062 853 27209 3450
is_linear=0
shrinkage=0.03


Tree=189
num_leaves=7
num_cat=0
split_feature=16 23 28 25 31 28
split_gain=0.2573 0.307357 0.302486 0.268978 0.326611 0.242328
threshold=1.0000000180025095e-35 -0.30827912751255176 0.31883437931537634 0.77179187551235173 3.6448485851287846 0.26366992294788366
decision_type=2 2 10 2 10 8
left_child=1 3 -2 4 -1 -5
right_child=2 -3 -4 5 -6 -7
leaf_value=-0.0022373470318736615 -0.0017647734377783935 0.00029819017420527129 0.00020999659318407423 -0.00086487972630816296 -9.5535337256787153e-05 0.0018189224076669305
leaf_weight=121.02994352171663 138.56925400340697 1705.8026378943323 128.08586856245529 48.819443444692297 127.23221742242458 54.27963540708879
leaf_count=1377 2136 19910 1363 904 2155 658
internal_value=1.63766e-05 0.000131297 -0.000842903 -0.00066477 -0.00118589 0.000583983
internal_weight=2323.82 2057.16 266.655 351.361 248.262 103.099
internal_count=28503 25004 3499 5094 3532 1562
is_linear=0
shrinkage=0.03


Tree=190
num_leaves=7
num_cat=0
split_feature=28 12 31 10 2 2
split_gain=0.256606 0.457062 0.278505 0.232679 0.263119 0.505512
threshold=3.4106053113937382 1.4953473712900205 0.92404848337173473 -0.066464310535185797 -0.12572700109751672 -0.070900737467739991
decision_type=10 2 10 2 2 2
left_child=2 -2 3 -1 -5 -6
right_child=1 -3 -4 4 5 -7
leaf_value=-0.0019036417358641825 7.3079368864983042e-05 0.0037385587829304543 0.00013239824544139837 -0.0010920945963486877 0.0012172770245836549 -0.00091978334703255251
leaf_weight=93.727003891719505 100.64824219769798 34.262276634573936 1465.7928022445121 251.43937007215573 187.43335191509686 191.24987152218819
leaf_count=1060 1034 159 20195 2687 1660 1812
internal_value=-2.51848e-05 0.00119773 -0.000105635 -0.000582886 -0.000359762 0.000142082
internal_weight=2324.55 134.911 2189.64 723.85 630.123 378.683
internal_count=28607 1193 27414 7219 6159 3472
is_linear=0
shrinkage=0.03


Tree=191
num_leaves=7
num_cat=0
split_feature=25 10 5 2 0 35
split_gain=0.225586 0.253571 0.253356 0.272242 0.218022 0.184078
threshold=-0.22167303679532283 -0.074168205575605203 -0.17143440956543396 -0.2868854246054367 0.05644494195434558 2.2809085794857573
decision_type=2 2 2 2 2 8
left_child=1 -1 4 -4 -2 -3
right_child=2 5 3 -5 -6 -7
leaf_value=-0.001050210804639168 -0.0023272029330845758 0.0011411419272125271 -0.0016565897038108843 3.3456661380602655e-05 0.00036938783998293498 -0.00027577393641904462
leaf_weight=67.633582842623582 73.698878586059436 344.96322549309116 80.525099325546762 1631.4359034321096 36.210055736009963 103.09227071673376
leaf_count=975 1170 4423 1798 18585 422 1218
internal_value=8.34188e-06 0.000556116 -0.000148897 -5.51964e-05 -0.00148208 0.000816223
internal_weight=2337.56 515.689 1821.87 1711.96 109.909 448.055
internal_count=28591 6616 21975 20383 1592 5641
is_linear=0
shrinkage=0.03


Tree=192
num_leaves=7
num_cat=0
split_feature=28 29 27 11 15 24
split_gain=0.333463 0.408095 0.432704 0.251399 0.22034 0.564921
threshold=2.3425008058547978 -3.7799888849258418 1.5393496155738833 0.027306582479702045 1.5000000000000002 2.5000000000000004
decision_type=10 10 10 2 2 2
left_child=4 -2 3 -3 -1 -6
right_child=1 2 -4 -5 5 -7
leaf_value=-1.1376122005812428e-05 0.0021132585683415715 -0.00013935527127653349 -0.0022006962914930873 0.0022235716340555708 -0.002200132902325349 0.00066835437608607127
leaf_weight=1757.9118821485317 132.17858541663736 100.14164416736457 48.462390624685213 56.848249492468312 132.43942323944066 102.61999206332257
leaf_count=22282 1238 888 437 469 1877 1336
internal_value=2.00237e-05 0.000877641 2.15133e-05 0.00079821 -0.000128922 -0.000971665
internal_weight=2330.6 337.631 205.452 156.99 1992.97 235.059
internal_count=28527 3032 1794 1357 25495 3213
is_linear=0
shrinkage=0.03


Tree=193
num_leaves=7
num_cat=0
split_feature=0 8 28 24 22 34
split_gain=0.215922 0.43458 0.271334 0.306592 0.335593 0.204834
threshold=0.0077839355500756722 0.23216899988254566 0.30202503502368933 3.5000000000000004 0.13078759026390899 -8.2519401709238682
decision_type=2 2 8 2 2 8
left_child=1 5 3 4 -2 -1
right_child=2 -3 -4 -5 -6 -7
leaf_value=0.0013222998949433591 -0.0013203252854573 0.0030054945436618157 0.0008412411548755842 0.00077906716673767481 0.0022813266355622844 -0.00035709901087874034
leaf_weight=58.894847282237606 195.5134641394834 27.209690572868567 502.31721685966477 150.9154239706404 17.093017554376274 1379.0522059403884
leaf_count=1582 2304 330 4473 1887 208 17742
internal_value=2.29448e-05 -0.000198688 0.000395974 -0.000225349 -0.000941287 -0.000279658
internal_weight=2331 1465.16 865.839 363.522 212.606 1437.95
internal_count=28526 19654 8872 4399 2512 19324
is_linear=0
shrinkage=0.03


Tree=194
num_leaves=7
num_cat=0
split_feature=0 27 2 24 33 7
split_gain=0.216082 0.275412 0.221255 0.298664 0.281114 0.399196
threshold=0.46586906684600954 2.51499354839325 -0.21779750745571114 3.5000000000000004 -2.4900540883342424 0.049232464158514143
decision_type=2 10 2 2 8 2
left_child=1 2 3 -1 5 -4
right_child=-2 -3 4 -5 -6 -7
leaf_value=-0.0014304868757049865 0.0019810096555676624 -0.0011449456991311151 0.0002024311676783515 0.00050022844487517253 0.00036079267544296482 -0.0024599007293662294
leaf_weight=167.74176057075965 41.725331881083548 159.30018856737297 132.35077121341601 114.53482318358147 1660.3779334725696 70.802993400982814
leaf_count=3261 443 1872 1814 2095 18468 717
internal_value=6.33801e-05 2.02617e-05 0.000111674 -0.00065678 0.000230959 -0.000797317
internal_weight=2346.83 2305.11 2145.81 282.277 1863.53 203.154
internal_count=28670 28227 26355 5356 20999 2531
is_linear=0
shrinkage=0.03


Tree=195
num_leaves=7
num_cat=0
split_feature=37 24 2 33 3 3
split_gain=0.2053 0.198574 0.205876 0.234744 0.254594 0.177336
threshold=7.8130348502761802 7.5000000000000009 -0.28192441706065169 0.8433781067530316 -0.090417809835228999 -0.24368037027907169
decision_type=10 2 2 10 2 2
left_child=1 2 3 4 -1 -3
right_child=-2 5 -4 -5 -6 -7
leaf_value=-0.0024782189729887394 -0.0018813745297826966 -0.0011615788241958458 5.3126632405647251e-05 0.00098172101785700674 0.0013232164303135434 0.0014376396581002651
leaf_weight=78.704138466127915 40.256119781639427 20.368937583232764 2015.3160421369685 27.795421466202242 12.682935652788727 137.01187395490706
leaf_count=2007 292 343 23361 532 268 1719
internal_value=1.55467e-05 5.6894e-05 -2.10357e-05 -0.00118212 -0.00187217 0.00105194
internal_weight=2332.14 2291.88 2134.5 119.182 91.3871 157.381
internal_count=28522 28230 26168 2807 2275 2062
is_linear=0
shrinkage=0.03


Tree=196
num_leaves=7
num_cat=0
split_feature=28 7 25 33 34 14
split_gain=0.211634 0.168744 0.210349 0.177876 0.367311 0.236664
threshold=3.9447966814041142 -0.10497029864169484 0.82747612791619707 0.8433781067530316 -2.1955182949701944 0.17147783099968825
decision_type=10 2 2 10 10 2
left_child=1 -1 3 5 -5 -3
right_child=-2 2 -4 4 -6 -7
leaf_value=-0.00098003119655928786 0.0014234868175285738 0.00010636226333003244 0.0015291087833738898 0.0017171293053007211 -6.1940517177574373e-05 -0.00064893102515607302
leaf_weight=157.02969204078545 79.694250274915248 884.03752000833629 69.042519675887888 134.4334578588896 374.89643050194718 633.41620315611362
leaf_count=3305 701 14714 923 1772 3764 3376
internal_value=-5.72955e-06 -6.2355e-05 1.07293e-05 -4.8248e-05 0.000431653 -0.000211097
internal_weight=2332.55 2252.86 2095.83 2026.78 509.33 1517.45
internal_count=28555 27854 24549 23626 5536 18090
is_linear=0
shrinkage=0.03


Tree=197
num_leaves=7
num_cat=0
split_feature=6 31 6 3 7 23
split_gain=0.271181 0.199936 0.404934 0.242835 0.184669 0.252631
threshold=0.33929199159742401 7.1176422238349923 -0.14155611239123753 -0.21412442350750885 0.027035014260925267 0.19540126644789638
decision_type=2 10 2 2 2 2
left_child=1 -1 -3 -4 -5 -6
right_child=-2 2 3 4 5 -7
leaf_value=-0.00021578679925206182 0.0011852510393829761 -0.0011591707250045232 -0.00055300956304895005 0.0020631243165525866 -0.00045727418639070406 0.0020874012989971604
leaf_weight=1731.6217022823694 156.73593024542788 95.421958668157458 70.234379586065188 144.51869309242466 88.36600772786187 45.454671952291392
leaf_count=19038 1616 2251 1515 2356 1198 553
internal_value=1.91259e-05 -6.99227e-05 0.000491183 0.000962694 0.00135107 0.000492112
internal_weight=2332.35 2175.62 443.996 348.574 278.339 133.821
internal_count=28527 26911 7873 5622 4107 1751
is_linear=0
shrinkage=0.03


Tree=198
num_leaves=7
num_cat=0
split_feature=22 5 28 35 29 33
split_gain=0.237104 0.218759 0.209522 0.323197 0.362146 0.313482
threshold=-0.15768213182079982 -0.17143440956543396 2.3097722530364995 0.45055138310178733 -3.5230693817138667 -2.0214019368092218
decision_type=2 2 10 10 8 8
left_child=-1 -2 5 4 -4 -3
right_child=1 2 3 -5 -6 -7
leaf_value=-0.00090432651910865027 -0.001046840417416957 -0.0008993043743800817 0.0036430674094023907 -6.5848016795532559e-05 0.00063794839066102875 0.00023559737377653437
leaf_weight=215.78554823636659 125.99759115785128 248.37943742843345 52.645903274242301 155.32412311359076 98.057737801922485 1430.3023660653562
leaf_count=3131 1860 3611 527 1324 860 17247
internal_value=1.99831e-05 0.000118297 0.000197142 0.000905845 0.00184911 6.33451e-05
internal_weight=2326.49 2110.71 1984.71 306.028 150.704 1678.68
internal_count=28560 25429 23569 2711 1387 20858
is_linear=0
shrinkage=0.03


Tree=199
num_leaves=7
num_cat=0
split_feature=17 24 28 28 4 26
split_gain=0.219436 0.414506 0.275272 0.244047 0.298632 0.271983
threshold=1.0000000180025095e-35 2.5000000000000004 1.5057864189147951 3.4106053113937382 -0.11065795068779095 2.2576216459274296
decision_type=2 2 10 8 2 8
left_child=3 2 -2 -1 5 -5
right_child=1 -3 -4 4 -6 -7
leaf_value=-1.2078413099577105e-05 -0.0024789123861014254 0.00049690392194973437 0.00042801936419735508 0.0015946619873289818 0.0018728829950844196 -0.0007920279959899916
leaf_weight=1766.1888266422029 111.25282174244057 123.15178266490693 35.17614670866169 55.514959421823733 138.52117781213019 114.90509009570815
leaf_count=21681 1641 1539 341 480 1496 1441
internal_value=2.00364e-05 -0.000769278 -0.00179787 0.000125774 0.000889533 3.07388e-05
internal_weight=2344.71 269.581 146.429 2075.13 308.941 170.42
internal_count=28619 3521 1982 25098 3417 1921
is_linear=0
shrinkage=0.03


Tree=200
num_leaves=7
num_cat=0
split_feature=0 2 35 31 27 25
split_gain=0.225748 0.296999 0.142929 0.207578 0.167209 0.218734
threshold=0.42313246652566022 -0.095902622223751774 4.9976966610799236 6.9464049339294442 2.4626518487930302 -0.16019240760521328
decision_type=2 2 10 10 10 2
left_child=2 -2 4 -4 -1 -6
right_child=1 -3 3 -5 5 -7
leaf_value=-5.2500433096121089e-05 -0.00068711555935767744 0.0032633956079930041 -0.00058187594102048043 0.0027397064679787432 0.00064710911835511812 -0.0017166681959843401
leaf_weight=2085.8579522981599 24.240745981398504 31.356935041432735 25.287977752275765 28.005568774358835 43.619803073117509 110.26468346972251
leaf_count=25664 270 315 210 373 523 1288
internal_value=-3.67851e-05 0.00169879 -8.606e-05 0.00132069 -0.000125254 -0.00104804
internal_weight=2348.63 55.5977 2293.04 53.2935 2239.74 153.884
internal_count=28643 585 28058 583 27475 1811
is_linear=0
shrinkage=0.03


Tree=201
num_leaves=7
num_cat=0
split_feature=3 30 29 33 25 28
split_gain=0.190305 0.425964 0.250104 0.246699 0.23648 0.258303
threshold=-0.052429155651936322 3.2013901472091679 -5.293468475341796 0.97577413171529781 -0.74981261703203972 0.37049102783203131
decision_type=2 10 10 10 2 10
left_child=4 2 3 -2 5 -1
right_child=1 -3 -4 -5 -6 -7
leaf_value=-0.00015771569090121973 0.0028868306170819853 -0.0014330508094310423 0.00046043902271056204 -0.000590407276362338 -0.00019906693775537991 0.0032242119664394773
leaf_weight=40.807343536318513 78.343697336909827 70.570405499776825 259.20199227280682 19.379314868710935 1837.4488905805047 28.823328107595444
leaf_count=660 956 588 2708 248 22956 330
internal_value=-1.88833e-06 0.000562697 0.000985593 0.00220647 -0.000130722 0.00147131
internal_weight=2334.57 427.495 356.925 97.723 1907.08 69.6307
internal_count=28446 4500 3912 1204 23946 990
is_linear=0
shrinkage=0.03


Tree=202
num_leaves=7
num_cat=0
split_feature=14 7 14 34 7 18
split_gain=0.215366 0.231894 0.204924 0.204677 0.203813 0.177575
threshold=0.41385917847164688 -0.10750770994707606 0.028209123971929886 -5.8015169302622462 0.045926261886154708 1.0000000180025095e-35
decision_type=2 2 2 8 2 2
left_child=1 3 -3 -1 -2 -4
right_child=4 2 5 -5 -6 -7
leaf_value=0.0014294024131340849 4.7523697482120859e-05 -0.0012844371340724953 0.00033609583355421574 -0.0014042037488871844 -0.0023796091547221274 -0.00067188359500130644
leaf_weight=18.944387379655382 61.113931715488434 71.524032662244281 1840.8739593401551 133.31218494541827 52.680426269769669 162.64632642641664
leaf_count=743 252 5146 18342 2515 217 1404
internal_value=4.07124e-05 0.00010794 0.000192495 -0.000985269 -0.00117756 0.000251337
internal_weight=2341.1 2227.3 2075.04 152.257 113.794 2003.52
internal_count=28619 28150 24892 3258 469 19746
is_linear=0
shrinkage=0.03


Tree=203
num_leaves=7
num_cat=0
split_feature=14 36 11 28 10 31
split_gain=0.213671 0.215333 0.214239 0.183897 0.247491 0.284418
threshold=0.37533345012189662 0.33133616556447987 0.12734043717877583 -3.0099426507949825 -0.0025459247788675097 6.7624967098236093
decision_type=2 10 2 8 2 10
left_child=2 -2 3 4 -1 -6
right_child=1 -3 -4 -5 5 -7
leaf_value=-0.0003212826185494167 -0.0020552827876860317 5.2220127121721615e-05 0.0014915497122446916 -0.00012123577683550823 -0.00075554113457295053 0.0030722994665753384
leaf_weight=68.791207442322047 83.603781178593636 80.827016055583954 75.059988766675815 1960.9054716211685 19.506040880922228 52.970839196292218
leaf_count=1527 347 337 817 24054 291 1199
internal_value=-6.54236e-05 -0.00107572 1.54464e-05 -4.40713e-05 0.000964235 0.0020754
internal_weight=2341.66 164.431 2177.23 2102.17 141.268 72.4769
internal_count=28572 684 27888 27071 3017 1490
is_linear=0
shrinkage=0.03


Tree=204
num_leaves=7
num_cat=0
split_feature=14 27 30 4 37 6
split_gain=0.248187 0.297376 0.257147 0.351956 0.208086 0.368067
threshold=0.41385917847164688 2.170499989185811e-14 -8.7700896263122541 -0.099630410757952884 -4.904702580519138 -0.020968312555197492
decision_type=2 10 10 2 8 2
left_child=2 -2 3 4 -1 -6
right_child=1 -3 -4 -5 5 -7
leaf_value=0.0021353158576835063 -0.0027674063138736554 0.0001708323569774953 -2.7196917555570632e-05 0.0018963476981934109 -0.0022664878678981112 0.00050590394282550228
leaf_weight=25.539218395482749 50.527737572789192 61.316846519708633 1868.2526439902431 150.33216231493861 52.40086384996539 131.03839352028444
leaf_count=761 208 253 22354 2313 940 1785
internal_value=4.40323e-05 -0.00127475 0.000115649 0.000839007 2.65256e-05 -0.000362279
internal_weight=2339.41 111.845 2227.56 359.311 208.978 183.439
internal_count=28614 461 28153 5799 3486 2725
is_linear=0
shrinkage=0.03


Tree=205
num_leaves=7
num_cat=0
split_feature=7 10 18 24 14 30
split_gain=0.185965 0.232477 0.195461 0.354753 0.185263 0.179762
threshold=-0.10497029864169484 -0.13167212107272711 1.0000000180025095e-35 1.0000000180025095e-35 0.15789183885710947 1.18939745426178
decision_type=2 2 2 2 2 8
left_child=5 4 -3 -4 -2 -1
right_child=1 2 3 -5 -6 -7
leaf_value=-0.00018788620718224985 0.00017822580707135263 0.00014639373118124422 -0.0032293080675312108 -0.0001082446635087755 0.0037316318209384297 -0.0022521479124178591
leaf_weight=111.20431687598466 26.756896205071826 1966.1749373017956 34.043239227379672 131.03802524914499 18.286829203367233 49.329230528499465
leaf_count=2614 521 23067 358 1138 104 755
internal_value=3.72928e-05 0.000111563 6.15544e-05 -0.000899558 0.00203669 -0.000917068
internal_weight=2336.83 2176.3 2131.26 165.081 45.0437 160.534
internal_count=28557 25188 24563 1496 625 3369
is_linear=0
shrinkage=0.03


Tree=206
num_leaves=7
num_cat=0
split_feature=2 24 13 30 28 11
split_gain=0.191842 0.205228 0.260882 0.183646 0.19717 0.250793
threshold=-0.1945278056739301 3.5000000000000004 2.1383330595080281 -10.879030227661131 0.12444179505109788 0.016530425826054362
decision_type=2 2 2 8 8 2
left_child=1 2 -1 -2 -5 -6
right_child=3 -3 -4 4 5 -7
leaf_value=0.00051410077375244447 0.0015226493127477811 0.00024981108734684613 -0.0016643421908604592 -0.00033412042909135233 -7.0704502196153023e-05 0.00081564064402620126
leaf_weight=61.318213230435504 71.245864909520606 157.13858461994096 182.03057946069748 689.9784577069513 680.9624673720682 485.19275605306029
leaf_count=851 1383 2751 3470 8603 6705 4779
internal_value=1.57847e-06 -0.000587562 -0.0011168 0.000126396 6.493e-05 0.000301869
internal_weight=2327.87 400.487 243.349 1927.38 1856.13 1166.16
internal_count=28542 7072 4321 21470 20087 11484
is_linear=0
shrinkage=0.03


Tree=207
num_leaves=7
num_cat=0
split_feature=2 6 36 28 13 2
split_gain=0.162696 0.172986 0.23893 0.231896 0.220548 0.21108
threshold=0.1555543735748954 0.14287935157847984 -0.20224505748712648 0.40760128200054174 2.249904835165133 -0.079914497354776029
decision_type=2 2 8 8 2 2
left_child=1 -1 -3 4 5 -4
right_child=-2 2 3 -5 -6 -7
leaf_value=-0.00020854324665129243 0.001964866336120424 -0.00036640550239617489 -0.0024653337022210926 0.0014332260071086523 0.00081144452433031455 0.00073113817989138845
leaf_weight=1677.884827962218 26.637257739435881 237.47267868259223 39.058913609362207 222.86176977329887 99.941373805864714 23.999852765817195
leaf_count=21820 309 2569 386 1932 1215 229
internal_value=-1.87429e-05 -5.01058e-05 0.000372933 0.000825709 -3.97495e-05 -0.00131522
internal_weight=2327.86 2301.22 623.335 385.862 163 63.0588
internal_count=28460 28151 6331 3762 1830 615
is_linear=0
shrinkage=0.03


Tree=208
num_leaves=7
num_cat=0
split_feature=28 30 36 36 11 36
split_gain=0.234458 0.361221 0.360412 0.288708 0.295642 0.273372
threshold=0.40760128200054174 -0.70943838357925404 2.6633495719084501 -0.39088664948595336 0.010964059987141938 1.5582094863702209
decision_type=8 10 10 10 2 10
left_child=1 5 3 4 -3 -1
right_child=-2 2 -4 -5 -6 -7
leaf_value=-0.00018621804800637975 0.00030815084207239579 0.001002463955116555 0.0019613356302537912 -0.0019685203564543657 -0.0017646041177946869 0.0012700094238022137
leaf_weight=586.99112639455416 1260.736771127762 74.481595237739384 24.178429720923305 212.07254417415243 49.110647056193557 134.07764886977384
leaf_count=9475 13200 866 255 2403 581 1775
internal_value=3.13193e-05 -0.000291432 -0.00105379 -0.00132143 -0.000146843 9.82253e-05
internal_weight=2341.65 1080.91 359.843 335.665 123.592 721.069
internal_count=28555 15355 4105 3850 1447 11250
is_linear=0
shrinkage=0.03


Tree=209
num_leaves=7
num_cat=0
split_feature=17 0 7 28 29 26
split_gain=0.210939 0.192272 0.185417 0.168682 0.194747 0.188446
threshold=1.5000000000000002 0.038817082100946788 0.066256001583410551 3.4106053113937382 -2.6309157609939571 0.49525988101959234
decision_type=2 2 2 10 10 10
left_child=3 -2 -3 -1 5 -5
right_child=1 2 -4 4 -6 -7
leaf_value=5.6810588607355666e-05 -0.0018105711047238491 0.0023050502947223502 -0.0011298380067017891 0.0036019172072382999 7.5518710917265111e-06 0.00036534359257713321
leaf_weight=2065.7510416554287 87.201406245061662 17.169893150101416 20.576142775127664 30.036800992675126 70.612874826416373 31.408543518744409
leaf_count=25451 1395 247 224 270 594 289
internal_value=5.57121e-05 -0.00109604 0.000588151 0.000125858 0.00112592 0.0022302
internal_weight=2322.76 124.947 37.746 2197.81 132.058 61.4453
internal_count=28470 1866 471 26604 1153 559
is_linear=0
shrinkage=0.03


Tree=210
num_leaves=7
num_cat=0
split_feature=23 14 30 10 28 36
split_gain=0.187097 0.1443 0.1687 0.305972 0.271927 0.31106
threshold=0.57784389018357951 0.028209123971929886 -4.4259374141693106 -0.087119536579966669 0.30202503502368933 3.1877876602220425
decision_type=2 2 10 2 10 10
left_child=1 -1 3 -3 5 -4
right_child=-2 2 4 -5 -6 -7
leaf_value=-0.0011690153282896598 0.0011670570144097345 -0.001598246377286225 -0.00075184934746131912 0.0006888931718293409 0.00020453742167932543 0.0022811589441318323
leaf_weight=81.580125222040806 120.26934175740462 48.754401853308082 587.81594203040004 538.27819576859474 929.30313539691269 22.500084467232227
leaf_count=6210 1323 600 6096 5865 8179 205
internal_value=6.22481e-05 -2.91426e-06 4.70802e-05 0.000475353 -0.000118227 -0.000605062
internal_weight=2328.5 2208.23 2126.65 587.033 1539.62 610.316
internal_count=28478 27155 20945 6465 14480 6301
is_linear=0
shrinkage=0.03


Tree=211
num_leaves=7
num_cat=0
split_feature=31 20 3 30 0 20
split_gain=0.197889 0.322118 0.225829 0.242779 0.212772 0.204563
threshold=4.4362272322177896 0.010088495554051948 -0.2184504760636512 -7.3696818351745597 0.095843387158670149 -0.065550823182734516
decision_type=10 2 2 10 2 2
left_child=-1 2 -2 -4 -3 -5
right_child=1 4 3 5 -6 -7
leaf_value=-0.0002092562852118492 -0.00098928586349074561 0.00071015824417499708 0.0018151311884325436 0.0011508561354721513 0.0027423953113733194 -0.00042693157636333902
leaf_weight=1471.5972683558939 153.39580396756355 214.5531138733495 69.697187765588751 90.253908715967555 53.899210499890614 271.94336996189668
leaf_count=15019 3113 3436 1337 1282 686 3557
internal_value=1.15383e-06 0.000362062 -3.69181e-05 0.000316067 0.00120202 -1.34141e-05
internal_weight=2325.34 853.743 585.29 431.894 268.452 362.197
internal_count=28430 13411 9289 6176 4122 4839
is_linear=0
shrinkage=0.03


Tree=212
num_leaves=7
num_cat=0
split_feature=20 24 9 25 35 35
split_gain=0.138168 0.202857 0.22844 0.192745 0.206045 0.192445
threshold=0.10132930415284148 1.5000000000000002 0.18950454912889131 -0.74981261703203972 2.0348196834551566 2.3456214335928496
decision_type=2 2 2 2 10 8
left_child=3 2 5 4 -1 -2
right_child=1 -3 -4 -5 -6 -7
leaf_value=0.0021669668707915181 -0.0016874474426167298 0.0011849293400240143 0.0020235969327050212 -0.0001799201836999552 -0.0011464934316340527 0.00092710769861871066
leaf_weight=52.082444994477555 75.066518272564281 176.22157698322553 19.492956752190366 1961.7060419370246 16.030852141644573 28.587400368996896
leaf_count=744 991 2188 242 23801 216 322
internal_value=-3.3128e-05 0.000557816 -0.000361171 -0.000122591 0.00134019 -0.000948235
internal_weight=2329.19 299.368 123.147 2029.82 68.1133 103.654
internal_count=28504 3743 1555 24761 960 1313
is_linear=0
shrinkage=0.03


Tree=213
num_leaves=7
num_cat=0
split_feature=24 23 28 30 36 26
split_gain=0.219655 0.202895 0.200474 0.288222 0.225889 0.223924
threshold=7.5000000000000009 -0.31970166604574041 1.6534560322761538 -4.5000259876251212 2.5563570544531697 2.2576216459274296
decision_type=2 2 10 8 10 10
left_child=2 -2 3 -1 -5 -4
right_child=1 -3 5 4 -6 -7
leaf_value=0.00047170352717660686 -0.00067385065855689308 0.0016108853323867089 0.00074991755541105732 -0.00056466445856487855 0.0010131777911089356 -0.00076251387381654574
leaf_weight=377.09641325782286 41.372507817519363 120.64903999707894 398.38454792817356 1213.611939761875 78.476310587720945 103.62461061263457
leaf_count=6500 642 1462 3699 14494 829 944
internal_value=-9.91611e-06 0.00102222 -9.12706e-05 -0.000249343 -0.000461787 0.000428927
internal_weight=2333.22 162.022 2171.19 1669.18 1292.09 502.009
internal_count=28570 2104 26466 21823 15323 4643
is_linear=0
shrinkage=0.03


Tree=214
num_leaves=7
num_cat=0
split_feature=8 33 33 12 23 30
split_gain=0.170174 0.196731 0.171665 0.348102 0.253707 0.240982
threshold=0.19344850867118132 -0.43349535576999182 -1.9591204623381293 0.57908952090285604 -0.30827912751255176 -1.4467695355415342
decision_type=2 10 10 2 2 10
left_child=2 -2 3 -1 -4 -5
right_child=1 -3 4 5 -6 -7
leaf_value=0.00036092026483957701 0.0021381207166542844 -0.00021982010999245779 -0.00066883563608908527 -0.0018030990695569716 0.00027008567799718041 -0.00014005548939235337
leaf_weight=233.44118059278117 59.768339366361033 55.467837591451826 309.79394901322667 188.0656242929399 1355.3565024011186 132.80580236017704
leaf_count=5346 689 560 4374 1303 15423 845
internal_value=1.64545e-07 0.00107622 -6.02819e-05 -0.000512606 9.24536e-05 -0.00113982
internal_weight=2334.7 115.236 2219.46 554.313 1665.15 320.871
internal_count=28540 1249 27291 7494 19797 2148
is_linear=0
shrinkage=0.03


Tree=215
num_leaves=7
num_cat=0
split_feature=25 26 17 0 37 6
split_gain=0.168636 0.235636 0.158595 0.238253 0.177752 0.305352
threshold=-0.74981261703203972 0.21048985421657565 1.5000000000000002 0.024559603443262749 2.152637738155935 0.34732969617399051
decision_type=2 8 2 2 10 2
left_child=1 -1 4 -4 5 -2
right_child=2 -3 3 -5 -6 -7
leaf_value=0.0025348963959324401 4.7431364576190011e-05 -0.00049796235212304721 -0.0019866573614187146 0.00068958651721391043 -0.00040285371394220923 0.0018441032222576061
leaf_weight=42.286624822358135 1312.0474744475214 36.276244452456012 79.42286319390405 38.802200671954779 760.07231309381314 81.089043236745056
leaf_count=649 17887 482 1292 481 6800 959
internal_value=-4.83239e-05 0.00123638 -9.7983e-05 -0.00112302 -3.67705e-05 0.000164406
internal_weight=2350 78.5629 2271.43 118.225 2153.21 1393.14
internal_count=28550 1131 27419 1773 25646 18846
is_linear=0
shrinkage=0.03


Tree=216
num_leaves=7
num_cat=0
split_feature=14 30 7 24 22 11
split_gain=0.168693 0.282529 0.224764 0.292573 0.31445 0.280208
threshold=0.2442724207889182 5.3939504623413095 0.098574123627725094 4.5000000000000009 0.077613978884859616 0.0036128344415091128
decision_type=2 8 2 2 2 2
left_child=-1 2 3 4 5 -2
right_child=1 -3 -4 -5 -6 -7
leaf_value=0.00015836939952010539 0.001872729476793511 -0.0020339569265889574 -0.0014185300209550744 -0.0014469803302068092 -0.0014790743728011809 -8.8164346782575967e-05
leaf_weight=1810.0436457677279 139.28572790324688 74.936352893710136 88.781473740935326 69.017106622457504 45.792889311909676 115.44259507954121
leaf_count=26144 658 342 395 328 212 538
internal_value=1.99771e-05 -0.000444039 -0.000146204 0.000188793 0.000598962 0.00101429
internal_weight=2343.3 533.256 458.32 369.538 300.521 254.728
internal_count=28617 2473 2131 1736 1408 1196
is_linear=0
shrinkage=0.03


Tree=217
num_leaves=7
num_cat=0
split_feature=8 2 31 37 26 28
split_gain=0.191787 0.249434 0.316056 0.245794 0.270049 0.247208
threshold=0.20005708872711428 -0.021640979111938085 0.070073723793029799 -2.7032146741877545 -1.1123366951942442 0.38737246394157415
decision_type=2 2 10 8 10 8
left_child=1 3 -3 4 -1 -5
right_child=-2 2 -4 5 -6 -7
leaf_value=-0.00022104607112034718 0.0012401970421587417 -0.002303993759641704 -0.00019547512391667978 -0.00043906323758228529 0.0019299029401184773 0.00028478075616430104
leaf_weight=85.837478911067592 102.51041100925067 81.050713808275759 222.46851083636284 725.02065372435027 118.19015882635722 995.6158945299394
leaf_count=1949 1094 813 2927 9381 2167 10208
internal_value=3.16926e-05 -2.91989e-05 -0.000814056 9.81408e-05 0.00105692 -2.09983e-05
internal_weight=2330.69 2228.18 303.519 1924.66 204.028 1720.64
internal_count=28539 27445 3740 23705 4116 19589
is_linear=0
shrinkage=0.03


Tree=218
num_leaves=7
num_cat=0
split_feature=14 27 6 27 37 15
split_gain=0.305788 0.223133 0.211496 0.276571 0.274303 0.285646
threshold=0.39316636867906257 2.170499989185811e-14 0.25800267363092039 0.23654033988714221 2.2260814244548484 1.5000000000000002
decision_type=2 10 2 8 10 2
left_child=2 -2 3 -1 5 -4
right_child=1 -3 4 -5 -6 -7
leaf_value=0.00040055788032023019 -0.0024777576458307024 -0.00011543076014867862 0.0020611272609337506 -0.00031921667742002664 -0.00031281382951005461 -0.0013747372607541878
leaf_weight=855.04388377192663 63.077574282884598 72.922942638397217 144.78270031980355 1070.6895070274768 102.45653705892619 18.232910846709274
leaf_count=11794 261 302 1734 13397 832 232
internal_value=2.39267e-05 -0.00130575 0.000112012 7.88348e-07 0.000889513 0.00161959
internal_weight=2327.21 136.001 2191.21 1925.73 265.472 163.016
internal_count=28552 563 27989 25191 2798 1966
is_linear=0
shrinkage=0.03


Tree=219
num_leaves=7
num_cat=0
split_feature=35 28 33 30 14 28
split_gain=0.228897 0.187285 0.297728 0.286394 0.399701 0.316722
threshold=-5.8023672352234517 2.672078132629395 1.7673004468282068 -0.93725132942199696 0.2277947556113353 0.82394891977310192
decision_type=8 10 10 8 2 8
left_child=-1 3 -3 -2 5 -5
right_child=1 2 -4 4 -6 -7
leaf_value=0.0021128287126869118 0.00019679653868336143 0.0010810374261946744 -0.0015236988361209652 -0.0008077040797508122 -0.00138601447615809 0.0003747581483530642
leaf_weight=32.728259819850791 903.6568425471196 217.6169819093775 38.6554544812534 356.98083387067891 325.95351226627827 449.49666398653062
leaf_count=511 13261 1915 332 4930 1558 5915
internal_value=-6.33124e-05 -0.000103423 0.000645678 -0.000200404 -0.00051631 -0.000152131
internal_weight=2325.09 2292.36 256.272 2036.09 1132.43 806.477
internal_count=28422 27911 2247 25664 12403 10845
is_linear=0
shrinkage=0.03


Tree=220
num_leaves=7
num_cat=0
split_feature=30 2 31 31 11 30
split_gain=0.216069 0.190727 0.185339 0.205807 0.295504 0.166199
threshold=-4.5000259876251212 -0.33133093054597912 -3.0940451323986049 -1.5772320250980554 0.021098486696286188 0.87652042508125316
decision_type=8 2 8 8 2 10
left_child=1 -1 5 4 -4 -2
right_child=2 -3 3 -5 -6 -7
leaf_value=-0.0017035586008367415 -0.00024641768508520213 0.00072496281223658355 -0.0026159050229228272 -0.00014272363554115332 0.00046734789466065525 0.0023096542189982301
leaf_weight=21.845037031307584 38.626940919086337 418.68833363286103 62.783829580293968 1705.0897680496855 41.154428016860038 40.595316440332681
leaf_count=782 308 6623 506 19596 320 301
internal_value=-2.13206e-05 0.000569399 -0.00016141 -0.000226095 -0.00146122 0.00117544
internal_weight=2328.78 440.533 1888.25 1809.03 103.938 79.2223
internal_count=28436 7405 21031 20422 826 609
is_linear=0
shrinkage=0.03


Tree=221
num_leaves=7
num_cat=0
split_feature=37 36 22 29 31 22
split_gain=0.239245 0.175296 0.17032 0.197758 0.204023 0.226558
threshold=-6.0137545348643657 -1.4891513720075917 -0.16251717978601601 -5.9903004169464102 2.5233491659164433 0.0098045582349376038
decision_type=8 10 2 8 10 2
left_child=1 -1 -2 4 -4 -6
right_child=2 -3 3 -5 5 -7
leaf_value=-0.00027617260056206886 -0.00084210060529386422 0.0027304147228844437 0.0028873544806630241 -8.2429835495880467e-05 -7.7148628364860159e-05 0.0014001086568259931
leaf_weight=24.15981567685958 193.24762336548883 40.183964166644728 23.811008047312498 1637.0795197574189 266.72619647040847 133.01721381445532
leaf_count=684 2721 940 199 18602 3505 1769
internal_value=4.17402e-05 0.0017162 -1.3432e-05 6.79726e-05 0.000637786 0.000436592
internal_weight=2318.23 64.3438 2253.88 2060.63 423.554 399.743
internal_count=28420 1624 26796 24075 5473 5274
is_linear=0
shrinkage=0.03


Tree=222
num_leaves=7
num_cat=0
split_feature=23 8 29 20 36 2
split_gain=0.169584 0.1501 0.282507 0.153414 0.281011 0.190473
threshold=0.54077549956998283 0.23216899988254566 -4.9847633838653556 -0.1222766029174748 1.3149319320716442 -0.14988175822336161
decision_type=2 2 10 2 10 2
left_child=1 3 -3 4 5 -1
right_child=-2 2 -4 -5 -6 -7
leaf_value=-0.0023346769081585678 0.00092094582077123293 0.0035679816360937614 -0.00045857263506765534 -6.0342089039882014e-05 0.000957006009198002 -0.00057990378233576051
leaf_weight=79.937025192601141 138.49624494492309 17.954432782891672 31.264616701577324 1825.6114994275267 60.217321213771356 172.14321830603876
leaf_count=1479 1509 218 334 22018 747 2200
internal_value=-6.06222e-05 -0.000126687 0.00136473 -0.000167216 -0.00077072 -0.00120421
internal_weight=2325.62 2187.13 49.219 2137.91 312.298 252.08
internal_count=28505 26996 552 26444 4426 3679
is_linear=0
shrinkage=0.03


Tree=223
num_leaves=7
num_cat=0
split_feature=24 8 28 30 36 21
split_gain=0.189055 0.231688 0.177307 0.355305 0.261952 0.249014
threshold=7.5000000000000009 -0.18571629199116876 0.30202503502368933 0.28222244977951055 1.2981803357877115 1.0000000180025095e-35
decision_type=2 2 10 10 10 2
left_child=1 -1 3 4 5 -3
right_child=-2 2 -4 -5 -6 -7
leaf_value=-0.0018491600027811098 0.00087854866834226298 0.00040407150672588596 0.00019095468265732687 -0.0014398620312416678 0.00095866064717506252 -0.00072818468898486102
leaf_weight=60.645776582154213 160.56546481902478 260.83013548955205 985.94700797385303 210.15625619393541 163.05436357844155 490.02043043088634
leaf_count=1616 2087 3459 9574 2381 2094 7295
internal_value=-8.38756e-05 -0.000158769 -0.000101691 -0.0003578 -9.60836e-05 -0.000334721
internal_weight=2331.22 2170.65 2110.01 1124.06 913.905 750.851
internal_count=28506 26419 24803 15229 12848 10754
is_linear=0
shrinkage=0.03


Tree=224
num_leaves=7
num_cat=0
split_feature=23 10 31 28 35 4
split_gain=0.238151 0.201345 0.246123 0.191568 0.233421 0.225923
threshold=0.70902891549459535 -0.072786483350620185 -1.5772320250980554 3.8115005493164067 -5.1118040405439595 -0.098142807770362897
decision_type=2 2 10 8 10 2
left_child=1 2 -1 4 -3 -5
right_child=-2 3 -4 5 -6 -7
leaf_value=-0.0025567306124148494 0.0015931728066716226 0.0018495766352749628 -0.00035620633481459827 -1.9958162730547283e-05 -0.00014352565082742207 0.0017086487142283994
leaf_weight=48.345640053157695 69.955134652904235 44.613819534657523 233.07296289940132 148.00765465328004 1676.1730591825326 115.59836150379851
leaf_count=588 789 692 3388 1680 20099 1303
internal_value=-1.61664e-05 -7.26356e-05 -0.000809002 3.53257e-05 -8.14639e-05 0.000772826
internal_weight=2335.77 2265.81 281.419 1984.39 1720.79 263.606
internal_count=28539 27750 3976 23774 20791 2983
is_linear=0
shrinkage=0.03


Tree=225
num_leaves=7
num_cat=0
split_feature=10 31 34 0 35 9
split_gain=0.191354 0.522132 0.175245 0.201449 0.215563 0.196368
threshold=-0.071381563725995315 -2.1357371658086772 -7.9504116376241045 -0.082261962750607251 -3.9946261004855228 0.0076756756548962421
decision_type=2 10 8 2 8 2
left_child=1 -1 -2 4 -4 -6
right_child=2 -3 3 -5 5 -7
leaf_value=-0.0032776729854707247 0.0013435878572636245 -7.7932038098849391e-05 0.0018456157903726106 0.00026015992883829815 -0.0011372115676590347 2.5396865280522203e-05
leaf_weight=46.267122629971709 92.930293996192631 251.8842989220866 26.020824720384553 1419.728191976872 255.14293324871687 257.11696762498468
leaf_count=560 2035 3637 381 15133 3847 3078
internal_value=3.27077e-05 -0.00066472 0.000136828 7.30174e-05 -0.000416318 -0.000564354
internal_weight=2349.09 298.151 2050.94 1958.01 538.281 512.26
internal_count=28671 4197 24474 22439 7306 6925
is_linear=0
shrinkage=0.03


Tree=226
num_leaves=7
num_cat=0
split_feature=14 35 35 11 2 2
split_gain=0.161702 0.215609 0.232873 0.193435 0.183029 0.283491
threshold=0.35654786167880476 0.94995360914617788 -0.8634431137071622 0.11376216354355202 -0.034696892541522736 0.045092583946012975
decision_type=2 8 10 2 2 2
left_child=3 2 -2 4 -1 -6
right_child=1 -3 -4 -5 5 -7
leaf_value=0.00017360177066335679 -0.0011977985009632023 -0.0017931573915823333 0.0014095771659391318 0.0013020794647830116 -0.0011127255500497991 0.00056656997433121407
leaf_weight=1654.3409281369823 50.007832407951355 88.110886052250862 53.539041802287102 104.77501780519378 254.47733662818791 129.90739724313607
leaf_count=21656 208 369 225 1193 3395 1531
internal_value=2.77649e-05 -0.000784708 0.000155758 0.000103717 3.60757e-05 -0.000545212
internal_weight=2335.16 191.658 103.547 2143.5 2038.73 384.385
internal_count=28577 802 433 27775 26582 4926
is_linear=0
shrinkage=0.03


Tree=227
num_leaves=7
num_cat=0
split_feature=28 8 29 20 10 33
split_gain=0.169946 0.175216 0.291933 0.177386 0.207181 0.301136
threshold=4.1199619770050058 0.23216899988254566 -5.1067402362823477 0.14179057218119986 -0.066464310535185797 3.2878638505935673
decision_type=10 2 10 2 2 8
left_child=1 3 -3 4 5 -1
right_child=-2 2 -4 -5 -6 -7
leaf_value=-0.0005139888370170563 0.0013232217667691901 0.0037174979431057308 -0.00020881291771418652 0.00073159783543433647 -7.5704899376658982e-05 -0.003246047355310284
leaf_weight=250.85185495307087 71.434240950737149 18.903611078101676 39.129241890681442 191.86115162697388 1729.8679101903253 33.724375769961625
leaf_count=3537 618 246 417 2460 20778 492
internal_value=-2.34873e-05 -7.16039e-05 0.00142858 -0.000117331 -0.0002014 -0.000936961
internal_weight=2335.77 2264.34 58.0329 2206.31 2014.44 284.576
internal_count=28548 27930 663 27267 24807 4029
is_linear=0
shrinkage=0.03


Tree=228
num_leaves=7
num_cat=0
split_feature=37 33 35 6 25 30
split_gain=0.220021 0.270544 0.254832 0.194132 0.183606 0.183553
threshold=-2.64727548992995 -1.501337240139643 -3.9946261004855228 0.12170539104603485 0.89907671907406439 -8.7700896263122541
decision_type=8 10 8 2 2 10
left_child=1 -1 3 -2 -4 -3
right_child=2 5 4 -5 -6 -7
leaf_value=-0.00054369678052222604 0.0021381496493876671 0.0027824912465655013 -0.00023949602205239489 -0.00059837748472889611 0.0012531272350851739 0.00068290838614737674
leaf_weight=82.73777422690182 66.054392797406763 54.227824960049475 1930.270528763911 28.385313321370631 67.280213581951102 112.98850362279336
leaf_count=1961 848 1122 21544 294 938 1913
internal_value=-6.76732e-06 0.000816613 -0.000108563 0.0013371 -0.000183231 0.00148239
internal_weight=2341.94 249.954 2091.99 94.4397 1997.55 167.216
internal_count=28620 4996 23624 1142 22482 3035
is_linear=0
shrinkage=0.03


Tree=229
num_leaves=7
num_cat=0
split_feature=8 24 8 2 33 22
split_gain=0.159241 0.22069 0.138976 0.155609 0.162067 0.239674
threshold=-0.070255288082504405 6.5000000000000009 0.30369138395519463 0.13417465879621224 -2.2345386780798431 0.0012964097432865975
decision_type=2 2 2 2 8 2
left_child=1 -1 3 4 5 -2
right_child=2 -3 -4 -5 -6 -7
leaf_value=-0.00085736697339227328 7.5823621790099927e-05 0.0012353961787454197 0.0021942478368182261 -0.0020419989940121787 0.00022049627946390415 -0.0018278067220468288
leaf_weight=310.23338279229938 170.6123454375047 43.820594358956441 18.425569419050589 20.63307870409335 1679.5754179222276 80.807858466578182
leaf_count=5422 2168 868 217 238 18576 975
internal_value=5.14664e-06 -0.00057153 0.000111149 8.03964e-05 0.000113478 -0.000582528
internal_weight=2324.11 354.054 1970.05 1951.63 1931 251.42
internal_count=28464 6290 22174 21957 21719 3143
is_linear=0
shrinkage=0.03


Tree=230
num_leaves=7
num_cat=0
split_feature=35 28 31 2 30 34
split_gain=0.219619 0.172119 0.199868 0.180046 0.171554 0.231651
threshold=-5.8023672352234517 0.44573460519313818 1.0388142168521883 -0.35175442522539813 0.23052542656660083 0.52651745577653253
decision_type=8 8 10 2 10 10
left_child=-1 2 -2 -3 5 -4
right_child=1 3 4 -5 -6 -7
leaf_value=0.0021875854034310305 -0.0011399746833807823 -0.0017660986144781262 -3.5955492497932353e-05 0.00030234137016358264 -0.00081210032212736434 0.0017745928300297897
leaf_weight=32.002012631564867 187.77261645754334 29.234253439062741 617.1690341054491 1204.9797451817431 210.31882073183078 60.861233674688265
leaf_count=509 1761 613 10296 12187 2564 708
internal_value=3.77297e-05 -1.34895e-06 -0.000277296 0.000239546 -8.42894e-05 0.000149993
internal_weight=2342.34 2310.34 1076.12 1234.21 888.349 678.03
internal_count=28638 28129 15329 12800 13568 11004
is_linear=0
shrinkage=0.03


Tree=231
num_leaves=7
num_cat=0
split_feature=31 6 9 20 10 6
split_gain=0.177829 0.395553 0.281482 0.197036 0.183357 0.172938
threshold=7.1176422238349923 -0.14155611239123753 -0.043883386583417817 -0.12848738948770219 0.0090401284876030896 0.22215489207627617
decision_type=10 2 2 2 2 2
left_child=-1 -2 3 -3 -4 -5
right_child=1 2 4 5 -6 -7
leaf_value=-0.0001785030816367267 -0.0011816643963681048 -0.0020437981289323478 0.00057203794167674045 0.001306212982302037 0.0021121737364353447 -0.001854400478911608
leaf_weight=1856.251691229787 95.436395751443342 33.548345544142649 151.92214243757189 49.673680620326195 136.74923390470212 11.546583514136726
leaf_count=20173 2276 697 2299 971 1960 202
internal_value=-4.52641e-05 0.000464292 0.000893585 -0.000486916 0.00134792 0.000533423
internal_weight=2335.13 478.876 383.44 94.7686 288.671 61.2203
internal_count=28578 8405 6129 1870 4259 1173
is_linear=0
shrinkage=0.03


Tree=232
num_leaves=7
num_cat=0
split_feature=29 31 27 11 4 36
split_gain=0.218841 0.338422 0.265003 0.263701 0.247036 0.243652
threshold=-4.6581373214721671 2.6074642166495328 2.51499354839325 0.0479931246395452 -0.20708680384658804 1.361147447375374
decision_type=8 10 10 2 2 10
left_child=1 -1 4 -4 5 -2
right_child=2 -3 3 -5 -6 -7
leaf_value=0.0021848695312210124 -0.0018289190441353235 0.00012598667572365682 -0.0027206953481024487 0.00096914445927920659 -4.6207482080371567e-05 0.00096925319386995058
leaf_weight=72.465988469775766 124.28954993616208 570.08763350566733 59.771777327172458 17.517003365559503 1461.5455668012728 28.585204639995936
leaf_count=614 1823 8029 691 182 16970 330
internal_value=-7.93859e-05 0.000388107 -0.000258189 -0.0018692 -0.000170031 -0.00127832
internal_weight=2334.26 642.554 1691.71 77.2888 1614.42 152.875
internal_count=28639 8643 19996 873 19123 2153
is_linear=0
shrinkage=0.03


Tree=233
num_leaves=7
num_cat=0
split_feature=34 28 10 10 5 7
split_gain=0.150984 0.1587 0.127525 0.175675 0.127105 0.289388
threshold=-7.9504116376241045 4.2957904338836679 0.017391737881815358 0.077117866783059472 1.0000000180025095e-35 0.081556182558951265
decision_type=8 10 2 2 2 2
left_child=2 4 -1 -4 -2 -6
right_child=1 -3 3 -5 5 -7
leaf_value=0.00012653258143557455 -0.00014976802537056868 0.0014704483713878084 0.0033035441838789484 -0.0001578737763436551 0.00083098724879060416 -0.00085305005493660404
leaf_weight=59.363803577580256 1706.2101753196039 55.356545543065295 28.271251537807984 18.803990800646716 348.7331820250256 114.46677620790433
leaf_count=1461 20873 481 609 374 3809 979
internal_value=6.90484e-05 1.38701e-05 0.00112213 0.00213549 -2.98737e-05 0.000405592
internal_weight=2331.21 2224.77 106.439 47.0752 2169.41 463.2
internal_count=28586 26142 2444 983 25661 4788
is_linear=0
shrinkage=0.03


Tree=234
num_leaves=7
num_cat=0
split_feature=37 35 2 33 34 12
split_gain=0.188661 0.199873 0.189817 0.192569 0.164501 0.245019
threshold=-2.64727548992995 -3.9946261004855228 0.05836304767336703 -1.9591204623381293 -3.6838127970695491 0.36793613470844871
decision_type=8 8 2 10 8 2
left_child=2 -2 3 -1 5 -3
right_child=1 4 -4 -5 -6 -7
leaf_value=-0.00043141690491131076 0.0011845750739621667 0.00043660762375699889 -0.0019482853502370144 0.0014599260932643791 -6.6589170555637724e-05 -0.0016832651764163505
leaf_weight=60.271606720692944 94.745150076807477 70.244808745657792 12.447719649033386 176.37689573172247 1793.0913568242977 129.9729394428432
leaf_count=1531 1158 1990 253 3259 19447 987
internal_value=6.31245e-07 -9.36887e-05 0.000764371 0.000980262 -0.000160056 -0.000954135
internal_weight=2337.15 2088.05 249.096 236.649 1993.31 200.218
internal_count=28625 23582 5043 4790 22424 2977
is_linear=0
shrinkage=0.03


Tree=235
num_leaves=7
num_cat=0
split_feature=14 5 2 2 7 30
split_gain=0.203601 0.200708 0.306513 0.268283 0.264192 0.236351
threshold=0.35654786167880476 1.0000000180025095e-35 -0.030785707475686205 -0.17267390338435781 0.066256001583410551 -2.4803968667984004
decision_type=2 2 2 2 2 10
left_child=1 -1 3 -3 -5 -4
right_child=-2 2 5 4 -6 -7
leaf_value=-6.4122819389963372e-05 -0.00091966180679859907 -0.00058152339937628716 0.0010194457148408973 0.0021045218857087843 2.4945416193068171e-05 -0.0015287281458215458
leaf_weight=1691.3784253745398 187.74505330622196 62.41727177350549 43.570515292871278 186.83274723991053 76.626952931983396 77.912356627639383
leaf_count=22633 785 908 608 2096 678 758
internal_value=1.5193e-06 8.62871e-05 0.000643925 0.00111436 0.00152271 -0.000606785
internal_weight=2326.48 2138.74 447.36 325.877 263.46 121.483
internal_count=28466 27681 5048 3682 2774 1366
is_linear=0
shrinkage=0.03


Tree=236
num_leaves=7
num_cat=0
split_feature=0 27 12 36 25 37
split_gain=0.167396 0.160541 0.17701 0.159572 0.352173 0.234833
threshold=0.46586906684600954 2.4626518487930302 0.87782372410951004 0.45996708604285402 0.2854011975710809 -0.46310566469199083
decision_type=2 10 2 8 2 8
left_child=1 3 -3 4 -1 -5
right_child=-2 2 -4 5 -6 -7
leaf_value=0.000101696492449417 0.0017711887324685773 -0.0016786515669518715 0.0002417457962724092 0.0012553006252994242 -0.0012309497556161645 0.00012446281401498266
leaf_weight=893.37395161048335 39.872696862672456 90.767195099382661 71.706089813262224 198.12187211730634 212.64207248625462 816.36426799889887
leaf_count=11311 421 1505 431 2997 3028 8800
internal_value=5.18032e-05 1.41803e-05 -0.000866226 8.53864e-05 -0.000163251 0.000355405
internal_weight=2322.85 2282.98 162.473 2120.5 1106.02 1014.49
internal_count=28493 28072 1936 26136 14339 11797
is_linear=0
shrinkage=0.03


Tree=237
num_leaves=7
num_cat=0
split_feature=0 2 23 14 24 4
split_gain=0.205563 0.295057 0.172598 0.213701 0.2028 0.293902
threshold=0.40629810526123383 -0.12572700109751672 -0.3021662770987818 0.37533345012189662 2.5000000000000004 -0.17231842549441675
decision_type=2 2 2 2 2 2
left_child=2 -2 3 -1 5 -4
right_child=1 -3 4 -5 -6 -7
leaf_value=-0.00038560101435450262 -0.0011377000632810841 0.0027208619616042803 -0.001197542240490382 -0.0030190827884160935 0.00047397434033461346 6.0223308481159158e-05
leaf_weight=371.617735361011 19.549237650993746 45.537396887084469 192.7364324759983 20.485500827431679 737.80606151607935 949.27840684510011
leaf_count=5613 230 442 2688 86 8149 11365
internal_value=2.03354e-05 0.00156474 -3.05725e-05 -0.000594848 8.96521e-05 -0.000160601
internal_weight=2337.01 65.0866 2271.92 392.103 1879.82 1142.01
internal_count=28573 672 27901 5699 22202 14053
is_linear=0
shrinkage=0.03


Tree=238
num_leaves=7
num_cat=0
split_feature=23 22 25 28 34 15
split_gain=0.151893 0.182788 0.232526 0.183042 0.172374 0.161544
threshold=-0.29108432140184476 0.0034525250034794651 0.67346529616749129 1.4798393249511721 -3.0860634346803026 1.5000000000000002
decision_type=2 2 2 10 10 2
left_child=1 2 -1 4 -4 -2
right_child=5 -3 3 -5 -6 -7
leaf_value=-0.0015722658133722834 0.00020059570704137746 0.00037343924956075833 0.0010227028523353227 0.0019422313375879947 -0.0015987276019385497 -0.0006358126725235383
leaf_weight=179.32605953491293 1699.8772011351539 132.21736952662468 28.897182215267094 26.79376001667697 46.463535002665594 226.76124150329269
leaf_count=2532 19777 1908 642 311 609 2862
internal_value=-1.32452e-05 -0.000527708 -0.000949286 0.000186996 -0.000591485 9.93775e-05
internal_weight=2340.34 413.698 281.481 102.154 75.3607 1926.64
internal_count=28641 6002 4094 1562 1251 22639
is_linear=0
shrinkage=0.03


Tree=239
num_leaves=7
num_cat=0
split_feature=2 24 10 17 36 26
split_gain=0.197168 0.350129 0.159965 0.250943 0.243866 0.232641
threshold=-0.19311438320140856 3.5000000000000004 -0.068746379449317246 1.5000000000000002 -0.85257359203838157 2.2576216459274296
decision_type=2 2 2 2 10 10
left_child=1 -1 4 -4 -2 -6
right_child=2 -3 3 -5 5 -7
leaf_value=-0.0013004878160415942 -0.0018502972984693505 0.00046245184287201866 0.00031561684142210236 -0.0012082392433892426 0.00076584596179807469 -0.0015471515794689497
leaf_weight=243.97655097662937 79.027707973669749 161.94970289469347 1576.746760934795 93.852055329829454 122.46961083656061 45.573572168126702
leaf_count=4357 1125 2786 16962 1246 1437 488
internal_value=-1.05872e-05 -0.000602931 0.000117276 0.000223329 -0.000580607 8.68923e-05
internal_weight=2323.6 405.926 1917.67 1670.6 247.071 168.043
internal_count=28401 7143 21258 18208 3050 1925
is_linear=0
shrinkage=0.03


Tree=240
num_leaves=7
num_cat=0
split_feature=8 31 3 5 33 8
split_gain=0.22079 0.221483 0.310861 0.225905 0.223056 0.221705
threshold=0.30369138395519463 4.8141577243804941 -0.29639264563485307 -0.17143440956543396 -0.067978243033091204 -0.19900544782467186
decision_type=2 10 2 2 10 2
left_child=1 3 4 -1 -3 -4
right_child=-2 2 5 -5 -6 -7
leaf_value=-0.0016115091783604717 0.0025985610484413981 -0.0028873564330823874 -0.0020465328151724476 -0.00014392908011650032 0.00026064799158104451 0.0006638053997168518
leaf_weight=91.313910759519786 19.0875815768959 32.884175782965031 18.714219095709268 1433.2151115476736 35.523250557569554 696.08842911350075
leaf_count=1124 216 861 677 14626 663 10271
internal_value=1.10462e-06 -3.14982e-05 0.000375669 -0.000241761 -0.00142788 0.000565589
internal_weight=2326.83 2307.74 783.21 1524.53 68.4074 714.803
internal_count=28438 28222 12472 15750 1524 10948
is_linear=0
shrinkage=0.03


Tree=241
num_leaves=7
num_cat=0
split_feature=23 7 33 20 14 7
split_gain=0.147557 0.201139 0.229519 0.14953 0.238514 0.217315
threshold=0.57784389018357951 0.084190674185775277 -0.3415831178426742 0.097121329972661971 0.27480965911531868 0.08836142073623969
decision_type=2 2 8 2 2 2
left_child=3 -2 -3 5 -5 -1
right_child=1 2 -4 4 -6 -7
leaf_value=-5.9206438064548051e-05 0.0023768682436201192 -0.0014952465070930904 0.0014134622892750491 0.00087147583996073598 -0.0013112027911957196 -0.0009418289759984224
leaf_weight=1620.2833465598233 42.455407202709466 38.204812116338871 39.474959876824869 255.83867511092103 45.032532602548599 287.45308444532566
leaf_count=20808 560 384 393 3583 199 2652
internal_value=-4.04609e-05 0.000941579 -2.44878e-05 -9.78812e-05 0.000513117 -0.000196416
internal_weight=2328.74 120.135 77.6798 2208.61 300.871 1907.74
internal_count=28579 1337 777 27242 3782 23460
is_linear=0
shrinkage=0.03


Tree=242
num_leaves=7
num_cat=0
split_feature=24 9 2 26 20 31
split_gain=0.175871 0.158974 0.14483 0.144558 0.137661 0.139359
threshold=7.5000000000000009 0.1977487668536668 -0.33133093054597912 -7.4371142387390128 -0.046564305608116884 0.75989603996276867
decision_type=2 2 2 8 2 8
left_child=1 2 4 -4 -1 -6
right_child=-2 -3 3 -5 5 -7
leaf_value=-0.0028971382098315068 0.00094038137466817074 0.0013727781171451355 0.0019508268911396262 -8.5038231842430082e-05 0.0019165788940285096 -0.0011075889267452993
leaf_weight=21.744537051505176 161.7025322415866 57.835682132048532 21.893290747189894 2006.0651463443792 9.3995699726510775 37.609663362294668
leaf_count=569 2087 727 331 23418 130 1117
internal_value=1.62689e-05 -5.71114e-05 -0.000102882 -5.3595e-05 -0.00136526 -0.000272783
internal_weight=2316.25 2154.55 2096.71 2027.96 68.7538 47.0092
internal_count=28379 26292 25565 23749 1816 1247
is_linear=0
shrinkage=0.03


Tree=243
num_leaves=7
num_cat=0
split_feature=22 30 37 3 3 22
split_gain=0.144837 0.167942 0.140808 0.259035 0.40012 0.184476
threshold=0.13977680002997564 4.4702231884002694 -2.64727548992995 -0.05711566095057282 -0.088246481218587386 0.018034741916913954
decision_type=2 8 10 2 2 2
left_child=2 -2 3 4 -1 -5
right_child=1 -3 -4 5 -6 -7
leaf_value=0.00038305344974490533 0.001053627103852301 -0.0011954118196243839 -0.00020394944956107395 0.0028951912021241981 -0.0028752249953101125 -0.00032431883382800884
leaf_weight=335.65778019528079 183.60073989827652 26.73999721952714 1700.8440752692695 45.375238114414969 27.615668424754404 19.922063602251001
leaf_count=5874 2340 296 18887 590 381 287
internal_value=-5.95493e-06 0.000726437 -8.13569e-05 0.000398726 6.49709e-05 0.00200031
internal_weight=2339.76 210.341 2129.41 428.571 363.273 65.2973
internal_count=28655 2636 26019 7132 6255 877
is_linear=0
shrinkage=0.03


Tree=244
num_leaves=7
num_cat=0
split_feature=20 11 11 29 10 9
split_gain=0.132603 0.276949 0.182556 0.259697 0.141954 0.250814
threshold=-0.21683126106898479 0.027987725416364403 -0.0080314659207557978 1.4990208745002749 0.02927230449311723 0.059698667393870537
decision_type=2 2 2 8 2 2
left_child=1 2 -1 -4 -2 -6
right_child=4 -3 3 -5 5 -7
leaf_value=-0.0014123793194588451 -0.00011918032452326313 -0.0027771107904798796 -0.00051425527368776551 0.0031376325130807064 0.00074547548742592915 -0.00041003254008966066
leaf_weight=35.864114280208014 1436.6083589684567 36.840104113391135 36.759884283586871 19.905909731984138 526.50611964448763 239.17963669297751
leaf_count=558 17681 562 591 299 6403 2383
internal_value=1.29267e-07 -0.000897399 4.8861e-05 0.00104682 5.66711e-05 0.000383893
internal_weight=2331.66 129.37 92.5299 56.6658 2202.29 765.686
internal_count=28477 2010 1448 890 26467 8786
is_linear=0
shrinkage=0.03


Tree=245
num_leaves=7
num_cat=0
split_feature=20 4 34 4 11 37
split_gain=0.178187 0.276093 0.209905 0.179232 0.308972 0.388316
threshold=0.19161798785044981 -0.13537235263806227 -1.3701382726430891 -0.059176521519506295 0.015052764362901195 4.5026123782355763
decision_type=2 2 8 2 2 8
left_child=3 -2 -3 4 5 -1
right_child=1 2 -4 -5 -6 -7
leaf_value=-0.0002212693368065336 0.0026932899504057755 0.0015456789653170422 -0.0013040133073180954 0.00041638803658445439 0.00027826988835225259 -0.0016685078395100382
leaf_weight=744.70573973827413 45.846675826527644 30.93166061869124 43.933790481416509 558.83967806668079 693.68783208265086 206.57902947696857
leaf_count=9625 652 494 438 6644 8423 2170
internal_value=2.04171e-05 0.00109667 -8.32279e-05 -4.32213e-05 -0.000200935 -0.000549636
internal_weight=2324.52 120.712 74.8655 2203.81 1644.97 951.285
internal_count=28446 1584 932 26862 20218 11795
is_linear=0
shrinkage=0.03


Tree=246
num_leaves=7
num_cat=0
split_feature=14 27 31 3 15 0
split_gain=0.210295 0.491227 0.191406 0.286073 0.222715 0.241758
threshold=0.39316636867906257 2.1025000147736464e-14 4.8141577243804941 -0.2691643109125138 1.5000000000000002 -0.30124286787118282
decision_type=2 10 8 2 2 2
left_child=2 -2 -1 -4 5 -5
right_child=1 -3 3 4 -6 -7
leaf_value=-0.00019572032070674621 -0.0029941619921724934 0.00043080176919648632 -0.0010645370750547388 -0.00074288790970895283 -0.00068867686726928313 0.00091219340434032592
leaf_weight=1238.2711516374839 58.062605291604996 79.638756200671196 102.81853109315853 82.254098412086023 107.20034570631105 676.59605219002697
leaf_count=12885 240 330 2302 1818 1678 9320
internal_value=-2.2305e-05 -0.0011183 5.08083e-05 0.000364667 0.000544559 0.000725465
internal_weight=2344.84 137.701 2207.14 968.869 866.05 758.85
internal_count=28573 570 28003 15118 12816 11138
is_linear=0
shrinkage=0.03


Tree=247
num_leaves=7
num_cat=0
split_feature=14 5 2 30 11 14
split_gain=0.161244 0.210614 0.167392 0.284303 0.21878 0.207381
threshold=0.41385917847164688 -0.014865635581321016 -0.12572700109751672 4.5884289741516122 0.072109240173941103 0.072135933901414942
decision_type=2 2 2 8 2 2
left_child=2 -2 4 -4 -1 -6
right_child=1 -3 3 -5 5 -7
leaf_value=-0.00011901575520858855 0.00032868805807513725 -0.0022104396085352511 5.0437547720039643e-05 0.0012098681037063623 0.00079462413205998259 -0.0024953883677590986
leaf_weight=882.27743459344492 48.481030568480492 56.747897133231163 1041.893911058738 223.15470006421674 17.797690438339487 57.289834123104811
leaf_count=12578 199 234 12045 2381 610 460
internal_value=-1.93355e-05 -0.00111361 3.72336e-05 0.000262846 -0.000260523 -0.00171383
internal_weight=2327.64 105.229 2222.41 1265.05 957.365 75.0875
internal_count=28507 433 28074 14426 13648 1070
is_linear=0
shrinkage=0.03


Tree=248
num_leaves=7
num_cat=0
split_feature=0 20 2 24 34 35
split_gain=0.168844 0.170925 0.165521 0.230821 0.311735 0.269243
threshold=0.46586906684600954 0.13221802372617078 -0.18987655089366304 3.5000000000000004 -2.3355807860692335 2.8331904493737969
decision_type=2 2 2 2 8 10
left_child=1 2 3 5 -5 -1
right_child=-2 -3 -4 4 -6 -7
leaf_value=-0.0016314179202640761 0.0017446722503939825 0.00078303298356060137 4.4480087275616158e-05 0.0017701834105000264 -0.00087159444263655897 0.001128760697915283
leaf_weight=195.30669191121706 41.24274718266679 217.92304362927098 1688.8298356737942 60.568642817961518 83.98363244428765 30.326324473018758
leaf_count=3529 429 2747 18737 1303 1185 447
internal_value=4.16715e-05 3.33063e-06 -8.25776e-05 -0.000648153 0.000278248 -0.00122828
internal_weight=2318.18 2276.94 2059.02 370.185 144.552 225.633
internal_count=28377 27948 25201 6464 2488 3976
is_linear=0
shrinkage=0.03


Tree=249
num_leaves=7
num_cat=0
split_feature=12 12 6 29 11 10
split_gain=0.179649 0.247497 0.217172 0.267918 0.309315 0.328232
threshold=1.797408188821852 1.1164835115866014 0.0059581747692629564 1.4303988814353945 -0.067106610562499669 0.027065628893318736
decision_type=2 2 2 8 2 2
left_child=1 2 -1 -4 -5 -6
right_child=-2 -3 3 4 5 -7
leaf_value=-0.00029367447443156419 0.00077925776894253508 -0.00064200160888856794 8.5607425633265838e-05 0.0036563422922583359 -0.00024606444422938076 0.0021609376565172723
leaf_weight=707.39240539897582 222.05493779480457 548.71541990339756 628.27315835651825 31.192261441028677 122.12802780559286 75.398747022438329
leaf_count=12276 1011 3161 8916 462 1731 1030
internal_value=-1.33305e-05 -9.98977e-05 9.31179e-05 0.000412095 0.00126778 0.000732577
internal_weight=2335.15 2113.1 1564.38 856.992 228.719 197.527
internal_count=28587 27576 24415 12139 3223 2761
is_linear=0
shrinkage=0.03


Tree=250
num_leaves=7
num_cat=0
split_feature=2 10 12 3 2 11
split_gain=0.234045 0.180833 0.190164 0.172769 0.120163 0.240468
threshold=-0.2868854246054367 -0.13167212107272711 0.96134063633779931 -0.19261836593872617 -0.021640979111938085 -1.0000000180025095e-35
decision_type=2 2 2 2 2 2
left_child=3 2 -2 -1 -3 -6
right_child=1 4 -4 -5 5 -7
leaf_value=-0.0022025048309224607 0.00010666943048439044 0.00013552652003897479 0.003673587667230846 -8.3760820463966906e-05 0.0011973136388176073 -0.00076372429871257661
leaf_weight=62.846960755588952 29.835946447099559 1770.1797257853323 15.461672034114597 67.607215510681272 58.319598962552845 325.98362866888056
leaf_count=1632 563 20109 90 1483 641 3982
internal_value=-1.15312e-06 7.43276e-05 0.00176834 -0.00118862 3.0706e-05 -0.000443311
internal_weight=2330.23 2199.78 45.2976 130.454 2154.48 384.303
internal_count=28500 25385 653 3115 24732 4623
is_linear=0
shrinkage=0.03


Tree=251
num_leaves=7
num_cat=0
split_feature=28 2 29 2 36 4
split_gain=0.169745 0.347962 0.310529 0.233933 0.224439 0.224171
threshold=0.40760128200054174 -0.05645328161161102 -5.9161858558654776 -0.1594749950037247 2.411334281137739 -0.16593410500468495
decision_type=10 2 10 2 10 2
left_child=-1 3 -3 5 -5 -2
right_child=1 2 -4 4 -6 -7
leaf_value=-0.00021434130149591043 0.001228291701242584 0.00097300143966390666 -0.0011871825557470239 0.0012174347505981989 -0.0009599216962757793 -0.00059506961442300167
leaf_weight=1295.06063267625 75.508678069687448 74.64948041504249 203.57113497459795 442.16680033446755 39.686486492864788 199.19155942235375
leaf_count=18153 952 794 1877 4034 332 2343
internal_value=1.38566e-05 0.000298773 -0.000593933 0.000630529 0.00102223 -6.83313e-05
internal_weight=2329.83 1034.77 278.221 756.554 481.853 274.7
internal_count=28485 10332 2671 7661 4366 3295
is_linear=0
shrinkage=0.03


Tree=252
num_leaves=7
num_cat=0
split_feature=14 37 27 31 4 27
split_gain=0.187838 0.22065 0.172921 0.16071 0.197163 0.208578
threshold=0.018054258162199393 -5.327629137513715 0.75282901525497448 4.4362272322177896 -0.20708680384658804 0.41833700239658361
decision_type=2 8 10 8 2 10
left_child=-1 2 -2 -3 5 -5
right_child=1 3 -4 4 -6 -7
leaf_value=-0.001771661755063545 0.0022560611714189057 -0.00016176730062240034 -0.00076607755398415726 -0.0018827033322071081 0.00048925910615184504 0.00082304838825062875
leaf_weight=37.882867724401876 61.786046046763659 1219.6619273368269 16.85330568253994 58.267033933661878 893.36760063283145 33.75346358306706
leaf_count=4326 914 11167 249 814 10545 441
internal_value=8.88225e-05 0.000127275 0.00159503 6.79652e-05 0.000351085 -0.000906831
internal_weight=2321.57 2283.69 78.6394 2205.05 985.388 92.0205
internal_count=28456 24130 1163 22967 11800 1255
is_linear=0
shrinkage=0.03


Tree=253
num_leaves=7
num_cat=0
split_feature=10 4 20 7 37 7
split_gain=0.16411 0.150794 0.167059 0.209934 0.284731 0.230022
threshold=-0.13167212107272711 -0.059176521519506295 -0.1222766029174748 0.033801764304148156 2.2559882534926561 0.084190674185775277
decision_type=2 2 2 2 8 2
left_child=-1 2 3 4 -2 -5
right_child=1 -3 -4 5 -6 -7
leaf_value=0.0014814104216253614 -0.0002143273969714009 0.00032107032568988464 -0.00010756211692227741 0.0013320808427442115 -0.0028697494308435358 -0.0013871514593766241
leaf_weight=51.790805379132507 69.430562395136803 595.69223009707639 1445.5592599583906 53.373395159665961 70.499971584242303 40.235524145769887
leaf_count=795 1316 7089 17355 707 848 437
internal_value=-4.44497e-05 -8.55211e-05 -0.000230814 -0.000957975 -0.00165436 0.00014221
internal_weight=2326.58 2274.79 1679.1 233.539 139.931 93.6089
internal_count=28547 27752 20663 3308 2164 1144
is_linear=0
shrinkage=0.03


Tree=254
num_leaves=7
num_cat=0
split_feature=22 1 17 8 33 1
split_gain=0.164123 0.211704 0.150951 0.178411 0.148288 0.288611
threshold=-0.16251717978601601 -0.0072560689412522637 1.5000000000000002 -0.040561123258089297 -2.3792571152249971 -1.0000000180025095e-35
decision_type=2 2 2 2 8 2
left_child=1 -1 4 -4 5 -2
right_child=2 -3 3 -5 -6 -7
leaf_value=-0.0019052035144330728 0.0006115631763173151 4.0413811193962548e-05 0.0011041899819237229 -0.0014630632718428222 0.00034079829056523313 -0.0013994804075786781
leaf_weight=70.159213980863569 115.47452810104005 134.19094057468465 24.504943287174683 85.851245174300857 1778.3564500461798 123.54263601024286
leaf_count=1172 1815 1807 460 1157 20666 1415
internal_value=0.000106865 -0.000685291 0.000185794 -0.000848618 0.000246286 -0.000442358
internal_weight=2332.08 204.35 2127.73 110.356 2017.37 239.017
internal_count=28492 2979 25513 1617 23896 3230
is_linear=0
shrinkage=0.03


Tree=255
num_leaves=7
num_cat=0
split_feature=8 0 11 5 35 28
split_gain=0.146232 0.131095 0.132333 0.158475 0.157833 0.365827
threshold=-0.20651749480279671 0.49137279211970858 -0.17568712271944514 -0.17143440956543396 2.6945338199536009 1.5320890545845034
decision_type=2 2 2 2 10 10
left_child=-1 2 -2 -4 -5 -6
right_child=1 -3 3 4 5 -7
leaf_value=-0.0014123873345937502 0.0016564143567748782 0.0017449291578917423 -0.0011359629058030013 -4.4847493655410291e-05 0.0013494864501020932 -0.00085647612625694306
leaf_weight=51.505046968144597 34.621155730681494 31.30406761856284 94.214286712696776 1805.878871705092 211.26156961894594 89.422008613648359
leaf_count=1459 484 325 1226 21596 2474 810
internal_value=3.12389e-05 7.01012e-05 3.89806e-05 6.1588e-06 6.23649e-05 0.000686991
internal_weight=2318.21 2266.7 2235.4 2200.78 2106.56 300.684
internal_count=28374 26915 26590 26106 24880 3284
is_linear=0
shrinkage=0.03


Tree=256
num_leaves=7
num_cat=0
split_feature=27 28 1 35 23 9
split_gain=0.206321 0.221051 0.185817 0.159255 0.152821 0.139104
threshold=2.8338406085968022 4.1199619770050058 -0.098771090048690738 3.2683221704016137 0.60798110501374814 -0.0096036370121513736
decision_type=10 10 2 10 2 2
left_child=1 4 -2 -4 -1 -3
right_child=2 5 3 -5 -6 -7
leaf_value=1.8074937480271648e-06 0.00097693981299629964 -6.5375635759651931e-05 -0.0022937576264233572 0.00036497385489777919 0.0011561705402702686 0.0027040823760401214
leaf_weight=2056.0614298690052 23.553983314079233 24.232839405769482 72.817301617236808 23.565011670812964 98.671647007897263 37.243178912904114
leaf_count=25497 350 230 813 256 1102 304
internal_value=4.68669e-05 0.000114495 -0.00111541 -0.00167051 5.9766e-05 0.00175599
internal_weight=2336.15 2216.21 119.936 96.3823 2154.73 61.476
internal_count=28552 27133 1419 1069 26599 534
is_linear=0
shrinkage=0.03


Tree=257
num_leaves=7
num_cat=0
split_feature=28 30 36 36 27 7
split_gain=0.21365 0.284505 0.241227 0.213615 0.213087 0.210614
threshold=0.40760128200054174 1.1450779438018801 2.4583147205234996 1.5582094863702209 2.7587355375289921 0.043311325988481371
decision_type=10 10 10 10 10 2
left_child=1 3 4 -1 -2 -4
right_child=2 -3 5 -5 -6 -7
leaf_value=-0.00022200863798040496 0.00061305625472550876 -0.0012915294306480548 -0.0021187452359634541 0.00091669611680096218 -0.0010200905139093482 0.00066142527252033127
leaf_weight=948.34849834212218 881.82699292691541 184.02108352101641 53.571813758928329 165.42997670258046 69.241812899941579 33.734606819227338
leaf_count=14044 8818 2063 516 2125 727 259
internal_value=2.45555e-05 -0.000231327 0.000343523 -4.62241e-05 0.000484779 -0.00108693
internal_weight=2336.17 1297.8 1038.38 1113.78 951.069 87.3064
internal_count=28552 18232 10320 16169 9545 775
is_linear=0
shrinkage=0.03


Tree=258
num_leaves=7
num_cat=0
split_feature=14 7 35 12 17 24
split_gain=0.171358 0.29183 0.205602 0.291487 0.177593 0.292149
threshold=0.31953153718185695 0.087091821336873293 0.97751699363568234 1.845192716743622 1.0000000180025095e-35 2.5000000000000004
decision_type=2 2 10 2 2 2
left_child=4 2 3 -2 -1 -6
right_child=1 -3 -4 -5 5 -7
leaf_value=0.00020888429729993633 -0.00073790804426506103 -0.0023409988468930626 -0.0012058001183951445 0.0020331333735170731 -0.0015285044013251144 0.00046420401626113021
leaf_weight=1831.7037476026453 60.695545226335526 61.514634609222412 78.779369369149208 58.183630257844925 135.02208259224426 115.13817383808782
leaf_count=23995 263 259 339 246 1949 1496
internal_value=1.40872e-05 -0.000698458 -9.91559e-05 0.000670858 0.000105708 -0.000628756
internal_weight=2341.04 259.173 197.659 118.879 2081.86 250.16
internal_count=28547 1107 848 509 27440 3445
is_linear=0
shrinkage=0.03


Tree=259
num_leaves=7
num_cat=0
split_feature=24 3 33 15 24 3
split_gain=0.190876 0.160825 0.155219 0.147064 0.261871 0.220793
threshold=7.5000000000000009 -0.18396906761774043 0.46534719566504162 1.5000000000000002 2.5000000000000004 -0.05711566095057282
decision_type=2 2 10 2 2 2
left_child=3 -2 -3 -1 5 -5
right_child=1 2 -4 4 -6 -7
leaf_value=-0.0001325957706705175 -0.00058412356763904631 0.0021819809770226794 -2.4968213520288692e-05 -0.0023212871664085445 0.00027733500764239179 0.00018822735668870628
leaf_weight=1928.3274714289582 46.353338015847839 69.737591892771889 44.443960822885856 107.21683128608856 100.48525418405188 41.234174740617163
leaf_count=23266 711 840 512 1543 1252 470
internal_value=-0.000148698 0.000819241 0.00139011 -0.000223486 -0.000895235 -0.00165635
internal_weight=2337.8 160.535 114.182 2177.26 248.936 148.451
internal_count=28594 2063 1352 26531 3265 2013
is_linear=0
shrinkage=0.03


Tree=260
num_leaves=7
num_cat=0
split_feature=35 33 31 34 0 8
split_gain=0.167303 0.152498 0.168272 0.137683 0.13707 0.215419
threshold=-3.9946261004855228 -2.9305367171764369 -1.4679401591420171 -2.0538618266582485 0.0056137771858125194 0.23216899988254566
decision_type=8 10 10 10 2 2
left_child=1 -1 -3 -4 5 -2
right_child=4 2 3 -5 -6 -7
leaf_value=0.0021834762834415087 -0.00034494014501721364 -0.0016669721000302381 -0.00066806446317343407 0.0021162581685825383 0.00020054086116420931 0.0019664736562095518
leaf_weight=46.092036295653088 1363.5272210559342 22.352576393634081 20.918601720652077 28.455353334080428 822.92273639209452 27.433439990214538
leaf_count=764 18083 210 413 330 8352 315
internal_value=-4.43554e-05 0.00101136 8.31431e-05 0.00102277 -0.000104834 -0.000285642
internal_weight=2331.7 117.819 71.7265 49.374 2213.88 1390.96
internal_count=28467 1717 953 743 26750 18398
is_linear=0
shrinkage=0.03


Tree=261
num_leaves=7
num_cat=0
split_feature=31 4 12 12 7 7
split_gain=0.189584 0.394339 0.283067 0.347133 0.250745 0.363508
threshold=-3.0940451323986049 -0.17818859632036851 0.60061526685965361 0.010150374132170461 0.02365752683320492 0.0005255134059286554
decision_type=10 2 2 2 2 2
left_child=1 -1 3 -3 5 -4
right_child=-2 2 4 -5 -6 -7
leaf_value=-0.0015138517089156229 -2.6932910549733983e-05 0.00012891515425889036 0.00098722215191754501 0.0036375086957072078 0.0014297787490554345 -0.0027690355058575759
leaf_weight=48.581750181911048 2013.6366497074778 40.508097967307549 41.471684664487839 61.534791702404618 84.367680683732033 33.638907011598349
leaf_count=661 24904 1162 276 685 517 215
internal_value=8.07435e-05 0.000758933 0.00122134 0.00238051 0.000382947 -0.000822738
internal_weight=2323.74 310.103 261.521 102.043 159.478 75.1106
internal_count=28420 3516 2855 1847 1008 491
is_linear=0
shrinkage=0.03


Tree=262
num_leaves=7
num_cat=0
split_feature=5 20 12 27 36 2
split_gain=0.145766 0.291132 0.255806 0.254218 0.161826 0.133493
threshold=1.0000000180025095e-35 -1.0000000180025095e-35 1.5215335640978727 2.0045371055603032 -0.68396365063057996 -0.025480960580754629
decision_type=2 2 2 8 10 2
left_child=-1 3 5 4 -2 -3
right_child=1 2 -4 -5 -6 -7
leaf_value=-0.00011507000142765827 -0.0012274385215175546 0.0017519400076024421 -0.00061154641950775549 -0.0023510423483687351 0.00085874346683581125 0.0001619338409552288
leaf_weight=1834.3168782759749 40.85082133821561 197.74315967521397 67.383854001760483 39.957893757557031 88.337029118440114 64.44235306349583
leaf_count=23220 470 2302 317 471 961 747
internal_value=8.97804e-06 0.00045853 0.000967945 -0.000532656 0.000158275 0.00138144
internal_weight=2333.03 498.715 329.569 169.146 129.188 262.186
internal_count=28488 5268 3366 1902 1431 3049
is_linear=0
shrinkage=0.03


Tree=263
num_leaves=7
num_cat=0
split_feature=0 2 23 7 14 22
split_gain=0.189239 0.340837 0.150716 0.150439 0.344203 0.277337
threshold=0.40629810526123383 -0.10580182629515385 0.89400588103304024 0.081556182558951265 0.2442724207889182 0.034715597582891805
decision_type=2 2 2 2 2 2
left_child=2 -2 3 -1 5 -5
right_child=1 -3 -4 4 -6 -7
leaf_value=1.7759233114085544e-05 -0.001167017519258774 0.0029049462127973486 0.0016878085330360941 -0.0005704810834483825 -0.0019786950219518539 0.0016003476662877483
leaf_weight=1852.4811122383398 22.306175731180701 40.389022942166775 33.576064603053965 202.43668130744481 108.51767413318157 60.561838528141379
leaf_count=23965 262 399 360 2297 487 677
internal_value=-1.17918e-05 0.00149495 -6.00438e-05 -9.38684e-05 -0.00063635 -3.02845e-05
internal_weight=2320.27 62.6952 2257.57 2224 371.516 262.999
internal_count=28447 661 27786 27426 3461 2974
is_linear=0
shrinkage=0.03


Tree=264
num_leaves=7
num_cat=0
split_feature=30 27 3 11 11 24
split_gain=0.167962 0.237523 0.170354 0.16559 0.162383 0.136999
threshold=-4.4259374141693106 0.11899319663643838 -0.12939236358380568 0.066115008953862353 -0.0046016221569531611 7.5000000000000009
decision_type=8 10 2 2 2 2
left_child=1 -1 3 4 -3 -2
right_child=5 2 -4 -5 -6 -7
leaf_value=0.0010570152230109761 -0.00021222659334488189 0.0012704386192615325 -0.001318871746422705 0.0025996165821596949 -0.001050913547411264 0.00077773641499631846
leaf_weight=265.27571704203729 1751.2710343149374 35.33053837204352 76.521746133104898 15.153435529529814 57.69427166756941 125.72840905166231
leaf_count=4653 19413 625 1030 247 948 1506
internal_value=-1.6915e-05 0.000497195 -0.000319841 0.000438644 -0.000131533 -0.000142145
internal_weight=2326.98 449.976 184.7 108.178 93.0248 1877
internal_count=28422 7503 2850 1820 1573 20919
is_linear=0
shrinkage=0.03


Tree=265
num_leaves=7
num_cat=0
split_feature=28 14 10 7 10 28
split_gain=0.164949 0.258329 0.161157 0.167391 0.166187 0.195801
threshold=3.493869543075562 0.21036525498585271 0.1288796679344095 -0.10497029864169484 -0.13167212107272711 0.11237372457981111
decision_type=10 2 2 2 2 8
left_child=2 -2 3 -1 5 -5
right_child=1 -3 -4 4 -6 -7
leaf_value=-0.00089026685054720766 -8.9420144698661169e-05 0.0025332374170592034 -0.0012793699791393671 -0.00050532303692312711 7.8186546385758225e-05 0.0030976109870109593
leaf_weight=148.07399377782713 74.936329626012594 50.612644299864769 75.407899120793445 18.120935498649487 1932.825083656935 25.158294724067673
leaf_count=3225 861 236 876 310 22712 297
internal_value=6.10475e-05 0.00107674 -1.53739e-06 4.96075e-05 0.000124162 0.00177736
internal_weight=2325.14 125.549 2199.59 2124.18 1976.1 43.2792
internal_count=28517 1097 27420 26544 23319 607
is_linear=0
shrinkage=0.03


Tree=266
num_leaves=7
num_cat=0
split_feature=31 18 6 3 25 28
split_gain=0.170996 0.212045 0.202056 0.196312 0.26108 0.259592
threshold=4.4362272322177896 1.0000000180025095e-35 -0.24872225247138893 -0.15591581729608442 0.21644515214276841 -1.0000000180025095e-35
decision_type=8 2 2 2 2 10
left_child=3 2 -2 4 -1 -5
right_child=1 -3 -4 5 -6 -7
leaf_value=0.00057604780832204504 -0.00089142739052805117 -0.0011561822480940158 0.00052379775718525818 -0.0014532700883879307 -0.00088537490407236013 -0.00020699228272067814
leaf_weight=400.03236801247112 91.706665238743881 77.535240714205429 904.96898447425338 201.03970210417174 140.66260078654159 538.68144343211316
leaf_count=4216 2250 853 13019 2043 1567 4667
internal_value=-1.27197e-05 0.000265066 0.000386018 -0.000246018 0.000186683 -0.000560569
internal_weight=2354.63 1074.21 996.676 1280.42 540.695 739.721
internal_count=28615 16122 15269 12493 5783 6710
is_linear=0
shrinkage=0.03


Tree=267
num_leaves=7
num_cat=0
split_feature=25 28 14 31 27 5
split_gain=0.14433 0.164021 0.151054 0.169655 0.156486 0.143945
threshold=0.77179187551235173 0.02759306970983744 0.028209123971929886 0.57824797928333294 2.51499354839325 -0.032103491422029139
decision_type=2 10 2 8 10 2
left_child=2 5 -1 4 -4 -2
right_child=1 -3 3 -5 -6 -7
leaf_value=-0.0013601761513772248 -0.0018472425040777108 0.0017747688592582359 -0.00041112796594216996 5.974594602994487e-05 -0.0024505756862975626 0.00090710797639615998
leaf_weight=77.410688021118403 21.054198194877245 67.091082345927134 458.39270404540002 1639.999339826405 27.400612525641918 28.719627478771145
leaf_count=5827 430 813 3618 16999 231 555
internal_value=-8.15248e-05 0.000903143 -0.000137599 -8.69193e-05 -0.000573268 -0.000372099
internal_weight=2320.07 116.865 2203.2 2125.79 485.793 49.7738
internal_count=28473 1798 26675 20848 3849 985
is_linear=0
shrinkage=0.03


Tree=268
num_leaves=7
num_cat=0
split_feature=23 12 14 8 8 28
split_gain=0.128489 0.145053 0.117232 0.182646 0.137111 0.222238
threshold=0.62378312966976102 0.2337478372343407 0.032574995811111659 0.031428011811803769 0.041646812470044793 3.493869543075562
decision_type=2 2 2 2 2 10
left_child=2 -2 3 -1 -4 -6
right_child=1 -3 4 -5 5 -7
leaf_value=-0.0017891981785648375 0.0025738820936113882 0.00022767307687045706 0.00020612410366381768 0.00064556415739823816 -0.00041768620384522522 0.0015477988562625801
leaf_weight=68.782949571672361 26.249458818492712 75.113825704902411 1317.7869318369776 36.329926657403121 758.82299672067165 45.757959291338921
leaf_count=4816 595 523 13200 2192 6799 338
internal_value=1.7314e-05 0.00101182 -3.22618e-05 -0.0009647 1.82259e-05 -0.000288277
internal_weight=2328.84 101.363 2227.48 105.113 2122.37 804.581
internal_count=28463 1118 27345 7008 20337 7137
is_linear=0
shrinkage=0.03


Tree=269
num_leaves=7
num_cat=0
split_feature=24 2 22 35 4 4
split_gain=0.180473 0.167578 0.160329 0.149698 0.141115 0.202447
threshold=7.5000000000000009 -0.32576250935338291 -0.044460708525640526 -1.3333392848098087 -0.16956079977581964 -0.12419434348257831
decision_type=2 2 2 10 2 2
left_child=1 2 -1 -2 -5 -6
right_child=3 -3 -4 4 5 -7
leaf_value=-0.0031548422002923402 0.002161532032489161 -5.3928446977787718e-05 -0.00036140705476304274 0.0018376940374225268 -0.0019594168954594634 0.00069723927270614174
leaf_weight=20.710763457755093 46.971872256021015 2085.6443973164132 54.280830905830953 26.606133169785608 31.898314060992561 58.299199632252567
leaf_count=555 655 24407 1388 359 407 703
internal_value=-3.3067e-05 -0.000107404 -0.00141331 0.000897376 0.000258632 -0.000344074
internal_weight=2324.41 2160.64 74.9916 163.776 116.804 90.1975
internal_count=28474 26350 1943 2124 1469 1110
is_linear=0
shrinkage=0.03


Tree=270
num_leaves=7
num_cat=0
split_feature=35 33 7 14 14 29
split_gain=0.153985 0.194043 0.290038 0.233639 0.229845 0.148176
threshold=-5.8023672352234517 -2.4166255990664163 0.040032667642524965 0.16302516037952888 0.253464541486012 -15.320565223693846
decision_type=8 8 2 2 2 8
left_child=-1 2 4 -4 -2 -3
right_child=1 5 3 -5 -6 -7
leaf_value=0.0017303611890042109 -0.00063436398070102569 0.0012684951910415705 -0.00043207648530062975 -0.0034454910679709394 0.0019868966497598958 -3.7704664382489884e-05
leaf_weight=32.973276788077783 120.58438775368268 71.330624837282812 45.780447094002739 44.809624537825584 29.129326403141022 1997.3959380675515
leaf_count=505 2192 912 766 231 136 23824
internal_value=-4.94051e-05 -8.21724e-05 -0.0008711 -0.00211698 -3.18827e-05 1.32193e-05
internal_weight=2342 2309.03 240.304 90.5901 149.714 2068.73
internal_count=28566 28061 3325 997 2328 24736
is_linear=0
shrinkage=0.03


Tree=271
num_leaves=7
num_cat=0
split_feature=14 5 7 37 15 24
split_gain=0.13698 0.226191 0.166302 0.199725 0.167558 0.235209
threshold=0.41385917847164688 -0.016535696035280417 -0.10497029864169484 2.9272786904540333 1.5000000000000002 2.5000000000000004
decision_type=2 2 2 8 2 2
left_child=2 -2 3 -1 -4 -6
right_child=1 -3 4 -5 5 -7
leaf_value=-6.2555513613103626e-05 0.00049547423915271432 -0.002077209074927637 0.00028110955240624524 -0.0022535198930173448 -0.0013276334539890212 0.00047753607479048791
leaf_weight=113.11175398429623 50.477747067809105 57.882725581526756 1832.9569174286589 46.422636256727856 136.83272549411049 109.29412971125566
leaf_count=2736 208 239 21637 654 1834 1299
internal_value=5.69406e-05 -0.000938163 0.000109067 -0.000795419 0.000181946 -0.000538689
internal_weight=2346.98 108.36 2238.62 159.534 2079.08 246.127
internal_count=28607 447 28160 3390 24770 3133
is_linear=0
shrinkage=0.03


Tree=272
num_leaves=7
num_cat=0
split_feature=14 14 30 8 3 7
split_gain=0.135609 0.132341 0.660481 0.333988 0.383406 0.317247
threshold=0.024778606825940391 0.22021843570589214 5.3939504623413095 0.004217923916756656 -0.19357455455693137 0.054852033828182871
decision_type=2 2 8 2 2 2
left_child=-1 -2 3 4 -3 -5
right_child=1 2 -4 5 -6 -7
leaf_value=-0.0012076746453402866 0.00021628213491141921 0.0028941874563688874 -0.0025287365297034701 0.00029635718217528161 0.00019755802691613666 -0.0015324115699959708
leaf_weight=67.102525744907325 1619.0493120085448 57.603394061326981 90.348067849874496 195.7195957750082 164.75734603404999 137.92258705198765
leaf_count=5707 19713 297 428 954 803 639
internal_value=2.9855e-05 7.16578e-05 -0.000288388 0.000113904 0.000990622 -0.000482222
internal_weight=2332.5 2265.4 646.351 556.003 222.361 333.642
internal_count=28541 22834 3121 2693 1100 1593
is_linear=0
shrinkage=0.03


Tree=273
num_leaves=7
num_cat=0
split_feature=5 7 30 23 5 33
split_gain=0.155399 0.218497 0.23307 0.171352 0.195476 0.227384
threshold=1.0000000180025095e-35 0.081556182558951265 1.1450779438018801 0.30343135242458058 0.018505584502003725 -0.89344271520773555
decision_type=2 2 8 2 2 10
left_child=-1 3 -3 4 5 -2
right_child=1 2 -4 -5 -6 -7
leaf_value=-6.3935854386455536e-05 0.0031127323641769317 0.00052392913923700909 -0.0019328620250344275 0.0026507177595103248 0.00014864852243394032 0.00031747014860560268
leaf_weight=1832.8620816944313 42.510817633650731 75.077721440698951 49.99476154288277 34.792945616180077 241.4406136914622 57.374479789636098
leaf_count=23267 495 706 383 368 2713 623
internal_value=6.47338e-05 0.000527326 -0.000528508 0.000883021 0.000632512 0.00168213
internal_weight=2334.05 501.191 125.072 376.119 341.326 99.8853
internal_count=28555 5288 1089 4199 3831 1118
is_linear=0
shrinkage=0.03


Tree=274
num_leaves=7
num_cat=0
split_feature=27 14 35 33 1 9
split_gain=0.140134 0.209273 0.142734 0.137831 0.156375 0.158251
threshold=2.6909512281417851 0.19003227656972535 -5.8023672352234517 -2.4900540883342424 -0.037083793084405882 -0.083935546915888892
decision_type=10 2 8 8 2 2
left_child=2 -2 -1 4 -4 -6
right_child=1 -3 3 -5 5 -7
leaf_value=0.0017891435908089154 -0.0017146185810288693 0.0005976123875936427 0.00043511647268554569 0.0001187302665754388 0.0010658749281508531 -0.0015818991316131948
leaf_weight=32.762172084650956 85.946800658828579 49.20654584467411 71.568139522176352 1952.7412609900639 16.73069037325331 124.66050354958861
leaf_count=514 1334 252 1324 23359 286 1423
internal_value=1.3389e-05 -0.000889608 7.26788e-05 3.86086e-05 -0.000668445 -0.00121888
internal_weight=2333.62 135.153 2198.46 2165.7 212.959 141.391
internal_count=28492 1586 26906 26392 3033 1709
is_linear=0
shrinkage=0.03


Tree=275
num_leaves=7
num_cat=0
split_feature=11 2 8 5 12 28
split_gain=0.152163 0.319406 0.449046 0.301509 0.277481 0.253218
threshold=0.025522680899316499 -0.021640979111938085 -0.0074301752160090889 -0.01550815636009515 1.5215335640978727 1.3741577267646792
decision_type=2 2 2 2 2 8
left_child=-1 2 -2 5 -5 -4
right_child=1 -3 3 4 -6 -7
leaf_value=-0.00019122277375844082 -0.00054101483433038227 -0.00080252973508049871 0.00087605485114665427 0.0011656083258824411 -0.00084759617123397312 0.0044008728735841227
leaf_weight=1543.4533279340831 195.70879815600347 170.38564580481034 42.346778008213732 281.69423219343298 70.309196002781391 33.93500636680983
leaf_count=19072 2936 2035 474 3386 337 302
internal_value=-1.78759e-05 0.000317122 0.000630686 0.00116623 0.000751185 0.00277244
internal_weight=2337.83 794.38 623.994 428.285 352.003 76.2818
internal_count=28542 9470 7435 4499 3723 776
is_linear=0
shrinkage=0.03


Tree=276
num_leaves=7
num_cat=0
split_feature=14 37 7 37 15 26
split_gain=0.148215 0.146211 0.134028 0.236467 0.145515 0.259591
threshold=0.028209123971929886 -6.0137545348643657 -0.10750770994707606 2.6400493741926989 1.5000000000000002 -1.7531693577766416
decision_type=2 8 2 8 2 10
left_child=-1 -2 3 -3 -4 -6
right_child=1 2 4 -5 5 -7
leaf_value=-0.0011090059314318311 0.0014971552440740696 0.00012508621740197685 0.00021587365190553617 -0.0023183713372152857 -0.0018560407592069167 0.00016145500113214938
leaf_weight=84.57955360802589 55.781364044174552 91.534131212159991 1811.13883051835 47.402703378349543 79.093331219628453 157.37059963867068
leaf_count=6439 725 1332 17007 551 834 1595
internal_value=5.47791e-05 0.000103406 6.11952e-05 -0.000808264 0.000123832 -0.000561291
internal_weight=2326.9 2242.32 2186.54 138.937 2047.6 236.464
internal_count=28483 22044 21319 1883 19436 2429
is_linear=0
shrinkage=0.03


Tree=277
num_leaves=7
num_cat=0
split_feature=22 0 34 30 31 31
split_gain=0.137324 0.178259 0.200556 0.19097 0.139631 0.133752
threshold=-0.16251717978601601 -1.0000000180025095e-35 0.078877749542395278 -3.6681309938430782 5.6848042607307443 2.0752831101417546
decision_type=2 2 10 10 8 8
left_child=1 -1 3 4 -3 -2
right_child=5 2 -4 -5 -6 -7
leaf_value=-0.0019478137853946235 -0.0002850802179584744 0.0020130354088567022 0.001345430894365418 -0.0020433462625695882 -0.0007780073313521233 0.00021101862169869423
leaf_weight=64.370746950240573 745.94177730346564 17.949127184809186 45.482993156532757 48.147518799902173 29.397505216911668 1376.0828181503457
leaf_count=1067 6672 239 461 640 605 18790
internal_value=-3.69779e-05 -0.000758848 -0.000122906 -0.000883504 0.000446601 3.6109e-05
internal_weight=2327.37 205.348 140.977 95.4942 47.3466 2122.02
internal_count=28474 3012 1945 1484 844 25462
is_linear=0
shrinkage=0.03


Tree=278
num_leaves=7
num_cat=0
split_feature=24 35 2 28 25 28
split_gain=0.126296 0.175851 0.150804 0.205355 0.168818 0.182439
threshold=7.5000000000000009 -1.2991519282261528 -0.19311438320140856 3.0200256109237675 0.89907671907406439 0.30202503502368933
decision_type=2 10 2 10 2 8
left_child=2 -2 3 -1 -4 -6
right_child=1 -3 4 -5 5 -7
leaf_value=-0.00076609865813319854 0.0021870571049146512 0.00015585928652156103 5.9342551098441677e-05 0.001500470897506462 -0.00026147591579757672 0.0029553131265661154
leaf_weight=339.16930647735717 48.154823033662979 117.76163738541072 1742.2004442001053 30.804117209278047 24.699669217865448 27.936751531262416
leaf_count=6148 660 1460 19270 337 394 295
internal_value=6.31641e-05 0.000836197 3.44467e-07 -0.000542861 0.000114704 0.00164508
internal_weight=2330.73 165.916 2164.81 369.973 1794.84 52.6364
internal_count=28564 2120 26444 6485 19959 689
is_linear=0
shrinkage=0.03


Tree=279
num_leaves=7
num_cat=0
split_feature=0 36 35 1 11 28
split_gain=0.158658 0.272207 0.179145 0.15321 0.370839 0.186111
threshold=0.0077839355500756722 0.36377634478902271 -5.8023672352234517 0.028845591477051413 0.047275014842194304 0.47916764020919805
decision_type=2 10 8 2 2 10
left_child=2 -2 -1 -3 5 -5
right_child=1 3 -4 4 -6 -7
leaf_value=0.0020377925500122962 -0.00024230591328247323 0.0014653941319109855 -0.00032208138861794484 -0.0015074044359709897 0.0021581401785955557 0.00042353550426760717
leaf_weight=19.682801196642686 483.52756591991056 169.19892038585385 1441.24582454958 72.910023273841944 56.873803767608479 90.804314423236065
leaf_count=344 5183 1758 19349 734 507 693
internal_value=-8.61178e-05 0.000232138 -0.00027665 0.000812021 0.000269044 -0.000473678
internal_weight=2334.24 873.315 1460.93 389.787 220.588 163.714
internal_count=28568 8875 19693 3692 1934 1427
is_linear=0
shrinkage=0.03


Tree=280
num_leaves=7
num_cat=0
split_feature=23 33 34 18 1 13
split_gain=0.176384 0.143661 0.144208 0.137361 0.273753 0.199555
threshold=0.62378312966976102 -1.7250886559486387 -1.1247358520825703 1.0000000180025095e-35 -0.1101040175265235 2.4414009612931857
decision_type=2 8 10 2 2 2
left_child=3 -2 -3 -1 -5 -6
right_child=1 2 -4 4 5 -7
leaf_value=-8.9640306227112694e-05 -0.00094107067916648446 0.0027982391460545605 0.00031074337079120415 0.0016965027679703008 -0.0021513906376142357 9.3187804296991679e-05
leaf_weight=2061.3140135626163 18.499974298465531 35.336863433971303 44.32297820225358 21.542086715227924 97.782173276063986 52.065016404027119
leaf_count=25809 242 465 398 266 819 554
internal_value=-0.000103097 0.00108102 0.00160321 -0.000159745 -0.000951471 -0.00141446
internal_weight=2330.86 98.1598 79.6598 2232.7 171.389 149.847
internal_count=28553 1105 863 27448 1639 1373
is_linear=0
shrinkage=0.03


Tree=281
num_leaves=7
num_cat=0
split_feature=2 25 11 11 36 33
split_gain=0.157289 0.379859 0.215559 0.204326 0.314803 0.267323
threshold=-0.034696892541522736 0.65868025287633158 0.12047952184065987 1.0000000180025095e-35 2.2246825693278685 -1.6533544063568113
decision_type=2 2 2 2 10 10
left_child=-1 2 3 4 -2 -5
right_child=1 -3 -4 5 -6 -7
leaf_value=8.5823571467248368e-05 0.0003586712326567686 0.0027207905154137987 0.0012801287608621311 -0.0029960729580159971 -0.0030388356233385328 -0.00076522012789863997
leaf_weight=1875.0561273979984 155.35194302210584 20.728892032348085 34.715000508294906 66.440451325499453 18.850284294749144 160.52785008208593
leaf_count=23000 1901 260 390 862 193 1908
internal_value=-3.64042e-05 -0.000529407 -0.000741526 -0.000943348 -0.000153984 -0.00151713
internal_weight=2331.67 456.614 435.886 401.171 174.202 226.968
internal_count=28514 5514 5254 4864 2094 2770
is_linear=0
shrinkage=0.03


Tree=282
num_leaves=7
num_cat=0
split_feature=23 24 10 36 18 12
split_gain=0.19011 0.198469 0.289586 0.23455 0.220821 0.224249
threshold=-0.30827912751255176 2.5000000000000004 -0.049446358495335963 0.10866644663154774 1.0000000180025095e-35 0.039436225481499727
decision_type=2 2 2 10 2 2
left_child=-1 2 3 -2 5 -4
right_child=1 -3 4 -5 -6 -7
leaf_value=-0.00059072448612381453 -0.0018050924500117283 0.0005002777301698517 -0.00070760335917615768 8.8347055245194649e-05 -0.0013853199062096205 0.00048627657411653692
leaf_weight=393.8479806224932 135.64804797738907 757.10556242684834 167.04798671108438 97.335193996550515 70.856808981043287 708.35156773403287
leaf_count=5740 1969 8390 5140 1148 669 5440
internal_value=1.62497e-06 0.000124523 -0.0001189 -0.00104297 0.00011715 0.000253036
internal_weight=2330.19 1936.35 1179.24 232.983 946.256 875.4
internal_count=28496 22756 14366 3117 11249 10580
is_linear=0
shrinkage=0.03


Tree=283
num_leaves=7
num_cat=0
split_feature=28 14 30 26 4 26
split_gain=0.198994 0.200385 0.156986 0.238598 0.274828 0.36591
threshold=3.8115005493164067 0.2239656392350555 -4.5000259876251212 0.21048985421657565 -0.19125171778327066 -3.6132601499557491
decision_type=10 2 10 10 2 10
left_child=2 -2 3 4 -1 -6
right_child=1 -3 -4 -5 5 -7
leaf_value=-0.0018332719053155897 4.4384228962698465e-05 0.0027465787746876968 -0.00028066294395919384 0.0011941895194560067 0.00092028796330502895 -0.00084614884645711275
leaf_weight=59.216502225986915 56.216639691963792 34.527204364538193 1582.4266451836447 172.07786660760758 249.13561393262353 168.43572240053618
leaf_count=1189 630 156 17555 2506 3502 2848
internal_value=-6.16027e-05 0.00124312 -0.000119974 0.00027022 -8.09315e-05 0.000204635
internal_weight=2322.04 90.7438 2231.29 648.866 476.788 417.571
internal_count=28386 786 27600 10045 7539 6350
is_linear=0
shrinkage=0.03


Tree=284
num_leaves=7
num_cat=0
split_feature=9 31 25 34 29 8
split_gain=0.145872 0.147905 0.128438 0.162182 0.163592 0.127143
threshold=0.20620103298965517 2.0752831101417546 -0.71295313963611839 1.5500669231017434 1.9132252931594851 0.041646812470044793
decision_type=2 8 2 10 8 2
left_child=2 -2 3 4 -1 -4
right_child=1 -3 5 -5 -6 -7
leaf_value=0.0022141144123129404 -0.00057555864233936854 0.0023380304691866158 9.4373132909767392e-05 -0.0012203448968465551 -0.00077492344848320593 -0.00037497399339200165
leaf_weight=59.685156438703416 18.743740609264933 36.067644813796505 1354.0484502962499 16.078507634578273 16.00125636078883 829.78631120442878
leaf_count=925 162 534 17539 159 202 8992
internal_value=3.12445e-06 0.0014066 -3.66868e-05 0.00100543 0.0015655 -8.48599e-05
internal_weight=2330.41 54.8114 2275.6 91.7649 75.6864 2183.83
internal_count=28513 696 27817 1286 1127 26531
is_linear=0
shrinkage=0.03


Tree=285
num_leaves=7
num_cat=0
split_feature=11 11 29 8 5 5
split_gain=0.120422 0.196753 0.259927 0.172418 0.221721 0.157362
threshold=0.1237091212798322 0.07712682992281604 2.8462526798248295 0.1154949869670263 0.069905293741736277 0.078313557727955355
decision_type=2 2 8 2 2 2
left_child=1 -1 5 4 -2 -3
right_child=3 2 -4 -5 -6 -7
leaf_value=-1.0961510149736163e-06 0.0019200112176318087 -0.00075249936418198774 -0.0028355884782259146 0.0023362551405519253 -0.001450156108582338 0.0016183996554516775
leaf_weight=2058.5493190068228 18.962561127147637 123.7688519039948 41.266660323948599 35.65051396220224 34.765591838862747 21.305793652019929
leaf_count=25446 199 1419 462 360 394 236
internal_value=-4.27816e-05 -8.76469e-05 -0.000995037 0.000979512 -0.000146068 -0.000322398
internal_weight=2334.27 2244.89 186.341 89.3787 53.7282 145.075
internal_count=28516 27563 2117 953 593 1655
is_linear=0
shrinkage=0.03


Tree=286
num_leaves=7
num_cat=0
split_feature=15 20 23 8 26 33
split_gain=0.144886 0.312764 0.189077 0.146188 0.186894 0.170708
threshold=1.5000000000000002 -0.037744543057096576 0.077797840641934415 0.0024957652021106416 -1.6245245933532713 -0.62165529529253638
decision_type=2 2 2 2 8 10
left_child=-1 2 -2 -3 -5 -6
right_child=1 3 -4 4 5 -7
leaf_value=9.4738217364193661e-05 -0.0027554732839474758 0.00087857173146152251 0.00053812524213184244 -0.0024235998489163121 0.0019574904339919657 -0.00079753285239453689
leaf_weight=2066.9417139484431 63.140119106566999 90.21910407836549 16.27222377480939 27.536060217302293 21.095421200152487 48.306363099487498
leaf_count=24995 968 1266 194 316 260 527
internal_value=8.88107e-06 -0.000636198 -0.00209588 5.80504e-05 -0.000716347 0.00018095
internal_weight=2333.51 266.569 79.4123 187.157 96.9378 69.4018
internal_count=28526 3531 1162 2369 1103 787
is_linear=0
shrinkage=0.03


Tree=287
num_leaves=7
num_cat=0
split_feature=37 4 22 29 26 6
split_gain=0.18552 0.224781 0.164666 0.266831 0.25447 0.230376
threshold=-6.0137545348643657 -0.035938198608663159 0.034715597582891805 -2.1690219640731807 -1.7880972027778623 0.15759304808446684
decision_type=8 2 2 8 10 2
left_child=1 -1 -2 4 -4 -5
right_child=2 -3 3 5 -6 -7
leaf_value=0.0022379138876393017 -0.00025063728422083551 -0.0013053578109064891 -0.00067254201598763931 -0.00077497686601153779 0.0014945182649273739 0.0011788989567667496
leaf_weight=51.79203112560208 1722.5003673347237 14.39138044498395 56.735003320907708 211.19599622616079 204.31019866274437 62.3956680058036
leaf_count=1322 20567 330 772 2410 2523 562
internal_value=-5.93359e-05 0.00139723 -0.00010802 0.000347633 0.0010161 -0.000303516
internal_weight=2323.32 66.1834 2257.14 534.637 261.045 273.592
internal_count=28486 1652 26834 6267 3295 2972
is_linear=0
shrinkage=0.03


Tree=288
num_leaves=7
num_cat=0
split_feature=23 12 0 7 5 22
split_gain=0.16892 0.170799 0.170503 0.29905 0.222441 0.186103
threshold=0.1327349099094475 -0.02771623794774802 -0.13767036767085336 0.093059164733422434 -0.12098638989032774 -0.0074964039409841183
decision_type=2 2 2 2 2 2
left_child=-1 -2 5 4 -4 -3
right_child=1 2 3 -5 -6 -7
leaf_value=-6.02715204537301e-05 0.0018385191707840894 0.0010431341790280266 -0.00078806403956475988 -0.00030676612543767613 0.0018714016575834046 -0.0016976947856882703
leaf_weight=1830.0837414185225 69.604401714343112 25.182236121967435 28.526249196380377 165.43818020448089 149.65717485174537 57.676912134513259
leaf_count=23307 1975 210 223 1176 1155 498
internal_value=7.35639e-05 0.000558725 0.000312518 0.000606872 0.00142638 -0.000842081
internal_weight=2326.17 496.085 426.481 343.622 178.183 82.8591
internal_count=28544 5237 3262 2554 1378 708
is_linear=0
shrinkage=0.03


Tree=289
num_leaves=7
num_cat=0
split_feature=10 27 27 14 35 36
split_gain=0.160179 0.168752 0.14738 0.164822 0.291817 0.280687
threshold=-0.13167212107272711 0.31001646816730505 2.4085525274276738 0.19582980509133244 4.4047221583388163 1.0606590387258661
decision_type=2 8 10 2 8 10
left_child=1 -1 3 -2 5 -5
right_child=2 -3 -4 4 -6 -7
leaf_value=-0.00028365271790637184 0.00020779903856165563 0.0027860264448198598 -0.00088012088805708411 -0.00051991164039725309 -0.0019168884630950745 0.00083328933566978989
leaf_weight=25.605380664463155 1379.5363826825633 26.954121718590613 169.26984574139351 452.40920470654964 83.212666913866997 186.76512931287289
leaf_count=397 22005 404 2024 2297 419 933
internal_value=-1.34149e-05 0.00148428 -5.44289e-05 1.59174e-05 -0.000348351 -0.000117764
internal_weight=2323.75 52.5595 2271.19 2101.92 722.387 639.174
internal_count=28479 801 27678 25654 3649 3230
is_linear=0
shrinkage=0.03


Tree=290
num_leaves=7
num_cat=0
split_feature=0 12 14 8 13 12
split_gain=0.178522 0.139241 0.317862 0.179869 0.165051 0.432596
threshold=0.40629810526123383 2.1262134057663959 0.41385917847164688 0.04272373492806876 1.8688348091416842 0.64445036247736109
decision_type=2 2 2 2 2 2
left_child=1 2 4 -3 5 -1
right_child=-2 3 -4 -5 -6 -7
leaf_value=0.0022107736587412864 0.0014121538451918618 0.0020847177361400173 -0.0022939183824026844 -0.00030956703447342082 -0.00012441744202653428 -0.0011478539672748552
leaf_weight=79.365143537055701 66.232070386235137 50.175537660717964 48.692858129739761 48.959221214056015 1984.0739811679668 48.239323392510414
leaf_count=862 685 221 200 211 25996 236
internal_value=-1.59135e-05 -6.38118e-05 -0.000116118 0.000982246 -5.53249e-05 0.000949939
internal_weight=2325.74 2259.51 2160.37 99.1348 2111.68 127.604
internal_count=28411 27726 27294 432 27094 1098
is_linear=0
shrinkage=0.03


Tree=291
num_leaves=7
num_cat=0
split_feature=10 30 12 12 12 31
split_gain=0.131304 0.272741 0.286679 0.23841 0.200802 0.209719
threshold=0.02927230449311723 -7.9086186885833731 -0.38127169742378059 0.77164821300769615 1.6058927959201512 0.57824797928333294
decision_type=2 10 2 2 2 10
left_child=-1 2 -2 -3 5 -5
right_child=1 3 -4 4 -6 -7
leaf_value=-0.00025853573206373803 -0.0015890461119928878 -0.00065921742890224946 0.0017911563552268771 0.0021980506349566155 -0.00057535193850985239 0.00032484374766643837
leaf_weight=1532.175851231761 18.748448845028179 307.89864360896172 134.95232104323804 70.651401575654745 108.19588006287813 174.89941981807351
leaf_count=19167 956 5177 1254 435 516 1150
internal_value=-9.54338e-05 0.000210482 0.00130696 -5.98966e-05 0.00046553 0.000928736
internal_weight=2347.52 815.346 153.701 661.645 353.747 245.551
internal_count=28655 9488 2210 7278 2101 1585
is_linear=0
shrinkage=0.03


Tree=292
num_leaves=7
num_cat=0
split_feature=27 28 15 24 5 5
split_gain=0.117826 0.190221 0.272086 0.285406 0.230024 0.276214
threshold=2.9968096017837529 0.47916764020919805 1.5000000000000002 2.5000000000000004 0.0011665024186901464 -0.011440871593532123
decision_type=10 10 2 2 2 2
left_child=1 2 -1 -4 5 -3
right_child=-2 4 3 -5 -6 -7
leaf_value=-4.8583630124142872e-05 -0.0009747512929829176 0.00056937931667940748 -0.0023885008467857917 0.00021828641072594646 0.0012115243161954195 -0.00060353555135743181
leaf_weight=1137.9177417968604 101.14471990859602 434.81757376034511 86.922729095793329 59.419717177224811 205.28712532680947 294.50550798251061
leaf_count=15666 1213 4303 1342 869 1783 3146
internal_value=-2.1519e-05 2.61114e-05 -0.000210249 -0.0013838 0.000349685 9.39914e-05
internal_weight=2320.02 2218.87 1284.26 146.342 934.61 729.323
internal_count=28322 27109 17877 2211 9232 7449
is_linear=0
shrinkage=0.03


Tree=293
num_leaves=7
num_cat=0
split_feature=3 29 31 24 4 20
split_gain=0.154415 0.218897 0.191691 0.155104 0.172095 0.30186
threshold=-0.30325888206374413 -6.2983288764953604 2.6499768197536473 7.5000000000000009 -0.035938198608663159 -0.13528992238379142
decision_type=2 8 10 2 2 2
left_child=-1 2 -2 4 -3 -6
right_child=1 3 -4 -5 5 -7
leaf_value=-0.0008679345089186158 0.0029903690657449556 -0.00031860899896502318 0.000469546478457008 0.00092217845682514429 0.0025668085311559927 4.078493812933565e-05
leaf_weight=169.57334021507995 19.853712297044694 1353.8230804569321 396.85949709897977 114.43230981181841 41.484155772137456 248.04973439330934
leaf_count=2820 177 15596 5300 1462 501 2791
internal_value=-2.23645e-05 4.72465e-05 0.000656912 -0.000100183 -0.000176521 0.000476322
internal_weight=2344.08 2174.5 416.713 1757.79 1643.36 289.534
internal_count=28647 25827 5477 20350 18888 3292
is_linear=0
shrinkage=0.03


Tree=294
num_leaves=7
num_cat=0
split_feature=37 36 29 12 5 26
split_gain=0.175732 0.171657 0.168033 0.151279 0.161544 0.136808
threshold=-6.0137545348643657 -1.4891513720075917 -3.9331094026565547 2.1262134057663959 -0.010697928979270485 2.2174268960952763
decision_type=8 10 10 2 2 8
left_child=1 -1 -3 5 -5 -2
right_child=3 2 -4 4 -6 -7
leaf_value=-0.00044645590628961763 3.432763882057053e-05 -0.00067072570883138719 0.0032407539990272093 0.0021593659727688896 -9.6441293353718657e-05 -0.00049626485273625471
leaf_weight=25.546851468301611 1574.9247786888445 9.0014652899117191 31.982627872144803 45.926568061113358 56.746370658278465 594.88753749307944
leaf_count=689 19376 253 685 198 249 7149
internal_value=-1.02206e-05 0.00140388 0.00241861 -5.75902e-05 0.0010147 -0.000112752
internal_weight=2339.02 66.5309 40.9841 2272.49 102.673 2169.81
internal_count=28599 1627 938 26972 447 26525
is_linear=0
shrinkage=0.03


Tree=295
num_leaves=7
num_cat=0
split_feature=8 33 31 3 20 6
split_gain=0.123427 0.136713 0.132279 0.224835 0.232451 0.230043
threshold=-0.22904671692901882 0.6010508959492048 5.6240242719650277 -0.21412442350750885 -0.12430602574395667 -0.14155611239123753
decision_type=2 10 10 2 2 2
left_child=1 -1 -2 4 -4 -5
right_child=2 -3 3 5 -6 -7
leaf_value=-0.0024156788607028845 -9.2747073848858545e-05 0.00085209390740375993 -0.0020949576604324047 -0.00056870130428035212 0.00033320164824135592 0.00098905183413950022
leaf_weight=26.685973943735007 1652.8273147365544 10.74759794474812 49.546421700390056 99.320381263969466 82.20017090512556 421.67481363625848
leaf_count=872 17075 239 1047 1897 1672 5806
internal_value=1.9374e-05 -0.00149562 5.03245e-05 0.000408533 -0.000663339 0.000686971
internal_weight=2343 37.4336 2305.57 652.742 131.747 520.995
internal_count=28608 1111 27497 10422 2719 7703
is_linear=0
shrinkage=0.03


Tree=296
num_leaves=7
num_cat=0
split_feature=26 22 9 0 10 0
split_gain=0.128436 0.127529 0.215002 0.152989 0.131709 0.143449
threshold=-7.4371142387390128 -0.15768213182079982 0.02024585362907461 -1.0000000180025095e-35 0.13218654111450365 0.13326998848160362
decision_type=8 2 2 2 2 2
left_child=-1 2 3 -2 5 -3
right_child=1 4 -4 -5 -6 -7
leaf_value=0.0018588412690176039 -0.0021417976788987193 2.0868423419955575e-05 0.0016327884268646862 -0.00035320440729064406 -0.0011479327816397806 0.00064927430026124396
leaf_weight=25.136274468444753 60.05340475277626 1633.4742389093299 22.984522755723447 124.81945175895817 63.315834598732181 398.96726349100936
leaf_count=420 1017 20410 270 1777 689 3935
internal_value=5.86542e-05 3.10617e-05 -0.000660075 -0.0010143 0.000102418 0.000146799
internal_weight=2328.75 2303.61 207.857 184.873 2095.76 2032.44
internal_count=28518 28098 3064 2794 25034 24345
is_linear=0
shrinkage=0.03


Tree=297
num_leaves=7
num_cat=0
split_feature=14 31 35 11 9 27
split_gain=0.121403 0.128919 0.210634 0.204348 0.184693 0.343966
threshold=0.024778606825940391 0.57824797928333294 -1.4517834591497845 -0.090659555424422958 -0.039122423451874534 0.35199968516826635
decision_type=2 8 8 2 2 10
left_child=-1 4 3 -3 5 -2
right_child=1 2 -4 -5 -6 -7
leaf_value=-0.0011811199870240545 0.0017802017282180663 -0.0014427123969752876 4.4937070637312196e-06 0.0011062087144032597 -0.00069340961441079901 -0.0011827754651430808
leaf_weight=66.768713137760642 75.618739018216729 22.836977928876877 1452.4806767571718 274.05646720901132 395.42598776333034 51.018668351694942
leaf_count=5716 681 298 15142 3176 3029 485
internal_value=-7.72024e-06 3.17976e-05 0.000155409 0.000869525 -0.000377547 0.000587301
internal_weight=2338.21 2271.44 1749.37 296.893 522.063 126.637
internal_count=28527 22811 18616 3474 4195 1166
is_linear=0
shrinkage=0.03


Tree=298
num_leaves=7
num_cat=0
split_feature=37 10 10 13 17 14
split_gain=0.134737 0.125597 0.168938 0.195757 0.157896 0.141932
threshold=7.8130348502761802 -0.079735478629532952 -0.15550802908845909 2.3502401828962087 1.5000000000000002 0.13032292925776609
decision_type=10 2 2 2 2 2
left_child=1 2 -1 5 -3 -4
right_child=-2 4 3 -5 -6 -7
leaf_value=0.0014319746915385473 -0.0015925357193511992 0.00011853741087580461 -0.00038985013948359483 0.00010751649417801266 -0.0010089156392827905 -0.002477963557591964
leaf_weight=22.085291488241637 40.327885966282338 1937.2990305391577 53.332883939001476 94.478346533287549 108.62843649130082 69.409557431936264
leaf_count=341 290 23025 1150 1571 1602 425
internal_value=-5.70711e-05 -2.31541e-05 -0.000658973 -0.000925229 5.40592e-05 -0.00166838
internal_weight=2325.56 2285.23 239.306 217.221 2045.93 122.742
internal_count=28404 28114 3487 3146 24627 1575
is_linear=0
shrinkage=0.03


Tree=299
num_leaves=7
num_cat=0
split_feature=28 10 14 14 3 2
split_gain=0.199036 0.18066 0.278406 0.174492 0.148745 0.236439
threshold=3.8115005493164067 -0.13167212107272711 0.15789183885710947 0.2239656392350555 -0.11746464310064751 -0.18987655089366304
decision_type=10 2 2 2 2 2
left_child=1 2 -1 -2 5 -3
right_child=3 4 -4 -5 -6 -7
leaf_value=-0.00041293502669510019 0.00012103586265320108 -0.00074887565891063458 0.0035824124826527625 0.0026077301133998394 -0.00049884806754074847 0.00021166235026531325
leaf_weight=29.726014530577231 60.061335810110904 280.72983197230496 19.447504371404648 35.355039983987808 797.55309738754295 1105.9080142009188
leaf_count=642 658 5238 112 160 8723 13021
internal_value=-7.20583e-05 -0.000131625 0.00150555 0.00120241 -0.000175177 1.32284e-05
internal_weight=2328.78 2233.36 49.1735 95.4164 2184.19 1386.64
internal_count=28554 27736 754 818 26982 18259
is_linear=0
shrinkage=0.03


Tree=300
num_leaves=7
num_cat=0
split_feature=25 26 6 11 2 11
split_gain=0.169274 0.238868 0.192109 0.139496 0.185547 0.146985
threshold=-0.21701340830397872 0.46265418827533727 0.087945717403657406 0.12734043717877583 -0.051388150282861207 0.07092886589450377
decision_type=2 8 2 2 2 2
left_child=1 -1 -3 5 -5 -2
right_child=3 2 -4 4 -6 -7
leaf_value=0.0010360279774514433 -8.6025136934439527e-05 -0.00072479278058889998 0.0011429951542779363 -0.00033001610480760138 0.0027416431070080051 -0.00098550966547298106
leaf_weight=291.63266381650465 1573.4053919059807 175.59126672727871 57.897251383838011 32.187638300878461 24.775674467091449 172.82804898201721
leaf_count=3973 19254 2250 526 324 283 1971
internal_value=8.81801e-06 0.000477632 -0.000233723 -0.00012959 0.00121589 -0.000180153
internal_weight=2328.32 525.121 233.489 1803.2 56.9633 1746.23
internal_count=28581 6749 2776 21832 607 21225
is_linear=0
shrinkage=0.03


Tree=301
num_leaves=7
num_cat=0
split_feature=29 31 14 14 2 14
split_gain=0.163757 0.243375 0.183824 0.208201 0.232959 0.184246
threshold=7.5930829048156747 -3.3356852307915683 0.21726370230483844 0.19003227656972535 0.0063088619143293057 0.14776552989209993
decision_type=8 10 2 2 2 2
left_child=1 -1 3 4 5 -2
right_child=2 -3 -4 -5 -6 -7
leaf_value=0.0017577292495766221 -0.00033800047442642136 3.3633119588405299e-06 -0.0019763460329327745 0.002197111372205358 0.0020061535751504682 -0.0025880540820497691
leaf_weight=63.800661072600633 127.15514007251477 1995.3696171934571 65.478177204728127 18.168254137039185 18.204822640051134 36.019653387367725
leaf_count=488 2324 24700 316 110 262 252
internal_value=-2.55731e-05 6.59522e-05 -0.000713237 -0.000224234 -0.000568904 -0.00095545
internal_weight=2324.2 2059.17 265.026 199.548 181.38 163.175
internal_count=28452 25188 3264 2948 2838 2576
is_linear=0
shrinkage=0.03


Tree=302
num_leaves=7
num_cat=0
split_feature=23 20 4 36 24 3
split_gain=0.123429 0.282674 0.230355 0.181759 0.167589 0.139472
threshold=-0.3021662770987818 0.076532260665761145 -0.18263968502227992 1.2215082928793046 2.5000000000000004 -0.15973985177586061
decision_type=2 2 2 8 2 2
left_child=1 2 3 -1 -4 -2
right_child=5 -3 4 -5 -6 -7
leaf_value=-0.00044807097351780918 0.00034508077006379414 0.0011232701832948355 -8.2394666072892721e-05 0.0024432141449751651 -0.0017547980391857717 -0.00016943692315310254
leaf_weight=50.028835541394074 791.65831409300154 67.64985188911669 75.807841732632369 19.814261720282957 185.97194413191755 1151.0596269753587
leaf_count=853 10426 992 1067 288 2640 12339
internal_value=-5.86242e-05 -0.000532149 -0.000892844 0.000575447 -0.00129134 4.09227e-05
internal_weight=2341.99 399.273 331.623 69.8431 261.78 1942.72
internal_count=28605 5840 4848 1141 3707 22765
is_linear=0
shrinkage=0.03


Tree=303
num_leaves=7
num_cat=0
split_feature=31 8 8 12 31 36
split_gain=0.126235 0.168624 0.220486 0.257447 0.2246 0.248683
threshold=4.4362272322177896 0.004217923916756656 -0.0064160169160059682 0.77164821300769615 3.5428355932235722 0.39657122310086018
decision_type=8 2 2 2 10 10
left_child=1 2 4 -4 5 -1
right_child=-2 -3 3 -5 -6 -7
leaf_value=-0.00031334422236509597 0.00030831590577606719 -0.0004331903998622591 -0.00050294208659437266 0.0029042254330963026 -0.0015018354713997237 0.0011559396484397304
leaf_weight=250.06318915873999 1068.2517890237214 716.88552336813882 27.459773824550211 44.347139701247215 64.846261402941309 163.39638785785064
leaf_count=2854 16126 6488 404 258 864 1580
internal_value=6.95441e-05 -0.000132611 0.000259833 0.00169908 1.33926e-05 0.000280892
internal_weight=2335.25 1267 550.113 71.8069 478.306 413.46
internal_count=28574 12448 5960 662 5298 4434
is_linear=0
shrinkage=0.03


Tree=304
num_leaves=7
num_cat=0
split_feature=25 28 30 26 30 14
split_gain=0.139898 0.13383 0.345381 0.283304 0.249424 0.225371
threshold=-0.90498333534373943 0.96234637498855602 3.9699242115020756 0.32170861959457403 -3.2184172868728633 0.17147783099968825
decision_type=2 8 10 8 10 2
left_child=-1 2 -2 4 5 -3
right_child=1 3 -4 -5 -6 -7
leaf_value=0.0015849853621539883 -8.6466177823113231e-05 0.00065862920021994488 -0.0020400713210378093 -0.00018082781404255547 0.0011182054820937006 -0.002745741677177684
leaf_weight=40.128648557059933 1210.1977586019784 31.995654940023087 77.413604946690612 590.13961437199032 359.66251730785007 22.00086797773838
leaf_count=589 16849 516 810 6291 3375 118
internal_value=1.71885e-05 -1.70355e-05 -0.000218737 0.000241301 0.000833576 -0.000940778
internal_weight=2331.54 2291.41 1287.61 1003.8 413.659 53.9965
internal_count=28548 27959 17659 10300 4009 634
is_linear=0
shrinkage=0.03


Tree=305
num_leaves=7
num_cat=0
split_feature=24 13 36 30 36 34
split_gain=0.133581 0.13868 0.219516 0.140546 0.135143 0.341029
threshold=7.5000000000000009 2.524928003624769 -0.15339300368158584 2.3362926244735722 1.5826596385150247 0.81398287291328131
decision_type=2 2 10 10 10 10
left_child=4 2 -2 -4 -1 -6
right_child=1 -3 3 -5 5 -7
leaf_value=-0.00013507158588542075 0.0025551916758911005 -0.00093081799996088017 0.00087523576620065721 -0.0015713576140126712 0.0011309559864159297 -0.00070412755673474265
leaf_weight=1782.6592828446301 52.957141058286652 25.364170067245141 62.642282137239818 19.897760740597732 244.9450597174 133.49339115957264
leaf_count=22388 716 394 772 189 2830 1206
internal_value=3.84679e-05 0.000846002 0.00121973 0.000179372 -2.52607e-05 0.000482172
internal_weight=2321.96 160.861 135.497 82.54 2161.1 378.438
internal_count=28495 2071 1677 961 26424 4036
is_linear=0
shrinkage=0.03


Tree=306
num_leaves=7
num_cat=0
split_feature=8 36 31 22 33 3
split_gain=0.139393 0.326831 0.205605 0.194982 0.186155 0.328037
threshold=0.18821883252260022 -0.29931515461454777 2.3203468918800358 -0.0074964039409841183 -2.1415843864281965 -0.059841758346674608
decision_type=2 10 10 2 10 2
left_child=4 3 -3 -2 5 -1
right_child=1 2 -4 -5 -6 -7
leaf_value=-0.00097033260527132023 -3.1085583719908419e-05 -0.0022456141069586506 0.00073161977874423921 0.0035328714458920558 5.0110643777698054e-05 0.00087583482373364827
leaf_weight=411.3428534323175 19.730961427034345 24.492116606794298 44.374788411951158 34.772891899920069 1695.8019363382191 100.67073787970003
leaf_count=5781 246 180 527 388 20237 1135
internal_value=-4.56419e-05 0.000896586 -0.000477695 0.00243788 -0.000102098 -0.00059752
internal_weight=2331.19 123.371 68.8669 54.5039 2207.82 512.014
internal_count=28494 1341 707 634 27153 6916
is_linear=0
shrinkage=0.03


Tree=307
num_leaves=7
num_cat=0
split_feature=0 36 5 35 10 14
split_gain=0.171729 0.205057 0.202004 0.243758 0.181403 0.180808
threshold=-0.084840280120375242 3.4497943479705744 0.024404815021584359 -2.0982775255146184 -0.043585376929177015 0.2239656392350555
decision_type=2 10 2 10 2 2
left_child=2 -2 3 -1 5 -5
right_child=1 -3 -4 4 -6 -7
leaf_value=0.00067372104001996213 0.00017049858197813644 0.0022671911492096134 0.0010022816637036205 -0.00049537453667153157 -0.0011883969798071798 0.0019172538892782468
leaf_weight=112.43507713568397 1635.7710734509164 33.200519253499806 78.6818925809348 101.18782405625097 341.53133625148621 27.387538462877274
leaf_count=1910 18474 318 999 1908 4780 140
internal_value=6.35673e-05 0.000225463 -0.000342338 -0.000537802 -0.000835558 0.000119803
internal_weight=2330.2 1668.97 661.224 582.542 470.107 128.575
internal_count=28529 18792 9737 8738 6828 2048
is_linear=0
shrinkage=0.03


Tree=308
num_leaves=7
num_cat=0
split_feature=14 13 30 5 13 11
split_gain=0.129418 0.314428 0.38424 0.225498 0.132972 0.121285
threshold=0.34198608790104729 2.1383330595080281 1.3367767333984377 -0.0014525116846442543 1.7005986908310777 0.12734043717877583
decision_type=2 2 10 2 2 2
left_child=4 3 -3 -2 -1 -6
right_child=1 2 -4 -5 5 -7
leaf_value=0.0017648393520449811 -0.00036124590100755958 0.0019932288937655395 -0.0013208171642880284 -0.0030598213544524777 -1.9354675394875292e-05 0.0011281680659567773
leaf_weight=30.443668074673042 57.656190171837807 56.253723725676537 50.608874082565308 50.113936379551888 2010.049469003221 76.448457414284348
leaf_count=263 243 237 212 212 26431 858
internal_value=-1.1345e-05 -0.000696127 0.000445015 -0.00176937 6.10301e-05 2.78708e-05
internal_weight=2331.57 214.633 106.863 107.77 2116.94 2086.5
internal_count=28456 904 449 455 27552 27289
is_linear=0
shrinkage=0.03


Tree=309
num_leaves=7
num_cat=0
split_feature=9 27 36 5 36 7
split_gain=0.118874 0.26241 0.161034 0.151589 0.290121 0.270903
threshold=0.11097396658343328 -1.3487972617149351 1.0606590387258661 -0.010697928979270485 0.66511507898879552 0.087091821336873293
decision_type=2 10 10 2 10 2
left_child=3 -2 -3 -1 5 -5
right_child=1 2 -4 4 -6 -7
leaf_value=0.00014660187225901925 0.0023442579434022194 0.00055892521174322467 -0.00098037611837202099 -0.00043273525685265412 0.00029622201134600417 -0.001932260178831087
leaf_weight=953.5348411059822 46.729940257093403 191.88496129971463 77.83025148708839 565.50206502812216 374.31705891058664 127.18346204212867
leaf_count=11681 612 1994 745 7890 4352 1288
internal_value=-4.23069e-05 0.000489275 9.55683e-05 -0.00012756 -0.000371653 -0.000731642
internal_weight=2336.98 316.445 269.715 2020.54 1067 692.686
internal_count=28562 3351 2739 25211 13530 9178
is_linear=0
shrinkage=0.03


Tree=310
num_leaves=7
num_cat=0
split_feature=0 20 4 12 7 14
split_gain=0.154476 0.115094 0.184706 0.191485 0.139802 0.253375
threshold=0.46586906684600954 0.19161798785044981 -0.13468710310256063 1.1644392294280892 0.081556182558951265 0.10786888036898733
decision_type=2 2 2 2 2 2
left_child=1 4 -3 -4 -1 -6
right_child=-2 2 3 -5 5 -7
leaf_value=4.7448347668691515e-05 0.0016605508290697289 0.002189761674654169 0.00079350264048757462 -0.0021752406742910533 0.00065518925765451668 -0.001010604141484596
leaf_weight=1766.4978119237057 40.506868766853586 44.104834613332059 55.277838476700708 17.940119706094265 104.74151269745198 294.17825511842966
leaf_count=22716 421 644 819 95 1956 1745
internal_value=1.9472e-05 -1.67643e-05 0.000860006 -0.00010789 -6.80028e-05 -0.000567902
internal_weight=2323.25 2282.74 117.323 73.218 2165.42 398.92
internal_count=28396 27975 1558 914 26417 3701
is_linear=0
shrinkage=0.03


Tree=311
num_leaves=7
num_cat=0
split_feature=28 11 11 4 37 31
split_gain=0.224205 0.248902 0.250441 0.235014 0.246534 0.221257
threshold=0.40760128200054174 0.025522680899316499 0.0025408093865052156 -0.17476204705185971 6.320099736248717 1.0388142168521883
decision_type=10 2 2 2 10 8
left_child=5 2 3 -2 -5 -1
right_child=1 -3 -4 4 -6 -7
leaf_value=-0.0011194043918562372 0.0016072605961347582 0.0009959988543138433 -0.0010218591555980847 0.00024074286661317118 -0.0022346867325849446 -5.5037763683810297e-05
leaf_weight=199.80127532524057 94.749802286736667 354.17316462530289 149.38924315909389 396.72088833805174 29.74852016242221 1091.2193004691944
leaf_count=1875 1053 3427 1547 4047 216 16263
internal_value=3.51842e-05 0.000364611 2.14169e-05 0.000334043 2.08254e-05 -0.000227099
internal_weight=2315.8 1024.78 670.608 521.219 426.469 1291.02
internal_count=28428 10290 6863 5316 4263 18138
is_linear=0
shrinkage=0.03


Tree=312
num_leaves=7
num_cat=0
split_feature=28 16 3 3 24 23
split_gain=0.150541 0.216377 0.211453 0.270627 0.208426 0.19299
threshold=0.1359570845961571 1.0000000180025095e-35 -0.26367477576209419 -0.15973985177586061 2.5000000000000004 0.073537440652164401
decision_type=10 2 2 2 2 2
left_child=1 -1 -2 5 -3 -4
right_child=2 4 3 -5 -6 -7
leaf_value=-0.00010352705064877046 -0.000924552120753957 -0.0022586107238733084 0.00054313423965198328 1.2923116359281546e-05 0.00011688531080573281 0.0020704760433491961
leaf_weight=1015.1367426279467 119.4291641737218 77.56423944758717 259.73075150398654 698.2253332491382 52.064057679206599 101.24985592556186
leaf_count=14448 1558 1248 2809 6626 783 979
internal_value=-1.29939e-05 -0.000256891 0.000224063 0.000361009 -0.00136447 0.00101579
internal_weight=2323.4 1144.77 1178.64 1059.21 129.628 360.981
internal_count=28451 16479 11972 10414 2031 3788
is_linear=0
shrinkage=0.03


Tree=313
num_leaves=7
num_cat=0
split_feature=31 6 27 3 11 3
split_gain=0.180678 0.303163 0.192194 0.188948 0.210465 0.168936
threshold=7.1176422238349923 -0.14553733222604745 2.4085525274276738 -0.21412442350750885 -0.1023479560007803 -0.065510649338639343
decision_type=10 2 10 2 2 2
left_child=2 -2 5 -3 -5 -1
right_child=1 3 -4 4 -6 -7
leaf_value=-0.0001805504019648823 -0.00091178609628431216 -0.00037292849448164613 -0.00126583323180105 -0.0012111037618600473 0.0014635649865351503 0.00054288088706785779
leaf_weight=1377.8484985842661 94.896001165325288 77.364461809658678 111.05366505275015 21.648063892789651 283.23656152546755 357.45452234463301
leaf_count=15480 2267 1625 1177 349 4133 3442
internal_value=2.49805e-05 0.000539097 -0.000110068 0.000913351 0.00124122 -2.92743e-05
internal_weight=2323.5 477.145 1846.36 382.249 304.885 1735.3
internal_count=28473 8374 20099 6107 4482 18922
is_linear=0
shrinkage=0.03


Tree=314
num_leaves=7
num_cat=0
split_feature=10 14 4 27 14 36
split_gain=0.17715 0.231656 0.154651 0.290865 0.152064 0.151747
threshold=-0.13167212107272711 0.15789183885710947 -0.20708680384658804 1.3969861268997195 0.02708902638679447 1.5582094863702209
decision_type=2 2 2 10 2 10
left_child=1 -1 3 5 -4 -2
right_child=2 -3 4 -5 -6 -7
leaf_value=-0.00019983824763808192 -0.0019102386183354244 0.0033999743056734506 -0.0012807665513090076 0.0015302411157342652 7.1930698954408468e-05 0.00047929756625449268
leaf_weight=31.03367772808997 112.01740466459887 21.237742140889168 67.61484529619338 27.701332524418831 2050.2915998287499 25.406428288784809
leaf_count=683 1704 119 5252 365 20104 308
internal_value=-4.95496e-06 0.00157387 -4.78093e-05 -0.00090461 2.29294e-05 -0.00146592
internal_weight=2335.3 52.2714 2283.03 165.125 2117.91 137.424
internal_count=28535 802 27733 2377 25356 2012
is_linear=0
shrinkage=0.03


Tree=315
num_leaves=7
num_cat=0
split_feature=29 35 2 2 1 23
split_gain=0.134372 0.167545 0.207749 0.272867 0.338271 0.322443
threshold=7.5930829048156747 -1.4517834591497845 -0.0087989936573604054 -0.131260380816732 -0.0032388231360690029 -1.0000000180025095e-35
decision_type=10 8 2 2 2 2
left_child=1 2 3 4 -1 -5
right_child=-2 -3 -4 5 -6 -7
leaf_value=0.0010215087377406669 -0.0013326994307067438 -7.9218540339808893e-05 -0.00082433939503061043 -0.00017174033073862554 -0.0013516832268680257 0.0022342328041590905
leaf_weight=113.86817017555586 54.377443179255351 1789.3693627932225 76.597947263566311 70.649910461332183 85.912132861907594 151.95412312977714
leaf_count=2066 594 21325 1016 858 1095 1705
internal_value=1.91933e-05 5.69767e-05 0.000537339 0.000797628 -1.4827e-05 0.00149607
internal_weight=2342.73 2288.35 498.982 422.384 199.78 222.604
internal_count=28659 28065 6740 5724 3161 2563
is_linear=0
shrinkage=0.03


Tree=316
num_leaves=7
num_cat=0
split_feature=4 37 7 12 0 2
split_gain=0.177005 0.206322 0.171593 0.283401 0.220955 0.33476
threshold=-0.059176521519506295 3.0055664539837323 0.081556182558951265 1.1816921222539476 0.082363552169606349 0.045092583946012975
decision_type=2 8 2 2 2 2
left_child=2 -2 4 -4 5 -1
right_child=1 -3 3 -5 -6 -7
leaf_value=-0.0002948723864045845 4.4490186669345701e-05 0.0011964671893367838 -5.6022812635741664e-05 -0.0018444589125858495 0.00079384340559621441 0.0018916592270506872
leaf_weight=1112.3464894832869 401.99325800065708 205.30871943687089 205.94488750078017 120.80829823762178 249.27198994392529 56.836924131435808
leaf_count=15081 5210 1934 2448 604 2737 676
internal_value=1.01063e-05 0.000447009 -0.000143609 -0.000752386 9.13613e-07 -0.000173439
internal_weight=2352.51 607.302 1745.21 326.753 1418.46 1169.18
internal_count=28690 7144 21546 3052 18494 15757
is_linear=0
shrinkage=0.03


Tree=317
num_leaves=7
num_cat=0
split_feature=27 4 28 36 30 34
split_gain=0.136089 0.156089 0.117243 0.363299 0.256386 0.244299
threshold=3.2658895254135136 -0.16666392047883299 1.4798393249511721 2.5043044921800952 -5.6257798671722403 1.3621511314995589
decision_type=10 2 10 8 10 10
left_child=2 -2 -1 4 -4 -6
right_child=1 -3 3 -5 5 -7
leaf_value=-0.00010806303967441673 0.0007865208638615452 -0.0018982481152731408 -0.0019543720914254885 -0.0019135529575391409 0.0012798861656461576 -8.5163308847012131e-05
leaf_weight=1687.319624702126 20.857279587187804 57.985851617413573 23.388383325422183 46.408384796697646 312.62564118317096 184.16717224149033
leaf_count=22313 263 693 260 383 3138 1507
internal_value=-2.77482e-05 -0.00117943 1.757e-05 0.000387094 0.000624569 0.00078215
internal_weight=2332.75 78.8431 2253.91 566.59 520.181 496.793
internal_count=28557 956 27601 5288 4905 4645
is_linear=0
shrinkage=0.03


Tree=318
num_leaves=7
num_cat=0
split_feature=34 21 9 12 11 7
split_gain=0.137252 0.218337 0.11258 0.205585 0.280681 0.261019
threshold=-7.6496938218673067 1.0000000180025095e-35 0.055075911677015643 1.1164835115866014 0.029119628003744003 0.0034887357793136607
decision_type=8 2 2 2 2 2
left_child=1 -1 -2 4 -4 -5
right_child=2 -3 3 5 -6 -7
leaf_value=0.002660766432646009 4.8448116674287007e-05 4.2588735193268582e-05 -0.00050913648813254967 0.00022563670117899186 0.0011374870422032821 -0.0017164770858079754
leaf_weight=32.922238651764928 1543.2876983137394 87.314951526146615 286.27770932778367 91.871862296015024 125.90526642359328 170.4940595254302
leaf_count=672 19175 2027 3759 501 1594 874
internal_value=-3.81073e-05 0.000908731 -9.32875e-05 -0.000413532 8.86982e-06 -0.0010531
internal_weight=2338.07 120.237 2217.84 674.549 412.183 262.366
internal_count=28602 2699 25903 6728 5353 1375
is_linear=0
shrinkage=0.03


Tree=319
num_leaves=7
num_cat=0
split_feature=36 14 36 28 34 0
split_gain=0.15386 0.215231 0.190815 0.332889 0.316301 0.284984
threshold=0.42825345788464614 0.41385917847164688 0.82142514997437888 2.5651172399520878 0.90278218189875303 0.12653497290257446
decision_type=10 2 10 10 10 2
left_child=1 -1 3 -2 -4 -6
right_child=2 -3 4 -5 5 -7
leaf_value=-0.00019204127262458087 0.00044962051481963849 -0.0019137536130995911 0.00041934059969474838 0.0036931698247670433 -0.0014413594735302668 0.00091187389979192944
leaf_weight=1341.1856460547424 170.87027836230118 58.952968537807465 497.57833843209664 25.148517407011241 182.1511096569011 53.446387327741832
leaf_count=17740 2117 243 5968 228 1711 420
internal_value=-7.97516e-05 -0.000277591 0.000218141 0.00102482 -8.41727e-06 -0.000892125
internal_weight=2329.33 1400.14 929.195 196.019 733.176 235.597
internal_count=28427 17983 10444 2345 8099 2131
is_linear=0
shrinkage=0.03


Tree=320
num_leaves=7
num_cat=0
split_feature=31 20 26 35 23 7
split_gain=0.127203 0.195137 0.156167 0.2287 0.241909 0.233302
threshold=4.4362272322177896 0.01555683694556176 0.49525988101959234 1.7196999531653194 0.054178310865631969 -0.031371926671917141
decision_type=10 2 10 10 2 2
left_child=2 -2 -1 -4 5 -5
right_child=1 -3 3 4 -6 -7
leaf_value=-2.1341865367518161e-05 -6.7638891787331608e-05 0.00090176461503751353 -0.001385400833952916 -0.0011471553029476134 -0.0014165798513884581 0.0012688060850703812
leaf_weight=1043.6780814204831 595.77311329357326 261.47880147767137 208.40488153195474 41.227391951018944 66.970190102700144 117.92801031656563
leaf_count=11193 9410 3999 1945 458 543 983
internal_value=-5.40252e-05 0.000235037 -0.000222113 -0.000693007 -2.32264e-05 0.000612159
internal_weight=2335.46 857.252 1478.21 434.53 226.126 159.155
internal_count=28531 13409 15122 3929 1984 1441
is_linear=0
shrinkage=0.03


Tree=321
num_leaves=7
num_cat=0
split_feature=15 3 22 34 29 31
split_gain=0.207356 0.176455 0.222279 0.212584 0.25472 0.242412
threshold=1.5000000000000002 -0.15973985177586061 -0.079005029170635718 0.90278218189875303 -1.7455261945724485 7.3192882537841806
decision_type=2 2 2 10 8 10
left_child=1 2 -1 4 -3 -6
right_child=-2 3 -4 -5 5 -7
leaf_value=-0.00024165691951076018 -0.00074258737807022764 0.0007577492076951129 0.00077319386471258575 -0.00075921013935383692 -0.00048022113913527375 0.0017128235410344276
leaf_weight=280.2634824065608 268.89335748288431 343.8548481509788 595.21710862443433 319.07393781817518 480.41071367962286 40.183624272525776
leaf_count=3886 3564 4676 7952 2782 4923 699
internal_value=2.5429e-05 0.000128832 0.000449254 -0.000109971 0.000135609 -0.000281854
internal_weight=2327.9 2059 875.481 1183.52 864.449 520.594
internal_count=28482 24918 11838 13080 10298 5622
is_linear=0
shrinkage=0.03


Tree=322
num_leaves=7
num_cat=0
split_feature=28 34 34 14 28 14
split_gain=0.106124 0.12428 0.221619 0.180922 0.127256 0.309343
threshold=4.1199619770050058 -7.6496938218673067 -6.4188312937815981 0.071389971370643873 -1.0012285113334654 0.12083973189849929
decision_type=10 8 8 2 8 2
left_child=1 3 -3 -1 5 -4
right_child=-2 2 4 -5 -6 -7
leaf_value=-0.00055628936033978943 0.0011295002131408568 -0.001759726936395695 -0.00037732509476367984 0.0017516871798204799 -9.4911842372233355e-05 0.0014068876448935757
leaf_weight=42.33237333658326 68.39305005595088 55.877951657166705 165.47223751313868 72.757677908986807 1765.5971977022127 167.87582269310951
leaf_count=2001 596 1016 3888 614 19356 1091
internal_value=4.42819e-05 6.77325e-06 -4.63831e-05 0.000926162 7.35724e-06 0.000536019
internal_weight=2338.31 2269.91 2154.82 115.09 2098.95 333.348
internal_count=28562 27966 25351 2615 24335 4979
is_linear=0
shrinkage=0.03


Tree=323
num_leaves=7
num_cat=0
split_feature=14 27 14 4 30 22
split_gain=0.140285 0.336967 0.126719 0.130449 0.239962 0.208203
threshold=0.41385917847164688 2.1409999492153119e-14 0.018054258162199393 -0.099630410757952884 -7.7647809982299796 0.0012964097432865975
decision_type=2 10 2 2 10 2
left_child=2 -2 -1 -4 5 -5
right_child=1 -3 3 4 -6 -7
leaf_value=-0.0014822094964843842 -0.0026270532513583103 0.00049224786582783122 -0.00010334275496828671 0.0019496833475785851 0.00013456174660068866 -0.00039707920355520654
leaf_weight=36.729754235449946 48.427436798810959 61.226771682500839 1258.6479078205302 122.95864347182214 782.99722993932664 41.712291397154331
leaf_count=4233 200 252 13946 1464 8034 499
internal_value=1.12587e-05 -0.000989775 6.43714e-05 9.66897e-05 0.000360668 0.00136653
internal_weight=2352.7 109.654 2243.05 2206.32 947.668 164.671
internal_count=28628 452 28176 23943 9997 1963
is_linear=0
shrinkage=0.03


Tree=324
num_leaves=7
num_cat=0
split_feature=35 28 4 27 14 4
split_gain=0.166732 0.147979 0.405479 0.282442 0.259693 0.25636
threshold=-3.9946261004855228 -1.0012285113334654 -0.19125171778327066 0.46026536822319036 0.035004915438973876 -0.16593410500468495
decision_type=8 10 2 10 2 2
left_child=-1 2 3 -2 -4 -3
right_child=1 5 4 -5 -6 -7
leaf_value=0.0010054063470944861 -0.0023639603057239566 0.00043210819657250762 -0.0013812778159915022 0.0014250988481953751 0.0008129341647598933 -0.0004648949296172471
leaf_weight=117.944932512386 66.079362296091858 363.9684065230831 44.832389053117367 15.739508943544932 477.06158122606575 1234.9445806629374
leaf_count=1715 1237 4272 2902 296 4876 13086
internal_value=-4.78398e-05 -0.000108527 0.000288479 -0.00155924 0.000602019 -0.000259289
internal_weight=2320.57 2202.63 603.713 81.8189 521.894 1598.91
internal_count=28384 26669 9311 1533 7778 17358
is_linear=0
shrinkage=0.03


Tree=325
num_leaves=7
num_cat=0
split_feature=8 0 29 29 14 28
split_gain=0.118487 0.228172 0.102755 0.233302 0.312415 0.181046
threshold=0.23216899988254566 0.022104538957884005 -1.0521015524864195 -2.3754527568817134 0.2277947556113353 4.1199619770050058
decision_type=2 2 10 10 2 10
left_child=2 -2 3 5 -5 -1
right_child=1 -3 -4 4 -6 -7
leaf_value=-5.399589078931857e-05 0.0027415978080811468 -0.00054721181041497723 0.00025884529235343037 -0.0015781645032309792 0.00072568175318774562 0.0019314260845007666
leaf_weight=1188.2767007769726 30.074165820609778 30.816759489593096 810.45080986972607 186.2257816066558 65.819443747401237 32.81322665931657
leaf_count=15557 347 319 9003 2742 310 301
internal_value=2.68571e-05 0.00123474 -1.05936e-05 -0.000159572 -0.000971801 1.46119e-05
internal_weight=2344.48 60.8909 2283.59 1473.14 252.045 1221.09
internal_count=28579 666 27913 18910 3052 15858
is_linear=0
shrinkage=0.03


Tree=326
num_leaves=7
num_cat=0
split_feature=0 0 29 3 4 33
split_gain=0.123697 0.133882 0.222354 0.175059 0.237052 0.18616
threshold=0.46586906684600954 0.28771785543013256 1.4990208745002749 -0.12749624343694693 -1.0000000180025095e-35 0.69010631243387877
decision_type=2 2 8 2 2 10
left_child=1 3 -3 5 -5 -1
right_child=-2 2 -4 4 -6 -7
leaf_value=-7.4787307116325156e-05 0.0013569096551920481 -0.0017043448065002494 0.0010967059912858944 -0.00021153137237430703 -0.0017175529976779186 0.00073057806872489086
leaf_weight=901.40143294222071 41.434159485506825 94.897454989084508 26.076242083800025 810.71868581930175 97.08544382484979 351.1938124425651
leaf_count=12493 438 996 254 8977 1061 4235
internal_value=-9.91246e-05 -0.000131375 -0.00106293 -7.45548e-05 -0.000389552 0.000155013
internal_weight=2322.81 2281.37 120.974 2160.4 907.804 1252.6
internal_count=28454 28016 1250 26766 10038 16728
is_linear=0
shrinkage=0.03


Tree=327
num_leaves=7
num_cat=0
split_feature=23 3 20 13 4 9
split_gain=0.0991196 0.179151 0.239411 0.258836 0.219096 0.272731
threshold=-0.3021662770987818 -0.25212466933018818 -0.10856945562002811 2.4414009612931857 -0.17818859632036851 -0.0046656109762277511
decision_type=2 2 2 2 2 2
left_child=-1 -2 3 4 -3 -6
right_child=1 2 -4 -5 5 -7
leaf_value=-0.00035828873523434163 -0.00060196838547524432 -0.00075760433945986131 0.00012330841969439255 -0.00055218914883537135 0.00074718912219101565 0.0034196755751611605
leaf_weight=399.24774102424271 236.52427303843433 22.35503824299667 1481.2986590976652 54.405851123039611 75.060638022201601 67.102001203515101
leaf_count=5855 3620 298 16387 849 874 654
internal_value=6.64983e-05 0.000155456 0.000263728 0.00116696 0.00173454 0.00215046
internal_weight=2335.99 1936.75 1700.22 218.924 164.518 142.163
internal_count=28537 22682 19062 2675 1826 1528
is_linear=0
shrinkage=0.03


Tree=328
num_leaves=7
num_cat=0
split_feature=8 12 37 22 29 29
split_gain=0.119619 0.116267 0.109031 0.168631 0.123954 0.112443
threshold=-0.22904671692901882 0.85347191826357749 -6.0137545348643657 -0.0090148386583756412 -0.83100709319114674 -22.315703392028805
decision_type=2 2 8 2 10 8
left_child=1 -1 3 4 -2 -4
right_child=2 -3 5 -5 -6 -7
leaf_value=-0.0022257983355067931 0.0013161296200844903 0.00089918825207360275 -0.0017478024522213532 0.0021979972122933432 -0.0020008453894507349 4.7631762518574647e-05
leaf_weight=28.570678223128198 8.8126142805849685 8.566842705011366 21.846638912335038 39.950727141389507 13.632425986928864 2202.5633631049423
leaf_count=1058 272 60 282 936 306 25536
internal_value=2.90657e-05 -0.0014671 5.96451e-05 0.00120541 -0.000694251 2.22549e-05
internal_weight=2323.94 37.1375 2286.81 62.3958 22.445 2224.41
internal_count=28450 1118 27332 1514 578 25818
is_linear=0
shrinkage=0.03


Tree=329
num_leaves=7
num_cat=0
split_feature=27 31 28 6 26 7
split_gain=0.136828 0.198235 0.26373 0.244339 0.19374 0.242496
threshold=-0.48809476196765894 2.3203468918800358 1.0000000180025095e-35 -0.21833246466482359 0.37857179343700414 0.017798433419093155
decision_type=8 10 10 2 10 2
left_child=1 2 -1 -3 5 -4
right_child=-2 3 4 -5 -6 -7
leaf_value=-0.0025059087564474054 -0.00011137393953303661 -0.0010561234438224041 0.00225379757729265 0.0014143428428436535 -0.0014252119826629374 -0.00055457818009736661
leaf_weight=28.542818806017749 1947.4954635045142 35.701403282233514 49.445833922247402 204.2857623896125 32.584846557117999 45.796250782208517
leaf_count=348 22384 1052 552 3589 278 413
internal_value=-7.41274e-06 0.00049357 -0.000326031 0.00101928 0.000307219 0.000979033
internal_weight=2343.85 396.357 156.37 239.987 127.827 95.2421
internal_count=28616 6232 1591 4641 1243 965
is_linear=0
shrinkage=0.03


Tree=330
num_leaves=7
num_cat=0
split_feature=27 27 14 22 1 6
split_gain=0.139377 0.275992 0.257878 0.223483 0.242684 0.261628
threshold=-0.48809476196765894 -0.0610256940126419 0.19003227656972535 -0.097083997281630391 -0.045788356294305457 -0.33261474760587822
decision_type=8 8 2 2 2 2
left_child=3 2 -2 -1 5 -5
right_child=1 -3 -4 4 -6 -7
leaf_value=0.001891142516272712 -0.00029593712868612401 -2.2839800406099163e-05 -0.0022523722062864739 -0.001397882093916067 -0.00048555421605761491 0.0018605174285607944
leaf_weight=68.048474366252776 158.68701504357159 1677.88487278088 91.907880559563637 20.592958892288152 214.53541985207994 89.519744101795368
leaf_count=1212 2527 19189 465 586 2806 1571
internal_value=-5.87843e-05 -0.000164049 -0.00107237 0.000449394 9.97129e-05 0.00118549
internal_weight=2321.18 1928.48 250.595 392.697 324.648 110.113
internal_count=28356 22181 2992 6175 4963 2157
is_linear=0
shrinkage=0.03


Tree=331
num_leaves=7
num_cat=0
split_feature=28 10 28 26 11 31
split_gain=0.159096 0.339327 0.185723 0.205706 0.191076 0.221659
threshold=1.0000000180025095e-35 -0.13167212107272711 -0.27781176567077631 0.18547734618186953 -0.009610336314069599 8.0804841518402117
decision_type=8 2 10 10 2 10
left_child=2 -2 3 -1 -5 -6
right_child=1 -3 -4 4 5 -7
leaf_value=-0.00043813669549610021 0.0029444975456352227 0.00023343586293622301 -0.0010272257045885803 0.0017200313882826162 -0.00070099524322572715 0.0012836122367363837
leaf_weight=350.74974838543858 32.881732237816323 1479.8486179512693 180.78072138235439 87.177663639828097 118.85554363884148 73.498911419941578
leaf_count=6086 405 15694 2202 1290 1368 1379
internal_value=0.000130268 0.000311315 -0.000207086 4.05197e-05 0.000635514 8.32851e-05
internal_weight=2323.79 1512.73 811.063 630.282 279.532 192.354
internal_count=28424 16099 12325 10123 4037 2747
is_linear=0
shrinkage=0.03


Tree=332
num_leaves=7
num_cat=0
split_feature=8 0 2 35 33 14
split_gain=0.175598 0.372958 0.132423 0.217847 0.292107 0.168717
threshold=0.23216899988254566 0.022104538957884005 -0.014173685280873304 0.10260241537813158 0.6244606375694276 0.098834731350243912
decision_type=2 2 2 10 10 2
left_child=2 -2 -1 5 -5 -4
right_child=1 -3 3 4 -6 -7
leaf_value=1.6595921860137315e-05 0.0033750165482397255 -0.00080944054199422319 -1.3348607924431664e-05 0.0013625633352365967 -0.0011327496205291011 -0.0020562782062771351
leaf_weight=1976.9354522349458 30.055981593963224 30.794084202178055 54.040885753202019 78.075592339446303 71.270013407338411 102.17862029373646
leaf_count=24073 342 317 1351 956 809 667
internal_value=-2.90781e-05 0.00144205 -7.44167e-05 -0.000645113 0.000175405 -0.00139289
internal_weight=2343.35 60.8501 2282.5 305.565 149.346 156.22
internal_count=28515 659 27856 3783 1765 2018
is_linear=0
shrinkage=0.03


Tree=333
num_leaves=7
num_cat=0
split_feature=28 36 30 6 7 29
split_gain=0.156541 0.354181 0.197753 0.19292 0.281823 0.193103
threshold=2.6208504438400273 2.5563570544531697 5.9475224018096933 0.2531370982072077 0.081556182558951265 1.0216190218925478
decision_type=10 10 10 2 2 10
left_child=2 3 -1 4 5 -2
right_child=1 -3 -4 -5 -6 -7
leaf_value=-3.8706523221425907e-05 0.0014995567733481169 -0.002293436603305513 -0.0016742556673299727 0.002554044385039241 -0.0017024182109578068 -0.00085177659618677166
leaf_weight=1998.9337457817455 140.33060212270357 23.446411989629269 58.846950711216778 47.563255445333198 32.182612680830061 32.715180964092724
leaf_count=25562 1321 190 588 374 248 297
internal_value=-2.33843e-06 0.000655206 -9.33495e-05 0.00100556 0.000544691 0.00103278
internal_weight=2334.02 276.238 2057.78 252.792 205.228 173.046
internal_count=28580 2430 26150 2240 1866 1618
is_linear=0
shrinkage=0.03


Tree=334
num_leaves=7
num_cat=0
split_feature=35 37 33 29 25 8
split_gain=0.146155 0.135085 0.203154 0.126685 0.12193 0.11343
threshold=-5.8023672352234517 -4.7630002841663845 -1.803974527865648 -0.64784598350524891 0.045246632937808513 0.30369138395519463
decision_type=8 8 10 8 2 2
left_child=4 2 3 -2 -1 -3
right_child=1 5 -4 -5 -6 -7
leaf_value=0.0028515573357852735 0.00095394950391070087 -5.5601837557829575e-05 0.0018943270229502659 -0.0021167000873336395 -0.00036943372652336362 0.0018390334253963483
leaf_weight=19.956518714141566 14.32863630846259 2181.023334412399 67.262081902183127 16.286955235467762 13.165051847230641 18.815953449113294
leaf_count=322 461 25551 1408 392 192 207
internal_value=5.21009e-05 1.95409e-05 0.00105607 -0.000798543 0.00178251 -3.11477e-05
internal_weight=2330.84 2297.72 97.8777 30.6156 33.1216 2199.84
internal_count=28533 28019 2261 853 514 25758
is_linear=0
shrinkage=0.03


Tree=335
num_leaves=7
num_cat=0
split_feature=23 24 2 22 7 4
split_gain=0.130584 0.203824 0.263668 0.242062 0.214529 0.183947
threshold=-0.29108432140184476 2.5000000000000004 -0.19311438320140856 -0.1672358572865161 0.025662873933693108 -0.17231842549441675
decision_type=2 2 2 2 2 2
left_child=-1 2 4 -3 -2 -4
right_child=1 3 5 -5 -6 -7
leaf_value=-0.00044028839968112278 -0.00013128485841362597 -0.0013218438817400875 -0.00083394877326938683 0.0006706088457600275 -0.0022430761156188531 0.0002553401981943598
leaf_weight=413.88195812361664 89.259266595472582 50.241457025636919 156.53445727704093 704.25258502480574 76.569442820269614 852.27637007916928
leaf_count=5984 1773 644 1961 7666 1129 9430
internal_value=3.68903e-05 0.000141008 -0.000106294 0.000522377 -0.00117849 7.97917e-05
internal_weight=2343.02 1929.13 1174.64 754.494 165.829 1008.81
internal_count=28587 22603 14293 8310 2902 11391
is_linear=0
shrinkage=0.03


Tree=336
num_leaves=7
num_cat=0
split_feature=27 29 23 26 7 0
split_gain=0.125827 0.17777 0.106887 0.172847 0.215818 0.107995
threshold=2.8338406085968022 -4.6581373214721671 0.70902891549459535 0.29533955454826361 0.13190552335520442 0.40629810526123383
decision_type=10 10 2 10 2 2
left_child=2 -2 5 4 -4 -1
right_child=1 -3 3 -5 -6 -7
leaf_value=4.2936839874414648e-05 0.00025239137301168201 -0.0019409959438474618 0.0038648495055173173 -0.00050686598119053182 -0.00012368564989657973 0.0012522458559689894
leaf_weight=2093.9945231496968 63.426226602285169 55.525031597702764 20.412258797266986 28.147287085070275 19.394813459832221 58.677980945329182
leaf_count=25832 795 637 264 294 185 577
internal_value=6.90577e-05 -0.000842579 0.000121449 0.00121311 0.00228689 8.15383e-05
internal_weight=2339.58 118.951 2220.63 67.9544 39.8071 2152.67
internal_count=28584 1432 27152 743 449 26409
is_linear=0
shrinkage=0.03


Tree=337
num_leaves=7
num_cat=0
split_feature=28 28 36 14 33 14
split_gain=0.18586 0.197397 0.319335 0.287366 0.363308 0.263774
threshold=0.37049102783203131 -0.27781176567077631 1.6576886420335737 0.22021843570589214 -0.17873199159900346 0.19003227656972535
decision_type=10 8 10 2 8 2
left_child=1 2 -1 5 -5 -3
right_child=-2 3 -4 4 -6 -7
leaf_value=-0.00022818044788495642 0.00024465801336809946 -0.00052198360527887352 0.0014863993758280451 0.00018231506784106209 -0.0026765064500509231 0.0015937885208129946
leaf_weight=530.56260722903244 1061.2036885693378 426.29121138621122 109.38160175748635 59.274141192436218 105.80980753898621 50.575851276516914
leaf_count=8668 10572 6707 1503 290 515 313
internal_value=-4.7744e-05 -0.000289826 8.32424e-05 -0.000657301 -0.00169825 -0.000269461
internal_weight=2343.1 1281.9 639.944 641.951 165.084 476.867
internal_count=28568 17996 10171 7825 805 7020
is_linear=0
shrinkage=0.03


Tree=338
num_leaves=7
num_cat=0
split_feature=30 9 30 31 36 25
split_gain=0.15946 0.252378 0.157631 0.165603 0.190493 0.194734
threshold=5.3939504623413095 0.0093130960852280693 4.5884289741516122 -1.5772320250980554 -1.0000000180025095e-35 0.0044292037267302251
decision_type=10 2 10 8 10 2
left_child=2 -2 3 4 -1 -6
right_child=1 -3 -4 -5 5 -7
leaf_value=-0.0014811047475219049 0.00039955622727882501 -0.0022132789600630121 0.0013814402842062903 7.2602847837523123e-05 -0.0010042721698897282 0.0018143851686815119
leaf_weight=125.59841027366929 56.174281338695437 63.246871780138463 65.592020452488214 1945.2466881050204 35.933385524898767 33.131399909034371
leaf_count=1090 597 498 598 25109 285 235
internal_value=-2.48407e-05 -0.00104832 3.50594e-05 -1.24431e-05 -0.000824321 0.000406342
internal_weight=2324.92 119.421 2205.5 2139.91 194.663 69.0648
internal_count=28412 1095 27317 26719 1610 520
is_linear=0
shrinkage=0.03


Tree=339
num_leaves=7
num_cat=0
split_feature=0 24 34 3 37 12
split_gain=0.145301 0.13939 0.14847 0.129551 0.119439 0.144144
threshold=0.46586906684600954 7.5000000000000009 -1.0171306927998858 -0.2184504760636512 -0.23172098718201481 0.67892112849917652
decision_type=2 2 10 2 8 2
left_child=1 -1 3 -3 5 -5
right_child=-2 2 -4 4 -6 -7
leaf_value=-0.0001653634196325232 0.0015489819197396599 -0.00067950734145811947 -0.00029673065115245773 0.0017188478659808536 0.0029458068369484689 -0.0013422170640049053
leaf_weight=2122.0163900214102 39.170144247065764 15.887489861226639 70.510836711386219 23.374964099493809 37.912305137841031 14.356873929500578
leaf_count=25901 416 317 760 457 458 96
internal_value=-6.51715e-05 -9.94846e-05 0.000722693 0.00145988 0.00193609 0.000516935
internal_weight=2323.23 2284.06 162.042 91.5316 75.6441 37.7318
internal_count=28405 27989 2088 1328 1011 553
is_linear=0
shrinkage=0.03


Tree=340
num_leaves=7
num_cat=0
split_feature=25 25 2 2 11 5
split_gain=0.135783 0.161094 0.179509 0.34787 0.23412 0.337851
threshold=0.77179187551235173 0.24999923861273435 -0.034696892541522736 -0.043662164216163528 0.076031306666184642 0.0096641171071157866
decision_type=2 2 2 2 2 2
left_child=1 2 3 4 5 -1
right_child=-2 -3 -4 -5 -6 -7
leaf_value=0.000102009175136797 0.00096737937188390636 -0.00061380366734231813 -0.0005023814139545823 0.002690965693530984 -0.00094812697459906116 0.0017295932126868997
leaf_weight=1147.1279211292858 114.58781143123633 368.92997966657276 385.5350688904 39.489528186619282 151.16483689285815 117.75064030161593
leaf_count=14220 1784 4451 4658 438 1622 1210
internal_value=3.67937e-06 -5.04207e-05 6.51811e-05 0.000217917 0.000130564 0.000265903
internal_weight=2324.59 2210 1841.07 1455.53 1416.04 1264.88
internal_count=28383 26599 22148 17490 17052 15430
is_linear=0
shrinkage=0.03


Tree=341
num_leaves=7
num_cat=0
split_feature=37 33 29 22 20 13
split_gain=0.119243 0.183889 0.123189 0.101557 0.170153 0.244557
threshold=-6.0137545348643657 -1.5996721535921095 0.16580872237682345 -0.16251717978601601 -0.13528992238379142 2.249904835165133
decision_type=8 10 8 2 2 2
left_child=1 2 -1 -2 5 -5
right_child=3 -3 -4 4 -6 -7
leaf_value=0.0010966115692084537 -0.00073125199715470975 0.002300561765625788 -0.0019457699087454584 0.0025827738822780544 -9.441747180570689e-05 -0.00024397766503967422
leaf_weight=13.938388793845659 195.43778668239247 36.574561057524988 15.166143330454362 43.040427502361126 1977.2656195208838 54.05669129214948
leaf_count=492 2739 792 355 452 22964 827
internal_value=-5.63062e-05 0.00111565 -0.000580915 -9.49629e-05 -3.17937e-05 0.00113321
internal_weight=2335.48 65.6791 29.1045 2269.8 2074.36 97.0971
internal_count=28621 1639 847 26982 24243 1279
is_linear=0
shrinkage=0.03


Tree=342
num_leaves=7
num_cat=0
split_feature=0 30 22 7 4 3
split_gain=0.116362 0.155012 0.129802 0.182464 0.216619 0.168141
threshold=0.42313246652566022 -0.61947470903396595 0.19069838614660242 0.082851968726798952 -0.13468710310256063 -0.015349603725542603
decision_type=2 8 2 2 2 2
left_child=2 -2 -1 4 -4 -6
right_child=1 -3 3 -5 5 -7
leaf_value=-7.5757582502020509e-05 -0.00050592094057111273 0.0023253105492492833 0.00178183505330954 0.0031190002150840385 0.00079488617467563698 -0.0019637979657937828
leaf_weight=2132.5980275211332 23.997488675056957 33.513932898524217 40.778588038752787 16.673192823189311 28.419490232656244 34.328400867059827
leaf_count=26282 310 282 591 171 395 411
internal_value=1.67328e-05 0.00124399 -1.99568e-05 0.000899848 0.000299192 -0.000776832
internal_weight=2310.31 57.5114 2252.8 120.2 103.526 62.7479
internal_count=28442 592 27850 1568 1397 806
is_linear=0
shrinkage=0.03


Tree=343
num_leaves=7
num_cat=0
split_feature=0 2 14 5 31 10
split_gain=0.162345 0.205607 0.129113 0.126185 0.269689 0.217724
threshold=0.40629810526123383 -0.11384991049432627 0.024241316280927152 -0.010697928979270485 -0.29756107926368708 -0.071381563725995315
decision_type=2 2 2 2 10 2
left_child=2 -2 -1 5 -5 -4
right_child=1 -3 3 4 -6 -7
leaf_value=-0.0013029404175961374 -0.0008219138367185167 0.0023584477611801242 -0.00092923960801222282 -0.0010147644859957591 3.1177167582560225e-05 0.00038711314963095543
leaf_weight=62.593800017813919 21.360445219383109 44.414818875433411 119.45089132152498 284.63042819686234 896.08849339745939 903.01652102731168
leaf_count=5512 253 424 1344 2489 9495 8994
internal_value=-1.26445e-05 0.00135346 -5.80754e-05 -1.69807e-05 -0.000227368 0.000225818
internal_weight=2331.56 65.7753 2265.78 2203.19 1180.72 1022.47
internal_count=28511 677 27834 22322 11984 10338
is_linear=0
shrinkage=0.03


Tree=344
num_leaves=7
num_cat=0
split_feature=11 11 11 20 3 0
split_gain=0.128375 0.229401 0.121466 0.194693 0.15836 0.158251
threshold=-0.17568712271944514 -0.15641386897587173 0.11129591335915441 -0.003647539369785797 -0.15736567704151794 0.033678522890869818
decision_type=2 2 2 2 2 2
left_child=-1 -2 -3 -4 -5 -6
right_child=1 2 3 4 5 -7
leaf_value=0.0014868492834267436 -0.0026476652447986427 -6.4547633159180024e-05 -0.00079625327141054532 0.0030661607374272938 0.001722514091487743 -0.00094433194913822978
leaf_weight=40.414979832363315 20.046462091500871 2142.8480221565987 38.632975106185768 29.180405299412087 32.765456569381058 28.843014646787196
leaf_count=695 296 26189 452 337 344 245
internal_value=-1.07405e-05 -4.34873e-05 -9.01234e-06 0.000849169 0.00155887 0.000516467
internal_weight=2332.73 2292.32 2272.27 129.422 90.7889 61.6085
internal_count=28558 27863 27567 1378 926 589
is_linear=0
shrinkage=0.03


Tree=345
num_leaves=7
num_cat=0
split_feature=20 35 24 4 33 33
split_gain=0.114729 0.260566 0.290182 0.279894 0.269694 0.219006
threshold=0.032911609014406977 1.9056738917198448 1.5000000000000002 -0.12893087604255352 0.77555407087008166 -2.2345386780798431
decision_type=2 10 2 2 10 8
left_child=-1 2 3 -2 5 -5
right_child=1 -3 -4 4 -6 -7
leaf_value=-0.00012252049825602478 -0.0024397752651415176 0.0014760675679107969 0.00062324870250514126 -0.0016394092000423723 -0.0026618944797258382 0.0014127774948159008
leaf_weight=1785.692566829006 58.799236324615777 132.67495419707848 256.57779194536852 19.052501231781207 17.207226371276192 74.655126857338473
leaf_count=21823 823 1485 3184 254 193 893
internal_value=-4.91559e-06 0.000366339 -4.95828e-06 -0.000936529 -3.74516e-06 0.000693969
internal_weight=2344.66 558.967 426.292 169.714 110.915 93.7076
internal_count=28655 6832 5347 2163 1340 1147
is_linear=0
shrinkage=0.03


Tree=346
num_leaves=7
num_cat=0
split_feature=11 2 3 28 35 12
split_gain=0.149279 0.161791 0.156474 0.141878 0.140598 0.123913
threshold=0.11129591335915441 -0.11607818977133898 -0.13680655424536073 0.35815529525280004 5.8340516425669202 2.1262134057663959
decision_type=2 2 2 8 10 2
left_child=4 -2 3 -3 5 -1
right_child=1 2 -4 -5 -6 -7
leaf_value=-0.00012885214982511373 -0.0007783330760487196 0.00027894684919216995 0.00024292324601926643 0.003643095573923472 0.0017542768543131341 0.00093791272473497229
leaf_weight=2099.4316605412459 29.548274541128194 18.431750238640234 49.142808307893574 28.714380537276156 28.285686398390681 92.83494558930397
leaf_count=26621 385 236 458 270 287 403
internal_value=1.03403e-05 0.000975849 0.00153674 0.00260685 -4.85041e-05 -7.96246e-05
internal_weight=2346.39 125.837 96.2889 47.1461 2220.55 2192.27
internal_count=28660 1349 964 506 27311 27024
is_linear=0
shrinkage=0.03


Tree=347
num_leaves=7
num_cat=0
split_feature=29 14 14 30 27 9
split_gain=0.109522 0.201692 0.326931 0.21727 0.173621 0.14266
threshold=-5.293468475341796 0.2277947556113353 0.19003227656972535 2.7197768688201909 2.8338406085968022 -0.043883386583417817
decision_type=10 2 2 8 10 2
left_child=1 2 5 -3 -2 -1
right_child=4 3 -4 -5 -6 -7
leaf_value=-0.00054601002091517691 -6.9507236360564459e-05 0.00093500143256162473 0.0023804303814272615 -0.0012840509567091996 -0.0015802159629421456 0.00056078340758568192
leaf_weight=131.87819668112206 1496.6036226539291 49.487095803022385 67.065475583076477 116.05071768164635 61.819309580954723 400.66935324814403
leaf_count=2731 17626 242 403 550 707 6297
internal_value=5.07108e-06 0.000296773 0.000551626 -0.000605197 -0.000139127 0.000281689
internal_weight=2323.57 765.151 599.613 165.538 1558.42 532.548
internal_count=28556 10223 9431 792 18333 9028
is_linear=0
shrinkage=0.03


Tree=348
num_leaves=7
num_cat=0
split_feature=35 9 31 2 4 5
split_gain=0.121501 0.315415 0.237433 0.320082 0.274144 0.258843
threshold=-1.4517834591497845 -0.038197240560662975 1.7237961292266848 -0.069270264150212466 -0.16666392047883299 -0.15933036968662093
decision_type=10 2 8 2 2 2
left_child=1 -1 3 -3 -4 -6
right_child=-2 2 4 -5 5 -7
leaf_value=-0.00073166521576205064 -0.00011168574542943331 0.00067878428646526827 -0.00033288445594093446 -0.0017026182100103998 -0.0013158001535183525 0.0018412471301521977
leaf_weight=176.06659472883621 1591.4150236544374 144.60352912457893 82.960128391394392 65.698358970461413 18.58201963105239 257.75672671943903
leaf_count=3053 18708 1338 1277 577 276 3324
internal_value=3.64352e-05 0.000349852 0.00069101 -0.000108682 0.00114935 0.00159042
internal_weight=2337.08 745.667 569.601 210.302 359.299 276.339
internal_count=28553 9845 6792 1915 4877 3600
is_linear=0
shrinkage=0.03


Tree=349
num_leaves=7
num_cat=0
split_feature=24 31 23 33 14 26
split_gain=0.117528 0.163226 0.152515 0.109275 0.106949 0.100166
threshold=7.5000000000000009 7.7198588252067575 0.20557854401914447 0.73314372698466002 0.028209123971929886 3.0020973682403569
decision_type=2 8 2 10 2 10
left_child=4 2 -2 -3 -1 -6
right_child=1 3 -4 -5 5 -7
leaf_value=-0.0011112160260075981 -0.00062556919502770566 0.0027938367859959156 0.0015427479401836405 -9.5862994234064596e-05 -0.00012265049202018908 0.00052305372350428014
leaf_weight=78.849092366232071 82.845983055478428 32.841097399301361 32.601810733904131 15.352108951425178 1859.1466383915395 234.57506588101387
leaf_count=6011 1009 521 357 221 18182 2270
internal_value=-3.20318e-05 0.000719317 6.09199e-05 0.00201502 -9.16609e-05 -4.8165e-05
internal_weight=2336.21 163.641 115.448 48.1932 2172.57 2093.72
internal_count=28571 2108 1366 742 26463 20452
is_linear=0
shrinkage=0.03


Tree=350
num_leaves=7
num_cat=0
split_feature=28 12 7 7 29 5
split_gain=0.160855 0.359128 0.238751 0.368811 0.414501 0.267619
threshold=0.31883437931537634 0.64445036247736109 0.081556182558951265 0.054001687910861608 7.5930829048156747 -0.017559999649694864
decision_type=8 2 2 2 8 2
left_child=-1 -2 3 4 -3 -5
right_child=1 2 -4 5 -6 -7
leaf_value=-0.00022455280886792404 0.00089644948813485926 0.0002440755661859745 -0.0010430299147604245 0.0032900412316847634 -0.0018885642551892969 0.00022211232272681256
leaf_weight=1027.9892271352437 500.96025103816646 424.69909614697099 182.76631198078394 42.94208025932312 91.184126690030098 52.555161226540804
leaf_count=14892 8649 2719 1043 255 613 305
internal_value=5.44291e-05 0.000275894 -0.000121841 0.000165893 -0.00016162 0.00178276
internal_weight=2323.1 1295.11 794.147 611.38 515.883 95.4972
internal_count=28476 13584 4935 3892 3332 560
is_linear=0
shrinkage=0.03


Tree=351
num_leaves=7
num_cat=0
split_feature=26 9 0 26 13 12
split_gain=0.162911 0.12228 0.109685 0.280024 0.216528 0.183932
threshold=-7.4371142387390128 0.20620103298965517 0.12653497290257446 -1.1123366951942442 2.3502401828962087 1.470437706341795
decision_type=8 2 2 8 2 2
left_child=-1 2 -2 -4 5 -5
right_child=1 -3 3 4 -6 -7
leaf_value=0.0019911907791676248 -0.0002567481124641085 0.0011828424023449765 -0.00078373314932543515 0.00054118082723549261 0.0016183772440623943 -0.0016299540868580224
leaf_weight=23.551575628109276 1800.006131741975 53.705787443439476 149.34069093497237 148.61776758573251 134.80857639171882 35.116897091269493
leaf_count=404 22872 656 1587 1438 1486 156
internal_value=-8.52505e-05 -0.000114765 -0.000150551 0.000254825 0.000750761 6.35014e-05
internal_weight=2345.15 2321.6 2267.89 467.884 318.543 183.735
internal_count=28599 28195 27539 4667 3080 1594
is_linear=0
shrinkage=0.03


Tree=352
num_leaves=7
num_cat=0
split_feature=24 22 23 27 26 2
split_gain=0.174848 0.200287 0.281344 0.350817 0.210343 0.167434
threshold=3.5000000000000004 0.0047679167627008865 0.20557854401914447 1.2843081355094912 -0.11155796423554419 -0.30538863271611455
decision_type=2 2 2 10 8 2
left_child=5 2 3 -2 -3 -1
right_child=1 4 -4 -5 -6 -7
leaf_value=-0.0016196365020416767 8.3015231558191652e-05 0.0019992166570736605 0.0010674514603229261 -0.0020215887134567468 0.00021818426499642333 -0.00014006051120984262
leaf_weight=62.319120000203839 292.42215688864235 103.36809987796005 150.58144326708862 83.952325499180006 131.90667023247806 1509.1342221501982
leaf_count=1587 3736 1316 1657 1004 1520 17691
internal_value=-2.80356e-05 0.000342119 1.22647e-05 -0.0004266 0.00105029 -0.000208606
internal_weight=2333.68 762.231 526.956 376.374 235.275 1571.45
internal_count=28511 9233 6397 4740 2836 19278
is_linear=0
shrinkage=0.03


Tree=353
num_leaves=7
num_cat=0
split_feature=8 20 7 27 7 31
split_gain=0.176816 0.118524 0.311606 0.176193 0.139217 0.265771
threshold=0.30369138395519463 0.028345673326884206 0.13799144546021239 0.81834876537323009 0.032749756560090847 4.4891423434019098
decision_type=2 2 2 10 2 8
left_child=1 -1 3 4 5 -3
right_child=-2 2 -4 -5 -6 -7
leaf_value=-0.00020753105750670751 0.0022139038842193394 -0.00077557312833806337 0.0026257355731676866 0.00088003103920223844 -0.0010313699749655506 0.0011244372362869902
leaf_weight=1736.3951304664079 20.535865313140675 127.2484318187926 37.119450469035655 160.9543822951382 130.38383819715818 118.31711827986874
leaf_count=21339 228 1384 327 1897 1323 2023
internal_value=-5.45114e-05 -8.4128e-05 0.000286323 7.95311e-05 -0.000277107 0.000148057
internal_weight=2330.95 2310.42 574.023 536.904 375.949 245.566
internal_count=28521 28293 6954 6627 4730 3407
is_linear=0
shrinkage=0.03


Tree=354
num_leaves=7
num_cat=0
split_feature=37 8 2 2 11 20
split_gain=0.143371 0.322099 0.322319 0.294166 0.337054 0.251531
threshold=-6.0137545348643657 0.18351816945545293 -0.030785707475686205 -0.11384991049432627 0.06050501081543451 -0.045400480291720315
decision_type=10 2 2 2 2 2
left_child=1 2 3 4 -1 -4
right_child=-2 -3 5 -5 -6 -7
leaf_value=0.00047341028514675171 -5.8669095166000904e-05 0.0039166372288447745 -0.0042667191335957781 0.0018859772040967504 -0.0031386229761696787 0.00045486964071273075
leaf_weight=119.13234617651324 2053.0244117790717 14.987864638416793 12.762125636858402 98.747349114404642 18.394972525158664 15.207609648176001
leaf_count=2098 24136 221 213 1250 303 297
internal_value=2.91538e-05 0.000654566 0.000333473 0.000719142 -0.000189718 -0.00225583
internal_weight=2332.26 279.232 264.244 236.275 137.527 27.9697
internal_count=28518 4382 4161 3651 2401 510
is_linear=0
shrinkage=0.03


Tree=355
num_leaves=7
num_cat=0
split_feature=14 12 31 37 27 13
split_gain=0.0923052 0.118238 0.112155 0.098154 0.0952049 0.302452
threshold=0.023708787731604213 -0.7983376973593882 2.485354065895081 -6.0137545348643657 -0.48809476196765894 2.3502401828962087
decision_type=2 2 8 8 8 2
left_child=-1 2 -2 -3 5 -5
right_child=1 3 -4 4 -6 -7
leaf_value=-0.0010730607981538479 -0.0010023650595362857 0.0011558505820537365 0.0023213965878233203 -0.00029291684368224402 -0.00012880203507505895 0.0014738420618236327
leaf_weight=61.704509794770274 5.9463384374976158 53.271401381120086 25.639883022755388 215.65989424474537 1848.4142783917487 133.49421206489205
leaf_count=5529 196 674 836 2027 17652 1695
internal_value=-1.31854e-05 2.00239e-05 0.0016051 -9.22092e-06 -4.25714e-05 0.000404807
internal_weight=2344.13 2282.43 31.5862 2250.84 2197.57 349.154
internal_count=28609 23080 1032 22048 21374 3722
is_linear=0
shrinkage=0.03


Tree=356
num_leaves=7
num_cat=0
split_feature=24 3 17 3 30 10
split_gain=0.112463 0.140164 0.118935 0.123484 0.11554 0.114448
threshold=7.5000000000000009 -0.18048803509133002 1.5000000000000002 0.094621633110485256 -1.7913843989372251 -0.13167212107272711
decision_type=2 2 2 2 8 2
left_child=2 4 3 5 -2 -1
right_child=1 -3 -4 -5 -6 -7
leaf_value=0.0012796333968692706 0.0010401475550266229 0.0012778885834335257 -0.0010032106272503559 0.0017681975950840443 -0.0014579039310870122 -0.00010048290827691648
leaf_weight=45.613347369071562 18.577958126901649 110.07236803759588 110.59681962247123 23.687765537993982 32.20996266847942 1976.2866294269043
leaf_count=682 355 1341 1694 346 388 23550
internal_value=-2.93137e-05 0.000711847 -8.76382e-05 -3.34972e-05 -0.00052334 -6.32035e-05
internal_weight=2317.04 160.86 2156.18 2045.59 50.7879 2021.9
internal_count=28356 2084 26272 24578 743 24232
is_linear=0
shrinkage=0.03


Tree=357
num_leaves=7
num_cat=0
split_feature=8 29 10 2 31 2
split_gain=0.139474 0.325487 0.140352 0.132802 0.223672 0.162934
threshold=0.20005708872711428 -6.3736929893493643 -0.15550802908845909 -0.034696892541522736 0.57824797928333294 0.036501405611771419
decision_type=2 10 2 2 10 2
left_child=2 -2 -1 -4 5 -5
right_child=1 -3 3 4 -6 -7
leaf_value=0.0019703491313690109 0.0032996547968617827 -6.7333276842776311e-05 7.7978925248824095e-05 -0.002259039925550876 -2.1487530495851426e-05 0.00015845839355061624
leaf_weight=22.177653352671769 29.066257888334803 75.179987201583572 1844.9508170328918 79.434114708914421 244.63340065436205 33.142073063645512
leaf_count=337 359 781 22648 813 3282 296
internal_value=5.58233e-05 0.00107811 3.30202e-06 -2.53252e-05 -0.000546474 -0.00159247
internal_weight=2328.58 104.246 2224.34 2202.16 357.21 112.576
internal_count=28516 1140 27376 27039 4391 1109
is_linear=0
shrinkage=0.03


Tree=358
num_leaves=7
num_cat=0
split_feature=28 24 30 27 4 25
split_gain=0.164251 0.208019 0.212506 0.175554 0.168521 0.177907
threshold=0.5529184639453889 3.5000000000000004 1.1450779438018801 2.8338406085968022 -0.0015811092208757988 -0.22657850729932286
decision_type=8 2 10 10 2 2
left_child=1 -1 -3 4 5 -2
right_child=3 2 -4 -5 -6 -7
leaf_value=-0.00053179134708303125 0.00099724269596809345 0.00062993902303786799 -0.0011247162750521716 -0.0010601152385135502 0.0014430819099862584 2.3208599481924261e-05
leaf_weight=755.81779160219594 203.96803234156687 326.19021766941296 66.663456655689515 75.137919541215524 105.49741124518914 801.27700085827382
leaf_count=10772 2147 4662 779 770 1041 8360
internal_value=1.14829e-05 -0.000243124 0.000311663 0.000258072 0.000355906 0.00022872
internal_weight=2334.55 1148.67 392.854 1185.88 1110.74 1005.25
internal_count=28531 16213 5441 12318 11548 10507
is_linear=0
shrinkage=0.03


Tree=359
num_leaves=7
num_cat=0
split_feature=0 10 14 10 24 36
split_gain=0.146527 0.120382 0.178146 0.115251 0.295523 0.226332
threshold=0.58092791144575839 -0.13167212107272711 0.15615506158883916 -0.071381563725995315 1.5000000000000002 -0.68396365063057996
decision_type=2 2 2 2 2 10
left_child=1 2 -1 4 5 -3
right_child=-2 3 -4 -5 -6 -7
leaf_value=-0.00025078443107026655 0.00214277790285611 -0.0032956286460707638 0.0029651027183080622 -1.7909750747116133e-05 0.00015307229416595882 -0.00043007078605401431
leaf_weight=30.371246736875037 17.512829575920478 43.168189898977289 18.918122366070747 2020.1388462285831 150.33047478101798 53.05442766030319
leaf_count=661 172 668 109 24184 2039 701
internal_value=-3.39591e-05 -5.95606e-05 0.00127545 -9.40653e-05 -0.000693027 -0.00190487
internal_weight=2333.49 2315.98 49.2894 2266.69 246.553 96.2226
internal_count=28534 28362 770 27592 3408 1369
is_linear=0
shrinkage=0.03


Tree=360
num_leaves=7
num_cat=0
split_feature=29 8 1 33 2 35
split_gain=0.124207 0.115833 0.221789 0.225071 0.182632 0.234524
threshold=7.5930829048156747 0.20005708872711428 0.0039327650127593669 0.16425620516141257 -0.014173685280873304 -2.8352772599707046
decision_type=10 2 2 10 2 10
left_child=1 4 3 -3 -1 -6
right_child=-2 2 -4 -5 5 -7
leaf_value=8.0262578027479137e-05 -0.0013175221237456364 0.0034245781519973823 -0.00038536804030330873 -0.00042680075598234733 -0.0024768091162047389 -0.00028773944446421702
leaf_weight=1919.1967477079161 53.731460510985926 31.991903433168773 52.503595004091039 17.25322653609328 46.275107527180808 218.82236610466498
leaf_count=23557 588 390 526 179 658 2674
internal_value=-1.11769e-05 2.51321e-05 0.000967223 0.00223095 -2.29603e-05 -0.000746004
internal_weight=2339.77 2286.04 101.749 49.2451 2184.29 265.097
internal_count=28572 27984 1095 569 26889 3332
is_linear=0
shrinkage=0.03


Tree=361
num_leaves=7
num_cat=0
split_feature=24 36 22 11 11 8
split_gain=0.117623 0.119686 0.155194 0.128237 0.106606 0.163496
threshold=7.5000000000000009 0.70044820470114566 -0.034167787777366891 0.022776386594080711 0.1237091212798322 0.12409720126279188
decision_type=2 10 2 2 2 2
left_child=4 2 -2 -3 -1 -6
right_child=1 3 -4 -5 5 -7
leaf_value=-0.0001023702842516499 -0.00063313927479507158 -0.001246519722493525 0.001930179529537608 0.0011483992681499398 -9.9125941047286764e-05 0.002424107392348003
leaf_weight=2081.8442250133376 22.612813018495217 37.429242985439487 78.051171356812119 25.255035362846684 55.357408261625096 28.781945619964972
leaf_count=25466 333 447 1027 290 587 293
internal_value=1.7363e-06 0.000753809 0.00134918 -0.000256378 -5.8185e-05 0.000929824
internal_weight=2329.33 163.348 100.664 62.6843 2165.98 84.1394
internal_count=28443 2097 1360 737 26346 880
is_linear=0
shrinkage=0.03


Tree=362
num_leaves=7
num_cat=0
split_feature=30 14 12 5 11 12
split_gain=0.15017 0.226471 0.243115 0.189592 0.317244 0.243276
threshold=5.3939504623413095 0.21726370230483844 0.01995176024310941 -0.066370670494516226 -0.067106610562499669 0.60996991323836969
decision_type=8 2 2 2 2 2
left_child=-1 2 -2 4 -4 -5
right_child=1 -3 3 5 -6 -7
leaf_value=0.00017898542050312025 -0.0015392297010988444 -0.0016434029891654223 0.0014459334508597848 0.0025891044663459081 -0.0023702973431991578 8.6847206922300803e-07
leaf_weight=2005.6255736704916 57.086003634321969 97.17747750878334 26.396887585520744 51.376625396311283 34.050920270383358 69.928341701626778
leaf_count=24846 1672 463 263 584 324 542
internal_value=8.01843e-05 -0.000497673 1.58048e-05 0.00055902 -0.000735102 0.00121077
internal_weight=2341.64 336.016 238.839 181.753 60.4478 121.305
internal_count=28694 3848 3385 1713 587 1126
is_linear=0
shrinkage=0.03


Tree=363
num_leaves=7
num_cat=0
split_feature=2 2 33 8 20 7
split_gain=0.135363 0.260666 0.239506 0.234419 0.233193 0.248253
threshold=-0.021640979111938085 0.014480709445959321 0.21449149648348495 0.12644176053820602 -0.031690498715129654 0.054852033828182871
decision_type=2 2 10 2 2 2
left_child=3 -2 4 -1 -3 -6
right_child=1 2 -4 -5 5 -7
leaf_value=6.3456901981757673e-05 -0.0013807579336873102 -0.00072036419149110046 -0.00097916155008497961 0.0017018696263613495 0.002812847967118844 -6.9333037515120427e-05
leaf_weight=1865.5556390724669 156.81244509693352 49.336538015049882 93.327790750336135 72.102737660403363 56.314841918356251 44.457131150644273
leaf_count=23004 2097 608 990 665 665 444
internal_value=2.86455e-05 -0.000466761 0.000153251 0.000132849 0.000874494 0.00164986
internal_weight=2337.91 400.249 243.436 1937.66 150.109 100.772
internal_count=28473 4804 2707 23669 1717 1109
is_linear=0
shrinkage=0.03


Tree=364
num_leaves=7
num_cat=0
split_feature=28 36 29 8 9 24
split_gain=0.172047 0.252237 0.203493 0.279633 0.237834 0.263222
threshold=0.93899044394493114 2.6633495719084501 -4.6029348373413077 -0.018249688897718979 0.090729877935380135 5.5000000000000009
decision_type=10 10 10 2 2 2
left_child=-1 2 3 -2 5 -5
right_child=1 -3 -4 4 -6 -7
leaf_value=-0.00014851940938256233 -0.00020287613799503315 -0.0013850100531604841 0.00017767218168281943 0.002971697831186346 -0.00035304906896479278 -0.00016334301953907973
leaf_weight=1525.8737361729145 84.388130109815393 57.247375342529267 504.09954279416706 112.51911262678914 32.892389982938766 28.753835358424112
leaf_count=20749 1039 495 4683 1088 274 269
internal_value=3.97166e-05 0.000387601 0.000536863 0.00120448 0.00186037 0.00236499
internal_weight=2345.77 819.9 762.653 258.553 174.165 141.273
internal_count=28597 7848 7353 2670 1631 1357
is_linear=0
shrinkage=0.03


Tree=365
num_leaves=7
num_cat=0
split_feature=28 12 10 20 12 30
split_gain=0.150179 0.195205 0.123086 0.328774 0.201213 0.12987
threshold=4.1199619770050058 1.2703982667234479 -0.13167212107272711 -0.040788402871108527 0.85347191826357749 -4.4259374141693106
decision_type=10 2 2 2 2 10
left_child=2 -2 3 -1 -5 -4
right_child=1 -3 5 4 -6 -7
leaf_value=-0.0018155708719919438 1.7577178486569432e-05 0.0030178446885420389 0.00031940819335565465 0.00037555240220753336 0.0044933139129466207 -0.00018299293371400828
leaf_weight=13.649635778419904 44.942466987296939 24.659617155790329 645.00990468211239 22.241619222331792 14.88286969065666 1570.9162008287676
leaf_count=232 490 120 9972 454 86 17261
internal_value=4.53733e-05 0.00132613 3.93732e-07 0.00133243 0.00262952 -3.59765e-05
internal_weight=2336.3 69.6021 2266.7 50.7741 37.1245 2215.93
internal_count=28615 610 28005 772 540 27233
is_linear=0
shrinkage=0.03


Tree=366
num_leaves=7
num_cat=0
split_feature=10 37 33 12 12 35
split_gain=0.119932 0.269987 0.200398 0.16833 0.155289 0.207281
threshold=-0.071381563725995315 -0.97751685162937185 1.27817968527476 -0.30755071424966135 1.5456991899470942 0.69401054422963759
decision_type=2 10 10 2 2 8
left_child=1 2 3 -1 -2 -6
right_child=4 -3 -4 -5 5 -7
leaf_value=0.00028464454335489826 0.00021447770146687799 7.6554789237502513e-05 0.0011710817746866109 -0.0029705943996502192 0.00028564628787608123 -0.0011844079099786432
leaf_weight=15.813337309489723 1705.9309588511242 204.81716174498433 11.136538785242008 61.514690713956952 159.19848211109638 170.75785817205906
leaf_count=879 22742 2422 193 666 762 821
internal_value=1.64046e-05 -0.000540407 -0.00183153 -0.00234854 9.88661e-05 -0.000487592
internal_weight=2329.17 293.282 88.4646 77.328 2035.89 329.956
internal_count=28485 4160 1738 1545 24325 1583
is_linear=0
shrinkage=0.03


Tree=367
num_leaves=7
num_cat=0
split_feature=26 3 36 34 30 3
split_gain=0.151896 0.144994 0.256306 0.324159 0.210869 0.202097
threshold=-7.4371142387390128 -0.052429155651936322 1.2377564338622273 0.30202731490135198 -3.3287042379379268 -0.074877772157788611
decision_type=8 2 10 10 8 2
left_child=-1 5 4 -4 -3 -2
right_child=1 2 3 -5 -6 -7
leaf_value=0.0019913686899388234 -7.2242550647282671e-05 -0.00049460035097743883 0.00066827889176207338 -0.0025327701756527959 0.0012483767459733391 -0.0015182247030478796
leaf_weight=24.017313927295618 1779.2693598146143 75.377925067034084 55.126000129792374 42.574301459360868 258.73908722610213 81.544823527918197
leaf_count=408 22545 1028 584 358 2534 950
internal_value=1.33987e-06 -2.80651e-05 0.000460877 -0.000832275 0.000852209 -0.000143385
internal_weight=2316.65 2292.63 431.817 97.7003 334.117 1860.81
internal_count=28407 27999 4504 942 3562 23495
is_linear=0
shrinkage=0.03


Tree=368
num_leaves=7
num_cat=0
split_feature=34 29 0 8 37 12
split_gain=0.191673 0.247768 0.135743 0.277503 0.151482 0.212488
threshold=3.6322998603185019 -3.8279787302017207 0.038817082100946788 0.23216899988254566 4.2348064620238857 1.797408188821852
decision_type=10 10 2 2 10 2
left_child=2 -2 3 4 5 -1
right_child=1 -3 -4 -5 -6 -7
leaf_value=-0.00040009363504685085 -0.00019249960153786596 -0.0029880931874989832 0.0003768076763290287 0.0023638315322548156 0.00065887974837089923 0.0010746092745347853
leaf_weight=1220.5233780942654 86.613648209255189 33.699957446195185 713.00650102953659 29.370950137963519 159.00417954984005 85.169539473950863
leaf_count=17883 752 237 7407 345 1421 397
internal_value=-2.66871e-05 -0.00114476 3.91505e-05 -0.000123422 -0.000188989 -0.000296463
internal_weight=2327.39 120.314 2207.07 1494.07 1464.7 1305.69
internal_count=28442 989 27453 20046 19701 18280
is_linear=0
shrinkage=0.03


Tree=369
num_leaves=7
num_cat=0
split_feature=0 31 26 30 28 25
split_gain=0.133867 0.116128 0.149324 0.225613 0.20397 0.19741
threshold=0.58092791144575839 4.4362272322177896 0.34774313867092138 -5.3898866176605216 -0.67101445794105519 -0.33588672520422574
decision_type=2 8 10 10 10 2
left_child=1 2 4 -4 5 -1
right_child=-2 -3 3 -5 -6 -7
leaf_value=0.0013777082928310841 0.002110995429704097 0.00021389138528833757 0.0014361192812345205 -0.00082968320318156164 0.00025077228354561582 -0.0015409807841122703
leaf_weight=17.398435306968167 16.976383444969542 1068.4504678983212 34.425048629986122 425.94286727794679 666.31418439466506 102.90402588516008
leaf_count=243 185 16159 343 3815 6597 1238
internal_value=9.8567e-06 -1.45601e-05 -0.000210448 -0.000633323 4.18833e-05 -0.00104554
internal_weight=2332.41 2315.44 1246.98 460.368 786.617 120.302
internal_count=28580 28395 12236 4158 8078 1481
is_linear=0
shrinkage=0.03


Tree=370
num_leaves=7
num_cat=0
split_feature=37 33 5 33 14 37
split_gain=0.111393 0.166426 0.165749 0.160716 0.284378 0.171442
threshold=2.152637738155935 -3.6830589920282359 -0.12408287057589795 -3.7695171634356179 0.11725287889720469 1.8294052629628119
decision_type=10 10 2 8 2 10
left_child=3 -2 -3 4 -1 -5
right_child=1 2 -4 5 -6 -7
leaf_value=0.00072506889317510369 0.0015295479087720559 -0.0014358823476356133 -0.00018171775889581451 0.00015081173253883522 -0.0030773784291090421 0.0015153996709600013
leaf_weight=28.540847013995517 34.499488914152607 101.07682876684703 678.90378648770275 1369.414422278438 26.337109662592411 78.490664299402852
leaf_count=869 296 999 6158 19000 166 862
internal_value=1.7891e-05 -0.000262729 -0.000360362 0.000170713 -0.00129286 0.000234673
internal_weight=2317.26 814.48 779.981 1502.78 54.878 1447.91
internal_count=28350 7453 7157 20897 1035 19862
is_linear=0
shrinkage=0.03


Tree=371
num_leaves=7
num_cat=0
split_feature=29 9 14 30 31 26
split_gain=0.178572 0.227375 0.426862 0.142096 0.223985 0.217366
threshold=-5.293468475341796 -0.11974823607503146 0.10786888036898733 5.3939504623413095 2.6074642166495328 -1.9651166796684263
decision_type=10 2 2 10 8 8
left_child=3 2 -2 4 -1 -6
right_child=1 -3 -4 -5 5 -7
leaf_value=0.0027925764584455629 -0.0010320957072477933 -0.00027852898721818567 0.0023477244691105896 -0.0006545481746112273 -0.00099168110527734013 0.00060704702071358242
leaf_weight=27.754924636799842 48.792556516506011 1442.9366399126593 73.386972211301327 94.984550914727151 79.035149914619979 568.23581486972398
leaf_count=237 1417 16419 520 928 1359 7682
internal_value=1.27256e-05 -0.000171159 0.00102202 0.00038389 0.000537433 0.000399716
internal_weight=2335.13 1565.12 122.18 770.01 675.026 647.271
internal_count=28562 18356 1937 10206 9278 9041
is_linear=0
shrinkage=0.03


Tree=372
num_leaves=7
num_cat=0
split_feature=0 36 12 34 28 9
split_gain=0.116903 0.122368 0.244568 0.269984 0.239927 0.234402
threshold=0.58092791144575839 -1.0436750455992294 0.60996991323836969 0.6865933736165365 0.96234637498855602 -0.056992560239985925
decision_type=2 10 2 10 8 2
left_child=1 2 4 5 -1 -4
right_child=-2 -3 3 -5 -6 -7
leaf_value=-0.00057791897099324367 0.0019918858750765066 0.00013338262056544856 0.00075821542542202792 0.00057870738189557097 0.0010166861264311682 -0.0016362901202569271
leaf_weight=154.08187962128432 16.592886227881536 1621.2695946782769 37.058704938739538 83.528233114629984 167.11080466600833 242.11508477479219
leaf_count=3745 175 19068 267 508 3079 1629
internal_value=1.41806e-05 -8.59733e-06 -0.000342253 -0.000865912 0.000257373 -0.00130321
internal_weight=2321.76 2305.16 683.895 362.702 321.193 279.174
internal_count=28471 28296 9228 2404 6824 1896
is_linear=0
shrinkage=0.03


Tree=373
num_leaves=7
num_cat=0
split_feature=37 25 0 2 2 20
split_gain=0.118788 0.205778 0.141597 0.208494 0.241869 0.210609
threshold=5.7688247368360566 0.045246632937808513 0.0077839355500756722 0.082216118246992195 -0.030785707475686205 -0.2844452495577095
decision_type=10 2 2 2 2 2
left_child=2 -2 3 4 5 -1
right_child=1 -3 -4 -5 -6 -7
leaf_value=0.0019511423820329987 0.0015871120027555316 -0.00058231741108899244 0.00022273780521943164 0.0015565572479419841 -0.0012724459661617661 -0.00024567091482525908
leaf_weight=30.790892450138927 90.915393903851509 57.67558840289712 814.6375662740902 44.133534714666894 203.54128221713472 1092.0673803591926
leaf_count=563 732 415 8530 558 2806 15046
internal_value=-3.16506e-05 0.000761426 -8.88026e-05 -0.000274253 -0.000346361 -0.000168739
internal_weight=2333.76 148.591 2185.17 1370.53 1326.4 1122.86
internal_count=28650 1147 27503 18973 18415 15609
is_linear=0
shrinkage=0.03


Tree=374
num_leaves=7
num_cat=0
split_feature=34 10 10 34 8 6
split_gain=0.102012 0.158757 0.17625 0.121867 0.117532 0.117003
threshold=-7.9504116376241045 0.0026865942080728932 0.075789695028385617 -6.4188312937815981 0.30369138395519463 0.01958772521940336
decision_type=8 2 2 8 2 2
left_child=1 -1 5 -2 -5 -3
right_child=3 2 -4 4 -6 -7
leaf_value=-0.0003421674824129923 -0.0012074522462184125 0.00056501124868764678 -0.00042620277787281953 -2.8392173414993566e-05 0.0019416270179657533 0.0039709939046767805
leaf_weight=51.243893922393909 68.410872312029824 18.554607422236586 19.055357326360536 2138.8725038223492 17.606008462491445 19.957366744987667
leaf_count=1294 1226 451 385 24696 186 359
internal_value=-1.42049e-07 0.000856443 0.00181613 -4.56792e-05 -3.42057e-06 0.00278476
internal_weight=2333.7 108.811 57.5673 2224.89 2156.48 38.512
internal_count=28597 2489 1195 26108 24882 810
is_linear=0
shrinkage=0.03


Tree=375
num_leaves=7
num_cat=0
split_feature=11 20 36 7 20 35
split_gain=0.107726 0.135633 0.140764 0.121874 0.430829 0.162703
threshold=0.1237091212798322 -1.0000000180025095e-35 0.28619041619352031 0.08836142073623969 0.042401485916768102 2.204871291915576
decision_type=2 2 8 2 2 10
left_child=3 -2 -3 5 -5 -1
right_child=1 2 -4 4 -6 -7
leaf_value=-8.2046327495698427e-05 -0.00064256053205601277 5.3392105112346195e-05 0.0027255455373248021 -0.0010506916196956226 0.0013410014894590276 0.00062110521893592066
leaf_weight=1508.8943038441212 27.895606858772226 30.499272495275363 33.817255232250318 296.31790147678112 77.842782618827187 358.00299296545563
leaf_count=19776 324 323 322 2762 731 4234
internal_value=-1.22112e-06 0.000951336 0.00163609 -4.44677e-05 -0.000531154 5.53834e-05
internal_weight=2333.27 92.2121 64.3165 2241.06 374.161 1866.9
internal_count=28472 969 645 27503 3493 24010
is_linear=0
shrinkage=0.03


Tree=376
num_leaves=7
num_cat=0
split_feature=4 26 8 25 9 6
split_gain=0.118543 0.125694 0.0950507 0.285274 0.260069 0.228381
threshold=0.031691538920906211 -0.13887120038270948 0.041646812470044793 -0.7918875777454093 0.14617380513482778 0.25800267363092039
decision_type=2 10 2 2 2 2
left_child=2 -2 -1 -4 5 -5
right_child=1 -3 3 4 -6 -7
leaf_value=0.00012788343863874796 -0.0022225834916361265 0.00014706013942760612 0.0023243433857993759 -0.00076801902881546119 0.0012298179054076835 0.00061499989389068659
leaf_weight=1389.2176750977233 36.064372697961517 33.733222089533228 26.742406339501031 647.07479493058054 72.652925626665819 120.67225122853415
leaf_count=18349 395 340 330 7207 731 1157
internal_value=-6.60256e-05 -0.00120242 -2.57222e-05 -0.000270461 -0.000379391 -0.000545528
internal_weight=2326.16 69.7976 2256.36 867.142 840.4 767.747
internal_count=28509 735 27774 9425 9095 8364
is_linear=0
shrinkage=0.03


Tree=377
num_leaves=7
num_cat=0
split_feature=14 23 29 31 12 5
split_gain=0.142225 0.116569 0.115027 0.249763 0.267143 0.226693
threshold=0.018054258162199393 -1.1930883326594657 -4.8748793601989737 2.6074642166495328 1.0259299102469412 -0.0049840637499924947
decision_type=2 2 10 8 2 2
left_child=-1 -2 3 -3 -5 -6
right_child=1 2 -4 4 5 -7
leaf_value=-0.0016229639239908192 -0.0015290042152502261 0.0020562295193280789 -8.562023421233942e-05 0.00058587185981748529 0.00029083514025827226 -0.0014999206700228886
leaf_weight=37.023780135947163 31.671616299077868 61.336776053532958 1464.9293189831078 497.05244821961969 121.48765644431114 117.59179529547691
leaf_count=4269 450 514 14872 6995 699 660
internal_value=1.03791e-05 4.3669e-05 7.23167e-05 0.00035991 0.000192903 -0.000614809
internal_weight=2331.09 2294.07 2262.4 797.469 736.132 239.079
internal_count=28459 24190 23740 8868 8354 1359
is_linear=0
shrinkage=0.03


Tree=378
num_leaves=7
num_cat=0
split_feature=36 33 3 2 36 14
split_gain=0.119278 0.183373 0.0918082 0.148794 0.180034 0.278094
threshold=-4.042030011976343 -4.5927636822064715 -0.12137789025326591 0.1555543735748954 -0.970154416212204 0.09669313775426279
decision_type=8 8 2 2 10 2
left_child=-1 -2 3 4 -3 -6
right_child=1 2 -4 -5 5 -7
leaf_value=0.0017979707808679409 -0.0021175853358390692 -0.00043483169644223445 -0.00024657854361347879 0.0023446667802430586 -0.00046791767954585973 0.00063372665891166084
leaf_weight=22.082977032870986 27.7537616166519 396.2908604076656 887.08957143547013 17.086458780046087 282.42543835641118 699.06631590425968
leaf_count=412 389 5686 9517 195 7409 4855
internal_value=-1.88325e-05 -4.38788e-05 -9.52865e-06 0.000141909 9.78936e-05 0.000315205
internal_weight=2331.8 2309.71 2281.96 1394.87 1377.78 981.492
internal_count=28463 28051 27662 18145 17950 12264
is_linear=0
shrinkage=0.03


Tree=379
num_leaves=7
num_cat=0
split_feature=35 28 24 37 27 28
split_gain=0.149305 0.164573 0.160611 0.171728 0.169758 0.192713
threshold=-5.8023672352234517 4.2957904338836679 7.5000000000000009 5.6454195986925209 1.0554963350296023 1.4551221728324892
decision_type=8 10 2 10 10 10
left_child=-1 2 3 -2 5 -5
right_child=1 -3 -4 4 -6 -7
leaf_value=0.0016996042839125343 -0.00026047962855365735 0.0013648914987854166 0.00078486139244366045 0.0010805351411076998 0.00198977843382894 -0.0015337926179375854
leaf_weight=33.569811768771615 1953.126973475737 59.537763914791867 155.04611422441667 47.957357486942783 52.509528653696179 35.163462287513539
leaf_count=501 24420 506 2034 397 402 253
internal_value=-4.05297e-05 -7.31285e-05 -0.000117172 -0.00018755 0.000808442 -7.13742e-05
internal_weight=2336.91 2303.34 2243.8 2088.76 135.63 83.1208
internal_count=28513 28012 27506 25472 1052 650
is_linear=0
shrinkage=0.03


Tree=380
num_leaves=7
num_cat=0
split_feature=3 3 36 28 35 35
split_gain=0.121047 0.26425 0.243541 0.257488 0.206257 0.20802
threshold=-0.054791549954404557 -0.074877772157788611 1.2377564338622273 -1.2482421994209287 -2.4859137990408473 -3.4465753421090635
decision_type=2 2 10 8 8 10
left_child=1 -1 3 -2 5 -5
right_child=2 -3 -4 4 -6 -7
leaf_value=-0.0001129205354739728 -0.0011087193875804089 -0.0018360781546332705 -0.00087971787861121245 0.00091767044243648143 0.0014155908361852506 -0.0024420539882256537
leaf_weight=1807.9891290762753 49.701732692366932 73.91913834103616 101.38167490105843 29.338604554766789 245.66100561179337 19.535034063272178
leaf_count=22947 772 868 989 310 2423 201
internal_value=-8.45604e-05 -0.000189951 0.00035492 0.000733105 0.00107011 -0.000611925
internal_weight=2327.53 1881.91 445.618 344.236 294.535 48.8736
internal_count=28510 23815 4695 3706 2934 511
is_linear=0
shrinkage=0.03


Tree=381
num_leaves=7
num_cat=0
split_feature=37 13 22 5 31 14
split_gain=0.146875 0.286636 0.22632 0.188203 0.244885 0.168755
threshold=5.7688247368360566 2.249904835165133 0.054275527467127195 0.021444502027172258 2.7869844867382203 0.10371103651527876
decision_type=8 2 2 2 10 2
left_child=-1 2 3 4 -2 -3
right_child=1 5 -4 -5 -6 -7
leaf_value=-5.3593944308966234e-05 0.0031866782611000067 0.00099536544182235215 -0.00083420608205012721 -0.00035632271307820988 -0.00025607840154390899 -0.00072750316577870826
leaf_weight=1963.7485276771622 83.50131626566872 68.446143686654978 24.458095885929652 22.093850723234937 21.4462027894333 137.63546291738749
leaf_count=24561 831 1572 209 168 165 898
internal_value=4.91657e-05 0.000599602 0.00154629 0.00203202 0.00252207 -0.000135702
internal_weight=2321.33 357.581 151.499 127.041 104.948 206.082
internal_count=28404 3843 1373 1164 996 2470
is_linear=0
shrinkage=0.03


Tree=382
num_leaves=7
num_cat=0
split_feature=28 28 2 25 36 2
split_gain=0.166005 0.239338 0.203234 0.197919 0.182926 0.164982
threshold=0.40760128200054174 -0.27781176567077631 -0.2611795104258558 -0.74981261703203972 1.5582094863702209 -0.12830813690610451
decision_type=10 10 2 2 10 2
left_child=1 4 -3 -2 5 -1
right_child=3 2 -4 -5 -6 -7
leaf_value=-0.00059319822911368752 0.0023215934845505163 0.0013297460276733438 -0.0009371705765462519 0.00021160746794792818 0.001123621170945465 0.00030497874667569037
leaf_weight=321.33988487740862 31.862233420601115 30.117088295053691 419.87280297913821 1007.1834805674735 120.53506886481773 404.63638297529542
leaf_count=5699 360 624 4733 9993 1644 5544
internal_value=1.68358e-05 -0.00020891 -0.00075984 0.000297824 8.94057e-05 -9.52408e-05
internal_weight=2335.55 1296.5 449.99 1039.05 846.511 725.976
internal_count=28597 18244 5357 10353 12887 11243
is_linear=0
shrinkage=0.03


Tree=383
num_leaves=7
num_cat=0
split_feature=33 14 9 6 22 4
split_gain=0.199035 0.261702 0.399026 0.253413 0.190073 0.202508
threshold=3.4261779387791957 0.22021843570589214 -0.080161231288734064 0.19980937527816131 0.0024040879844657447 -0.17818859632036851
decision_type=8 2 2 2 2 2
left_child=-1 2 -2 4 5 -4
right_child=1 -3 3 -5 -6 -7
leaf_value=4.540671774866405e-05 0.0026557934237872766 -0.0024025143445197453 -0.0026760222692423299 0.0020320365056359273 -0.0027826821789176436 0.00011703848274901379
leaf_weight=2088.7362454620888 25.854010766721331 59.834644570946693 20.001408490876202 16.041953253326938 38.793691624305211 102.16892914043274
leaf_count=25504 514 286 319 187 571 1363
internal_value=-5.38981e-05 -0.0008162 -0.000257421 -0.000802196 -0.001187 -0.000508105
internal_weight=2351.43 262.695 202.86 177.006 160.964 122.17
internal_count=28744 3240 2954 2440 2253 1682
is_linear=0
shrinkage=0.03


Tree=384
num_leaves=7
num_cat=0
split_feature=37 14 36 3 27 27
split_gain=0.0984656 0.18308 0.126645 0.141264 0.114486 0.1614
threshold=-3.2455378575078035 0.067628340250270466 -1.4891513720075917 -0.090417809835228999 -1.2608757019042967 -0.99319791793823231
decision_type=8 2 10 2 8 8
left_child=1 -1 -3 -4 -2 -6
right_child=4 2 3 -5 5 -7
leaf_value=-0.00066089207043827061 0.00072066673305933244 -0.00032388137232233956 0.0023035780543989933 -0.00020569314921660452 -0.0016375777205597372 -0.00012134561846113313
leaf_weight=65.035614991618786 128.66671299943118 33.718714833259583 71.89273701608181 24.751069784164429 55.414851792796981 1959.1902983471518
leaf_count=2907 2069 317 635 213 712 21713
internal_value=-5.46666e-05 0.000573268 0.00119219 0.00170191 -0.000114311 -0.000170934
internal_weight=2338.67 195.398 130.363 96.6438 2143.27 2014.61
internal_count=28566 4072 1165 848 24494 22425
is_linear=0
shrinkage=0.03


Tree=385
num_leaves=7
num_cat=0
split_feature=34 26 4 36 4 20
split_gain=0.151345 0.167751 0.129119 0.253117 0.163248 0.165812
threshold=4.4901195367177333 -7.4371142387390128 -0.20708680384658804 1.3370425905873125 -0.18171884022942417 0.08447893943864708
decision_type=10 8 2 10 2 2
left_child=1 -1 3 -3 5 -4
right_child=-2 2 4 -5 -6 -7
leaf_value=0.002102650189230938 0.0014003591390572999 -0.0012780854077503114 0.00044063182143625569 0.001082299836527048 -3.2531301738453312e-05 0.0028949996039908028
leaf_weight=23.740587799518835 61.939810962416232 159.41371273374534 127.79727902082959 45.487227884237655 1907.884491903329 22.391193656949326
leaf_count=407 509 2453 1661 571 22713 306
internal_value=4.54979e-05 2.86163e-06 -2.83207e-05 -0.000728109 4.45338e-05 0.000964429
internal_weight=2348.65 2286.71 2262.97 204.901 2058.07 150.188
internal_count=28620 28111 27704 3024 24680 1967
is_linear=0
shrinkage=0.03


Tree=386
num_leaves=7
num_cat=0
split_feature=14 36 34 13 7 37
split_gain=0.111786 0.223819 0.379657 0.193474 0.273206 0.175972
threshold=0.18227037747969455 1.5582094863702209 0.22317248582839969 1.8688348091416842 0.020402171865356901 0.74525100085884366
decision_type=2 10 10 2 2 8
left_child=-1 3 -3 4 -2 -5
right_child=1 2 -4 5 -6 -7
leaf_value=-0.00015687914380443373 0.0004984231334855733 0.002399207552747661 -0.00022276803903455297 0.00098464871356485528 -0.0027010890292797772 -0.00011581090453095563
leaf_weight=1441.596402926778 39.550988405942917 94.725399881601334 91.634932413697243 174.4753350764513 42.271525844931602 443.37835912406445
leaf_count=23938 200 494 465 942 201 2302
internal_value=5.79061e-06 0.000269254 0.00116427 1.78174e-05 -0.00126867 0.00020568
internal_weight=2327.63 886.037 186.36 699.676 81.8225 617.854
internal_count=28542 4604 959 3645 401 3244
is_linear=0
shrinkage=0.03


Tree=387
num_leaves=7
num_cat=0
split_feature=29 7 31 27 12 10
split_gain=0.11743 0.228257 0.267354 0.236457 0.256327 0.30363
threshold=2.1011523008346562 0.048473088814314592 3.9725135564804082 0.11685854569077493 0.60061526685965361 -0.0025459247788675097
decision_type=8 2 8 8 2 2
left_child=-1 3 -3 -2 -5 -6
right_child=1 2 -4 4 5 -7
leaf_value=-6.303318371422812e-05 0.001141589225261624 0.00025592764833182386 0.0026534936183808108 0.00055106846249864706 0.00023905158060710211 -0.0024230420517958504
leaf_weight=1799.7023169950407 107.2204729631776 96.584882089518942 67.273427980020642 116.40989736292977 65.23871523141861 78.811570134013891
leaf_count=22249 1344 811 809 2277 457 527
internal_value=5.3186e-05 0.000440582 0.00133628 1.66011e-05 -0.000471595 -0.00128015
internal_weight=2331.24 531.539 163.858 367.681 260.46 144.05
internal_count=28474 6225 1620 4605 3261 984
is_linear=0
shrinkage=0.03


Tree=388
num_leaves=7
num_cat=0
split_feature=26 27 27 12 26 23
split_gain=0.131837 0.110893 0.170585 0.317999 0.190723 0.317885
threshold=-7.4371142387390128 -0.49429824948310846 -0.0610256940126419 1.1164835115866014 -1.1123366951942442 0.48447040189574847
decision_type=8 10 10 2 10 2
left_child=-1 -2 3 -3 5 -4
right_child=1 2 4 -5 -6 -7
leaf_value=0.0019154666955858311 0.00037361097944123192 -2.3037576782770955e-05 -0.00070456626364814195 -0.0021920989709406286 0.000258369986454115 0.0019993974978492523
leaf_weight=23.548385353584308 586.63495898841938 169.93303998856572 429.39458904322237 84.935509853065014 1000.5123355049 33.314938770839944
leaf_count=403 8564 2615 4930 457 11125 366
internal_value=4.83366e-05 2.10666e-05 -0.000100774 -0.000801353 2.58666e-05 -0.000471704
internal_weight=2328.27 2304.73 1718.09 254.869 1463.22 462.71
internal_count=28460 28057 19493 3072 16421 5296
is_linear=0
shrinkage=0.03


Tree=389
num_leaves=7
num_cat=0
split_feature=12 35 27 35 36 12
split_gain=0.121856 0.272665 0.123883 0.149543 0.160472 0.163492
threshold=2.1262134057663959 0.94995360914617788 2.4085525274276738 2.9712230699402951 0.70044820470114566 0.85347191826357749
decision_type=2 10 10 10 10 2
left_child=2 -2 -1 4 5 -4
right_child=1 -3 3 -5 -6 -7
leaf_value=4.7071172376062823e-05 0.0023080444646698122 -0.00059595322689980524 -0.001268458267843401 0.00063628026432575966 -0.0024351078412585755 0.0013361835438972893
leaf_weight=2071.7380974347034 53.077411353588104 47.899775594472885 46.212401579017751 42.847797981812619 50.42537586693652 25.608996897935867
leaf_count=25982 230 209 776 532 574 162
internal_value=3.05947e-05 0.00100093 -1.74688e-05 -0.000783801 -0.00129202 -0.000289936
internal_weight=2337.81 100.977 2236.83 165.095 122.247 71.8214
internal_count=28465 439 28026 2044 1512 938
is_linear=0
shrinkage=0.03


Tree=390
num_leaves=7
num_cat=0
split_feature=29 29 7 1 20 34
split_gain=0.109911 0.12751 0.119547 0.152564 0.148599 0.116451
threshold=-22.315703392028805 -14.694158077239988 -0.10497029864169484 -0.28549892218831979 0.17803644148195924 -1.4310527692238486
decision_type=8 8 2 2 2 8
left_child=-1 -2 3 -3 5 -5
right_child=1 2 -4 4 -6 -7
leaf_value=-0.0016357810090264031 0.0013149734628529019 0.0014033980233484813 0.00011502569432414771 -0.00031081299224220251 0.0013862612296578062 -0.0021918742996867449
leaf_weight=23.472594096558169 64.772646956407698 17.157702655065805 2088.3783032523788 55.132453021011315 11.428401527344247 65.257801629661117
leaf_count=313 833 499 24099 1437 219 1027
internal_value=7.17402e-05 9.61497e-05 5.51698e-05 -0.000738356 -0.00109643 -0.00142035
internal_weight=2325.6 2302.13 2237.35 148.976 131.819 120.39
internal_count=28427 28114 27281 3182 2683 2464
is_linear=0
shrinkage=0.03


Tree=391
num_leaves=7
num_cat=0
split_feature=22 20 14 20 22 14
split_gain=0.098449 0.223428 0.204548 0.170687 0.151657 0.302119
threshold=-0.15768213182079982 -0.13742487105396714 0.14306425166794307 -0.1222766029174748 -0.097083997281630391 0.21367782318285913
decision_type=2 2 2 2 2 2
left_child=-1 2 -2 -3 5 -5
right_child=1 3 -4 4 -6 -7
leaf_value=-0.00060713340051595703 3.0323300586965597e-05 -0.0016874918773450271 0.0028771526101607926 -7.5588269948056105e-05 -1.3086989960821183e-05 0.0036017101590778925
leaf_weight=207.66316848064889 43.917250771395629 42.712038777186535 37.534369975328445 53.895463364722673 1920.1314933425456 21.700366824865341
leaf_count=3069 876 553 222 849 22822 107
internal_value=5.91662e-07 6.26951e-05 0.00151335 -2.37496e-06 4.1923e-05 0.00127747
internal_weight=2327.55 2119.89 81.4516 2038.44 1995.73 75.5958
internal_count=28498 25429 1098 24331 23778 956
is_linear=0
shrinkage=0.03


Tree=392
num_leaves=7
num_cat=0
split_feature=28 33 24 6 30 0
split_gain=0.131267 0.342629 0.309496 0.184757 0.167363 0.228583
threshold=2.8385466337203984 0.9555925838649274 2.5000000000000004 0.05009140659527074 5.3939504623413095 -0.1090070848074479
decision_type=10 10 2 2 10 2
left_child=4 2 3 -2 -1 -6
right_child=1 -3 -4 -5 5 -7
leaf_value=-6.5192960994147237e-05 0.0036368177570345796 -0.0011657064605853056 -8.3290885876427645e-05 0.0008040761655467016 0.00099065993856281846 -0.00216216240288403
leaf_weight=2017.4214182808064 43.659404769307002 62.141976572282147 79.843740048352629 45.681849484099075 21.891908828169107 64.630510386428796
leaf_count=25661 411 541 717 354 246 596
internal_value=-4.84381e-05 0.000614695 0.0012972 0.00241513 -0.000123912 -0.00134445
internal_weight=2335.27 231.327 169.185 89.3413 2103.94 86.5224
internal_count=28526 2023 1482 765 26503 842
is_linear=0
shrinkage=0.03


Tree=393
num_leaves=7
num_cat=0
split_feature=28 30 36 14 12 23
split_gain=0.122773 0.214186 0.239877 0.184414 0.214984 0.163241
threshold=0.37049102783203131 0.28222244977951055 2.6633495719084501 0.39316636867906257 0.18436499764944106 0.073537440652164401
decision_type=8 10 10 2 2 2
left_child=1 3 -3 4 5 -1
right_child=-2 2 -4 -5 -6 -7
leaf_value=-0.001002125058312418 0.00022101562454023018 -0.0012377885393061935 0.0017859232916522091 -0.0020762580373220171 0.00045231383252678365 0.00074632180110629175
leaf_weight=192.03157360706246 1269.9652199898846 231.49089715650189 17.384061057586223 25.988987624645233 540.51929703168571 55.016539315023692
leaf_count=6316 13280 2666 193 108 4547 1445
internal_value=2.2725e-05 -0.00021415 -0.000965751 2.47068e-05 0.0001192 -0.000598867
internal_weight=2332.4 1062.43 248.875 813.556 787.567 247.048
internal_count=28555 15275 2859 12416 12308 7761
is_linear=0
shrinkage=0.03


Tree=394
num_leaves=7
num_cat=0
split_feature=25 4 20 12 29 29
split_gain=0.145322 0.151551 0.173074 0.148454 0.236267 0.346392
threshold=-0.21223249829241006 -0.25181219525728127 -0.040788402871108527 1.0259299102469412 1.9132252931594851 0.055000070482492454
decision_type=2 2 2 2 10 8
left_child=-1 2 -2 -3 5 -5
right_child=1 3 -4 4 -6 -7
leaf_value=0.00042317046005726946 -0.00097682994690501557 2.5797331488090565e-05 0.0023427294407811299 -0.00032705492414176308 0.00071971653999847662 -0.0020161911417125775
leaf_weight=525.97455423872452 14.119123131269587 1102.4172477344109 34.067895288346335 411.73915082588792 104.19505135715008 141.38388466089964
leaf_count=6769 233 17434 506 2306 582 796
internal_value=-1.09978e-05 -0.000138942 0.00136936 -0.000187749 -0.000540915 -0.000786952
internal_weight=2333.9 1807.92 48.187 1759.74 657.318 553.123
internal_count=28626 21857 739 21118 3684 3102
is_linear=0
shrinkage=0.03


Tree=395
num_leaves=7
num_cat=0
split_feature=17 28 35 30 30 10
split_gain=0.170107 0.216081 0.143953 0.131143 0.142852 0.131134
threshold=1.5000000000000002 3.0939124822616582 5.8340516425669202 -0.088182605803012834 -3.9784327745437618 -0.068746379449317246
decision_type=2 8 10 10 10 2
left_child=2 3 5 4 -2 -1
right_child=1 -3 -4 -5 -6 -7
leaf_value=-0.0005255205872107411 0.00041643504411728729 -0.0031736319200070823 0.0019139055776589014 0.00076265876761287196 -0.0023393540580174304 0.00014976892294449418
leaf_weight=289.52615234378027 24.971915290137986 21.832632948411629 28.310729222605005 47.680876880069263 29.748701116768643 1897.8306048588711
leaf_count=4007 507 305 289 581 482 22409
internal_value=2.81683e-05 -0.00100911 9.06019e-05 -0.00030633 -0.00121171 5.84004e-05
internal_weight=2339.9 124.234 2215.67 102.401 54.7206 2187.36
internal_count=28580 1875 26705 1570 989 26416
is_linear=0
shrinkage=0.03


Tree=396
num_leaves=7
num_cat=0
split_feature=35 29 27 33 10 29
split_gain=0.126876 0.251397 0.203221 0.195085 0.23006 0.244733
threshold=-1.3900407506576313 -1.5719958543777464 1.6414750218391421 -1.831745773553848 -0.012329485582221451 0.96022576093673717
decision_type=8 8 10 10 2 10
left_child=1 -1 3 -3 -5 -6
right_child=-2 2 -4 4 5 -7
leaf_value=0.0011280522873428006 -2.1743352204863048e-05 -0.00075488067067405306 -0.0023272131180096874 -0.00050486527919366608 -9.4211450544159675e-05 0.0031223637743121859
leaf_weight=270.69779880452552 1789.8974091773853 110.53250106216001 23.910608336562291 58.604207363561727 34.404814410780091 43.515874940494541
leaf_count=3887 21297 1491 284 710 424 506
internal_value=0.000100735 0.000498515 -0.00014816 0.000145061 0.00087546 0.00185295
internal_weight=2331.56 541.666 270.968 247.057 136.525 77.9207
internal_count=28599 7302 3415 3131 1640 930
is_linear=0
shrinkage=0.03


Tree=397
num_leaves=7
num_cat=0
split_feature=20 12 33 12 24 7
split_gain=0.114789 0.151736 0.104755 0.108122 0.203559 0.103372
threshold=0.19161798785044981 1.2703982667234479 1.2506677582859995 0.65495860274870588 1.5000000000000002 0.082851968726798952
decision_type=2 2 10 2 2 2
left_child=5 2 3 4 -2 -1
right_child=1 -3 -4 -5 -6 -7
leaf_value=-2.5187657705010542e-05 -0.0012345580751163328 -0.0010462867975954693 -0.00051985463656667517 0.002949128189775988 0.0020755213066125698 -0.00053836832648554889
leaf_weight=1761.7667089842143 21.618214470508974 24.040756441652775 18.333368009654805 29.088164996355772 26.974508715153206 432.21738877662574
leaf_count=22818 455 126 238 206 560 4016
internal_value=-7.74794e-05 0.000789183 0.0013041 0.00174477 0.000643542 -0.000128269
internal_weight=2314.04 120.055 96.0143 77.6809 48.5927 2193.98
internal_count=28419 1585 1459 1221 1015 26834
is_linear=0
shrinkage=0.03


Tree=398
num_leaves=7
num_cat=0
split_feature=5 13 35 14 0 11
split_gain=0.107497 0.124646 0.176058 0.126947 0.113366 0.15987
threshold=-0.17143440956543396 2.3502401828962087 0.18097815749169602 0.099690983506883393 -0.10649704006147646 0.11698109412712838
decision_type=2 2 8 2 2 2
left_child=1 2 -1 -3 5 -2
right_child=4 3 -4 -5 -6 -7
leaf_value=0.00013314976324068628 -0.00042886186590406129 -0.0010314092919462732 -0.0026096971860909671 0.0013306693896929895 0.00017872172579908415 0.0017674925522288562
leaf_weight=33.629988355678506 535.60663034975005 29.935128877405077 42.482825047103688 32.319845579564571 1627.4503990662633 21.775393377523869
leaf_count=427 7899 899 504 250 18193 297
internal_value=-5.18534e-07 -0.000782048 -0.00152306 0.000209318 5.23142e-05 -0.000313417
internal_weight=2323.2 138.368 76.1128 62.255 2184.83 557.382
internal_count=28469 2080 931 1149 26389 8196
is_linear=0
shrinkage=0.03


Tree=399
num_leaves=7
num_cat=0
split_feature=28 20 13 28 29 25
split_gain=0.111126 0.186112 0.149212 0.113978 0.219257 0.190637
threshold=-4.3217480182647696 -0.030438054251501614 2.1383330595080281 0.098396327346563353 -6.136927366256713 0.82747612791619707
decision_type=8 2 2 8 8 2
left_child=1 -1 -3 -2 -5 -6
right_child=3 2 -4 4 5 -7
leaf_value=-0.00076312446443942757 -0.00028119695641738431 -0.00044085904212211031 0.0027753376058395154 0.00087558325939594752 -0.00011689212969618855 0.001731444683715166
leaf_weight=27.591671494155889 830.7065665043483 14.300145951565353 39.137520504038548 292.92961539156386 1090.0812737403903 42.627140818163753
leaf_count=677 11664 226 922 3310 11170 517
internal_value=3.76332e-05 0.0010653 0.00198085 -3.80961e-06 0.000158654 -3.27904e-05
internal_weight=2337.37 81.0293 53.4377 2256.34 1425.64 1132.71
internal_count=28486 1825 1148 26661 14997 11687
is_linear=0
shrinkage=0.03


end of trees

feature_importances:
Column_28=210
Column_14=136
Column_2=126
Column_0=124
Column_7=94
Column_31=94
Column_3=93
Column_30=87
Column_9=84
Column_6=80
Column_8=80
Column_23=78
Column_22=77
Column_11=75
Column_20=72
Column_12=66
Column_5=64
Column_36=64
Column_10=63
Column_27=59
Column_29=59
Column_24=57
Column_35=57
Column_37=56
Column_4=52
Column_33=52
Column_34=52
Column_26=42
Column_25=38
Column_1=28
Column_15=27
Column_13=19
Column_17=14
Column_18=10
Column_16=8
Column_21=2
Column_19=1

parameters:
[boosting: gbdt]
[objective: custom]
[metric: custom]
[tree_learner: serial]
[device_type: cpu]
[data_sample_strategy: bagging]
[data: ]
[valid: ]
[num_iterations: 100]
[learning_rate: 0.03]
[num_leaves: 7]
[num_threads: 4]
[seed: 2]
[deterministic: 0]
[force_col_wise: 0]
[force_row_wise: 0]
[histogram_pool_size: -1]
[max_depth: -1]
[min_data_in_leaf: 200]
[min_sum_hessian_in_leaf: 0.001]
[bagging_fraction: 0.8]
[pos_bagging_fraction: 1]
[neg_bagging_fraction: 1]
[bagging_freq: 1]
[bagging_seed: 29216]
[bagging_by_query: 0]
[feature_fraction: 0.7]
[feature_fraction_bynode: 1]
[feature_fraction_seed: 17795]
[extra_trees: 0]
[extra_seed: 19650]
[early_stopping_round: 0]
[early_stopping_min_delta: 0]
[first_metric_only: 0]
[max_delta_step: 0]
[lambda_l1: 0]
[lambda_l2: 10]
[linear_lambda: 0]
[min_gain_to_split: 0]
[drop_rate: 0.1]
[max_drop: 50]
[skip_drop: 0.5]
[xgboost_dart_mode: 0]
[uniform_drop: 0]
[drop_seed: 24198]
[top_rate: 0.2]
[other_rate: 0.1]
[min_data_per_group: 100]
[max_cat_threshold: 32]
[cat_l2: 10]
[cat_smooth: 10]
[max_cat_to_onehot: 4]
[top_k: 20]
[monotone_constraints: ]
[monotone_constraints_method: basic]
[monotone_penalty: 0]
[feature_contri: ]
[forcedsplits_filename: ]
[refit_decay_rate: 0.9]
[cegb_tradeoff: 1]
[cegb_penalty_split: 0]
[cegb_penalty_feature_lazy: ]
[cegb_penalty_feature_coupled: ]
[path_smooth: 0]
[interaction_constraints: ]
[verbosity: -1]
[saved_feature_importance_type: 0]
[use_quantized_grad: 0]
[num_grad_quant_bins: 4]
[quant_train_renew_leaf: 0]
[stochastic_rounding: 1]
[linear_tree: 0]
[max_bin: 255]
[max_bin_by_feature: ]
[min_data_in_bin: 3]
[bin_construct_sample_cnt: 200000]
[data_random_seed: 45]
[is_enable_sparse: 1]
[enable_bundle: 1]
[use_missing: 1]
[zero_as_missing: 0]
[feature_pre_filter: 1]
[pre_partition: 0]
[two_round: 0]
[header: 0]
[label_column: ]
[weight_column: ]
[group_column: ]
[ignore_column: ]
[categorical_feature: ]
[forcedbins_filename: ]
[precise_float_parser: 0]
[parser_config_file: ]
[objective_seed: 29484]
[num_class: 1]
[is_unbalance: 0]
[scale_pos_weight: 1]
[sigmoid: 1]
[boost_from_average: 1]
[reg_sqrt: 0]
[alpha: 0.9]
[fair_c: 1]
[poisson_max_delta_step: 0.7]
[tweedie_variance_power: 1.5]
[lambdarank_truncation_level: 30]
[lambdarank_norm: 1]
[label_gain: ]
[lambdarank_position_bias_regularization: 0]
[eval_at: ]
[multi_error_top_k: 1]
[auc_mu_weights: ]
[num_machines: 1]
[local_listen_port: 12400]
[time_out: 120]
[machine_list_filename: ]
[machines: ]
[gpu_platform_id: -1]
[gpu_device_id: -1]
[gpu_device_id_list: ]
[gpu_use_dp: 0]
[num_gpu: 1]

end of parameters

pandas_categorical:null
