tree
version=v4
num_class=1
num_tree_per_iteration=1
label_index=0
max_feature_idx=14
feature_names=Column_0 Column_1 Column_2 Column_3 Column_4 Column_5 Column_6 Column_7 Column_8 Column_9 Column_10 Column_11 Column_12 Column_13 Column_14
feature_infos=[-1.5:1.1755071446449747] [-0.62643857283473403:0.41202040624134156] [-0.80007723550366727:0.49970102014814038] [-0.7162628525644128:0.4147505510644644] [-0.40665420436981681:0.17303419493623287] [-0.62430499743162371:0.34750422120517666] [-1.3237650590752228:1.1598465301389609] [-0.5738040402017015:0.47140385816988462] [-0.66856100202213165:0.57971812881728879] [-0.594449384260056:0.49805679080878323] [-0.28579341288908838:0.28612285079974381] [-0.55645948330145678:0.36498291890103696] [-4.6526251540794314:3.6319013615840685] [0.69314718055994529:3.1780538303479458] [0.00037720210536682685:0.87807234210800511]
tree_sizes=913 914 914 914 919 911 915 914 921 915 914 923 918 921 914 921 920 917 913 917 922 919 918 918 921 920 922 917 923 921 920 926 929 918 922 925 921 921 921 924 923 928 920 924 927 932 930 925 922 925 928 922 921 926 927 930 926 928 925 926 927 931 927 930 932 925 937 926 925 930 929 923 917 923 925 926 930 926 928 934 924 929 931 930 931 922 928 928 929 924 927 930 927 929 933 925 929 926 926 929 928 931 934 929 925 929 919 930 927 924 929 924 930 927 923 930 928 930 925 930 932 929 927 925 924 926 924 929 925 928 920 921 929 925 932 929 927 930 926 919 925 926 928 923 926 932 926 932 919 929 928 921 930 932 928 926 924 924 927 929 920 934 931 930 935 926 929 921 934 924

Tree=0
num_leaves=7
num_cat=0
split_feature=6 7 14 8 14 7
split_gain=12.0136 5.88723 1.96184 2.13189 1.59791 1.42051
threshold=0.20760159310870324 -0.011649950872631147 0.26553261454811949 0.038116420418460951 0.34777674377166068 0.12150264140302343
decision_type=2 2 2 2 2 2
left_child=1 -1 3 -3 5 -2
right_child=4 2 -4 -5 -6 -7
leaf_value=-0.003136071220096244 0.0036593032789958985 -0.00030289737628975949 -0.002072327005938953 0.0025126410217536851 -0.00047282396733614183 0.0079598991290308497
leaf_weight=719.14336992439348 217.60766597971087 578.91418251913274 247.39310180395842 403.64149004418869 45.470940768718719 124.35039897961542
leaf_count=10119 2685 7872 1108 5245 190 1401
internal_value=-3.53814e-05 -0.001 0.000264164 0.000867409 0.00472052 0.00540491
internal_weight=2336.52 1949.09 1229.95 982.556 387.429 341.958
internal_count=28620 24344 14225 13117 4276 4086
is_linear=0
shrinkage=0.03


Tree=1
num_leaves=7
num_cat=0
split_feature=6 7 9 8 7 14
split_gain=10.2065 5.99399 1.87064 1.14399 1.00227 0.986023
threshold=0.21549124010164603 -0.015406969584955974 0.012424429753408845 0.16065910807689715 0.12150264140302343 0.27746652506209141
decision_type=2 2 2 2 2 2
left_child=1 -1 3 -3 -2 -4
right_child=4 2 5 -5 -6 -7
leaf_value=-0.0030933339660825345 0.003089685400500794 -0.0011361943602698984 0.0021170658583816965 0.0031638393782369295 0.0065558229253309674 -0.00078923248724212822
leaf_weight=675.71920003936975 225.10980776965152 593.65253579465207 504.55047246435424 51.703742186073214 141.05907267832663 126.36661379784346
leaf_count=9718 2569 7381 6115 638 1441 556
internal_value=3.72138e-05 -0.000830835 0.000381775 -0.00074867 0.00456373 0.00153173
internal_weight=2318.16 1951.99 1276.27 645.356 366.169 630.917
internal_count=28418 24408 14690 8019 4010 6671
is_linear=0
shrinkage=0.03


Tree=2
num_leaves=7
num_cat=0
split_feature=0 1 6 8 3 14
split_gain=9.96778 4.51482 2.08946 1.44528 1.17299 1.15417
threshold=0.08829204070652992 -0.03345682708031128 0.32096808687955758 0.14754578295408285 -0.21268118942807104 0.18841795599092334
decision_type=2 2 2 2 2 2
left_child=1 -1 -2 4 -3 -6
right_child=2 3 -4 -5 5 -7
leaf_value=-0.0029991157324716386 0.0020873195852915043 -0.0026601716534284466 0.006111782271006309 0.0032285914707358377 0.0010714437630647013 -0.0012628189790755177
leaf_weight=722.44119328071247 402.5821490973467 149.36810757213971 165.02103566669393 106.46694694861071 478.4532848346862 302.8012138903141
leaf_count=10126 4330 2190 1875 1264 7264 1548
internal_value=-7.93185e-05 -0.00119594 0.00334292 7.68001e-05 -0.000314268 0.000162197
internal_weight=2327.13 1759.53 567.603 1037.09 930.623 781.254
internal_count=28597 22392 6205 12266 11002 8812
is_linear=0
shrinkage=0.03


Tree=3
num_leaves=7
num_cat=0
split_feature=0 7 6 14 3 8
split_gain=10.2471 4.38529 2.50602 1.97983 1.78122 1.16928
threshold=0.07740270829279107 -0.015406969584955974 0.32096808687955758 0.26553261454811949 -0.21268118942807104 0.034199706900659592
decision_type=2 2 2 2 2 2
left_child=1 -1 -2 4 -3 -6
right_child=2 3 -4 -5 5 -7
leaf_value=-0.0031166881595633324 0.0020583259789941416 -0.0021833188456392726 0.0063783101668107899 -0.0024871357125906433 0.00021414112002121705 0.0026597121203664046
leaf_weight=641.16084273703746 433.6083113704226 153.74899349937914 167.47099922585767 218.26143242418766 403.5743227849598 304.63800947373966
leaf_count=9259 4656 2565 1898 979 5296 3888
internal_value=6.75967e-06 -0.00117206 0.00334663 1.61776e-07 0.000651283 0.00128849
internal_weight=2322.46 1721.38 601.079 1080.22 861.961 708.212
internal_count=28541 21987 6554 12728 11749 9184
is_linear=0
shrinkage=0.03


Tree=4
num_leaves=7
num_cat=0
split_feature=7 6 2 3 9 11
split_gain=9.05538 5.07424 1.64353 1.07825 0.68609 0.621639
threshold=-0.011649950872631147 0.27472604618711077 -0.10486392083191955 -0.20985316848812624 0.092126343155925647 0.044720201975519701
decision_type=2 2 2 2 2 2
left_child=4 2 3 -2 -1 -4
right_child=1 -3 5 -5 -6 -7
leaf_value=-0.0030391238766698516 -0.0031017363730592613 0.0053672098990956898 0.00095993977462089535 7.3209725938612469e-05 -0.00042919371337669969 0.0028440376646287234
leaf_weight=627.57861380768009 109.99078382283915 229.30753089435166 553.01823819836136 484.78249451506417 109.88272346247686 221.61187904252438
leaf_count=9177 1674 2451 6187 5354 1397 2384
internal_value=6.75569e-05 0.001335 0.000625792 -0.000555509 -0.00266119 0.00152833
internal_weight=2336.17 1598.71 1369.4 594.773 737.461 774.63
internal_count=28624 18050 15599 7028 10574 8571
is_linear=0
shrinkage=0.03


Tree=5
num_leaves=7
num_cat=0
split_feature=0 1 0 9 8 3
split_gain=8.59434 3.7545 1.52278 1.3098 1.21418 1.13342
threshold=0.12177770939942352 -0.03345682708031128 0.41759798524215869 0.0083816976906488667 0.15725297591847093 -0.21139707733656152
decision_type=2 2 2 2 2 2
left_child=1 3 -2 -1 5 -3
right_child=2 4 -4 -5 -6 -7
leaf_value=-0.0037611305714744538 0.0028415697026208438 -0.0023496404533120976 0.0079430941699515905 -0.001185050290524242 0.0032125713930454968 0.00033549680296875525
leaf_weight=372.28977866930654 425.07551391486777 158.99743120744824 56.264935788116418 356.75046797841787 100.13424885791028 859.48384762665955
leaf_count=5737 4538 2335 681 4530 1176 9538
internal_value=5.92675e-05 -0.000874231 0.00358742 -0.00253364 0.000220128 -0.000102456
internal_weight=2329 1847.66 481.34 729.04 1118.62 1018.48
internal_count=28535 23316 5219 10267 13049 11873
is_linear=0
shrinkage=0.03


Tree=6
num_leaves=7
num_cat=0
split_feature=6 7 6 2 2 3
split_gain=8.56735 3.72551 2.59031 1.25813 1.03726 0.987071
threshold=0.097741106367178157 -0.015406969584955974 0.34687206112964514 -0.09095983882123744 -0.13530352411490817 -0.20576914346058431
decision_type=2 2 2 2 2 2
left_child=1 -1 4 5 -2 -3
right_child=2 3 -4 -5 -6 -7
leaf_value=-0.003067370709735168 -2.440626690629757e-05 -0.0037594254630864332 0.005998580544082692 0.0010556499508675417 0.0024908452016584523 -0.00042202027515027149
leaf_weight=628.76727889673202 222.67855158209568 92.819556365371682 145.80198495823424 443.10525272437371 426.30172515509184 370.22012029928737
leaf_count=9208 2676 1360 1625 5220 4427 4076
internal_value=-5.277e-06 -0.00131271 0.00250462 -7.49691e-05 0.00164054 -0.00115636
internal_weight=2329.69 1534.91 794.782 906.145 648.98 463.04
internal_count=28592 19864 8728 10656 7103 5436
is_linear=0
shrinkage=0.03


Tree=7
num_leaves=7
num_cat=0
split_feature=0 1 6 9 2 9
split_gain=8.28074 4.0634 1.7264 1.30855 1.01231 0.920002
threshold=0.096237120652306066 -0.010836876523527111 0.32096808687955758 0.012424429753408845 0.070853757024241945 0.036179066513609671
decision_type=2 2 2 2 2 2
left_child=1 5 -2 4 -3 -1
right_child=2 3 -4 -5 -6 -7
leaf_value=-0.0031896104910180993 0.001967710436363923 -0.0011435743386809774 0.0056601472337401782 0.0015099245806880137 0.0038926099333954161 -0.0010926120104008178
leaf_weight=565.28603395889513 382.06474842550233 428.3649203296518 165.38571130676428 450.70187219028594 29.38127060275292 301.62122737907339
leaf_count=8159 4061 5536 1863 4915 377 3585
internal_value=-2.72729e-05 -0.00102377 0.00316473 0.000378484 -0.000744008 -0.00248079
internal_weight=2322.81 1775.36 547.45 908.448 457.746 866.907
internal_count=28496 22572 5924 10828 5913 11744
is_linear=0
shrinkage=0.03


Tree=8
num_leaves=7
num_cat=0
split_feature=7 6 3 2 9 9
split_gain=6.53574 3.84771 2.24112 0.927975 0.678303 0.592711
threshold=-0.011649950872631147 0.28002277614627169 -0.21139707733656152 -0.10486392083191955 0.013196053749413824 0.10218538337397816
decision_type=2 2 2 2 2 2
left_child=4 2 -2 -4 -1 -5
right_child=1 -3 3 5 -6 -7
leaf_value=-0.0032035696839463642 -0.0022542147749817702 0.0046144658265556519 -9.7030603048553986e-06 0.0012371037939406999 -0.0013112745659068672 0.003548295976286123
leaf_weight=391.96834364189999 221.91232615755871 223.29200289119035 491.89140782447066 535.57871408452047 335.6223135892069 120.40281721868087
leaf_count=6242 3176 2378 5352 5774 4301 1289
internal_value=-2.33522e-05 0.00105205 0.000442094 0.000978324 -0.00236031 0.00170822
internal_weight=2320.67 1593.08 1369.79 1147.87 727.591 655.982
internal_count=28512 17969 15591 12415 10543 7063
is_linear=0
shrinkage=0.03


Tree=9
num_leaves=7
num_cat=0
split_feature=6 6 7 2 9 12
split_gain=7.22915 2.71993 2.2699 1.65575 1.51209 1.27533
threshold=0.039684788671434261 0.23559877714019117 -0.03395017835340898 -0.13102524392382581 0.012424429753408845 1.7001217301521037
decision_type=2 2 2 2 2 2
left_child=2 3 -1 -2 -4 -3
right_child=1 5 4 -5 -6 -7
leaf_value=-0.0032254641262031581 -0.0010050078716532403 0.0048537047880466309 -0.001843215800285925 0.0018451011614849359 0.00078057385107184083 -0.00015543009090366491
leaf_weight=457.11882760139997 287.02603166137123 268.95444240164943 395.14121499759494 474.73910078406334 377.80365032510599 53.989361360669136
leaf_count=7055 3613 3253 5100 5072 4152 250
internal_value=-4.6596e-06 0.00177207 -0.00157309 0.000772099 -0.000567158 0.00403677
internal_weight=2314.77 1084.71 1230.06 761.765 772.945 322.944
internal_count=28495 12188 16307 8685 9252 3503
is_linear=0
shrinkage=0.03


Tree=10
num_leaves=7
num_cat=0
split_feature=6 1 6 14 9 9
split_gain=6.49122 3 1.60681 0.901025 0.886829 0.871781
threshold=0.10197921733189015 -0.027016478711666226 0.33794644038174432 0.2462825175089072 0.012424429753408845 0.013196053749413824
decision_type=2 2 2 2 2 2
left_child=1 5 3 -2 -3 -1
right_child=2 4 -4 -5 -6 -7
leaf_value=-0.0035758820345574596 0.0021130732429914196 -0.00091163296189071996 0.0048390087284231713 -0.00046392622861699337 0.0010010906300184921 -0.0013950432845130341
leaf_weight=379.48789041370037 459.70522279047873 433.72838352731196 153.57107731356518 160.73866377770901 419.16902085964102 321.51769663463347
leaf_count=5901 6009 5573 1698 731 4551 4111
internal_value=-5.3591e-05 -0.00117023 0.00217449 0.00144868 2.91108e-05 -0.00260932
internal_weight=2327.92 1553.9 774.015 620.444 852.897 701.006
internal_count=28574 20136 8438 6740 10124 10012
is_linear=0
shrinkage=0.03


Tree=11
num_leaves=7
num_cat=0
split_feature=7 0 14 3 14 0
split_gain=5.94633 2.89746 1.77949 1.13965 0.822914 0.758171
threshold=-0.0053612875250540594 0.17725348250379294 0.27101657619590414 -0.21268118942807104 0.33555810309142531 -0.029033186183029438
decision_type=2 2 2 2 2 2
left_child=5 2 3 -2 -3 -1
right_child=1 4 -4 -5 -6 -7
leaf_value=-0.002718289029942329 -0.0012807573459483958 0.0040964993652078301 -0.0018936525518998299 0.0014106664003477932 -0.00050247412429686895 -0.00069673530647332662
leaf_weight=564.7939803772897 163.65640101023018 278.99477189197205 241.007438570261 793.94288202185999 37.516263633966446 247.47009242355125
leaf_count=8319 2616 3196 1071 9903 157 3205
internal_value=-6.22452e-05 0.00104671 0.000361046 0.000942212 0.00355269 -0.00211835
internal_weight=2327.38 1515.12 1198.61 957.599 316.511 812.264
internal_count=28467 16943 13590 12519 3353 11524
is_linear=0
shrinkage=0.03


Tree=12
num_leaves=7
num_cat=0
split_feature=7 0 8 12 3 6
split_gain=5.84476 3.05439 1.44247 1.35821 1.39798 0.927649
threshold=-0.015406969584955974 0.13038184039548964 0.16065910807689715 1.0868614387781197 -0.21139707733656152 0.34687206112964514
decision_type=2 2 2 2 2 2
left_child=-1 2 3 4 -2 -3
right_child=1 5 -4 -5 -6 -7
leaf_value=-0.0023511531304188128 -0.0021602602492042287 0.0020048317437002853 0.0033531219213190897 -0.0015302284738646619 0.0012489510797721946 0.0050933068868075741
leaf_weight=692.45643818686949 123.47265475528548 287.82060311199166 104.33701032400131 411.83639582246542 572.19687658091425 134.44053455942776
leaf_count=10123 2335 2947 1181 2248 8212 1475
internal_value=-6.08342e-05 0.000918093 0.000144601 -0.000184971 0.00062182 0.00308323
internal_weight=2326.56 1634.1 1211.84 1107.51 695.67 422.261
internal_count=28521 18398 13976 12795 10547 4422
is_linear=0
shrinkage=0.03


Tree=13
num_leaves=7
num_cat=0
split_feature=6 2 7 14 14 9
split_gain=6.02141 2.0122 1.76556 1.20729 1.00503 0.908035
threshold=0.068931434261929672 -0.10486392083191955 -0.03157287962399264 0.25049009904091157 0.34777674377166068 0.012424429753408845
decision_type=2 2 2 2 2 2
left_child=2 -2 -1 -3 5 -4
right_child=1 3 4 -5 -6 -7
leaf_value=-0.0027006407913002179 0.00030425000915591626 0.0039322997157634669 -0.0010921417017846302 0.00051005775854226552 -0.0034829848158033964 0.00087357011461141004
leaf_weight=484.99332279947703 422.4069098472246 379.41116475022864 424.75374183896929 126.09847484529018 79.678240075707436 402.03893459879328
leaf_count=7433 4940 4734 5803 570 333 4684
internal_value=-1.36326e-05 0.00184692 -0.00125869 0.00310508 -0.000466153 -0.000137272
internal_weight=2319.38 927.917 1391.46 505.51 906.471 826.793
internal_count=28497 10244 18253 5304 10820 10487
is_linear=0
shrinkage=0.03


Tree=14
num_leaves=7
num_cat=0
split_feature=7 6 8 3 14 12
split_gain=4.88242 2.85054 1.49307 1.29847 0.964595 0.781605
threshold=-0.03157287962399264 0.27472604618711077 0.16065910807689715 -0.21268118942807104 0.27101657619590414 1.6631919807385147
decision_type=2 2 2 2 2 2
left_child=-1 2 3 -2 -5 -3
right_child=1 5 -4 4 -6 -7
leaf_value=-0.0023370451270515063 -0.0019479482792589518 0.004637773262554528 0.0033075354081190588 0.00092858007452559861 -0.0011659667250593505 0.00024077038653893244
leaf_weight=542.59084302411065 222.37238650716608 195.86357845272869 134.56692879844923 954.14809502006392 239.88518808782101 45.572228759527206
leaf_count=8324 3194 2318 1492 11935 1069 211
internal_value=0.00013055 0.000886353 0.000403237 0.000106058 0.00050159 0.0038504
internal_weight=2335 1792.41 1550.97 1416.41 1194.03 241.436
internal_count=28543 20219 17690 16198 13004 2529
is_linear=0
shrinkage=0.03


Tree=15
num_leaves=7
num_cat=0
split_feature=6 7 2 14 3 14
split_gain=5.58378 2.733 1.19411 0.955368 0.764556 0.632343
threshold=0.21549124010164603 -0.011649950872631147 -0.086931709463865303 0.33555810309142531 -0.20985316848812624 0.33555810309142531
decision_type=2 2 2 2 2 2
left_child=1 -1 4 -4 -3 -2
right_child=5 2 3 -5 -6 -7
leaf_value=-0.0021993378618186906 0.0036859734508554232 -0.0028173214217095529 0.0015349395370102346 -0.0021158917314028926 -0.00023939566734146756 9.367190549106393e-05
leaf_weight=699.76367441850016 329.06908027641475 118.92999033047818 523.16091877076542 64.559216350317001 537.52007552201394 51.303452208638191
leaf_count=10184 3806 1750 6479 272 5796 215
internal_value=-5.96189e-05 -0.000713796 0.000132597 0.00110522 -0.000741708 0.00321627
internal_weight=2324.31 1943.93 1244.17 587.72 656.45 380.373
internal_count=28502 24481 14297 6751 7546 4021
is_linear=0
shrinkage=0.03


Tree=16
num_leaves=7
num_cat=0
split_feature=6 1 0 2 12 8
split_gain=5.23176 1.83464 1.79841 0.935808 0.613216 0.662769
threshold=0.097741106367178157 -0.0080161763223423211 0.40178485606223918 -0.13403876884215776 1.1162892308336962 0.037297157935380798
decision_type=2 2 2 2 2 2
left_child=1 -1 3 -2 5 -3
right_child=2 4 -4 -5 -6 -7
leaf_value=-0.0020113661498029332 5.7340126019175721e-06 -0.0002070092870666933 0.0063182793591358725 0.0022454654509570546 -0.0011464996439549365 0.0020180228284953682
leaf_weight=798.86960680072661 257.18431957095163 304.48922496894374 67.801919606572483 473.87354223657167 243.08048973605037 187.61960965045728
leaf_count=11196 3070 4626 781 4860 1308 2812
internal_value=-1.60625e-06 -0.00102547 0.00195291 0.00146824 5.84308e-05 0.000664594
internal_weight=2332.92 1534.06 798.86 731.058 735.189 492.109
internal_count=28653 19942 8711 7930 8746 7438
is_linear=0
shrinkage=0.03


Tree=17
num_leaves=7
num_cat=0
split_feature=6 1 9 9 8 12
split_gain=4.45948 2.53852 1.06734 0.996736 0.798348 0.662356
threshold=0.20760159310870324 -0.03345682708031128 0.0083816976906488667 0.012424429753408845 0.1052056589001064 1.5695907756319707
decision_type=2 2 2 2 2 2
left_child=1 2 -1 -3 5 -2
right_child=4 3 -4 -5 -6 -7
leaf_value=-0.0030606856285440198 0.0026345907782028988 -0.00056976789933117647 -0.00074575334500798208 0.0011455469668877395 0.0050363494722045314 -0.0008005147321100553
leaf_weight=370.30014139128616 239.15215512929717 605.32854636677075 355.1150863035582 595.37094863859238 105.95346029824577 58.389495819807053
leaf_count=5871 2895 7618 4552 6267 1100 269
internal_value=3.94385e-05 -0.000564728 -0.001953 0.000283213 0.00286738 0.00195638
internal_weight=2329.61 1926.11 725.415 1200.7 403.495 297.542
internal_count=28572 24308 10423 13885 4264 3164
is_linear=0
shrinkage=0.03


Tree=18
num_leaves=7
num_cat=0
split_feature=7 7 8 3 12 6
split_gain=4.9725 1.72963 1.13886 1.08797 0.864303 0.837512
threshold=0.046957292169728999 -0.03157287962399264 0.16065910807689715 -0.22058017816540673 1.6631919807385147 0.32977393880202882
decision_type=2 2 2 2 2 2
left_child=1 -1 -3 -2 5 -5
right_child=3 2 -4 4 -6 -7
leaf_value=-0.0023514729638374646 -0.00074881846114132049 -0.0005410450273733746 0.0032925438979232503 0.0022685975793779027 0.0001349945186579652 0.0053900142698792928
leaf_weight=543.01474654377671 109.75551943748724 975.5121243694739 65.112168577848934 420.13569946656935 121.9781366661191 97.676600136212073
leaf_count=8382 1446 11676 776 4642 564 1113
internal_value=-4.35182e-05 -0.000995392 -0.00027212 0.00195423 0.00242232 0.00294836
internal_weight=2333.18 1583.64 1040.62 749.546 639.79 517.812
internal_count=28599 20834 12452 7765 6319 5755
is_linear=0
shrinkage=0.03


Tree=19
num_leaves=7
num_cat=0
split_feature=6 7 2 14 9 6
split_gain=4.08953 1.67646 1.5599 1.01529 0.911849 0.748448
threshold=0.10197921733189015 -0.026336283521802364 -0.13403876884215776 0.42119311821946898 0.012424429753408845 0.32977393880202882
decision_type=2 2 2 2 2 2
left_child=1 -1 -2 4 -3 -4
right_child=2 3 5 -5 -6 -7
leaf_value=-0.0022722595675031495 -0.00015306017210216144 -0.00086475043919445463 0.0019516304687111853 -0.004032521731851574 0.000964046356569788 0.0047088437111873407
leaf_weight=535.85978318876005 264.896804641583 493.44363936409354 396.08074876025785 48.833941712975502 468.69768236274831 118.78496167011326
leaf_count=8150 3185 6473 4043 202 5243 1225
internal_value=-4.0477e-05 -0.000932309 0.00171808 -0.000206778 2.68826e-05 0.00266534
internal_weight=2326.6 1546.84 779.763 1010.98 962.141 514.866
internal_count=28521 20068 8453 11918 11716 5268
is_linear=0
shrinkage=0.03


Tree=20
num_leaves=7
num_cat=0
split_feature=7 6 0 9 12 5
split_gain=4.5277 1.52786 1.0304 1.01333 0.859464 0.624859
threshold=0.046957292169728999 -0.060519491322094776 0.18503127228202323 0.036967215486750596 1.0239899689560528 0.021955853663796963
decision_type=2 2 2 2 2 2
left_child=1 5 4 -3 -2 -1
right_child=2 3 -4 -5 -6 -7
leaf_value=-0.0025043644445443044 0.0022028840373932387 -0.00094830899977729581 0.0033860741675411483 0.00099278632713826901 -0.00030336184429348656 0.00036447827777147997
leaf_weight=510.39422400933108 253.08954527211608 629.29165516028297 259.88632950920146 379.84466132870875 227.48628898710012 75.949563059140928
leaf_count=7664 3753 8126 2670 4117 1257 994
internal_value=-2.97437e-05 -0.000928784 0.00189399 -0.000215097 0.00103452 -0.00213288
internal_weight=2335.94 1595.48 740.462 1009.14 480.576 586.344
internal_count=28581 20901 7680 12243 5010 8658
is_linear=0
shrinkage=0.03


Tree=21
num_leaves=7
num_cat=0
split_feature=7 3 14 7 8 7
split_gain=3.49352 1.42619 1.18253 1.01343 0.825322 0.681158
threshold=0.046957292169728999 -0.063284192030701139 0.27746652506209141 -0.049373368455883922 0.17244277010757528 0.17461594966127797
decision_type=2 2 2 2 2 2
left_child=1 3 5 -1 -5 -2
right_child=2 -3 -4 4 -6 -7
leaf_value=-0.0025757334421746803 0.001941385816800137 0.00091273790351968718 -0.0005038691744027069 -0.00089459869412680294 0.0029354478685121692 0.0052835597830797939
leaf_weight=348.65838269749656 525.52696794254007 353.83151437324705 163.11069297790527 834.99832520069322 44.207312188576907 57.264028344652615
leaf_count=5875 6330 4151 713 10251 542 665
internal_value=5.10334e-05 -0.000746711 0.00173016 -0.00122842 -0.000671174 0.00235337
internal_weight=2327.6 1581.7 745.902 1227.86 879.206 582.791
internal_count=28527 20819 7708 16668 10793 6995
is_linear=0
shrinkage=0.03


Tree=22
num_leaves=7
num_cat=0
split_feature=7 14 7 9 10 2
split_gain=3.54186 1.30622 1.26937 0.830066 0.79785 0.768959
threshold=0.046957292169728999 0.34777674377166068 -0.029372683029864351 0.012424429753408845 0.047607702175731473 -0.16957362475161661
decision_type=2 2 2 2 2 2
left_child=2 4 -1 -4 -2 -6
right_child=1 -3 3 -5 5 -7
leaf_value=-0.0019543845855648067 0.0013607215429711644 -0.0015496163434303367 -0.0010305792186954702 0.00066171024837670715 -0.00031432658412460413 0.0043839795293835714
leaf_weight=558.08815070785931 441.11703313270118 91.75676828622818 510.63332053271006 513.27787664404605 36.059893664845731 178.72631088847993
leaf_count=8568 4935 381 6661 5599 472 1936
internal_value=-1.34648e-05 0.00167497 -0.000816934 -0.000184054 0.00214256 0.0036163
internal_weight=2329.66 747.66 1582 1023.91 655.903 214.786
internal_count=28552 7724 20828 12260 7343 2408
is_linear=0
shrinkage=0.03


Tree=23
num_leaves=7
num_cat=0
split_feature=0 9 11 2 0 0
split_gain=3.64855 1.49217 1.00144 0.97884 0.844836 0.674812
threshold=0.07740270829279107 0.012424429753408845 0.029828462469460897 0.074802766540196727 0.41759798524215869 -0.11656588370096797
decision_type=2 2 2 2 2 2
left_child=1 3 -3 5 -2 -1
right_child=4 2 -4 -5 -6 -7
leaf_value=-0.0029033375550860658 0.0014973134953881998 -0.00050237353084389539 0.0017514573662385116 0.0028488404792642815 0.005073055854434066 -0.0011269577795896778
leaf_weight=313.15241598023567 563.43014170555398 592.93039885471808 241.51977310958318 33.897238019388169 59.884803986526094 533.99708026260487
leaf_count=5057 5906 6839 2800 442 690 6971
internal_value=-3.21277e-05 -0.000746797 0.000162982 -0.00160062 0.00191553 -0.00180982
internal_weight=2338.81 1715.5 834.45 881.047 623.315 847.149
internal_count=28705 22109 9639 12470 6596 12028
is_linear=0
shrinkage=0.03


Tree=24
num_leaves=7
num_cat=0
split_feature=1 3 8 14 8 8
split_gain=3.22128 1.57221 1.02128 0.903053 1.15275 0.814295
threshold=0.036720159872001494 -0.057554364723650338 0.21437915144450528 0.26042339298837675 -0.0028113834765397107 0.050272211757707748
decision_type=2 2 2 2 2 2
left_child=1 2 3 4 -1 -3
right_child=-2 5 -4 -5 -6 -7
leaf_value=-0.0017622950131707476 0.0021239300518515383 0.00024579058219096532 0.0034628711568676909 -0.0027282641085437658 0.00014112206595580875 0.0032645558420842276
leaf_weight=536.58014615080901 512.85423370904755 271.26202287810156 35.242188995005563 253.88211533427238 598.60609488392947 105.43193031876581
leaf_count=9089 5072 3163 435 1158 8252 1205
internal_value=4.9853e-05 -0.000549228 -0.0010044 -0.00114168 -0.000766118 0.00115328
internal_weight=2313.86 1801 1424.31 1389.07 1135.19 376.694
internal_count=28374 23302 18934 18499 17341 4368
is_linear=0
shrinkage=0.03


Tree=25
num_leaves=7
num_cat=0
split_feature=0 1 3 14 0 8
split_gain=3.18972 1.69525 1.04651 1.02728 0.938124 0.714568
threshold=0.15194714953229269 -0.037472465076989626 -0.22058017816540673 0.42119311821946898 0.41759798524215869 0.12380466076582199
decision_type=2 2 2 2 2 2
left_child=1 -1 -3 5 -2 -4
right_child=4 2 3 -5 -6 -7
leaf_value=-0.0017247854077450165 0.0016299006164105807 -0.0019665332331639338 0.00037856993591156666 -0.0031517692220339112 0.0055053433203305687 0.0026205582107898138
leaf_weight=694.28300416609272 351.71933542576153 173.49340159958228 841.41696766638779 55.741119638085365 61.540250667720102 142.00797404756304
leaf_count=10107 3706 2547 9622 229 704 1615
internal_value=-3.37726e-05 -0.000554068 0.000124826 0.000489404 0.00232344 0.000725436
internal_weight=2320.2 1906.94 1212.66 1039.17 413.26 983.425
internal_count=28530 24120 14013 11466 4410 11237
is_linear=0
shrinkage=0.03


Tree=26
num_leaves=7
num_cat=0
split_feature=0 7 14 2 14 6
split_gain=3.41955 1.51959 1.3841 0.842251 0.815321 0.656373
threshold=0.13346248237051198 -0.029372683029864351 0.26042339298837675 -0.11174318689307146 0.34777674377166068 0.34687206112964514
decision_type=2 2 2 2 2 2
left_child=1 -1 3 -3 5 -2
right_child=4 2 -4 -5 -6 -7
leaf_value=-0.0019673865776237971 0.0017254623937471363 -0.00054577463222507975 -0.0019065891462881404 0.0011581194354467765 -0.0013605985701428205 0.0043501817381973703
leaf_weight=537.31791038889787 288.65512711385963 453.58487743276055 284.38272789865732 590.92176607699366 45.598403602838516 130.43842509575188
leaf_count=8241 3233 6380 1289 7768 190 1512
internal_value=-6.17381e-05 -0.000636991 -8.83871e-05 0.000420032 0.00221323 0.00262472
internal_weight=2330.9 1866.21 1328.89 1044.51 464.692 419.094
internal_count=28613 23678 15437 14148 4935 4745
is_linear=0
shrinkage=0.03


Tree=27
num_leaves=7
num_cat=0
split_feature=6 2 9 0 3 14
split_gain=2.91623 1.18614 1.08378 0.802069 0.693164 0.634811
threshold=0.050964048857387832 -0.13403876884215776 0.013196053749413824 0.43439375533509822 -0.054401060715038585 0.34777674377166068
decision_type=2 2 2 2 2 2
left_child=2 -2 -1 4 5 -3
right_child=1 3 -4 -5 -6 -7
leaf_value=-0.0017760500267452971 -0.00021449406108327605 0.0014354878283083931 -3.1626720720038247e-05 0.0056669519508978396 0.0034657974021849998 -0.0016425189652991858
leaf_weight=670.7457688258728 365.05824732984183 461.21575219347142 606.47663663787534 38.711935626575723 130.986325838021 60.670722991228104
leaf_count=9806 4421 5122 7284 420 1261 253
internal_value=6.84394e-06 0.00116682 -0.000954408 0.00188862 0.00158247 0.00105351
internal_weight=2333.87 1056.64 1277.22 691.585 652.873 521.886
internal_count=28567 11477 17090 7056 6636 5375
is_linear=0
shrinkage=0.03


Tree=28
num_leaves=7
num_cat=0
split_feature=0 5 7 14 14 8
split_gain=2.80171 1.55763 1.08563 0.881927 0.824151 0.594245
threshold=0.13346248237051198 0.0044406363087144242 -0.029372683029864351 0.19126102268699383 0.34777674377166068 0.12380466076582199
decision_type=2 2 2 2 2 2
left_child=1 2 -1 -3 -2 -4
right_child=4 3 5 -5 -6 -7
leaf_value=-0.0021405732284949979 0.0025351424975684034 0.002416392261789399 -0.00065315438286141312 -0.00056356695265997179 -0.0014168302221597125 0.0014598867210903553
leaf_weight=447.54485062026652 408.93734983477043 217.40135229052976 924.50359959379421 142.01998388767242 47.124598801136017 127.8259978981223
leaf_count=7062 4665 3287 11045 715 196 1531
internal_value=2.42433e-05 -0.000494708 -0.000919661 0.00125552 0.00210515 -0.000385158
internal_weight=2315.36 1859.3 1499.87 359.421 456.062 1052.33
internal_count=28501 23640 19638 4002 4861 12576
is_linear=0
shrinkage=0.03


Tree=29
num_leaves=7
num_cat=0
split_feature=6 14 6 9 9 8
split_gain=2.59504 1.44055 1.37432 0.819555 0.804038 0.60419
threshold=-1.0000000180025095e-35 0.34777674377166068 0.21942293774864222 0.0053094531639658474 0.13785477038677796 0.040270611247626396
decision_type=2 2 2 2 2 2
left_child=3 2 4 -1 -2 -6
right_child=1 -3 -4 -5 5 -7
leaf_value=-0.0022494774158409716 0.00016201103399058334 -0.0020584595466820767 0.0026690483665193555 -0.00043564128507538291 0.00031011434176277211 0.0053123491346128461
leaf_weight=437.69815551163629 871.17919733648887 142.00010093301535 331.47901619458571 461.07394007436233 40.369597277021967 40.64701147651067
leaf_count=6716 10773 594 3746 5714 499 467
internal_value=-7.98187e-05 0.000714628 0.00103493 -0.001334 0.000444229 0.00312773
internal_weight=2324.45 1425.67 1283.67 898.772 952.196 81.0166
internal_count=28509 16079 15485 12430 11739 966
is_linear=0
shrinkage=0.03


Tree=30
num_leaves=7
num_cat=0
split_feature=6 2 12 7 7 0
split_gain=2.18418 1.38601 0.783082 0.766184 0.647276 0.540677
threshold=0.21549124010164603 -0.10097392771080754 1.0868614387781197 1.0000000180025095e-35 0.12757322118775907 -0.10321933213394217
decision_type=2 2 2 2 2 2
left_child=1 5 3 -3 -2 -1
right_child=4 2 -4 -5 -6 -7
leaf_value=-0.0020289237917253907 0.001081147253907142 -0.00011253956026934703 -0.00072015900000585236 0.0020150750474478996 0.0036598857551767196 -0.00058963669206368223
leaf_weight=386.06089744585915 253.53035894507775 271.8975380132033 331.71881752461195 333.5138843479217 135.54133231774904 607.98202007694636
leaf_count=6084 2721 4403 1806 4815 1307 7377
internal_value=2.7468e-05 -0.000388205 0.000437521 0.00107324 0.0020487 -0.00116326
internal_weight=2320.24 1931.17 937.13 605.411 389.072 994.043
internal_count=28513 24485 11024 9218 4028 13461
is_linear=0
shrinkage=0.03


Tree=31
num_leaves=7
num_cat=0
split_feature=7 3 14 5 6 3
split_gain=2.68839 1.22426 0.961863 0.77034 0.769362 0.619735
threshold=0.046957292169728999 -0.063284192030701139 0.30640464474840096 1.0000000180025095e-35 -1.0000000180025095e-35 -0.23778735900948625
decision_type=2 2 2 2 2 2
left_child=1 4 5 -3 -1 -2
right_child=2 3 -4 -5 -6 -7
leaf_value=-0.0018739792117712761 -0.00054484460389280377 0.00011331625519031731 -0.000881538350390737 0.003568527320564605 -0.00036469248378253401 0.0022673570823206028
leaf_weight=654.25522804827779 76.81404138187645 295.77246008563088 127.61794582009315 62.478349552722648 571.35349596990272 546.89616480853874
leaf_count=9554 1162 3484 544 666 7118 6018
internal_value=-2.96177e-05 -0.000730005 0.00143705 0.000796441 -0.00117903 0.00191788
internal_weight=2335.19 1583.86 751.328 358.251 1225.61 623.71
internal_count=28546 20822 7724 4150 16672 7180
is_linear=0
shrinkage=0.03


Tree=32
num_leaves=7
num_cat=0
split_feature=7 14 9 2 2 9
split_gain=2.61028 1.68436 1.21793 0.781792 0.576645 0.512413
threshold=-0.0053612875250540594 0.34777674377166068 0.036967215486750596 -0.087892451620457543 -0.12810181897300441 0.0083816976906488667
decision_type=2 2 2 2 2 2
left_child=5 2 3 -2 -4 -1
right_child=1 -3 4 -5 -6 -7
leaf_value=-0.0022706072746444881 -0.00064290945907946758 -0.0022889115992117395 0.0006333005795200043 0.0011431428026484533 0.0027963013975187308 -0.00072603481994237742
leaf_weight=406.27435573303956 445.82574550699792 155.7296122610569 175.50322902295738 417.95546252839267 329.19882828812115 386.50285859149881
leaf_count=6521 5652 651 1941 5149 3534 5019
internal_value=-0.000150525 0.000575409 0.000915601 0.000224495 0.00207107 -0.00153601
internal_weight=2316.99 1524.21 1368.48 863.781 504.702 792.777
internal_count=28467 16927 16276 10801 5475 11540
is_linear=0
shrinkage=0.03


Tree=33
num_leaves=7
num_cat=0
split_feature=0 5 0 9 9 14
split_gain=2.56627 1.28158 1.01803 0.841872 0.616796 0.527791
threshold=0.07740270829279107 0.0044406363087144242 0.41759798524215869 0.012424429753408845 0.093945949850240337 0.11681717266799006
decision_type=2 2 2 2 2 2
left_child=1 3 5 -1 -3 -2
right_child=2 4 -4 -5 -6 -7
leaf_value=-0.0017864197779832911 0.0023568160960427886 0.0004027666129010894 0.0050132704726263957 -0.00030599752659626038 0.0038410101520470336 0.00043068540313963787
leaf_weight=706.61154356083716 190.86360697500641 269.6401827269583 59.471553170878906 677.56036737753311 47.675159027217887 369.45178624242544
leaf_count=10363 3618 3106 676 8037 507 2215
internal_value=-7.34781e-05 -0.00067567 0.00156418 -0.00106914 0.00102091 0.00111662
internal_weight=2321.27 1701.49 619.787 1384.17 317.315 560.315
internal_count=28522 22013 6509 18400 3613 5833
is_linear=0
shrinkage=0.03


Tree=34
num_leaves=7
num_cat=0
split_feature=6 3 2 12 1 6
split_gain=2.03892 1.34413 1.08432 0.558092 0.546342 0.527531
threshold=0.34687206112964514 -0.063284192030701139 -0.10097392771080754 1.7001217301521037 -0.030461569428056088 0.049489925789033794
decision_type=2 2 2 2 2 2
left_child=1 2 4 -2 -1 -3
right_child=3 5 -4 -5 -6 -7
leaf_value=-0.0021148577598673482 0.0040904559805447493 0.00035454259296690253 0.0001756200172095087 -0.00050397411268937359 -0.00061971719674820431 0.002395508951639281
leaf_weight=416.01515526117873 122.58750399580458 289.47038045385852 816.76285082969116 26.512697279453278 479.53330810234183 182.66259647533298
leaf_count=6536 1469 3428 9430 121 5732 1794
internal_value=1.38697e-05 -0.000223946 -0.000614951 0.00329316 -0.00132995 0.00117748
internal_weight=2333.54 2184.44 1712.31 149.1 895.548 472.133
internal_count=28510 26920 21698 1590 12268 5222
is_linear=0
shrinkage=0.03


Tree=35
num_leaves=7
num_cat=0
split_feature=6 7 9 8 11 12
split_gain=2.00579 1.39652 0.875646 0.579252 0.56675 0.55704
threshold=0.35691040724095663 -0.03157287962399264 0.092126343155925647 -0.030386970261778872 0.12049035424195563 1.0868614387781197
decision_type=2 2 2 2 2 2
left_child=1 -1 4 -2 5 -3
right_child=3 2 -4 -5 -6 -7
leaf_value=-0.0015026862160382871 -0.00045917926849010546 0.00026191758978039642 0.0017549571136263216 0.0042497212028785756 0.0025635828330397973 -0.0010134552044573084
leaf_weight=531.90548235113965 26.719758318271488 840.09219827351626 278.12903806916438 114.74530114443041 60.212081193807535 474.14242307841778
leaf_count=8287 356 12538 2906 1145 644 2597
internal_value=4.99172e-05 -0.000180757 0.000251204 0.00338871 -6.35691e-05 -0.000202383
internal_weight=2325.95 2184.48 1652.58 141.465 1374.45 1314.23
internal_count=28473 26972 18685 1501 15779 15135
is_linear=0
shrinkage=0.03


Tree=36
num_leaves=7
num_cat=0
split_feature=0 9 8 0 14 14
split_gain=1.77144 1.11085 0.841002 0.682855 0.72591 0.632974
threshold=0.13646296916613468 0.092126343155925647 -0.073472239858278596 0.41759798524215869 0.34777674377166068 0.19370777694630101
decision_type=2 2 2 2 2 2
left_child=1 2 -1 4 -2 -4
right_child=3 -3 5 -5 -6 -7
leaf_value=-0.002276596842550493 0.0015754766393558492 0.0011966779961329864 7.4356538959196152e-05 0.0044160791092049574 -0.0023026157083009245 -0.0012990111033436373
leaf_weight=256.62022276152857 358.95287919393741 311.88261483795941 835.04933549283305 59.814101332449354 40.318063005805016 462.29280072450638
leaf_count=4716 3937 3526 13062 673 168 2355
internal_value=5.32141e-07 -0.000411801 -0.000740213 0.00164942 0.00113718 -0.00042122
internal_weight=2324.93 1865.84 1553.96 459.085 399.271 1297.34
internal_count=28437 23659 20133 4778 4105 15417
is_linear=0
shrinkage=0.03


Tree=37
num_leaves=7
num_cat=0
split_feature=0 2 9 9 11 0
split_gain=2.1738 1.17195 0.75428 0.739345 0.608407 0.488689
threshold=0.13038184039548964 -0.11302034772850834 0.10031272338871959 -0.05008156885698057 0.089634359236854338 0.43439375533509822
decision_type=2 2 2 2 2 2
left_child=1 3 4 -1 -3 -2
right_child=5 2 -4 -5 -6 -7
leaf_value=-0.0028937439893450385 0.0013371416422248415 -0.00046968388610029029 0.0020514033372777268 -0.00081185864348605236 0.0019691584188047504 0.0042470698577292037
leaf_weight=195.34738959028618 419.9047101935721 733.09036842989735 154.80106711876579 665.06907832686557 95.139463003783021 53.696202574530616
leaf_count=3486 4361 8644 1678 8595 1087 600
internal_value=-4.33277e-05 -0.000510503 0.000197468 -0.00131234 -0.000169382 0.00174806
internal_weight=2317.05 1843.45 983.031 860.416 828.23 473.601
internal_count=28451 23490 11409 12081 9731 4961
is_linear=0
shrinkage=0.03


Tree=38
num_leaves=7
num_cat=0
split_feature=0 7 14 8 3 0
split_gain=2.13622 1.1739 0.990174 1.08608 0.862834 0.606455
threshold=0.07740270829279107 -0.03395017835340898 0.42119311821946898 0.15363962459631389 -0.21268118942807104 0.47614360576029618
decision_type=2 2 2 2 2 2
left_child=1 -1 3 4 -3 -2
right_child=5 2 -4 -5 -6 -7
leaf_value=-0.0018193123482280725 0.0011690033968398547 -0.002037993712133293 -0.0036080765483687918 0.0028845928758095014 0.0002187249505672336 0.0047471849448361431
leaf_weight=477.78533713819343 596.28683996555628 174.45327934419038 57.465368762612343 106.03586077626096 871.62841810280224 37.736751039279625
leaf_count=7570 6152 2676 237 1279 10168 444
internal_value=-1.88093e-05 -0.000576904 -7.52589e-05 0.000130482 -0.000173358 0.00145238
internal_weight=2321.39 1687.37 1209.58 1152.12 1046.08 634.024
internal_count=28526 21930 14360 14123 12844 6596
is_linear=0
shrinkage=0.03


Tree=39
num_leaves=7
num_cat=0
split_feature=0 3 0 8 14 2
split_gain=1.86496 1.04992 1.00726 0.916901 0.555004 0.687635
threshold=0.037267815895817187 -0.063284192030701139 0.41759798524215869 0.24382171018321541 0.17596364934331074 -0.21607906993754575
decision_type=2 2 2 2 2 2
left_child=1 3 -2 4 5 -1
right_child=2 -3 -4 -5 -6 -7
leaf_value=-0.0025869806513791125 0.00079505630474409643 0.00078923591632391161 0.0045865812355697644 0.0041998838197613089 -0.0020016412950600369 -0.00023096146172615464
leaf_weight=126.91172093481873 702.20083731459454 346.838501582155 60.281309104466345 19.559590146760456 454.02559843659401 613.92834682218381
leaf_count=3436 7250 4059 690 226 2435 10432
internal_value=-5.68772e-05 -0.000650004 0.00115031 -0.00106414 -0.00118445 -0.000663645
internal_weight=2323.75 1561.26 762.482 1214.43 1194.87 740.84
internal_count=28528 20588 7940 16529 16303 13868
is_linear=0
shrinkage=0.03


Tree=40
num_leaves=7
num_cat=0
split_feature=1 2 14 5 14 7
split_gain=1.93762 1.13144 0.839176 0.792135 0.709242 0.494283
threshold=0.048104917437246951 -0.11302034772850834 0.26042339298837675 0.0059222193178511398 0.10408937126195171 -0.011649950872631147
decision_type=2 2 2 2 2 2
left_child=1 -1 3 5 -2 -3
right_child=4 2 -4 -5 -6 -7
leaf_value=-0.0012233682303216661 0.0035769684379482617 -0.0011000281548702419 -0.0014404746615582667 0.00239820652144054 0.00091891924814429854 0.00072638313108696945
leaf_weight=915.92815960710868 121.50223800237291 184.66913272190141 201.80065879970789 176.08152206405066 324.29695731401443 414.13934009819059
leaf_count=12779 2387 2782 912 2237 1979 5515
internal_value=-5.1126e-05 -0.00047179 0.000238286 0.00068826 0.00170595 0.000154311
internal_weight=2338.42 1892.62 976.691 774.89 445.799 598.808
internal_count=28591 24225 11446 10534 4366 8297
is_linear=0
shrinkage=0.03


Tree=41
num_leaves=7
num_cat=0
split_feature=0 7 12 10 5 2
split_gain=1.68762 0.930607 0.652552 0.631858 0.537218 0.508993
threshold=-0.08387483834646968 0.12424483870745769 1.6631919807385147 -0.067293250344397024 0.0086973545774383983 -0.12897019485383357
decision_type=2 2 2 2 2 2
left_child=4 2 3 -2 -1 -5
right_child=1 -3 -4 5 -6 -7
leaf_value=-0.0016206429629364797 -0.001173492244079427 0.0023946427693225009 -0.0013388101276189774 -9.8064977370531772e-05 0.00059087963450828759 0.0012470086719575117
leaf_weight=566.95394101736019 166.86438666208414 198.05773694219533 192.15116359293461 393.71760367322713 113.89659456629306 692.56624870339874
leaf_count=8374 2311 1864 890 5314 1437 8304
internal_value=-2.26191e-06 0.000518066 0.000246221 0.000497936 -0.00124749 0.000763047
internal_weight=2324.21 1643.36 1445.3 1253.15 680.851 1086.28
internal_count=28494 18683 16819 15929 9811 13618
is_linear=0
shrinkage=0.03


Tree=42
num_leaves=7
num_cat=0
split_feature=7 2 14 9 6 5
split_gain=1.496 0.924351 0.800401 0.676122 0.668611 0.413869
threshold=-0.015406969584955974 -0.10486392083191955 0.26042339298837675 -0.034038112649823905 0.32096808687955758 0.0059222193178511398
decision_type=2 2 2 2 2 2
left_child=-1 3 4 -2 5 -3
right_child=1 2 -4 -5 -6 -7
leaf_value=-0.0012311391852377644 -0.0018528636155257599 0.00068691170136897929 -0.00056542512827354428 0.0001926931111751938 0.0038855166510415248 0.002424512238849698
leaf_weight=666.53476388394483 190.51153844117653 490.33092099870555 209.20195726305246 523.6883144218591 85.254641176550649 161.39755046949722
leaf_count=10139 2690 6391 935 5596 984 1901
internal_value=-4.11572e-05 0.000441052 0.00105148 -0.000371006 0.00151188 0.00114736
internal_weight=2326.92 1660.38 946.185 714.2 736.983 651.728
internal_count=28636 18497 10211 8286 9276 8292
is_linear=0
shrinkage=0.03


Tree=43
num_leaves=7
num_cat=0
split_feature=0 14 2 2 11 14
split_gain=1.54531 0.757462 0.805713 0.605771 0.580232 0.520371
threshold=0.037267815895817187 0.18337817519215963 -0.10011530365952806 -0.13692224398296185 0.039174492591092576 0.26553261454811949
decision_type=2 2 2 2 2 2
left_child=1 2 -1 -2 5 -5
right_child=3 -3 -4 4 -6 -7
leaf_value=-0.0008013721185419271 -0.00012920150738070682 -0.0013857441856911057 0.00089962006002208372 0.0015272897669656612 0.0030482406779083534 -0.001172197561974477
leaf_weight=534.07088489932357 239.63713275961345 567.36364700645208 454.66955215047346 271.26242685335455 175.40106251381803 75.229997053742409
leaf_count=10123 2748 2981 7389 3113 1747 331
internal_value=1.91185e-05 -0.000522351 -1.79999e-05 0.00111798 0.00168231 0.00092474
internal_weight=2317.63 1556.1 988.74 761.531 521.893 346.492
internal_count=28432 20493 17512 7939 5191 3444
is_linear=0
shrinkage=0.03


Tree=44
num_leaves=7
num_cat=0
split_feature=1 3 2 14 1 2
split_gain=1.41179 1.10933 0.639323 0.488247 0.604399 0.469368
threshold=0.04956731205768046 -0.063284192030701139 0.12981012454158955 0.26042339298837675 -0.11760646301303895 -0.11936508227167859
decision_type=2 2 2 2 2 2
left_child=1 2 3 4 -1 -3
right_child=-2 5 -4 -5 -6 -7
leaf_value=-0.0019825993268546291 0.0015408162465445471 -0.00020947299768035005 0.0038129487610107041 -0.0019167073390687257 -0.00020622229214398559 0.00182891717970502
leaf_weight=199.56494122699951 441.85868508636486 164.27686107443878 17.916264144470915 271.4720498919487 989.07292146707186 248.98623599950224
leaf_count=4106 4302 1984 215 1243 13943 2730
internal_value=3.36379e-05 -0.000324734 -0.000708704 -0.000789746 -0.000518517 0.00103283
internal_weight=2333.15 1891.29 1478.03 1460.11 1188.64 413.263
internal_count=28523 24221 19507 19292 18049 4714
is_linear=0
shrinkage=0.03


Tree=45
num_leaves=7
num_cat=0
split_feature=6 9 14 3 6 14
split_gain=1.29343 0.870362 0.777414 0.59334 0.574918 0.426554
threshold=1.0000000180025095e-35 0.087392533326891383 0.34777674377166068 -0.26942833356391366 0.32096808687955758 0.076318848420009591
decision_type=2 2 2 2 2 2
left_child=3 2 4 -1 -2 -5
right_child=1 -3 -4 5 -6 -7
leaf_value=-0.0030163804408587878 0.00013000092737157853 0.0020835585200188493 -0.00220327407052456 0.00056843183100330869 0.0021997649786683238 -0.00098359732959680916
leaf_weight=96.678363697428722 863.29437739454443 251.96956738003064 103.04005464911461 199.36012143248809 130.72295130469138 687.27230382710695
leaf_count=1750 10569 2494 430 6428 1489 5336
internal_value=-7.20449e-05 0.000529686 0.000157199 -0.000894595 0.000421394 -0.000632175
internal_weight=2332.34 1349.03 1097.06 983.311 994.017 886.632
internal_count=28496 14982 12488 13514 12058 11764
is_linear=0
shrinkage=0.03


Tree=46
num_leaves=7
num_cat=0
split_feature=7 14 11 3 3 5
split_gain=1.33201 0.967556 0.924653 0.66938 0.546219 0.539464
threshold=-0.0053612875250540594 0.42119311821946898 0.097007236696955559 -0.22058017816540673 -0.25211226109188478 -0.16518601690593379
decision_type=2 2 2 2 2 2
left_child=4 2 3 -2 -1 -5
right_child=1 -3 -4 5 -6 -7
leaf_value=-0.0029687510618282395 -0.0010472210029304407 -0.0024535163414140439 0.0031356891196199911 -0.0016460166071650669 -0.00062681788547661434 0.00095930704473942403
leaf_weight=94.666228366317227 202.4780062843347 80.533851452171803 123.13000849139644 67.680257043917663 700.06570826773532 1064.1652907122043
leaf_count=1800 2965 331 1283 775 9750 11620
internal_value=5.1051e-05 0.000565514 0.000747918 0.00050589 -0.000939207 0.000790467
internal_weight=2332.72 1537.99 1457.45 1334.32 794.732 1131.85
internal_count=28524 16974 16643 15360 11550 12395
is_linear=0
shrinkage=0.03


Tree=47
num_leaves=7
num_cat=0
split_feature=9 1 10 14 8 14
split_gain=1.39467 0.942722 0.7482 0.69159 0.60047 0.593077
threshold=0.092126343155925647 -0.037472465076989626 0.033740746403338739 0.22262401428608852 0.088280634361211544 0.34777674377166068
decision_type=2 2 2 2 2 2
left_child=1 5 3 4 -3 -1
right_child=-2 2 -4 -5 -6 -7
leaf_value=-0.001006025848255714 0.0015906345618107018 -0.00038700088647536867 0.0010705770117860434 -0.0017143687231730266 0.0017760876085064564 -0.0043248169635856613
leaf_weight=575.36953375994926 389.55221290473128 478.55010311398655 455.73162058152957 250.28524987399578 141.31906601419905 44.663374602794647
leaf_count=9069 4249 6764 5180 1188 1943 189
internal_value=-2.46011e-05 -0.000354433 9.88582e-05 -0.000416448 0.000126513 -0.00130994
internal_weight=2335.47 1945.92 1325.89 870.154 619.869 620.033
internal_count=28582 24333 15075 9895 8707 9258
is_linear=0
shrinkage=0.03


Tree=48
num_leaves=7
num_cat=0
split_feature=9 14 11 0 14 2
split_gain=1.28766 0.98021 0.823854 0.684213 0.588146 0.415519
threshold=0.092126343155925647 0.34777674377166068 0.12049035424195563 0.12754256074688233 0.11681717266799006 -0.10836838256291123
decision_type=2 2 2 2 2 2
left_child=1 2 3 -1 -2 -4
right_child=4 -3 5 -5 -6 -7
leaf_value=-0.00053455412846642784 0.003127498296166912 -0.0024309556033705387 -0.0009069184496813264 0.00094257050083052353 0.00068177298013756007 0.0038828871907851709
leaf_weight=1351.8593752343149 132.17177618993446 166.63947433233261 17.166524478234351 346.38738038728479 255.04643259942532 57.425689148134552
leaf_count=18755 2697 699 227 3947 1528 661
internal_value=1.75641e-05 -0.000299722 -8.68832e-05 -0.000229514 0.00157431 0.00280367
internal_weight=2326.7 1939.48 1772.84 1698.25 387.218 74.5922
internal_count=28514 24289 23590 22702 4225 888
is_linear=0
shrinkage=0.03


Tree=49
num_leaves=7
num_cat=0
split_feature=2 0 11 12 9 0
split_gain=1.30777 1.0527 0.924625 0.687405 0.612535 0.470067
threshold=-0.11302034772850834 0.41759798524215869 0.039848922238175676 1.7417029836504747 -0.05008156885698057 0.037267815895817187
decision_type=2 2 2 2 2 2
left_child=4 2 3 -2 -1 -6
right_child=1 -3 -4 -5 5 -7
leaf_value=-0.0020982330609330695 0.00022169868969937757 0.0047929124881718084 0.0016536288646980442 -0.0023432953101385984 -0.00084514225813278046 0.00069566207341429005
leaf_weight=233.85198381042574 746.40450987988152 42.918116711371113 388.73856532544596 97.401909746229649 576.04875355045078 247.29954465385526
leaf_count=3982 9185 450 4238 442 7695 2546
internal_value=4.51484e-07 0.000644917 0.00046307 -9.83601e-05 -0.000775824 -0.000379554
internal_weight=2332.66 1275.46 1232.54 843.806 1057.2 823.348
internal_count=28538 14315 13865 9627 14223 10241
is_linear=0
shrinkage=0.03


Tree=50
num_leaves=7
num_cat=0
split_feature=2 14 9 6 14 6
split_gain=1.10615 0.879638 0.740507 0.658217 0.498124 0.454769
threshold=-0.10097392771080754 0.19370777694630101 -0.035541498539396733 0.044722712816841634 0.10000227636079996 0.27472604618711077
decision_type=2 2 2 2 2 2
left_child=2 3 -1 -2 -4 -3
right_child=1 5 4 -5 -6 -7
leaf_value=-0.0018442326364098397 0.00038832125605754546 -0.00084921714479534714 0.00091435057893320387 0.0021673749993040719 -0.00064333803948050559 0.0018093866310973038
leaf_weight=322.11096782583627 387.35969768938958 358.95529501140118 255.45361902681179 362.10880449501565 599.15781947225332 59.063428953289986
leaf_count=5192 6174 1806 6263 4933 4014 281
internal_value=4.577e-06 0.000656009 -0.000641824 0.0012651 -0.000172536 -0.000440076
internal_weight=2344.21 1167.49 1176.72 749.469 854.611 418.019
internal_count=28663 13194 15469 11107 10277 2087
is_linear=0
shrinkage=0.03


Tree=51
num_leaves=7
num_cat=0
split_feature=7 14 5 4 2 14
split_gain=1.20845 0.911141 0.733386 0.594783 0.478161 0.445274
threshold=0.052572506262060677 0.11192693397242209 0.0044406363087144242 -0.14862671085141724 -0.16520678419177923 0.34777674377166068
decision_type=2 2 2 2 2 2
left_child=2 -2 -1 -3 -5 -4
right_child=1 3 5 4 -6 -7
leaf_value=-0.00073140178053154035 0.0026700161638034147 -0.0014265975616776323 0.0013297302682518134 -0.0013701404391849087 0.0013777112626824455 -0.0020085804711341281
leaf_weight=1328.7829431764258 207.00816743122414 120.56462006270885 260.34124254394555 60.52766652405262 318.9629480689764 32.427902296185493
leaf_count=17999 4060 727 3329 375 1895 137
internal_value=1.91601e-05 0.00104556 -0.000432059 0.000333925 0.000915512 0.000905842
internal_weight=2328.62 707.063 1621.55 500.055 379.491 292.769
internal_count=28522 7057 21465 2997 2270 3466
is_linear=0
shrinkage=0.03


Tree=52
num_leaves=7
num_cat=0
split_feature=0 9 2 7 5 12
split_gain=1.4463 0.836952 0.708443 0.654578 0.476785 0.616276
threshold=0.041916807349672187 0.012424429753408845 0.074802766540196727 0.12757322118775907 -0.037921176940484892 0.86642125111175361
decision_type=2 2 2 2 2 2
left_child=1 2 -1 -2 -3 -6
right_child=3 4 -4 -5 5 -7
leaf_value=-0.0013287918366470077 0.00062506747883327607 -0.00074036848385216226 0.0026639372873631896 0.0027167378271761499 0.0017711702839829234 -0.00031626439566424482
leaf_weight=773.18809724794119 579.67490223172354 276.84216789487982 33.034302713815123 169.34826194390189 260.05283264507307 235.87940903007984
leaf_count=11262 6150 3148 412 1565 4513 1406
internal_value=5.04501e-05 -0.000464366 -0.00113456 0.00112754 0.000240398 0.0007917
internal_weight=2328.02 1579 806.222 749.023 772.774 495.932
internal_count=28456 20741 11674 7715 9067 5919
is_linear=0
shrinkage=0.03


Tree=53
num_leaves=7
num_cat=0
split_feature=6 3 11 0 3 8
split_gain=1.07421 0.95107 0.805741 0.588328 0.509604 0.369587
threshold=0.35691040724095663 -0.22058017816540673 0.035521126988257455 -0.10616648025021812 -0.036253145760558582 -0.030386970261778872
decision_type=2 2 2 2 2 2
left_child=1 -1 3 -3 -4 -2
right_child=5 2 4 -5 -6 -7
leaf_value=-0.0016126468400118434 -0.00055263964902223283 -0.0012667626730702354 0.00066429959982850005 0.00012621234267297653 0.0031269787539618147 0.0031505208140328051
leaf_weight=324.03305190577521 26.710846522590145 371.33177091163816 447.23189957399154 954.15779387371731 83.448872504173778 115.75298360566376
leaf_count=5311 361 5174 5161 10481 913 1107
internal_value=3.07826e-05 -0.000138843 0.000125703 -0.000270589 0.00110222 0.0024655
internal_weight=2322.67 2180.2 1856.17 1325.49 530.681 142.464
internal_count=28508 27040 21729 15655 6074 1468
is_linear=0
shrinkage=0.03


Tree=54
num_leaves=7
num_cat=0
split_feature=7 8 9 14 11 7
split_gain=1.00743 0.812401 0.661974 0.552373 0.475498 0.285116
threshold=-0.029372683029864351 0.16065910807689715 0.092126343155925647 0.34777674377166068 0.031769041688883004 0.13990506858366097
decision_type=2 2 2 2 2 2
left_child=-1 2 3 4 -2 -6
right_child=1 -3 -4 -5 5 -7
leaf_value=-0.0011312653348187192 -0.00033055008177558721 0.0022236200958385115 0.0014621961956917645 -0.0019461915370718918 0.0006430730060069319 0.0033437719274680578
leaf_weight=541.79430635165772 854.70650623002439 174.03075932903448 263.32378519116901 129.31550996005535 313.37915786355734 31.076296959770843
leaf_count=8563 10453 1894 2718 542 3819 330
internal_value=-1.16566e-05 0.000336299 0.000117365 -0.000158133 4.91889e-05 0.000974188
internal_weight=2307.63 1765.83 1591.8 1328.48 1199.16 344.455
internal_count=28319 19756 17862 15144 14602 4149
is_linear=0
shrinkage=0.03


Tree=55
num_leaves=7
num_cat=0
split_feature=14 9 7 1 9 14
split_gain=0.996498 0.787641 0.737748 0.687575 0.424568 0.421632
threshold=0.13986501136849736 -0.05898344389584334 0.10471074070240456 -0.069444785528721034 0.10031272338871959 0.42119311821946898
decision_type=2 2 2 2 2 2
left_child=1 -1 4 -2 -3 -5
right_child=3 2 -4 5 -6 -7
leaf_value=-0.00094226833211968322 -0.0020699699911382757 0.00032929873421126986 0.0033346999498369487 -8.5856170503262157e-05 0.0021434587526119016 -0.0021144277346324841
leaf_weight=229.21835052286042 235.18487188220024 634.20821884652833 97.96951857150998 907.47223441302776 133.62606952706119 92.773076802492142
leaf_count=5376 1444 12083 1466 5345 2450 382
internal_value=-6.36504e-05 0.000592415 0.00100484 -0.000645241 0.000668515 -0.000293074
internal_weight=2330.45 1095.02 865.804 1235.43 767.834 1000.25
internal_count=28546 21375 15999 7171 14533 5727
is_linear=0
shrinkage=0.03


Tree=56
num_leaves=7
num_cat=0
split_feature=11 6 14 13 7 14
split_gain=0.998904 0.773298 0.501041 0.614735 0.512403 0.450628
threshold=0.1177214780063528 0.10197921733189015 0.34777674377166068 1.8688348091416842 -0.081094678932608841 0.11318954298816493
decision_type=2 2 2 2 2 2
left_child=1 2 3 -1 -5 -3
right_child=-2 5 -4 4 -6 -7
leaf_value=0.002086395560806377 0.0027136918363294452 0.0016589764619435474 -0.002327060750321464 -0.0018497920050062019 -0.00025585894066723131 0.00011370647156487462
leaf_weight=76.349125412059948 105.87707553477958 245.74855838221265 119.74077145010233 210.2053005725611 1059.9697418130818 510.52474292367697
leaf_count=738 1155 4923 506 4093 13991 3079
internal_value=-2.10784e-06 -0.000143059 -0.00054384 -0.00036928 -0.000532033 0.000630934
internal_weight=2328.42 2222.54 1466.26 1346.52 1270.18 756.273
internal_count=28485 27330 19328 18822 18084 8002
is_linear=0
shrinkage=0.03


Tree=57
num_leaves=7
num_cat=0
split_feature=9 6 5 8 2 1
split_gain=1.0334 0.736887 0.656985 0.466886 0.461848 0.431829
threshold=0.0083816976906488667 0.21942293774864222 0.0031916264027651397 -0.028176270886307721 0.070853757024241945 0.046875874018133923
decision_type=2 2 2 2 2 2
left_child=4 2 -2 -3 5 -1
right_child=1 3 -4 -5 -6 -7
leaf_value=-0.0010844237132882054 -0.00013763883510803048 -0.00054500180420282297 0.0017272370596676334 0.0028794240982252749 0.0017745594257732606 0.00045729199259409163
leaf_weight=865.74346545015578 790.37922779569635 41.484664723044261 206.19038149947301 164.73374627158046 57.370141359744594 195.08919196779607
leaf_count=12541 9216 442 2078 1439 700 2067
internal_value=8.50747e-07 0.000608781 0.000261531 0.00219719 -0.000652665 -0.000799276
internal_weight=2320.99 1202.79 996.57 206.218 1118.2 1060.83
internal_count=28483 13175 11294 1881 15308 14608
is_linear=0
shrinkage=0.03


Tree=58
num_leaves=7
num_cat=0
split_feature=0 5 3 8 7 8
split_gain=1.057 0.684089 0.46564 0.438464 0.480965 0.363606
threshold=0.07740270829279107 0.0059222193178511398 -0.12547455245421058 -0.071960305639966846 -0.079277497097244617 0.1052056589001064
decision_type=2 2 2 2 2 2
left_child=1 3 -3 -1 -5 -2
right_child=5 2 -4 4 -6 -7
leaf_value=-0.0017821721618438652 0.00061577661495542378 -0.00021101875719752096 0.0020656399839492946 -0.0020022373974161937 -0.00017520090992313587 0.0023079320209570611
leaf_weight=255.22032387024956 483.81704292533686 169.88352943543578 141.44625987287145 139.89295708318241 980.88994528527837 145.0097173738759
leaf_count=4760 5059 2047 1493 2154 11455 1440
internal_value=-4.16431e-06 -0.000395632 0.000855428 -0.000682823 -0.000418936 0.00103601
internal_weight=2316.16 1687.33 311.33 1376 1120.78 628.827
internal_count=28408 21909 3540 18369 13609 6499
is_linear=0
shrinkage=0.03


Tree=59
num_leaves=7
num_cat=0
split_feature=0 1 9 5 4 3
split_gain=1.06619 0.598801 0.458237 0.405383 0.373605 0.385147
threshold=-0.10616648025021812 0.080006244881746708 0.012424429753408845 0.0097987836541575547 -0.15282532180849709 -0.081001660576337842
decision_type=2 2 2 2 2 2
left_child=3 2 -2 -1 5 -4
right_child=1 -3 4 -5 -6 -7
leaf_value=-0.0013931024247771271 -0.0003809331201809801 0.0016767491943794892 -0.0017243317246774807 0.00060108760857744456 0.0010456793895327098 0.0010115695031292261
leaf_weight=509.57002803680371 720.25435046391794 267.17981085384963 94.88775407068897 105.44439765659627 562.43557244504336 74.088756134966388
leaf_count=7760 9263 2566 1051 1319 5774 805
internal_value=1.49093e-05 0.000398744 0.000153665 -0.00104705 0.000678144 -0.000535264
internal_weight=2333.86 1718.85 1451.67 615.014 731.412 168.977
internal_count=28538 19459 16893 9079 7630 1856
is_linear=0
shrinkage=0.03


Tree=60
num_leaves=7
num_cat=0
split_feature=3 11 0 2 3 11
split_gain=0.768012 0.783733 0.567559 0.490066 0.427154 0.437965
threshold=-0.28327963034124115 0.036351964896328519 -1.0000000180025095e-35 -0.10719071940227232 -0.15396979132951547 0.07297805045692761
decision_type=2 2 2 2 2 2
left_child=-1 2 -2 4 -3 -6
right_child=1 3 -4 -5 5 -7
leaf_value=-0.001775236860804278 -0.00085380262754613861 -0.0018129442766874012 0.00031349441836854211 0.0017195329238470518 0.00220808593678605 -0.0010245144513263658
leaf_weight=182.50189351430163 617.99981812215992 71.145346258301288 921.19821463653352 394.24404074216727 80.850159379944671 56.639539965428412
leaf_count=3026 8248 1035 10297 4240 1027 662
internal_value=4.04064e-05 0.000202627 -0.00015767 0.00111006 -6.76022e-05 0.000897227
internal_weight=2324.58 2142.08 1539.2 602.879 208.635 137.49
internal_count=28535 25509 18545 6964 2724 1689
is_linear=0
shrinkage=0.03


Tree=61
num_leaves=7
num_cat=0
split_feature=0 14 5 1 4 11
split_gain=0.966142 0.761992 0.652394 0.545578 0.351664 0.374518
threshold=-0.10321933213394217 0.19126102268699383 0.0059222193178511398 0.13502546795196826 -0.14185497201073569 1.0000000180025095e-35
decision_type=2 2 2 2 2 2
left_child=-1 2 3 -2 5 -3
right_child=1 4 -4 -5 -6 -7
leaf_value=-0.0010130096553380181 0.00027319721299644479 -1.5524869751709251e-05 0.0022825464899072149 0.0034758449910238009 -1.4593730142953055e-05 -0.0027516741709357304
leaf_weight=615.77559690040653 822.59553391428199 79.502641081809998 216.01383613829967 41.025391873670742 459.27440473437309 94.158643022179604
leaf_count=9097 12756 401 2930 536 2306 474
internal_value=-3.44651e-06 0.000363328 0.000844968 0.000463381 -0.000458597 -0.0015681
internal_weight=2328.35 1712.57 1079.63 863.621 632.936 173.661
internal_count=28500 19403 16222 13292 3181 875
is_linear=0
shrinkage=0.03


Tree=62
num_leaves=7
num_cat=0
split_feature=7 14 11 2 2 14
split_gain=0.801007 0.84349 0.657205 0.392809 0.348889 0.301692
threshold=-0.03157287962399264 0.26553261454811949 0.036995462384532628 -0.11174318689307146 0.081125487195354506 0.10408937126195171
decision_type=2 2 2 2 2 2
left_child=-1 2 4 -4 5 -2
right_child=1 -3 3 -5 -6 -7
leaf_value=-0.0010448743905607824 0.00072373701827623167 -0.00098923122542764045 0.00018866731296975057 0.0022238542516834761 0.002473577560046345 -0.00034920015137769069
leaf_weight=529.90277623399743 371.37971214391291 369.01948469877243 124.16050590964733 277.75151105743134 47.113766713126097 608.37649536877871
leaf_count=8321 8384 1652 1726 3356 587 4410
internal_value=-3.10059e-05 0.000271959 0.000602305 0.00161498 0.000194197 6.07033e-05
internal_weight=2327.7 1797.8 1428.78 401.912 1026.87 979.756
internal_count=28436 20115 18463 5082 13381 12794
is_linear=0
shrinkage=0.03


Tree=63
num_leaves=7
num_cat=0
split_feature=9 3 11 14 1 14
split_gain=0.900246 0.591901 0.554686 0.472412 0.462501 0.45723
threshold=0.092126343155925647 -0.28327963034124115 0.025744323805563362 0.10191653457716753 0.011186467971739536 0.13854743565187916
decision_type=2 2 2 2 2 2
left_child=1 -1 5 -2 -4 -3
right_child=3 2 4 -5 -6 -7
leaf_value=-0.0018025083046589857 0.0029128724452874371 0.00019828715593634032 3.8068617916203389e-05 0.00062084713942324584 0.0017433236756230249 -0.0009866385746123028
leaf_weight=184.17130198143423 110.98686164582614 540.82421688511386 384.19173195346957 268.14007106423378 218.58810546633322 622.61164504289627
leaf_count=3039 2469 10545 5011 1718 2161 3661
internal_value=3.14929e-05 -0.000230273 -5.71036e-05 0.00134944 0.000674809 -0.000438829
internal_weight=2329.51 1950.39 1766.22 379.127 602.78 1163.44
internal_count=28604 24417 21378 4187 7172 14206
is_linear=0
shrinkage=0.03


Tree=64
num_leaves=7
num_cat=0
split_feature=8 14 9 13 5 6
split_gain=0.865443 0.700433 0.609783 0.532153 0.462752 0.514225
threshold=0.16065910807689715 0.33555810309142531 -0.05898344389584334 2.1383330595080281 0.0086973545774383983 -1.0000000180025095e-35
decision_type=2 2 2 2 2 2
left_child=1 2 -1 -3 5 -4
right_child=-2 3 4 -5 -6 -7
leaf_value=-0.0011066596159203018 0.0018621132585508197 -0.0031369222713396295 -0.00071356164204972419 -0.00020268715607270151 0.0013363468850737736 0.00049927237128417499
leaf_weight=357.49163504177704 191.84302441973705 110.33120006322861 519.81187279857113 106.19552572071552 278.51568594697164 764.63797006953973
leaf_count=5932 2091 467 7453 449 3150 8942
internal_value=-1.60746e-05 -0.000192573 -6.43848e-06 -0.0017703 0.000250647 6.72247e-06
internal_weight=2328.83 2136.98 1920.46 216.527 1562.97 1284.45
internal_count=28484 26393 25477 916 19545 16395
is_linear=0
shrinkage=0.03


Tree=65
num_leaves=7
num_cat=0
split_feature=7 8 3 3 11 14
split_gain=0.791888 0.653351 0.661547 0.418552 0.418221 0.410442
threshold=0.12757322118775907 0.23167278192172339 -0.063284192030701139 -0.2357820822038483 0.046946400442268992 0.19979689751851001
decision_type=2 2 2 2 2 2
left_child=1 2 5 -2 -4 -1
right_child=3 -3 4 -5 -6 -7
leaf_value=-0.00019435766388324128 -0.0015831479098743339 0.0033060738701283753 0.00030665862783995441 0.002211944518188025 0.002587848509579506 -0.0012143174347225849
leaf_weight=1099.9640930210007 22.930857492261566 37.828648620517924 379.93668516346952 184.43851173040457 80.411788847355638 517.84600859880447
leaf_count=18352 258 455 4207 1664 864 2628
internal_value=1.41104e-05 -0.000162291 -0.000240955 0.00173876 0.000751676 -0.000526292
internal_weight=2323.36 2115.99 2078.16 207.369 460.348 1617.81
internal_count=28428 26506 26051 1922 5071 20980
is_linear=0
shrinkage=0.03


Tree=66
num_leaves=7
num_cat=0
split_feature=8 0 14 8 2 0
split_gain=0.968923 0.804559 0.560124 0.538098 0.401643 0.349337
threshold=0.15363962459631389 0.037267815895817187 0.26042339298837675 -0.0028113834765397107 -0.069888454480855275 -1.0000000180025095e-35
decision_type=2 2 2 2 2 2
left_child=1 2 3 -1 5 -5
right_child=-2 -3 -4 4 -6 -7
leaf_value=-0.00084910839708089649 0.0019933057134150726 0.00076031497973829939 -0.0016727591189788548 0.00041630660236248478 -0.00037137982318455451 0.0025130041619584073
leaf_weight=570.77373659657314 211.47754789429018 672.08586581225973 278.24442155659199 212.62276390890474 292.48938827269012 101.84870781283826
leaf_count=9647 2339 6998 1285 2775 4267 1292
internal_value=0.000104781 -9.13378e-05 -0.000486969 -0.000195096 0.000423718 0.00115189
internal_weight=2339.54 2128.06 1455.98 1177.73 606.961 314.471
internal_count=28603 26264 19266 17981 8334 4067
is_linear=0
shrinkage=0.03


Tree=67
num_leaves=7
num_cat=0
split_feature=3 1 8 14 2 12
split_gain=0.879273 0.644247 0.617176 0.436813 0.602057 0.425131
threshold=-0.063284192030701139 0.0282057504274894 0.21437915144450528 0.16374780959994081 -0.21607906993754575 1.0868614387781197
decision_type=2 2 2 2 2 2
left_child=1 2 3 4 -1 -2
right_child=5 -3 -4 -5 -6 -7
leaf_value=-0.0019887311356680528 0.0017453451051827834 0.00065884734939654799 0.0029365116094062604 -0.0013757417771869947 0.0001327413661621723 -5.5161557665842557e-05
leaf_weight=138.46772570494795 322.40238666854566 463.15541244496126 32.781974838115275 549.31334914267063 631.18984009782434 182.07755430042744
leaf_count=3777 4593 4603 392 3057 11094 957
internal_value=1.17232e-05 -0.00029714 -0.000627126 -0.000737127 -0.000269541 0.00110706
internal_weight=2319.39 1814.91 1351.75 1318.97 769.658 504.48
internal_count=28473 22923 18320 17928 14871 5550
is_linear=0
shrinkage=0.03


Tree=68
num_leaves=7
num_cat=0
split_feature=11 9 12 6 8 8
split_gain=0.685226 0.66713 0.463402 0.523593 0.374226 0.367897
threshold=0.12049035424195563 0.092126343155925647 0.55474014707024433 -0.13443941369983761 0.12380466076582199 -0.20918626893786371
decision_type=2 2 2 2 2 2
left_child=1 2 3 -1 -2 -5
right_child=4 -3 -4 5 -6 -7
leaf_value=-0.0011663217740502405 0.00076675653622749118 0.0010952956794338597 -0.00066519127257106694 -0.0026665345747305365 0.0044330202055288138 0.00087157928474125037
leaf_weight=161.73998293763725 65.943376758310478 370.81969458452659 1119.6760490313172 18.17681855650153 36.477388534811325 562.15573834720999
leaf_count=4238 705 4076 7449 639 359 11048
internal_value=6.5316e-05 -4.95414e-05 -0.000282201 0.000296834 0.00235068 0.000717468
internal_weight=2334.99 2232.57 1861.75 742.073 102.421 580.333
internal_count=28514 27450 23374 15925 1064 11687
is_linear=0
shrinkage=0.03


Tree=69
num_leaves=7
num_cat=0
split_feature=0 7 14 1 8 10
split_gain=0.704284 0.577617 0.707412 0.422955 0.285721 0.273866
threshold=0.47614360576029618 -0.086673610568304527 0.26553261454811949 0.12246022734998842 0.025115690777072357 -0.024254702437572915
decision_type=2 2 2 2 2 2
left_child=1 -1 3 4 -3 -6
right_child=-2 2 -4 -5 5 -7
leaf_value=-0.0014199779927328102 0.0035835806960381445 -7.4164951168847248e-05 -0.00097833634074922507 0.0024701396263453407 -0.00011572688725622695 0.001128378302477713
leaf_weight=230.56739496620139 39.625560266489629 860.47788817973924 403.43317586183548 75.160158394020982 231.51968981395476 488.17769092833623
leaf_count=4358 428 12065 1817 817 3032 6097
internal_value=4.77739e-05 -2.87457e-05 0.000133173 0.000408315 0.000295328 0.00073206
internal_weight=2328.96 2289.34 2058.77 1655.34 1580.18 719.697
internal_count=28614 28186 23828 22011 21194 9129
is_linear=0
shrinkage=0.03


Tree=70
num_leaves=7
num_cat=0
split_feature=1 14 5 1 2 14
split_gain=0.690424 0.562456 0.636539 0.326367 0.359128 0.303116
threshold=0.080006244881746708 0.39928079229446084 0.0031916264027651397 -0.11760646301303895 -0.20411637789229381 0.10510833515100318
decision_type=2 2 2 2 2 2
left_child=1 2 3 -1 -5 -2
right_child=5 -3 -4 4 -6 -7
leaf_value=-0.0013097616858306154 0.002929594657883579 -0.0020734268137929022 0.0010785870629763366 -0.0013207990044138158 9.81110105586364e-05 0.00074577960607055964
leaf_weight=225.65224114945158 76.739216983958613 116.91793411970139 376.63163805834483 176.19577509592636 1157.5826841954549 199.75449128448963
leaf_count=4309 1445 483 4367 3028 13730 1200
internal_value=5.31656e-05 -0.000138713 -1.18223e-05 -0.000280371 -9.7765e-05 0.00143299
internal_weight=2329.47 2052.98 1936.06 1559.43 1333.78 276.494
internal_count=28562 25917 25434 21067 16758 2645
is_linear=0
shrinkage=0.03


Tree=71
num_leaves=7
num_cat=0
split_feature=9 14 12 6 2 11
split_gain=0.79698 0.553473 0.520899 0.525627 0.441188 0.371173
threshold=0.011688991770448834 0.34777674377166068 -0.28241313284128994 0.23559877714019117 -0.10486392083191955 0.094838311938781408
decision_type=2 2 2 2 2 2
left_child=1 4 -2 -4 -1 -6
right_child=2 -3 3 -5 5 -7
leaf_value=-0.00090064907996261433 0.0026039618200201708 -0.0025722554973738455 0.0001108922191905798 0.0018887518880955172 1.403458514545334e-05 0.0023587286032298801
leaf_weight=525.88677562706289 97.389139819599222 95.157378792762756 908.32231977395713 169.54421379603446 490.53895708266646 59.375010089483112
leaf_count=8349 3792 401 7748 1232 6385 722
internal_value=5.86155e-05 -0.000493223 0.000607959 0.000405334 -0.000287331 0.0003048
internal_weight=2346.21 1170.96 1175.26 1077.87 1075.8 549.914
internal_count=28629 15857 12772 8980 15456 7107
is_linear=0
shrinkage=0.03


Tree=72
num_leaves=7
num_cat=0
split_feature=8 14 5 5 6 13
split_gain=0.697221 0.670118 0.65497 0.451045 0.434582 0.350217
threshold=0.15363962459631389 0.34777674377166068 0.0044406363087144242 -0.0079790342857603853 0.2007816372417959 2.1383330595080281
decision_type=2 2 2 2 2 2
left_child=1 2 4 -3 -1 -5
right_child=-2 3 -4 5 -6 -7
leaf_value=-0.00040942908517150846 0.001687481662147139 -0.00020406900878737567 0.001219337450205842 -0.0046057181175217284 0.00092061278683375344 -0.00094321664151380831
leaf_weight=1297.982411627454 208.75655519292923 96.775368005037308 359.16883243562188 49.9415552765131 256.35367722599767 49.289489835500717
leaf_count=18210 2306 406 4192 211 2882 207
internal_value=7.52428e-05 -9.15128e-05 8.309e-05 -0.00171736 -0.000185585 -0.0030394
internal_weight=2318.27 2109.51 1913.5 196.006 1554.34 99.231
internal_count=28414 26108 25284 824 21092 418
is_linear=0
shrinkage=0.03


Tree=73
num_leaves=7
num_cat=0
split_feature=6 0 9 14 14 3
split_gain=0.636544 0.47859 0.382398 0.354945 0.28545 0.251861
threshold=-0.083856123579881162 0.47614360576029618 0.021340818142934734 0.10191653457716753 0.25591504874855525 -0.24989296564183575
decision_type=2 2 2 2 2 2
left_child=5 2 4 -4 -2 -1
right_child=1 -3 3 -5 -6 -7
leaf_value=-0.002551139902216764 3.7082355785048397e-05 0.0032241160870876066 0.0016878424820414685 0.00026880701310521616 -0.00122614826841137 -0.00064012982277973282
leaf_weight=64.18326051090844 769.4250386581989 37.664576843963005 209.32701419066871 591.90605254471302 193.41046270728111 472.7054705634946
leaf_count=1396 10921 420 4416 3735 886 6851
internal_value=-1.40901e-05 0.000256745 0.000175572 0.000655775 -0.000226666 -0.000911056
internal_weight=2338.62 1801.73 1764.07 801.233 962.836 536.889
internal_count=28625 20378 19958 8151 11807 8247
is_linear=0
shrinkage=0.03


Tree=74
num_leaves=7
num_cat=0
split_feature=8 9 11 7 6 5
split_gain=0.568373 0.482613 0.408484 0.358271 0.249378 0.305936
threshold=0.14754578295408285 0.092126343155925647 0.1118135515295258 -0.099056929246253603 0.23176852842497422 1.0000000180025095e-35
decision_type=2 2 2 2 2 2
left_child=1 3 -2 -1 5 -3
right_child=2 4 -4 -5 -6 -7
leaf_value=-0.0017227584082609849 0.00073455121521946373 -3.0456990490768216e-05 0.0040519571418594705 -0.00025637957776077617 0.002651037534481729 0.0023437329335130844
leaf_weight=156.32174237951403 200.5947655828204 238.45381277427077 31.931621554074809 1592.4577398614492 47.002149855019525 51.351404245011508
leaf_count=3178 2233 2767 328 18974 438 521
internal_value=-3.66962e-05 -0.000195664 0.0013384 -0.000396508 0.000828526 0.000454376
internal_weight=2318.11 2085.59 232.526 1748.78 336.807 289.805
internal_count=28439 25878 2561 22152 3726 3288
is_linear=0
shrinkage=0.03


Tree=75
num_leaves=7
num_cat=0
split_feature=3 8 12 9 5 13
split_gain=0.699582 0.646312 0.505398 0.435618 0.366777 0.294262
threshold=-0.28327963034124115 0.072013141532624905 0.7397485979828422 0.12600733973001368 0.0078245388400542699 2.3502401828962087
decision_type=2 2 2 2 2 2
left_child=-1 2 4 -3 -2 -4
right_child=1 3 5 -5 -6 -7
leaf_value=-0.0017482551739832868 8.7158246050848703e-05 0.00064602846817409236 -0.001182090977458587 0.002992067258272813 0.001849253846795341 -1.5512157925187338e-05
leaf_weight=180.59270785286208 659.67539789929288 501.66271822853014 458.95173414051533 75.161969135631807 116.99997478199657 333.09920733049512
leaf_count=2998 12437 5394 2569 781 1922 2333
internal_value=-6.1163e-06 0.000147951 -0.000168771 0.000997502 0.000372737 -0.000697793
internal_weight=2326.14 2145.55 1568.73 576.825 776.675 792.051
internal_count=28434 25436 19261 6175 14359 4902
is_linear=0
shrinkage=0.03


Tree=76
num_leaves=7
num_cat=0
split_feature=3 0 12 10 13 3
split_gain=0.644963 0.50365 0.487559 0.452194 0.381373 0.354968
threshold=-0.28327963034124115 0.47614360576029618 -0.24795873908838992 0.036162302038437545 2.4414009612931857 -0.029330254170069844
decision_type=2 2 2 2 2 2
left_child=-1 2 4 5 -2 -4
right_child=1 -3 3 -5 -6 -7
leaf_value=-0.0016499286366801612 0.0020492468473843257 0.0033369176156541483 -0.00059246839394407665 0.00062336615886730872 -0.00067875308516934839 0.00071722560283976654
leaf_weight=181.56766241919831 172.30065117686172 34.177103220950812 1088.0427474882454 587.46000535599887 56.210365748615004 215.45552324317396
leaf_count=3028 6096 378 9595 4894 2898 1757
internal_value=1.85758e-05 0.000166218 9.96595e-05 -6.12411e-05 0.00137788 -0.000372176
internal_weight=2335.21 2153.65 2119.47 1890.96 228.511 1303.5
internal_count=28646 25618 25240 16246 8994 11352
is_linear=0
shrinkage=0.03


Tree=77
num_leaves=7
num_cat=0
split_feature=14 2 0 5 2 0
split_gain=0.669004 0.601334 0.488824 0.403346 0.570658 0.349046
threshold=0.34777674377166068 -0.12897019485383357 0.43439375533509822 0.0059222193178511398 -0.031649333453775123 0.15194714953229269
decision_type=2 2 2 2 2 2
left_child=1 5 3 -3 -5 -1
right_child=-2 2 -4 4 -6 -7
leaf_value=-0.00068657885238269359 -0.0015298302143301485 0.00016224947980017268 0.0036185131918218074 0.0024578123232710568 -0.00013070729571934333 0.00095273281529167106
leaf_weight=720.16038807187579 216.08583119511604 924.52800531979301 36.729449693113565 178.0162022432778 127.77732012048364 130.1327727875323
leaf_count=10967 909 11331 406 1895 1453 1545
internal_value=2.18233e-05 0.000186624 0.000598894 0.0004803 0.0014063 -0.000427533
internal_weight=2333.43 2117.34 1267.05 1230.32 305.794 850.293
internal_count=28506 27597 15085 14679 3348 12512
is_linear=0
shrinkage=0.03


Tree=78
num_leaves=7
num_cat=0
split_feature=7 8 14 9 12 1
split_gain=0.673786 0.499036 0.420345 0.462308 0.802297 0.4323
threshold=-0.086673610568304527 0.19602008356865663 0.13854743565187916 -0.035541498539396733 0.8195419716823662 -0.062949607347448949
decision_type=2 2 2 2 2 2
left_child=-1 2 3 -2 -5 -4
right_child=1 -3 5 4 -6 -7
leaf_value=-0.0015213384677568338 -0.00050464278095976747 0.0020547090838676728 -0.0017163148165441494 0.001358536210926855 -0.0018648986187298757 -8.5712270971038043e-05
leaf_weight=228.14933034899877 265.42789530404843 108.34549879969563 163.53195540606976 554.82721563795349 70.408136196434498 941.32505943626165
leaf_count=4349 5627 1180 991 10285 673 5412
internal_value=-8.59233e-06 0.000161875 4.93721e-05 0.000531156 0.0009719 -0.000340291
internal_weight=2332.02 2103.87 1995.52 890.663 625.235 1104.86
internal_count=28517 24168 22988 16585 10958 6403
is_linear=0
shrinkage=0.03


Tree=79
num_leaves=7
num_cat=0
split_feature=6 7 3 5 10 8
split_gain=0.584355 0.490814 0.354397 0.324575 0.26897 0.275475
threshold=0.48660875564318978 -0.13691885004811477 -0.28327963034124115 -0.16518601690593379 -0.038778416572209783 -0.075138146193583707
decision_type=2 2 2 2 2 2
left_child=1 -1 -3 -4 -5 -6
right_child=-2 2 3 4 5 -7
leaf_value=-0.0020115991065093098 0.0029070822353682211 -0.0012174902840819649 -0.0012804425182529706 -0.00035797551735813703 -0.00065513801269595192 0.00061901902281642275
leaf_weight=98.542045621434227 52.088523683603853 170.90978712809738 120.51152342557907 461.09925665910123 165.15858614828903 1268.8680196139903
leaf_count=2183 526 2678 1587 5592 2493 13519
internal_value=3.53759e-05 -4.24658e-05 5.50319e-05 0.000168409 0.00026678 0.000468752
internal_weight=2337.18 2285.09 2186.55 2015.64 1895.13 1434.03
internal_count=28578 28052 25869 23191 21604 16012
is_linear=0
shrinkage=0.03


Tree=80
num_leaves=7
num_cat=0
split_feature=0 8 3 0 9 14
split_gain=0.669657 0.527988 0.469078 0.380241 0.385908 0.354985
threshold=0.037267815895817187 0.24382171018321541 -0.063284192030701139 0.43439375533509822 -0.049001838092061073 0.09902022353670932
decision_type=2 2 2 2 2 2
left_child=1 2 -1 4 -2 -6
right_child=3 -3 -4 -5 5 -7
leaf_value=-0.00077097140883339494 -0.00085706117811192473 0.0031936909115137927 0.00046531079769481095 0.0028487030171332355 0.0020802681736783978 0.00036501177142667042
leaf_weight=1196.9184132785012 150.08049327484332 25.961082278867252 350.82039402698865 56.04110044951085 138.33244500227738 427.87615420669317
leaf_count=16373 1844 299 4025 590 2799 2693
internal_value=-5.45084e-05 -0.000409015 -0.00048956 0.00066383 0.00045602 0.000812902
internal_weight=2346.03 1573.7 1547.74 772.33 716.289 566.209
internal_count=28623 20697 20398 7926 7336 5492
is_linear=0
shrinkage=0.03


Tree=81
num_leaves=7
num_cat=0
split_feature=10 12 6 8 3 5
split_gain=0.552819 0.454444 0.552275 0.399946 0.382783 0.344528
threshold=0.033740746403338739 0.71741440710669602 0.21942293774864222 0.065381462576496796 -0.031730669486701835 0.011849484613535601
decision_type=2 2 2 2 2 2
left_child=1 2 -1 -3 -5 -2
right_child=5 3 -4 4 -6 -7
leaf_value=-0.00010344509579002481 0.00034526380935054774 -0.0012310326321464512 0.0022104290144762495 -0.00031046586992950821 0.0027190892210084525 0.0019507134676257296
leaf_weight=664.25596334465081 595.45998349392903 568.99082366749644 97.777949584298767 226.62155827879906 34.658226411789656 142.88278686272679
leaf_count=13013 7226 3594 1621 1411 203 1455
internal_value=4.68723e-06 -0.000309743 0.000218238 -0.000791162 0.000176817 0.000677863
internal_weight=2330.65 1592.3 762.034 830.271 261.28 738.343
internal_count=28523 19842 14634 5208 1614 8681
is_linear=0
shrinkage=0.03


Tree=82
num_leaves=7
num_cat=0
split_feature=0 3 8 10 2 14
split_gain=0.603798 0.47149 0.361165 0.39321 0.274272 0.269728
threshold=0.43439375533509822 -0.28327963034124115 -0.073472239858278596 -0.0076880728169032289 -0.09095983882123744 0.34777674377166068
decision_type=2 2 2 2 2 2
left_child=1 -1 -3 -4 -2 -5
right_child=4 2 3 5 -6 -7
leaf_value=-0.0014751389089210675 4.7020374152507412e-05 -0.00088172882147620284 -0.00027340806897255829 0.00078886861569519575 0.0041924899252884828 -0.00074444262980448818
leaf_weight=180.05707417777739 21.460431895684451 288.22084557387279 753.86294199898839 926.18224807304796 34.887291823513806 108.12377955764532
leaf_count=2986 254 4950 8696 10782 359 455
internal_value=3.79286e-05 -4.48139e-05 8.56945e-05 0.000245662 0.00285871 0.000622986
internal_weight=2312.79 2256.45 2076.39 1788.17 56.3477 1034.31
internal_count=28482 27869 24883 19933 613 11237
is_linear=0
shrinkage=0.03


Tree=83
num_leaves=7
num_cat=0
split_feature=8 9 4 12 0 8
split_gain=0.608186 0.54625 0.274947 0.317012 0.266448 0.24567
threshold=0.19602008356865663 0.013196053749413824 -0.15915648616274267 -0.24795873908838992 0.10239285791832471 -0.078483461213622291
decision_type=2 2 2 2 2 2
left_child=1 4 3 -3 -1 -4
right_child=-2 2 5 -5 -6 -7
leaf_value=-0.00082119017572602289 0.0020964231137810215 0.0021318811497968247 -0.0006989853559660179 -0.00096046254528607685 0.00026069373110024777 0.00079716236891997868
leaf_weight=870.85070739343064 108.17624852969311 25.103360985172912 105.49740302213468 202.85725017078221 261.6825887428131 758.69606396905147
leaf_count=12483 1198 996 1528 1755 2951 7633
internal_value=-9.95884e-07 -0.000111909 0.000365139 -0.00054465 -0.000571117 0.000608612
internal_weight=2332.86 2224.69 1092.15 227.961 1132.53 864.193
internal_count=28544 27346 11912 2751 15434 9161
is_linear=0
shrinkage=0.03


Tree=84
num_leaves=7
num_cat=0
split_feature=14 5 2 7 8 2
split_gain=0.557119 0.512642 0.488751 0.325418 0.25884 0.23105
threshold=0.26553261454811949 0.0059222193178511398 0.052568276948615003 -0.14086625076462264 -0.26729143722763665 -0.0082258954414684022
decision_type=2 2 2 2 2 2
left_child=1 2 3 -1 -5 -3
right_child=-2 5 -4 4 -6 -7
leaf_value=-0.0019294279914581272 -0.00089228959926775889 0.0016704797520733434 0.0020746819079359826 -0.0029184432141603294 5.4523920263974494e-05 -5.0251283779377584e-05
leaf_weight=73.926379708194872 449.77950026094913 279.62435946823098 87.840526533778757 16.885842049494386 1329.7096259700484 91.955410287017003
leaf_count=1821 2031 3424 1185 498 18399 1124
internal_value=4.44802e-05 0.000272139 2.34723e-05 -0.000116984 -3.99425e-06 0.00125449
internal_weight=2329.72 1879.94 1508.36 1420.52 1346.6 371.58
internal_count=28482 26451 21903 20718 18897 4548
is_linear=0
shrinkage=0.03


Tree=85
num_leaves=7
num_cat=0
split_feature=11 2 9 14 8 6
split_gain=0.50907 0.439024 0.366419 0.383371 0.348459 0.342819
threshold=0.1118135515295258 -0.11302034772850834 0.092126343155925647 0.10408937126195171 -0.22532880533137303 0.11046897197016634
decision_type=2 2 2 2 2 2
left_child=2 -2 4 -4 -1 -5
right_child=1 -3 3 5 -6 -7
leaf_value=-0.0029764015828428487 -0.0011279894051735133 0.0027037217825371549 0.0020704795240622377 -0.00072626700476453203 -0.00026782428001663635 0.0014844165968407931
leaf_weight=33.934426441439427 30.105479058925994 92.860803367802873 112.49610960279824 173.9601533934474 1809.2172608912224 86.124762140214443
leaf_count=1095 361 982 2430 1123 22061 508
internal_value=-5.21216e-05 0.00175133 -0.000159627 0.00068668 -0.000333484 3.36376e-05
internal_weight=2338.7 122.966 2215.73 372.581 1843.15 260.085
internal_count=28560 1343 27217 4061 23156 1631
is_linear=0
shrinkage=0.03


Tree=86
num_leaves=7
num_cat=0
split_feature=7 14 5 10 12 3
split_gain=0.506063 0.470554 0.451414 0.379236 0.517972 0.386328
threshold=-0.0040200092569752958 0.42119311821946898 -0.15397782524518244 0.043485288775598659 1.0868614387781197 -0.19283871386620724
decision_type=2 2 2 2 2 2
left_child=-1 2 -2 4 5 -4
right_child=1 -3 3 -5 -6 -7
leaf_value=-0.00061848866054783869 -0.0014736371443128744 -0.0017610134407560632 -0.00060696899321124973 0.0013236382205716484 -0.00071636721631128028 0.0011400825464948302
leaf_weight=800.77465476313955 94.372402811539359 83.548455491662025 141.0499335268978 414.56215466800495 324.78320328891277 484.306824087922
leaf_count=11752 1159 345 2360 4650 1820 6508
internal_value=-1.10458e-05 0.00030623 0.000435784 0.000577585 0.000241673 0.000742682
internal_weight=2343.4 1542.62 1459.07 1364.7 950.14 625.357
internal_count=28594 16842 16497 15338 10688 8868
is_linear=0
shrinkage=0.03


Tree=87
num_leaves=7
num_cat=0
split_feature=11 8 0 9 3 1
split_gain=0.569186 0.472807 0.375061 0.286934 0.281816 0.27869
threshold=0.036351964896328519 -0.0010196124274672311 -0.045718956917549951 0.092126343155925647 -0.17572315760932083 0.0010428776762421486
decision_type=2 2 2 2 2 2
left_child=2 4 -1 -4 -2 -5
right_child=1 -3 3 5 -6 -7
leaf_value=-0.00086577088893881608 -0.0023348404799946139 0.0012628860035569049 -0.00016187295691908008 0.00011727442951091138 0.00022175018540250424 0.0023062645051736218
leaf_weight=576.87497844174504 45.140808785858098 478.8011732979212 902.85767466336256 124.19784612912918 126.0071920788032 81.940229266998358
leaf_count=8268 832 5169 10547 1375 1627 721
internal_value=3.86326e-05 0.000785992 -0.000252431 7.15012e-05 -0.000544226 0.00105385
internal_weight=2335.82 649.949 1685.87 1109 171.148 206.138
internal_count=28539 7628 20911 12643 2459 2096
is_linear=0
shrinkage=0.03


Tree=88
num_leaves=7
num_cat=0
split_feature=0 10 12 1 8 14
split_gain=0.459953 0.319445 0.344539 0.29927 0.261813 0.220407
threshold=0.037267815895817187 0.021749655540010415 -0.21364645575827798 0.15778085092817892 -0.088418184809323383 0.10096412226432654
decision_type=2 2 2 2 2 2
left_child=1 2 4 -2 -1 -3
right_child=3 5 -4 -5 -6 -7
leaf_value=-0.0013344452909562249 0.00043338189689404177 0.0011202538870692977 -0.00081270195243370264 0.0025343068540464183 0.0015250308100779482 -0.00011939945761535098
leaf_weight=30.557948899862822 713.38705818890594 183.19118192655151 856.65131544135511 57.673585926182568 98.920568397617899 384.03314909338951
leaf_count=1680 7388 4683 7800 567 3833 2577
internal_value=2.65762e-05 -0.000270552 -0.000594646 0.000620961 0.000802882 0.000293432
internal_weight=2324.41 1553.35 986.13 771.061 129.479 567.224
internal_count=28528 20573 13313 7955 5513 7260
is_linear=0
shrinkage=0.03


Tree=89
num_leaves=7
num_cat=0
split_feature=14 9 7 11 12 2
split_gain=0.679955 0.447135 0.3806 0.339429 0.327399 0.283855
threshold=0.42119311821946898 0.13785477038677796 -0.1012206054784139 0.1177214780063528 0.52314977153563791 -0.30623500795407899
decision_type=2 2 2 2 2 2
left_child=1 2 -1 4 5 -4
right_child=-2 -3 3 -5 -6 -7
leaf_value=-0.0013694768785256278 -0.0022309657304244762 0.0015035305859710019 -0.0018159837175634082 0.0017976870317558292 -0.0003247568883061174 0.0006546679343162337
leaf_weight=166.28601527202409 109.58467039465904 174.98643561027711 35.146177050948609 89.038493789616041 1106.729339659214 651.56756563636009
leaf_count=3378 451 2062 1173 963 7564 12911
internal_value=-2.71319e-05 9.09725e-05 -3.6392e-05 8.79781e-05 -6.40064e-06 0.000503969
internal_weight=2333.34 2223.75 2048.77 1882.48 1793.44 686.714
internal_count=28502 28051 25989 22611 21648 14084
is_linear=0
shrinkage=0.03


Tree=90
num_leaves=7
num_cat=0
split_feature=1 8 5 7 12 2
split_gain=0.49655 0.567137 0.291032 0.274609 0.247183 0.254664
threshold=0.041602404653948925 0.21437915144450528 -0.15397782524518244 -0.042803627912841001 0.22297567410090982 -0.18996556391300523
decision_type=2 2 2 2 2 2
left_child=1 2 -1 -4 -2 -6
right_child=4 -3 3 -5 5 -7
leaf_value=-0.0014872577922412447 0.0021765448562475653 0.0028346521766807646 -0.00080808214891110784 9.3594162995314456e-05 -0.0015742791759142396 0.00079779526032647545
leaf_weight=144.326491553511 100.25241822306998 45.643010673462413 390.29282795739709 1256.7546337295498 36.460405502468348 357.69622645899653
leaf_count=2213 2120 542 6310 14740 261 2382
internal_value=7.83585e-05 -0.000149811 -0.000241167 -0.000123659 0.000912303 0.00054485
internal_weight=2331.43 1837.02 1791.37 1647.05 494.409 394.157
internal_count=28568 23805 23263 21050 4763 2643
is_linear=0
shrinkage=0.03


Tree=91
num_leaves=7
num_cat=0
split_feature=0 14 9 7 10 12
split_gain=0.497427 0.396878 0.424618 0.325546 0.299492 0.437969
threshold=0.47614360576029618 0.13854743565187916 -0.035541498539396733 -0.086673610568304527 0.036162302038437545 0.80916403604616349
decision_type=2 2 2 2 2 2
left_child=1 2 3 -1 -3 -6
right_child=-2 4 -4 -5 5 -7
leaf_value=-0.0027284485469303266 0.0029986367198998249 -0.00076063844094296194 0.00072861861778972584 -0.00014647780068377999 -0.001819925373745955 0.00070194074577122393
leaf_weight=42.737734823866049 38.156915634288453 844.79754604399204 746.39820619218517 271.7647620147327 66.272519744932652 323.21028709411621
leaf_count=1413 416 4965 13697 5760 449 1793
internal_value=-1.90932e-05 -8.2053e-05 0.000341732 -0.00057061 -0.000446128 0.000238017
internal_weight=2333.34 2295.18 1060.9 314.502 1234.28 389.483
internal_count=28493 28077 20870 7173 7207 2242
is_linear=0
shrinkage=0.03


Tree=92
num_leaves=7
num_cat=0
split_feature=8 6 14 12 13 7
split_gain=0.545686 0.348157 0.299277 0.279858 0.285331 0.236952
threshold=0.16065910807689715 0.21942293774864222 0.34777674377166068 0.51271647236223383 2.1383330595080281 0.010763954444676838
decision_type=2 2 2 2 2 2
left_child=1 3 -3 4 5 -1
right_child=-2 2 -4 -5 -6 -7
leaf_value=0.00021077170729972124 0.0014760273093978728 0.0010532152716958335 -0.0015477930487911378 -0.00061012899423071559 -0.00024438089386535997 0.0022448609925286886
leaf_weight=126.73162726921146 193.35587221273454 295.24647673196159 36.795439705252647 1104.3795923031867 482.03499289153842 79.669060399173759
leaf_count=2169 2088 3172 153 7571 12068 1090
internal_value=-8.9451e-06 -0.000150354 0.000728158 -0.000316197 0.000157308 0.00106337
internal_weight=2318.21 2124.86 332.042 1792.82 688.436 206.401
internal_count=28311 26223 3325 22898 15327 3259
is_linear=0
shrinkage=0.03


Tree=93
num_leaves=7
num_cat=0
split_feature=0 7 12 8 8 12
split_gain=0.391543 0.296495 0.291196 0.289995 0.230016 0.185277
threshold=0.41759798524215869 -0.086673610568304527 0.21240626309519153 0.11508988502069604 0.24382171018321541 -0.21364645575827798
decision_type=2 2 2 2 2 2
left_child=1 5 3 -3 -4 -1
right_child=-2 2 4 -5 -6 -7
leaf_value=0.00049159992426258401 0.0020975444432383803 0.00033119898472806384 -0.00023760356011167389 0.0023411300370680065 0.0019314297281941934 -0.001513561308558765
leaf_weight=47.595396159915254 65.449764925520867 396.65673916839296 1540.4350138157606 68.349836562993005 35.356955412775278 182.67075806669891
leaf_count=2428 686 10175 11379 1748 247 1937
internal_value=-2.88596e-05 -9.90672e-05 1.82009e-05 0.000669699 -0.000177063 -0.00109589
internal_weight=2336.51 2271.06 2040.8 465.007 1575.79 230.266
internal_count=28600 27914 23549 11923 11626 4365
is_linear=0
shrinkage=0.03


Tree=94
num_leaves=7
num_cat=0
split_feature=9 14 4 8 14 2
split_gain=0.483464 0.433911 0.458396 0.350205 0.308456 0.377257
threshold=0.0083816976906488667 0.084037695124560066 -0.15282532180849709 0.084894283088156358 0.39928079229446084 -0.21833979506194259
decision_type=2 2 2 2 2 2
left_child=4 -2 -3 -4 5 -1
right_child=1 2 3 -5 -6 -7
leaf_value=-0.0017642236465753361 0.0014675326033675765 -0.0010708347234775796 7.3763037957552105e-05 0.0015758430024831644 -0.0024740333874245998 -0.00011894916768066479
leaf_weight=135.34384594249423 254.73179023357807 222.1049153059721 548.09832015633583 177.97265662997961 55.336697623133659 928.88919315882958
leaf_count=3113 6598 1582 3825 1169 229 12007
internal_value=-2.24677e-05 0.000393549 9.27141e-05 0.000458356 -0.000468979 -0.000342662
internal_weight=2322.48 1202.91 948.176 726.071 1119.57 1064.23
internal_count=28523 13174 6576 4994 15349 15120
is_linear=0
shrinkage=0.03


Tree=95
num_leaves=7
num_cat=0
split_feature=2 11 12 13 13 7
split_gain=0.439653 0.383822 0.272379 0.374675 0.349594 0.265444
threshold=-0.11302034772850834 0.1177214780063528 0.30276280311659326 2.1383330595080281 2.249904835165133 0.12150264140302343
decision_type=2 2 2 2 2 2
left_child=5 2 4 -4 -2 -1
right_child=1 -3 3 -5 -6 -7
leaf_value=-0.00064155300626108291 0.0019503572686211581 0.0021555758635535228 -0.0011204211290502919 0.00026673938153057866 -1.0205905399682005e-05 0.0011304770941549299
leaf_weight=967.13588479533792 144.16984830185538 84.999473068164662 228.41617717966437 652.14091947861016 174.28797244644375 73.458414285909384
leaf_count=13416 2590 874 1307 4897 4676 686
internal_value=-5.11692e-05 0.000319221 0.000172287 -0.00010163 0.000909722 -0.000506891
internal_weight=2324.61 1284.01 1199.01 880.557 318.458 1040.59
internal_count=28446 14344 13470 6204 7266 14102
is_linear=0
shrinkage=0.03


Tree=96
num_leaves=7
num_cat=0
split_feature=0 8 12 9 2 3
split_gain=0.385087 0.395349 0.34583 0.30908 0.379941 0.300996
threshold=0.037267815895817187 0.24382171018321541 1.4633828299362961 -0.036359726176267829 -0.14824679489232143 -0.063284192030701139
decision_type=2 2 2 2 2 2
left_child=1 2 5 4 -2 -1
right_child=3 -3 -4 -5 -6 -7
leaf_value=-0.00032825723798555632 -0.0023608572424659211 0.0029874892347329135 -0.0012198388216947667 0.00093086145348646729 0.00040111996125029477 0.0007804738547370658
leaf_weight=967.19906706360052 53.546612410456873 23.709164389641955 286.52861952036619 577.44042284978786 144.74759206722956 274.61848172283499
leaf_count=15137 774 280 1440 5546 1613 3635
internal_value=4.24447e-05 -0.000230239 -0.000299252 0.000584006 -0.00042225 -7.87937e-05
internal_weight=2327.79 1552.06 1528.35 775.735 198.294 1241.82
internal_count=28425 20492 20212 7933 2387 18772
is_linear=0
shrinkage=0.03


Tree=97
num_leaves=7
num_cat=0
split_feature=3 0 8 12 10 7
split_gain=0.384908 0.343336 0.24643 0.246242 0.284556 0.254175
threshold=-0.28773087752906246 0.43439375533509822 0.23167278192172339 0.543946263415238 -0.039511557400175035 0.066046677959404942
decision_type=2 2 2 2 2 2
left_child=-1 2 3 4 -2 -6
right_child=1 -3 -4 -5 5 -7
leaf_value=-0.0013731132813867731 -0.00056815873499467605 0.0021924405609524975 0.0018435954762175172 -0.0003218946823801014 0.0003706115185966125 0.001946845537051123
leaf_weight=174.41093101532897 212.08785965637071 55.559840279223863 52.537899223971181 1285.3765943422914 458.44753683460294 107.60619785275776
leaf_count=2896 4616 571 556 8494 9604 1830
internal_value=-5.72019e-05 5.42936e-05 -1.18944e-05 -6.77992e-05 0.000350688 0.000698847
internal_weight=2346.03 2171.62 2116.06 2063.52 778.142 566.054
internal_count=28567 25671 25100 24544 16050 11434
is_linear=0
shrinkage=0.03


Tree=98
num_leaves=7
num_cat=0
split_feature=9 14 1 8 5 12
split_gain=0.427545 0.462024 0.312549 0.292775 0.265003 0.232992
threshold=-0.05898344389584334 0.13854743565187916 -0.064059742560975366 0.15363962459631389 0.012850011287072234 0.79802377040775596
decision_type=2 2 2 2 2 2
left_child=-1 3 -3 4 -2 -6
right_child=1 2 -4 -5 5 -7
leaf_value=-0.00087759622959889102 0.0002299610536401718 -0.0012873455886207486 -1.0905392425786893e-06 0.0023202357996706222 0.0021567545962563623 -0.0012190734925783939
leaf_weight=426.27606559122796 659.73141042760108 202.7876261472702 846.07383690029383 78.077601093566045 110.43767301214393 15.052969202399252
leaf_count=6565 12586 1256 4828 1296 1944 145
internal_value=-2.98722e-05 0.000162693 -0.000259585 0.000672834 0.00048191 0.00169173
internal_weight=2338.44 1912.16 1048.86 863.3 785.222 125.491
internal_count=28620 22055 6084 15971 14675 2089
is_linear=0
shrinkage=0.03


Tree=99
num_leaves=7
num_cat=0
split_feature=9 11 8 1 7 10
split_gain=0.385724 0.363342 0.260662 0.239926 0.210228 0.205313
threshold=0.0083816976906488667 0.1118135515295258 0.054703939091179127 0.18475683102300966 -0.086673610568304527 -0.038778416572209783
decision_type=2 2 2 2 2 2
left_child=1 4 -3 5 -1 -2
right_child=3 2 -4 -5 -6 -7
leaf_value=-0.0015920443224128598 -0.00029209583524836854 -0.00058422397383560485 0.0031688226072682673 0.0031736041815284819 -0.0002744529415566598 0.00062311233422765596
leaf_weight=114.31546288589016 284.58536310138879 22.127075389144011 35.107199382910039 19.102049372624606 948.25443468490266 899.70524512749398
leaf_count=2529 3404 284 409 168 12098 9541
internal_value=0.000101327 -0.000298055 0.00184679 0.000472361 -0.000429726 0.000402583
internal_weight=2323.2 1119.8 57.2343 1203.39 1062.57 1184.29
internal_count=28433 15320 693 13113 14627 12945
is_linear=0
shrinkage=0.03


Tree=100
num_leaves=7
num_cat=0
split_feature=3 12 13 1 11 10
split_gain=0.319772 0.309144 0.269596 0.249659 0.180761 0.177099
threshold=-0.28327963034124115 -0.25953266085441712 2.4414009612931857 0.17593604220253886 0.014173171607853764 0.036162302038437545
decision_type=2 2 2 2 2 2
left_child=4 2 -2 5 -1 -3
right_child=1 3 -4 -5 -6 -7
leaf_value=-0.00041084712402915781 0.0017151180994432491 -0.00025051987457060321 -0.00058347343465712446 0.0021647070682354087 -0.0023486502730351798 0.0003750428619547159
leaf_weight=123.12062998738838 170.50979569772608 1301.745604605414 55.963951450481545 36.66314622014761 61.8165875308041 580.89480097778141
leaf_count=1991 6037 11341 2884 277 1070 4857
internal_value=1.78355e-05 0.000122977 0.00114646 -3.10756e-06 -0.00114583 -5.65387e-05
internal_weight=2330.71 2145.78 226.474 1919.3 184.937 1882.64
internal_count=28457 25396 8921 16475 3061 16198
is_linear=0
shrinkage=0.03


Tree=101
num_leaves=7
num_cat=0
split_feature=3 12 0 5 14 10
split_gain=0.350922 0.304881 0.28297 0.32308 0.552719 0.286649
threshold=-0.22058017816540673 -0.24795873908838992 0.037267815895817187 0.0031916264027651397 0.34777674377166068 -0.064840655093339875
decision_type=2 2 2 2 2 2
left_child=-1 -2 3 5 -5 -3
right_child=1 2 -4 4 -6 -7
leaf_value=-0.00085942369613912746 0.0012195537902026296 -0.0017108915008724834 0.00055203576053508563 0.0012891988823681498 -0.0026034780378664784 -0.00026274869589956349
leaf_weight=345.35548122428008 209.15180349315051 136.78351209126413 610.4087911080569 208.7727708183229 29.089619472622871 795.4126378595829
leaf_count=5587 7828 1317 4699 1878 124 7075
internal_value=9.32854e-06 0.000163669 3.35157e-05 -0.000239377 0.000727309 -0.000491142
internal_weight=2334.97 1989.62 1780.47 1170.06 237.862 932.196
internal_count=28508 22921 15093 10394 2002 8392
is_linear=0
shrinkage=0.03


Tree=102
num_leaves=7
num_cat=0
split_feature=0 2 14 7 9 11
split_gain=0.420631 0.382853 0.270508 0.267412 0.264695 0.236423
threshold=0.039620702632501288 0.12981012454158955 0.26553261454811949 -0.13691885004811477 -0.067072948345175673 -0.027656242813075816
decision_type=2 2 2 2 2 2
left_child=1 2 3 -1 -2 -4
right_child=4 -3 5 -5 -6 -7
leaf_value=-0.0017051622855238134 -0.00071614846942628149 0.002858750572233875 0.00027608440801595057 -5.2386489854670942e-05 0.00078970577434356098 -0.0016886269424762938
leaf_weight=85.282723323616665 116.87128110870253 23.932216205168515 70.472539931535721 1179.5769861567242 649.07398807449499 207.15416504442692
leaf_count=2035 1475 271 325 17079 6348 948
internal_value=-1.82063e-05 -0.000299579 -0.00036668 -0.000176325 0.000553668 -0.00119765
internal_weight=2332.36 1566.42 1542.49 1264.86 765.945 277.627
internal_count=28481 20658 20387 19114 7823 1273
is_linear=0
shrinkage=0.03


Tree=103
num_leaves=7
num_cat=0
split_feature=14 11 13 3 7 12
split_gain=0.458629 0.353811 0.3386 0.217703 0.32282 0.20992
threshold=0.34777674377166068 0.12407294994155564 2.1383330595080281 -0.21442139306969163 -0.015406969584955974 -0.21364645575827798
decision_type=2 2 2 2 2 2
left_child=1 3 -2 -1 5 -5
right_child=2 -3 -4 4 -6 -7
leaf_value=-0.00064665541282647081 -0.0023783592271867581 0.0019414934484333123 -8.5971937317760802e-06 0.00090007692146115671 0.00044085613480209976 -0.00072200702834114691
leaf_weight=336.82537983328803 111.35256925970316 81.976641871151514 98.289804399013519 77.234604736877372 1212.0367766970885 422.31712366826832
leaf_count=5656 469 922 413 3252 13544 4230
internal_value=-1.28216e-05 0.000121202 -0.00131828 3.92767e-05 0.000177234 -0.000458478
internal_weight=2340.03 2130.39 209.642 2048.41 1711.59 499.552
internal_count=28486 27604 882 26682 21026 7482
is_linear=0
shrinkage=0.03


Tree=104
num_leaves=7
num_cat=0
split_feature=9 12 4 13 11 2
split_gain=0.44577 0.434484 0.340856 0.311851 0.307315 0.255003
threshold=0.011688991770448834 -0.28241313284128994 -0.15282532180849709 2.1383330595080281 0.036351964896328519 -0.1790970227177632
decision_type=2 2 2 2 2 2
left_child=-1 -2 3 -3 5 -4
right_child=1 2 4 -5 -6 -7
leaf_value=-0.00038774846511936044 0.0022333352221377686 -0.00239642223008661 -0.0011277223518579938 -6.2999523959086822e-05 0.0014724567022743368 0.00046601184852002351
leaf_weight=1157.0205266332778 100.27365554898279 60.681957602500916 100.20439642481506 192.50468599237502 223.12567631527781 495.7364052478224
leaf_count=15819 3812 416 939 1787 1773 3977
internal_value=2.83357e-05 0.000438724 0.000251813 -0.000692062 0.000548408 0.000183845
internal_weight=2329.55 1172.53 1072.25 253.187 819.066 595.941
internal_count=28523 12704 8892 2203 6689 4916
is_linear=0
shrinkage=0.03


Tree=105
num_leaves=7
num_cat=0
split_feature=3 7 8 2 11 10
split_gain=0.375307 0.302966 0.209947 0.198948 0.269053 0.242125
threshold=-0.30132294142327304 0.1677510049073194 -0.16552533195978172 -0.11174318689307146 0.12407294994155564 0.0032062878430829463
decision_type=2 2 2 2 2 2
left_child=2 3 -1 -2 5 -5
right_child=1 -3 -4 4 -6 -7
leaf_value=0.0012760902717122841 -0.00038787073944240478 0.0016204255299533811 -0.0018916274463383303 -0.00037307330149539671 0.0019350390438722283 0.00051395303607896408
leaf_weight=14.625845483737065 944.37634936231188 90.30404961341992 131.45480119757121 537.8601690295618 64.978715583099984 550.39372909019585
leaf_count=433 12448 806 2024 6103 656 6017
internal_value=-9.17595e-05 9.58699e-06 -0.00151303 -6.71205e-05 0.000196617 7.61427e-05
internal_weight=2333.99 2187.91 146.081 2097.61 1153.23 1088.25
internal_count=28487 26030 2457 25224 12776 12120
is_linear=0
shrinkage=0.03


Tree=106
num_leaves=7
num_cat=0
split_feature=14 12 8 11 13 6
split_gain=0.402279 0.453575 0.286403 0.255887 0.263394 0.218101
threshold=0.33555810309142531 2.0526027729054004 -0.22532880533137303 0.12407294994155564 1.8688348091416842 0.21549124010164603
decision_type=2 2 2 2 2 2
left_child=2 -2 -1 4 -4 -6
right_child=1 -3 3 -5 5 -7
leaf_value=-0.0021551112585557102 -0.0022578833831956384 0.00034724213644232672 0.001433200941546428 0.0016849797312062881 -0.00017879932522549594 0.00067820326626810321
leaf_weight=40.730199279321823 138.17820348590612 97.278525143861771 107.3644258196 80.692063669906929 1548.4319972209341 312.60281748272246
leaf_count=1229 590 408 960 920 20939 3370
internal_value=-6.22975e-05 -0.00121128 7.23088e-05 0.000126835 5.47668e-05 -3.1991e-05
internal_weight=2325.28 235.457 2089.82 2049.09 1968.4 1861.03
internal_count=28416 998 27418 26189 25269 24309
is_linear=0
shrinkage=0.03


Tree=107
num_leaves=7
num_cat=0
split_feature=6 3 7 5 9 7
split_gain=0.302682 0.310794 0.246295 0.267597 0.327728 0.248937
threshold=0.5158283372187884 -0.22058017816540673 0.052572506262060677 0.0059222193178511398 0.076383086183208951 0.015771530515367584
decision_type=2 2 2 2 2 2
left_child=1 -1 3 -3 5 -5
right_child=-2 2 -4 4 -6 -7
leaf_value=-0.00090967153128902896 0.0022175664683588624 -0.00035884467329079181 0.00057055468747910026 -0.00070682151745920965 0.002488080728251831 0.0014083636087394652
leaf_weight=340.25732834739028 42.483407830703072 1121.8239135881886 584.96497057733359 126.45175126957474 58.506928812130354 69.137457066914067
leaf_count=5511 432 14318 5526 1591 582 680
internal_value=-3.54621e-05 -8.64724e-05 6.02618e-05 -0.000159238 0.000702237 7.29964e-05
internal_weight=2343.63 2301.14 1960.89 1375.92 254.096 195.589
internal_count=28640 28208 22697 17171 2853 2271
is_linear=0
shrinkage=0.03


Tree=108
num_leaves=7
num_cat=0
split_feature=9 12 4 6 8 4
split_gain=0.361631 0.271007 0.324417 0.280956 0.240114 0.259865
threshold=0.012424429753408845 -0.24795873908838992 -0.160545972143572 0.23559877714019117 -0.0065010023918400167 -0.081299339514202831
decision_type=2 2 2 2 2 2
left_child=-1 -2 3 -3 -4 -6
right_child=1 2 4 -5 5 -7
leaf_value=-0.00035512702048705607 0.0017651753439080634 -0.0012636489904088823 -0.00015834647052122053 0.0015015724344940968 0.0015079426986731382 0.00018506780128774055
leaf_weight=1166.8978605426673 106.33742818678729 177.39160708896816 314.20538621768355 31.338005876168609 273.2710377201438 259.03568478114903
leaf_count=15976 3927 1590 2685 219 2166 2024
internal_value=1.63748e-05 0.000389423 0.000235519 -0.000798818 0.00049691 0.000879477
internal_weight=2328.48 1161.58 1055.24 208.73 846.512 532.307
internal_count=28587 12611 8684 1809 6875 4190
is_linear=0
shrinkage=0.03


Tree=109
num_leaves=7
num_cat=0
split_feature=3 11 9 2 0 2
split_gain=0.414627 0.346012 0.276493 0.199617 0.194991 0.176502
threshold=-0.27597719496219025 0.12407294994155564 0.19532017557108519 -0.37504351911824763 0.41759798524215869 -0.080731303465062978
decision_type=2 2 2 2 2 2
left_child=-1 2 3 -2 -5 -3
right_child=1 5 -4 4 -6 -7
leaf_value=-0.0013065903718558589 -0.0020034699744309946 -5.8710263117891182e-05 0.0019322400040171664 -4.0821965894647123e-05 0.0016169198295739795 0.0027305614436019471
leaf_weight=191.99632169908728 35.12424929079134 28.853189064771868 56.735066482448019 1899.884798069048 56.069160891114734 56.572898169630207
leaf_count=3218 967 300 738 22044 560 593
internal_value=-7.28825e-06 0.000115203 3.27563e-05 -3.07543e-05 1.46816e-05 0.00188104
internal_weight=2325.24 2133.24 2047.81 1991.08 1955.95 85.4261
internal_count=28420 25202 24309 23571 22604 893
is_linear=0
shrinkage=0.03


Tree=110
num_leaves=7
num_cat=0
split_feature=9 12 5 12 13 1
split_gain=0.261272 0.251336 0.18098 0.195804 0.193983 0.194081
threshold=0.092126343155925647 0.2928279314678382 -0.15397782524518244 0.6291644606696819 2.1383330595080281 0.046875874018133923
decision_type=2 2 2 2 2 2
left_child=2 -2 -1 4 -4 -6
right_child=1 -3 3 -5 5 -7
leaf_value=-0.0011462346590294483 0.0019153316430745311 0.00019071248158896077 0.00095862931835284377 -0.00038032126411459828 -0.00033789679299918023 0.0010774851705546056
leaf_weight=155.92498881660867 93.806383095798083 294.51754099316895 230.48067366945907 1020.7428527735174 440.47448240616359 98.151174738246482
leaf_count=2302 2185 2026 3253 6600 10454 1689
internal_value=-5.56522e-05 0.00064495 -0.000198056 -0.000109545 0.000250093 -6.504e-05
internal_weight=2334.1 388.324 1945.77 1789.85 769.106 538.626
internal_count=28509 4211 24298 21996 15396 12143
is_linear=0
shrinkage=0.03


Tree=111
num_leaves=7
num_cat=0
split_feature=0 2 9 14 9 10
split_gain=0.29179 0.339811 0.281041 0.266175 0.372283 0.219792
threshold=0.40178485606223918 -0.12569925429105647 0.19532017557108519 0.10191653457716753 -0.049001838092061073 0.07298894420845238
decision_type=2 2 2 2 2 2
left_child=2 -2 3 4 -1 -5
right_child=1 -3 -4 5 -6 -7
leaf_value=-0.00077401090041438368 -0.0011698168415707792 0.0028505724453729915 0.0017781630423715292 -0.00051128150079243068 0.00075916178698770174 0.0005049187747515609
leaf_weight=186.75779803574551 20.46845046908129 53.352952260000166 61.495964025089052 1266.5957182273269 513.91978692248813 217.10396022349596
leaf_count=5346 251 520 758 8492 11754 1416
internal_value=-8.80045e-06 0.00172927 -7.33428e-05 -0.000133333 0.000345371 -0.0003602
internal_weight=2319.69 73.8214 2245.87 2184.38 700.678 1483.7
internal_count=28537 771 27766 27008 17100 9908
is_linear=0
shrinkage=0.03


Tree=112
num_leaves=7
num_cat=0
split_feature=3 8 12 8 5 13
split_gain=0.360729 0.275728 0.272547 0.215415 0.212798 0.209716
threshold=-0.079509721290862853 -0.22532880533137303 0.7397485979828422 0.19602008356865663 0.041431993091722658 2.4414009612931857
decision_type=2 2 2 2 2 2
left_child=1 -1 4 5 -3 -4
right_child=-2 2 3 -5 -6 -7
leaf_value=-0.0024747990473647898 0.0006926858123160063 0.00013233588626101667 -0.00086564332723365709 0.0012840610080712969 0.0016642976601240896 0.00019234308871419678
leaf_weight=34.744848522997927 610.69505624251906 732.91587158586481 597.24952219054103 50.902670554816723 82.169081276166253 229.04946691542864
leaf_count=1095 6554 14020 3509 302 1359 1684
internal_value=7.21737e-05 -0.00014997 -8.79805e-05 -0.000452523 0.000305073 -0.000573577
internal_weight=2337.73 1727.03 1692.29 877.202 815.085 826.299
internal_count=28523 21969 20874 5495 15379 5193
is_linear=0
shrinkage=0.03


Tree=113
num_leaves=7
num_cat=0
split_feature=3 11 7 11 12 5
split_gain=0.267217 0.309542 0.249847 0.199765 0.276948 0.289056
threshold=-0.28327963034124115 0.026278413459044501 -0.032788321149529669 0.029255235689744735 0.23191070152899187 0.028742793206862318
decision_type=2 2 2 2 2 2
left_child=-1 -2 -3 -4 -5 -6
right_child=1 2 3 4 5 -7
leaf_value=-0.0010683353223394599 -0.0001532288417903374 -0.00051999250099892837 0.0030537502337037261 0.0019120024693562571 0.001015109946759719 -0.00050251971042215295
leaf_weight=180.89047913972172 1435.168840137223 137.56374064285774 26.403758736618329 123.91098946455168 242.89966451004148 195.7408764436841
leaf_count=3024 17221 2114 313 2878 1751 1327
internal_value=7.8338e-06 0.000102393 0.000602573 0.000869077 0.000714993 0.000341771
internal_weight=2342.58 2161.69 726.519 588.955 562.552 438.641
internal_count=28628 25604 8383 6269 5956 3078
is_linear=0
shrinkage=0.03


Tree=114
num_leaves=7
num_cat=0
split_feature=0 14 13 7 9 11
split_gain=0.360402 0.263746 0.352807 0.250376 0.227477 0.185748
threshold=0.40178485606223918 0.34777674377166068 1.8688348091416842 -0.13691885004811477 0.19532017557108519 0.12407294994155564
decision_type=2 2 2 2 2 2
left_child=1 2 -1 -4 5 -5
right_child=-2 -3 3 4 -6 -7
leaf_value=0.001583812985900831 0.0018747360276456253 -0.001118908512944491 -0.001593934696858514 -0.00015468140974836964 0.0017621669393450686 0.0013084916619478897
leaf_weight=107.81285101862159 75.008686622139066 203.34994725137949 86.825531681854045 1735.2656068647921 51.730330839462113 71.7844596398063
leaf_count=998 791 857 2062 22424 668 807
internal_value=-4.32394e-05 -0.000114977 -1.06167e-05 -0.000106617 -2.89851e-05 -8.9676e-05
internal_weight=2331.78 2256.77 2053.42 1945.61 1858.78 1807.05
internal_count=28607 27816 26959 25961 23899 23231
is_linear=0
shrinkage=0.03


Tree=115
num_leaves=7
num_cat=0
split_feature=3 9 2 7 14 10
split_gain=0.431856 0.289282 0.272359 0.257732 0.273564 0.245831
threshold=-0.28327963034124115 0.19532017557108519 -0.20411637789229381 -0.13301101232735515 0.42119311821946898 -0.038778416572209783
decision_type=2 2 2 2 2 2
left_child=-1 2 -2 -4 5 -5
right_child=1 -3 3 4 -6 -7
leaf_value=-0.0013180454425793951 -0.00080571159762670233 0.0020753280912216947 -0.0015894628610589883 -0.00024593702218581975 -0.0011617835504523046 0.00059762694020696618
leaf_weight=180.45539635838941 247.88208144754753 59.603543130098842 57.387138657388277 403.66287486173678 98.525913760066032 1277.8257867060602
leaf_count=3033 4485 756 972 4808 406 14006
internal_value=5.1536e-05 0.000172345 0.000108306 0.00023531 0.000302691 0.000394862
internal_weight=2325.34 2144.89 2085.28 1837.4 1780.01 1681.49
internal_count=28466 25433 24677 20192 19220 18814
is_linear=0
shrinkage=0.03


Tree=116
num_leaves=7
num_cat=0
split_feature=14 0 2 3 3 0
split_gain=0.276906 0.253918 0.312036 0.217559 0.193598 0.213475
threshold=0.55453140630507913 0.07740270829279107 0.12981012454158955 -0.21268118942807104 -0.19778325931856713 -0.13319034174686925
decision_type=2 2 2 2 2 2
left_child=1 2 3 -1 5 -5
right_child=-2 -3 -4 4 -6 -7
leaf_value=-0.00098847889474316377 -0.0026862933297202166 0.00052396560751871843 0.0026071636266521681 -0.00074557454280396816 -0.00016146620914900579 0.0024394681606723042
leaf_weight=274.51089172440697 24.555967576801777 637.9022420514957 25.597524856915697 23.315968135924777 1312.6978050481121 44.030693392909598
leaf_count=4788 106 6526 296 382 15954 570
internal_value=-2.05634e-05 1.9093e-05 -0.000174557 -0.000232998 -7.66913e-05 0.00138295
internal_weight=2342.61 2318.06 1680.15 1654.56 1380.04 67.3467
internal_count=28622 28516 21990 21694 16906 952
is_linear=0
shrinkage=0.03


Tree=117
num_leaves=7
num_cat=0
split_feature=14 7 9 3 11 9
split_gain=0.347625 0.365894 0.312879 0.23069 0.220706 0.201421
threshold=0.10408937126195171 0.077203464605874003 0.092126343155925647 -0.21598012242599146 0.0050907046914570242 0.19532017557108519
decision_type=2 2 2 2 2 2
left_child=1 2 -1 -3 -4 -2
right_child=5 3 4 -5 -6 -7
leaf_value=-0.00011267331475943212 -0.00034195135948145584 -0.00058183047381071818 0.00029058612790216473 0.0024235231558705256 0.0030705615899230538 0.0016653798673605281
leaf_weight=539.27729566948256 1529.1178291290998 24.355524335929658 55.629616179736331 107.70716668548994 41.825716201041359 36.556275747716427
leaf_count=13601 10079 564 1230 2005 904 227
internal_value=-2.86531e-05 0.000489979 0.000179852 0.00186732 0.00165841 -0.000284811
internal_weight=2334.47 768.795 636.733 132.063 97.4553 1565.67
internal_count=28610 18304 15735 2569 2134 10306
is_linear=0
shrinkage=0.03


Tree=118
num_leaves=7
num_cat=0
split_feature=8 14 13 7 0 6
split_gain=0.277158 0.206739 0.46175 0.281669 0.272695 0.235292
threshold=0.16065910807689715 0.17596364934331074 2.4414009612931857 0.12150264140302343 0.093584295155511713 -0.26460050515902572
decision_type=2 2 2 2 2 2
left_child=1 3 -3 5 -4 -1
right_child=-2 2 4 -5 -6 -7
leaf_value=-0.0013368158458946717 0.00091763293710087155 -0.00091111930402672432 6.0589358037800517e-05 0.0014864044843363312 0.0027914484042804266 1.9100988696214282e-05
leaf_weight=118.94968250684906 195.63839888450457 707.239413022995 108.25968752801418 96.117026410764083 37.573862224817276 1076.3291314506205
leaf_count=2986 2089 3708 616 1240 197 17759
internal_value=-0.000135621 -0.000235522 -0.000594997 4.68789e-06 0.000898172 -0.000125807
internal_weight=2340.11 2144.47 853.073 1291.4 145.834 1195.28
internal_count=28595 26506 4521 21985 813 20745
is_linear=0
shrinkage=0.03


Tree=119
num_leaves=7
num_cat=0
split_feature=7 14 4 3 10 0
split_gain=0.257728 0.218503 0.250245 0.186984 0.28227 0.278369
threshold=-0.13691885004811477 0.42119311821946898 -0.11428865714640009 -0.24161051051102991 -0.038778416572209783 0.032162804726400658
decision_type=2 2 2 2 2 2
left_child=-1 3 -3 -2 5 -5
right_child=1 2 -4 4 -6 -7
leaf_value=-0.0014018077688934686 -0.00058856568638778926 0.00040887856289789024 -0.0022944677725274735 -0.00088590226314690503 0.00047611013943213957 0.00065978614229225674
leaf_weight=98.075635180866811 249.91350554692326 49.897491782903671 60.920618146657944 304.86984278832097 1431.7255659097573 148.53029611235252
leaf_count=2182 3986 206 251 4033 16313 1636
internal_value=2.94659e-05 9.7906e-05 -0.00114415 0.000167408 0.000270205 -0.000376236
internal_weight=2343.93 2245.86 110.818 2135.04 1885.13 453.4
internal_count=28607 26425 457 25968 21982 5669
is_linear=0
shrinkage=0.03


Tree=120
num_leaves=7
num_cat=0
split_feature=3 14 8 14 5 10
split_gain=0.239991 0.220607 0.27819 0.288645 0.232194 0.212372
threshold=-0.27975890772280637 0.42119311821946898 -0.071960305639966846 0.26042339298837675 -0.0079790342857603853 0.037039826473858374
decision_type=2 2 2 2 2 2
left_child=-1 2 3 -2 -3 -4
right_child=1 4 5 -5 -6 -7
leaf_value=-0.0010221931971866789 -0.00030515362361812292 0.00025109864886143615 5.9603003147237874e-05 -0.0029359204160069831 -0.0024246182041197323 0.00076986772583889076
leaf_weight=188.60558106016833 261.04057545293472 50.774820923805237 1209.9450829775888 34.490954026579857 53.632056564092636 542.8711842650082
leaf_count=3126 4866 209 13939 165 221 5992
internal_value=-2.42486e-05 6.75047e-05 0.00013847 -0.000698229 -0.00121516 0.000282701
internal_weight=2341.36 2152.75 2048.35 295.532 104.407 1752.82
internal_count=28518 25392 24962 5031 430 19931
is_linear=0
shrinkage=0.03


Tree=121
num_leaves=7
num_cat=0
split_feature=14 4 10 9 6 10
split_gain=0.26962 0.307088 0.438898 0.193224 0.201775 0.220601
threshold=0.34777674377166068 -0.081299339514202831 0.00058928367531666675 0.19532017557108519 0.38647319812077691 -0.067293250344397024
decision_type=2 2 2 2 2 2
left_child=3 2 -2 4 5 -1
right_child=1 -3 -4 -5 -6 -7
leaf_value=-0.00078044115540980296 -0.0013147695313084761 -0.0023630703833242839 0.0019927350805848303 0.0016938936245912742 0.0012929242498835314 0.00010841881286592459
leaf_weight=285.32389537448762 86.740101188421249 79.164243325591087 47.627601981163025 56.116713092487771 100.56241365196183 1675.8859636040579
leaf_count=4222 365 334 200 738 1066 21585
internal_value=-6.75378e-06 -0.00099787 -8.55759e-05 9.73934e-05 4.5974e-05 -2.41989e-05
internal_weight=2331.42 213.532 134.368 2117.89 2061.77 1961.21
internal_count=28510 899 565 27611 26873 25807
is_linear=0
shrinkage=0.03


Tree=122
num_leaves=7
num_cat=0
split_feature=0 8 14 9 7 11
split_gain=0.277376 0.20398 0.243785 0.229795 0.200914 0.172594
threshold=0.47614360576029618 -0.22532880533137303 0.11681717266799006 -0.028769783251774938 0.10471074070240456 0.089634359236854338
decision_type=2 2 2 2 2 2
left_child=1 -1 3 -3 -5 -4
right_child=-2 2 5 4 -6 -7
leaf_value=-0.0019886596911405973 0.0021814393442292713 -0.00035325027686673559 -0.00040490237873607853 0.00046389833434267293 0.0021777156692614724 0.00070464749915860885
leaf_weight=40.31032468759804 39.02009546692716 279.49448294891044 1279.6231137812138 506.67786080058431 61.921973056043498 130.73872461915016
leaf_count=1238 417 6772 8049 10348 986 784
internal_value=-5.1993e-05 -9.91884e-05 -5.6846e-05 0.000342675 0.000684949 -0.000297812
internal_weight=2337.79 2298.77 2258.46 848.094 568.6 1410.36
internal_count=28594 28177 26939 18106 11334 8833
is_linear=0
shrinkage=0.03


Tree=123
num_leaves=7
num_cat=0
split_feature=0 2 14 13 8 1
split_gain=0.22663 0.226155 0.221324 0.275093 0.264685 0.209083
threshold=0.41759798524215869 -0.11936508227167859 0.13854743565187916 2.4414009612931857 -0.2337643035899126 -0.064059742560975366
decision_type=2 2 2 2 2 2
left_child=2 -2 4 5 -1 -4
right_child=1 -3 3 -5 -6 -7
leaf_value=-0.0022377444756090125 -0.00089128814068378695 0.0025715524217060711 -0.001455243172559814 0.00050062160988574339 0.00029392984919927818 -0.00037710859920097358
leaf_weight=28.613568146014586 18.534898637561128 45.161245068127755 199.23981902748346 243.7299623042345 1030.633857385139 771.87797074019909
leaf_count=1086 223 462 1225 1518 19772 4376
internal_value=-5.81149e-05 0.00157969 -0.000110704 -0.000385619 0.000205253 -0.000610883
internal_weight=2337.79 63.6961 2274.1 1214.85 1059.25 971.118
internal_count=28662 685 27977 7119 20858 5601
is_linear=0
shrinkage=0.03


Tree=124
num_leaves=7
num_cat=0
split_feature=11 8 12 6 3 13
split_gain=0.222958 0.242574 0.207048 0.262684 0.259211 0.241912
threshold=0.12049035424195563 0.12380466076582199 1.0868614387781197 0.0012064119555888792 -0.27272324271755594 2.1383330595080281
decision_type=2 2 2 2 2 2
left_child=2 -2 3 -1 -4 -6
right_child=1 -3 4 -5 5 -7
leaf_value=-0.00027218433879228337 0.00012603202399144586 0.0029552178877009535 -0.0022047441822920311 0.00053290013695995824 -0.0011892362625485705 6.206545481899938e-05
leaf_weight=649.9933614753827 65.827928653045092 37.737875384860672 57.785934090614319 807.69736191636184 176.64071107655764 541.8373639844358
leaf_count=11518 710 362 343 11673 827 3097
internal_value=2.96412e-05 0.00132639 -3.6119e-05 0.000174499 -0.000428813 -0.000257674
internal_weight=2337.52 103.566 2233.95 1457.69 776.264 718.478
internal_count=28530 1072 27458 23191 4267 3924
is_linear=0
shrinkage=0.03


Tree=125
num_leaves=7
num_cat=0
split_feature=8 7 7 0 12 8
split_gain=0.413037 0.205799 0.176132 0.181054 0.227412 0.24059
threshold=0.15363962459631389 -0.021464817941491365 -0.13691885004811477 -0.3328622665601102 0.52314977153563791 -0.20918626893786371
decision_type=2 2 2 2 2 2
left_child=2 -2 -1 -4 5 -5
right_child=1 -3 3 4 -6 -7
leaf_value=-0.0012406897432106596 -0.0011004212358115704 0.0016016283300557519 0.0010751540249012714 -0.002278695764543686 -0.00030624664139998183 0.00048431919597208923
leaf_weight=95.638795514882077 21.813751344103366 196.76686522859382 125.54800093630911 19.799084937549196 1210.0283567458391 667.07285971808597
leaf_count=2144 278 2060 2164 683 7991 13198
internal_value=8.40391e-05 0.00129563 -4.6494e-05 1.58044e-05 -5.95801e-05 0.000373119
internal_weight=2336.67 218.581 2118.09 2022.45 1896.9 686.872
internal_count=28518 2338 26180 24036 21872 13881
is_linear=0
shrinkage=0.03


Tree=126
num_leaves=7
num_cat=0
split_feature=14 0 2 7 5 1
split_gain=0.248675 0.278064 0.244411 0.239051 0.160167 0.164487
threshold=0.55453140630507913 0.43439375533509822 -0.09095983882123744 -0.13691885004811477 -0.15397782524518244 -0.098330904939448502
decision_type=2 2 2 2 2 2
left_child=1 3 -3 -1 5 -5
right_child=-2 2 -4 4 -6 -7
leaf_value=-0.0014189146915975488 -0.0024823024633717846 -0.00053738683418870622 0.0031948370667342647 0.001051271963152104 0.00012142622967117546 -0.0012656394732822472
leaf_weight=95.056771877367282 25.875874884426594 20.33358908793889 35.380318194103893 26.16672675817972 1984.2840707134164 132.02362934313715
leaf_count=2169 112 240 352 485 23410 1635
internal_value=-3.86874e-06 3.47527e-05 0.00195821 -2.16406e-05 4.66573e-05 -0.000842674
internal_weight=2319.12 2293.25 55.7139 2237.53 2142.47 158.19
internal_count=28403 28291 592 27699 25530 2120
is_linear=0
shrinkage=0.03


Tree=127
num_leaves=7
num_cat=0
split_feature=3 9 14 7 14 8
split_gain=0.190385 0.21167 0.202647 0.308452 0.18642 0.177818
threshold=-0.28327963034124115 -0.11209792205289283 0.10408937126195171 0.12150264140302343 0.26042339298837675 -0.071960305639966846
decision_type=2 2 2 2 2 2
left_child=4 -2 3 -3 -1 -4
right_child=1 2 5 -5 -6 -7
leaf_value=-0.00048802663735380213 0.0017293668408463016 0.00015144585645816732 -0.001157087942376289 0.0022963980123770771 -0.0028608945476307724 -0.00013749138004981058
leaf_weight=151.47572262934409 51.10835729475366 614.36702743996284 165.92366114258766 57.143400912405923 29.115061193704605 1265.7263428792357
leaf_count=2924 774 14308 1171 1012 137 8141
internal_value=-9.17942e-05 -1.13368e-05 -6.16209e-05 0.000364992 -0.00100062 -0.000262866
internal_weight=2334.86 2154.27 2103.16 671.51 180.591 1431.65
internal_count=28467 25406 24632 15320 3061 9312
is_linear=0
shrinkage=0.03


Tree=128
num_leaves=7
num_cat=0
split_feature=14 13 0 1 6 4
split_gain=0.188069 0.338595 0.209111 0.259136 0.206704 0.198046
threshold=0.13854743565187916 2.4414009612931857 -0.28407492566391485 -0.070554273617918925 0.32977393880202882 -0.1025445786797541
decision_type=2 2 2 2 2 2
left_child=1 4 5 -4 -1 -2
right_child=2 -3 3 -5 -6 -7
leaf_value=0.00052610378106697693 0.0019859344705448609 -0.00041873737037268968 -0.0014952823471538277 -0.00016463261769389598 0.0023457629891747542 -0.00049187625758015299
leaf_weight=667.68012368812924 61.125203527510166 366.93824828692595 142.47971698641777 994.04787921905518 52.953827797668055 43.51288565248251
leaf_count=12747 389 7704 887 5714 821 269
internal_value=2.90737e-05 0.000315575 -0.000222489 -0.000343035 0.000690092 0.00100253
internal_weight=2328.74 1087.57 1241.17 1136.53 720.634 104.638
internal_count=28531 21272 7259 6601 13568 658
is_linear=0
shrinkage=0.03


Tree=129
num_leaves=7
num_cat=0
split_feature=9 11 8 1 14 1
split_gain=0.319942 0.200641 0.204159 0.171027 0.169567 0.165355
threshold=0.092126343155925647 0.12049035424195563 0.070705530182186158 -0.11607747025194169 0.060460911484198181 -0.10228844182222649
decision_type=2 2 2 2 2 2
left_child=1 3 -3 -1 -2 -5
right_child=4 2 -4 5 -6 -7
leaf_value=-0.00089742765525772017 0.0023303264501802882 -0.00034254477001763941 0.0024633022761959083 0.0015720623850974081 0.0005727548702933095 -9.130716364801903e-05
leaf_weight=227.43740641645854 50.608016385289375 36.978150662151165 44.610338973114267 45.68913549935678 341.55556984990835 1569.1521747725201
leaf_count=4276 1673 403 479 646 2564 18312
internal_value=8.22419e-05 -7.82341e-05 0.00129306 -0.000145617 0.000851871 -3.48595e-05
internal_weight=2316.03 1923.87 81.5885 1842.28 392.164 1614.84
internal_count=28353 24116 882 23234 4237 18958
is_linear=0
shrinkage=0.03


Tree=130
num_leaves=7
num_cat=0
split_feature=14 9 12 12 7 0
split_gain=0.187417 0.195463 0.165711 0.224283 0.187612 0.15394
threshold=0.55453140630507913 0.087392533326891383 1.2706820083260502 1.1162892308336962 0.0012713690020481354 0.43439375533509822
decision_type=2 2 2 2 2 2
left_child=1 5 3 -3 -4 -1
right_child=-2 2 4 -5 -6 -7
leaf_value=-5.1661042679111322e-05 -0.0020293197853808787 0.00072477989865961097 0.0012709918109288603 0.0031592240418116132 -0.00099204679376400148 0.0015805107236350469
leaf_weight=1846.0714522917406 26.913991242647171 267.07752818847075 41.091381005942822 31.304570198059082 83.578563548624516 43.506456663890276
leaf_count=23419 116 3697 220 190 413 486
internal_value=9.24365e-05 0.00012576 0.000700639 0.00107435 -0.000207155 -5.95872e-06
internal_weight=2339.54 2312.63 423.052 298.382 124.67 1889.58
internal_count=28541 28425 4520 3887 633 23905
is_linear=0
shrinkage=0.03


Tree=131
num_leaves=7
num_cat=0
split_feature=0 2 10 0 8 4
split_gain=0.22566 0.29379 0.175902 0.284148 0.201154 0.243456
threshold=0.40178485606223918 -0.12170627622868391 0.034444023345312907 0.23810709228079172 -0.11115886499601917 -0.059979631825308487
decision_type=2 2 2 2 2 2
left_child=2 -2 -1 4 -4 -6
right_child=1 -3 3 -5 5 -7
leaf_value=-0.00023429714297321016 -0.0010799553986130695 0.002596603811988289 -0.0011869252354862034 -0.0014221189825576125 0.0016188321672762481 0.00028822442547125974
leaf_weight=1558.6326334681653 21.772052403423004 52.760234295739792 47.445015071949456 65.135417203768156 167.92579854931682 426.02639436346362
leaf_count=19470 251 525 936 640 1815 4846
internal_value=-8.68445e-08 0.00152192 -5.66355e-05 0.000333092 0.000530433 0.000684997
internal_weight=2339.7 74.5323 2265.17 706.533 641.397 593.952
internal_count=28483 776 27707 8237 7597 6661
is_linear=0
shrinkage=0.03


Tree=132
num_leaves=7
num_cat=0
split_feature=14 6 2 6 12 3
split_gain=0.315225 0.222872 0.161839 0.204577 0.336225 0.338082
threshold=0.55453140630507913 0.48660875564318978 -0.20199802154954741 0.046431675375229541 -0.21364645575827798 -0.32189918900733017
decision_type=2 2 2 2 2 2
left_child=1 2 -1 4 -4 -6
right_child=-2 -3 3 -5 5 -7
leaf_value=-0.00060231607124242687 -0.002784077301047707 0.0018310568143224302 0.0012176453166261958 0.00045310877507150668 -0.0029310271439159158 -0.00023500718250262821
leaf_weight=309.62220140825957 25.285940982401371 53.130537222954445 128.83045225281967 905.52229761658236 34.137237982824445 876.91125629656017
leaf_count=5887 109 536 4740 9165 325 7782
internal_value=3.02644e-05 7.29725e-05 2.36492e-05 0.000125846 -0.000160734 -0.000366754
internal_weight=2333.44 2308.15 2255.02 1945.4 1039.88 911.048
internal_count=28544 28435 27899 22012 12847 8107
is_linear=0
shrinkage=0.03


Tree=133
num_leaves=7
num_cat=0
split_feature=3 0 5 14 6 0
split_gain=0.26219 0.209833 0.171489 0.238331 0.205635 0.182565
threshold=-0.27272324271755594 0.50715007642566234 -0.15397782524518244 0.42119311821946898 -0.32516479927171477 -0.25824080047479708
decision_type=2 2 2 2 2 2
left_child=-1 2 5 4 -4 -2
right_child=1 -3 3 -5 -6 -7
leaf_value=-0.00099455536685119856 0.0012135670569225492 0.0022203836131635892 -0.0011035508637110578 -0.0012475879452630669 0.00029304462347728538 -0.0012906588645035129
leaf_weight=204.40940388393938 23.771190708794165 31.420615431852639 90.509331582346931 95.380410075187683 1767.7343546402699 132.87905085436068
leaf_count=3402 509 329 1771 393 20645 1655
internal_value=5.88689e-06 0.00010555 6.37382e-05 0.000141864 0.000219478 -0.000860632
internal_weight=2346.1 2141.69 2110.27 1953.62 1858.24 156.65
internal_count=28704 25302 24973 22809 22416 2164
is_linear=0
shrinkage=0.03


Tree=134
num_leaves=7
num_cat=0
split_feature=2 6 2 12 14 10
split_gain=0.188189 0.230833 0.353521 0.230602 0.203038 0.186834
threshold=-0.10944216773343651 0.039684788671434261 -0.068398530392646747 -0.21364645575827798 0.42119311821946898 0.044220120371783148
decision_type=2 2 2 2 2 2
left_child=-1 2 -2 -4 5 -3
right_child=1 4 3 -5 -6 -7
leaf_value=-0.00025835970338807538 0.00074343259658584944 0.0004283816272030887 0.0010089913890155081 -0.00099746751036974834 -0.0012063670333481529 0.0015482808325981126
leaf_weight=1069.7900992690993 241.86227230413351 413.6568639659672 52.561386994377244 325.89094234444201 39.759371563792229 197.34239997674013
leaf_count=14514 2763 4340 1970 2854 164 2028
internal_value=3.35345e-05 0.000279304 -0.000134336 -0.000699999 0.000669659 0.000809198
internal_weight=2340.86 1271.07 620.315 378.452 650.759 610.999
internal_count=28633 14119 7587 4824 6532 6368
is_linear=0
shrinkage=0.03


Tree=135
num_leaves=7
num_cat=0
split_feature=8 12 0 0 2 5
split_gain=0.232581 0.17165 0.185652 0.211885 0.159163 0.156669
threshold=-0.22532880533137303 1.0868614387781197 -0.30699442018243078 -0.11412697442760177 -0.086931709463865303 -0.18743005858979231
decision_type=2 2 2 2 2 2
left_child=-1 5 -3 4 -4 -2
right_child=1 2 3 -5 -6 -7
leaf_value=-0.0020757878444313512 -0.0012120840992170577 0.0011859191225626542 -0.0023244849096971977 -0.00025652756608837853 -0.00016063268651303041 0.00023796937670427374
leaf_weight=40.567113303608494 60.485915229655802 54.527414832264185 78.533831596374512 621.42631669342518 49.156645759940147 1430.6011185544776
leaf_count=1256 1069 319 455 3359 269 21854
internal_value=-6.32476e-05 -1.88169e-05 -0.000369636 -0.000496994 -0.00156364 0.000171465
internal_weight=2335.3 2294.73 803.644 749.117 127.69 1491.09
internal_count=28581 27325 4402 4083 724 22923
is_linear=0
shrinkage=0.03


Tree=136
num_leaves=7
num_cat=0
split_feature=8 1 1 2 14 13
split_gain=0.247568 0.355806 0.239514 0.235252 0.193048 0.364586
threshold=0.21437915144450528 0.0028860656969736799 0.070716836468958058 -0.005953549400192674 0.23838906445170122 1.8688348091416842
decision_type=2 2 2 2 2 2
left_child=2 -2 3 4 5 -1
right_child=1 -3 -4 -5 -6 -7
leaf_value=0.002266035060309768 0.0034229906349170793 -0.00026189371126230293 0.00072328341342110304 -0.001013721560913203 -0.0006071874720305979 1.2162338221457275e-05
leaf_weight=58.137119918130338 35.344130342360586 46.416865401668474 295.47745381452842 253.63399230554933 413.84904877841473 1243.8897760117834
leaf_count=671 407 454 2795 3309 1967 19011
internal_value=2.72754e-06 0.00153047 -5.89055e-05 -0.000179315 -5.08174e-05 0.000129305
internal_weight=2346.75 81.761 2264.99 1969.51 1715.88 1302.03
internal_count=28614 861 27753 24958 21649 19682
is_linear=0
shrinkage=0.03


Tree=137
num_leaves=7
num_cat=0
split_feature=3 2 3 3 8 14
split_gain=0.156395 0.194243 0.148123 0.197288 0.171146 0.156172
threshold=-0.063284192030701139 0.16397069476941803 -0.074864546880322472 -0.079509721290862853 -0.22532880533137303 0.26042339298837675
decision_type=2 2 2 2 2 2
left_child=1 2 3 4 -1 -6
right_child=-2 -3 -4 -5 5 -7
leaf_value=-0.0019532340665294658 0.0005038424874268697 0.0022397579577460918 -0.0015008606074155648 0.0019232878400076432 7.4302706120890269e-05 -0.0006549896719830543
leaf_weight=34.510844240838196 523.820424921636 21.947663861094043 57.37753184401663 33.75288264779374 1351.815853117907 318.02910272777081
leaf_count=1084 5583 243 648 337 19241 1460
internal_value=5.22837e-05 -7.99093e-05 -0.000120513 -6.66204e-05 -0.000117017 -6.76664e-05
internal_weight=2341.25 1817.43 1795.49 1738.11 1704.36 1669.84
internal_count=28596 23013 22770 22122 21785 20701
is_linear=0
shrinkage=0.03


Tree=138
num_leaves=7
num_cat=0
split_feature=0 8 9 5 8 10
split_gain=0.205409 0.261309 0.248179 0.244959 0.201875 0.176688
threshold=0.037267815895817187 0.24382171018321541 0.017834188996310885 -0.044732366453879277 0.1052056589001064 -0.14822684577637127
decision_type=2 2 2 2 2 2
left_child=1 5 -2 -4 -5 -1
right_child=2 -3 3 4 -6 -7
leaf_value=0.0018756885462761492 -0.00021120514587358026 0.0022583664093034704 0.0018755464160906555 -0.00031980437741133653 0.0014690263410000095 -0.00039471520605899996
leaf_weight=21.733214086911175 402.68716016568942 25.470289492513984 125.97303358034696 166.35857810010202 74.211280909483321 1514.7904503619357
leaf_count=357 4508 297 1150 1559 650 19965
internal_value=-9.69839e-05 -0.000294041 0.000301798 0.00085603 0.000268621 -0.000350681
internal_weight=2331.22 1561.99 769.23 366.543 240.57 1536.52
internal_count=28486 20619 7867 3359 2209 20322
is_linear=0
shrinkage=0.03


Tree=139
num_leaves=7
num_cat=0
split_feature=9 8 9 0 9 4
split_gain=0.246566 0.165916 0.221665 0.237103 0.206593 0.202413
threshold=0.092126343155925647 0.064299419929706017 0.12600733973001368 -0.021714550172915122 0.12913564601289315 -0.1033283904941496
decision_type=2 2 2 2 2 2
left_child=-1 2 3 -2 -3 -4
right_child=1 4 5 -5 -6 -7
leaf_value=-6.3265509997832456e-05 -0.00051959953550722129 4.6683807990297926e-05 0.00073121299797987492 0.0021257560762088946 0.0024619605803336635 -0.0013847336613187276
leaf_weight=1934.4076002111542 42.131655488279648 50.301880351093132 64.167674619995523 75.956564606400207 78.893627097830176 82.458515980630182
leaf_count=24288 521 478 795 716 802 926
internal_value=7.71883e-05 0.000751417 0.000297899 0.00121506 0.00159249 -0.000471173
internal_weight=2328.32 393.91 264.714 118.088 129.196 146.626
internal_count=28526 4238 2958 1237 1280 1721
is_linear=0
shrinkage=0.03


Tree=140
num_leaves=7
num_cat=0
split_feature=3 12 8 2 8 1
split_gain=0.192095 0.201176 0.1541 0.144217 0.236414 0.168799
threshold=-0.063284192030701139 2.1402472960990395 -0.22532880533137303 -0.13600637956077208 0.0052684204538107219 0.016312424099039585
decision_type=2 2 2 2 2 2
left_child=2 3 -1 -2 -5 -6
right_child=1 -3 -4 4 5 -7
leaf_value=-0.0017996449479300749 -6.739318410200088e-05 -0.0016082739116016255 -2.7951534994622724e-05 0.0021617798009372015 0.0010251323937212706 -0.00060460999164533246
leaf_weight=35.319834871334024 144.69793092866894 26.283195376396179 1780.0723486202187 107.06092790822731 159.15332538005896 78.374251576606184
leaf_count=1096 1799 112 21871 1098 1821 726
internal_value=7.37555e-05 0.000578903 -7.20913e-05 0.00072625 0.00105202 0.000484684
internal_weight=2330.96 515.57 1815.39 489.286 344.589 237.528
internal_count=28523 5556 22967 5444 3645 2547
is_linear=0
shrinkage=0.03


Tree=141
num_leaves=7
num_cat=0
split_feature=11 2 12 14 8 11
split_gain=0.18099 0.207159 0.135842 0.227858 0.137674 0.174266
threshold=0.12407294994155564 -0.10597808374160379 2.2414100735254894 0.42119311821946898 -0.071960305639966846 0.069231206839370993
decision_type=2 2 2 2 2 2
left_child=2 -2 3 4 -1 -6
right_child=1 -3 -4 -5 5 -7
leaf_value=-0.00065312239180063015 -0.001090821820926667 0.0018799882540705198 0.0010762989446661435 -0.0019020544838550366 0.00011252345763231596 -0.00079472492514159128
leaf_weight=333.67450305173406 21.027932511467952 72.403505175258033 73.386616989970207 55.43924768269062 1566.852945968014 206.73770214989781
leaf_count=6098 249 725 315 227 18520 2346
internal_value=-5.68167e-05 0.00117055 -0.000113083 -0.00015821 -0.000103565 2.90767e-06
internal_weight=2329.52 93.4314 2236.09 2162.7 2107.27 1773.59
internal_count=28480 974 27506 27191 26964 20866
is_linear=0
shrinkage=0.03


Tree=142
num_leaves=7
num_cat=0
split_feature=0 8 13 12 8 11
split_gain=0.231449 0.201733 0.175934 0.196185 0.245513 0.32651
threshold=0.037267815895817187 0.24382171018321541 2.3502401828962087 0.22297567410090982 1.0000000180025095e-35 0.026278413459044501
decision_type=2 2 2 2 2 2
left_child=1 -1 3 -2 -5 -6
right_child=2 -3 -4 4 5 -7
leaf_value=-0.00021683514167564056 0.0011605091752527577 0.0020636361812092652 0.00097920524996706216 0.00073464887583607474 -0.0018140780649496318 0.00046300643447578062
leaf_weight=1533.5058478859137 102.70891826937441 25.774855099152774 329.55413425364532 127.21450108662248 125.55472079664469 91.646662000566721
leaf_count=20333 1924 286 3872 801 757 547
internal_value=4.44993e-05 -0.000166229 0.000464298 7.16663e-05 -0.000276622 -0.000875187
internal_weight=2335.96 1559.28 776.679 447.125 344.416 217.201
internal_count=28520 20619 7901 4029 2105 1304
is_linear=0
shrinkage=0.03


Tree=143
num_leaves=7
num_cat=0
split_feature=12 13 6 2 3 5
split_gain=0.181171 0.226768 0.205718 0.156092 0.1555 0.147647
threshold=0.51271647236223383 1.8688348091416842 -0.26460050515902572 -0.40755193140783313 -0.12767703323522708 0.059536449444870423
decision_type=2 2 2 2 2 2
left_child=1 4 -3 -4 -1 -2
right_child=5 2 3 -5 -6 -7
leaf_value=0.00305568109498471 -0.00013956975041631647 -0.0011756319521909252 -0.0019498084867379647 0.00040698397990295807 0.00028280635894798622 -0.0012311227317516108
leaf_weight=33.467761433683336 1361.3981158807874 82.490101775620133 16.425946707720868 703.38156547350809 35.188650157069787 111.92272907868028
leaf_count=420 9154 2644 650 14712 381 713
internal_value=-2.79616e-05 0.000312932 0.000160132 0.000327222 0.00185113 -0.000230232
internal_weight=2344.27 870.954 802.298 719.808 68.6564 1473.32
internal_count=28674 18807 18006 15362 801 9867
is_linear=0
shrinkage=0.03


Tree=144
num_leaves=7
num_cat=0
split_feature=1 4 3 10 1 11
split_gain=0.168096 0.1452 0.25217 0.197552 0.193731 0.180732
threshold=0.18475683102300966 -0.20075027372583162 -0.18324243827121642 -0.13222102708540548 -0.032523229836598125 0.036351964896328519
decision_type=2 2 2 2 2 2
left_child=1 2 -1 -4 -5 -3
right_child=-2 5 3 4 -6 -7
leaf_value=0.00075366697079102011 0.0017470896709901563 -0.00017184924903893009 0.00043630597503452166 -0.00041212278193429624 -0.0030004681595210913 0.0004485058502568457
leaf_weight=58.154546386795118 36.469176063197665 1511.5550290171232 33.926926229498349 45.736197783786338 64.015194481005892 575.2355777604389
leaf_count=1055 353 18520 474 718 714 6632
internal_value=-3.954e-05 -7.54867e-05 -0.000823852 -0.00146985 -0.00204633 4.78584e-07
internal_weight=2325.09 2288.62 201.833 143.678 109.751 2086.79
internal_count=28466 28113 2961 1906 1432 25152
is_linear=0
shrinkage=0.03


Tree=145
num_leaves=7
num_cat=0
split_feature=12 8 14 7 14 10
split_gain=0.199316 0.26065 0.192255 0.174676 0.1427 0.222037
threshold=-0.21364645575827798 -0.14292115685014492 0.023607478306468855 -0.086673610568304527 0.14274937596395673 -0.09531247999437302
decision_type=2 2 2 2 2 2
left_child=1 -1 -3 -2 5 -5
right_child=3 2 -4 4 -6 -7
leaf_value=-0.0015592737996094274 -0.0010600742381044613 -0.00054673597407662894 0.0013993215365835229 -0.0015187937275804421 -0.00032429031225787708 0.0003544917248181537
leaf_weight=33.152232373628067 182.69880037195981 52.836590281134704 195.68705965392292 52.041500883176923 1119.0822823345661 701.57596252579242
leaf_count=1905 1952 4334 4724 653 6402 8583
internal_value=-9.63859e-05 0.000638315 0.000980441 -0.000199674 -0.000110549 0.000206935
internal_weight=2337.07 281.676 248.524 2055.4 1872.7 753.617
internal_count=28553 10963 9058 17590 15638 9236
is_linear=0
shrinkage=0.03


Tree=146
num_leaves=7
num_cat=0
split_feature=11 8 3 3 10 11
split_gain=0.1767 0.170855 0.161086 0.227447 0.211784 0.191966
threshold=0.12407294994155564 0.12380466076582199 -0.063284192030701139 -0.074864546880322472 -0.10779587866568004 -0.060737533262971065
decision_type=2 2 2 2 2 2
left_child=2 -2 3 4 5 -1
right_child=1 -3 -4 -5 -6 -7
leaf_value=0.0012028366425861786 0.00014213382497844254 0.0026557477247460305 0.00045453329599893984 -0.0018752891645706885 7.88311164776601e-08 -0.0020376013447644752
leaf_weight=13.510745850333477 56.108596318750642 34.682039810344577 502.04793707915815 56.226675435376819 1595.3690579199465 72.074288465548307
leaf_count=237 622 334 5407 634 20169 1060
internal_value=4.17862e-05 0.00127056 -1.34623e-05 -0.000150541 -8.21007e-05 -0.00145373
internal_weight=2330.02 90.7906 2239.23 1737.18 1680.95 85.585
internal_count=28463 956 27507 22100 21466 1297
is_linear=0
shrinkage=0.03


Tree=147
num_leaves=7
num_cat=0
split_feature=8 0 14 3 10 8
split_gain=0.17738 0.220555 0.174017 0.159284 0.200756 0.16379
threshold=-0.071960305639966846 0.43439375533509822 0.42119311821946898 -0.26942833356391366 -0.029992008970721361 -0.060592442307621869
decision_type=2 2 2 2 2 2
left_child=-1 2 3 -2 5 -5
right_child=1 -3 -4 4 -6 -7
leaf_value=-0.00057972691813978092 -0.00077649383523194617 0.0018973355750983782 -0.0010973013836238213 0.0019026323037162507 0.00044542712435248759 -0.00039802312881484286
leaf_weight=349.93978922141832 142.39627600490348 52.564426703145728 95.789336688816547 19.709845459728967 1196.7519143194077 471.99375974445138
leaf_count=6213 2161 527 395 266 13243 5709
internal_value=3.32701e-05 0.000144023 8.6637e-05 0.000154204 0.000236805 -0.000269717
internal_weight=2329.15 1979.21 1926.64 1830.85 1688.46 491.704
internal_count=28514 22301 21774 21379 19218 5975
is_linear=0
shrinkage=0.03


Tree=148
num_leaves=7
num_cat=0
split_feature=2 1 2 12 3 12
split_gain=0.166483 0.13586 0.141397 0.178764 0.274704 0.34314
threshold=0.19500637415892505 0.19976545222428563 -0.010400784276198564 1.6631919807385147 -0.052353522895941314 2.2414100735254894
decision_type=2 2 2 2 2 2
left_child=1 2 3 -1 5 -5
right_child=-2 -3 -4 4 -6 -7
leaf_value=0.00016870840267637228 0.0022687048595436631 0.0018522234702380892 -0.00057619636897400604 -0.00082749389198053446 -0.0024512951344276201 0.001872251415593342
leaf_weight=1653.1598397625203 18.876637326786295 24.251388617441989 374.43787306698505 153.99364516884089 50.335656650364399 47.176077082753181
leaf_count=22202 207 230 4596 752 230 204
internal_value=4.92013e-06 -2.3359e-05 -5.13209e-05 5.43347e-05 -0.000675153 -0.0001357
internal_weight=2322.23 2303.35 2279.1 1904.67 251.505 201.17
internal_count=28421 28214 27984 23388 1186 956
is_linear=0
shrinkage=0.03


Tree=149
num_leaves=7
num_cat=0
split_feature=11 6 4 9 12 10
split_gain=0.234897 0.199137 0.198842 0.244738 0.186891 0.197741
threshold=0.1177214780063528 -0.11075844994962133 -0.13649611288576452 0.067940689221170317 1.0108333990256992 -0.099035753438387483
decision_type=2 2 2 2 2 2
left_child=1 -1 3 4 5 -3
right_child=-2 2 -4 -5 -6 -7
leaf_value=-0.00063650712234884419 0.0012753227866321678 -0.0017386852231145496 0.0002877541581709963 0.00073218641379981322 -0.0014915330130223635 0.00018257025196517478
leaf_weight=432.19771666562883 113.9788515609107 51.015980632975698 1227.8811714799376 127.03493257734226 163.99912739545107 222.79756873997394
leaf_count=6950 1184 908 13709 1316 938 3572
internal_value=4.29158e-06 -6.6236e-05 7.40153e-05 -0.000387539 -0.000721532 -0.00022404
internal_weight=2338.91 2224.93 1792.73 564.848 437.813 273.814
internal_count=28577 27393 20443 6734 5418 4480
is_linear=0
shrinkage=0.03


Tree=150
num_leaves=7
num_cat=0
split_feature=3 5 10 12 12 5
split_gain=0.186429 0.151357 0.150253 0.204377 0.165385 0.148637
threshold=-0.27975890772280637 -0.15397782524518244 -0.043339258656981482 1.1162892308336962 0.18196415919755229 -0.091587101343490948
decision_type=2 2 2 2 2 2
left_child=2 -2 4 -4 -1 -3
right_child=1 5 3 -5 -6 -7
leaf_value=-0.0015707244123481887 -0.00080830080840367936 0.0007813878529299988 -0.00050466133827124001 -0.0029025152410998194 0.0015257041491600577 2.165293230634349e-05
leaf_weight=14.752294512290971 160.31005346466554 257.66362240642775 95.406771966227097 42.734336532652378 33.046019921079278 1732.6694036374683
leaf_count=593 2189 3041 1996 244 294 20181
internal_value=-2.99326e-05 5.05503e-05 -0.000915898 -0.0013923 0.00046362 0.000123421
internal_weight=2336.58 2150.64 185.939 138.141 47.7983 1990.33
internal_count=28538 25411 3127 2240 887 23222
is_linear=0
shrinkage=0.03


Tree=151
num_leaves=7
num_cat=0
split_feature=11 2 3 11 3 12
split_gain=0.177578 0.205289 0.150648 0.186988 0.175445 0.167704
threshold=0.12407294994155564 -0.10011530365952806 -0.27272324271755594 0.011577124948759275 -0.25521930980256785 1.3087276661447869
decision_type=2 2 2 2 2 2
left_child=2 -2 3 -1 -4 -5
right_child=1 -3 4 5 -6 -7
leaf_value=-4.9758766723924436e-05 -0.00097167186914266313 0.0020197731379977871 0.0019877735463527699 -0.00080926219874931534 4.5095659615613087e-05 -0.004064196634102798
leaf_weight=123.0166546299879 21.082420522521716 69.64137717988342 32.738561146543361 52.281647392665036 2022.2135334039922 14.14318788051605
leaf_count=2085 250 702 550 1109 23768 78
internal_value=6.48627e-05 0.00129717 9.51697e-06 -0.00077789 8.55219e-05 -0.00194341
internal_weight=2335.12 90.7238 2244.39 189.441 2054.95 66.4248
internal_count=28542 952 27590 3272 24318 1187
is_linear=0
shrinkage=0.03


Tree=152
num_leaves=7
num_cat=0
split_feature=5 7 7 11 11 4
split_gain=0.20431 0.200021 0.210701 0.164966 0.223709 0.298676
threshold=-0.16518601690593379 -0.028444288133846592 0.036758681349059373 0.12407294994155564 0.071755107311458163 -0.15915648616274267
decision_type=2 2 2 2 2 2
left_child=1 -1 -3 4 -2 -6
right_child=3 2 -4 -5 5 -7
leaf_value=0.00044711240114054705 9.8190281346678153e-05 -0.0029583148751897662 -0.00022060393833293163 0.0012220292229795111 -0.0027301622852260784 -0.00023220643133890808
leaf_weight=48.202969495265279 1875.8544691576972 51.168462312896736 46.108313155826181 92.893438400933519 49.390346736763604 164.87395008571912
leaf_count=988 22869 671 514 975 636 1867
internal_value=-2.52944e-05 -0.00107609 -0.00180219 4.93199e-05 -8.37075e-06 -0.000904077
internal_weight=2328.49 145.48 97.2768 2183.01 2090.12 214.264
internal_count=28520 2173 1185 26347 25372 2503
is_linear=0
shrinkage=0.03


Tree=153
num_leaves=7
num_cat=0
split_feature=9 12 13 10 10 7
split_gain=0.20741 0.190068 0.207527 0.167072 0.195718 0.191417
threshold=0.012424429753408845 -0.24795873908838992 2.3502401828962087 -0.038778416572209783 -0.04427795541520798 0.050733549957101408
decision_type=2 2 2 2 2 2
left_child=-1 2 -2 4 -3 -5
right_child=1 3 -4 5 -6 -7
leaf_value=-0.00031944482813347222 0.0023081504155545297 -0.00020979028145560208 -0.00027606427824853925 -1.721180148859127e-05 -0.0026039823132307576 0.00093499603996135216
leaf_weight=1171.8915514344117 66.82340594829293 222.65533586777747 40.917246783035807 532.7804960180074 26.086751578375697 285.01839439384639
leaf_count=15980 2072 1945 1826 4496 211 2061
internal_value=-3.84373e-05 0.000242328 0.00138664 0.000114924 -0.000551816 0.000321937
internal_weight=2346.17 1174.28 107.741 1066.54 248.742 817.799
internal_count=28591 12611 3898 8713 2156 6557
is_linear=0
shrinkage=0.03


Tree=154
num_leaves=7
num_cat=0
split_feature=12 13 7 5 9 5
split_gain=0.149084 0.237801 0.187175 0.181549 0.172657 0.184241
threshold=0.30276280311659326 2.249904835165133 0.036758681349059373 1.0000000180025095e-35 0.19532017557108519 0.060935291596348924
decision_type=2 2 2 2 2 2
left_child=1 2 -1 -3 5 -2
right_child=4 3 -4 -5 -6 -7
leaf_value=0.00046756671053044518 -9.3374684553719039e-05 -0.00045540251087270502 0.0020879046242934206 0.0011826264647025167 0.0015303654815104041 -0.0012789088238863322
leaf_weight=202.4364726592903 1521.2032514512539 287.77758546036785 89.989824507152662 66.63906173693249 44.551423281431198 118.11399386823177
leaf_count=4210 11066 8868 1465 1743 309 809
internal_value=1.69974e-05 0.000400589 0.00101875 -0.000123412 -0.000131851 -0.00018603
internal_weight=2330.71 646.843 292.426 354.417 1683.87 1639.32
internal_count=28470 16286 5675 10611 12184 11875
is_linear=0
shrinkage=0.03


Tree=155
num_leaves=7
num_cat=0
split_feature=2 3 10 2 6 3
split_gain=0.21237 0.225772 0.167328 0.171809 0.196343 0.198054
threshold=0.19500637415892505 -0.057554364723650338 -0.064840655093339875 -0.16720422685739017 0.23992680712270581 -0.27975890772280637
decision_type=2 2 2 2 2 2
left_child=1 2 3 -1 5 -5
right_child=-2 -3 -4 4 -6 -7
leaf_value=0.0003449905514695284 0.0025390559960020184 0.00054356579720908453 -5.1704036094173418e-05 0.0010535132885740827 0.00097624565626718452 -0.0019649598925893788
leaf_weight=74.359519370424096 19.577615899965167 493.99520601786207 1560.359185276262 15.861233011644797 23.222731856745668 155.94061321287882
leaf_count=1465 214 5271 19184 243 237 1962
internal_value=1.29924e-05 -1.90784e-05 -0.00017311 -0.000849314 -0.0012993 -0.00164367
internal_weight=2343.32 2323.74 1829.74 269.384 195.025 171.802
internal_count=28576 28362 23091 3907 2442 2205
is_linear=0
shrinkage=0.03


Tree=156
num_leaves=7
num_cat=0
split_feature=12 4 14 0 3 5
split_gain=0.179582 0.21446 0.212983 0.196051 0.194741 0.15449
threshold=1.821965744969982 -0.070507119307440067 0.44991690487052644 0.13646296916613468 -0.063284192030701139 1.0000000180025095e-35
decision_type=2 2 2 2 2 2
left_child=2 -2 3 4 -1 -6
right_child=1 -3 -4 -5 5 -7
leaf_value=-0.00045141586589396069 0.001345580771840641 -0.00056307026465588904 -0.0028314566790363866 0.00043813867219349219 1.1027546032653879e-05 0.0014958526185736393
leaf_weight=1306.4952104037511 146.85141030699015 73.110195815563202 16.71321727335453 421.21765757113462 307.91460825159447 69.35862376075238
leaf_count=18497 666 332 69 4596 3713 718
internal_value=-8.27147e-05 0.00071429 -0.000168305 -0.000133873 -0.000278711 0.000315577
internal_weight=2341.66 219.962 2121.7 2104.99 1683.77 377.273
internal_count=28591 998 27593 27524 22928 4431
is_linear=0
shrinkage=0.03


Tree=157
num_leaves=7
num_cat=0
split_feature=6 9 13 2 5 14
split_gain=0.212638 0.175945 0.251518 0.151904 0.293689 0.390142
threshold=0.5158283372187884 0.19532017557108519 2.4414009612931857 -0.005953549400192674 0.0068280281555755324 0.37914029185197939
decision_type=2 2 2 2 2 2
left_child=1 3 -3 4 -1 -6
right_child=-2 2 -4 -5 5 -7
leaf_value=-9.3825065964395449e-05 0.0019421581124860264 0.0026498863169176581 -0.00098982510343133224 -0.00057851914105772572 0.0012051376340009245 -0.0019280437836553786
leaf_weight=1525.3682954582328 43.106598914135247 40.65659951698035 19.340219179051928 361.75852232903708 308.26872997329338 31.250229939818382
leaf_count=19401 427 487 258 4423 3485 130
internal_value=6.54916e-05 2.18112e-05 0.00150282 -2.46351e-05 8.53221e-05 0.000869839
internal_weight=2329.75 2286.64 59.9968 2226.65 1864.89 339.519
internal_count=28611 28184 745 27439 23016 3615
is_linear=0
shrinkage=0.03


Tree=158
num_leaves=7
num_cat=0
split_feature=9 2 14 11 2 2
split_gain=0.208894 0.237416 0.138025 0.193907 0.139502 0.243593
threshold=0.19532017557108519 0.19500637415892505 0.37914029185197939 0.016944888121725701 -0.023710074194731059 -0.034847104125325205
decision_type=2 2 2 2 2 2
left_child=1 2 4 -4 5 -1
right_child=-2 -3 3 -5 -6 -7
leaf_value=4.8844512411877708e-05 0.001609576528707095 0.0027698603410999277 -0.0016815535096127879 0.00034440411961696453 -0.00049247337537393202 0.0018361041452603971
leaf_weight=1630.9238506281399 62.235565322218463 16.957814723020419 95.534277066588402 66.346306934952736 399.28249263670295 61.681074500549585
leaf_count=21106 767 188 397 276 5019 674
internal_value=2.13293e-05 -2.90674e-05 -6.22697e-05 -0.000879492 4.85436e-06 0.000124377
internal_weight=2332.96 2270.73 2253.77 161.881 2091.89 1692.6
internal_count=28427 27660 27472 673 26799 21780
is_linear=0
shrinkage=0.03


Tree=159
num_leaves=7
num_cat=0
split_feature=11 9 2 9 2 2
split_gain=0.205042 0.182637 0.17126 0.138329 0.232227 0.141384
threshold=0.12407294994155564 0.19532017557108519 -0.10011530365952806 -0.065501641183554213 0.070853757024241945 -0.016829323599976576
decision_type=2 2 2 2 2 2
left_child=1 3 -2 4 5 -1
right_child=2 -3 -4 -5 -6 -7
leaf_value=-0.00057119479634697948 -0.00079063997969148049 0.0014103844729545212 0.0019032379049969187 -4.1274174560645722e-05 0.0018549499379131398 -0.0021650498339206314
leaf_weight=292.04474313091487 22.308933369931765 59.669636697683018 72.537482163519599 1811.4579306558589 21.142027866502758 54.308400127338246
leaf_count=4774 259 748 718 20959 268 800
internal_value=-4.24007e-05 -0.000102689 0.00125463 -0.000150378 -0.000672831 -0.000874855
internal_weight=2333.47 2238.62 94.8464 2178.95 367.495 346.353
internal_count=28526 27549 977 26801 5842 5574
is_linear=0
shrinkage=0.03


Tree=160
num_leaves=7
num_cat=0
split_feature=6 6 3 6 7 12
split_gain=0.188475 0.148256 0.18469 0.171576 0.162674 0.195552
threshold=0.21549124010164603 0.15722577460803192 -0.34272536983269475 0.021526768381309749 0.025245931104351724 0.31203033159017673
decision_type=2 2 2 2 2 2
left_child=1 2 3 -1 -3 -6
right_child=-2 4 -4 -5 5 -7
leaf_value=-0.0024484131402374293 0.00064109666755293845 0.00080021876569793388 8.4641824889333114e-05 0.00058515804183180203 0.0005781821388316351 -0.0018557428100102469
leaf_weight=39.866434856841806 404.2134478551452 35.525257885106839 1693.2490426186414 20.378032725304365 34.038998743810225 111.65961777791381
leaf_count=794 4044 448 21415 353 723 770
internal_value=6.025e-05 -6.37768e-05 2.25963e-05 -0.00148507 -0.000856986 -0.0012865
internal_weight=2338.93 1934.72 1753.49 60.2445 181.224 145.699
internal_count=28547 24503 22562 1147 1941 1493
is_linear=0
shrinkage=0.03


Tree=161
num_leaves=7
num_cat=0
split_feature=2 2 11 4 5 11
split_gain=0.148603 0.177431 0.221662 0.244425 0.218259 0.18388
threshold=-0.17764391288663206 -0.005953549400192674 0.025744323805563362 -0.13251730815675486 -0.0070976237963942855 0.015158086242729287
decision_type=2 2 2 2 2 2
left_child=-1 2 5 4 -4 -2
right_child=1 -3 3 -5 -6 -7
leaf_value=-0.00047079426248786593 0.00016093496885203105 -0.00043769844874404852 0.0016825387716563017 0.0012794936720175059 -0.00062043524015067671 -0.0011262671851503521
leaf_weight=445.30662553347065 893.3530186652788 380.81861468637362 38.51712978433352 317.46627644851105 146.73165999387857 102.30033681396162
leaf_count=7577 9758 4597 431 3316 1658 1094
internal_value=1.57917e-05 0.000132979 0.000279959 0.000786755 -7.99487e-05 1.87947e-05
internal_weight=2324.49 1879.19 1498.37 502.715 185.249 995.653
internal_count=28431 20854 16257 5405 2089 10852
is_linear=0
shrinkage=0.03


Tree=162
num_leaves=7
num_cat=0
split_feature=1 10 5 7 2 2
split_gain=0.166654 0.131111 0.124682 0.191109 0.144756 0.173382
threshold=0.18475683102300966 -0.14822684577637127 -0.16741672235756555 -0.028444288133846592 -0.010400784276198564 -0.10302384590859938
decision_type=2 2 2 2 2 2
left_child=1 -1 3 -3 5 -4
right_child=-2 2 4 -5 -6 -7
leaf_value=0.0016354102037210252 0.001733364561796655 0.00056332726372375407 -0.00017928875445972519 -0.0016903361559872164 -0.00056202607017032363 0.00042071749595211459
leaf_weight=29.994083760713693 37.168476897641085 45.166841084079351 1009.691883171472 89.767865239176899 380.59815707377857 744.40788547010743
leaf_count=466 356 911 13213 1101 4652 7919
internal_value=-3.21078e-05 -6.80242e-05 -9.7611e-05 -0.000949146 -3.96107e-05 7.62844e-05
internal_weight=2336.8 2299.63 2269.63 134.935 2134.7 1754.1
internal_count=28618 28262 27796 2012 25784 21132
is_linear=0
shrinkage=0.03


Tree=163
num_leaves=7
num_cat=0
split_feature=14 9 14 13 14 6
split_gain=0.161446 0.296235 0.26084 0.173858 0.193774 0.164955
threshold=0.10408937126195171 -0.021939361610249373 0.098001107761640574 2.4414009612931857 0.22627097437720053 0.15131630395016138
decision_type=2 2 2 2 2 2
left_child=1 -1 -3 5 -5 -2
right_child=3 2 -4 4 -6 -7
leaf_value=-0.00037277791583228856 -0.00010480748609818582 0.00057877899623630619 0.00289422891283358 -1.9521155915617682e-05 0.0015153118957620757 -0.00088458456051646701
leaf_weight=290.28621288549039 898.95557088404894 440.72984853948583 40.035704955458641 248.64501928538084 95.268543601036072 326.92212326079607
leaf_count=7716 5937 10087 424 1977 470 1938
internal_value=2.33584e-05 0.000376092 0.000826643 -0.000151182 0.00043645 -0.000318237
internal_weight=2340.84 771.052 480.766 1569.79 343.914 1225.88
internal_count=28549 18227 10511 10322 2447 7875
is_linear=0
shrinkage=0.03


Tree=164
num_leaves=7
num_cat=0
split_feature=0 14 2 1 7 8
split_gain=0.183086 0.19268 0.186401 0.185738 0.209155 0.180603
threshold=-0.029033186183029438 0.059054425771793852 -0.29246186819393877 -0.0069524163793502174 0.036758681349059373 -0.028176270886307721
decision_type=2 2 2 2 2 2
left_child=1 5 -2 4 -3 -1
right_child=2 3 -4 -5 -6 -7
leaf_value=-0.00044185800373683376 -0.0013955606983860384 -0.00054213162236601642 0.00030266386618095004 0.00052026964544121975 -0.0025256131335567788 0.0016839610849873649
leaf_weight=60.954337066883454 50.812334050366189 542.05484219267964 1438.1823017173447 122.53534602373838 43.992653924971819 67.427515226387186
leaf_count=2948 1092 4903 15691 961 328 2571
internal_value=3.67222e-05 -0.000316027 0.000235788 -0.000510306 -0.0007309 0.000715652
internal_weight=2325.96 836.965 1488.99 708.583 586.047 128.382
internal_count=28494 11711 16783 6192 5231 5519
is_linear=0
shrinkage=0.03


Tree=165
num_leaves=7
num_cat=0
split_feature=8 12 13 4 8 6
split_gain=0.194995 0.194716 0.225625 0.224595 0.166399 0.127856
threshold=-0.22532880533137303 0.30276280311659326 1.8688348091416842 -0.1025445786797541 0.14754578295408285 -0.26460050515902572
decision_type=2 2 2 2 2 2
left_child=-1 2 3 -2 5 -4
right_child=1 -3 4 -5 -6 -7
leaf_value=-0.0018678451102772727 0.00014751711680277498 -0.00013258558861643281 -0.0010927877534530062 0.0038050710684420209 0.0017398290638388756 0.00028672685541124954
leaf_weight=39.316169898404041 28.201887703267857 1657.4843821693212 59.316058714874089 24.782339170225896 53.733555763668846 467.72171059175162
leaf_count=1237 373 11958 2032 313 1286 11353
internal_value=-1.32501e-06 3.86808e-05 0.000481702 0.00219078 0.000291337 0.00011401
internal_weight=2330.56 2291.24 633.756 52.9842 580.771 527.038
internal_count=28552 27315 15357 686 14671 13385
is_linear=0
shrinkage=0.03


Tree=166
num_leaves=7
num_cat=0
split_feature=6 8 10 10 5 10
split_gain=0.186043 0.17786 0.167614 0.200761 0.364685 0.186738
threshold=0.34687206112964514 -0.030386970261778872 -0.064840655093339875 -0.05773369201586416 -0.01770749477620381 -0.1372730728140247
decision_type=2 2 2 2 2 2
left_child=2 -2 5 4 -4 -1
right_child=1 -3 3 -5 -6 -7
leaf_value=0.00092655224372806212 -0.00095950033422331131 0.0013570489717696793 0.0037871096443851926 -9.6392443937032109e-05 -0.00080341790504783513 -0.0010545733168275198
leaf_weight=42.30773620668333 30.318866085959598 127.93167724402156 22.996429686201736 1815.2085020006634 24.049293339194264 279.46701196773211
leaf_count=663 384 1205 292 21852 327 3897
internal_value=-7.93423e-05 0.000882577 -0.000152746 -4.18378e-05 0.001711 -0.000774014
internal_weight=2342.28 158.251 2184.03 1862.25 47.0457 321.775
internal_count=28620 1589 27031 22471 619 4560
is_linear=0
shrinkage=0.03


Tree=167
num_leaves=7
num_cat=0
split_feature=14 7 0 2 12 0
split_gain=0.163 0.142315 0.17475 0.250242 0.226274 0.197222
threshold=0.027323527842902241 -0.13691885004811477 -0.34270466554965867 -0.050332583575889052 0.42809982723338097 -0.11656588370096797
decision_type=2 2 2 2 2 2
left_child=-1 -2 3 4 -3 -4
right_child=1 2 5 -5 -6 -7
leaf_value=-0.0011996085880915778 -0.0010646818662531329 -0.0001185350841057633 -0.00057370646291062877 -0.0014200288209668568 0.002781629226595955 0.00019140486047296642
leaf_weight=84.285744296561461 84.85734292306006 35.41757170855999 358.72821838594973 19.117982545867562 61.487245306372643 1698.2294343467802
leaf_count=6429 1197 675 3760 222 472 15869
internal_value=2.27207e-05 7.3439e-05 0.000122558 0.00120708 0.00180972 5.58413e-05
internal_weight=2342.12 2257.84 2172.98 116.023 96.9048 2056.96
internal_count=28624 22195 20998 1369 1147 19629
is_linear=0
shrinkage=0.03


Tree=168
num_leaves=7
num_cat=0
split_feature=10 1 14 10 4 1
split_gain=0.181373 0.147752 0.148761 0.142579 0.281487 0.285534
threshold=-0.15525097227573173 0.067554730658393111 0.087770316187334371 0.034444023345312907 -0.06355183508587621 -0.038366232477331431
decision_type=2 2 2 2 2 2
left_child=-1 3 -3 -2 5 -5
right_child=1 2 -4 4 -6 -7
leaf_value=0.0023183716740571708 -0.00027580687576788407 0.0016775199076732267 0.00021085326942787641 -0.00034439048465224312 -0.00011063474857249637 0.0022426628230645305
leaf_weight=20.647714406135492 1356.4405242532666 72.650717588723637 267.31813779473305 55.885194519476499 449.68301555339713 98.013015126693062
leaf_count=328 17498 1502 1687 787 5515 1038
internal_value=2.57399e-05 -4.78894e-06 0.000563255 -0.000105676 0.000274926 0.00133953
internal_weight=2320.64 2299.99 339.969 1960.02 603.581 153.898
internal_count=28355 28027 3189 24838 7340 1825
is_linear=0
shrinkage=0.03


Tree=169
num_leaves=7
num_cat=0
split_feature=9 10 14 12 8 10
split_gain=0.164092 0.133026 0.263426 0.147982 0.227458 0.218224
threshold=0.19532017557108519 -0.1372730728140247 0.15822643308009646 1.0868614387781197 0.015186901049550049 0.062688876409150857
decision_type=2 2 2 2 2 2
left_child=1 2 -1 -3 -5 -6
right_child=-2 3 -4 4 5 -7
leaf_value=-0.00056693251836369997 0.0013581225619609715 4.2838079271443256e-05 0.0035655295435942556 0.00011964170065217133 -0.0012374408237040555 0.00040006603244956411
leaf_weight=25.100438808440231 61.432115412841085 1447.3820653822331 15.780567713081835 334.30982401967049 350.99565400928259 86.708820693194866
leaf_count=546 766 22745 90 1863 1915 465
internal_value=-5.80519e-05 -0.000102355 0.00141549 -0.000136537 -0.00046908 -0.000911362
internal_weight=2321.71 2260.28 40.881 2219.4 772.014 437.704
internal_count=28390 27624 636 26988 4243 2380
is_linear=0
shrinkage=0.03


end of trees

feature_importances:
Column_14=124
Column_8=93
Column_2=89
Column_9=88
Column_0=86
Column_7=84
Column_3=81
Column_6=71
Column_12=68
Column_11=54
Column_5=48
Column_1=45
Column_10=42
Column_13=27
Column_4=20

parameters:
[boosting: gbdt]
[objective: custom]
[metric: custom]
[tree_learner: serial]
[device_type: cpu]
[data_sample_strategy: bagging]
[data: ]
[valid: ]
[num_iterations: 100]
[learning_rate: 0.03]
[num_leaves: 7]
[num_threads: 4]
[seed: 1]
[deterministic: 0]
[force_col_wise: 0]
[force_row_wise: 0]
[histogram_pool_size: -1]
[max_depth: -1]
[min_data_in_leaf: 200]
[min_sum_hessian_in_leaf: 0.001]
[bagging_fraction: 0.8]
[pos_bagging_fraction: 1]
[neg_bagging_fraction: 1]
[bagging_freq: 1]
[bagging_seed: 18467]
[bagging_by_query: 0]
[feature_fraction: 0.7]
[feature_fraction_bynode: 1]
[feature_fraction_seed: 26500]
[extra_trees: 0]
[extra_seed: 15724]
[early_stopping_round: 0]
[early_stopping_min_delta: 0]
[first_metric_only: 0]
[max_delta_step: 0]
[lambda_l1: 0]
[lambda_l2: 10]
[linear_lambda: 0]
[min_gain_to_split: 0]
[drop_rate: 0.1]
[max_drop: 50]
[skip_drop: 0.5]
[xgboost_dart_mode: 0]
[uniform_drop: 0]
[drop_seed: 6334]
[top_rate: 0.2]
[other_rate: 0.1]
[min_data_per_group: 100]
[max_cat_threshold: 32]
[cat_l2: 10]
[cat_smooth: 10]
[max_cat_to_onehot: 4]
[top_k: 20]
[monotone_constraints: ]
[monotone_constraints_method: basic]
[monotone_penalty: 0]
[feature_contri: ]
[forcedsplits_filename: ]
[refit_decay_rate: 0.9]
[cegb_tradeoff: 1]
[cegb_penalty_split: 0]
[cegb_penalty_feature_lazy: ]
[cegb_penalty_feature_coupled: ]
[path_smooth: 0]
[interaction_constraints: ]
[verbosity: -1]
[saved_feature_importance_type: 0]
[use_quantized_grad: 0]
[num_grad_quant_bins: 4]
[quant_train_renew_leaf: 0]
[stochastic_rounding: 1]
[linear_tree: 0]
[max_bin: 255]
[max_bin_by_feature: ]
[min_data_in_bin: 3]
[bin_construct_sample_cnt: 200000]
[data_random_seed: 41]
[is_enable_sparse: 1]
[enable_bundle: 1]
[use_missing: 1]
[zero_as_missing: 0]
[feature_pre_filter: 1]
[pre_partition: 0]
[two_round: 0]
[header: 0]
[label_column: ]
[weight_column: ]
[group_column: ]
[ignore_column: ]
[categorical_feature: ]
[forcedbins_filename: ]
[precise_float_parser: 0]
[parser_config_file: ]
[objective_seed: 19169]
[num_class: 1]
[is_unbalance: 0]
[scale_pos_weight: 1]
[sigmoid: 1]
[boost_from_average: 1]
[reg_sqrt: 0]
[alpha: 0.9]
[fair_c: 1]
[poisson_max_delta_step: 0.7]
[tweedie_variance_power: 1.5]
[lambdarank_truncation_level: 30]
[lambdarank_norm: 1]
[label_gain: ]
[lambdarank_position_bias_regularization: 0]
[eval_at: ]
[multi_error_top_k: 1]
[auc_mu_weights: ]
[num_machines: 1]
[local_listen_port: 12400]
[time_out: 120]
[machine_list_filename: ]
[machines: ]
[gpu_platform_id: -1]
[gpu_device_id: -1]
[gpu_device_id_list: ]
[gpu_use_dp: 0]
[num_gpu: 1]

end of parameters

pandas_categorical:null
