tree
version=v4
num_class=1
num_tree_per_iteration=1
label_index=0
max_feature_idx=14
feature_names=Column_0 Column_1 Column_2 Column_3 Column_4 Column_5 Column_6 Column_7 Column_8 Column_9 Column_10 Column_11 Column_12 Column_13 Column_14
feature_infos=[-1.5:1.1755071446449747] [-0.62643857283473403:0.41202040624134156] [-0.80007723550366727:0.49970102014814038] [-0.7162628525644128:0.4147505510644644] [-0.40665420436981681:0.17303419493623287] [-0.62430499743162371:0.34750422120517666] [-1.3237650590752228:1.1598465301389609] [-0.5738040402017015:0.47140385816988462] [-0.66856100202213165:0.57971812881728879] [-0.594449384260056:0.49805679080878323] [-0.28579341288908838:0.28612285079974381] [-0.55645948330145678:0.36498291890103696] [-4.6526251540794314:3.6319013615840685] [0.69314718055994529:3.1780538303479458] [0.00037720210536682685:0.87807234210800511]
tree_sizes=914 908 912 914 914 916 914 919 915 920 919 920 918 913 921 911 922 921 922 928 919 914 919 920 921 924 921 923 923 916 924 925 926 923 917 921 917 922 921 920 924 922 921 925 927 922 926 922 932 924 923 926 927 928 917 920 926 932 925 925 926 928 928 921 928 920 930 925 930 932 931 928 928 931 920 926 926 928 925 929 926 928 926 928 927 931 925 927 927 925 926 922 925 926 926 923 930 928 929 928 932 929 929 930 927 936 929 929 925 932 928 930 922 920 928 922 938 929 932 927 929 929 926 925 920 936 927 932 926 931 923 936 929 932 936 922 934 925 928 929 932 929 917 930 925 938 926 928 926 926 921 925 924 926 931 930 924 927 926 929 923 934 928 925 932 923 926 925 928 931

Tree=0
num_leaves=7
num_cat=0
split_feature=6 0 6 2 6 9
split_gain=10.5108 4.26697 1.5954 1.46798 1.02353 0.965718
threshold=0.20760159310870324 -0.097722099834158291 0.34687206112964514 -0.10486392083191955 0.050964048857387832 0.013196053749413824
decision_type=2 2 2 2 2 2
left_child=1 5 -2 -3 -5 -1
right_child=2 3 -4 4 -6 -7
leaf_value=-0.0038416381778424553 0.0028332246183459847 -0.00095869347165287045 0.0069551710885251174 5.3578272225123851e-06 0.0022840483989247109 -0.0014903679127960669
leaf_weight=358.60965207277332 251.00586534448666 579.09826109273126 141.6344422972179 381.52937261509942 321.6742239909363 309.30870416387916
leaf_count=5493 2649 7034 1624 4526 3494 3872
internal_value=4.12572e-05 -0.000865749 0.00445592 0.000150811 0.00106513 -0.00279083
internal_weight=2342.86 1950.22 392.64 1282.3 703.204 667.918
internal_count=28692 24419 4273 15054 8020 9365
is_linear=0
shrinkage=0.03


Tree=1
num_leaves=7
num_cat=0
split_feature=7 6 9 12 6 12
split_gain=10.8509 5.05838 1.53964 1.35476 1.0228 1.00937
threshold=-0.0047002594330431257 0.21942293774864222 0.012424429753408845 1.7001217301521037 0.34687206112964514 1.0868614387781197
decision_type=2 2 2 2 2 2
left_child=-1 2 -2 4 -3 -4
right_child=1 3 5 -5 -6 -7
leaf_value=-0.0027086451452295328 -0.00050909479550356003 0.0037319923353666021 0.0026851068343041492 0.00053293841790179384 0.007866051230575051 0.00017440192318175774
leaf_weight=831.26820628959103 577.29899892845424 168.27260427101282 342.51274932382512 60.235134646296501 109.22257056320086 246.25887714326382
leaf_count=11649 7201 1906 4814 282 1375 1346
internal_value=2.30664e-05 0.00154101 0.0005886 0.00471789 0.00557617 0.00165543
internal_weight=2335.07 1503.8 1166.07 337.73 277.495 588.772
internal_count=28573 16924 13361 3563 3281 6160
is_linear=0
shrinkage=0.03


Tree=2
num_leaves=7
num_cat=0
split_feature=7 6 8 14 3 12
split_gain=9.83432 5.17916 2.20076 1.68084 1.36013 1.22023
threshold=-0.011649950872631147 0.21549124010164603 0.16065910807689715 0.26553261454811949 -0.21268118942807104 1.7001217301521037
decision_type=2 2 2 2 2 2
left_child=-1 2 3 4 -2 -3
right_child=1 5 -4 -5 -6 -7
leaf_value=-0.0029427922103977379 -0.0019860839211085068 0.0052051904971009448 0.004222142280815252 -0.00232441914540841 0.0010233525204241085 0.00055385205721046854
leaf_weight=730.94164861523313 154.55218026950024 287.5836737936479 107.59293609845918 229.73433501273394 755.22968647399102 64.284783340990543
leaf_count=10479 2477 3398 1246 1028 9634 296
internal_value=-8.32415e-05 0.00123411 0.00031464 -8.78263e-05 0.00049608 0.0043942
internal_weight=2329.92 1598.98 1247.11 1139.52 909.782 351.868
internal_count=28558 18079 14385 13139 12111 3694
is_linear=0
shrinkage=0.03


Tree=3
num_leaves=7
num_cat=0
split_feature=0 7 6 14 8 14
split_gain=9.87695 4.69731 2.15801 1.68468 1.48191 1.10536
threshold=0.07740270829279107 -0.015406969584955974 0.32977393880202882 0.26553261454811949 0.039057478039538782 0.36350630255901956
decision_type=2 2 2 2 2 2
left_child=1 -1 -2 4 -3 -4
right_child=2 3 5 -5 -6 -7
leaf_value=-0.0031576468754309526 0.0021467195494724017 -0.00034566450520421416 0.0070791099276571031 -0.0022198212536094363 0.002162328020662184 -0.00056692481152247076
leaf_weight=636.47304105421063 447.59309276135173 518.18206034845207 139.38497159443796 218.71980412304401 346.23471157613676 17.604164108633995
leaf_count=9194 4787 7118 1696 980 4620 73
internal_value=2.69297e-05 -0.00113397 0.0032936 7.31889e-05 0.000672131 0.00623911
internal_weight=2324.19 1719.61 604.582 1083.14 864.417 156.989
internal_count=28468 21912 6556 12718 11738 1769
is_linear=0
shrinkage=0.03


Tree=4
num_leaves=7
num_cat=0
split_feature=0 1 0 14 9 9
split_gain=8.88778 4.21401 1.72359 1.53058 1.44813 1.11477
threshold=0.07740270829279107 -0.03345682708031128 0.41759798524215869 0.42119311821946898 0.012424429753408845 0.069345059622072006
decision_type=2 2 2 2 2 2
left_child=1 5 -2 4 -3 -1
right_child=2 3 -4 -5 -6 -7
leaf_value=-0.0034845852526445989 0.0024599952972905958 -0.00075480230727768729 0.0077609545434143253 -0.0046185741568443503 0.001545456549263004 -0.00049734252030037734
leaf_weight=567.90148223779397 542.7797167589888 490.13627664727392 55.43005153699778 48.355621427297592 476.42830642400077 144.15859928389546
leaf_count=8252 5835 6444 675 199 5331 1812
internal_value=-5.05532e-05 -0.00114318 0.00307071 0.000102184 0.000383231 -0.00289507
internal_weight=2325.19 1726.98 598.21 1014.92 966.565 712.06
internal_count=28548 22038 6510 11974 11775 10064
is_linear=0
shrinkage=0.03


Tree=5
num_leaves=7
num_cat=0
split_feature=7 6 8 3 14 14
split_gain=8.8581 3.84912 1.38971 1.28402 1.5956 1.19165
threshold=-0.0040200092569752958 0.21942293774864222 0.15363962459631389 -0.19283871386620724 0.18841795599092334 0.42119311821946898
decision_type=2 2 2 2 2 2
left_child=-1 2 3 -2 -5 -3
right_child=1 5 -4 4 -6 -7
leaf_value=-0.0023876989037717503 -0.0017369604176959575 0.0046746684144093834 0.0036119011355046681 0.0018598358405763813 -0.00082123359543093642 -0.0017677669096427496
leaf_weight=834.83207903330913 220.45296811382286 318.24572209606413 113.81794599752175 491.30715377422166 324.56108289957047 22.990491032600403
leaf_count=11738 3044 3451 1297 7231 1656 95
internal_value=6.99606e-05 0.00145243 0.000607278 0.000245917 0.000796248 0.00420264
internal_weight=2326.21 1491.38 1150.14 1036.32 815.868 341.236
internal_count=28512 16774 13228 11931 8887 3546
is_linear=0
shrinkage=0.03


Tree=6
num_leaves=7
num_cat=0
split_feature=0 7 8 0 14 14
split_gain=8.37329 4.37143 2.03009 1.41011 1.33411 0.821838
threshold=0.13038184039548964 -0.03157287962399264 0.15725297591847093 0.41759798524215869 0.20275038245305546 0.34777674377166068
decision_type=2 2 2 2 2 2
left_child=1 -1 4 5 -3 -2
right_child=3 2 -4 -5 -6 -7
leaf_value=-0.0032399120099244972 0.0031990287436115005 0.00028847772230453089 0.0035363685561914525 0.0076158251254826621 -0.0017864107777615999 -0.0010283626052551946
leaf_weight=534.48888661002275 357.69859746703878 805.2823585353035 118.54604631132679 58.234004337689839 414.88074265420437 41.917289897799492
leaf_count=8025 4113 12152 1381 693 2064 175
internal_value=-8.1495e-05 -0.00097352 -5.13339e-05 0.00351084 -0.000425814 0.00274132
internal_weight=2331.05 1873.2 1338.71 457.85 1220.16 399.616
internal_count=28603 23622 15597 4981 14216 4288
is_linear=0
shrinkage=0.03


Tree=7
num_leaves=7
num_cat=0
split_feature=7 6 14 2 12 9
split_gain=7.70892 4.50608 1.76448 1.83013 0.965788 0.821693
threshold=-0.015406969584955974 0.27472604618711077 0.26042339298837675 -0.12897019485383357 1.6631919807385147 0.013196053749413824
decision_type=2 2 2 2 2 2
left_child=-1 2 3 -2 -3 -5
right_child=1 4 -4 5 -6 -7
leaf_value=-0.0026928157969050908 -0.00065081534111431627 0.0057316887728944754 -0.0015632266896839083 0.00085530654031826627 0.0005867058957380937 0.0029167695818297056
leaf_weight=695.54926806307049 399.3205228173174 188.00985504983691 310.14206739515066 370.10538440500386 42.295498721301556 339.66390308964765
leaf_count=10097 5605 2250 1400 4991 198 4087
internal_value=-6.63043e-05 0.00105075 0.000404517 0.000963822 0.00485055 0.00186865
internal_weight=2345.09 1649.54 1419.23 1109.09 230.305 709.769
internal_count=28628 18531 16083 14683 2448 9078
is_linear=0
shrinkage=0.03


Tree=8
num_leaves=7
num_cat=0
split_feature=6 7 6 9 14 8
split_gain=7.07075 3.24241 1.90185 1.63128 1.00354 0.754689
threshold=0.11046897197016634 -0.029372683029864351 0.35691040724095663 0.012424429753408845 0.26553261454811949 0.16065910807689715
decision_type=2 2 2 2 2 2
left_child=1 -1 -2 5 -5 -3
right_child=2 3 -4 4 -6 -7
leaf_value=-0.0030375351569447212 0.0016104318204762443 -0.0016477160829288192 0.0055178716284351569 0.0016631716709414751 -0.0014788815051356712 0.0023175385795167545
leaf_weight=534.15991737734294 605.17678759939736 504.08603601317736 132.59088471211726 414.54919846984558 108.22444723546505 38.480873020133004
leaf_count=8013 6576 6451 1501 5205 486 468
internal_value=-3.35964e-05 -0.00115338 0.00237707 -0.000189199 0.000997156 -0.00132963
internal_weight=2337.27 1599.5 737.768 1065.34 522.774 542.567
internal_count=28700 20623 8077 12610 5691 6919
is_linear=0
shrinkage=0.03


Tree=9
num_leaves=7
num_cat=0
split_feature=1 1 9 9 8 14
split_gain=5.90307 2.93219 1.26901 1.1138 0.859274 0.842616
threshold=-0.038366232477331431 0.058153509476941652 -0.05008156885698057 0.093945949850240337 0.077824075774908255 0.10510833515100318
decision_type=2 2 2 2 2 2
left_child=3 2 -2 -1 -4 -3
right_child=1 5 4 -5 -6 -7
leaf_value=-0.0026634322378741248 -0.0015290018903623243 0.0055851949989332676 0.00026221832502338049 0.0006755103109388279 0.0022958284787237895 0.0022956147190523789
leaf_weight=636.51449426394538 258.31280858983519 101.43458295351593 707.71780784116709 100.29656200658064 245.7302837902098 272.87640934437513
leaf_count=9284 3607 2090 7842 1289 2728 1708
internal_value=-4.55279e-06 0.00102553 0.000298799 -0.00220597 0.000804726 0.00330919
internal_weight=2322.88 1586.07 1211.76 736.811 953.448 374.311
internal_count=28548 17975 14177 10573 10570 3798
is_linear=0
shrinkage=0.03


Tree=10
num_leaves=7
num_cat=0
split_feature=0 7 3 14 6 8
split_gain=6.84596 3.80044 1.84093 1.44829 1.04336 0.987886
threshold=0.13038184039548964 -0.011649950872631147 -0.21268118942807104 0.28315906168459665 0.32096808687955758 0.039057478039538782
decision_type=2 2 2 2 2 2
left_child=1 -1 -3 5 -2 -4
right_child=4 2 3 -5 -6 -7
leaf_value=-0.0025686296937650413 0.0020376371769343076 -0.0023865418004746547 0.00040211739749512732 -0.0015710046969951074 0.0050842020786344023 0.0025349063480815085
leaf_weight=687.89960328870802 294.01501364575233 192.54035845788894 468.42387233651243 186.56241922080517 167.75302676728461 331.19723112834617
leaf_count=9952 3145 2788 5951 816 1853 4053
internal_value=-1.8504e-06 -0.000813979 0.000223024 0.000751353 0.00322872 0.0013059
internal_weight=2328.39 1866.62 1178.72 986.184 461.768 799.621
internal_count=28558 23560 13608 10820 4998 10004
is_linear=0
shrinkage=0.03


Tree=11
num_leaves=7
num_cat=0
split_feature=1 1 8 9 3 14
split_gain=5.90954 2.53258 1.14751 1.13899 1.05499 0.845591
threshold=0.041602404653948925 -0.03345682708031128 0.15363962459631389 0.035317120129378134 -0.21139707733656152 0.10408937126195171
decision_type=2 2 2 2 2 2
left_child=1 3 4 -1 -3 -2
right_child=5 2 -4 -5 -6 -7
leaf_value=-0.0028304667830135839 0.0050798652271688734 -0.0022586311673646275 0.0032121957768591687 -0.00040190444419930946 0.00035008248910114157 0.0021401945383326668
leaf_weight=508.10990912280977 125.23923114524223 157.64860483497614 94.909889831906185 267.15754400665173 821.99386965448502 349.8379016444087
leaf_count=7658 2594 2327 1152 3335 9256 2191
internal_value=5.51792e-05 -0.0007142 0.000230142 -0.00200936 -8.83045e-05 0.00300389
internal_weight=2324.9 1849.82 1074.55 775.267 979.642 475.077
internal_count=28513 23728 12735 10993 11583 4785
is_linear=0
shrinkage=0.03


Tree=12
num_leaves=7
num_cat=0
split_feature=0 7 8 9 7 14
split_gain=5.59208 2.69844 1.39245 1.35692 1.28611 0.690314
threshold=0.07740270829279107 -0.03395017835340898 0.16065910807689715 0.012424429753408845 0.12757322118775907 0.33555810309142531
decision_type=2 2 2 2 2 2
left_child=1 -1 3 -3 5 -2
right_child=4 2 -4 -5 -6 -7
leaf_value=-0.0027322446572814857 0.0020303146086632184 -0.0014425080361716322 0.0030813737047526699 0.00062914290053717084 0.0048211163712713057 -0.0013633212182894651
leaf_weight=489.68816904554842 408.74915925221285 570.56623054968077 101.73990659817355 549.72889324260177 146.91736487834714 54.839989811182022
leaf_count=7506 4847 7282 1184 5957 1452 230
internal_value=5.15891e-06 -0.000874868 -0.000114453 -0.000429376 0.00244689 0.00160856
internal_weight=2322.23 1711.72 1222.04 1120.3 610.507 463.589
internal_count=28458 21929 14423 13239 6529 5077
is_linear=0
shrinkage=0.03


Tree=13
num_leaves=7
num_cat=0
split_feature=7 7 9 12 2 2
split_gain=6.06756 2.23911 1.24648 1.22178 1.06129 0.686283
threshold=0.046957292169728999 -0.03157287962399264 0.036967215486750596 1.4854683046317909 -0.10486392083191955 0.074802766540196727
decision_type=2 2 2 2 2 2
left_child=1 -1 5 4 -2 -3
right_child=3 2 -4 -5 -6 -7
leaf_value=-0.002509470814297133 0.001363780816507059 -0.001151692226241566 0.0012001466809531934 0.00012258791016774928 0.0040869467537790749 0.0031041335930309328
leaf_weight=547.07540669036098 233.68742359802127 630.49829547398258 379.60508621099871 176.71247746050358 322.51844302966492 26.551472884253599
leaf_count=8359 2946 7956 4120 854 3865 357
internal_value=6.86105e-05 -0.000975433 -0.000149632 0.0023074 0.00298711 -0.000935757
internal_weight=2316.65 1583.73 1036.65 732.918 556.206 657.05
internal_count=28457 20792 12433 7665 6811 8313
is_linear=0
shrinkage=0.03


Tree=14
num_leaves=7
num_cat=0
split_feature=6 7 8 3 14 14
split_gain=5.60222 3.04686 1.58208 1.20063 1.23646 1.09985
threshold=0.21549124010164603 -0.015406969584955974 0.16065910807689715 -0.21139707733656152 0.25591504874855525 0.34777674377166068
decision_type=2 2 2 2 2 2
left_child=1 -1 3 -3 -5 -2
right_child=5 2 -4 4 -6 -7
leaf_value=-0.0022306604102479673 0.0038893835004432621 -0.0022032052821819338 0.0035253560709667653 0.00092511698201296413 -0.0015710909945783013 -0.0010537484119795516
leaf_weight=665.13232897545095 338.96117395086912 189.28759308473673 110.87720755778719 759.39641625236254 222.90532828867435 41.598324462771416
leaf_count=9774 3880 2721 1261 9726 1012 173
internal_value=5.55186e-05 -0.000599235 0.000257593 -7.88813e-05 0.000348549 0.00333591
internal_weight=2328.16 1947.6 1282.47 1171.59 982.302 380.559
internal_count=28547 24494 14720 13459 10738 4053
is_linear=0
shrinkage=0.03


Tree=15
num_leaves=7
num_cat=0
split_feature=0 1 8 6 14 3
split_gain=5.65598 2.73696 1.03956 0.968062 0.977724 0.8
threshold=0.096237120652306066 -0.03345682708031128 0.12161911913394681 0.34687206112964514 0.33555810309142531 -0.222517833400488
decision_type=2 2 2 2 2 2
left_child=1 -1 5 -2 -5 -3
right_child=3 2 -4 4 -6 -7
leaf_value=-0.0022680138935257557 0.0017933090447399757 -0.0023726545046717316 0.0022878071361976059 0.0056067120672072986 -0.0011429557289065536 0.0001002722880340585
leaf_weight=709.79889435178484 412.078400412458 128.69115745753516 158.93736550246831 123.28919823170872 19.035995066165924 774.5957613781211
leaf_count=10102 4345 1918 1860 1497 79 8715
internal_value=-1.08569e-05 -0.000839726 0.000126935 0.00260637 0.00468818 -0.000274167
internal_weight=2326.43 1772.02 1062.22 554.404 142.325 903.287
internal_count=28516 22595 12493 5921 1576 10633
is_linear=0
shrinkage=0.03


Tree=16
num_leaves=7
num_cat=0
split_feature=0 1 0 8 9 9
split_gain=5.26988 2.32026 1.37409 0.845138 0.81085 0.751347
threshold=0.037267815895817187 -0.012639221018461247 0.41759798524215869 -0.0767915790622372 -0.035541498539396733 0.0083816976906488667
decision_type=2 2 2 2 2 2
left_child=1 5 4 -3 -2 -1
right_child=2 3 -4 -5 -6 -7
leaf_value=-0.0029728898288726396 -2.7398351935672503e-05 -0.0022503973049632568 0.0062263818179495757 0.00060361293476351259 0.0022973992754401311 -0.0010762557424817819
leaf_weight=394.04054794477997 181.72069571557222 97.61195945716463 58.544851221493445 699.84298261377262 512.83727143437136 384.66215970128542
leaf_count=6113 2206 1554 687 8134 5078 4777
internal_value=7.82618e-05 -0.000907618 0.00212645 0.000230726 0.00169739 -0.00206152
internal_weight=2329.26 1576.16 753.103 797.455 694.558 778.703
internal_count=28549 20578 7971 9688 7284 10890
is_linear=0
shrinkage=0.03


Tree=17
num_leaves=7
num_cat=0
split_feature=0 1 0 3 14 8
split_gain=5.22316 2.28869 1.12905 0.962984 0.844527 0.874627
threshold=0.10882954714111859 -0.03345682708031128 0.41759798524215869 -0.21268118942807104 0.42119311821946898 0.077824075774908255
decision_type=2 2 2 2 2 2
left_child=1 -1 -2 -3 5 -5
right_child=2 3 -4 4 -6 -7
leaf_value=-0.0020769414747552344 0.0020436056294855101 -0.0019180218028271182 0.0063493945561839561 0.0001340951283264657 -0.0030878435672399398 0.0022641450227882166
leaf_weight=712.3483508551144 458.52219318202697 168.88110330310883 56.807252150843851 648.40782978283823 46.312876038253307 227.57989609963261
leaf_count=10198 4864 2500 666 7454 191 2600
internal_value=-4.03358e-06 -0.000767042 0.00263008 9.91856e-05 0.000485165 0.000706787
internal_weight=2318.86 1803.53 515.329 1091.18 922.301 875.988
internal_count=28473 22943 5530 12745 10245 10054
is_linear=0
shrinkage=0.03


Tree=18
num_leaves=7
num_cat=0
split_feature=0 7 8 7 14 5
split_gain=5.60284 1.65867 1.39232 1.11294 1.08002 0.795609
threshold=0.041916807349672187 -0.0053612875250540594 0.16065910807689715 0.12757322118775907 0.26553261454811949 0.0059222193178511398
decision_type=2 2 2 2 2 2
left_child=1 -1 4 -2 5 -3
right_child=3 2 -4 -5 -6 -7
leaf_value=-0.0021145329728841809 0.0014347123122680314 -0.00049100577940810141 0.0033479545967535027 0.0042401649908115025 -0.0026895697978660833 0.0022091259241975585
leaf_weight=712.087309840339 558.17098434153013 535.82318048996967 80.924372685956769 163.47002180735581 160.54120817780495 109.76371794182342
leaf_count=10209 6065 7557 950 1597 724 1339
internal_value=-5.74378e-05 -0.00104688 -0.000175799 0.00211949 -0.000566224 -5.23074e-06
internal_weight=2320.78 1599.14 887.052 721.641 806.128 645.587
internal_count=28441 20779 10570 7662 9620 8896
is_linear=0
shrinkage=0.03


Tree=19
num_leaves=7
num_cat=0
split_feature=7 0 14 3 5 2
split_gain=4.36984 2.37423 1.49209 0.985832 0.842567 0.531957
threshold=-0.011649950872631147 0.18503127228202323 0.26553261454811949 -0.21268118942807104 0.0059222193178511398 -0.086931709463865303
decision_type=2 2 2 2 2 2
left_child=-1 2 3 5 -5 -2
right_child=1 -3 -4 4 -6 -7
leaf_value=-0.0019098552447464339 -0.0025308046656587284 0.0031549922780711621 -0.0016455426906587009 0.00073879726539728653 0.0030504970301939351 0.00069775466166267222
leaf_weight=726.29849525378086 99.376944266667124 318.40149065700825 270.91926258802414 681.57871716900263 173.03445812221617 73.146711806009989
leaf_count=10572 1672 3312 1212 8690 2039 1138
internal_value=7.69431e-06 0.000875723 0.000296793 0.000820033 0.00123672 -0.00119873
internal_weight=2342.76 1616.46 1298.06 1027.14 854.613 172.524
internal_count=28635 18063 14751 13539 10729 2810
is_linear=0
shrinkage=0.03


Tree=20
num_leaves=7
num_cat=0
split_feature=7 7 14 9 3 8
split_gain=4.17587 1.61938 1.18481 0.90049 0.591171 0.563851
threshold=0.052572506262060677 -0.03157287962399264 0.27746652506209141 0.029146610560753242 -0.24161051051102991 0.15363962459631389
decision_type=2 2 2 2 2 2
left_child=1 -1 4 5 -2 -3
right_child=2 3 -4 -5 -6 -7
leaf_value=-0.0020867588967776736 -0.00012193035953895695 -0.0010440448806149111 -0.00030934648841548601 0.00093576014938806843 0.0030066551764786754 0.0022246313937057975
leaf_weight=542.91885189936147 60.35250966635067 606.49449408400687 153.06306214630604 443.83435927488608 475.51004138420103 42.156602197908796
leaf_count=8390 938 7714 670 4794 5485 545
internal_value=6.1685e-05 -0.000763792 0.00200413 -9.33696e-05 0.00265851 -0.000801059
internal_weight=2324.33 1635.4 688.926 1092.49 535.863 648.651
internal_count=28536 21443 7093 13053 6423 8259
is_linear=0
shrinkage=0.03


Tree=21
num_leaves=7
num_cat=0
split_feature=0 7 2 0 9 11
split_gain=4.03916 2.18457 1.25624 1.0945 0.745492 0.591584
threshold=0.10882954714111859 -0.03157287962399264 -0.10719071940227232 0.43439375533509822 0.13785477038677796 0.09138317912268519
decision_type=2 2 2 2 2 2
left_child=1 -1 -3 -2 5 -4
right_child=3 2 4 -5 -6 -7
leaf_value=-0.002350693399779928 0.0017156705441888052 -0.0010881107339027717 9.8338851192654073e-05 0.006019093685208715 0.0035608960835859867 0.0028159724283052462
leaf_weight=513.92900866514537 464.32461821014294 575.17527269312995 577.11089199903654 53.379054320626892 67.673920674133115 72.516623308300041
leaf_count=7925 4945 6967 6562 608 743 772
internal_value=-4.55735e-05 -0.000716604 -5.37794e-05 0.00226504 0.000779167 0.000439794
internal_weight=2324.11 1806.41 1292.48 517.704 717.301 649.628
internal_count=28522 22969 15044 5553 8077 7334
is_linear=0
shrinkage=0.03


Tree=22
num_leaves=7
num_cat=0
split_feature=6 6 2 14 6 5
split_gain=3.58898 1.75205 1.09914 1.19296 0.720071 0.698232
threshold=0.21549124010164603 -0.067519127154617178 -0.10944216773343651 0.34777674377166068 0.33794644038174432 0.0059222193178511398
decision_type=2 2 2 2 2 2
left_child=1 -1 -3 5 -2 -4
right_child=4 2 3 -5 -6 -7
leaf_value=-0.0018228943129190338 0.0014424571722350108 -0.00085284471915211097 0.00070613885756691584 -0.0024558927108464519 0.0041391231993537191 0.0029455024642861065
leaf_weight=610.56395991434692 226.44628318562172 591.32542383408872 507.46731299313251 77.387139104306698 158.51421186176594 161.01670535118319
leaf_count=8909 2337 7252 6301 324 1689 1770
internal_value=2.09267e-05 -0.000505444 0.000105169 0.000865915 0.00262954 0.00128099
internal_weight=2332.72 1947.76 1337.2 745.871 384.96 668.484
internal_count=28582 24556 15647 8395 4026 8071
is_linear=0
shrinkage=0.03


Tree=23
num_leaves=7
num_cat=0
split_feature=6 1 6 14 3 3
split_gain=3.98376 1.56674 1.25037 0.778407 0.760538 0.679797
threshold=0.10197921733189015 -0.0080161763223423211 0.32096808687955758 0.33555810309142531 -0.050178086387154298 -0.060599688197083945
decision_type=2 2 2 2 2 2
left_child=1 5 4 -4 -2 -1
right_child=2 -3 3 -5 -6 -7
leaf_value=-0.0021696685913806949 0.00054843268897651967 0.0001186200261523499 0.0046017727187171792 -0.00089724043376301324 0.0032882738279355686 0.0001183579481507609
leaf_weight=664.60522800375475 506.80933102569543 758.35636680026073 156.53719355980866 23.492077708244324 102.88130597863346 140.14612758130534
leaf_count=9564 5552 8941 1834 98 1036 1729
internal_value=1.53119e-05 -0.000861197 0.00173928 0.00387475 0.00105637 -0.00177465
internal_weight=2352.83 1563.11 789.72 180.029 609.691 804.751
internal_count=28754 20234 8520 1932 6588 11293
is_linear=0
shrinkage=0.03


Tree=24
num_leaves=7
num_cat=0
split_feature=7 0 14 3 9 8
split_gain=2.99304 1.27213 1.29725 1.18516 0.817112 0.714126
threshold=-0.0053612875250540594 0.43439375533509822 0.34777674377166068 -0.21268118942807104 0.076383086183208951 0.039057478039538782
decision_type=2 2 2 2 2 2
left_child=4 2 3 -2 -1 -5
right_child=1 -3 -4 5 -6 -7
leaf_value=-0.0019615510545722315 -0.0011228053764216742 0.0049527027092424875 -0.0019751701262496445 0.00058453118293030903 0.00043968728803856123 0.0021166318204705343
leaf_weight=644.58537182441796 215.88440450897906 52.486142377136275 151.4721160903573 631.2678166522528 154.3794133613701 488.82396355859237
leaf_count=9613 3172 601 633 7283 1936 5377
internal_value=-1.87931e-05 0.000753312 0.000573047 0.000874491 -0.00149787 0.00126597
internal_weight=2338.9 1539.93 1487.45 1335.98 798.965 1120.09
internal_count=28615 17066 16465 15832 11549 12660
is_linear=0
shrinkage=0.03


Tree=25
num_leaves=7
num_cat=0
split_feature=0 9 2 12 14 14
split_gain=3.08378 1.86357 0.918627 0.877327 0.752593 0.724216
threshold=0.13646296916613468 0.012424429753408845 -0.10190067941009526 1.0868614387781197 0.34777674377166068 0.19370777694630101
decision_type=2 2 2 2 2 2
left_child=1 2 -1 -3 -2 -4
right_child=4 3 5 -5 -6 -7
leaf_value=-0.0023720876418168082 0.002556575895903271 0.0011142068886617464 0.00035781257143259883 -0.00077384852896996619 -0.0011519574958262127 -0.0021115464464252689
leaf_weight=501.52011107225553 409.95506518171169 562.98165785975289 300.95728273448185 352.19445163011551 50.003329947590828 153.83390614390373
leaf_count=7613 4635 8517 4921 1938 208 784
internal_value=-3.64676e-05 -0.000579282 -0.00149853 0.000387101 0.00213748 -0.000504912
internal_weight=2331.45 1871.49 956.311 915.176 459.958 454.791
internal_count=28616 23773 13318 10455 4843 5705
is_linear=0
shrinkage=0.03


Tree=26
num_leaves=7
num_cat=0
split_feature=0 7 12 8 8 10
split_gain=3.41597 1.61549 0.963297 1.09833 0.810843 0.5502
threshold=0.13346248237051198 -0.0040200092569752958 1.0868614387781197 0.034199706900659592 0.11344940039727215 0.0039367825339071622
decision_type=2 2 2 2 2 2
left_child=1 -1 3 -3 -2 -4
right_child=4 2 5 -5 -6 -7
leaf_value=-0.0016251662166489628 0.0015145360598202765 -0.00019111181843505019 -0.002120961012966543 0.0022266237330039662 0.004519468825411127 4.0394335993716099e-05
leaf_weight=778.33720268955221 355.5014006375568 390.6215585214959 188.59739922732115 286.28161523910239 103.17727671441389 226.56233330070972
leaf_count=11217 3794 5977 1030 4311 1081 1242
internal_value=-1.90802e-05 -0.000590138 0.000155601 0.000848947 0.00227249 -0.000968252
internal_weight=2329.08 1870.4 1092.06 676.903 458.679 415.16
internal_count=28652 23777 12560 10288 4875 2272
is_linear=0
shrinkage=0.03


Tree=27
num_leaves=7
num_cat=0
split_feature=7 9 0 12 3 5
split_gain=3.33983 1.23457 0.886724 0.875078 0.757603 0.671863
threshold=0.050733549957101408 0.076383086183208951 -0.097722099834158291 0.4898223704229579 -0.20718500915557855 0.0059222193178511398
decision_type=2 2 2 2 2 2
left_child=1 2 -1 -2 -5 -3
right_child=3 5 -4 4 -6 -7
leaf_value=-0.0021964880192112965 0.0033038566846678181 0.00017329599665442071 -0.0005644976460709827 -0.0015891691262964768 0.0014830222744076768 0.00349262376635762
leaf_weight=478.19628773984732 205.42193276039325 284.04665513063082 801.94888693327084 78.050306309014559 425.81466518342495 58.378864077385515
leaf_count=7282 4046 3349 10064 523 2692 604
internal_value=-9.71987e-06 -0.000760078 -0.00118643 0.00169351 0.000985465 0.000822241
internal_weight=2331.86 1622.57 1280.15 709.287 503.865 342.426
internal_count=28560 21299 17346 7261 3215 3953
is_linear=0
shrinkage=0.03


Tree=28
num_leaves=7
num_cat=0
split_feature=7 2 6 9 12 11
split_gain=2.50457 1.3453 0.943557 0.90322 0.790561 0.539186
threshold=-0.015406969584955974 -0.10486392083191955 0.26281032848769542 -0.016271993802675366 1.0868614387781197 0.081167015444044213
decision_type=2 2 2 2 2 2
left_child=-1 3 4 -2 -3 -6
right_child=1 2 -4 -5 5 -7
leaf_value=-0.0014013267949181364 -0.0016329854313694289 0.0017799083361463134 0.0035917268433098529 0.00056806279770064256 -0.00078138477949871762 0.002410309769841744
leaf_weight=674.80121445807163 252.05617058015196 485.07616234093439 152.88603169418639 457.28582447278313 242.33082619309425 48.771383374929428
leaf_count=10097 3368 6967 1540 4847 1308 264
internal_value=0.000124227 0.000757238 0.00150226 -0.000225882 0.00105025 -0.000184357
internal_weight=2313.21 1638.41 929.064 709.342 776.178 291.102
internal_count=28391 18294 10079 8215 8539 1572
is_linear=0
shrinkage=0.03


Tree=29
num_leaves=7
num_cat=0
split_feature=0 9 2 7 14 7
split_gain=2.93992 1.29374 0.861223 0.69548 0.72763 0.645868
threshold=0.037267815895817187 0.012424429753408845 -0.09095983882123744 -0.083061578859629642 0.2462825175089072 0.12424483870745769
decision_type=2 2 2 2 2 2
left_child=1 3 -2 -1 -5 -4
right_child=2 -3 5 4 -6 -7
leaf_value=-0.0035927886125798002 0.00046559107148062958 8.7747284587048424e-05 0.0016179279737012411 -0.00066716031410152233 -0.0030287529823068409 0.0044703780873886125
leaf_weight=127.6276642322191 384.4876691584941 771.33548917010194 265.55228707083734 531.64860336427228 144.14834253489971 100.5988015801413
leaf_count=2602 4099 9033 2786 8297 675 990
internal_value=-5.57672e-05 -0.000791382 0.00147759 -0.0016261 -0.00120771 0.00249964
internal_weight=2325.4 1574.76 750.639 803.425 675.797 366.151
internal_count=28482 20607 7875 11574 8972 3776
is_linear=0
shrinkage=0.03


Tree=30
num_leaves=7
num_cat=0
split_feature=6 14 3 7 3 5
split_gain=2.12137 1.34424 0.830598 0.793275 0.7147 0.6161
threshold=0.0012064119555888792 0.19126102268699383 -0.21832818619642705 0.12150264140302343 -0.26942833356391366 0.0086973545774383983
decision_type=2 2 2 2 2 2
left_child=4 2 -2 -4 -1 -6
right_child=1 -3 3 -5 5 -7
leaf_value=-0.0034166476414987453 -0.00061315897407396747 -0.00045304391940704082 0.0014378907974082352 0.0042510368551025978 -0.0011326060278095006 0.00092131986545078621
leaf_weight=95.114109989110148 136.4986788618844 510.19599382579327 595.20216164726298 102.31839693640359 748.13866975065321 151.1044703272637
leaf_count=1742 2560 2555 8590 1298 10047 1812
internal_value=-2.00956e-05 0.000754818 0.00149032 0.0019048 -0.00106474 -0.000781137
internal_weight=2338.57 1344.22 834.019 697.521 994.357 899.243
internal_count=28604 15003 12448 9888 13601 11859
is_linear=0
shrinkage=0.03


Tree=31
num_leaves=7
num_cat=0
split_feature=1 8 9 3 8 12
split_gain=2.03603 1.51229 0.90742 0.680132 0.600951 0.545544
threshold=0.046875874018133923 -0.0010196124274672311 0.017834188996310885 -0.057554364723650338 0.21437915144450528 0.71741440710669602
decision_type=2 2 2 2 2 2
left_child=1 3 4 -1 -3 -2
right_child=5 2 -4 -5 -6 -7
leaf_value=-0.0018613058733072017 0.0029272642986819248 -0.00080777725434547705 0.0011869416595828412 0.0001997729266320931 0.0033726341798626215 0.00079344267332026694
leaf_weight=666.6859765650006 188.82534205360571 517.67346474697115 498.56844667030964 180.76945743657416 23.08417097106576 258.98745994642377
leaf_count=9996 2937 6480 5314 2134 296 1521
internal_value=-5.84277e-05 -0.000491585 0.000275395 -0.00142446 -0.000571325 0.00173748
internal_weight=2334.59 1886.78 1039.33 847.455 540.758 447.813
internal_count=28678 24220 12090 12130 6776 4458
is_linear=0
shrinkage=0.03


Tree=32
num_leaves=7
num_cat=0
split_feature=6 1 4 3 5 3
split_gain=2.4607 1.40289 0.701178 0.565201 0.553576 0.550215
threshold=0.20760159310870324 -0.013833641472284519 -0.16196395457970744 -0.3174299371075458 0.0086973545774383983 -0.12627153886476586
decision_type=2 2 2 2 2 2
left_child=1 4 -3 -4 -1 -6
right_child=-2 2 3 -5 5 -7
leaf_value=-0.0017233205518875723 0.002081929948218601 -0.0014137228438188866 -0.0024796721334299529 0.00076467732476118654 -0.0013151107466746748 0.0022476923184910425
leaf_weight=700.13984264186001 402.15835007029818 180.56462783063762 41.548016018874478 856.26276336802403 75.546204093727283 61.994793836027384
leaf_count=10052 4229 2271 641 9514 1010 712
internal_value=-2.19957e-05 -0.000472102 0.000243651 0.000588877 -0.00138552 0.000334276
internal_weight=2318.21 1916.06 1078.38 897.811 837.681 137.541
internal_count=28429 24200 12426 10155 11774 1722
is_linear=0
shrinkage=0.03


Tree=33
num_leaves=7
num_cat=0
split_feature=6 1 5 8 14 10
split_gain=2.59117 1.29676 0.63288 0.571483 0.50016 0.473639
threshold=0.27472604618711077 -0.037472465076989626 0.0086973545774383983 0.15363962459631389 0.33555810309142531 0.034444023345312907
decision_type=2 2 2 2 2 2
left_child=1 2 -1 5 -2 -3
right_child=4 3 -4 -5 -6 -7
leaf_value=-0.0017011040563005841 0.0033606967376171278 -0.00036149973898026364 0.00072519352231145196 0.0020593200460463012 -0.0004978076686523394 0.00086539748076853171
leaf_weight=592.15347380144522 222.41328577150125 831.83143348764861 109.43201252998551 132.20222151337657 32.016611263155937 416.78040187916486
leaf_count=8870 2514 9481 1439 1494 134 4699
internal_value=7.6824e-05 -0.000277128 -0.00131778 0.000257297 0.00287469 5.16544e-05
internal_weight=2336.83 2082.4 701.585 1380.81 254.43 1248.61
internal_count=28631 25983 10309 15674 2648 14180
is_linear=0
shrinkage=0.03


Tree=34
num_leaves=7
num_cat=0
split_feature=6 2 6 9 9 14
split_gain=2.24452 1.3467 1.01381 0.862718 0.786295 0.714222
threshold=-0.0014904647164754104 -0.12897019485383357 0.32096808687955758 0.0083816976906488667 0.087392533326891383 0.26553261454811949
decision_type=2 2 2 2 2 2
left_child=3 -2 4 -1 -3 -4
right_child=1 2 5 -5 -6 -7
leaf_value=-0.002071563324073955 -0.00046787110133455671 0.00053424565169557763 0.0049983599737391587 -0.00020275627203807965 0.0028866866184735209 -0.00030600307825554045
leaf_weight=450.78789833237533 525.0221048205276 652.3451182875433 94.983887087844778 434.2331297553028 151.26200780633371 27.783488407731056
leaf_count=6943 6400 7164 1111 5406 1561 120
internal_value=1.60285e-05 0.000740546 0.0014231 -0.00116715 0.00100708 0.0038653
internal_weight=2336.42 1451.4 926.375 885.021 803.607 122.767
internal_count=28705 16356 9956 12349 8725 1231
is_linear=0
shrinkage=0.03


Tree=35
num_leaves=7
num_cat=0
split_feature=1 8 9 0 8 14
split_gain=1.99033 1.22671 1.05129 0.671976 0.65141 0.568587
threshold=0.048104917437246951 0.21437915144450528 0.013196053749413824 0.1886225039879347 -0.0010196124274672311 0.17596364934331074
decision_type=2 2 2 2 2 2
left_child=1 2 3 -1 5 -4
right_child=-2 -3 4 -5 -6 -7
leaf_value=-0.0015354897891472798 0.0016860737802047768 0.0038394045499509154 0.00013598221513230901 0.001849582640170478 0.00079467230181313249 -0.0021231459946916735
leaf_weight=897.38963344605872 444.68434424395673 46.500374837894924 237.16040523385163 47.807404646649957 501.04770330921747 162.3025703728199
leaf_count=12687 4366 554 4073 638 5364 866
internal_value=-9.75364e-05 -0.00052336 -0.000653372 -0.0013467 8.11647e-05 -0.000811341
internal_weight=2336.89 1892.21 1845.71 945.197 900.511 399.463
internal_count=28548 24182 23628 13325 10303 4939
is_linear=0
shrinkage=0.03


Tree=36
num_leaves=7
num_cat=0
split_feature=6 2 14 6 14 3
split_gain=2.4596 1.26525 1.0095 0.676216 0.60152 0.524338
threshold=0.21549124010164603 -0.10097392771080754 0.25049009904091157 0.058605592753096215 0.33555810309142531 -0.27272324271755594
decision_type=2 2 2 2 2 2
left_child=1 -1 3 5 -2 -3
right_child=4 2 -4 -5 -6 -7
leaf_value=-0.0012240900413879366 0.0025039489509409759 -0.0029469839741312442 -0.0014913823126434648 0.0021263188298150299 -0.00083466947920951583 0.00048035276019137201
leaf_weight=1007.7500960399047 347.99947553838138 34.025586744653992 207.96023144572973 233.77656657941407 51.254436135292053 452.96747503901133
leaf_count=13627 3874 589 955 2934 214 6406
internal_value=-4.88559e-05 -0.00049314 0.000304592 0.000836093 0.00206543 0.000186411
internal_weight=2335.73 1936.48 928.73 720.77 399.254 486.993
internal_count=28599 24511 10884 9929 4088 6995
is_linear=0
shrinkage=0.03


Tree=37
num_leaves=7
num_cat=0
split_feature=7 0 11 9 14 14
split_gain=1.87598 1.28632 0.962727 0.780883 0.732731 0.72186
threshold=-0.03157287962399264 0.41759798524215869 0.036351964896328519 0.092126343155925647 0.19370777694630101 0.34777674377166068
decision_type=2 2 2 2 2 2
left_child=-1 2 3 5 -4 -2
right_child=1 -3 4 -5 -6 -7
leaf_value=-0.001595935752170823 -0.0002629761991476954 0.0044204489008005674 0.0022408020527438072 0.0014178437518464501 -0.000139564321135075 -0.0028159376252656488
leaf_weight=536.62786367509398 925.05904186237603 59.281519588432275 304.92371568386443 212.44618714682292 182.84040910005569 102.13235956430435
leaf_count=8397 11416 672 4523 2241 907 427
internal_value=-5.72669e-05 0.000411181 0.000248938 -0.000197067 0.00136363 -0.000541516
internal_weight=2323.31 1786.68 1727.4 1239.64 487.764 1027.19
internal_count=28583 20186 19514 14084 5430 11843
is_linear=0
shrinkage=0.03


Tree=38
num_leaves=7
num_cat=0
split_feature=0 5 7 14 0 3
split_gain=2.12801 1.26664 0.84337 0.830108 0.737739 0.701137
threshold=0.07740270829279107 0.0059222193178511398 -0.086673610568304527 0.30640464474840096 0.43439375533509822 -0.036253145760558582
decision_type=2 2 2 2 2 2
left_child=1 2 -1 5 -2 -3
right_child=4 3 -4 -5 -6 -7
leaf_value=-0.002733520848973805 0.0011059598063156352 0.0010687872973566177 -0.00063669897531113317 -0.0022285553342245969 0.0045558467263181581 0.0052213836304713882
leaf_weight=194.52051620022394 576.96406090131495 225.70780735835433 1186.9511126152938 46.243143171072006 53.827351739164442 35.910657307365909
leaf_count=3625 5995 2882 14797 199 606 427
internal_value=-6.40079e-06 -0.000561903 -0.000949469 0.00115238 0.00146685 0.00181003
internal_weight=2320.12 1689.33 1381.47 307.862 630.791 261.618
internal_count=28531 21930 18422 3508 6601 3309
is_linear=0
shrinkage=0.03


Tree=39
num_leaves=7
num_cat=0
split_feature=0 3 7 14 8 8
split_gain=1.9349 1.31987 0.921866 0.686087 0.581731 0.511071
threshold=0.18503127228202323 -0.22058017816540673 -0.011649950872631147 0.42119311821946898 0.21437915144450528 0.11344940039727215
decision_type=2 2 2 2 2 2
left_child=1 -1 -3 4 -4 -2
right_child=5 2 3 -5 -6 -7
leaf_value=-0.0021306252345167924 0.0013282850771835081 -0.00097851450060043219 0.00051877352390575107 -0.0024147403001240882 0.00386004792739992 0.0040365324591763443
leaf_weight=303.32272421347443 262.42019812914077 570.71873896830948 1006.8885057726293 58.922222018241882 39.615767643321306 81.267241729074158
leaf_count=4968 2790 7979 11291 242 433 842
internal_value=2.01721e-05 -0.000343403 -9.26189e-06 0.000495438 0.000680597 0.00206469
internal_weight=2323.16 1979.47 1676.15 1105.43 1046.5 343.687
internal_count=28545 24913 19945 11966 11724 3632
is_linear=0
shrinkage=0.03


Tree=40
num_leaves=7
num_cat=0
split_feature=6 2 12 14 3 3
split_gain=1.60713 0.971301 0.734721 0.599363 0.494971 0.486547
threshold=0.20760159310870324 -0.10486392083191955 1.0868614387781197 0.34777674377166068 -0.068920660241175463 -0.23075044416133333
decision_type=2 2 2 2 2 2
left_child=1 5 4 -2 -3 -1
right_child=3 2 -4 -5 -6 -7
leaf_value=-0.0026267760981610274 0.0019866192866995116 0.00030452953516561137 -0.00089200468485630075 -0.0014216664731025563 0.0022116563072616729 -0.00081625778800473365
leaf_weight=155.88020820630481 365.85652164742351 460.18921824765857 341.08490994572639 45.743672043085098 158.98018000676529 793.5025087633403
leaf_count=2813 4042 7086 1863 190 2266 10221
internal_value=-9.45495e-05 -0.00046251 0.000209989 0.0015831 0.000821579 -0.00113781
internal_weight=2321.24 1909.64 960.254 411.6 619.169 949.383
internal_count=28481 24249 11215 4232 9352 13034
is_linear=0
shrinkage=0.03


Tree=41
num_leaves=7
num_cat=0
split_feature=0 1 0 8 11 10
split_gain=1.85 1.09872 0.738998 0.619918 0.561863 0.557791
threshold=0.07740270829279107 -0.010836876523527111 0.41759798524215869 0.22269540061013293 0.039174492591092576 -0.00059591910968156958
decision_type=2 2 2 2 2 2
left_child=1 4 -2 5 -1 -3
right_child=2 3 -4 -5 -6 -7
leaf_value=-0.0017096372790453287 0.0010179293567605702 -0.00077179402591990155 0.0042777980355659584 0.0041059215350719384 0.00011152633039898065 0.0007520698981011778
leaf_weight=621.82448846768239 564.20704920456046 375.86861336755101 62.556725355971139 25.940867940895259 199.41258288139943 481.75657112128101
leaf_count=8732 5839 4563 682 318 2748 5582
internal_value=2.46178e-05 -0.000488243 0.00140536 0.000245751 -0.0012714 8.30131e-05
internal_weight=2331.57 1704.8 626.764 883.566 821.237 857.625
internal_count=28464 21943 6521 10463 11480 10145
is_linear=0
shrinkage=0.03


Tree=42
num_leaves=7
num_cat=0
split_feature=0 9 8 12 6 2
split_gain=1.77437 0.970535 0.659651 0.629768 0.569429 0.518312
threshold=0.07740270829279107 0.012424429753408845 0.24382171018321541 1.0239899689560528 0.34687206112964514 -0.22510450519851163
decision_type=2 2 2 2 2 2
left_child=1 2 5 -3 -2 -1
right_child=4 3 -4 -5 -6 -7
leaf_value=-0.0031744983158549672 0.00080864293293742386 0.00090788077338916924 0.0037061309463235622 -0.00074965665951621933 0.0028926682766107384 -0.00100972211146441
leaf_weight=109.58116832366795 474.73213432787452 494.28918331023306 14.738909042673184 339.67311293631792 153.31725824723253 744.59130316186929
leaf_count=2545 4977 7721 167 1908 1591 9618
internal_value=4.37667e-06 -0.000498666 -0.00119449 0.000231882 0.00135475 -0.00132096
internal_weight=2330.92 1702.87 868.911 833.962 628.049 854.172
internal_count=28527 21959 12330 9629 6568 12163
is_linear=0
shrinkage=0.03


Tree=43
num_leaves=7
num_cat=0
split_feature=14 7 5 3 7 8
split_gain=1.47211 1.39774 0.940847 0.580515 0.508444 0.412829
threshold=0.26553261454811949 0.052572506262060677 0.0059222193178511398 -0.031730669486701835 -0.084782392493523429 0.1052056589001064
decision_type=2 2 2 2 2 2
left_child=1 2 4 -4 -1 -3
right_child=-2 5 3 -5 -6 -7
leaf_value=-0.0019331543414956179 -0.0015247489770109451 0.0010649478915914776 0.00079865702914987298 0.0046766324085227504 -0.00023410165230912473 0.0029240081437330511
leaf_weight=182.16731346622691 455.87733215838671 386.66545490996214 197.33047568856273 33.933045733137988 927.30517916448298 152.12604433618253
leaf_count=3763 2048 4562 2696 431 13249 1782
internal_value=-1.4381e-05 0.000358088 -0.000162777 0.00153792 -0.00052785 0.00163356
internal_weight=2335.4 1879.53 1340.74 231.264 1109.47 538.791
internal_count=28531 26483 20139 3127 17012 6344
is_linear=0
shrinkage=0.03


Tree=44
num_leaves=7
num_cat=0
split_feature=6 3 14 2 11 9
split_gain=1.47831 1.04583 0.723377 0.900463 0.621508 0.614814
threshold=0.21942293774864222 1.0000000180025095e-35 0.34777674377166068 -0.12897019485383357 0.044720201975519701 0.024968570479996493
decision_type=2 2 2 2 2 2
left_child=1 2 3 -1 -5 -2
right_child=5 -3 -4 4 -6 -7
leaf_value=-0.0011169575898426463 0.00061797152371822193 0.0019412281861137175 -0.0023821718023442954 -0.00017888886887693352 0.0015189004574140837 0.0030220212658247998
leaf_weight=691.47289297427051 218.34745994582772 163.88074796204455 156.3554409891367 683.88022553149494 259.98803932382725 170.26524876058102
leaf_count=10482 2417 1901 657 8494 3147 1561
internal_value=5.504e-05 -0.000283023 -0.000496113 -0.000302404 0.000299787 0.00172066
internal_weight=2344.19 1955.58 1791.7 1635.34 943.868 388.613
internal_count=28659 24681 22780 22123 11641 3978
is_linear=0
shrinkage=0.03


Tree=45
num_leaves=7
num_cat=0
split_feature=6 9 2 14 2 5
split_gain=1.54159 0.967912 0.910048 0.720966 0.575825 0.419149
threshold=0.048080742123129315 0.013196053749413824 -0.11174318689307146 0.25049009904091157 0.09215123777580804 -0.028400268787666123
decision_type=2 2 2 2 2 2
left_child=1 4 -2 -4 -1 -3
right_child=2 5 3 -5 -6 -7
leaf_value=-0.0016793313156246977 -0.00018961772170051494 -0.00080946976272761549 0.0021453646540217698 -0.0002084160537196633 0.0027826863239794001 0.00078252010277627857
leaf_weight=630.32007511978736 456.9538483050419 237.7650604210794 464.01596340723336 153.3396255671978 18.36512990843039 363.35200396861183
leaf_count=9381 5356 2748 5646 691 228 4491
internal_value=-4.46825e-06 -0.000718193 0.000824812 0.00156673 -0.00151268 0.000149885
internal_weight=2324.11 1249.8 1074.31 617.356 648.685 601.117
internal_count=28541 16848 11693 6337 9609 7239
is_linear=0
shrinkage=0.03


Tree=46
num_leaves=7
num_cat=0
split_feature=0 6 9 12 9 11
split_gain=1.73898 0.937238 0.640354 0.487583 0.468559 0.392837
threshold=-0.11175213687162598 0.32977393880202882 0.092126343155925647 1.7001217301521037 -0.068590406978827526 0.089634359236854338
decision_type=2 2 2 2 2 2
left_child=4 2 5 -3 -1 -2
right_child=1 3 -4 -5 -6 -7
leaf_value=-0.0030644252997894801 -0.00014860458312251603 0.0032632553578140901 0.0016153517010450333 -0.00073266948786054442 -0.00089551410804748516 0.001615741386311244
leaf_weight=103.72877765906742 1172.7369298409612 143.09612161689438 265.20432941016043 29.541477546095848 506.94426439577364 115.64288068615133
leaf_count=1970 13818 1657 2778 134 6940 1271
internal_value=5.58077e-05 0.000542799 0.000301741 0.0025768 -0.00130736 2.09848e-05
internal_weight=2336.89 1726.22 1553.58 172.638 610.673 1288.38
internal_count=28568 19658 17867 1791 8910 15089
is_linear=0
shrinkage=0.03


Tree=47
num_leaves=7
num_cat=0
split_feature=0 2 9 11 8 2
split_gain=1.30958 0.824261 0.658424 0.586482 0.578783 0.563623
threshold=0.037267815895817187 -0.11302034772850834 0.087392533326891383 0.025744323805563362 0.21437915144450528 -0.10486392083191955
decision_type=2 2 2 2 2 2
left_child=1 -1 3 -2 -3 -5
right_child=2 4 -4 5 -6 -7
leaf_value=-0.0011076856106612821 -2.9913146515502618e-05 6.0927723644062988e-05 0.0029382243541375098 -0.00026053161768953037 0.0033592325798492361 0.0028088419074149607
leaf_weight=743.99072920030449 397.0652937181876 774.97178602329222 135.72498861479107 76.854504336486571 41.065673778415658 158.21853352361359
leaf_count=10818 4173 9298 1263 901 483 1624
internal_value=0.000106956 -0.000392233 0.00111314 0.00068162 0.000265567 0.00183566
internal_weight=2327.89 1560.03 767.863 632.138 816.037 235.073
internal_count=28560 20599 7961 6698 9781 2525
is_linear=0
shrinkage=0.03


Tree=48
num_leaves=7
num_cat=0
split_feature=0 3 9 5 14 5
split_gain=1.58788 0.951828 0.635233 0.539021 0.482303 0.449647
threshold=0.041916807349672187 -0.063284192030701139 -0.053483342336047339 0.0044406363087144242 0.13569753534739207 1.0000000180025095e-35
decision_type=2 2 2 2 2 2
left_child=1 3 -2 -1 -4 -3
right_child=2 5 4 -5 -6 -7
leaf_value=-0.0012484275706600232 -0.00062650907623321747 0.00027382866695214818 0.0025652909383694447 0.00033083308596509208 0.00081694185543163098 0.0029468196210374015
leaf_weight=995.25613239046652 146.37077720428351 292.15163562330417 238.66507535194978 236.65750101074809 365.63921734690666 61.045344348531216
leaf_count=13930 1799 3449 3937 2767 2057 655
internal_value=-1.4701e-05 -0.000552495 0.00111323 -0.000944822 0.00153796 0.000804235
internal_weight=2335.79 1585.11 750.675 1231.91 604.304 353.197
internal_count=28594 20801 7793 16697 5994 4104
is_linear=0
shrinkage=0.03


Tree=49
num_leaves=7
num_cat=0
split_feature=7 3 14 14 3 8
split_gain=1.34878 0.756104 0.721813 0.593453 0.573046 0.474609
threshold=0.046957292169728999 -0.063284192030701139 0.34777674377166068 0.34777674377166068 -0.28773087752906246 0.1052056589001064
decision_type=2 2 2 2 2 2
left_child=1 2 -1 4 -2 -6
right_child=3 -3 -4 -5 5 -7
leaf_value=-0.00063649696367387644 -0.0016286102939019535 0.00069280622455257144 -0.0033195847245280075 -0.0011713530984343704 0.0010375105349578302 0.0029134441027045739
leaf_weight=1122.5765986103797 46.445848834293429 358.95851480291458 89.255403876304626 89.279977917671204 455.42871842510067 167.23618688352872
leaf_count=16281 688 4183 376 371 4885 1794
internal_value=-1.58894e-06 -0.000502756 -0.000859667 0.00102947 0.00133605 0.00157944
internal_weight=2329.18 1570.79 1211.83 758.391 669.111 622.665
internal_count=28578 20840 16657 7738 7367 6679
is_linear=0
shrinkage=0.03


Tree=50
num_leaves=7
num_cat=0
split_feature=0 0 9 5 12 9
split_gain=1.44107 0.820676 0.765796 0.51784 0.510613 0.614177
threshold=-0.029033186183029438 0.47614360576029618 0.087392533326891383 0.021955853663796963 0.55474014707024433 -0.049001838092061073
decision_type=2 2 2 2 2 2
left_child=3 2 4 -1 5 -2
right_child=1 -3 -4 -5 -6 -7
leaf_value=-0.0013337516967996171 -0.00082676438320447988 0.0043850961152739872 0.0017747641881738932 0.00077005470934413762 -0.00045469373794237224 0.0015433137059257906
leaf_weight=726.153081428929 134.40706853440497 37.68383176723728 274.11581984855002 116.16462705505546 719.97435114905238 310.90065163339023
leaf_count=10241 3049 418 2782 1393 4675 5834
internal_value=-5.46965e-05 0.00050924 0.000378215 -0.00103798 3.7391e-05 0.000825507
internal_weight=2319.4 1477.08 1439.4 842.318 1165.28 445.308
internal_count=28392 16758 16340 11634 13558 8883
is_linear=0
shrinkage=0.03


Tree=51
num_leaves=7
num_cat=0
split_feature=6 8 3 14 5 14
split_gain=1.14291 0.778145 0.643848 0.555453 0.373643 0.371597
threshold=0.21549124010164603 0.15363962459631389 -0.22058017816540673 0.13854743565187916 0.021955853663796963 0.15973773378444636
decision_type=2 2 2 2 2 2
left_child=1 2 -1 4 -4 -2
right_child=5 -3 3 -5 -6 -7
leaf_value=-0.0017323656874985614 0.0024207506498986195 0.0018021962255332516 0.00017512007985257517 -0.0006911554500820536 0.0021576198470896731 0.00057800230670541095
leaf_weight=267.84715701220557 195.7185231478652 146.43788368743844 604.69347888318589 805.02312761545181 90.110133047390264 204.83900032937527
leaf_count=4450 2993 1682 11825 4749 1563 1059
internal_value=7.87668e-05 -0.00022819 -0.000405584 -0.000158735 0.000459199 0.00151543
internal_weight=2314.67 1914.11 1767.67 1499.83 694.804 400.558
internal_count=28321 24269 22587 18137 13388 4052
is_linear=0
shrinkage=0.03


Tree=52
num_leaves=7
num_cat=0
split_feature=2 11 9 14 3 1
split_gain=1.29437 0.859558 0.628554 0.562586 0.509154 0.445694
threshold=-0.11302034772850834 0.042775071934278132 -0.035541498539396733 0.42119311821946898 -0.27272324271755594 0.12647138997103682
decision_type=2 2 2 2 2 2
left_child=2 3 -1 4 -2 -6
right_child=1 -3 -4 -5 5 -7
leaf_value=-0.0019735192243881296 -0.0020778660935690274 0.0017721583661399231 -0.00035367026353028439 -0.0027588475935544244 0.00030144022508868319 0.0031263274634911078
leaf_weight=293.58807476697257 65.767580399580766 379.54437822755426 764.72241199249402 48.698354639112949 739.73114585431176 44.231668794411235
leaf_count=4874 921 4167 9381 201 8583 443
internal_value=-4.54457e-05 0.000595125 -0.000817303 8.38485e-05 0.000276959 0.000498191
internal_weight=2336.28 1277.97 1058.31 898.429 849.73 783.963
internal_count=28570 14315 14255 10148 9947 9026
is_linear=0
shrinkage=0.03


Tree=53
num_leaves=7
num_cat=0
split_feature=2 0 14 9 10 0
split_gain=1.08087 0.779553 0.593313 0.565122 0.478604 0.481807
threshold=-0.10302384590859938 0.41759798524215869 0.42119311821946898 -0.012293082477522971 -0.017599488871644978 0.032162804726400658
decision_type=2 2 2 2 2 2
left_child=3 2 4 -1 5 -2
right_child=1 -3 -4 -5 -6 -7
leaf_value=-0.0014406002334013234 -0.0008831500604943428 0.0043613324030931933 -0.0021794116985633717 -7.8055273238273069e-05 0.0011468445946362467 0.0013113936857088724
leaf_weight=437.61243612566614 262.45400850335136 39.820236582774669 59.670866064727306 709.32491080326145 697.72144440835109 124.5978300832212
leaf_count=6767 3372 424 247 8439 8005 1338
internal_value=4.78399e-05 0.000680738 0.000516004 -0.000605891 0.000682826 -0.000161458
internal_weight=2331.2 1184.26 1144.44 1146.94 1084.77 387.052
internal_count=28592 13386 12962 15206 12715 4710
is_linear=0
shrinkage=0.03


Tree=54
num_leaves=7
num_cat=0
split_feature=6 8 9 2 14 12
split_gain=1.21961 0.81777 0.643154 0.491444 0.421825 0.41038
threshold=0.10197921733189015 0.1052056589001064 0.013196053749413824 0.074802766540196727 0.34777674377166068 1.131706281262298
decision_type=2 2 2 2 2 2
left_child=2 4 3 -1 -2 -4
right_child=1 -3 5 -5 -6 -7
leaf_value=-0.0012063955223913915 0.00070036374943403031 0.0026262844258514956 0.0006739859612415655 0.0021477296071656911 -0.001691488578064369 -0.00079507111175273701
leaf_weight=765.55651818151819 542.45878394704778 193.16232355125248 492.92793818906648 32.479701337404549 65.808359459042549 249.74151573330164
leaf_count=11075 6226 1984 7380 397 273 1353
internal_value=3.41458e-05 0.00097637 -0.000459107 -0.00104499 0.000418416 0.000175978
internal_weight=2342.14 801.429 1540.71 798.036 608.267 742.669
internal_count=28688 8483 20205 11472 6499 8733
is_linear=0
shrinkage=0.03


Tree=55
num_leaves=7
num_cat=0
split_feature=6 8 12 5 0 9
split_gain=1.08565 0.774618 0.897035 0.651365 0.5145 0.551863
threshold=-0.083856123579881162 0.072013141532624905 1.0693605923410969 0.0031916264027651397 0.21417744561295748 0.13785477038677796
decision_type=2 2 2 2 2 2
left_child=-1 2 3 -2 5 -3
right_child=1 4 -4 -5 -6 -7
leaf_value=-0.0012127503301925786 0.00010499714581339346 0.00034083585894471993 -0.0011417518948665518 0.0022838582157370928 0.0030791848205916211 0.0035322136806267535
leaf_weight=535.78717283121659 673.62795569709851 373.88467202236643 454.65822397172451 141.5004232248175 103.30741129594389 46.607106023817323
leaf_count=8150 10331 4073 2491 1890 1051 488
internal_value=-4.05916e-05 0.000314343 -8.80928e-05 0.000506327 0.0012733 0.0007684
internal_weight=2329.37 1793.59 1269.79 815.128 523.799 420.492
internal_count=28474 20324 14712 12221 5612 4561
is_linear=0
shrinkage=0.03


Tree=56
num_leaves=7
num_cat=0
split_feature=2 0 11 9 9 11
split_gain=1.13246 0.718042 0.573837 0.591637 0.501728 0.364677
threshold=-0.11302034772850834 0.41759798524215869 0.12407294994155564 0.087392533326891383 -0.031466551242998402 0.026278413459044501
decision_type=2 2 2 2 2 2
left_child=4 2 3 -2 -1 -5
right_child=1 -3 -4 5 -6 -7
leaf_value=-0.0016956749142852607 -2.6824017584828412e-05 0.0040166841743573866 0.0029806821168713972 0.00073064895251381563 -0.00026567561242436306 0.0033029470465479951
leaf_weight=308.32816031758557 944.18762317692745 44.056647161836736 67.217034796718508 148.5333190629608 736.80018606339581 71.083951002219692
leaf_count=5112 10875 459 696 1571 9039 698
internal_value=2.88186e-05 0.000626686 0.000473974 0.000305036 -0.000699619 0.00167082
internal_weight=2320.21 1275.08 1231.02 1163.8 1045.13 219.617
internal_count=28450 14299 13840 13144 14151 2269
is_linear=0
shrinkage=0.03


Tree=57
num_leaves=7
num_cat=0
split_feature=9 14 7 12 7 10
split_gain=0.979946 0.822714 0.640264 0.74686 0.551465 0.401947
threshold=0.013196053749413824 0.17413239154272755 -0.086673610568304527 0.57577960994194821 0.050733549957101408 0.026936928198500836
decision_type=2 2 2 2 2 2
left_child=2 4 -1 -4 -2 -3
right_child=1 5 3 -5 -6 -7
leaf_value=-0.0025341566967818797 0.00072894428852943215 -0.00094308510899565547 0.00055256128121415388 -0.0010409519544797789 0.0026756434923588981 0.00076275785635623839
leaf_weight=128.79124512168346 448.8582305489108 312.46436437964439 453.93931615029578 609.19840948283672 182.32735598238651 193.06427437067032
leaf_count=2676 7346 1632 9429 4015 2438 1012
internal_value=-1.71298e-05 0.000610317 -0.00061561 -0.000361744 0.00132424 -0.000289455
internal_weight=2328.64 1136.71 1191.93 1063.14 631.186 505.529
internal_count=28548 12428 16120 13444 9784 2644
is_linear=0
shrinkage=0.03


Tree=58
num_leaves=7
num_cat=0
split_feature=11 9 14 6 2 8
split_gain=1.06965 0.956302 0.554089 0.551716 0.47071 0.45253
threshold=0.1177214780063528 0.092126343155925647 0.19126102268699383 0.099976612451602984 -0.10597808374160379 0.040270611247626396
decision_type=2 2 2 2 2 2
left_child=1 2 3 -1 -2 -3
right_child=4 5 -4 -5 -6 -7
leaf_value=-0.00051383287579483041 -0.00060452969257867326 0.00031334463146805543 -0.0011447232894781804 0.00083838399918513833 0.0037892428032224525 0.0024424812282635841
leaf_weight=806.18807805705001 25.623702150885947 218.58108744042693 653.71496370434761 397.01375501893926 81.16443236800842 146.77383249049308
leaf_count=14253 313 2540 3350 5709 846 1513
internal_value=-2.54248e-05 -0.000171744 -0.000448826 -6.44167e-05 0.00277347 0.00121097
internal_weight=2329.06 2222.27 1856.92 1203.2 106.788 365.355
internal_count=28524 27365 23312 19962 1159 4053
is_linear=0
shrinkage=0.03


Tree=59
num_leaves=7
num_cat=0
split_feature=2 6 3 14 14 5
split_gain=0.881406 0.893117 0.554883 0.486065 0.446794 0.388551
threshold=-0.11302034772850834 0.065495968959905421 -0.031730669486701835 0.42119311821946898 0.26042339298837675 0.0059222193178511398
decision_type=2 2 2 2 2 2
left_child=-1 4 3 -3 5 -2
right_child=1 2 -4 -5 -6 -7
leaf_value=-0.00067924089776543134 -0.00027292879250474653 0.0011926396620182578 0.0035000571494191971 -0.0023345963191703104 -0.0016622250207646576 0.001528650475073276
leaf_weight=1052.4132051343913 435.08153256986407 447.51760876673507 83.928750332910568 28.898148372769356 142.12244592607021 132.29868888785131
leaf_count=14174 6232 4815 807 119 650 1698
internal_value=-4.06681e-05 0.000489735 0.0013739 0.000935089 -0.000217945 0.000166354
internal_weight=2322.26 1269.85 560.345 476.416 709.503 567.38
internal_count=28495 14321 5741 4934 8580 7930
is_linear=0
shrinkage=0.03


Tree=60
num_leaves=7
num_cat=0
split_feature=0 14 6 5 3 6
split_gain=0.865137 0.717695 0.388629 0.375693 0.357912 0.461582
threshold=-0.071117161416071314 0.26042339298837675 0.5158283372187884 0.0059222193178511398 -0.082094657007399013 0.081903792038168485
decision_type=2 2 2 2 2 2
left_child=-1 2 3 -2 -3 -6
right_child=1 4 -4 -5 5 -7
leaf_value=-0.00087365877223290536 0.00033230228974084062 -0.0014935940473577009 0.0036113029068698759 0.0016191255546574375 -0.0013256754433178975 0.0021824666044543087
leaf_weight=714.0190468574001 1000.3192553855479 228.74579755961895 30.354644473118242 249.30865387612721 56.441278912127018 59.407342538237572
leaf_count=10201 13503 1033 377 2943 255 263
internal_value=-1.03967e-05 0.00037204 0.000698705 0.000599848 -0.000826831 0.000503777
internal_weight=2338.6 1624.58 1279.98 1249.63 344.594 115.849
internal_count=28575 18374 16823 16446 1551 518
is_linear=0
shrinkage=0.03


Tree=61
num_leaves=7
num_cat=0
split_feature=1 8 9 8 0 12
split_gain=0.947748 0.755012 0.53907 0.519751 0.512444 0.537891
threshold=0.041602404653948925 0.21437915144450528 0.19532017557108519 -0.071960305639966846 -0.01635807035091463 -0.24795873908838992
decision_type=2 2 2 2 2 2
left_child=1 2 3 -1 5 -5
right_child=-2 -3 -4 4 -6 -7
leaf_value=-0.0016141923062422099 0.0011617956414314444 0.0031555972083109605 0.0024761235745180575 0.0015252211338624543 0.00024204322244366014 -0.0011864835354348255
leaf_weight=302.11248481768416 491.93209312437102 45.081455240724608 46.613142320129555 65.559195842070039 804.31996762059862 573.19716482050717
leaf_count=5536 4790 541 625 2723 9125 5188
internal_value=5.86632e-06 -0.000308315 -0.000412497 -0.000503318 -0.000261245 -0.000888946
internal_weight=2328.82 1836.88 1791.8 1745.19 1443.08 638.756
internal_count=28528 23738 23197 22572 17036 7911
is_linear=0
shrinkage=0.03


Tree=62
num_leaves=7
num_cat=0
split_feature=0 7 3 14 5 8
split_gain=0.887819 0.593586 0.473589 0.60103 0.373517 0.331357
threshold=0.13346248237051198 -0.029372683029864351 -0.21268118942807104 0.42119311821946898 0.0059222193178511398 0.02333440177820342
decision_type=2 2 2 2 2 2
left_child=1 -1 5 4 -4 -3
right_child=-2 2 3 -5 -6 -7
leaf_value=-0.0012176903535800019 0.0010701380843726196 -0.002313187579379612 9.7325414074635874e-05 -0.0025004675345814821 0.0014644306200830314 2.1877266415916652e-05
leaf_weight=520.60567076623556 476.52175988163799 115.61917504662415 844.41891968611162 58.962792061269283 219.12174971174682 96.542683660925832
leaf_count=8180 4909 1809 9817 243 2265 1346
internal_value=-7.15125e-05 -0.000368908 -3.12342e-05 0.000217439 0.000390008 -0.00129748
internal_weight=2331.79 1855.27 1334.67 1122.5 1063.54 212.162
internal_count=28569 23660 15480 12325 12082 3155
is_linear=0
shrinkage=0.03


Tree=63
num_leaves=7
num_cat=0
split_feature=1 8 3 14 0 12
split_gain=0.996189 0.861396 0.739956 0.539268 0.46078 0.419531
threshold=0.0282057504274894 0.21437915144450528 -0.057554364723650338 0.20275038245305546 0.43439375533509822 1.6631919807385147
decision_type=2 2 2 2 2 2
left_child=1 2 3 -1 -2 -4
right_child=4 -3 5 -5 -6 -7
leaf_value=-0.00046714315642912567 0.00068997283012452052 0.0034520278317340205 0.001041269288902782 -0.0017776729858122483 0.0034907252047572559 -0.0017578896673901563
leaf_weight=935.27618761843769 539.83952231449075 40.034810043522157 316.56355004705256 402.08073361217976 49.973512127180584 47.234612576663494
leaf_count=16119 5184 482 3979 2040 520 217
internal_value=-7.40062e-05 -0.000435118 -0.000546237 -0.000871428 0.000981515 0.000640529
internal_weight=2331 1741.19 1701.16 1337.36 589.813 363.798
internal_count=28541 22837 22355 18159 5704 4196
is_linear=0
shrinkage=0.03


Tree=64
num_leaves=7
num_cat=0
split_feature=2 12 9 14 7 10
split_gain=0.785245 0.719238 0.483562 0.415134 0.475861 0.398554
threshold=-0.11174318689307146 0.30276280311659326 -0.05008156885698057 0.42119311821946898 -0.014657320084356008 -0.082084399091092233
decision_type=2 2 2 2 2 2
left_child=2 5 -1 4 -3 -2
right_child=1 3 -4 -5 -6 -7
leaf_value=-0.0017433967256080692 -0.0010331535321852826 -0.001050735605398457 -0.00021949767535688004 -0.0019862533579102157 0.00064515816154383121 0.0020665340055778351
leaf_weight=233.25337510806276 36.368950902135111 179.47192539274693 832.85617477828055 68.717352800071239 691.85815445147455 296.95719388307771
leaf_count=4013 910 1396 10303 284 4909 6762
internal_value=3.1799e-05 0.000532817 -0.000566013 0.000102492 0.000287888 0.00170809
internal_weight=2339.48 1273.37 1066.11 940.047 871.33 333.326
internal_count=28577 14261 14316 6589 6305 7672
is_linear=0
shrinkage=0.03


Tree=65
num_leaves=7
num_cat=0
split_feature=9 11 6 2 8 9
split_gain=0.955296 0.63505 0.501472 0.40029 0.366679 0.373344
threshold=0.092126343155925647 0.12049035424195563 -0.11075844994962133 -0.082410806087175978 0.040270611247626396 0.13785477038677796
decision_type=2 2 2 2 2 2
left_child=1 2 -1 -3 -2 -6
right_child=4 3 -4 -5 5 -7
leaf_value=-0.0013121233062100377 0.0005643171396729768 -0.00063603001137088676 -0.00010294839554703006 0.0034356852400867586 0.00072171864334078688 0.0037040735258086258
leaf_weight=380.45535220045713 223.67819336074172 28.152010772668291 1483.7014964931586 56.766073779086582 72.594588476407807 84.952742568217218
leaf_count=6120 2587 318 17350 606 702 907
internal_value=3.51289e-05 -0.000235304 -0.000355413 0.00216104 0.00138843 0.00245496
internal_weight=2330.3 1949.07 1864.16 84.9181 381.226 157.547
internal_count=28590 24394 23470 924 4196 1609
is_linear=0
shrinkage=0.03


Tree=66
num_leaves=7
num_cat=0
split_feature=3 14 1 11 3 14
split_gain=0.655518 0.671483 0.523086 0.447046 0.402188 0.329841
threshold=-0.27975890772280637 0.10408937126195171 0.041602404653948925 0.023608408446536382 -0.063284192030701139 0.39928079229446084
decision_type=2 2 2 2 2 2
left_child=-1 2 4 5 -2 -3
right_child=1 3 -4 -5 -6 -7
leaf_value=-0.0016519613263539725 4.4754497655792523e-05 -0.0004216799704539764 0.0025941420978162206 0.00048462751253788703 0.0019185353436750726 -0.002319996797251078
leaf_weight=191.24824791128049 431.44520567994914 864.2221661657095 124.26680132414913 509.81961417198181 125.67074634088203 82.191144272685051
leaf_count=3112 10638 5879 2341 3294 2831 338
internal_value=-1.48395e-05 0.000138641 0.000908835 -0.00022548 0.000493807 -0.000609073
internal_weight=2328.86 2137.62 681.383 1456.23 557.116 946.413
internal_count=28433 25321 15810 9511 13469 6217
is_linear=0
shrinkage=0.03


Tree=67
num_leaves=7
num_cat=0
split_feature=7 14 3 10 8 12
split_gain=0.748553 0.562143 0.559576 0.42528 0.352992 0.404443
threshold=0.046957292169728999 0.28315906168459665 -0.063284192030701139 0.047607702175731473 0.050272211757707748 0.88083539166809821
decision_type=2 2 2 2 2 2
left_child=2 3 -1 -2 5 -4
right_child=1 -3 4 -5 -6 -7
leaf_value=-0.00068941239366114451 0.00057898842885906914 -0.00086220076920276478 0.0010355424103689768 0.0022600136413592716 0.0021445630478333384 -0.0012295853790697203
leaf_weight=1210.2831891501846 408.35404699645005 146.7104627341032 156.15444767446024 200.7244915033225 92.064744900853839 113.83422842249274
leaf_count=16656 4745 637 2512 2312 1038 661
internal_value=-8.2341e-06 0.000761759 -0.000380828 0.00116054 0.000641519 7.07001e-05
internal_weight=2328.13 755.789 1572.34 609.079 362.053 269.989
internal_count=28561 7694 20867 7057 4211 3173
is_linear=0
shrinkage=0.03


Tree=68
num_leaves=7
num_cat=0
split_feature=2 14 11 9 9 14
split_gain=0.669198 0.576545 0.540867 0.423561 0.356292 0.345085
threshold=-0.10486392083191955 0.37914029185197939 0.094838311938781408 -0.031466551242998402 0.11604755787559089 0.19126102268699383
decision_type=2 2 2 2 2 2
left_child=3 2 4 -1 5 -2
right_child=1 -3 -4 -5 -6 -7
leaf_value=-0.0014284361296609965 0.00059277019444661165 -0.0017095739784957051 0.0024895778096446853 -0.00016088281700275231 0.0018484461339165084 -0.00067826615735027535
leaf_weight=331.21974890187266 599.47320494567975 91.113984324038029 119.23503892996814 788.84687521768501 125.8814488305361 271.31219679117203
leaf_count=5383 9055 378 1326 9550 1410 1431
internal_value=-1.94302e-05 0.000468787 0.000660256 -0.00054504 0.00041885 0.000193547
internal_weight=2327.08 1207.02 1115.9 1120.07 996.667 870.785
internal_count=28533 13600 13222 14933 11896 10486
is_linear=0
shrinkage=0.03


Tree=69
num_leaves=7
num_cat=0
split_feature=3 1 12 13 10 12
split_gain=0.740765 0.665192 0.533166 0.482428 0.432177 0.336738
threshold=-0.22058017816540673 0.041602404653948925 -0.24795873908838992 2.3502401828962087 0.036162302038437545 0.77299125479265773
decision_type=2 2 2 2 2 2
left_child=-1 2 3 -2 5 -4
right_child=1 -3 4 -5 -6 -7
leaf_value=-0.0013344956303776188 0.0025425655506189004 0.001162486560192442 -5.8421490658612822e-05 -0.00059199266988714148 0.00048163333527771512 -0.0011750681589475895
leaf_weight=348.79876664862968 106.5765802655369 439.28217517933808 435.13120523653924 66.032437321031466 394.35643601417542 543.77309262007475
leaf_count=5576 3575 4081 5314 3268 3376 3361
internal_value=-7.98279e-05 0.000146206 -0.000148201 0.00137667 -0.000348434 -0.000684319
internal_weight=2333.95 1985.15 1545.87 172.609 1373.26 978.904
internal_count=28551 22975 18894 6843 12051 8675
is_linear=0
shrinkage=0.03


Tree=70
num_leaves=7
num_cat=0
split_feature=3 6 14 14 10 8
split_gain=0.693381 0.469213 0.424778 0.395093 0.386113 0.361799
threshold=-0.28327963034124115 -1.0000000180025095e-35 0.076318848420009591 0.39928079229446084 0.042664833530089173 -0.05794761868275005
decision_type=2 2 2 2 2 2
left_child=-1 2 -2 4 -3 -6
right_child=1 3 -4 -5 5 -7
leaf_value=-0.0017123348445261298 0.00082614138194605385 0.00029064879616823411 -0.00077556493467851402 -0.0013644356736870911 -0.0006377022911056027 0.0018239842932692863
leaf_weight=183.44084363532602 185.71677353628911 872.48962030123221 625.69465513154864 85.459118753671646 59.005895396112464 318.84401910065208
leaf_count=3029 6091 9967 4941 352 790 3395
internal_value=8.32229e-06 0.000162578 -0.00040337 0.000506798 0.000644505 0.00143303
internal_weight=2330.65 2147.21 811.411 1335.8 1250.34 377.85
internal_count=28565 25536 11032 14504 14152 4185
is_linear=0
shrinkage=0.03


Tree=71
num_leaves=7
num_cat=0
split_feature=6 14 5 9 7 8
split_gain=0.741432 0.566979 0.656654 0.589994 0.489431 0.427261
threshold=0.35691040724095663 0.34777674377166068 0.0059222193178511398 0.04872154303314212 -0.081094678932608841 0.12602776936407481
decision_type=2 2 2 2 2 2
left_child=1 2 4 -4 -1 -6
right_child=-2 -3 3 -5 5 -7
leaf_value=-0.0015730557039967858 0.0020091253172268412 -0.001609819329642398 0.00033241915291121383 0.0028838876629957871 -0.00022969509861287563 0.0013777611059551478
leaf_weight=206.22440449867281 145.09832127939444 202.50611086189747 265.95634359377436 109.70300953544211 1246.4147450768796 158.82214287592797
leaf_count=3995 1490 852 3237 1176 15847 1960
internal_value=4.40562e-06 -0.00013697 2.04366e-05 0.00113298 -0.000244304 -3.95663e-05
internal_weight=2334.73 2189.63 1987.12 375.659 1611.46 1405.24
internal_count=28557 27067 26215 4413 21802 17807
is_linear=0
shrinkage=0.03


Tree=72
num_leaves=7
num_cat=0
split_feature=9 7 11 14 12 2
split_gain=0.790774 0.568286 0.58574 0.434096 0.358368 0.328089
threshold=0.087392533326891383 -0.049373368455883922 0.089634359236854338 0.19126102268699383 1.2706820083260502 -0.37504351911824763
decision_type=2 2 2 2 2 2
left_child=1 -1 3 5 -2 -3
right_child=4 2 -4 -5 -6 -7
leaf_value=-0.001344199026570098 0.0017394633247454611 -0.0030716980047449825 0.0016967321698720538 -0.00089485908427654117 -0.00015492378888665119 0.00028617273235704042
leaf_weight=344.66765506143565 287.86369932483649 17.013385422033025 151.74226387479575 514.29079964756966 126.50646483898163 882.50066363340011
leaf_count=5966 3866 488 1611 2613 639 13299
internal_value=-8.8655e-07 -0.00025989 -1.41543e-05 -0.000208409 0.00117109 0.000189587
internal_weight=2324.58 1910.21 1565.55 1413.8 414.37 899.514
internal_count=28482 23977 18011 16400 4505 13787
is_linear=0
shrinkage=0.03


Tree=73
num_leaves=7
num_cat=0
split_feature=2 11 9 12 13 11
split_gain=0.528491 0.520311 0.522858 0.369613 0.474212 0.366117
threshold=-0.12897019485383357 0.094838311938781408 0.092126343155925647 1.0693605923410969 2.249904835165133 -0.051052271122387423
decision_type=2 2 2 2 2 2
left_child=5 2 3 -2 -5 -1
right_child=1 -3 -4 4 -6 -7
leaf_value=-0.001547944035588475 0.00026133597224532143 0.0019426879718013558 0.0013955588397645032 -0.0021272454918680669 -1.3770835590575755e-05 -0.00022099961341241907
leaf_weight=251.97590152081102 662.91305542897317 148.52538198308321 225.71885117923375 154.19540654122829 228.85090030729771 670.21707225899445
leaf_count=3520 9810 1546 2314 750 1348 9284
internal_value=-4.06579e-05 0.000321778 0.000118784 -0.000167352 -0.000897027 -0.000596284
internal_weight=2342.4 1420.2 1271.68 1045.96 383.046 922.193
internal_count=28572 15768 14222 11908 2098 12804
is_linear=0
shrinkage=0.03


Tree=74
num_leaves=7
num_cat=0
split_feature=2 6 14 7 14 6
split_gain=0.832284 0.544878 0.428622 0.377449 0.323339 0.272604
threshold=-0.11174318689307146 0.27472604618711077 0.2462825175089072 -0.1012206054784139 0.36350630255901956 0.16596506164719341
decision_type=2 2 2 2 2 2
left_child=3 2 -2 -1 -5 -4
right_child=1 -3 5 4 -6 -7
leaf_value=-0.0020861885723646913 0.00058890692043882221 0.002103814697627068 -0.00028275744027292762 -0.000222968972825042 -0.002171186161467518 -0.0026646133350267756
leaf_weight=129.02654442653875 855.23048613601713 157.94704611587804 211.44108555465937 851.75564083835343 74.664039194583893 45.378671959042549
leaf_count=2743 11518 1561 983 11203 311 205
internal_value=-5.69867e-06 0.000509917 0.0002668 -0.000625092 -0.000401493 -0.000787711
internal_weight=2325.44 1270 1112.05 1055.45 926.42 256.82
internal_count=28524 14267 12706 14257 11514 1188
is_linear=0
shrinkage=0.03


Tree=75
num_leaves=7
num_cat=0
split_feature=6 11 9 6 12 2
split_gain=0.704718 0.51278 0.390734 0.324554 0.32286 0.320618
threshold=0.48660875564318978 0.032281697496252829 0.040939178596200082 0.0012064119555888792 1.0693605923410969 -0.15528565336797193
decision_type=2 2 2 2 2 2
left_child=1 3 5 -1 -5 -3
right_child=-2 2 -4 4 -6 -7
leaf_value=-0.0007866411561106005 0.0032399797523821332 -0.0013715999348078076 0.0016310219431304744 0.00050312752041202469 -0.00066737648937421369 0.00054223967946377368
leaf_weight=725.37905386378407 50.872748299501836 90.936244374664966 231.10586617945228 556.25947676034411 329.16450027376413 349.78276501887012
leaf_count=10103 528 1498 2426 8158 1786 4087
internal_value=5.42738e-05 -3.05483e-05 0.000659837 -0.000320785 6.53884e-05 0.000125676
internal_weight=2333.5 2282.63 671.825 1610.8 885.424 440.719
internal_count=28586 28058 8011 20047 9944 5585
is_linear=0
shrinkage=0.03


Tree=76
num_leaves=7
num_cat=0
split_feature=3 0 8 12 12 13
split_gain=0.665153 0.644904 0.466882 0.403071 0.34498 0.352601
threshold=-0.23778735900948625 0.037267815895817187 0.24382171018321541 -0.21364645575827798 0.68329646417755796 2.3502401828962087
decision_type=2 2 2 2 2 2
left_child=-1 2 3 -2 -3 -6
right_child=1 4 -4 -5 5 -7
leaf_value=-0.0013477341296770156 0.0010540456072559471 0.0016885284079579063 0.0034916600969303511 -0.00050046060603121511 -0.00045382134175251076 0.0012862594482289241
leaf_weight=294.01984720095061 162.45336514874361 280.57552456058329 19.835110532352701 1172.3713272567838 227.44513288885355 178.7097758539021
leaf_count=4771 6451 4400 235 10333 1205 1182
internal_value=-3.83316e-05 0.000155911 -0.000224072 -0.00030484 0.000897933 0.000324331
internal_weight=2335.41 2041.39 1354.66 1334.82 686.73 406.155
internal_count=28577 23806 17019 16784 6787 2387
is_linear=0
shrinkage=0.03


Tree=77
num_leaves=7
num_cat=0
split_feature=6 2 1 3 3 1
split_gain=0.622764 0.581038 0.410732 0.342752 0.337915 0.297354
threshold=0.10197921733189015 -0.15647762910728583 -0.0080161763223423211 -0.043972332995704334 -0.14363314149880793 0.15778085092817892
decision_type=2 2 2 2 2 2
left_child=2 -2 4 5 -1 -3
right_child=1 3 -4 -5 -6 -7
leaf_value=-0.0014595485667493664 -0.00074888030368055623 0.00053392767647447996 0.00016636961540730506 0.0026115471831621431 -0.00021562166518455136 0.0030239347030283736
leaf_weight=369.29696862905985 187.09410247229971 475.49690532771638 747.01527225261088 106.21926989965141 416.44051409023814 38.521983274025843
leaf_count=5883 2387 4701 8934 977 5404 371
internal_value=1.79789e-05 0.000687431 -0.000336806 0.0011257 -0.000811263 0.000774681
internal_weight=2340.09 807.332 1532.75 620.238 785.737 514.019
internal_count=28657 8436 20221 6049 11287 5072
is_linear=0
shrinkage=0.03


Tree=78
num_leaves=7
num_cat=0
split_feature=0 12 9 2 7 2
split_gain=0.584878 0.46807 0.488424 0.369585 0.338751 0.273125
threshold=0.43439375533509822 0.55474014707024433 -0.0479994921989364 -0.091881238282751576 0.10471074070240456 -0.066918910517831526
decision_type=2 2 2 2 2 2
left_child=1 2 3 -1 -4 -5
right_child=-2 -3 4 5 -6 -7
leaf_value=-0.0016731044807964815 0.0028650385293312835 -0.00038871476272395286 0.00065799534171780041 0.0028941849990953951 0.0028807165321491721 -0.00030322029801749706
leaf_weight=130.974769055465 53.887547249963973 1386.0202181637287 595.56341914093355 24.166444589674938 60.737454828806221 75.821673471538816
leaf_count=3544 579 9158 12154 468 989 1647
internal_value=3.40646e-05 -4.52969e-05 0.000489519 -0.000676471 0.000903845 0.000662446
internal_weight=2327.17 2273.28 887.264 230.963 656.301 99.9881
internal_count=28539 27960 18802 5659 13143 2115
is_linear=0
shrinkage=0.03


Tree=79
num_leaves=7
num_cat=0
split_feature=0 12 10 9 4 8
split_gain=0.625689 0.421369 0.420798 0.387791 0.349498 0.298263
threshold=-0.10321933213394217 0.39937689652248115 0.033740746403338739 -0.0479994921989364 -0.073461209624556587 1.0000000180025095e-35
decision_type=2 2 2 2 2 2
left_child=5 3 -3 -2 -4 -1
right_child=1 2 4 -5 -6 -7
leaf_value=-0.0014440790353825754 -0.00034046306738053756 -0.00041881034969910077 0.0024789981508239987 0.0014855461364036394 0.00030682382606052826 -0.00013081603624290117
leaf_weight=314.96555307961535 138.721844383399 792.24327627569437 74.764553289860487 379.31506644818 330.12289809435606 302.92101998388534
leaf_count=5334 3398 5422 488 7793 2234 3806
internal_value=-1.70659e-06 0.000293428 -1.78098e-05 0.000999383 0.00075801 -0.000812585
internal_weight=2333.05 1715.17 1197.13 518.037 404.887 617.887
internal_count=28475 19335 8144 11191 2722 9140
is_linear=0
shrinkage=0.03


Tree=80
num_leaves=7
num_cat=0
split_feature=0 14 5 1 11 9
split_gain=0.704161 0.453638 0.599237 0.430244 0.377357 0.329212
threshold=-0.10616648025021812 0.19126102268699383 0.0059222193178511398 0.13502546795196826 0.1177214780063528 -0.012293082477522971
decision_type=2 2 2 2 2 2
left_child=4 2 3 -2 5 -1
right_child=1 -3 -4 -5 -6 -7
leaf_value=-0.0018675702994248103 0.00016931267720319158 -0.00030426797449768252 0.0020842358202480859 0.002996492185184193 0.0022865614547868348 -0.00041835282883553805
leaf_weight=232.01019076330704 823.62147155482671 636.24641802161932 214.13320040091639 41.593482232419774 23.68276078288909 357.12724670121679
leaf_count=4004 12787 3200 2889 529 298 4794
internal_value=1.61282e-05 0.000328152 0.000700317 0.000337908 -0.000848627 -0.00101072
internal_weight=2328.41 1715.59 1079.35 865.215 612.82 589.137
internal_count=28501 19405 16205 13316 9096 8798
is_linear=0
shrinkage=0.03


Tree=81
num_leaves=7
num_cat=0
split_feature=3 7 11 2 14 5
split_gain=0.547444 0.452001 0.462283 0.389373 0.334211 0.331789
threshold=-0.063284192030701139 -0.049373368455883922 0.1177214780063528 -0.10011530365952806 0.26553261454811949 -0.16518601690593379
decision_type=2 2 2 2 2 2
left_child=1 -1 4 -4 5 -3
right_child=-2 2 3 -5 -6 -7
leaf_value=-0.0012329967566546598 0.00084476373217989907 -0.0017560250717334918 -0.001165188557568145 0.0031479076646253271 -0.0010835528300183347 0.00020851083944252007
leaf_weight=336.3560412437364 511.3272912465618 73.387283819611184 19.842478852311615 59.667816565488465 273.17496465146542 1064.8713366490556
leaf_count=5869 5575 1065 227 595 1231 14048
internal_value=-1.33119e-05 -0.000256715 -2.97194e-05 0.00206161 -0.000161205 6.76609e-05
internal_weight=2338.63 1827.3 1490.94 79.5103 1411.43 1138.26
internal_count=28610 23035 17166 822 16344 15113
is_linear=0
shrinkage=0.03


Tree=82
num_leaves=7
num_cat=0
split_feature=9 7 11 4 8 8
split_gain=0.573727 0.46879 0.363493 0.363681 0.318907 0.27403
threshold=0.092126343155925647 -0.1012206054784139 0.12049035424195563 -0.10097386492774514 0.069429003396185338 -0.11115886499601917
decision_type=2 2 2 2 2 2
left_child=1 -1 3 -3 -2 -5
right_child=4 2 -4 5 -6 -7
leaf_value=-0.0017798233155760113 0.00039856216888384277 -0.00061734470306505976 0.0017396507001450421 -0.0015903228379287938 0.0022446697995502263 0.00040911246485275784
leaf_weight=154.3250039179984 263.40446538705146 894.88483523711329 81.392512882011943 57.219743618945358 117.92186305683572 764.09259244136047
leaf_count=3138 2964 10654 862 1023 1200 8640
internal_value=-3.67881e-05 -0.000245839 -0.000105027 -0.000202084 0.00101223 0.00025236
internal_weight=2333.24 1951.91 1797.59 1716.2 381.326 821.312
internal_count=28481 24317 21179 20317 4164 9663
is_linear=0
shrinkage=0.03


Tree=83
num_leaves=7
num_cat=0
split_feature=3 8 14 6 5 3
split_gain=0.627273 0.53978 0.405735 0.450532 0.346156 0.398576
threshold=-0.22058017816540673 0.15363962459631389 0.39928079229446084 0.21942293774864222 1.0000000180025095e-35 -0.036253145760558582
decision_type=2 2 2 2 2 2
left_child=-1 2 3 4 -2 -6
right_child=1 -3 -4 -5 5 -7
leaf_value=-0.0011863834060946207 -0.00032011319034713228 0.0016838276830536249 -0.0016893882688914274 0.0012562291666354335 0.00028164658270671657 0.0030635254528636139
leaf_weight=349.66038907272741 1131.8389034778811 182.73653347580694 107.82198675721884 259.51307991775684 247.63961046509212 47.76902362133842
leaf_count=5623 14600 1876 444 2654 2761 501
internal_value=-3.36393e-05 0.000175151 1.30477e-05 0.000131187 -8.06942e-05 0.00081707
internal_weight=2326.98 1977.32 1794.58 1686.76 1427.25 295.409
internal_count=28459 22836 20960 20516 17862 3262
is_linear=0
shrinkage=0.03


Tree=84
num_leaves=7
num_cat=0
split_feature=9 6 2 12 6 11
split_gain=0.650662 0.492426 0.4269 0.361216 0.299434 0.443398
threshold=0.012424429753408845 0.23559877714019117 0.070853757024241945 -0.28241313284128994 0.040974981868351461 0.078542774879905283
decision_type=2 2 2 2 2 2
left_child=2 3 4 -2 -1 -6
right_child=1 -3 -4 -5 5 -7
leaf_value=-0.0010638233241786015 0.0020251101532336147 0.0019175710850999296 0.0017608707623305616 7.1579969285898872e-05 -0.00042208568355401509 0.0020711574155105189
leaf_weight=588.42361610397347 84.216998163494281 183.47719844919629 63.41760444646934 897.86600997298956 449.40355650067795 64.635607975709718
leaf_count=8939 3363 1674 770 7673 5407 715
internal_value=3.42214e-05 0.000533185 -0.000464897 0.000257826 -0.000607609 -7.50432e-05
internal_weight=2331.44 1165.56 1165.88 982.083 1102.46 514.039
internal_count=28541 12710 15831 11036 15061 6122
is_linear=0
shrinkage=0.03


Tree=85
num_leaves=7
num_cat=0
split_feature=6 3 12 10 8 7
split_gain=0.612991 0.448508 0.372481 0.348704 0.335688 0.317046
threshold=0.35691040724095663 -0.28327963034124115 0.21240626309519153 0.034444023345312907 -0.030386970261778872 0.066046677959404942
decision_type=2 2 2 2 2 2
left_child=1 -1 5 -4 -2 -3
right_child=4 2 3 -5 -6 -7
leaf_value=-0.0015432365581476309 -0.00093224827867139813 0.00036748173628094308 -0.00052513994238701173 0.00044156429507314206 0.0024359993381633973 0.0023889137976361103
leaf_weight=172.84131284960313 27.602234662277624 402.75784912245581 1050.6692025829107 482.51624980196357 123.03449857700616 75.910639112233184
leaf_count=2904 351 11002 7981 3499 1154 1690
internal_value=1.03362e-05 -0.000120643 8.60196e-06 -0.000220014 0.0017992 0.000730381
internal_weight=2335.33 2184.7 2011.85 1533.19 150.637 478.668
internal_count=28581 27076 24172 11480 1505 12692
is_linear=0
shrinkage=0.03


Tree=86
num_leaves=7
num_cat=0
split_feature=0 14 5 3 7 2
split_gain=0.519616 0.448172 0.523885 0.484971 0.356705 0.28222
threshold=0.47614360576029618 0.34777674377166068 0.0031916264027651397 -0.12397367851890191 -0.1012206054784139 0.099123771241668573
decision_type=2 2 2 2 2 2
left_child=1 2 4 -4 -1 -6
right_child=-2 -3 3 -5 5 -7
leaf_value=-0.0015076587436149229 0.0030849710954517127 -0.0013443149856274086 0.00010586503109620571 0.0021112231444155817 -8.743176771059072e-05 0.0021204813554090685
leaf_weight=148.02316040795995 38.842724617570639 205.59512073546648 241.98670121561736 188.47378655953798 1463.6752263146627 44.013367149280384
leaf_count=3098 430 864 2936 2024 18643 541
internal_value=2.30679e-05 -4.20049e-05 9.21405e-05 0.00101189 -0.000151621 -9.42993e-06
internal_weight=2330.61 2291.77 2086.17 430.46 1655.71 1507.69
internal_count=28536 28106 27242 4960 22282 19184
is_linear=0
shrinkage=0.03


Tree=87
num_leaves=7
num_cat=0
split_feature=6 12 13 14 11 11
split_gain=0.450429 0.322991 0.346111 0.242258 0.208078 0.209961
threshold=0.23559877714019117 0.46000264152256515 2.3502401828962087 0.34777674377166068 0.12407294994155564 0.074260468982274827
decision_type=2 2 2 2 2 2
left_child=1 2 -1 -2 5 -3
right_child=3 4 -4 -5 -6 -7
leaf_value=0.00098133562634221167 0.0013782288832083259 -0.00027910110879500325 -0.00036712163698318027 -0.00091033996316217157 0.0013980085680475411 -0.0015839316441144571
leaf_weight=433.68822137694224 314.32878510828596 1120.9727858863771 272.16096518156701 40.730897486209869 50.306140508502722 114.27872909232974
leaf_count=8466 3394 7807 7765 169 334 777
internal_value=0.000129194 -4.81544e-05 0.000463533 0.00109795 -0.000330511 -0.000411567
internal_weight=2346.47 1991.41 705.849 355.06 1285.56 1235.25
internal_count=28712 25149 16231 3563 8918 8584
is_linear=0
shrinkage=0.03


Tree=88
num_leaves=7
num_cat=0
split_feature=3 1 9 2 7 7
split_gain=0.446264 0.429331 0.309784 0.223597 0.246774 0.195036
threshold=-0.28327963034124115 0.14530154715653951 0.19532017557108519 -0.30151836010627914 -0.012519924051464305 -0.12994332642376832
decision_type=2 2 2 2 2 2
left_child=-1 2 3 4 -2 -5
right_child=1 -3 -4 5 -6 -7
leaf_value=-0.0014117253316655181 9.453029009254942e-05 0.0022102401440558216 0.0020340909610091847 -0.0013369623106546289 -0.0031035104442686768 9.5067342049233165e-05
leaf_weight=177.12766331684543 41.727829112875042 74.617311339476146 57.151984934287611 79.732755171309691 34.021549014898483 1848.5956158638583
leaf_count=2998 1204 719 720 1420 657 20685
internal_value=-6.70007e-06 0.000115856 2.97332e-05 -3.72424e-05 -0.00153624 2.92636e-05
internal_weight=2312.97 2135.85 2061.23 2004.08 75.7494 1928.33
internal_count=28403 25405 24686 23966 1861 22105
is_linear=0
shrinkage=0.03


Tree=89
num_leaves=7
num_cat=0
split_feature=3 11 14 13 13 12
split_gain=0.547052 0.367878 0.326051 0.420407 0.319534 0.302292
threshold=-0.063284192030701139 0.12407294994155564 0.17596364934331074 2.249904835165133 2.1383330595080281 0.6291644606696819
decision_type=2 2 2 2 2 2
left_child=1 2 4 -4 5 -1
right_child=-2 -3 3 -5 -6 -7
leaf_value=0.0015339599033963639 0.00094850957335121616 0.0017994067521070365 -0.001428604403906706 5.7685095446040226e-05 -0.00017398794843626159 -0.0015764626336266371
leaf_weight=183.51764372328762 513.84364744724007 73.184902673994657 365.5558417737484 313.51732887327671 855.16810892143985 24.584685608744621
leaf_count=3019 5550 801 1880 1717 15316 200
internal_value=9.42533e-05 -0.000151396 -0.000243138 -0.000751529 8.55311e-05 0.00111107
internal_weight=2329.37 1815.53 1742.34 679.073 1063.27 208.102
internal_count=28483 22933 22132 3597 18535 3219
is_linear=0
shrinkage=0.03


Tree=90
num_leaves=7
num_cat=0
split_feature=0 3 12 13 11 9
split_gain=0.450613 0.346035 0.290467 0.360133 0.43146 0.304369
threshold=0.43439375533509822 -0.27975890772280637 0.55474014707024433 2.4414009612931857 0.1177214780063528 -0.05008156885698057
decision_type=2 2 2 2 2 2
left_child=1 -1 5 4 -4 -3
right_child=-2 2 3 -5 -6 -7
leaf_value=-0.0013169729402231017 0.0023587675647343096 -0.00078381146310969538 -0.00073001972211621984 0.00053839120361916465 0.0020346748808864157 0.00071599799417263474
leaf_weight=185.82451062789187 58.474883580813184 140.09421984740766 896.56538784503937 347.52673896402121 44.307593204081059 660.9881072397111
leaf_count=3122 618 3209 5530 2697 261 13156
internal_value=-3.94327e-05 -0.000111118 1.88499e-06 -0.000276358 -0.000579796 0.00044728
internal_weight=2333.78 2275.31 2089.48 1288.4 940.873 801.082
internal_count=28593 27975 24853 8488 5791 16365
is_linear=0
shrinkage=0.03


Tree=91
num_leaves=7
num_cat=0
split_feature=7 9 0 14 14 9
split_gain=0.545983 0.365527 0.3009 0.266519 0.226631 0.215973
threshold=-0.1012206054784139 0.012424429753408845 0.37741356860504249 0.10408937126195171 0.26042339298837675 -0.024446001009940457
decision_type=2 2 2 2 2 2
left_child=-1 4 3 -3 -2 -6
right_child=1 2 -4 -5 5 -7
leaf_value=-0.0014824744296139908 3.0173972704460649e-05 0.0012336911847425369 0.0026783121128197535 0.00016691962892274154 -0.00020632890950430868 -0.0021716391196106811
leaf_weight=176.35069540637778 872.24332992368727 286.14492441248149 49.57865163567476 745.09395759552717 118.29715801775455 80.740919068455696
leaf_count=3540 12778 6033 443 4736 543 370
internal_value=7.60308e-05 0.000210006 0.000596765 0.00047193 -0.000182105 -0.00106932
internal_weight=2328.45 2152.1 1080.82 1031.24 1071.28 199.038
internal_count=28443 24903 11212 10769 13691 913
is_linear=0
shrinkage=0.03


Tree=92
num_leaves=7
num_cat=0
split_feature=8 14 5 13 5 13
split_gain=0.443057 0.351799 0.490778 0.305795 0.293227 0.361325
threshold=0.15363962459631389 0.34777674377166068 0.0078245388400542699 1.8688348091416842 -0.01308681157510779 2.1383330595080281
decision_type=2 2 2 2 2 2
left_child=1 2 3 -1 -3 -6
right_child=-2 4 -4 -5 5 -7
leaf_value=0.001373268038104235 0.001225195943128318 -9.4645540722273678e-05 0.00097830650680202631 -0.00037081091323816647 -0.0040198177831103719 -0.00046719855958539744
leaf_weight=86.524137123371474 216.64001719473163 91.044379830360413 336.56705640611472 1496.2199098290585 48.732591725885868 51.218550845980644
leaf_count=801 2351 382 3893 20595 206 215
internal_value=-3.57308e-05 -0.000170343 -4.50526e-05 -0.000267444 -0.0013645 -0.00240739
internal_weight=2326.95 2110.31 1919.31 1582.74 190.996 99.9511
internal_count=28443 26092 25289 21396 803 421
is_linear=0
shrinkage=0.03


Tree=93
num_leaves=7
num_cat=0
split_feature=14 7 10 13 5 14
split_gain=0.553969 0.392551 0.393108 0.298197 0.252586 0.248474
threshold=0.34777674377166068 -0.1012206054784139 -0.067293250344397024 2.1383330595080281 -0.0070976237963942855 0.13854743565187916
decision_type=2 2 2 2 2 2
left_child=1 -1 -3 4 -2 -4
right_child=3 2 5 -5 -6 -7
leaf_value=-0.0012007610125451 -0.00083662697199988405 -0.0008112872489184676 0.00078362979931513707 -0.00022909511708083799 -0.0037974478726688224 5.5176960121823302e-05
leaf_weight=174.35482081855298 56.343582883477211 262.6972712535644 828.91652484494261 100.44524985551834 53.18444412946701 850.10021843016148
leaf_count=3587 236 3500 15298 421 224 5201
internal_value=-2.50386e-05 0.000123352 0.000247793 -0.00145812 -0.00247176 0.000417318
internal_weight=2326.04 2116.07 1941.71 209.973 109.528 1679.02
internal_count=28467 27586 23999 881 460 20499
is_linear=0
shrinkage=0.03


Tree=94
num_leaves=7
num_cat=0
split_feature=6 3 14 10 13 12
split_gain=0.377753 0.341272 0.397403 0.310854 0.318167 0.280095
threshold=0.48660875564318978 1.0000000180025095e-35 0.37914029185197939 0.07177459905782764 1.8688348091416842 0.77299125479265773
decision_type=2 2 2 2 2 2
left_child=1 2 3 4 -1 -5
right_child=-2 -3 -4 5 -6 -7
leaf_value=0.0013556263153169487 0.0022629149042877601 0.0010707453244332725 -0.0017314121937459079 -0.00013942453463323289 -0.00036829143347158423 0.0016864843163623743
leaf_weight=92.944703276036307 52.413724476704374 193.37106383813079 135.12783475220203 146.90360041649546 1553.4139318084053 142.78544858470559
leaf_count=839 529 2166 561 2700 20770 908
internal_value=-3.98476e-05 -0.00010286 -0.00021705 -0.000103 -0.000263371 0.000786796
internal_weight=2316.96 2264.55 2071.18 1936.05 1646.36 289.689
internal_count=28473 27944 25778 25217 21609 3608
is_linear=0
shrinkage=0.03


Tree=95
num_leaves=7
num_cat=0
split_feature=5 1 8 1 4 10
split_gain=0.444716 0.467952 0.282312 0.303386 0.233169 0.204239
threshold=0.0031916264027651397 0.12246022734998842 -0.073472239858278596 -0.11760646301303895 -0.20527905174907854 0.1159310085041081
decision_type=2 2 2 2 2 2
left_child=1 2 -1 -4 -5 -2
right_child=5 -3 3 4 -6 -7
leaf_value=-0.0011049850590213338 0.00065014234627708517 0.001861303927104494 -0.001314451206250684 -0.0013372838094425174 0.00016420409386982276 0.0030287997421375762
leaf_weight=300.43536243168637 464.55098900577286 86.610097171855159 155.82873414951609 90.88406797364587 1195.4446341639559 26.272578581469133
leaf_count=5445 4964 859 2382 1119 13419 265
internal_value=4.30196e-05 -0.000172983 -0.000284134 -0.0001067 4.86206e-05 0.0008354
internal_weight=2320.03 1829.2 1742.59 1442.16 1286.33 490.824
internal_count=28453 23224 22365 16920 14538 5229
is_linear=0
shrinkage=0.03


Tree=96
num_leaves=7
num_cat=0
split_feature=6 10 14 3 12 0
split_gain=0.422765 0.371759 0.380829 0.281297 0.27924 0.234288
threshold=0.48660875564318978 0.034444023345312907 0.44991690487052644 -0.26574844892452781 -0.25953266085441712 0.037267815895817187
decision_type=2 2 2 2 2 2
left_child=1 3 -3 -1 -5 -6
right_child=-2 2 -4 4 5 -7
leaf_value=-0.001590201771234514 0.0023642136443398497 0.00057673569624566571 -0.002650111455728904 0.00091874721540201418 -0.00067744982728881146 0.00020162390661331115
leaf_weight=149.82718765584286 52.438745286955964 682.87995788411354 24.750198155641556 151.72245196608128 871.85485450550914 389.58314703218639
leaf_count=2586 536 8252 103 5971 7926 3076
internal_value=-7.1703e-05 -0.000138079 0.000428517 -0.000395694 -0.000258766 -0.000406506
internal_weight=2323.06 2270.62 707.63 1562.99 1413.16 1261.44
internal_count=28450 27914 8355 19559 16973 11002
is_linear=0
shrinkage=0.03


Tree=97
num_leaves=7
num_cat=0
split_feature=7 8 12 13 7 0
split_gain=0.338002 0.261535 0.356541 0.232086 0.240131 0.228584
threshold=-0.086673610568304527 -0.078483461213622291 0.39937689652248115 1.8688348091416842 0.10471074070240456 0.40178485606223918
decision_type=2 2 2 2 2 2
left_child=-1 -2 3 -3 -5 -4
right_child=1 2 5 4 -6 -7
leaf_value=-0.0011212956818013539 -0.00082057410761118951 0.0027154063404632748 -0.00014973642087922994 0.0003429865237564882 0.0022110773754890115 0.0018022912922986724
leaf_weight=225.89468935440527 247.51233199899434 44.608082430320792 1269.5435769185424 430.45557491565705 63.539012542110868 46.381997019052505
leaf_count=4381 3943 507 8672 9593 1209 282
internal_value=-4.44149e-05 7.60726e-05 0.000199502 0.000842056 0.000622369 -6.78601e-05
internal_weight=2327.94 2102.04 1854.53 538.603 493.995 1315.93
internal_count=28587 24206 20263 11309 10802 8954
is_linear=0
shrinkage=0.03


Tree=98
num_leaves=7
num_cat=0
split_feature=9 11 1 7 11 12
split_gain=0.418941 0.319597 0.32383 0.257189 0.237525 0.198823
threshold=0.0083816976906488667 0.036351964896328519 0.080006244881746708 -0.086673610568304527 0.060046124206086647 1.0868614387781197
decision_type=2 2 2 2 2 2
left_child=3 2 -2 -1 -3 -5
right_child=1 4 -4 5 -6 -7
leaf_value=-0.0017008260649014806 -0.00016427515191223382 0.0020888097154813431 0.001613188819196069 9.4158885929055291e-06 0.00046097470524788777 -0.00088278973895802274
leaf_weight=120.70725936209783 776.84296285093296 128.56658816942945 94.507442311383784 688.86511923241778 211.6362086731242 323.52719185501337
leaf_count=2600 8777 1393 827 11076 2154 1787
internal_value=-3.36461e-05 0.00035278 4.46264e-05 -0.000446299 0.00111823 -0.000281549
internal_weight=2344.65 1211.55 871.35 1133.1 340.203 1012.39
internal_count=28614 13151 9604 15463 3547 12863
is_linear=0
shrinkage=0.03


Tree=99
num_leaves=7
num_cat=0
split_feature=8 14 5 8 12 13
split_gain=0.387676 0.364037 0.423594 0.359838 0.299251 0.306366
threshold=0.16065910807689715 0.34777674377166068 -0.020954887767423689 -0.26729143722763665 -0.21364645575827798 2.4414009612931857
decision_type=2 2 2 2 2 2
left_child=1 3 -3 -1 5 -5
right_child=-2 2 -4 4 -6 -7
leaf_value=-0.0031064526558357095 0.0011224107525416574 0.00014550896359291794 -0.0026174740790488845 0.0014740715677432699 -0.00019986142477371478 -0.0008613481352123647
leaf_weight=25.409564965870231 197.39108376711374 85.254406809806824 107.22488632798195 188.46434326173039 1672.9984388565645 60.407578561804257
leaf_count=796 2127 358 453 6493 15237 3097
internal_value=-0.000117016 -0.000236041 -0.00144693 -0.00010957 -5.40726e-05 0.00089583
internal_weight=2337.15 2139.76 192.479 1947.28 1921.87 248.872
internal_count=28561 26434 811 25623 24827 9590
is_linear=0
shrinkage=0.03


Tree=100
num_leaves=7
num_cat=0
split_feature=3 11 6 2 10 5
split_gain=0.444838 0.339908 0.313592 0.223931 0.19082 0.186525
threshold=-0.063284192030701139 0.12407294994155564 -0.11075844994962133 -0.10011530365952806 -0.067293250344397024 -0.037021766591677219
decision_type=2 2 2 2 2 2
left_child=1 2 -1 -3 5 -4
right_child=-2 3 4 -5 -6 -7
leaf_value=-0.0010189932981354015 0.00083118827549379137 -0.00079930296245621108 -0.0020666511622048798 0.0025803788279333095 9.979284507879913e-05 -0.00014359697365968338
leaf_weight=364.60916652993183 512.74641919403803 18.926314758078661 66.611670875921845 54.21042184822727 1199.093395158241 115.42602221143898
leaf_count=5939 5579 222 877 584 13869 1502
internal_value=5.96429e-05 -0.000161213 -0.000249129 0.00171484 -4.00261e-05 -0.000918259
internal_weight=2331.62 1818.88 1745.74 73.1367 1381.13 182.038
internal_count=28572 22993 22187 806 16248 2379
is_linear=0
shrinkage=0.03


Tree=101
num_leaves=7
num_cat=0
split_feature=14 9 7 2 11 6
split_gain=0.360753 0.390203 0.338417 0.380989 0.270154 0.262272
threshold=0.55453140630507913 0.012424429753408845 -0.029372683029864351 -0.15647762910728583 0.10323617462112523 0.040974981868351461
decision_type=2 2 2 2 2 2
left_child=1 4 -3 -4 -1 -6
right_child=-2 2 3 -5 5 -7
leaf_value=-0.00048466045006858845 -0.0031289280916211612 -0.0005359159399252201 -0.00047873318669032895 0.0010120331494827704 -0.00065499072358942258 0.0026506032736760168
leaf_weight=1088.9259165322292 23.158559031784534 253.87026776414132 190.86903830745723 696.58672739152098 31.903403864125721 40.868840299604926
leaf_count=14998 100 3474 2262 6778 418 463
internal_value=-2.20255e-05 2.2609e-05 0.000414752 0.000689646 -0.000362908 0.00129738
internal_weight=2326.18 2303.02 1141.33 887.456 1161.7 72.7722
internal_count=28493 28393 12514 9040 15879 881
is_linear=0
shrinkage=0.03


Tree=102
num_leaves=7
num_cat=0
split_feature=3 14 7 14 8 6
split_gain=0.351872 0.362236 0.343577 0.233714 0.223925 0.223098
threshold=-0.063284192030701139 0.34777674377166068 -0.083061578859629642 0.060460911484198181 -0.20918626893786371 0.34687206112964514
decision_type=2 2 2 2 2 2
left_child=1 2 -1 -2 -4 -6
right_child=3 -3 4 -5 5 -7
leaf_value=-0.001159351336711825 0.0023020443267315767 -0.0014695720105467956 -0.0021946175882443051 0.0004697680080315506 9.5346031747317223e-05 0.0014370672506714604
leaf_weight=194.76149540836923 64.63781543856021 157.92211998999119 25.797891991736833 451.5432122386992 1332.6353812892048 111.92562686529709
leaf_count=3879 2142 665 658 3416 16569 1204
internal_value=5.49719e-05 -0.000141566 -7.59522e-06 0.000738601 0.000151766 0.000208469
internal_weight=2339.22 1823.04 1665.12 516.181 1470.36 1444.56
internal_count=28533 22975 22310 5558 18431 17773
is_linear=0
shrinkage=0.03


Tree=103
num_leaves=7
num_cat=0
split_feature=14 9 10 11 2 12
split_gain=0.427615 0.340696 0.3015 0.361486 0.25999 0.28589
threshold=0.13854743565187916 -0.0479994921989364 0.034444023345312907 0.062752918087706028 -0.37504351911824763 0.85333498628541937
decision_type=2 2 2 2 2 2
left_child=1 -1 -2 -4 -3 -6
right_child=2 4 3 -5 5 -7
leaf_value=-0.00056167711268734894 -0.00077381726978522768 -0.0019950344944519825 -0.00021284214434139504 0.0020136464872046482 0.00094370788903964801 -0.00089762058474551483
leaf_weight=265.36390766818658 842.00080291926861 22.717524200881599 337.6692708209157 71.035697430372238 721.43588138883933 76.761790845543146
leaf_count=6183 4948 756 1957 391 13511 736
internal_value=-7.57013e-05 0.000357979 -0.000452218 0.000212987 0.000658443 0.000757714
internal_weight=2336.98 1086.28 1250.71 408.705 820.915 798.198
internal_count=28482 21186 7296 2348 15003 14247
is_linear=0
shrinkage=0.03


Tree=104
num_leaves=7
num_cat=0
split_feature=8 3 12 8 0 14
split_gain=0.285523 0.24927 0.281059 0.309885 0.260113 0.199786
threshold=0.19602008356865663 -0.28327963034124115 -0.24795873908838992 -0.14292115685014492 0.41759798524215869 0.030052557615538097
decision_type=2 2 2 2 2 2
left_child=1 -1 3 -3 -4 -5
right_child=-2 2 4 5 -6 -7
leaf_value=-0.001170637117983607 0.0013870740570997423 -0.001703794741658924 -0.00020318387343652814 3.3767704502605779e-05 0.001902925139257178 0.0020225719070588498
leaf_weight=173.81789165860391 110.47220850887243 25.580779569398146 1781.5680968398228 67.871316233096877 44.426510386168957 129.81408624351025
leaf_count=2899 1191 1430 15364 4417 331 2864
internal_value=-3.57309e-05 -0.00011233 -1.73154e-05 0.000963668 -0.000141857 0.00137426
internal_weight=2333.55 2223.08 2049.26 223.266 1825.99 197.685
internal_count=28496 27305 24406 8711 15695 7281
is_linear=0
shrinkage=0.03


Tree=105
num_leaves=7
num_cat=0
split_feature=0 5 0 1 10 8
split_gain=0.272982 0.240648 0.241132 0.221764 0.186944 0.27638
threshold=0.43439375533509822 0.0068280281555755324 0.099412190200719855 0.12647138997103682 -0.067293250344397024 -0.073472239858278596
decision_type=2 2 2 2 2 2
left_child=1 3 -3 4 -1 -6
right_child=-2 2 -4 -5 5 -7
leaf_value=-0.00097817782666934799 0.0019108702557918242 0.0010157072076613007 -0.00049812011466685371 0.0015467167225788562 -0.00099995217969252813 7.4953293492161223e-05
leaf_weight=249.73870154289762 57.985012007935438 325.96045477967709 124.81791965704178 55.340796443633735 248.87147697233013 1271.9788560127199
leaf_count=3632 598 3662 1162 526 4355 14657
internal_value=3.76232e-05 -1.82339e-05 0.000594824 -0.000171999 -0.000234103 -0.000106327
internal_weight=2334.69 2276.71 450.778 1825.93 1770.59 1520.85
internal_count=28592 27994 4824 23170 22644 19012
is_linear=0
shrinkage=0.03


Tree=106
num_leaves=7
num_cat=0
split_feature=2 3 7 9 14 12
split_gain=0.291216 0.217266 0.234054 0.245665 0.333628 0.259121
threshold=-0.30151836010627914 -0.30132294142327304 0.046957292169728999 -0.11209792205289283 0.093312834071850245 0.6291644606696819
decision_type=2 2 2 2 2 2
left_child=-1 -2 3 4 -3 -5
right_child=1 2 -4 5 -6 -7
leaf_value=-0.0015292696488696724 -0.0010984243964559212 -0.0012019277046456422 0.0005640548899272052 0.00028455176861466022 0.0032727758524018803 -0.00054923861068473874
leaf_weight=99.65150748702581 128.28762192290742 16.753695984953083 719.93957555788802 593.54274056255235 32.217358335852623 747.56809569150209
leaf_count=2522 1951 503 6902 11456 238 4917
internal_value=-1.9674e-05 5.40375e-05 0.000128957 -9.88046e-05 0.00179769 -0.000180849
internal_weight=2337.96 2238.31 2110.02 1390.08 48.9711 1341.11
internal_count=28489 25967 24016 17114 741 16373
is_linear=0
shrinkage=0.03


Tree=107
num_leaves=7
num_cat=0
split_feature=5 1 9 9 1 4
split_gain=0.380989 0.474522 0.320721 0.186599 0.192746 0.187282
threshold=0.0023618944578310927 0.12647138997103682 0.11115505832458211 0.012424429753408845 -0.16980555630058106 -0.19843267825481745
decision_type=2 2 2 2 2 2
left_child=1 3 -2 4 -1 -5
right_child=2 -3 -4 5 -6 -7
leaf_value=-0.0021372040608457249 0.00042479820766784678 0.0018916666860034172 0.0025899414562960358 -0.0012875046841810886 -0.00046407597634118134 0.00016367659519620029
leaf_weight=58.391925088741118 439.32976869511185 84.339940109523013 62.899821614613757 78.898996549425647 827.31391191636794 793.16762981569627
leaf_count=1432 4687 805 602 1020 11207 8810
internal_value=1.71588e-05 -0.000183187 0.000741232 -0.000292879 -0.000597009 1.9275e-05
internal_weight=2344.34 1842.11 502.23 1757.77 885.706 872.067
internal_count=28563 23274 5289 22469 12639 9830
is_linear=0
shrinkage=0.03


Tree=108
num_leaves=7
num_cat=0
split_feature=6 12 13 7 9 11
split_gain=0.320643 0.286956 0.275948 0.237669 0.196792 0.26776
threshold=0.32096808687955758 0.30276280311659326 1.8688348091416842 0.087282619561566452 0.11369430026391021 0.021970122372917119
decision_type=2 2 2 2 2 2
left_child=1 2 -1 4 -4 -6
right_child=-2 -3 3 -5 5 -7
leaf_value=0.0024042688515904919 0.0011540789818284018 -0.00030652924250909548 -0.00019424839420597789 0.0020342410679584878 -4.9546398262720196e-05 0.0037780022608606165
leaf_weight=49.576718173571862 194.03942739381455 1540.541481109336 440.92645631998312 49.802489313588012 39.005067421589047 18.128189212875441
leaf_count=664 1951 11248 12200 1077 925 452
internal_value=1.76476e-05 -9.03856e-05 0.000462828 0.000247196 3.19817e-05 0.00154678
internal_weight=2332.02 2137.98 597.439 547.862 498.06 57.1333
internal_count=28517 26566 15318 14654 13577 1377
is_linear=0
shrinkage=0.03


Tree=109
num_leaves=7
num_cat=0
split_feature=8 0 12 11 14 6
split_gain=0.375181 0.337184 0.324586 0.263431 0.326445 0.255636
threshold=-0.073472239858278596 -0.029033186183029438 -0.24795873908838992 -0.033047473091117822 0.39928079229446084 0.34687206112964514
decision_type=2 2 2 2 2 2
left_child=-1 2 -2 -3 5 -5
right_child=1 3 -4 4 -6 -7
leaf_value=-0.00080821988588561302 0.0015087688749916423 0.0013808960159280874 -0.00051555859195908066 0.0002808106557163942 -0.0015664341111583434 0.0017771154310155498
leaf_weight=343.67138997651637 70.782889346097363 254.1593516364228 611.06447441130877 882.92488848627545 67.411578983068466 107.31543151079677
leaf_count=6109 2890 2556 5504 10118 279 1105
internal_value=9.3121e-05 0.000251754 -0.000286642 0.000531651 0.000316551 0.000459116
internal_weight=2337.33 1993.66 681.847 1311.81 1057.65 990.24
internal_count=28561 22452 8394 14058 11502 11223
is_linear=0
shrinkage=0.03


Tree=110
num_leaves=7
num_cat=0
split_feature=9 2 11 2 0 0
split_gain=0.384617 0.377906 0.276541 0.345193 0.190052 0.181026
threshold=0.092126343155925647 -0.21833979506194259 0.12049035424195563 -0.10011530365952806 0.034805068699937498 -0.11656588370096797
decision_type=2 2 2 2 2 2
left_child=1 -1 5 -4 -2 -3
right_child=4 2 3 -5 -6 -7
leaf_value=-0.0013316617054693084 0.00037153111856641973 -0.00065637808790579635 -0.0014156618018758703 0.0026152084291180574 0.0017699406793182885 7.3540211254054401e-05
leaf_weight=212.09794142225292 267.38636275852332 394.38458983844612 18.958433701540343 60.75352692429442 125.61509861424565 1247.7732863341807
leaf_count=4425 3087 5308 208 643 1146 13695
internal_value=7.88912e-06 -0.000167005 -1.66828e-05 0.00160558 0.000851333 -0.000104671
internal_weight=2326.97 1933.97 1721.87 79.712 393.001 1642.16
internal_count=28512 24279 19854 851 4233 19003
is_linear=0
shrinkage=0.03


Tree=111
num_leaves=7
num_cat=0
split_feature=14 8 12 6 4 12
split_gain=0.378392 0.275506 0.219749 0.183892 0.250194 0.188221
threshold=0.42119311821946898 -0.22532880533137303 2.2414100735254894 -0.083856123579881162 -0.091874389288972222 -0.27015365731995983
decision_type=2 2 2 2 2 2
left_child=1 -1 -2 -3 5 -5
right_child=2 3 -4 4 -6 -7
leaf_value=-0.0021201103003244508 -0.002769376595664889 -0.00037949903921544013 -0.00012185218252303987 0.001152582661916248 0.0006615749191781501 -0.00021534470953059505
leaf_weight=40.435081105213612 58.594520024955273 497.26911472345819 49.562673464417458 91.646681195939891 781.9673621946713 819.61863964982331
leaf_count=1238 240 7501 205 3474 8895 7099
internal_value=-1.45631e-05 7.27427e-05 -0.00166915 0.000122672 0.000271512 -6.67536e-05
internal_weight=2339.09 2230.94 108.157 2190.5 1693.23 911.265
internal_count=28652 28207 445 26969 19468 10573
is_linear=0
shrinkage=0.03


Tree=112
num_leaves=7
num_cat=0
split_feature=6 14 6 8 1 8
split_gain=0.343871 0.252514 0.28837 0.205639 0.623603 0.299096
threshold=0.48660875564318978 0.26042339298837675 -0.26460050515902572 0.016998922566884626 -0.012639221018461247 0.077824075774908255
decision_type=2 2 2 2 2 2
left_child=1 2 -1 4 -3 -5
right_child=-2 3 -4 5 -6 -7
leaf_value=-0.0011034144593448855 0.0021666244699217719 -0.0019226048287445334 0.00021493398201299268 -0.0022677622372690299 0.0012384384723510605 -0.00018155364078132228
leaf_weight=153.91217821612372 54.172820141073316 82.4620431214571 1674.9318639072881 119.80388917773962 133.09358443319798 121.75925980508327
leaf_count=3309 536 387 22665 546 603 546
internal_value=6.31175e-07 -5.99117e-05 9.8587e-05 -0.00068257 -2.46223e-06 -0.00126523
internal_weight=2340.14 2285.96 1828.84 457.119 215.556 241.563
internal_count=28592 28056 25974 2082 990 1092
is_linear=0
shrinkage=0.03


Tree=113
num_leaves=7
num_cat=0
split_feature=8 1 11 2 7 3
split_gain=0.28309 0.527985 0.242272 0.236835 0.198124 0.196765
threshold=0.21437915144450528 0.012225534529045835 0.1118135515295258 -0.10597808374160379 0.015771530515367584 -0.28327963034124115
decision_type=2 2 2 2 2 2
left_child=2 4 5 -4 -2 -1
right_child=1 -3 3 -5 -6 -7
leaf_value=-0.0011073724714984537 0.00070750574039289639 -0.00062832591718981769 -0.00080083422619205819 0.0020503811549623971 0.0051693218633766672 -7.0975819079883878e-05
leaf_weight=170.13431882346049 17.476386025198735 45.236864755628631 31.079806631314568 77.454451793222688 22.068183040362783 1968.2665096450946
leaf_count=2899 215 440 376 800 250 23516
internal_value=-1.83474e-05 0.0015879 -8.57216e-05 0.00123523 0.00373826 -0.000158204
internal_weight=2331.72 84.7814 2246.94 108.534 39.5446 2138.4
internal_count=28496 905 27591 1176 465 26415
is_linear=0
shrinkage=0.03


Tree=114
num_leaves=7
num_cat=0
split_feature=3 11 8 3 14 2
split_gain=0.393037 0.26402 0.226824 0.215644 0.196898 0.175703
threshold=-0.063284192030701139 0.12407294994155564 0.12380466076582199 -0.073684603487985403 0.34777674377166068 -0.13530352411490817
decision_type=2 2 2 2 2 2
left_child=1 3 -3 4 -1 -2
right_child=5 2 -4 -5 -6 -7
leaf_value=-0.00011100584732144777 -0.00011035403728998412 8.8998485771214951e-05 0.0032285500600634609 -0.0021682534200055423 -0.0012231517552904979 0.0010883558375496558
leaf_weight=1543.9881304432347 153.93376658897614 49.435678863432258 26.388438068097457 42.650391300441697 148.27342207729816 361.48873180069495
leaf_count=21023 1835 541 258 508 624 3739
internal_value=1.23019e-05 -0.000196339 0.0014305 -0.000275231 -0.000215063 0.000735068
internal_weight=2326.16 1810.74 75.8241 1734.91 1692.26 515.422
internal_count=28528 22954 799 22155 21647 5574
is_linear=0
shrinkage=0.03


Tree=115
num_leaves=7
num_cat=0
split_feature=14 13 8 6 1 5
split_gain=0.268086 0.283961 0.30794 0.234992 0.205396 0.351569
threshold=0.34777674377166068 1.8688348091416842 0.12602776936407481 0.21942293774864222 -0.03345682708031128 -0.020954887767423689
decision_type=2 2 2 2 2 2
left_child=1 -1 3 -3 -2 -6
right_child=4 2 -4 -5 5 -7
leaf_value=0.0015845745620452292 -0.002335559477528489 -0.00019269728589211605 0.0010315169113009957 0.00076690207827312688 0.0014113684208610696 -0.0013741083482568732
leaf_weight=113.92485381755978 54.790081992745399 1472.9038647016569 267.67207624140428 261.79740707128076 57.521564796566963 93.635901287198067
leaf_count=1033 234 20514 3180 2833 240 392
internal_value=8.87779e-05 0.000190699 0.000103914 -4.43111e-05 -0.000918882 -0.000292318
internal_weight=2322.25 2116.3 2002.37 1734.7 205.948 151.157
internal_count=28426 27560 26527 23347 866 632
is_linear=0
shrinkage=0.03


Tree=116
num_leaves=7
num_cat=0
split_feature=0 2 2 4 11 6
split_gain=0.292405 0.322565 0.275191 0.262143 0.231161 0.194092
threshold=0.037267815895817187 0.074802766540196727 -0.005953549400192674 -0.091874389288972222 0.025181513954147677 -0.075357374912390349
decision_type=2 2 2 2 2 2
left_child=1 2 3 -1 -4 -5
right_child=-2 -3 4 5 -6 -7
leaf_value=-0.00049666137385869337 0.00050009880399214243 0.0016715713181087769 -0.00051637536608506679 -0.00043547751828626279 -0.0027455500699677757 0.00075246740030768949
leaf_weight=782.34548824568628 779.98275497637223 68.418617952498607 118.42676118633244 178.29700531359413 60.416258419980295 358.96017736478825
leaf_count=10691 7943 811 1572 2615 815 4159
internal_value=2.91101e-05 -0.000207032 -0.000303321 -0.000148838 -0.00137494 0.000357476
internal_weight=2346.85 1566.86 1498.45 1319.6 178.843 537.257
internal_count=28606 20663 19852 17465 2387 6774
is_linear=0
shrinkage=0.03


Tree=117
num_leaves=7
num_cat=0
split_feature=3 8 6 4 3 3
split_gain=0.329365 0.26302 0.252759 0.191117 0.199802 0.194782
threshold=-0.28773087752906246 -0.071960305639966846 0.48660875564318978 -0.16196395457970744 -1.0000000180025095e-35 -0.18324243827121642
decision_type=2 2 2 2 2 2
left_child=-1 -2 3 4 5 -3
right_child=1 2 -4 -5 -6 -7
leaf_value=-0.0012032449824447235 -0.00067527787791352286 0.00071668134801924563 0.002242626098981633 0.00034817661708739345 0.0016260082276674615 -0.0010183925466438425
leaf_weight=172.97868370101787 308.25281475993688 66.719940813083667 46.131982769060414 1445.4483761945157 29.162328368867747 256.9579178566928
leaf_count=2934 5207 962 446 15688 342 2955
internal_value=1.89895e-05 0.000122312 0.000258534 0.000195515 -0.000422241 -0.000649981
internal_weight=2325.65 2152.67 1844.42 1798.29 352.84 323.678
internal_count=28534 25600 20393 19947 4259 3917
is_linear=0
shrinkage=0.03


Tree=118
num_leaves=7
num_cat=0
split_feature=0 3 14 4 8 7
split_gain=0.224566 0.164432 0.194329 0.243298 0.184716 0.170479
threshold=0.47614360576029618 -0.28327963034124115 0.062725418574607325 -0.037142391127425026 -0.18888282875048071 0.037669223110338934
decision_type=2 2 2 2 2 2
left_child=1 -1 4 -4 -3 -5
right_child=-2 2 3 5 -6 -7
leaf_value=-0.00083380934444507524 0.0020645996136212817 -0.0015548159916778203 -0.00021324349389140065 9.2746979323995809e-05 0.00097051824492078338 0.0013801466965232148
leaf_weight=180.80986743830726 38.892024749482516 19.62230028459453 1432.1647821553051 221.12353926151991 290.29904575305409 151.20389115065336
leaf_count=3003 414 1042 11369 1789 9783 1085
internal_value=5.27366e-05 9.83774e-06 8.55658e-05 -3.50573e-05 0.000767028 0.00063799
internal_weight=2334.12 2295.22 2114.41 1804.49 309.921 372.327
internal_count=28485 28071 25068 14243 10825 2874
is_linear=0
shrinkage=0.03


Tree=119
num_leaves=7
num_cat=0
split_feature=7 1 14 9 5 13
split_gain=0.29157 0.165712 0.157074 0.331389 0.233839 0.183612
threshold=-0.12994332642376832 -0.27900119354825853 0.10408937126195171 0.092126343155925647 0.072367966536493508 2.0126758453675748
decision_type=2 2 2 2 2 2
left_child=1 -1 3 4 5 -2
right_child=2 -3 -4 -5 -6 -7
leaf_value=0.00064465293921356977 0.0016745684269672276 -0.0019935242366918063 -9.2671009547371961e-05 0.0018812318239134047 0.0024721953214013161 -0.00016493709374775363
leaf_weight=22.278276463737711 43.741416660137475 86.628614492190536 1517.7864455357194 110.50603930559009 26.750672797556035 525.03705648172763
leaf_count=617 934 1788 9879 2287 555 12427
internal_value=2.51679e-06 -0.00144502 7.95584e-05 0.000445929 0.000152926 3.01708e-06
internal_weight=2332.73 108.907 2223.82 706.035 595.529 568.778
internal_count=28487 2405 26082 16203 13916 13361
is_linear=0
shrinkage=0.03


Tree=120
num_leaves=7
num_cat=0
split_feature=3 11 7 2 2 14
split_gain=0.293864 0.281721 0.295863 0.287001 0.277532 0.262125
threshold=-0.28327963034124115 0.046946400442268992 0.030309791846598554 -0.11302034772850834 -0.027034349323473508 0.10408937126195171
decision_type=2 2 2 2 2 2
left_child=-1 2 -2 -3 -5 -6
right_child=1 3 -4 4 5 -7
leaf_value=-0.0010873425408328597 -0.0003642755192090468 -0.00031581776554768875 0.00045390991366685144 0.0019024013657206182 0.0017183609157472163 -0.00075845423531363824
leaf_weight=180.18262968765339 1015.802266548737 152.1549196607084 639.78456235514022 205.63939344044775 51.826589045929722 92.109922580420971
leaf_count=3054 13386 1969 6439 2048 1080 570
internal_value=4.35746e-05 0.000142612 -4.72692e-05 0.000757851 0.00122096 0.000187056
internal_weight=2337.5 2157.32 1655.59 501.731 349.576 143.937
internal_count=28546 25492 19825 5667 3698 1650
is_linear=0
shrinkage=0.03


Tree=121
num_leaves=7
num_cat=0
split_feature=6 8 12 7 0 2
split_gain=0.318771 0.241046 0.209792 0.180726 0.205415 0.24341
threshold=0.48660875564318978 -0.22532880533137303 -0.25953266085441712 -0.13691885004811477 -0.34270466554965867 -0.1443201223262616
decision_type=2 2 2 2 2 2
left_child=1 -1 -3 -4 5 -5
right_child=-2 2 3 4 -6 -7
leaf_value=-0.0020651928472630726 0.0021638539023682611 0.00084536759120537467 -0.0014997100637059908 0.0026954843447801686 -9.8645174144251118e-05 -9.5547535834579586e-05
leaf_weight=40.994586250046268 51.449028454779182 237.26139051021892 67.641775486990809 43.176324119791389 1844.7052591629326 58.292643178254366
leaf_count=1236 524 9380 786 455 15639 568
internal_value=3.14816e-05 -2.55744e-05 2.05387e-05 -8.03369e-05 -2.35904e-05 0.00122734
internal_weight=2343.52 2292.07 2251.08 2013.82 1946.17 101.469
internal_count=28588 28064 26828 17448 16662 1023
is_linear=0
shrinkage=0.03


Tree=122
num_leaves=7
num_cat=0
split_feature=9 14 7 0 9 9
split_gain=0.3404 0.274936 0.335664 0.182008 0.176522 0.156136
threshold=-0.05898344389584334 0.10408937126195171 0.061193578206244471 -0.063632165599350574 0.092126343155925647 0.19532017557108519
decision_type=2 2 2 2 2 2
left_child=3 2 4 -1 -2 -3
right_child=1 5 -4 -5 -6 -7
leaf_value=-0.0016797963339744105 -5.4513787308385103e-05 -0.00018169708502310616 0.0018959448989732501 -0.0003597156332201228 0.001361098991272076 0.0015418644836616459
leaf_weight=133.85788507197867 370.01683970191516 1269.2825311347842 138.0994891502196 293.61872550175758 90.653064581332728 39.170535743236542
leaf_count=2511 8828 8275 2595 4063 2015 239
internal_value=-4.70955e-05 0.000125412 0.000652252 -0.000802028 0.000247058 -0.000118796
internal_weight=2334.7 1907.22 598.769 427.477 460.67 1308.45
internal_count=28526 21952 13438 6574 10843 8514
is_linear=0
shrinkage=0.03


Tree=123
num_leaves=7
num_cat=0
split_feature=8 1 7 14 9 7
split_gain=0.267474 0.323555 0.189109 0.198749 0.338825 0.249645
threshold=0.23167278192172339 0.0028860656969736799 -0.13691885004811477 0.10408937126195171 -0.068590406978827526 0.12150264140302343
decision_type=2 2 2 2 2 2
left_child=2 -2 -1 4 -4 -6
right_child=1 -3 3 -5 5 -7
leaf_value=-0.0012799938314102769 0.0038047955400429623 -0.00015810972064876888 -0.0008850004099402168 -0.00018051010953152365 0.00053406998201030855 0.00266420428942152
leaf_weight=96.349873886356363 26.373163506621495 36.270465601701289 132.96482917817775 1482.5370109900832 514.73326876037754 46.177690577111207
leaf_count=2199 308 363 3680 9715 11485 813
internal_value=1.23308e-05 0.00180438 -4.4751e-05 1.55374e-05 0.000431027 0.00075303
internal_weight=2335.41 62.6436 2272.76 2176.41 693.876 560.911
internal_count=28563 671 27892 25693 15978 12298
is_linear=0
shrinkage=0.03


Tree=124
num_leaves=7
num_cat=0
split_feature=14 5 2 11 8 12
split_gain=0.370509 0.28456 0.316329 0.318605 0.290078 0.269473
threshold=0.34777674377166068 0.0078245388400542699 -0.005953549400192674 0.1177214780063528 0.0035642291151790355 2.0526027729054004
decision_type=2 2 2 2 2 2
left_child=1 -1 4 -4 -3 -2
right_child=5 2 3 -5 -6 -7
leaf_value=-1.6541424114792015e-05 -0.0020402988310428186 0.0001017650507047467 -0.0016926090797640242 0.0016208268068418432 0.0019866409759323636 7.7837616922377909e-05
leaf_weight=1709.1315885585209 116.57404878735542 115.96954730700236 66.331374687375501 30.393016893183812 196.04754394263728 93.11259937286377
leaf_count=22964 493 1521 746 342 2057 389
internal_value=3.41266e-05 0.000155082 0.000855976 -0.000597137 0.00131099 -0.001139
internal_weight=2327.56 2117.87 408.741 96.7244 312.017 209.687
internal_count=28512 27630 4666 1088 3578 882
is_linear=0
shrinkage=0.03


Tree=125
num_leaves=7
num_cat=0
split_feature=3 10 1 2 0 12
split_gain=0.314561 0.266991 0.260669 0.281326 0.210615 0.194069
threshold=-0.22058017816540673 -0.038778416572209783 -0.062949607347448949 -0.19482125883328516 0.032162804726400658 0.7503965373116207
decision_type=2 2 2 2 2 2
left_child=-1 4 5 -4 -2 -3
right_child=1 2 3 -5 -6 -7
leaf_value=-0.00082090972517293449 -0.0008655739061181921 0.00032753370741767416 -0.00083153954967653634 0.00069838646576934438 0.00043753290194456366 -0.0011324424892140581
leaf_weight=344.17389906130848 336.5433597114752 155.24111909745261 111.68725079565775 1078.2184253626037 157.23099274223205 155.67652660608292
leaf_count=5588 4521 3331 1515 10883 1661 1016
internal_value=3.31132e-06 0.000148919 0.000347699 0.000549051 -0.000450181 -0.000415986
internal_weight=2338.77 1994.6 1500.82 1189.91 493.774 310.918
internal_count=28515 22927 16745 12398 6182 4347
is_linear=0
shrinkage=0.03


Tree=126
num_leaves=7
num_cat=0
split_feature=7 1 1 3 14 8
split_gain=0.247149 0.207759 0.192335 0.186141 0.209325 0.150275
threshold=-0.13691885004811477 0.21832731108449541 -0.2884259271681418 -0.22058017816540673 0.55453140630507913 -0.071960305639966846
decision_type=2 2 2 2 2 2
left_child=2 3 -1 -2 5 -5
right_child=1 -3 -4 4 -6 -7
leaf_value=0.00097893295636447574 -0.00061168052617271984 0.0026787619815221088 -0.0020333035307397271 -0.00049995508477983003 -0.0021782413991812979 0.00029398859616963316
leaf_weight=17.91290545288939 330.16748394473689 17.083391186315566 76.754147626284976 237.41304177508573 24.198306061327457 1639.270256553893
leaf_count=522 5014 173 1634 3556 104 17566
internal_value=8.85139e-07 6.69381e-05 -0.00142426 3.50752e-05 0.000150025 0.000191432
internal_weight=2342.8 2248.13 94.6671 2231.05 1900.88 1876.68
internal_count=28569 26413 2156 26240 21226 21122
is_linear=0
shrinkage=0.03


Tree=127
num_leaves=7
num_cat=0
split_feature=9 0 14 3 2 14
split_gain=0.253706 0.267453 0.277066 0.255504 0.207851 0.211622
threshold=0.092126343155925647 0.032162804726400658 0.26553261454811949 -0.022767433804076226 -0.37504351911824763 0.34777674377166068
decision_type=2 2 2 2 2 2
left_child=3 2 -2 4 -1 -6
right_child=1 -3 -4 -5 5 -7
leaf_value=-0.0019190901833196713 0.00060253197913917827 0.0017376323018462492 -0.001670550424050731 -0.0017842226824639964 8.4341594055151178e-05 -0.0010213857989965264
leaf_weight=43.270127021736698 212.97531831864035 130.76445147278719 51.631585352122784 71.885555395565461 1674.0508967011992 161.66011981666088
leaf_count=1298 2831 1160 233 752 21653 683
internal_value=-2.39363e-06 0.000680827 0.000114313 -0.000143624 -7.17455e-05 -1.80395e-05
internal_weight=2346.24 395.371 264.607 1950.87 1878.98 1835.71
internal_count=28610 4224 3064 24386 23634 22336
is_linear=0
shrinkage=0.03


Tree=128
num_leaves=7
num_cat=0
split_feature=9 14 5 2 2 2
split_gain=0.272702 0.203607 0.289368 0.324424 0.293902 0.415644
threshold=0.19532017557108519 0.26042339298837675 0.0023618944578310927 0.099123771241668573 -0.031649333453775123 -0.10011530365952806
decision_type=2 2 2 2 2 2
left_child=1 2 3 -1 5 -4
right_child=-2 -3 4 -5 -6 -7
leaf_value=-0.00013199701879142988 0.0018938173447816675 -0.00055654034583349423 0.00017357699051033035 0.0023145767064072014 -0.000363276943908819 0.0025355304079299236
leaf_weight=1397.0092817960249 61.022856071766 452.17967772483826 129.74971951427869 40.535526530060451 115.63848978548776 132.34729878546204
leaf_count=20468 760 2062 1751 545 1436 1498
internal_value=6.33195e-05 5.95723e-06 0.000148355 -4.74961e-05 0.000875704 0.00141561
internal_weight=2328.48 2267.46 1815.28 1437.54 377.736 262.097
internal_count=28520 27760 25698 21013 4685 3249
is_linear=0
shrinkage=0.03


Tree=129
num_leaves=7
num_cat=0
split_feature=9 14 2 11 2 11
split_gain=0.243883 0.245432 0.189459 0.246295 0.2117 0.298141
threshold=0.092126343155925647 0.059054425771793852 -0.11302034772850834 0.12407294994155564 -0.068398530392646747 -0.042348408630126337
decision_type=2 2 2 2 2 2
left_child=2 -2 -1 4 -4 -6
right_child=1 -3 3 -5 5 -7
leaf_value=-0.00038984516756826102 0.0025600913425835106 0.00042688882737079096 0.00060258025093715627 0.0019290818377488837 0.0017643821102495715 -0.00049023343415756609
leaf_weight=880.15995590941748 47.896450783475302 342.74471701681614 404.58608184676268 59.578848394565284 48.545520751737058 542.53783032181673
leaf_count=12331 1599 2572 4321 615 572 6507
internal_value=7.20221e-05 0.000745812 -6.71097e-05 0.00020321 8.17819e-05 -0.00027879
internal_weight=2326.05 390.641 1935.41 1055.25 995.669 591.083
internal_count=28517 4171 24346 12015 11400 7079
is_linear=0
shrinkage=0.03


Tree=130
num_leaves=7
num_cat=0
split_feature=7 12 6 9 2 7
split_gain=0.182748 0.197565 0.259026 0.263578 0.216801 0.19788
threshold=-0.13691885004811477 1.0868614387781197 -0.22140455254610095 -0.09111415112590128 -0.40755193140783313 0.15260500629163429
decision_type=2 2 2 2 2 2
left_child=-1 4 -3 -4 -2 -6
right_child=1 2 3 -5 5 -7
leaf_value=-0.0011890851081482053 -0.0021948585227877311 0.0016171699699181791 -0.0020980603138491269 -0.0002384006472232148 0.00026526783207550612 0.0018039486135934184
leaf_weight=94.788779149123002 20.842714716738556 50.331699009984732 66.711434677243233 688.13038469105959 1354.4396601143817 70.197762222145684
leaf_count=2145 666 293 374 3724 20566 855
internal_value=3.58757e-05 9.2498e-05 -0.00028192 -0.000428036 0.000301563 0.000353131
internal_weight=2345.44 2250.65 805.174 754.842 1445.48 1424.64
internal_count=28623 26478 4391 4098 22087 21421
is_linear=0
shrinkage=0.03


Tree=131
num_leaves=7
num_cat=0
split_feature=9 1 4 10 0 2
split_gain=0.292028 0.219915 0.228735 0.190695 0.238945 0.200996
threshold=-0.16758175378415588 -0.064059742560975366 -0.15915648616274267 -0.038778416572209783 0.032162804726400658 -0.023710074194731059
decision_type=2 2 2 2 2 2
left_child=-1 -2 -3 4 -4 -5
right_child=1 2 3 5 -6 -7
leaf_value=-0.0016787221866174883 -0.00046399608580670467 -0.00044116471965006959 -0.0015794004647715517 0.0007322746111237692 0.00097842357051757391 -0.00014034354929636582
leaf_weight=78.461970196396578 509.90244578520651 347.53874840657227 80.289681385504082 961.86494143761229 43.315803675446659 310.61975501471898
leaf_count=1447 7939 4016 937 10203 447 3497
internal_value=1.22834e-05 7.8316e-05 0.00023865 0.000409815 -0.000676904 0.000519831
internal_weight=2331.99 2253.53 1743.63 1396.09 123.605 1272.48
internal_count=28486 27039 19100 15084 1384 13700
is_linear=0
shrinkage=0.03


Tree=132
num_leaves=7
num_cat=0
split_feature=1 9 14 8 9 7
split_gain=0.277873 0.164205 0.175446 0.257141 0.206192 0.195261
threshold=0.18475683102300966 0.19532017557108519 0.11192693397242209 -0.2337643035899126 -0.05898344389584334 0.10471074070240456
decision_type=2 2 2 2 2 2
left_child=1 2 3 -1 -5 -6
right_child=-2 -3 -4 4 5 -7
leaf_value=-0.002328603752210911 0.0023101167754912325 0.0013249660110768178 -0.00031832674503024102 -0.00056763216935204973 0.00039396797783964672 0.0020721533899913523
leaf_weight=23.976228230283596 34.876635136432014 63.236725499329623 1423.7247940301895 168.11968778658775 552.70832045844872 61.740346628590487
leaf_count=1019 339 770 9098 4406 11824 1036
internal_value=-2.80382e-05 -7.34682e-05 -0.000118856 0.000232838 0.000339705 0.000593077
internal_weight=2328.38 2293.51 2230.27 806.545 782.568 614.449
internal_count=28492 28153 27383 18285 17266 12860
is_linear=0
shrinkage=0.03


Tree=133
num_leaves=7
num_cat=0
split_feature=11 9 14 11 13 9
split_gain=0.232899 0.189003 0.256047 0.241576 0.27427 0.291331
threshold=-0.066688996009651044 -0.035541498539396733 0.22262401428608852 -0.030830707520724369 2.4414009612931857 0.076383086183208951
decision_type=2 2 2 2 2 2
left_child=-1 -2 -3 -4 5 -5
right_child=1 2 3 4 -6 -7
leaf_value=-0.00072787639043670328 -0.00034715735182960198 0.00055808852739197513 0.001375393723513014 -0.0015532320149483029 0.0011319979753246661 0.00033965881905044482
leaf_weight=318.40931066614576 532.90964864916168 1052.208103067358 56.786064356565475 212.20672227442265 61.128022372722626 104.48649118840694
leaf_count=4199 7744 14510 275 1016 301 486
internal_value=1.33772e-05 0.000133246 0.000306603 -0.000301116 -0.000582061 -0.000937431
internal_weight=2338.13 2019.73 1486.82 434.607 377.821 316.693
internal_count=28531 24332 16588 2078 1803 1502
is_linear=0
shrinkage=0.03


Tree=134
num_leaves=7
num_cat=0
split_feature=5 7 8 12 6 5
split_gain=0.222032 0.185453 0.184525 0.184168 0.214819 0.175776
threshold=-0.15397782524518244 0.0018172984479440013 -0.21719426601985567 0.52314977153563791 -0.16205109169405274 0.0059222193178511398
decision_type=2 2 2 2 2 2
left_child=1 -1 -2 4 -4 -6
right_child=2 -3 3 -5 5 -7
leaf_value=6.5547572962828456e-05 -0.0017640612615304988 -0.0018228186455962279 -0.00056740798789796972 -6.7048021377615375e-05 0.00045886182294753989 0.001649403084745179
leaf_weight=84.551154015876818 36.443149135360727 93.017607821850106 131.21603360769222 1334.1759532429278 518.92451258964138 137.45437963155564
leaf_count=1454 1010 1077 3360 8868 10349 2417
internal_value=2.22315e-05 -0.000968097 0.000107801 0.000148076 0.000508764 0.000729187
internal_weight=2335.78 177.569 2158.21 2121.77 787.595 656.379
internal_count=28535 2531 26004 24994 16126 12766
is_linear=0
shrinkage=0.03


Tree=135
num_leaves=7
num_cat=0
split_feature=9 11 8 6 12 8
split_gain=0.280679 0.157159 0.183013 0.169919 0.166495 0.218035
threshold=0.19532017557108519 0.12407294994155564 0.12380466076582199 -0.083856123579881162 0.53448331646327885 -0.2337643035899126
decision_type=2 2 2 2 2 2
left_child=1 3 -3 -1 5 -5
right_child=-2 2 -4 4 -6 -7
leaf_value=-0.000503239990859687 0.0019306141604876485 9.3682379758515936e-05 0.0027329665477559008 -0.0023968700812863784 -0.00010358345169902785 0.00061729538883096885
leaf_weight=499.31378110297373 62.163316137040965 57.579804035485722 31.020721941720694 12.713833126559619 1065.2914142608643 591.43696302658645
leaf_count=7801 762 632 311 466 6953 11531
internal_value=8.88129e-05 2.98021e-05 0.0012012 -2.33469e-05 0.000122326 0.00051587
internal_weight=2319.52 2257.36 88.6005 2168.76 1669.44 604.151
internal_count=28456 27694 943 26751 18950 11997
is_linear=0
shrinkage=0.03


Tree=136
num_leaves=7
num_cat=0
split_feature=2 12 14 2 10 1
split_gain=0.188657 0.214831 0.359626 0.202086 0.195228 0.21519
threshold=-0.12897019485383357 2.1402472960990395 0.33555810309142531 -0.12427741193236259 -0.0076880728169032289 -0.067165661865276782
decision_type=2 2 2 2 2 2
left_child=1 2 -1 -2 -5 -6
right_child=3 -3 -4 4 5 -7
leaf_value=-0.00021139056675364824 0.0022071040708896979 0.001765755016221443 -0.0026071042320092381 -0.00022142139983499237 -0.00069141933844872367 0.00069341303659689764
leaf_weight=827.75002369459253 37.080542272189632 34.365944966673851 50.745364636182785 564.93673833861249 109.45290514285443 701.32472583209164
leaf_count=12411 421 150 217 6524 1377 7395
internal_value=5.57169e-05 -0.000278615 -0.000377562 0.000272181 0.000204477 0.000500318
internal_weight=2325.66 912.861 878.495 1412.79 1375.71 810.778
internal_count=28495 12778 12628 15717 15296 8772
is_linear=0
shrinkage=0.03


Tree=137
num_leaves=7
num_cat=0
split_feature=14 11 3 8 3 8
split_gain=0.188771 0.171638 0.434709 0.286058 0.23367 0.263914
threshold=0.55453140630507913 0.025744323805563362 -0.27272324271755594 -0.012979944085519312 -0.036253145760558582 0.076376251550939731
decision_type=2 2 2 2 2 2
left_child=1 -1 -3 -4 -5 -6
right_child=-2 2 3 4 5 -7
leaf_value=-0.00014551467670437362 -0.0021388304479680268 -0.0019931303108731016 -0.00047975204003500158 0.00063517531235454325 0.0036778586115532546 0.00035561432623307395
leaf_weight=1540.054416066414 26.431535549461842 53.398398516961606 163.37295143184019 472.39407552330522 43.87641382322181 39.764447207155172
leaf_count=19133 113 948 2370 5140 445 412
internal_value=3.93214e-06 3.75221e-05 0.000399479 0.000601962 0.000922649 0.00230505
internal_weight=2339.29 2312.86 772.806 719.408 556.035 83.6409
internal_count=28561 28448 9315 8367 5997 857
is_linear=0
shrinkage=0.03


Tree=138
num_leaves=7
num_cat=0
split_feature=2 7 9 0 0 0
split_gain=0.203235 0.160632 0.140357 0.116155 0.121493 0.167557
threshold=0.19500637415892505 -0.13691885004811477 0.19532017557108519 0.47614360576029618 -0.34811813562136756 -0.11412697442760177
decision_type=2 2 2 2 2 2
left_child=1 -1 3 4 -3 -6
right_child=-2 2 -4 -5 5 -7
leaf_value=-0.0011857885551687108 0.0025170612983459349 0.00083067517380466685 0.0013294730675424251 0.0014164353717851727 -0.00069515039500578715 2.61025220931435e-06
leaf_weight=97.510539050883381 18.019615784520283 115.96472802758217 59.417569648532663 38.150243711075746 372.38765365362633 1629.8326182815363
leaf_count=2183 205 2026 713 407 4803 18243
internal_value=-2.27943e-05 -5.3328e-05 1.61281e-06 -4.09443e-05 -7.37252e-05 -0.000129974
internal_weight=2331.28 2313.26 2215.75 2156.34 2118.18 2002.22
internal_count=28580 28375 26192 25479 25072 23046
is_linear=0
shrinkage=0.03


Tree=139
num_leaves=7
num_cat=0
split_feature=8 3 4 3 3 11
split_gain=0.272645 0.206116 0.189395 0.335333 0.18318 0.181749
threshold=-0.071960305639966846 -0.28327963034124115 -0.20075027372583162 -0.15396979132951547 -0.029330254170069844 0.025744323805563362
decision_type=2 2 2 2 2 2
left_child=-1 -2 3 -3 -5 -4
right_child=1 2 5 4 -6 -7
leaf_value=-0.00069313347018221604 -0.0008911882509448953 0.0010174337209061519 0.00014758711971456006 -0.0023089079693408769 0.00073193603794487162 0.00079300237082845226
leaf_weight=345.62295815499965 132.92001336457906 56.639612851198763 1081.8297689818137 76.460527809220366 17.357093490601983 611.85184786317404
leaf_count=6140 1941 747 11810 927 216 6625
internal_value=7.22785e-05 0.0002089 0.00029257 -0.000696786 -0.00173001 0.000384033
internal_weight=2322.68 1977.06 1844.14 150.457 93.8176 1693.68
internal_count=28406 22266 20325 1890 1143 18435
is_linear=0
shrinkage=0.03


Tree=140
num_leaves=7
num_cat=0
split_feature=8 1 14 9 4 12
split_gain=0.233862 0.284965 0.219507 0.214094 0.274564 0.345505
threshold=0.21437915144450528 0.0059271796666856098 0.55453140630507913 0.012424429753408845 -0.15282532180849709 -0.24795873908838992
decision_type=2 2 2 2 2 2
left_child=2 -2 3 -1 5 -5
right_child=1 -3 -4 4 -6 -7
leaf_value=-0.00035482110772740632 0.0030087085044807425 -0.00024927347477867622 -0.0024001871651714254 0.0020544184703683729 0.00049611861355113778 -0.00097326641712357199
leaf_weight=1126.759488572774 39.019620371516794 44.875514497747645 26.830902226269245 29.644538050575648 842.16534153022803 243.35153386183083
leaf_count=15480 448 441 115 1146 8911 2095
internal_value=-4.24514e-05 0.00142507 -0.000102734 -6.47018e-05 0.000228983 -0.000583514
internal_weight=2352.65 83.8951 2268.75 2241.92 1115.16 272.996
internal_count=28636 889 27747 27632 12152 3241
is_linear=0
shrinkage=0.03


Tree=141
num_leaves=7
num_cat=0
split_feature=11 3 14 9 4 11
split_gain=0.182201 0.392513 0.19819 0.272898 0.253972 0.187346
threshold=0.025744323805563362 -0.10806735178894954 0.19126102268699383 -0.026895248871487452 -0.13459356788041685 0.018517511648660959
decision_type=2 2 2 2 2 2
left_child=5 2 4 -4 -2 -1
right_child=1 -3 3 -5 -6 -7
leaf_value=-5.3463893303000079e-05 -0.00065869774574329467 0.0013001660200913142 0.00054523428886635555 -0.001784809771297648 0.00099064805133693861 -0.001330726872630676
leaf_weight=1454.9944652254635 130.74344464403111 276.83019172446802 68.547904625535011 104.57394614815712 201.06728164115339 101.34644642582862
leaf_count=18001 2248 2954 349 529 3267 1271
internal_value=4.30778e-05 0.00041382 -8.79332e-05 -0.000882831 0.000340498 -0.000144602
internal_weight=2338.1 781.763 504.933 173.122 331.811 1556.34
internal_count=28619 9347 6393 878 5515 19272
is_linear=0
shrinkage=0.03


Tree=142
num_leaves=7
num_cat=0
split_feature=0 14 6 11 12 14
split_gain=0.216676 0.261775 0.192061 0.149024 0.215788 0.186311
threshold=0.41759798524215869 0.34777674377166068 0.1769768273339378 0.1177214780063528 1.2706820083260502 0.074016899531366628
decision_type=2 2 2 2 2 2
left_child=1 3 -3 -1 5 -5
right_child=-2 2 -4 4 -6 -7
leaf_value=-5.2689049760208381e-05 0.0015327252188048043 -0.0005122574840846476 -0.0025603039479108417 0.0020543458298466779 0.0030038787964557358 -0.00089918415458702583
leaf_weight=1979.4224605126365 65.580380842497107 161.95921842008829 48.91096630692482 18.856005327310413 25.700116023421288 47.660245683044195
leaf_count=25915 688 684 204 505 137 397
internal_value=-4.80144e-05 -9.99195e-05 -0.00108171 4.73237e-06 0.00112185 9.71432e-05
internal_weight=2348.09 2282.51 210.87 2071.64 92.2164 66.5163
internal_count=28530 27842 888 26954 1039 902
is_linear=0
shrinkage=0.03


Tree=143
num_leaves=7
num_cat=0
split_feature=14 9 14 4 10 5
split_gain=0.270692 0.200923 0.20234 0.196949 0.169344 0.231024
threshold=0.39928079229446084 0.092126343155925647 0.044309157669237889 -0.081299339514202831 0.033740746403338739 0.018996411457416158
decision_type=2 2 2 2 2 2
left_child=1 4 -3 -2 -1 -6
right_child=3 2 -4 -5 5 -7
leaf_value=-0.00025943655401747565 -0.00031253937259662908 0.0027316606197060572 0.00044176018988191453 -0.0025616695211157377 7.6694131852258828e-05 0.0016329881458604549
leaf_weight=1260.6592372572923 89.206455931067467 29.693133061693516 337.57364689558744 51.43251871317625 477.77126155898441 94.949045932327863
leaf_count=16752 368 1278 2823 213 6102 1056
internal_value=-2.01035e-05 6.38305e-05 0.000694396 -0.00125051 -6.55675e-05 0.000358302
internal_weight=2341.29 2200.65 367.267 140.639 1833.38 572.72
internal_count=28592 28011 4101 581 23910 7158
is_linear=0
shrinkage=0.03


Tree=144
num_leaves=7
num_cat=0
split_feature=11 2 2 11 10 13
split_gain=0.313839 0.275244 0.52322 0.278765 0.225974 0.226672
threshold=0.037636531063354246 -0.025651026634289774 -0.12038406548147453 0.07297805045692761 -0.1372730728140247 2.249904835165133
decision_type=2 2 2 2 2 2
left_child=4 2 3 -2 5 -1
right_child=1 -3 -4 -5 -6 -7
leaf_value=0.0039578337233106388 0.00065759223622718628 -0.00046671271272172754 0.001736178902649882 -0.0015385608898694197 -0.00028594145632408529 -0.0002320074079248469
leaf_weight=12.989310834789647 115.0244852094329 171.24191450054059 273.83847320300993 79.509717974171508 1669.8782416273025 21.40759833320044
leaf_count=176 1650 1993 2787 1028 20669 359
internal_value=-1.86671e-05 0.000542946 0.000914127 -0.000271353 -0.000231378 0.00188529
internal_weight=2343.89 639.615 468.373 194.534 1704.28 34.3969
internal_count=28662 7458 5465 2678 21204 535
is_linear=0
shrinkage=0.03


Tree=145
num_leaves=7
num_cat=0
split_feature=11 11 12 11 11 6
split_gain=0.193401 0.32974 0.202729 0.239826 0.213281 0.207612
threshold=0.094838311938781408 0.074260468982274827 1.0868614387781197 -0.043476067438864702 0.025744323805563362 -0.26460050515902572
decision_type=2 2 2 2 2 2
left_child=1 2 5 -4 -5 -1
right_child=-2 -3 3 4 -6 -7
leaf_value=-0.00093294993186047808 0.00089947334447001233 -0.0015967999866032256 0.00058517701929427092 -0.0011087766739059973 0.0001796821745030964 0.00033007113223548963
leaf_weight=119.70225135303917 182.43646308255848 113.72247904224787 157.53915195539594 369.28632022812963 162.72674359381199 1228.9538045164663
leaf_count=2829 1998 1296 879 2024 899 18598
internal_value=-1.19432e-05 -9.30144e-05 -1.72378e-06 -0.000416649 -0.000718632 0.000211928
internal_weight=2334.37 2151.93 2038.21 689.552 532.013 1348.66
internal_count=28523 26525 25229 3802 2923 21427
is_linear=0
shrinkage=0.03


Tree=146
num_leaves=7
num_cat=0
split_feature=2 14 8 11 5 9
split_gain=0.284783 0.22242 0.229872 0.192984 0.314349 0.191896
threshold=-0.10486392083191955 0.10000227636079996 -0.20224355683462572 0.071755107311458163 0.013923458820037095 0.11604755787559089
decision_type=2 2 2 2 2 2
left_child=1 2 -1 4 -3 -2
right_child=5 3 -4 -5 -6 -7
leaf_value=-0.0018485400814060565 0.00016216407854428543 -0.00064629794103146813 0.00050884552032872679 -0.0020567009276919969 0.0017690071190555698 0.0012661940979982864
leaf_weight=31.953348371054744 1055.5946619052265 639.1396567299962 329.82550533569884 68.7520756945014 42.850670769810677 154.48012895608554
leaf_count=1399 11893 4430 8377 468 279 1592
internal_value=-4.96558e-06 -0.000349791 0.000256513 -0.000641497 -0.000471169 0.000312329
internal_weight=2322.6 1112.52 361.779 750.742 681.99 1210.07
internal_count=28438 14953 9776 5177 4709 13485
is_linear=0
shrinkage=0.03


Tree=147
num_leaves=7
num_cat=0
split_feature=12 13 2 10 10 0
split_gain=0.203541 0.213895 0.220321 0.290788 0.174868 0.168826
threshold=0.55474014707024433 2.4414009612931857 -0.11416897319709277 0.0648420371845113 -0.09740123723648049 -0.30699442018243078
decision_type=2 2 2 2 2 2
left_child=1 2 -1 4 -4 -2
right_child=5 -3 3 -5 -6 -7
leaf_value=-5.6407206287206776e-05 0.00078191368486678402 -0.00050989076743235241 -0.00080039139036121017 -0.0006770889950524216 0.0016220519617927253 -0.00040067390029576604
leaf_weight=311.86624381120782 109.1293803229928 229.69729360030033 23.641674197511747 67.935182721645106 276.79721210725256 1315.8941915184259
leaf_count=6619 821 6196 477 1125 4703 8576
internal_value=-8.22926e-05 0.000266463 0.000532204 0.00101884 0.00141179 -0.000305293
internal_weight=2334.96 909.938 680.24 368.374 300.439 1425.02
internal_count=28517 19120 12924 6305 5180 9397
is_linear=0
shrinkage=0.03


Tree=148
num_leaves=7
num_cat=0
split_feature=10 13 5 5 5 10
split_gain=0.201281 0.170631 0.162239 0.196401 0.332161 0.190651
threshold=-0.14822684577637127 2.3502401828962087 -0.15397782524518244 -0.08953645580748211 -0.084267800959411207 -0.09740123723648049
decision_type=2 2 2 2 2 2
left_child=1 -1 -2 -4 -5 -6
right_child=2 -3 3 4 5 -7
leaf_value=0.0036530430335881704 -0.00079982467241494391 -0.00029865524027056282 0.00084854230511898171 -0.0026446434032872963 -0.0011500582466102091 0.00014826435659963494
leaf_weight=15.835701311938466 175.24265031825053 13.613749221549368 282.03113861620659 31.44898315903265 98.256809195503592 1703.2927977704385
leaf_count=229 2497 226 3357 370 1410 20326
internal_value=8.87945e-05 0.00221363 5.19677e-05 0.000125975 1.07981e-05 7.1496e-05
internal_weight=2319.72 29.4495 2290.27 2115.03 1833 1801.55
internal_count=28415 455 27960 25463 22106 21736
is_linear=0
shrinkage=0.03


Tree=149
num_leaves=7
num_cat=0
split_feature=0 8 14 9 7 12
split_gain=0.16522 0.134365 0.166768 0.191543 0.168858 0.152228
threshold=0.47614360576029618 -0.2337643035899126 0.10408937126195171 0.029146610560753242 0.015771530515367584 0.968040007615807
decision_type=2 2 2 2 2 2
left_child=1 5 3 4 -3 -1
right_child=-2 2 -4 -5 -6 -7
leaf_value=-0.0024281028964162469 0.0016687723040786928 -0.00051384383596435844 -0.000190192572219518 0.00098493728870128593 0.00061520521700312648 0.0012428349348145384
leaf_weight=30.114953716867603 41.742031561443582 259.10233627766138 1528.1808296889067 265.32435656205053 204.04523131420137 6.7237490043044081
leaf_count=1074 435 6934 10030 5558 4409 44
internal_value=-7.77785e-06 -4.54035e-05 -1.2339e-05 0.000358284 -1.39382e-05 -0.00163579
internal_weight=2335.23 2293.49 2256.65 728.472 463.148 36.8387
internal_count=28484 28049 26931 16901 11343 1118
is_linear=0
shrinkage=0.03


Tree=150
num_leaves=7
num_cat=0
split_feature=0 3 11 12 13 8
split_gain=0.181181 0.147669 0.207482 0.152375 0.383151 0.180806
threshold=0.59584781616339588 -0.28327963034124115 0.016296338311535988 -0.21364645575827798 2.4414009612931857 -0.1465795107995973
decision_type=2 2 2 2 2 2
left_child=1 2 -1 4 5 -3
right_child=-2 3 -4 -5 -6 -7
leaf_value=-3.0488611867462187e-05 0.0025146461977247885 -0.001038489901605786 -0.0021169343309784543 -9.4940911663247582e-06 -0.0011605986905278952 0.001712713843796647
leaf_weight=116.97178937593708 16.381194246467203 17.682020949490834 58.008368774637347 1897.2957327878103 61.723114251130028 171.7984696222702
leaf_count=1988 169 909 1012 16064 3021 5421
internal_value=4.2458e-05 1.43267e-05 -0.000799223 8.39803e-05 0.000763311 0.00141679
internal_weight=2339.86 2323.48 174.98 2148.5 251.204 189.48
internal_count=28584 28415 3000 25415 9351 6330
is_linear=0
shrinkage=0.03


Tree=151
num_leaves=7
num_cat=0
split_feature=2 3 3 10 3 2
split_gain=0.190124 0.154519 0.233091 0.221588 0.256579 0.207754
threshold=0.19500637415892505 -0.21442139306969163 -0.19778325931856713 -0.064840655093339875 -0.024818554934906392 -0.16431224010810305
decision_type=2 2 2 2 2 2
left_child=1 -1 -3 4 5 -4
right_child=-2 2 3 -5 -6 -7
leaf_value=-0.00056797657211700133 0.0024471218174510027 0.0014253882604555481 0.0003729947656595049 0.00014816386999660146 0.0011885409436795454 -0.0017095281565634981
leaf_weight=365.669465152052 18.679352223873138 101.95130613513174 53.377977416384965 1599.9900448278931 40.970967151515651 161.6434194871108
leaf_count=5937 210 1338 906 17825 507 1914
internal_value=1.94357e-05 -1.04832e-05 9.5993e-05 1.57203e-05 -0.000786521 -0.00119895
internal_weight=2342.28 2323.6 1957.93 1855.98 255.992 215.021
internal_count=28637 28427 22490 21152 3327 2820
is_linear=0
shrinkage=0.03


Tree=152
num_leaves=7
num_cat=0
split_feature=3 8 8 3 9 11
split_gain=0.231894 0.203232 0.19141 0.186845 0.249985 0.281403
threshold=-0.28327963034124115 -0.16020113656132914 0.072013141532624905 -0.18324243827121642 0.13785477038677796 -0.042348408630126337
decision_type=2 2 2 2 2 2
left_child=1 -1 -2 -4 5 -5
right_child=2 -3 3 4 -6 -7
leaf_value=0.0014861131686080824 -0.00010330507528882727 -0.0013576127524695242 0.0015513152336885392 0.0022597638116887242 0.0018033126210915669 -0.00031507200638169043
leaf_weight=17.6207410741481 1564.0421362717461 164.04307873209473 116.92658566360478 32.511919772485271 67.658313813735731 367.14127583382651
leaf_count=546 19207 2511 1410 323 675 3790
internal_value=-1.86571e-05 -0.00101864 7.02314e-05 0.00052872 0.000245715 -5.55586e-05
internal_weight=2329.94 181.664 2148.28 584.238 467.312 399.653
internal_count=28462 3057 25405 6198 4788 4113
is_linear=0
shrinkage=0.03


Tree=153
num_leaves=7
num_cat=0
split_feature=11 8 11 2 2 5
split_gain=0.152362 0.18372 0.173267 0.17821 0.230788 0.156142
threshold=0.1177214780063528 0.12602776936407481 0.069231206839370993 -0.0082258954414684022 -0.096534184642280155 -0.16518601690593379
decision_type=2 2 2 2 2 2
left_child=2 -2 5 4 -4 -1
right_child=1 -3 3 -5 -6 -7
leaf_value=-0.00084534565131386531 0.00011473710204201221 0.0024967711964885434 -0.0013203294335836699 -0.0022616242731499257 0.00076396812822840073 0.00014740669012523614
leaf_weight=144.35287536546821 74.722331624885555 38.872100230422802 86.512942894652952 46.69707203033613 85.521188358834479 1869.7299889227725
leaf_count=2150 802 372 1116 546 863 22732
internal_value=4.05979e-05 0.00106593 -1.6086e-05 -0.000798672 -0.00029914 7.24295e-05
internal_weight=2346.41 113.594 2232.81 218.731 172.034 2014.08
internal_count=28581 1174 27407 2525 1979 24882
is_linear=0
shrinkage=0.03


Tree=154
num_leaves=7
num_cat=0
split_feature=11 2 2 11 2 7
split_gain=0.230512 0.214962 0.272532 0.249316 0.30955 0.239313
threshold=0.025744323805563362 -0.18709822157756018 -0.027034349323473508 0.077070909103481397 -0.12038406548147453 0.093532309369798033
decision_type=2 2 2 2 2 2
left_child=-1 -2 3 -3 -5 -4
right_child=1 2 5 4 -6 -7
leaf_value=-0.00024331024762708645 -0.00090852153652606741 0.0014622949353812126 -0.00094756834705758903 -0.0018841201242183426 0.00080364455421763376 0.0011507269253835685
leaf_weight=1545.8868382510263 92.022011221386492 305.44827848655405 149.66553812293569 44.218095927149989 123.58896278595785 60.977349740336649
leaf_count=19183 1695 3362 1906 503 1238 588
internal_value=-3.19014e-05 0.000387031 0.000571935 0.000965293 2.92713e-05 -0.000315526
internal_weight=2321.81 775.92 683.898 473.255 167.807 210.643
internal_count=28475 9292 7597 5103 1741 2494
is_linear=0
shrinkage=0.03


Tree=155
num_leaves=7
num_cat=0
split_feature=11 11 10 2 13 14
split_gain=0.163012 0.144806 0.133601 0.170182 0.267597 0.325916
threshold=-0.13043592651495875 -0.16734611514329265 -0.027755695934187061 -0.17635850187531024 2.1383330595080281 0.24225573709938894
decision_type=2 2 2 2 2 2
left_child=1 -1 -2 4 -4 -6
right_child=2 -3 3 -5 5 -7
leaf_value=5.9441714423931054e-05 -0.00029903362187427477 -0.0021453600577092638 0.0010687420342841672 0.00034830814259747482 -0.00043462095760358219 -0.0035484820377492225
leaf_weight=48.100982440868393 684.34561341995141 49.110163791163359 67.361612125765532 1265.316751188162 177.44466379613732 27.477565586566925
leaf_count=797 8970 691 825 13661 3307 132
internal_value=-7.97056e-06 -0.00115062 4.6952e-05 0.000201878 -0.000466822 -0.00099783
internal_weight=2319.16 97.2111 2221.95 1537.6 272.284 204.922
internal_count=28383 1488 26895 17925 4264 3439
is_linear=0
shrinkage=0.03


Tree=156
num_leaves=7
num_cat=0
split_feature=14 7 8 10 13 1
split_gain=0.166462 0.152205 0.130761 0.150261 0.149781 0.259124
threshold=0.55453140630507913 -0.13691885004811477 -0.0767915790622372 -0.015586590615288514 2.4414009612931857 0.0010428776762421486
decision_type=2 2 2 2 2 2
left_child=1 -1 3 4 5 -3
right_child=-2 2 -4 -5 -6 -7
leaf_value=-0.001022533098501296 -0.0019417005706332778 -0.0011955815919143858 0.00022937263419366689 -0.0010022952117273328 0.0018570686534663623 0.0021642096759849055
leaf_weight=96.196932448219741 26.966459631919861 66.966105030092876 1925.4152646775183 167.56003835960291 31.019468469312415 18.39441919606179
leaf_count=2169 116 1140 21448 2733 665 219
internal_value=5.60099e-05 8.76603e-05 0.000140388 -0.000450294 0.000360881 -0.00032055
internal_weight=2332.52 2305.55 2209.36 283.94 116.38 85.3605
internal_count=28490 28374 26205 4757 2024 1359
is_linear=0
shrinkage=0.03


Tree=157
num_leaves=7
num_cat=0
split_feature=5 5 5 0 7 3
split_gain=0.153464 0.172803 0.23556 0.223581 0.150562 0.156945
threshold=-0.16518601690593379 -0.08953645580748211 -0.084267800959411207 -0.073737262880700691 -0.028444288133846592 -0.091477942668017634
decision_type=2 2 2 2 2 2
left_child=4 3 -3 -2 -1 -6
right_child=1 2 -4 -5 5 -7
leaf_value=0.00046108006582539326 -0.00036908972346678172 -0.0022453248774820462 5.0507521582527307e-05 0.001278950125642431 -0.0021291333212253463 0.000354496167625939
leaf_weight=48.457890418299939 104.79365653189598 31.117764573747991 1836.2585646565713 215.5042388154543 72.760958755970933 28.123374022776261
leaf_count=967 1533 371 22130 2335 944 289
internal_value=4.73904e-05 0.000112376 4.93883e-07 0.000744902 -0.000851882 -0.00146725
internal_weight=2337.02 2187.67 1867.38 320.298 149.342 100.884
internal_count=28569 26369 22501 3868 2200 1233
is_linear=0
shrinkage=0.03


Tree=158
num_leaves=7
num_cat=0
split_feature=5 12 6 3 2 3
split_gain=0.236349 0.176334 0.237582 0.307599 0.169793 0.191998
threshold=0.0031916264027651397 0.22297567410090982 0.15131630395016138 -0.036253145760558582 -0.040729209629684189 -0.16143047495352478
decision_type=2 2 2 2 2 2
left_child=-1 -2 3 4 5 -3
right_child=1 2 -4 -5 -6 -7
leaf_value=-0.0002341525026158383 0.0015092145142326222 -0.00062463803526528641 -0.00085460626773432792 0.0027936857931254605 -0.00095270758784940556 0.0014455819189917655
leaf_weight=1832.3187751723744 108.64203029585769 55.333140835165977 124.99668826535344 40.752768244594336 69.420419674366713 103.73422327265143
leaf_count=23224 2502 434 810 269 499 745
internal_value=-7.58874e-05 0.000494098 0.000183942 0.000679434 0.000201009 0.000731085
internal_weight=2335.2 502.879 394.237 269.241 228.488 159.067
internal_count=28483 5259 2757 1947 1678 1179
is_linear=0
shrinkage=0.03


Tree=159
num_leaves=7
num_cat=0
split_feature=9 12 12 1 5 9
split_gain=0.171596 0.174999 0.202629 0.170096 0.16095 0.1404
threshold=0.0083816976906488667 2.2414100735254894 1.3899971432612777 -0.13615745634058316 -0.17334559356170412 -0.0099655975990726158
decision_type=2 2 2 2 2 2
left_child=1 2 3 -1 -5 -6
right_child=-2 -3 -4 4 5 -7
leaf_value=-0.0012959114366279808 0.00024502151849409032 0.0016949874521782211 -0.0012264940584326655 -0.0015594316962384276 0.0003110743411040235 -0.00067516202872702855
leaf_weight=93.230211844929727 1208.9353534086258 29.71804141998291 180.61114222556353 45.834260499337688 616.8593671208655 154.06067016502493
leaf_count=2297 13112 129 938 787 9205 2028
internal_value=-1.88567e-06 -0.000268135 -0.000336543 -0.000148497 -3.43196e-06 0.000107863
internal_weight=2329.25 1120.31 1090.6 909.985 816.754 770.92
internal_count=28496 15384 15255 14317 12020 11233
is_linear=0
shrinkage=0.03


Tree=160
num_leaves=7
num_cat=0
split_feature=10 13 4 9 14 3
split_gain=0.17397 0.202731 0.194098 0.166889 0.183054 0.179178
threshold=-0.1372730728140247 2.249904835165133 -0.19605757232374729 0.092126343155925647 0.059728301140761088 -0.017861244086122403
decision_type=2 2 2 2 2 2
left_child=1 -1 -2 5 -5 -4
right_child=2 -3 3 4 -6 -7
leaf_value=0.0035372165062801685 -0.0010286046659371071 -0.00015040392095364 -8.8045435209956914e-05 0.002178668829230835 0.00026929583685198546 -0.001680237234757336
leaf_weight=15.775452757603487 179.56057340698317 26.367519308172632 1690.5549629231973 43.463254186848644 319.45212000980973 56.177015692286659
leaf_count=227 2580 451 20812 1429 2366 621
internal_value=-7.0472e-05 0.00164363 -0.000109039 -2.62876e-05 0.000550256 -0.000148525
internal_weight=2331.35 42.143 2289.21 2109.65 362.915 1746.73
internal_count=28486 678 27808 25228 3795 21433
is_linear=0
shrinkage=0.03


Tree=161
num_leaves=7
num_cat=0
split_feature=3 1 8 11 8 3
split_gain=0.138808 0.150769 0.207812 0.150012 0.140835 0.130563
threshold=-0.27272324271755594 0.041602404653948925 0.21437915144450528 0.014173171607853764 0.049215356169481507 1.0000000180025095e-35
decision_type=2 2 2 2 2 2
left_child=3 2 5 4 -1 -2
right_child=1 -3 -4 -5 -6 -7
leaf_value=0.00055192706293717253 -0.00014459155788062937 0.00060775285943634732 0.0018635284366424016 -0.0017085360119288935 -0.0014628622121153876 0.00074107825449169404
leaf_weight=95.999441081366967 1474.8910906130332 468.42204315878917 42.405105467187241 68.477062477293657 34.272302326746285 156.6590690316516
leaf_count=1693 18588 4371 459 1190 462 1805
internal_value=6.67273e-05 0.000138092 3.83805e-06 -0.000672297 -4.46299e-05 -5.55544e-05
internal_weight=2341.13 2142.38 1673.96 198.749 130.272 1631.55
internal_count=28568 25223 20852 3345 2155 20393
is_linear=0
shrinkage=0.03


Tree=162
num_leaves=7
num_cat=0
split_feature=0 10 11 5 4 5
split_gain=0.185995 0.19485 0.153097 0.216646 0.244087 0.175759
threshold=0.47614360576029618 -0.14196890169766568 0.025744323805563362 -0.012251991100293147 -0.1597672592274901 0.0059222193178511398
decision_type=2 2 2 2 2 2
left_child=1 -1 -3 -4 -5 -6
right_child=-2 2 3 4 5 -7
leaf_value=0.001850018069587068 0.0017289160835748934 -0.00029994694005191288 0.0013696825847663372 -0.0010491192707455963 -0.00043956052305476917 0.00072247555243668839
leaf_weight=35.793333893583622 41.832678233971819 1515.435032274283 113.77669999341015 143.53438270156039 172.58474790127366 322.58034917409532
leaf_count=561 451 18602 1284 1901 2458 3329
internal_value=-4.87081e-05 -8.83207e-05 -0.0001269 0.000220968 -1.62133e-06 0.000316776
internal_weight=2345.54 2303.7 2267.91 752.476 638.699 495.165
internal_count=28586 28135 27574 8972 7688 5787
is_linear=0
shrinkage=0.03


Tree=163
num_leaves=7
num_cat=0
split_feature=5 5 6 13 8 7
split_gain=0.131598 0.176214 0.122938 0.15774 0.11211 0.111587
threshold=-0.15397782524518244 -0.25563225777602455 -0.19671922115916168 2.249904835165133 -0.031375591550173491 -0.12717995648368405
decision_type=2 2 2 2 2 2
left_child=1 -1 -3 4 -4 -2
right_child=5 2 3 -5 -6 -7
leaf_value=0.0011047033278491793 -0.00088215068003924524 0.00069904896032198347 -0.00060492201024448823 -0.00054338327952434924 -0.0036741093486093476 0.00010636980119571711
leaf_weight=28.964123471057974 98.193598371290136 20.678609116526786 21.205738821416162 76.849813959561288 28.815175955416635 2055.3984708252246
leaf_count=529 2097 432 254 1072 250 23869
internal_value=-8.52028e-06 -0.000773088 -0.00118842 -0.00152466 -0.00269053 5.7429e-05
internal_weight=2330.11 176.513 147.549 126.871 50.0209 2153.59
internal_count=28503 2537 2008 1576 504 25966
is_linear=0
shrinkage=0.03


Tree=164
num_leaves=7
num_cat=0
split_feature=0 8 9 11 8 14
split_gain=0.141438 0.302497 0.184817 0.196257 0.304325 0.16013
threshold=0.037267815895817187 0.24382171018321541 0.023988880908887011 0.024130637270881019 0.077824075774908255 0.26553261454811949
decision_type=2 2 2 2 2 2
left_child=1 5 3 4 -2 -1
right_child=2 -3 -4 -5 -6 -7
leaf_value=-7.9608164445288401e-05 -1.5583505038514501e-05 0.0026114197912585819 0.00083380846336696829 0.00068028991681896075 -0.0023394642947263769 -0.00086820222761100371
leaf_weight=1244.2589297564409 203.10499230388086 24.582688146503642 346.13547065551393 170.60249434481375 57.656605712953024 275.50911081582308
leaf_count=18976 2307 283 3123 1890 582 1266
internal_value=3.39091e-07 -0.000165612 0.000327886 -8.77713e-05 -0.000596839 -0.000227308
internal_weight=2321.85 1544.35 777.5 431.364 260.762 1519.77
internal_count=28427 20525 7902 4779 2889 20242
is_linear=0
shrinkage=0.03


Tree=165
num_leaves=7
num_cat=0
split_feature=14 5 14 14 13 6
split_gain=0.174396 0.221086 0.172792 0.24918 0.200027 0.227575
threshold=0.36350630255901956 -0.0070976237963942855 0.29858020332645008 0.26553261454811949 1.8688348091416842 0.090447092376537586
decision_type=2 2 2 2 2 2
left_child=2 -2 3 4 5 -1
right_child=1 -3 -4 -5 -6 -7
leaf_value=0.0022426719055211918 0.00016693958850827237 -0.0018404123711324761 0.00097198058239596024 -0.0013727371387262425 -5.5585892220023812e-05 -0.00074401970674150739
leaf_weight=61.32265473715961 88.190792694687843 97.951616041362286 144.49513007700443 113.8469884544611 1809.264402067638 27.915818244335242
leaf_count=674 369 410 665 571 25653 257
internal_value=-7.28898e-05 -0.000929343 4.97251e-06 -6.89256e-05 1.60428e-05 0.00132754
internal_weight=2342.99 186.142 2156.84 2012.35 1898.5 89.2385
internal_count=28599 779 27820 27155 26584 931
is_linear=0
shrinkage=0.03


Tree=166
num_leaves=7
num_cat=0
split_feature=5 10 1 9 10 7
split_gain=0.135735 0.190257 0.211352 0.175599 0.218401 0.142804
threshold=0.0031916264027651397 0.12162264222211942 0.12647138997103682 0.11115505832458211 0.074031918427763924 0.056269313645322595
decision_type=2 2 2 2 2 2
left_child=1 2 -1 4 -2 -5
right_child=3 -3 -4 5 -6 -7
leaf_value=-0.00015341534419092203 -0.00011803259464270214 -0.0016064438225155758 0.0013811985636787312 0.0027551877397517222 0.0016634260113212937 -7.7403498202710956e-05
leaf_weight=1688.5310920738848 365.63574342883658 66.855037727189483 74.832946511218324 37.043949235463515 64.308432266581804 23.478988818824291
leaf_count=21802 3924 782 698 390 680 194
internal_value=-2.59924e-05 -0.000145022 -8.08687e-05 0.000412201 0.00018018 0.00180117
internal_weight=2320.69 1830.22 1763.36 490.467 429.944 60.5229
internal_count=28470 23282 22500 5188 4604 584
is_linear=0
shrinkage=0.03


Tree=167
num_leaves=7
num_cat=0
split_feature=1 6 7 2 11 12
split_gain=0.168947 0.156063 0.132518 0.159063 0.211888 0.192462
threshold=0.18475683102300966 0.5158283372187884 -0.13691885004811477 -0.023710074194731059 0.12049035424195563 1.0382232273764647
decision_type=2 2 2 2 2 2
left_child=1 2 -1 5 -5 -4
right_child=-2 -3 3 4 -6 -7
leaf_value=-0.0010442145444678013 0.0018770932211573069 0.0019159489641701881 0.00041965255070578806 -0.00065465012010933654 0.001566977645676259 -0.0002291968049967328
leaf_weight=95.615867967862869 35.246816514409147 28.654929780052043 1074.2838904192904 409.18947085679974 33.06425868300721 654.87564215809107
leaf_count=2153 344 283 16717 4978 364 3659
internal_value=6.16854e-05 2.57922e-05 -6.40844e-06 4.38676e-05 -0.000457579 0.000174012
internal_weight=2330.93 2295.68 2267.03 2171.41 442.254 1729.16
internal_count=28498 28154 27871 25718 5342 20376
is_linear=0
shrinkage=0.03


Tree=168
num_leaves=7
num_cat=0
split_feature=3 9 1 12 7 4
split_gain=0.175828 0.16569 0.148461 0.169337 0.164153 0.162433
threshold=-0.28327963034124115 -0.11209792205289283 0.077739876698724134 0.40972868247233657 0.10471074070240456 -0.013185309802479438
decision_type=2 2 2 2 2 2
left_child=-1 -2 5 4 -4 -3
right_child=1 2 3 -5 -6 -7
leaf_value=-0.00090519614987258584 0.0015786294797545035 1.33883492063433e-05 -0.00030294476655143667 0.00015246427750701644 0.0025638886821344577 -0.00082016376008103799
leaf_weight=179.81028271128889 51.751745841349475 1616.2666595596238 22.541413001599722 196.12235329300165 52.251028404338285 231.83949454370304
leaf_count=3048 775 19616 375 1204 892 2797
internal_value=-2.95413e-05 4.68095e-05 2.15958e-06 0.000644938 0.00176604 -9.50295e-05
internal_weight=2350.58 2170.77 2119.02 270.915 74.7924 1848.11
internal_count=28707 25659 24884 2471 1267 22413
is_linear=0
shrinkage=0.03


Tree=169
num_leaves=7
num_cat=0
split_feature=0 12 0 14 13 10
split_gain=0.152084 0.238752 0.166017 0.245757 0.160779 0.154125
threshold=-0.068290480455781608 -0.21364645575827798 -0.29249484666074282 0.25591504874855525 2.4414009612931857 0.1131825045703541
decision_type=2 2 2 2 2 2
left_child=1 4 3 -3 -1 -2
right_child=5 2 -4 -5 -6 -7
leaf_value=0.0015579441108024806 0.00020589240542205365 -0.00044599970332429337 -0.00093636377387762882 0.0020090861540565442 -0.00093108303217472629 -0.00098330560480487444
leaf_weight=74.625808986893389 1534.6775008962722 149.08272308297455 424.57583360746503 37.741082340478897 24.651381595962448 94.874781952472404
leaf_count=3063 17281 1736 3846 181 1463 1018
internal_value=-2.87051e-05 -0.000391822 -0.00061467 0.00012684 0.000911251 0.000131081
internal_weight=2340.23 710.677 611.4 186.824 99.2772 1629.55
internal_count=28588 10289 5763 1917 4526 18299
is_linear=0
shrinkage=0.03


end of trees

feature_importances:
Column_14=124
Column_9=97
Column_8=90
Column_3=86
Column_2=79
Column_7=78
Column_0=77
Column_6=75
Column_11=68
Column_12=66
Column_5=54
Column_1=47
Column_10=35
Column_13=27
Column_4=17

parameters:
[boosting: gbdt]
[objective: custom]
[metric: custom]
[tree_learner: serial]
[device_type: cpu]
[data_sample_strategy: bagging]
[data: ]
[valid: ]
[num_iterations: 100]
[learning_rate: 0.03]
[num_leaves: 7]
[num_threads: 4]
[seed: 0]
[deterministic: 0]
[force_col_wise: 0]
[force_row_wise: 0]
[histogram_pool_size: -1]
[max_depth: -1]
[min_data_in_leaf: 200]
[min_sum_hessian_in_leaf: 0.001]
[bagging_fraction: 0.8]
[pos_bagging_fraction: 1]
[neg_bagging_fraction: 1]
[bagging_freq: 1]
[bagging_seed: 7719]
[bagging_by_query: 0]
[feature_fraction: 0.7]
[feature_fraction_bynode: 1]
[feature_fraction_seed: 2437]
[extra_trees: 0]
[extra_seed: 11797]
[early_stopping_round: 0]
[early_stopping_min_delta: 0]
[first_metric_only: 0]
[max_delta_step: 0]
[lambda_l1: 0]
[lambda_l2: 10]
[linear_lambda: 0]
[min_gain_to_split: 0]
[drop_rate: 0.1]
[max_drop: 50]
[skip_drop: 0.5]
[xgboost_dart_mode: 0]
[uniform_drop: 0]
[drop_seed: 21238]
[top_rate: 0.2]
[other_rate: 0.1]
[min_data_per_group: 100]
[max_cat_threshold: 32]
[cat_l2: 10]
[cat_smooth: 10]
[max_cat_to_onehot: 4]
[top_k: 20]
[monotone_constraints: ]
[monotone_constraints_method: basic]
[monotone_penalty: 0]
[feature_contri: ]
[forcedsplits_filename: ]
[refit_decay_rate: 0.9]
[cegb_tradeoff: 1]
[cegb_penalty_split: 0]
[cegb_penalty_feature_lazy: ]
[cegb_penalty_feature_coupled: ]
[path_smooth: 0]
[interaction_constraints: ]
[verbosity: -1]
[saved_feature_importance_type: 0]
[use_quantized_grad: 0]
[num_grad_quant_bins: 4]
[quant_train_renew_leaf: 0]
[stochastic_rounding: 1]
[linear_tree: 0]
[max_bin: 255]
[max_bin_by_feature: ]
[min_data_in_bin: 3]
[bin_construct_sample_cnt: 200000]
[data_random_seed: 38]
[is_enable_sparse: 1]
[enable_bundle: 1]
[use_missing: 1]
[zero_as_missing: 0]
[feature_pre_filter: 1]
[pre_partition: 0]
[two_round: 0]
[header: 0]
[label_column: ]
[weight_column: ]
[group_column: ]
[ignore_column: ]
[categorical_feature: ]
[forcedbins_filename: ]
[precise_float_parser: 0]
[parser_config_file: ]
[objective_seed: 8855]
[num_class: 1]
[is_unbalance: 0]
[scale_pos_weight: 1]
[sigmoid: 1]
[boost_from_average: 1]
[reg_sqrt: 0]
[alpha: 0.9]
[fair_c: 1]
[poisson_max_delta_step: 0.7]
[tweedie_variance_power: 1.5]
[lambdarank_truncation_level: 30]
[lambdarank_norm: 1]
[label_gain: ]
[lambdarank_position_bias_regularization: 0]
[eval_at: ]
[multi_error_top_k: 1]
[auc_mu_weights: ]
[num_machines: 1]
[local_listen_port: 12400]
[time_out: 120]
[machine_list_filename: ]
[machines: ]
[gpu_platform_id: -1]
[gpu_device_id: -1]
[gpu_device_id_list: ]
[gpu_use_dp: 0]
[num_gpu: 1]

end of parameters

pandas_categorical:null
